model,config_id,hash,cap,chunk,policy,mem,is_cookbook,workload,rep,completed,num_prompts,failed_reqs,dur_s,request_throughput,input_throughput,output_throughput,total_throughput,ttft_mean_ms,ttft_p50_ms,ttft_p95_ms,ttft_p99_ms,tpot_mean_ms,tpot_p50_ms,tpot_p95_ms,tpot_p99_ms,itl_mean_ms,e2e_mean_ms,e2e_p50_ms,e2e_p95_ms,e2e_p99_ms,mean_in_len,mean_out_len,worker
lfm25,74,cap32_chunk-1_pollpm_mem0.85,32,-1,lpm,0.85,1,R_short_decode,0,8,8,0,4.7389160064049065,1.6881497771194,168.81497771194,432.1663429425664,600.9813206545064,24.943934462498877,24.59463896229863,27.304290304891765,27.69357906188816,2.2186250555941496,2.218291581626616,2.2230037377329226,2.2243086339425457,2.218622108167764,590.4152442817576,589.9782243650407,593.089229054749,593.345598615706,100.0,256.0,a0
lfm25,74,cap32_chunk-1_pollpm_mem0.85,32,-1,lpm,0.85,1,R_short_decode,1,8,8,0,4.737258682027459,1.6887403743331466,168.87403743331467,432.31753582928553,601.1915732626002,24.91178608033806,24.26998713053763,29.209828120656308,30.76722475234419,2.2199523012619395,2.219769080151238,2.2218840186023603,2.222017627728648,2.2199512719687817,590.7218665233813,590.1617933996022,594.8196955490857,596.6073984000832,100.0,256.0,a0
lfm25,74,cap32_chunk-1_pollpm_mem0.85,32,-1,lpm,0.85,1,R_short_decode,2,8,8,0,4.740174594800919,1.6877015476971031,168.7701547697103,432.0515962104584,600.8217509801686,23.820338305085897,23.92703504301608,25.011550751514733,25.226718210615218,2.221120460872979,2.2208729585377025,2.223689180617798,2.2246013443217643,2.2211186418811324,589.9279521545395,590.0610866956413,591.4951962418854,591.7240654863417,100.0,256.0,a0
lfm25,74,cap32_chunk-1_pollpm_mem0.85,32,-1,lpm,0.85,1,R_short_decode,3,8,8,0,4.753659354988486,1.6829140252981754,168.29140252981753,430.8259904763329,599.1173930061505,26.160632027313117,25.002386420965195,31.94046765565872,34.332339093089104,2.2224185224202264,2.2224072257385536,2.2259909634356743,2.2266145998794515,2.222416388047215,592.599008930847,591.6871891822666,598.1188386678696,600.2913219481707,100.0,256.0,a0
lfm25,74,cap32_chunk-1_pollpm_mem0.85,32,-1,lpm,0.85,1,R_short_decode,4,8,8,0,4.735986978281289,1.689193833658562,168.9193833658562,432.4336214165919,601.3530047824481,24.023291131015867,23.61433254554868,26.54952907469124,27.059184717945755,2.2230569715564905,2.2223079257516885,2.2262007779764867,2.226872452160308,2.2230550179521997,590.6244388315827,590.3666191734374,593.1445836788043,593.597153048031,100.0,256.0,a0
lfm25,74,cap32_chunk-1_pollpm_mem0.85,32,-1,lpm,0.85,1,tool_agent,0,200,200,0,38.076547572854906,5.252577051985188,14006.259337971103,1088.9380115323092,15095.197349503413,327.26002415874973,326.4379638712853,537.7434323308989,592.1178401447833,8.150066011367894,3.268775568306867,41.27708366140723,101.01008106954396,3.1700582019254706,912.864875800442,548.3910525217652,2085.130338859744,2655.35484796855,2666.55,207.315,a0
lfm25,74,cap32_chunk-1_pollpm_mem0.85,32,-1,lpm,0.85,1,tool_agent,1,200,200,0,37.94160190876573,5.271258722310129,14056.074945976074,1092.8110020157244,15148.885947991796,325.54198952391744,324.5310974307358,537.8435824764892,541.7695603240281,6.434820953753748,3.2388519030064344,13.99012426772841,109.86786386929452,3.074048844559052,893.4264028235339,498.6939281225205,2090.5466536059976,2521.808633850881,2666.55,207.315,a0
lfm25,74,cap32_chunk-1_pollpm_mem0.85,32,-1,lpm,0.85,1,tool_agent,2,200,200,0,37.97037300793454,5.267264558033356,14045.424307223846,1091.9829518486852,15137.40725907253,320.52222879836336,325.6394686177373,533.741521439515,537.914349688217,7.1355019957823895,3.2827857260902724,22.051948620735253,107.44539875537156,3.113589711204564,895.6956561491825,500.0312025658786,2090.766210807488,2589.5541574899075,2666.55,207.315,a0
lfm25,74,cap32_chunk-1_pollpm_mem0.85,32,-1,lpm,0.85,1,tool_agent,3,200,200,0,38.12108201906085,5.246440798820935,13989.896712095964,1087.6658742075622,15077.562586303527,323.24721123324707,321.78130256943405,528.2346693333238,533.5078712785617,6.336637329082439,3.2569856493402334,13.831175716512853,107.25860875099896,3.114182592234532,898.5457324096933,503.1614101026207,2094.418719317764,2520.179533376352,2666.55,207.315,a0
lfm25,74,cap32_chunk-1_pollpm_mem0.85,32,-1,lpm,0.85,1,tool_agent,4,200,200,0,37.93528579501435,5.2721363714171625,14058.415241202436,1092.9929518403492,15151.408193042784,319.1939422371797,324.1308068390936,528.8879232248291,534.5199418021366,6.775302495104896,3.264486044645309,21.803812887114624,106.68789525516333,3.1193571005337004,895.4327794187702,498.14062169753015,2098.8244837149973,2518.537922240788,2666.55,207.315,a0
lfm25,74,cap32_chunk-1_pollpm_mem0.85,32,-1,lpm,0.85,1,shared_prefix,0,128,128,0,9.013075534254313,14.20158962537641,33358.8683304955,3635.606944096361,36994.47527459186,2297.2010057783336,853.5290586296469,7375.299731269479,7526.677394178696,6.391044669241334,6.33318055987212,7.672494156651346,7.681324042178983,6.391044669241333,3926.917396434874,2306.646929122508,8991.147852200083,8994.348228964955,2348.953125,256.0,a0
lfm25,74,cap32_chunk-1_pollpm_mem0.85,32,-1,lpm,0.85,1,shared_prefix,1,128,128,0,8.967716495040804,14.273421787005052,33527.5987110286,3653.995977473293,37181.59468850189,2284.4968072749907,823.8594229333103,7335.810913867317,7485.270807668567,6.370132330373642,6.323970456187631,7.617455871921837,7.658194407291125,6.370132330373641,3908.880551520269,2259.963175980374,8948.003674834035,8950.529021103866,2348.953125,256.0,a0
lfm25,74,cap32_chunk-1_pollpm_mem0.85,32,-1,lpm,0.85,1,shared_prefix,2,128,128,0,9.611011495813727,13.318057111444828,31283.4918708568,3409.422620529876,34692.91449138668,2582.138175745058,1468.4987196233124,7988.8415079098195,8115.802121744491,6.338940876178638,6.2870832744474505,7.629947205275005,7.662178244679143,6.339132966631606,4198.567557759816,2896.08398382552,9592.875514691696,9595.380087029189,2348.953125,256.0,a0
lfm25,74,cap32_chunk-1_pollpm_mem0.85,32,-1,lpm,0.85,1,shared_prefix,3,128,128,0,8.971990156918764,14.266622874222906,33511.62838360238,3652.255455801064,37163.88383940344,2286.6347875096835,833.4378986619413,7340.080614155158,7489.953317362815,6.368788945937744,6.323101630836141,7.622983236614541,7.666076135547722,6.3687889459377445,3910.675968723808,2266.48279838264,8951.862363470718,8956.074886810966,2348.953125,256.0,a0
lfm25,74,cap32_chunk-1_pollpm_mem0.85,32,-1,lpm,0.85,1,shared_prefix,4,128,128,0,8.992726317141205,14.233725734098767,33434.35454350422,3643.833787929285,37078.1883314335,2293.2427204032138,839.8277345113456,7358.543178602122,7509.292364069261,6.376105608069338,6.324770834808256,7.644900926023576,7.675321242826826,6.376105608069338,3919.149650460895,2274.590760935098,8973.196776700206,8976.741489721462,2348.953125,256.0,a0
lfm25,74,cap32_chunk-1_pollpm_mem0.85,32,-1,lpm,0.85,1,R_concurrent_decode,0,32,32,0,1.4562678132206202,21.97398013572116,4394.796027144232,5625.338914744617,10020.13494188885,130.00701052078512,130.70592656731606,134.38944476656616,134.62247828487307,5.127493190286937,5.127119630867359,5.133276900331325,5.245310218128211,5.127493190286937,1437.517774043954,1437.534607714042,1439.8909464478493,1440.0799819361418,200.0,256.0,a0
lfm25,74,cap32_chunk-1_pollpm_mem0.85,32,-1,lpm,0.85,1,R_concurrent_decode,1,32,32,0,1.4573326888494194,21.95792370873418,4391.584741746837,5621.228469435951,10012.813211182787,128.5036453482462,128.8566410075873,133.7580356746912,134.0164908906445,5.122835352656194,5.126788596823519,5.13432844633273,5.260347930093607,5.122835352656194,1434.8266602755757,1434.9647720810026,1437.6139006344602,1437.638924932107,200.0,256.0,a0
lfm25,74,cap32_chunk-1_pollpm_mem0.85,32,-1,lpm,0.85,1,R_concurrent_decode,2,32,32,0,1.4616126888431609,21.89362492831627,4378.724985663254,5604.767981648965,9983.49296731222,139.65083651419263,139.38204501755536,146.01283122319728,146.28608550410718,5.122009226047964,5.129329716859788,5.13631739534949,5.279094873671876,5.122009226047964,1445.763189156423,1445.554893696681,1449.2661831201983,1449.4347606785595,200.0,256.0,a0
lfm25,74,cap32_chunk-1_pollpm_mem0.85,32,-1,lpm,0.85,1,R_concurrent_decode,3,32,32,0,1.4554547108709812,21.986256089583428,4397.251217916686,5628.4815589333575,10025.732776850044,134.66851502016652,135.689458809793,138.60695487819612,138.7989100208506,5.125741699342981,5.123333347157812,5.129666654849608,5.246970512045949,5.1257416993429805,1441.7326483526267,1441.8433690443635,1444.0038427943364,1444.2726585175842,200.0,256.0,a0
lfm25,74,cap32_chunk-1_pollpm_mem0.85,32,-1,lpm,0.85,1,R_concurrent_decode,4,32,32,0,1.4822138007730246,21.589328060034877,4317.865612006975,5526.867983368928,9844.733595375905,156.75885626114905,157.9070424195379,160.74517683591694,161.04401098564267,5.12038743272926,5.114490698621262,5.116743205535207,5.25206915623344,5.12038743272926,1462.4576516071102,1462.4682781286538,1465.3187568066642,1465.5994801409545,200.0,256.0,a0
lfm25,74,cap32_chunk-1_pollpm_mem0.85,32,-1,lpm,0.85,1,R_medium_balanced,0,16,16,0,2.2445198562927544,7.128473359298768,5702.778687439015,1824.8891799804849,7527.667867419499,92.304974590661,92.78081846423449,93.4760170057416,93.5938498005271,4.014297435973205,4.021985882747114,4.146069653021793,4.160315543321857,4.014297435973204,1115.9508207638282,1116.047004237771,1149.198274477385,1149.6073647169396,800.0,256.0,a0
lfm25,74,cap32_chunk-1_pollpm_mem0.85,32,-1,lpm,0.85,1,R_medium_balanced,1,16,16,0,2.2451928830705583,7.126336503489254,5701.069202791403,1824.342144893249,7525.411347684652,92.34530772664584,91.50844253599644,95.15181451570244,95.29346839990468,4.016072140874195,4.023341454711614,4.146310389863656,4.158531863187604,4.016072140874195,1116.4437036495656,1116.5003743954005,1147.609893348999,1147.92802373413,800.0,256.0,a0
lfm25,74,cap32_chunk-1_pollpm_mem0.85,32,-1,lpm,0.85,1,R_medium_balanced,2,16,16,0,2.2445817249827087,7.128276873110181,5702.621498488145,1824.8388795162064,7527.460378004352,92.9448664537631,92.72976289503276,95.21782479714602,95.37551158573478,4.012903721669835,4.019512281771384,4.142196950794873,4.154814784049842,4.012903721669835,1116.235315479571,1116.3829290308058,1147.4587669363243,1147.8615372208878,800.0,256.0,a0
lfm25,74,cap32_chunk-1_pollpm_mem0.85,32,-1,lpm,0.85,1,R_medium_balanced,3,16,16,0,2.2469245581887662,7.120844329948271,5696.675463958617,1822.9361484667572,7519.611612425374,93.01758243236692,92.61395991779864,95.59436293784528,95.69214538205416,4.015485957657517,4.023621887808629,4.149133038214025,4.16219891542021,4.015485957657517,1116.9665016350336,1117.2743770293891,1149.33816913981,1149.6775795007125,800.0,256.0,a0
lfm25,74,cap32_chunk-1_pollpm_mem0.85,32,-1,lpm,0.85,1,R_medium_balanced,4,16,16,0,2.2465439229272306,7.122050825141275,5697.64066011302,1823.2450112361664,7520.885671349187,93.37744847289288,91.74351394176485,97.3659735172987,97.51809611916542,4.015106459002139,4.022930113270002,4.1441519009679855,4.15791217119013,4.015106459002139,1117.229595518438,1117.3745258711278,1146.8055181903765,1147.3372747888789,800.0,256.0,a0
lfm25,74,cap32_chunk-1_pollpm_mem0.85,32,-1,lpm,0.85,1,R_long_prefill,0,4,4,0,0.3115941798314452,12.837210252655469,51348.84101062187,410.7907280849749,51759.63173870684,201.3680754462257,202.12001679465172,202.5271904654801,202.56870592013,3.250931077937205,3.218779610770364,3.337093962416534,3.353715027652441,3.250931077937205,302.14693886227906,302.0751657895744,302.6919814525172,302.73612631019205,4000.0,32.0,a0
lfm25,74,cap32_chunk-1_pollpm_mem0.85,32,-1,lpm,0.85,1,R_long_prefill,1,4,4,0,0.3180907811038196,12.575026494384526,50300.1059775381,402.4008478203048,50702.5068253584,206.01216063369063,206.14495454356077,206.5480667166412,206.5818160586059,3.2283953436079527,3.1937864128380054,3.319961253944184,3.3376538995352965,3.2283953436079527,306.0924162855372,305.3174635861069,308.2583582494408,308.66996680386364,4000.0,32.0,a0
lfm25,74,cap32_chunk-1_pollpm_mem0.85,32,-1,lpm,0.85,1,R_long_prefill,2,4,4,0,0.311224851757288,12.852444068700024,51409.7762748001,411.2782101984008,51821.054484998494,201.23155182227487,201.96357159875333,202.3877148050815,202.42504701949656,3.225915182772423,3.194491679389631,3.310616665159261,3.326921638912491,3.2259151827724226,301.23492248822004,301.30807124078274,301.77425504662097,301.81534570641816,4000.0,32.0,a0
lfm25,74,cap32_chunk-1_pollpm_mem0.85,32,-1,lpm,0.85,1,R_long_prefill,3,4,4,0,0.3109134919941425,12.865314960585108,51461.25984234043,411.69007873872346,51872.94992107916,202.01047300361097,202.5391284842044,202.93378091882917,202.9741089930758,3.2016244198706363,3.174816949232932,3.273314064849288,3.2870883942251243,3.2016244198706363,301.2608300196007,301.12648755311966,301.8942528637126,301.9675988191739,4000.0,32.0,a0
lfm25,74,cap32_chunk-1_pollpm_mem0.85,32,-1,lpm,0.85,1,R_long_prefill,4,4,4,0,0.3135198480449617,12.758362907302642,51033.45162921057,408.2676130336845,51441.71924224425,199.63885890319943,200.17457590438423,200.5591422552243,200.5986588494852,3.2216818109455128,3.197108185099017,3.2822787739156234,3.2942189319780275,3.2216818109455128,299.5109950425104,299.5171051006764,299.7944780625403,299.80775075033307,4000.0,32.0,a0
lfm25,17,cap8_chunk8192_pollpm_mem0.8,8,8192,lpm,0.8,0,R_long_prefill,0,4,4,0,0.2626500441692769,15.229390166871683,60917.56066748674,487.3404853398939,61404.90115282664,154.775885399431,155.35412239842117,155.71274822577834,155.74530554935336,3.224596054473471,3.199133323505521,3.2888064311156358,3.301450775395478,3.2245960544734715,254.7383630881086,254.73300484009087,255.06057650782168,255.0799710024148,4000.0,32.0,a0
lfm25,17,cap8_chunk8192_pollpm_mem0.8,8,8192,lpm,0.8,0,R_long_prefill,1,4,4,0,0.2616916908882558,15.2851624230898,61140.649692359206,489.1251975388736,61629.77488989808,154.19334219768643,154.7390939667821,155.18903024494648,155.22775173187256,3.219402710636777,3.193467419834868,3.285018311843517,3.297658421910338,3.219402710636777,253.99482622742653,253.9863695856184,254.3441050220281,254.37531755305827,4000.0,32.0,a0
lfm25,17,cap8_chunk8192_pollpm_mem0.8,8,8192,lpm,0.8,0,R_long_prefill,2,4,4,0,0.2630189219489693,15.20803130953474,60832.12523813896,486.65700190511166,61318.78224004407,153.11041509266943,153.8244925905019,154.19975584372878,154.23533042892814,3.251169541580302,3.2184245665707896,3.33793883722636,3.354666217440559,3.2511695415803024,253.8966708816588,253.70483822189271,254.53022501897067,254.6442378452048,4000.0,32.0,a0
lfm25,17,cap8_chunk8192_pollpm_mem0.8,8,8192,lpm,0.8,0,R_long_prefill,3,4,4,0,0.2569637801498174,15.566396157730408,62265.58463092164,498.124677047373,62763.70930796901,149.25832604058087,149.67178250662982,150.08130730129778,150.11837196536362,3.212265790470185,3.1892171790522914,3.2761630557116965,3.2881830617665284,3.212265790470185,248.8385655451566,248.6594351939857,249.45413649547845,249.56197208259252,4000.0,32.0,a0
lfm25,17,cap8_chunk8192_pollpm_mem0.8,8,8192,lpm,0.8,0,R_long_prefill,4,4,4,0,0.2626843941397965,15.22739869301586,60909.59477206344,487.2767581765075,61396.87153023994,154.53193779103458,154.9504844006151,155.40730156935751,155.45334917493165,3.2239908938326183,3.2016318892278983,3.287221845089188,3.299213531126659,3.2239908938326183,254.47565549984571,254.39293798990548,255.0712394528091,255.11862894520164,4000.0,32.0,a0
lfm25,17,cap8_chunk8192_pollpm_mem0.8,8,8192,lpm,0.8,0,shared_prefix,0,128,128,0,16.914017227012664,7.567687692523843,17776.14365437792,1937.328049286104,19713.471703664025,5670.988267862413,4344.326767371967,14562.87333201616,15707.230569031091,3.7476921124815537,3.76692054902806,4.058025914207832,4.0613833626403535,3.7477817834013782,6626.496945358667,5337.586821988225,15514.176531648254,16624.21805640683,2348.953125,256.0,a0
lfm25,17,cap8_chunk8192_pollpm_mem0.8,8,8192,lpm,0.8,0,shared_prefix,1,128,128,0,16.763197337742895,7.635774811992683,17936.0771064265,1954.758351870127,19890.835458296628,5601.353927722812,4308.652130421251,14413.234045961864,15557.459277459424,3.744000374178043,3.737730629669101,4.154214317503378,4.155497686684455,3.743960303849436,6555.6835592360585,5268.218756420538,15364.855895517385,16473.599747992124,2348.953125,256.0,a0
lfm25,17,cap8_chunk8192_pollpm_mem0.8,8,8192,lpm,0.8,0,shared_prefix,2,128,128,0,16.795430161058903,7.621120672263268,17901.655219114906,1951.0068920993967,19852.6621112143,5612.370314407599,4306.193604134023,14435.058198147444,15588.295548139144,3.754258889972944,3.7631059421555086,4.144984911670726,4.147825843417176,3.754321954700932,6569.575759654981,5247.220578603447,15387.698207516214,16506.03270800319,2348.953125,256.0,a0
lfm25,17,cap8_chunk8192_pollpm_mem0.8,8,8192,lpm,0.8,0,shared_prefix,3,128,128,0,16.820085692219436,7.609949339271779,17875.41428157413,1948.1470308535756,19823.561312427704,5629.016242284706,4319.575066212565,14475.361465872256,15617.38048361149,3.757625402912213,3.731956783974288,4.13438708302291,4.135773568176756,3.757642639599564,6587.156402216351,5274.827922228724,15426.235217601052,16534.13367033005,2348.953125,256.0,a0
lfm25,17,cap8_chunk8192_pollpm_mem0.8,8,8192,lpm,0.8,0,shared_prefix,4,128,128,0,16.82411288889125,7.608127741731737,17871.135434339958,1947.680701883325,19818.81613622328,5648.4136484214105,4318.243678659201,14472.05955600365,15617.665226287212,3.687338349918584,3.72389796847368,4.133315430771487,4.134811036343522,3.687625892006201,6588.49896468746,5273.75994483009,15424.069847888304,16535.42202731129,2348.953125,256.0,a0
lfm25,17,cap8_chunk8192_pollpm_mem0.8,8,8192,lpm,0.8,0,tool_agent,0,200,200,0,38.28042045002803,5.224603012422073,13931.66516277408,1083.138573520282,15014.80373629436,313.14845309825614,208.4146130364388,1040.0345711037517,1706.0561898862934,4.912708658752692,3.741781925782561,9.647744610284764,30.084232613444332,3.4250468540620504,945.8573584491388,491.05650186538696,2428.012326662428,3665.677025713957,2666.55,207.315,a0
lfm25,17,cap8_chunk8192_pollpm_mem0.8,8,8192,lpm,0.8,0,tool_agent,1,200,200,0,38.14870498981327,5.242641920699677,13979.766813641723,1086.8783097898536,15066.64512343158,370.0121633522213,249.8393123969436,1526.89610805828,1801.422958793118,4.995384056508092,3.474575658821357,8.38843110617664,33.22259412147105,3.329352734683601,984.9602602119558,545.8493591286242,2291.638440545648,3416.8016939237696,2666.55,207.315,a0
lfm25,17,cap8_chunk8192_pollpm_mem0.8,8,8192,lpm,0.8,0,tool_agent,2,200,200,0,38.05634650681168,5.255365224410129,14013.69413915083,1089.516041498586,15103.210180649416,336.0184588143602,210.53164079785347,1461.34333750233,1821.4463484007863,4.317574023681711,3.4050207174761167,7.645497160653274,14.16813347488648,3.326679912944748,950.5560391326436,502.96015688218176,2318.6534490669137,3379.6813721302874,2666.55,207.315,a0
lfm25,17,cap8_chunk8192_pollpm_mem0.8,8,8192,lpm,0.8,0,tool_agent,3,200,200,0,38.07684048311785,5.252536645961319,14006.151593288156,1088.929634757471,15095.081228045628,323.0517505668104,204.094115877524,1452.6531952666114,1775.2023372566323,4.19735718742853,3.3892390390450435,7.92675547835983,13.469464760273704,3.270504212877398,927.211993811652,472.07968053407967,2264.5579783013086,3304.145678994244,2666.55,207.315,a0
lfm25,17,cap8_chunk8192_pollpm_mem0.8,8,8192,lpm,0.8,0,tool_agent,4,200,200,0,38.05136126279831,5.256053748477432,14015.530123002496,1089.6587828655988,15105.188905868095,321.5819119499065,193.05390096269548,1457.000437169335,1777.1083700237791,4.06521653099974,3.399324110699595,7.536054804315896,12.55468231625855,3.283949844780096,928.1110285315664,474.4347552768886,2271.144458535127,3331.8341062637032,2666.55,207.315,a0
lfm25,17,cap8_chunk8192_pollpm_mem0.8,8,8192,lpm,0.8,0,R_medium_balanced,0,16,16,0,2.333353060297668,6.857084884513305,5485.667907610644,1755.413730435406,7241.081638046049,108.82519450387916,108.83043915964664,110.92725617345424,111.05082861613482,4.119362676854008,4.126837414086741,4.272463206000918,4.28551804429541,4.119362676854008,1159.2626771016512,1159.3811817001551,1199.2103920783848,1199.4885522406548,800.0,256.0,a0
lfm25,17,cap8_chunk8192_pollpm_mem0.8,8,8192,lpm,0.8,0,R_medium_balanced,1,16,16,0,2.335410960018635,6.851042610450167,5480.834088360134,1753.8669082752428,7234.700996635377,107.82899559126236,107.78815438970923,110.02714408095926,110.18463193904608,4.127197196780174,4.1346762101074646,4.283183950510826,4.296946269642635,4.127197196780175,1160.2642807702068,1160.4852920863775,1201.0057168081405,1201.0826414451003,800.0,256.0,a0
lfm25,17,cap8_chunk8192_pollpm_mem0.8,8,8192,lpm,0.8,0,R_medium_balanced,2,16,16,0,2.325512679759413,6.88020329420663,5504.162635365304,1761.3320433168972,7265.494678682201,104.68708217376845,105.01274932175876,106.28441162407398,106.3521720468998,4.120161820901558,4.127105692511096,4.273123278593024,4.283500493266711,4.120161820901558,1155.3283465036657,1155.165310483426,1193.6085360357538,1193.997770664282,800.0,256.0,a0
lfm25,17,cap8_chunk8192_pollpm_mem0.8,8,8192,lpm,0.8,0,R_medium_balanced,3,16,16,0,2.323978749569505,6.88474453691276,5507.795629530208,1762.4946014496666,7270.290230979875,104.52845619875006,104.6785155776888,106.2948884209618,106.4594193128869,4.116943872570261,4.124854217447779,4.268089101156768,4.277991404866471,4.116943872570261,1154.3491437041666,1154.6826674602926,1193.663501064293,1193.746251403354,800.0,256.0,a0
lfm25,17,cap8_chunk8192_pollpm_mem0.8,8,8192,lpm,0.8,0,R_medium_balanced,4,16,16,0,2.3310101041570306,6.863977110809703,5491.181688647763,1757.178140367284,7248.359829015047,106.96448464295828,107.43113979697227,108.22076920885593,108.28325937036423,4.123134982849782,4.130434276828288,4.277926393528926,4.290384186121325,4.123134982849782,1158.3639052696526,1158.2795500289649,1197.3241798114032,1197.690221434459,800.0,256.0,a0
lfm25,17,cap8_chunk8192_pollpm_mem0.8,8,8192,lpm,0.8,0,R_concurrent_decode,0,32,32,0,4.111817733384669,7.782446128432594,1556.4892256865187,1992.306208878744,3548.795434565263,1564.7527783439728,1546.1895160842687,3099.5850920677185,3099.7627002839,3.838192571328917,3.903546867271264,3.9278776115536975,3.928194524227258,3.838192571328917,2543.4918840328464,2543.092617299408,4097.089341306128,4097.495359526947,200.0,256.0,a0
lfm25,17,cap8_chunk8192_pollpm_mem0.8,8,8192,lpm,0.8,0,R_concurrent_decode,1,32,32,0,4.0958455530926585,7.812794595205792,1562.5589190411583,2000.0754163726824,3562.634335413841,1558.8399951375322,1538.5206548962742,3090.909897396341,3091.0126058384776,3.827788951571611,3.8894079625606537,3.923879941359308,3.9240843348168566,3.827788951571611,2534.926177788293,2535.361553542316,4080.8410063851625,4080.961990011856,200.0,256.0,a0
lfm25,17,cap8_chunk8192_pollpm_mem0.8,8,8192,lpm,0.8,0,R_concurrent_decode,2,32,32,0,4.085377137642354,7.832814186272899,1566.5628372545798,2005.2004316858624,3571.7632689404422,1554.1776320169447,1531.2741179950535,3081.285334308632,3081.4058861369267,3.810233314802377,3.8774274627440697,3.924615851000828,3.9248654246147647,3.810233314802377,2525.787127291551,2525.831813691184,4070.080950134434,4070.215057148598,200.0,256.0,a0
lfm25,17,cap8_chunk8192_pollpm_mem0.8,8,8192,lpm,0.8,0,R_concurrent_decode,3,32,32,0,4.096289352979511,7.811948141974935,1562.389628394987,1999.8587243455836,3562.24835274057,1557.1714200632414,1532.89716783911,3091.7505968827754,3091.9944907166064,3.8227816414791063,3.903246297519289,3.9433209375277456,3.9435111531330382,3.8227816414791063,2531.9807386404136,2535.876378417015,4080.871705734171,4081.173758949153,200.0,256.0,a0
lfm25,17,cap8_chunk8192_pollpm_mem0.8,8,8192,lpm,0.8,0,R_concurrent_decode,4,32,32,0,4.096567715052515,7.81141731953277,1562.2834639065538,1999.722833800389,3562.006297706943,1560.4005138739012,1540.1336264330894,3092.5377120962366,3092.7495238929987,3.8256727275438607,3.884112775581433,3.9249702963028463,3.925192728803,3.8256727275438607,2535.9470593975857,2536.3805142696947,4081.2622832134366,4081.576048969291,200.0,256.0,a0
lfm25,17,cap8_chunk8192_pollpm_mem0.8,8,8192,lpm,0.8,0,R_short_decode,0,8,8,0,4.814147683791816,1.6617687128573668,166.17687128573667,425.4127904914859,591.5896617772225,29.615063569508493,30.054583214223385,30.449240072630342,30.49850623589009,2.236784855023342,2.236067047160046,2.24138596148167,2.2427281174461204,2.2367817756700243,599.714818643406,599.8198364395648,600.9033457376063,601.1964567936957,100.0,256.0,a0
lfm25,17,cap8_chunk8192_pollpm_mem0.8,8,8192,lpm,0.8,0,R_short_decode,1,8,8,0,4.8174255839549005,1.6606380027218484,166.06380027218484,425.1233286967932,591.1871289689781,30.643257196061317,29.657320817932487,36.34297938551753,38.62465489190072,2.2344430010705114,2.2366541684331267,2.242147701253065,2.2435560291962284,2.234450001973326,599.8693951987661,600.196654908359,601.2330914847553,601.3371836952865,100.0,256.0,a0
lfm25,17,cap8_chunk8192_pollpm_mem0.8,8,8192,lpm,0.8,0,R_short_decode,2,8,8,0,4.811786967795342,1.6625839949987289,166.2583994998729,425.6215027196746,591.8799022195475,29.36424227664247,29.46615219116211,30.894559272564948,30.90035997796804,2.2364140678305637,2.235719812668714,2.2414346849759363,2.242276952802771,2.2364110891881266,599.3695186334662,599.5747044216841,601.4278159709647,601.7285682493821,100.0,256.0,a0
lfm25,17,cap8_chunk8192_pollpm_mem0.8,8,8192,lpm,0.8,0,R_short_decode,3,8,8,0,4.807499247137457,1.664066823258155,166.4066823258155,426.0011067540877,592.4077890799032,28.49636023165658,28.786363545805216,29.350316897034645,29.36152793467045,2.2369443626367422,2.236524158540894,2.24054585187074,2.241298556764004,2.236942134892578,598.6369868624024,598.771883174777,599.500519502908,599.586772415787,100.0,256.0,a0
lfm25,17,cap8_chunk8192_pollpm_mem0.8,8,8192,lpm,0.8,0,R_short_decode,4,8,8,0,4.805009264033288,1.6649291521417091,166.49291521417092,426.22186294827753,592.7147781624485,28.439918241929263,28.47429900430143,30.45880713034421,30.975782335735857,2.236666082187001,2.236449433600201,2.241513451102069,2.2420059657404456,2.2366634029264745,598.5095030628145,598.1930824927986,601.1152311228216,601.3573949597776,100.0,256.0,a0
lfm25,47,cap16_chunk8192_polfcfs_mem0.9,16,8192,fcfs,0.9,0,R_short_decode,0,8,8,0,4.848101443145424,1.6501304879482142,165.01304879482143,422.4334049147428,587.4464537095643,25.06525960052386,23.68976757861674,29.54854881390929,30.94414411112666,2.2735684165253405,2.23510606287449,2.4354732300055506,2.5196131526355794,2.273584806916175,604.5451872632839,594.4793415255845,646.9607365783304,666.6910386364907,100.0,256.0,a0
lfm25,47,cap16_chunk8192_polfcfs_mem0.9,16,8192,fcfs,0.9,0,R_short_decode,1,8,8,0,4.779321055859327,1.6738779225120692,167.38779225120692,428.5127481630897,595.9005404142966,25.670184928458184,24.415332125499845,31.07827177736908,31.750779268331826,2.235508569438344,2.2352463154889204,2.2386991748078287,2.2393368357467964,2.235506613733811,595.4449331038631,594.288574764505,600.4377899691463,600.8849307522178,100.0,256.0,a0
lfm25,47,cap16_chunk8192_polfcfs_mem0.9,16,8192,fcfs,0.9,0,R_short_decode,2,8,8,0,4.761736327782273,1.680059425660369,168.00594256603688,430.0952129690544,598.1011555350913,24.05174111481756,24.33956624008715,24.792802520096306,24.823150970041752,2.2351256663852017,2.2350588174281167,2.237511820083141,2.2380804187061445,2.235124147551472,593.7290082219988,594.075494678691,594.3754006875679,594.467089488171,100.0,256.0,a0
lfm25,47,cap16_chunk8192_polfcfs_mem0.9,16,8192,fcfs,0.9,0,R_short_decode,3,8,8,0,4.778025668114424,1.6743317335833987,167.43317335833987,428.62892379735007,596.0620971556899,25.24835569784045,25.155135663226247,28.2454400556162,29.04140247497708,2.235859385262732,2.236311811515513,2.23741282800249,2.2374895619703272,2.23585889483343,595.1128915185109,595.1721596065909,598.2260165270418,598.7703435402364,100.0,256.0,a0
lfm25,47,cap16_chunk8192_polfcfs_mem0.9,16,8192,fcfs,0.9,0,R_short_decode,4,8,8,0,4.768849490676075,1.6775534676951709,167.7553467695171,429.45368772996375,597.2090344994808,25.97211103420705,23.627679096534848,36.555516324006014,41.3550706161186,2.232212156368625,2.2343166948606568,2.237951807310796,2.239039974216696,2.232218642652372,594.6298102498986,593.4607363305986,601.0308094555512,603.7068377481773,100.0,256.0,a0
lfm25,47,cap16_chunk8192_polfcfs_mem0.9,16,8192,fcfs,0.9,0,R_medium_balanced,0,16,16,0,2.2462352919392288,7.123029389404178,5698.423511523342,1823.4955236874696,7521.919035210812,99.71567604225127,99.74751039408147,101.79298301227392,101.892681280151,3.989871987712332,3.9981514443734696,4.278670812445674,4.292885158302298,3.989871987712332,1117.133032908896,1117.332516470924,1189.424230833538,1189.9064028868452,800.0,256.0,a0
lfm25,47,cap16_chunk8192_polfcfs_mem0.9,16,8192,fcfs,0.9,0,R_medium_balanced,1,16,16,0,2.2375575159676373,7.1506541779690345,5720.523342375228,1830.5674695600728,7551.090811935301,97.18784180586226,96.93903452716768,99.38889287877828,99.49553220067172,3.986863694016767,3.9943043982573583,4.275421936101481,4.28720485181639,3.986863694016767,1113.8380837801378,1114.0370150096714,1188.4824691805989,1188.791423337534,800.0,256.0,a0
lfm25,47,cap16_chunk8192_polfcfs_mem0.9,16,8192,fcfs,0.9,0,R_medium_balanced,2,16,16,0,2.257102459669113,7.08873446637667,5670.987573101336,1814.716023392428,7485.703596493763,104.04939312138596,103.9682268165052,106.24271084088832,106.28212618175894,3.992274981425783,3.999592920801804,4.281551316928337,4.295936089337749,3.992274981425783,1122.0795133849606,1122.203720966354,1194.6038755122572,1195.3447457868606,800.0,256.0,a0
lfm25,47,cap16_chunk8192_polfcfs_mem0.9,16,8192,fcfs,0.9,0,R_medium_balanced,3,16,16,0,2.2389841889962554,7.146097805707533,5716.878244566026,1829.4010382611284,7546.279282827154,98.22462807642296,97.06493047997355,101.4434025855735,101.50911810342222,3.9851342608659146,3.9929376376391046,4.273450722936175,4.2855005984322405,3.985134260865914,1114.4338645972311,1114.5272902213037,1189.9640223709866,1190.307369432412,800.0,256.0,a0
lfm25,47,cap16_chunk8192_polfcfs_mem0.9,16,8192,fcfs,0.9,0,R_medium_balanced,4,16,16,0,2.2489674650132656,7.114375929802801,5691.500743842241,1821.280238029517,7512.780981871758,100.61846938333474,100.910879438743,102.26464667357504,102.39972551353276,3.990051043493783,3.999434018909347,4.276821868238496,4.287495074757174,3.990051043493783,1118.0814854742491,1118.473437614739,1190.4909074073655,1190.741538326256,800.0,256.0,a0
lfm25,47,cap16_chunk8192_polfcfs_mem0.9,16,8192,fcfs,0.9,0,shared_prefix,0,128,128,0,10.45746631314978,12.24005855405395,28751.32379072801,3133.454989837812,31884.778780565823,3136.573658048292,3966.091475915164,4215.613658935763,4226.677112919278,4.506635073760465,4.537203310824492,4.646629310833911,4.648647049569763,4.506642654334073,4285.697118612006,5095.205737045035,5373.081722157076,5384.702667212114,2348.953125,256.0,a0
lfm25,47,cap16_chunk8192_polfcfs_mem0.9,16,8192,fcfs,0.9,0,shared_prefix,1,128,128,0,10.28924985602498,12.44016831071978,29221.372228991197,3184.683087544264,32406.055316535458,3073.2880372816,3866.763971745968,4154.34804300312,4164.358918811195,4.49701200107718,4.517557710299597,4.6417886230583285,4.644291216690167,4.497031858957127,4219.855496008677,4984.196566976607,5302.755169896409,5313.298144289292,2348.953125,256.0,a0
lfm25,47,cap16_chunk8192_polfcfs_mem0.9,16,8192,fcfs,0.9,0,shared_prefix,2,128,128,0,10.285434070974588,12.444783478921416,29232.21304276083,3185.8645706038824,32418.077613364712,3071.5016061039933,3857.223300496116,4139.294777275063,4156.591719128192,4.4934295622938745,4.541039446770561,4.635701497158437,4.6380688501339336,4.49338450768576,4216.121100304008,4979.691825341433,5297.96775104478,5315.646431166679,2348.953125,256.0,a0
lfm25,47,cap16_chunk8192_polfcfs_mem0.9,16,8192,fcfs,0.9,0,shared_prefix,3,128,128,0,10.193902977276592,12.556525237225332,29494.68919512181,3214.470460729685,32709.159655851498,3066.0723636101466,3843.678471632302,4180.065722973086,4181.1858594743535,4.346390252472733,4.467773334324068,4.628518331503751,4.630667481553175,4.347728769221954,4172.942968318239,4972.206333884969,5218.222389975563,5233.550990964286,2348.953125,256.0,a0
lfm25,47,cap16_chunk8192_polfcfs_mem0.9,16,8192,fcfs,0.9,0,shared_prefix,4,128,128,0,10.169189800973982,12.587040118745788,29566.36722142829,3222.282270398922,32788.649491827215,3020.214167467202,3847.211664309725,4041.727401339449,4051.4448222890496,4.48107419382098,4.503016707980457,4.624018683463481,4.626106895707256,4.4811072607367874,4162.72147570271,4975.531602976844,5198.959386814386,5208.51348192431,2348.953125,256.0,a0
lfm25,47,cap16_chunk8192_polfcfs_mem0.9,16,8192,fcfs,0.9,0,R_concurrent_decode,0,32,32,0,2.39811705192551,13.343802369574234,2668.760473914847,3416.013406611004,6084.7738805258505,662.4622919771355,662.8341714385897,1244.7727859253064,1244.8913443787023,4.414034861838445,4.432902255040758,4.469703048759816,4.469938860311374,4.414034861838445,1788.041181745939,1788.191471947357,2384.2163818888366,2384.4548368128017,200.0,256.0,a0
lfm25,47,cap16_chunk8192_polfcfs_mem0.9,16,8192,fcfs,0.9,0,R_concurrent_decode,1,32,32,0,2.402977075893432,13.316814513555997,2663.3629027111992,3409.1045154703347,6072.4674181815335,662.4038192094304,662.7458645962179,1244.732785015367,1244.9172508949414,4.417537747683716,4.434613735579393,4.470365260198128,4.470562998570648,4.417537747683715,1788.875944868778,1789.22448027879,2384.574498794973,2384.7290764795616,200.0,256.0,a0
lfm25,47,cap16_chunk8192_polfcfs_mem0.9,16,8192,fcfs,0.9,0,R_concurrent_decode,2,32,32,0,2.4217418772168458,13.213629537089878,2642.725907417976,3382.6891614950086,6025.415068912984,664.2188243567944,664.6946524269879,1246.4609301416203,1246.60017170012,4.436835542597406,4.4551381065199775,4.512068626069117,4.512273998693654,4.436835542597406,1795.611887719133,1796.0504945367577,2396.8383603263646,2397.0698831463237,200.0,256.0,a0
lfm25,47,cap16_chunk8192_polfcfs_mem0.9,16,8192,fcfs,0.9,0,R_concurrent_decode,3,32,32,0,2.4010308170691133,13.327609030467054,2665.5218060934108,3411.8679117995657,6077.3897178929765,665.4735733900452,666.0156946163625,1248.0761809740216,1248.139864350669,4.415398473422244,4.434021926649352,4.467074250911965,4.467853902948692,4.415398473422244,1791.4001841127174,1791.7843766044823,2386.741087329574,2386.9407884404063,200.0,256.0,a0
lfm25,47,cap16_chunk8192_polfcfs_mem0.9,16,8192,fcfs,0.9,0,R_concurrent_decode,4,32,32,0,2.399486465845257,13.33618691144711,2667.237382289422,3414.06384933046,6081.301231619882,667.4256601399975,667.8635824937373,1249.989591469057,1250.1058275811374,4.413495741056407,4.430718865136013,4.465308310281412,4.46550541710766,4.413495741056407,1792.867074109381,1793.1821818929166,2388.076745369472,2388.489302620292,200.0,256.0,a0
lfm25,47,cap16_chunk8192_polfcfs_mem0.9,16,8192,fcfs,0.9,0,tool_agent,0,200,200,0,38.07898024888709,5.252241491047945,14005.3645479539,1088.8684447166047,15094.232992670504,247.80448901001364,225.16154125332832,451.0240958305075,556.0225424822413,9.328445442071176,3.4111420329856244,35.031541017815464,117.58161592297256,3.3012806630344955,857.650065892376,466.2136766128242,2069.830639474093,2556.793564194807,2666.55,207.315,a0
lfm25,47,cap16_chunk8192_polfcfs_mem0.9,16,8192,fcfs,0.9,0,tool_agent,1,200,200,0,37.94530268525705,5.270744620458815,14054.704067684452,1092.704420990419,15147.408488674871,208.19281119853255,191.95461249910292,397.8900994872674,538.2580939540633,6.871484591349082,3.4179185117994035,20.071354322135434,78.07212879881263,3.179290945870733,795.5032276292332,341.2163001485169,2039.42212392576,2367.306494736105,2666.55,207.315,a0
lfm25,47,cap16_chunk8192_polfcfs_mem0.9,16,8192,fcfs,0.9,0,tool_agent,2,200,200,0,37.8845685669221,5.279194341271308,14077.235670717006,1094.4561748606611,15171.691845577669,194.25090287346396,192.9313105065376,303.2011867733672,440.3241744777181,5.761466466411853,3.361944001741134,19.653807254508138,32.21495638601485,3.1026027360006925,767.3947062948719,325.39857155643404,1939.36669297982,2367.578072622412,2666.55,207.315,a0
lfm25,47,cap16_chunk8192_polfcfs_mem0.9,16,8192,fcfs,0.9,0,tool_agent,3,200,200,0,37.90726374834776,5.276033673327774,14068.807591612176,1093.8009209859474,15162.608512598124,184.22021372709423,184.399917954579,294.18834247626364,360.25925545953146,5.631575545618937,3.409902627201645,19.176770467311144,37.76344172656545,3.1048390961321504,757.7305673691444,316.7045384179801,1918.6856735032045,2382.322889976199,2666.55,207.315,a0
lfm25,47,cap16_chunk8192_polfcfs_mem0.9,16,8192,fcfs,0.9,0,tool_agent,4,200,200,0,37.90680971136317,5.27609686815841,14068.976103787809,1093.8140222222607,15162.790126010068,179.2551107215695,178.49494190886617,263.6886899592355,366.98814611881903,6.152932567159086,3.429347726326156,23.116717953234865,38.65917544811975,3.0880851262558955,749.7170760948211,314.5675321575254,1915.353084215894,2337.372656166549,2666.55,207.315,a0
lfm25,47,cap16_chunk8192_polfcfs_mem0.9,16,8192,fcfs,0.9,0,R_long_prefill,0,4,4,0,0.2864002082496881,13.9664702915046,55865.8811660184,446.9270493281472,56312.808215346544,174.0418557310477,174.8853214085102,175.41181112173945,175.45705736149102,3.241922834046906,3.2034764862469127,3.343456156641966,3.3629583379614254,3.241922834046906,274.5414635865018,274.5876139961183,275.2565457019955,275.31631839461625,4000.0,32.0,a0
lfm25,47,cap16_chunk8192_polfcfs_mem0.9,16,8192,fcfs,0.9,0,R_long_prefill,1,4,4,0,0.2783885970711708,14.36840460450824,57473.618418032966,459.7889473442637,57933.40736537723,164.13802176248282,165.11541791260242,165.5560112791136,165.6025371560827,3.2635048039317613,3.2237656038975526,3.3693391349046458,3.3897080897323546,3.263504803931761,265.3066706843674,265.2460094541311,265.892658685334,265.9352459618822,4000.0,32.0,a0
lfm25,47,cap16_chunk8192_polfcfs_mem0.9,16,8192,fcfs,0.9,0,R_long_prefill,2,4,4,0,0.2780519840307534,14.385799166092582,57543.19666437033,460.3455733149626,58003.542237685295,165.33246694598347,166.04341682977974,166.54422108549625,166.58805380109698,3.229578660290328,3.1974166105952,3.3179038534722016,3.3348658765035286,3.229578660290328,265.44940541498363,265.5362905934453,266.089131985791,266.14288239274174,4000.0,32.0,a0
lfm25,47,cap16_chunk8192_polfcfs_mem0.9,16,8192,fcfs,0.9,0,R_long_prefill,3,4,4,0,0.2766690230928361,14.457708186065348,57830.8327442614,462.6466619540912,58293.47940621548,162.85019495990127,163.61306165345013,164.07517415937036,164.12230520974845,3.2852375504350477,3.252482897932491,3.3777092365668184,3.395244731387544,3.285237550435047,264.69255902338773,264.6364108659327,265.3635828057304,265.4159608157352,4000.0,32.0,a0
lfm25,47,cap16_chunk8192_polfcfs_mem0.9,16,8192,fcfs,0.9,0,R_long_prefill,4,4,4,0,0.2759029101580381,14.497853602590803,57991.41441036321,463.9313152829057,58455.34572564612,164.74044625647366,165.38413055241108,165.84577234461904,165.8921472914517,3.231119030275412,3.2024846802796088,3.3034100279872933,3.317640377959657,3.231119030275412,264.90513619501144,264.98753717169166,265.2375874808058,265.2450533537194,4000.0,32.0,a0
lfm25,68,cap24_chunk8192_polfcfs_mem0.75,24,8192,fcfs,0.75,0,tool_agent,0,200,200,0,38.04709646292031,5.256642913472115,14017.101160919068,1089.7809256064716,15106.882086525538,263.1479055667296,226.3189945369959,521.9630836043507,552.8942318633199,11.044022208309178,3.43445949729974,59.35968812555075,153.46376726403832,3.2987230469641315,872.5375076476485,552.9579776339233,2078.5508182365443,2676.1380712222267,2666.55,207.315,a0
lfm25,68,cap24_chunk8192_polfcfs_mem0.75,24,8192,fcfs,0.75,0,tool_agent,1,200,200,0,38.03588381689042,5.258192525848103,14021.233279800255,1090.1021834961994,15111.335463296458,201.6210719384253,189.91994694806635,346.7598049668595,426.4077559392899,6.741086568891218,3.366659628227353,22.586638014763587,83.65053086541593,3.151154892191577,783.7496709474362,335.5392008088529,1997.8160203667355,2349.898430830792,2666.55,207.315,a0
lfm25,68,cap24_chunk8192_polfcfs_mem0.75,24,8192,fcfs,0.75,0,tool_agent,2,200,200,0,37.86370325135067,5.282103514078899,14084.993125467086,1095.0592900212669,15180.052415488351,182.8908514440991,180.97074748948216,280.69698894396424,355.28109072707593,5.018251178043229,3.2023095198414864,17.264036554843187,31.26250408589845,2.9786503710550223,733.1518277409486,306.8980050738901,1865.4168748296795,2352.252747807648,2666.55,207.315,a0
lfm25,68,cap24_chunk8192_polfcfs_mem0.75,24,8192,fcfs,0.75,0,tool_agent,3,200,200,0,38.02144320076332,5.260189597326616,14026.55857075129,1090.5162063697676,15117.074777121055,182.58144865278155,183.31789830699563,264.74204089026773,368.0424371920526,5.626993908550843,3.36898260072551,19.391088467091308,37.483030054718256,3.102496618175897,755.705648928415,302.4702237453312,1947.3109144251796,2366.0139339556854,2666.55,207.315,a0
lfm25,68,cap24_chunk8192_polfcfs_mem0.75,24,8192,fcfs,0.75,0,tool_agent,4,200,200,0,37.87546867225319,5.280462711383318,14080.617843039186,1094.7191270104324,15175.33697004962,177.60434538824484,181.19631195440888,289.2656578216702,322.7976225176826,5.009163176844074,3.25991228222847,17.656041216105223,34.718317883089185,3.0351581166788724,738.3042800729163,299.45460660383105,1900.4180572228504,2321.8316035205444,2666.55,207.315,a0
lfm25,68,cap24_chunk8192_polfcfs_mem0.75,24,8192,fcfs,0.75,0,R_medium_balanced,0,16,16,0,2.321291476022452,6.892714751796746,5514.171801437397,1764.534976459967,7278.706777897364,103.32015660242178,102.42344974540174,106.28479218576103,106.42206009943038,4.122007171299272,4.130022652337656,4.276373764664373,4.288639356382192,4.1220071712992725,1154.431985283736,1154.845817014575,1191.7410895694047,1191.9690622482449,800.0,256.0,a0
lfm25,68,cap24_chunk8192_polfcfs_mem0.75,24,8192,fcfs,0.75,0,R_medium_balanced,1,16,16,0,2.3215504558756948,6.891945837104264,5513.556669683411,1764.3381342986916,7277.8948039821025,104.41838920814916,102.50488552264868,109.784169588238,109.8955282010138,4.11975186457401,4.1291333981515725,4.272141634011824,4.284437045582807,4.11975186457401,1154.9551146745216,1155.1712998189032,1189.6310114534572,1189.8623623186722,800.0,256.0,a0
lfm25,68,cap24_chunk8192_polfcfs_mem0.75,24,8192,fcfs,0.75,0,R_medium_balanced,2,16,16,0,2.318626423366368,6.900637307828967,5520.509846263174,1766.5631508042156,7287.072997067389,103.81118598161264,103.44712273217738,106.2876022187993,106.4001273130998,4.116198765205256,4.124656028351655,4.271259390767298,4.283217392934889,4.116198765205255,1153.441871108953,1153.466749470681,1191.3681849837303,1191.7230512946844,800.0,256.0,a0
lfm25,68,cap24_chunk8192_polfcfs_mem0.75,24,8192,fcfs,0.75,0,R_medium_balanced,3,16,16,0,2.3171356096863747,6.905077084446347,5524.061667557077,1767.6997336182649,7291.761401175342,102.08623757353052,101.21112246997654,104.92411151062696,105.04024417605252,4.118921428544484,4.125536208534066,4.270810164127718,4.283831604099011,4.118921428544483,1152.4112018523738,1152.725217398256,1188.9520565746352,1189.2549313372,800.0,256.0,a0
lfm25,68,cap24_chunk8192_polfcfs_mem0.75,24,8192,fcfs,0.75,0,R_medium_balanced,4,16,16,0,2.3180240499787037,6.902430542145152,5521.944433716121,1767.0222187891588,7288.96665250528,101.61841762601398,101.21854115277527,104.0402421494946,104.13196336012334,4.1233913820036046,4.130836068561265,4.277359143666485,4.289438574958374,4.1233913820036046,1153.0832200369332,1153.293436160311,1190.7974869245663,1190.9745319979263,800.0,256.0,a0
lfm25,68,cap24_chunk8192_polfcfs_mem0.75,24,8192,fcfs,0.75,0,R_long_prefill,0,4,4,0,0.2701535439118743,14.806394697175708,59225.57878870283,473.8046303096226,59699.38341901245,161.49329161271453,162.0628561358899,162.48214615043253,162.52017244230956,3.230841590031501,3.204384510735831,3.3032677106318933,3.3171368798901955,3.2308415900315004,261.64938090369105,261.7071559652686,262.2008597711101,262.24537555594,4000.0,32.0,a0
lfm25,68,cap24_chunk8192_polfcfs_mem0.75,24,8192,fcfs,0.75,0,R_long_prefill,1,4,4,0,0.2701058569364249,14.809008754450977,59236.0350178039,473.8882801424312,59709.923297946334,160.90021550189704,161.4701619837433,161.87561273109168,161.9091353705153,3.240956170033784,3.2142332920263854,3.3148411683918484,3.328967561134167,3.240956170033784,261.3698567729444,261.4190704189241,261.9741952046752,262.03523579984903,4000.0,32.0,a0
lfm25,68,cap24_chunk8192_polfcfs_mem0.75,24,8192,fcfs,0.75,0,R_long_prefill,2,4,4,0,0.2706564562395215,14.778882630681236,59115.53052272494,472.9242441817995,59588.45476690674,162.6839863602072,163.27170375734568,163.64233745262027,163.67330512031913,3.2108032835587377,3.181744336841568,3.287000004051914,3.301285223945254,3.210803283558738,262.2188881505281,262.14256999082863,262.8452148521319,262.9386775987223,4000.0,32.0,a0
lfm25,68,cap24_chunk8192_polfcfs_mem0.75,24,8192,fcfs,0.75,0,R_long_prefill,3,4,4,0,0.2703339359723031,14.796514487214868,59186.05794885947,473.48846359087577,59659.54641245035,161.280618282035,161.80910379625857,162.15095883235335,162.18153467401862,3.232206120305965,3.208657756688133,3.2994576001299483,3.3121703389371118,3.232206120305965,261.4790080115199,261.32481661625206,261.98417958803475,262.06954882480204,4000.0,32.0,a0
lfm25,68,cap24_chunk8192_polfcfs_mem0.75,24,8192,fcfs,0.75,0,R_long_prefill,4,4,4,0,0.2707457621581852,14.774007792827316,59096.03117130927,472.7682493704741,59568.79942067974,158.86699908878654,159.38263875432312,159.8299464210868,159.87722840160131,3.2349238622813457,3.2104917937108586,3.3117580865960448,3.3257080916495574,3.2349238622813457,259.14963881950825,259.1048926115036,259.93947747629136,260.00288215931505,4000.0,32.0,a0
lfm25,68,cap24_chunk8192_polfcfs_mem0.75,24,8192,fcfs,0.75,0,R_concurrent_decode,0,32,32,0,2.412244262173772,13.265654934614082,2653.130986922816,3396.007663261205,6049.138650184021,458.83529804996215,144.4858897011727,1406.3164993887767,1406.3987559918314,4.599771168260999,4.831591933308279,4.860455553576935,4.895107328818709,4.599771168260999,1631.776945956517,1377.0808801054957,2397.840003995225,2397.920268266462,200.0,256.0,a0
lfm25,68,cap24_chunk8192_polfcfs_mem0.75,24,8192,fcfs,0.75,0,R_concurrent_decode,1,32,32,0,2.3721750038675964,13.489729867243003,2697.9459734486004,3453.370846014209,6151.316819462809,418.98466131533496,104.61548413150012,1364.9362979223952,1365.1347717782485,4.59331940607323,4.82461915314928,4.828321843627183,4.864344761177313,4.59331940607323,1590.2811098640086,1335.386789869517,2356.785714114085,2357.0441188802943,200.0,256.0,a0
lfm25,68,cap24_chunk8192_polfcfs_mem0.75,24,8192,fcfs,0.75,0,R_concurrent_decode,2,32,32,0,2.379977104719728,13.445507495236344,2689.101499047269,3442.049918780504,6131.151417827773,424.7541492950404,109.22956350259484,1374.296794878319,1374.5440518204125,4.596508049586441,4.830134532176981,4.8345345633980985,4.874190795180552,4.596508049586441,1596.8637019395828,1341.227175667882,2364.8874817881733,2365.2229114901274,200.0,256.0,a0
lfm25,68,cap24_chunk8192_polfcfs_mem0.75,24,8192,fcfs,0.75,0,R_concurrent_decode,3,32,32,0,2.375622056890279,13.470156124871322,2694.031224974264,3448.3599679670583,6142.3911929413225,421.3259235984879,106.46337643265724,1368.9277763711289,1369.1266190819442,4.596122547838033,4.829836902482544,4.835044436668064,4.872526177643414,4.596122547838034,1593.3371732971864,1338.615221902728,2359.420114918612,2359.7636339906603,200.0,256.0,a0
lfm25,68,cap24_chunk8192_polfcfs_mem0.75,24,8192,fcfs,0.75,0,R_concurrent_decode,4,32,32,0,2.3782543246634305,13.455247266092378,2691.049453218476,3444.543300119649,6135.592753338125,423.6275071743876,108.64671994931996,1371.754947095178,1372.0004642568529,4.598620964622801,4.832468922341279,4.836462370813916,4.876715876015963,4.598620964622801,1596.2758531532018,1341.181040974334,2362.8302689874545,2363.1849080417305,200.0,256.0,a0
lfm25,68,cap24_chunk8192_polfcfs_mem0.75,24,8192,fcfs,0.75,0,shared_prefix,0,128,128,0,8.540366939269006,14.98764642201145,35205.27889937886,3836.837484034931,39042.1163834138,2155.593943251006,1898.253796622157,3622.153015527874,3637.3226119112223,4.681364261346345,5.10654065520594,5.278788847921818,5.283681469786839,4.681642447657482,3348.900712760951,3082.132268929854,4510.05426060874,4524.724358571693,2348.953125,256.0,a0
lfm25,68,cap24_chunk8192_polfcfs_mem0.75,24,8192,fcfs,0.75,0,shared_prefix,1,128,128,0,8.47189606493339,15.108778367786362,35489.81216194417,3867.8472621533087,39357.65942409748,2046.5992765894043,1745.5887475516647,3163.7239127652715,3188.786622500047,5.003465922657764,5.104431793933697,5.346014444880626,5.3487775873246735,5.003501487208756,3322.257616695424,3046.306236647069,4459.320037066936,4485.322671560571,2348.953125,256.0,a0
lfm25,68,cap24_chunk8192_polfcfs_mem0.75,24,8192,fcfs,0.75,0,shared_prefix,2,128,128,0,8.3897788929753,15.256659517829895,35837.178051467534,3905.7048365644537,39742.88288803199,2018.3553901115372,1760.8868784736842,3163.11183925718,3182.406669333577,4.991558548399394,5.056635680261488,5.298896458310385,5.302236418659781,4.991536726703857,3289.949371239345,3050.473951268941,4437.21681185998,4457.077795160003,2348.953125,256.0,a0
lfm25,68,cap24_chunk8192_polfcfs_mem0.75,24,8192,fcfs,0.75,0,shared_prefix,3,128,128,0,8.252420978154987,15.510599900178294,36433.67210614849,3970.713574445643,40404.38568059413,1997.3711524326063,1716.4780129678547,3137.6718404470007,3151.922687338665,4.91802887064956,5.047821609384021,5.239431705946724,5.240208575301164,4.917989775755973,3250.1906260113174,3018.9513484947383,4419.84197460115,4434.411588106304,2348.953125,256.0,a0
lfm25,68,cap24_chunk8192_polfcfs_mem0.75,24,8192,fcfs,0.75,0,shared_prefix,4,128,128,0,8.250937573611736,15.513388491675345,36440.22237685984,3971.427453868888,40411.649830728726,1994.035952968261,1708.1553251482546,3143.409920413978,3159.111586716026,4.9349004214886,5.035755333608002,5.235960369783581,5.238547598669196,4.934863020294975,3251.230861005752,3025.436088908464,4422.57141917944,4438.82854025811,2348.953125,256.0,a0
lfm25,68,cap24_chunk8192_polfcfs_mem0.75,24,8192,fcfs,0.75,0,R_short_decode,0,8,8,0,4.798648826777935,1.6671359561378074,166.71359561378074,426.7868047712787,593.5004003850594,28.47888617543504,28.698453214019537,29.50730856973678,29.605068885721263,2.232547879002257,2.232046878220988,2.2363411687143837,2.2373971093546814,2.232545371294796,597.4988876841962,597.5784214679152,598.490485874936,598.5903564747423,100.0,256.0,a0
lfm25,68,cap24_chunk8192_polfcfs_mem0.75,24,8192,fcfs,0.75,0,R_short_decode,1,8,8,0,4.793695406988263,1.6688586405255488,166.8858640525549,427.2278119745405,594.1136760270954,28.1573545653373,28.021403355523944,30.1284892950207,30.645116241648797,2.232793150934459,2.2319937864428057,2.236621886790425,2.237013901911977,2.232791032859541,597.2399690654129,596.9356067944318,599.6567186433822,599.9242348317057,100.0,256.0,a0
lfm25,68,cap24_chunk8192_polfcfs_mem0.75,24,8192,fcfs,0.75,0,R_short_decode,2,8,8,0,4.800967353861779,1.6663308475874137,166.63308475874135,426.5806969823778,593.2137817411192,28.891732916235924,28.56048266403377,30.556631251238286,30.666809710673988,2.233403413004186,2.233142015871172,2.2368484933389543,2.237334054313477,2.23340142574006,598.1299213017337,597.7733884938061,600.0148100312799,600.1379893254489,100.0,256.0,a0
lfm25,68,cap24_chunk8192_polfcfs_mem0.75,24,8192,fcfs,0.75,0,R_short_decode,3,8,8,0,4.79929775511846,1.6669105373735118,166.69105373735118,426.729097567619,593.4201513049702,28.273264702875167,27.84753916785121,31.084780115634203,31.771372724324465,2.2335943977353323,2.2329900158094427,2.2364585339032765,2.23703091996054,2.233592642159688,597.5601893733256,597.4224144592881,599.7420560801402,600.0965880649164,100.0,256.0,a0
lfm25,68,cap24_chunk8192_polfcfs_mem0.75,24,8192,fcfs,0.75,0,R_short_decode,4,8,8,0,4.798721021041274,1.667110874943941,166.7110874943941,426.7803839856489,593.491471480043,28.635353199206293,28.57739361934364,29.63773175142705,29.814351750537757,2.2332204641681983,2.232779310468365,2.23655016854134,2.2375577152809494,2.2332182134875715,597.8268453618512,597.6686484646052,598.6065020551905,598.6999145476148,100.0,256.0,a0
qwen,82,cap32_chunk2048_pollpm_mem0.85,32,2048,lpm,0.85,0,shared_prefix,0,128,128,0,8.544430766254663,14.980518129484134,34384.38534259212,3835.012641147938,38219.397983740055,1826.576637209655,2122.2767448052764,2688.343258248642,2689.390424932353,7.538740687872828,7.493719097618827,8.2850101358239,8.302812642825058,7.539639558045399,3745.179290996021,3988.116398453713,4521.0221668938175,4522.000921093859,2295.2734375,256.0,a0
qwen,82,cap32_chunk2048_pollpm_mem0.85,32,2048,lpm,0.85,0,shared_prefix,1,128,128,0,8.552990948781371,14.965525015344184,34349.97204596129,3831.174403928111,38181.1464498894,1823.0104827707687,2133.223776007071,2651.1774581391364,2652.1035049576312,7.58046904112118,7.555510739315464,8.146680258853618,8.170041652454987,7.581112867435173,3752.1075703116367,4016.430434305221,4524.607280269265,4525.757561437786,2295.2734375,256.0,a0
qwen,82,cap32_chunk2048_pollpm_mem0.85,32,2048,lpm,0.85,0,shared_prefix,2,128,128,0,8.479060887824744,15.096011420769228,34649.47402628824,3864.5789237169215,38514.05295000516,1792.834355001105,2089.7277074400336,2628.7929331185296,2630.2353650098667,7.547646271616395,7.537565087152293,8.197771654208648,8.215158423579258,7.548432112411813,3713.6744391063994,3955.920730251819,4489.161673141643,4490.438754782081,2295.2734375,256.0,a0
qwen,82,cap32_chunk2048_pollpm_mem0.85,32,2048,lpm,0.85,0,shared_prefix,3,128,128,0,8.608409315813333,14.86918143690829,34128.83718950368,3806.5104478485214,37935.3476373522,1835.7440613835931,2155.2833968307823,2662.8662465140224,2664.190404289402,7.624370954314953,7.623471428221904,8.206715878446166,8.233864371147828,7.625026961190414,3776.015570390882,4040.451349457726,4560.361755033955,4562.306099785492,2295.2734375,256.0,a0
qwen,82,cap32_chunk2048_pollpm_mem0.85,32,2048,lpm,0.85,0,shared_prefix,4,128,128,0,8.630202527157962,14.831633394141454,34042.65416431085,3796.898148900212,37839.55231321106,1839.8596700717465,2135.1309109013528,2734.791812300682,2736.448478056118,7.667084333928443,7.529159961084975,8.50149948515144,8.526182639280584,7.6677989197486225,3789.157926701592,4024.538247613236,4585.845525423065,4587.409756085835,2295.2734375,256.0,a0
qwen,82,cap32_chunk2048_pollpm_mem0.85,32,2048,lpm,0.85,0,R_short_decode,0,8,8,0,9.013438411056995,0.8875636172524587,88.75636172524587,227.21628601662945,315.9726477418753,46.83202505111694,47.105443896725774,50.18490455113351,50.92619451694191,4.223964655059664,4.2190981508397005,4.245279439560631,4.2535541839532405,4.223964655059664,1123.9430120913312,1123.8623468670994,1129.7534625278786,1130.9975321451202,100.0,256.0,a0
qwen,82,cap32_chunk2048_pollpm_mem0.85,32,2048,lpm,0.85,0,R_short_decode,1,8,8,0,9.011203296016902,0.8877837661853806,88.77837661853806,227.27264414345743,316.0510207619955,47.66824748367071,47.942244447767735,51.17379759903997,51.40642649959773,4.224017291676764,4.238759874201873,4.24953336115269,4.250145981197848,4.224017291676764,1124.7926568612456,1127.6567201130092,1133.1185973249376,1133.745418768376,100.0,256.0,a0
qwen,82,cap32_chunk2048_pollpm_mem0.85,32,2048,lpm,0.85,0,R_short_decode,2,8,8,0,8.993310164194554,0.8895501049047255,88.95501049047256,227.7248268556097,316.6798373460823,49.14388194447383,49.05579099431634,51.60207822918892,52.170240432024,4.208534843900113,4.2107561804062,4.229626302315178,4.2318823454974615,4.208534843900113,1122.320267139003,1122.8245552629232,1127.4519910803065,1128.663310292177,100.0,256.0,a0
qwen,82,cap32_chunk2048_pollpm_mem0.85,32,2048,lpm,0.85,0,R_short_decode,3,8,8,0,9.003466004971415,0.8885466991914742,88.85466991914743,227.4679549930174,316.3226249121648,47.137987916357815,47.3134012427181,47.73975610733032,47.76720270514488,4.221952915209911,4.231752061705087,4.248398511177477,4.250065879677149,4.221952915209911,1123.7359812948853,1125.5117051769048,1130.7137785013765,1131.209081215784,100.0,256.0,a0
qwen,82,cap32_chunk2048_pollpm_mem0.85,32,2048,lpm,0.85,0,R_short_decode,4,8,8,0,8.989677025005221,0.8899096127422168,88.99096127422168,227.8168608620075,316.8078221362292,47.0783535274677,46.98980040848255,49.36863938346505,49.38939826563001,4.214681756646171,4.224235564470291,4.245886693471203,4.247976498641804,4.214681756646171,1121.8222014722414,1126.474596792832,1131.2433123821393,1132.1468769805506,100.0,256.0,a0
qwen,82,cap32_chunk2048_pollpm_mem0.85,32,2048,lpm,0.85,0,R_medium_balanced,0,16,16,0,3.406801145989448,4.696487794374353,3757.190235499482,1202.3008753598344,4959.491110859317,111.1572397639975,111.03827599436045,112.76164860464633,112.90041548199952,6.2116535075748445,6.214556160985547,6.523498246336684,6.529489358996644,6.211653507574845,1695.128884195583,1695.2611850574613,1773.654653225094,1774.1865408606827,800.0,256.0,a0
qwen,82,cap32_chunk2048_pollpm_mem0.85,32,2048,lpm,0.85,0,R_medium_balanced,1,16,16,0,3.437147588003427,4.65502268678957,3724.018149431656,1191.68580781813,4915.703957249785,107.09438656340352,106.7481532227248,109.78873900603504,109.82523353304714,6.296665373819826,6.3002165763036295,6.653733617699176,6.660202795767463,6.296665373819826,1712.744056887459,1712.8620720468462,1805.852697463706,1806.230458104983,800.0,256.0,a0
qwen,82,cap32_chunk2048_pollpm_mem0.85,32,2048,lpm,0.85,0,R_medium_balanced,2,16,16,0,3.422941177152097,4.674342669631288,3739.474135705031,1196.6317234256098,4936.105859130641,101.89465616713278,102.07037162035704,102.7447823435068,102.8272334486246,6.2909530987050015,6.293332470836592,6.661214601869384,6.666285464832304,6.2909530987050015,1706.0876963369085,1706.105528632179,1800.337512628175,1800.680457917042,800.0,256.0,a0
qwen,82,cap32_chunk2048_pollpm_mem0.85,32,2048,lpm,0.85,0,R_medium_balanced,3,16,16,0,3.490577938966453,4.583768155234929,3667.014524187944,1173.4446477401418,4840.459171928085,128.8503182004206,116.15071329288185,147.77947450056672,147.88793632760644,6.314450818086591,6.306916625951143,6.710661526349392,6.81534065088878,6.31445081808659,1739.0352768125013,1739.3233021721244,1847.754036542028,1848.3266993425784,800.0,256.0,a0
qwen,82,cap32_chunk2048_pollpm_mem0.85,32,2048,lpm,0.85,0,R_medium_balanced,4,16,16,0,3.411287989933044,4.690310535849553,3752.2484286796425,1200.7194971774857,4952.967925857129,100.55223290692084,100.3750660456717,103.13196142669769,103.27162824105471,6.264980906374095,6.266687010579249,6.622180331260989,6.626968279243538,6.264980906374095,1698.122364032315,1698.009270709008,1791.4253167109564,1791.4481112966314,800.0,256.0,a0
qwen,82,cap32_chunk2048_pollpm_mem0.85,32,2048,lpm,0.85,0,R_concurrent_decode,0,32,32,0,2.6662932382896543,12.001680663049283,2400.3361326098566,3072.4302497406165,5472.766382350474,117.23562006955036,117.19409842044116,119.59446158725768,120.05771955940872,9.937431633429073,9.935801265322986,9.94175839584832,9.952474761443836,9.937431633429073,2651.280686593964,2651.0302065871656,2653.737530647777,2654.627965823747,200.0,256.0,a0
qwen,82,cap32_chunk2048_pollpm_mem0.85,32,2048,lpm,0.85,0,R_concurrent_decode,1,32,32,0,2.664420424029231,12.010116613506687,2402.0233227013373,3074.589853057712,5476.613175759049,114.38973677286413,114.28468907251954,116.4777864702046,116.74764536786824,9.93635757642515,9.934577788682835,9.940352885089084,9.953797000478588,9.93635757642515,2648.1609187612776,2647.867560852319,2650.7083227392286,2651.204327112064,200.0,256.0,a0
qwen,82,cap32_chunk2048_pollpm_mem0.85,32,2048,lpm,0.85,0,R_concurrent_decode,2,32,32,0,2.6637225998565555,12.013262943267154,2402.652588653431,3075.3953134763915,5478.047902129822,114.44659282278737,114.43792236968876,116.66663277428596,116.81942285504192,9.936596063655053,9.935462994354904,9.9422521535855,9.953290563697616,9.936596063655053,2648.2785890548257,2648.297006962821,2650.7776784244925,2651.582842376083,200.0,256.0,a0
qwen,82,cap32_chunk2048_pollpm_mem0.85,32,2048,lpm,0.85,0,R_concurrent_decode,3,32,32,0,2.659707614220679,12.03139767277627,2406.279534555254,3080.037804230725,5486.317338785979,105.4068554803962,105.19423009827732,107.59096906986088,107.75696608703583,9.93773991786464,9.937032541333169,9.941916432706456,9.953640992588856,9.93773991786464,2639.5305345358797,2639.027019031346,2642.4221435328946,2643.375372006558,200.0,256.0,a0
qwen,82,cap32_chunk2048_pollpm_mem0.85,32,2048,lpm,0.85,0,R_concurrent_decode,4,32,32,0,2.664004815276712,12.01199029990347,2402.3980599806937,3075.0695167752883,5477.467576755982,108.5871174436761,108.38878829963504,110.91479647438972,111.07985646929592,9.937661345511692,9.937180469141284,9.939853894688628,9.953852503085692,9.937661345511692,2642.690760549158,2642.3701744060963,2645.4142531147227,2645.975830811076,200.0,256.0,a0
qwen,82,cap32_chunk2048_pollpm_mem0.85,32,2048,lpm,0.85,0,tool_agent,0,200,200,0,41.39059695461765,4.832015354098135,13046.17569522049,1001.7492631348548,14047.924958355345,257.7433352638036,206.8625867832452,587.7284770598632,697.0585202379143,43.11659537514767,13.812909606302116,201.1550437659024,352.35111468471587,11.692021238715755,2417.610418691765,845.2078811824322,7075.691931275649,9986.001480566332,2699.945,207.315,a0
qwen,82,cap32_chunk2048_pollpm_mem0.85,32,2048,lpm,0.85,0,tool_agent,1,200,200,0,41.18816137732938,4.855764212628418,13110.296307065031,1006.6727577410604,14116.969064806091,162.3974499036558,160.91891145333648,244.1585019696504,282.4545864900574,11.278950941323671,9.75132200991838,23.053395527455383,47.53938367590308,9.339629637580291,1887.7072328538636,480.16608809120953,5681.266580987722,7948.535688901316,2699.945,207.315,a0
qwen,82,cap32_chunk2048_pollpm_mem0.85,32,2048,lpm,0.85,0,tool_agent,2,200,200,0,41.18103964021429,4.856603955299251,13112.563566090435,1006.8468489928642,14119.4104150833,158.08020297437906,165.82072363235056,227.8822463704273,258.8279837509617,11.667111684980233,9.912388476573389,35.858204588294015,47.7129633538425,9.368599263473444,1888.7415449158289,468.77197455614805,5673.25781644322,7948.79096511751,2699.945,207.315,a0
qwen,82,cap32_chunk2048_pollpm_mem0.85,32,2048,lpm,0.85,0,tool_agent,3,200,200,0,41.16127172904089,4.858936364176818,13118.86094177738,1007.3303923393172,14126.191334116696,151.5466056135483,159.5393316820264,219.6019881637767,227.2096599964425,11.169076606168565,9.900044223683674,24.44414803758264,35.156514178961515,9.378763876823308,1884.0856565791184,445.34979411400855,5637.261954788119,7942.667808900583,2699.945,207.315,a0
qwen,82,cap32_chunk2048_pollpm_mem0.85,32,2048,lpm,0.85,0,tool_agent,4,200,200,0,41.21490898216143,4.852612924283386,13101.788001854307,1006.0194483978104,14107.807450252118,152.65321478480473,158.52061309851706,221.06582873966545,241.7717831581831,10.774618062361895,9.717512343330348,14.194283617093513,38.25422478839755,9.315894114934212,1873.438596224878,447.5328514818102,5580.873248260468,7991.567346779625,2699.945,207.315,a0
qwen,82,cap32_chunk2048_pollpm_mem0.85,32,2048,lpm,0.85,0,R_long_prefill,0,4,4,0,0.3525319378823042,11.346489694035704,45385.95877614282,363.0876702091426,45749.04644635197,142.59517984464765,153.78166968002915,154.41196728497744,154.4830485060811,6.488517655300036,6.12125939299022,7.393419272416541,7.5728053428352835,6.488517655300036,343.7392271589488,343.540710862726,344.3373162765056,344.43847835995257,4000.0,32.0,a0
qwen,82,cap32_chunk2048_pollpm_mem0.85,32,2048,lpm,0.85,0,R_long_prefill,1,4,4,0,0.3538975575938821,11.30270586549295,45210.8234619718,361.6865876957744,45572.51004966757,139.7469872608781,149.98331852257252,151.17473967839032,151.3286111364141,6.503559021850027,6.169553155139569,7.347955563736539,7.513888838190224,6.503559021850026,341.3573169382289,341.2394663318992,341.7771551059559,341.8520469078794,4000.0,32.0,a0
qwen,82,cap32_chunk2048_pollpm_mem0.85,32,2048,lpm,0.85,0,R_long_prefill,2,4,4,0,0.3568334891460836,11.20971019164192,44838.840766567686,358.7107261325415,45197.55149270022,143.78562557976693,154.66987527906895,155.62004109378904,155.73836020659655,6.499965667664524,6.148745688880163,7.381597593907387,7.555092931274444,6.499965667664524,345.2845612773672,345.280991634354,345.542785897851,345.5783823877573,4000.0,32.0,a0
qwen,82,cap32_chunk2048_pollpm_mem0.85,32,2048,lpm,0.85,0,R_long_prefill,3,4,4,0,0.3336671013385057,11.987996371095615,47951.98548438247,383.6158838750597,48335.60136825752,126.62100687157364,136.57866255380213,136.8026863783598,136.81938871741295,6.432637204265883,6.107887268186577,7.225138354565828,7.382051251948841,6.432637204265882,326.032760203816,325.923167867586,326.4778984012082,326.5458211535588,4000.0,32.0,a0
qwen,82,cap32_chunk2048_pollpm_mem0.85,32,2048,lpm,0.85,0,R_long_prefill,4,4,4,0,0.3423804328776896,11.682910633590271,46731.64253436108,373.8531402748887,47105.495674635975,133.7293756660074,143.95333011634648,145.31178381294012,145.48649486154318,6.479584889846944,6.143596729323749,7.334062047753362,7.5015709884164306,6.479584889846945,334.59650725126266,334.4048287253827,335.1893547689542,335.2999227447435,4000.0,32.0,a0
qwen,101,cap48_chunk-1_polfcfs_mem0.8,48,-1,fcfs,0.8,0,tool_agent,0,200,200,0,41.40398759534583,4.830452611344174,13041.956375735645,1001.4252831208172,14043.38165885646,297.21379852155223,298.404133412987,663.3886988507584,669.3996401596814,19.66936897652473,11.015023161700473,54.4555454980582,197.36513833515343,10.597232489301646,2254.893542432692,694.1697872243822,6709.829338709823,9438.79759612027,2699.945,207.315,a0
qwen,101,cap48_chunk-1_polfcfs_mem0.8,48,-1,fcfs,0.8,0,tool_agent,1,200,200,0,41.12555782403797,4.863155920114951,13130.25351073476,1008.2051695786312,14138.458680313392,150.36893125623465,164.29274156689644,235.5950125493109,236.2144635617733,10.585820490474502,9.841348299670882,13.177450871361147,37.89277039468288,9.40166813545426,1887.1860942593776,454.95856227353215,5660.735224024393,8060.796265034,2699.945,207.315,a0
qwen,101,cap48_chunk-1_polfcfs_mem0.8,48,-1,fcfs,0.8,0,tool_agent,2,200,200,0,41.22276212088764,4.851688477678687,13099.292046866183,1005.8277967499572,14105.11984361614,148.81540565751493,155.55773256346583,230.7389816036448,231.23334106523544,10.726833037710064,9.862314444035292,14.723294513785968,37.2817191015929,9.367979583978398,1879.4091141037643,452.3940742947161,5617.640994349495,7998.554607816035,2699.945,207.315,a0
qwen,101,cap48_chunk-1_polfcfs_mem0.8,48,-1,fcfs,0.8,0,tool_agent,3,200,200,0,41.21316897403449,4.852817800203763,13102.341155571148,1006.061922249243,14108.40307782039,140.16279477160424,155.68284783512354,233.36608840618285,234.308589277789,10.563624424658345,9.888950638317814,14.52401453029114,32.29409217834473,9.388602789986782,1874.5663311798128,449.91430011577904,5648.381893779151,8022.780611650082,2699.945,207.315,a0
qwen,101,cap48_chunk-1_polfcfs_mem0.8,48,-1,fcfs,0.8,0,tool_agent,4,200,200,0,41.19644513819367,4.854787817956114,13107.66009515152,1006.4703364795718,14114.130431631093,145.2207007771358,149.7549854684621,220.82401292864236,254.72995988558975,10.836541037168931,9.811740112729344,14.226386290625207,40.58129172772169,9.41957072841726,1885.3450992912983,453.9537304081023,5636.280963895842,8026.680466616522,2699.945,207.315,a0
qwen,101,cap48_chunk-1_polfcfs_mem0.8,48,-1,fcfs,0.8,0,shared_prefix,0,128,128,0,8.273940132930875,15.470259385918304,35508.475439733345,3960.386402795086,39468.86184252843,1022.566187686607,364.4791848491877,3378.8398604141544,3394.094965234399,10.036629743496324,10.5989198994768,10.962237180484568,10.963897685337738,10.036728655607698,3581.6183470960823,3153.9228204637766,6080.92592167668,6096.6031220695,2295.2734375,256.0,a0
qwen,101,cap48_chunk-1_polfcfs_mem0.8,48,-1,fcfs,0.8,0,shared_prefix,1,128,128,0,8.223986437078565,15.56422800296712,35724.1591104041,3984.442368759583,39708.60147916368,1017.0874954892496,372.5885730236769,3394.718272495083,3407.157388110645,9.885948882304664,10.056368970111304,10.884818019546277,10.88609074421373,9.88595694628779,3536.77077217435,3144.5252066478133,5957.583321398124,5971.014343271963,2295.2734375,256.0,a0
qwen,101,cap48_chunk-1_polfcfs_mem0.8,48,-1,fcfs,0.8,0,shared_prefix,2,128,128,0,8.482501917984337,15.089887539974306,34635.418045365244,3863.0112102334224,38498.42925559867,1132.6894208905287,373.1893831864,3425.399389816448,3436.3103471463546,9.540122597255172,9.98175775942703,10.864564446531528,10.86587649755472,9.540375643898004,3563.994526390161,3138.7355686165392,5970.07917414885,5982.204403779469,2295.2734375,256.0,a0
qwen,101,cap48_chunk-1_polfcfs_mem0.8,48,-1,fcfs,0.8,0,shared_prefix,3,128,128,0,8.276470266282558,15.46553009698568,35497.620428468035,3959.1757048283343,39456.79613329637,1031.9000494819193,362.5864598434418,3407.749131857417,3418.6669491650537,10.01189865625562,10.52507322610301,10.928657305536465,10.930613928584052,10.011993706576666,3584.6455698556383,3144.576633349061,6091.48959685117,6103.629872342572,2295.2734375,256.0,a0
qwen,101,cap48_chunk-1_polfcfs_mem0.8,48,-1,fcfs,0.8,0,shared_prefix,4,128,128,0,8.357503932900727,15.315577596811696,35153.43843793197,3920.787864783794,39074.22630271576,1062.0088777068304,417.41032782010734,3474.202797724865,3491.927113081329,10.100064897343044,10.75910667468812,10.90785096682535,10.908542119313545,10.100008028098008,3635.932798617432,3195.891950512305,6109.853764437139,6128.006100663915,2295.2734375,256.0,a0
qwen,101,cap48_chunk-1_polfcfs_mem0.8,48,-1,fcfs,0.8,0,R_concurrent_decode,0,32,32,0,2.662945619784296,12.016768109065657,2403.353621813131,3076.292635920808,5479.646257733939,113.20778921071906,113.05625201202928,115.34976465627552,115.63877795822918,9.953230286905011,9.952013601786366,9.956754058252509,9.969607109149152,9.953230286905011,2651.281512371497,2651.1283370200545,2653.926429338753,2654.4355187704787,200.0,256.0,a0
qwen,101,cap48_chunk-1_polfcfs_mem0.8,48,-1,fcfs,0.8,0,R_concurrent_decode,1,32,32,0,2.6606911178678274,12.026950360793302,2405.39007215866,3078.8992923630854,5484.2893645217455,110.5242163175717,110.63713114708662,112.56234431639314,112.7812630031258,9.95602864645394,9.954846115308063,9.959610868884509,9.975842995769984,9.95602864645394,2649.3115211633267,2649.351376341656,2651.3822459382936,2652.734425039962,200.0,256.0,a0
qwen,101,cap48_chunk-1_polfcfs_mem0.8,48,-1,fcfs,0.8,0,R_concurrent_decode,2,32,32,0,2.6590652209706604,12.03430429146028,2406.860858292056,3080.781898613832,5487.642756905888,106.80105567735154,106.52763140387832,108.92450287938118,109.43154234439136,9.95747459733941,9.955639231438733,9.960656755822985,9.97569206101345,9.957474597339408,2645.957077998901,2645.7916034851223,2648.853759956546,2649.594457675703,200.0,256.0,a0
qwen,101,cap48_chunk-1_polfcfs_mem0.8,48,-1,fcfs,0.8,0,R_concurrent_decode,3,32,32,0,2.664298824965954,12.010664757324628,2402.1329514649256,3074.730177875105,5476.86312934003,112.39447993284556,112.358603393659,114.2782745650038,114.43253453355284,9.955915107788956,9.955424001878676,9.958095437682726,9.970846016471292,9.955915107788956,2651.152832419029,2651.1668122839183,2653.2863174565136,2653.3798362966627,200.0,256.0,a0
qwen,101,cap48_chunk-1_polfcfs_mem0.8,48,-1,fcfs,0.8,0,R_concurrent_decode,4,32,32,0,2.66872417088598,11.990748369239087,2398.149673847817,3069.6315825252063,5467.781256373023,113.98662425926886,113.88644436374308,115.9419478615746,116.14286561030896,9.95962643709408,9.95794751170073,9.96393336649692,9.977286235538914,9.95962643709408,2653.6913657182595,2653.652000473812,2656.096450216137,2656.24547701329,200.0,256.0,a0
qwen,101,cap48_chunk-1_polfcfs_mem0.8,48,-1,fcfs,0.8,0,R_medium_balanced,0,16,16,0,3.444306859280914,4.64534684442733,3716.277475541864,1189.2087921733964,4905.48626771526,105.16765643842518,104.62167952209712,112.4905328033492,112.60938008781524,6.319544001427643,6.321930614135722,6.674229068334634,6.681674730452691,6.319544001427643,1716.6513768024745,1716.7172371409831,1813.8626893050969,1814.196213055402,800.0,256.0,a0
qwen,101,cap48_chunk-1_polfcfs_mem0.8,48,-1,fcfs,0.8,0,R_medium_balanced,1,16,16,0,3.450102377217263,4.637543542375998,3710.034833900799,1187.2111468482556,4897.245980749055,107.16171417152508,106.65529314428568,110.27892155107112,110.37038683425637,6.322977326436004,6.325130272364499,6.679262092574408,6.684855689367681,6.322977326436004,1719.5209324127063,1719.453294062987,1812.7036248333752,1812.8514983691275,800.0,256.0,a0
qwen,101,cap48_chunk-1_polfcfs_mem0.8,48,-1,fcfs,0.8,0,R_medium_balanced,2,16,16,0,3.452541104052216,4.634267780685057,3707.4142245480457,1186.3725518553747,4893.786776403421,109.98051520437002,109.73449144512416,115.0419117184356,115.27210029307751,6.317653656279778,6.319472940602139,6.675217316632032,6.680998107071455,6.317653656279777,1720.9821975557134,1720.9306890144944,1816.9775219867008,1817.1735246898609,800.0,256.0,a0
qwen,101,cap48_chunk-1_polfcfs_mem0.8,48,-1,fcfs,0.8,0,R_medium_balanced,3,16,16,0,3.4488971401005983,4.639164158874657,3711.331327099725,1187.626024671912,4898.957351771637,107.55325696663932,107.41603700444102,108.99412888102232,109.10710408352315,6.32005669838548,6.322084557191998,6.682381883957515,6.68771517828253,6.320056698385479,1719.1677150549367,1719.067882047966,1810.870624147356,1811.1766519024968,800.0,256.0,a0
qwen,101,cap48_chunk-1_polfcfs_mem0.8,48,-1,fcfs,0.8,0,R_medium_balanced,4,16,16,0,3.472511718049645,4.607615840958626,3686.0926727669007,1179.5496552854083,4865.642328052309,112.85533689078876,112.9591774661094,113.98030293639748,114.10792998503894,6.326814457162412,6.329875159095607,6.694315434616132,6.70024834618922,6.326814457162412,1726.1930234672036,1726.148963207379,1820.7305748946965,1821.1401929147544,800.0,256.0,a0
qwen,101,cap48_chunk-1_polfcfs_mem0.8,48,-1,fcfs,0.8,0,R_long_prefill,0,4,4,0,0.3547267541289329,11.27628506573292,45105.14026293168,360.8411221034534,45465.981385035135,143.03718775045127,153.6041395738721,155.3175167646259,155.5414046626538,6.524186832980523,6.186129382601187,7.413772678363227,7.587043074290118,6.524186832980524,345.2869795728475,345.3741504345089,345.8254352677613,345.872507924214,4000.0,32.0,a0
qwen,101,cap48_chunk-1_polfcfs_mem0.8,48,-1,fcfs,0.8,0,R_long_prefill,1,4,4,0,0.3532920535653829,11.322077469992484,45288.30987996994,362.3064790397595,45650.61635900969,143.21812661364677,154.81151617132127,155.34025526139885,155.3946813615039,6.51180723141278,6.140382126754811,7.443989697663534,7.627989239690285,6.51180723141278,345.0841507874429,345.1633621007204,345.66931889858097,345.7217430649325,4000.0,32.0,a0
qwen,101,cap48_chunk-1_polfcfs_mem0.8,48,-1,fcfs,0.8,0,R_long_prefill,2,4,4,0,0.3453782298602164,11.581505880144515,46326.02352057806,370.6081881646245,46696.63170874269,136.09494222328067,146.44393767230213,147.32996558304876,147.43530079256743,6.488412937840387,6.153264518586859,7.339948864142981,7.50702101932538,6.488412937840387,337.23574329633266,337.19513774849474,337.92142488528043,338.0184607813135,4000.0,32.0,a0
qwen,101,cap48_chunk-1_polfcfs_mem0.8,48,-1,fcfs,0.8,0,R_long_prefill,3,4,4,0,0.3790732990019023,10.552048932309331,42208.19572923733,337.66556583389865,42545.86129507123,163.645023945719,175.3020512405783,177.76069822721183,178.09027588926256,6.561658007182902,6.179498538615242,7.560992702060648,7.754945748695923,6.561658007182902,367.05642216838896,366.8813647236675,367.6002852153033,367.6878788974136,4000.0,32.0,a0
qwen,101,cap48_chunk-1_polfcfs_mem0.8,48,-1,fcfs,0.8,0,R_long_prefill,4,4,4,0,0.3600658122450113,11.109080240248272,44436.32096099309,355.49056768794475,44791.81152868104,145.14577039517462,156.3320984132588,156.92963113542646,156.99667825829238,6.529831229859302,6.171872884395622,7.431942211734431,7.609832591917966,6.529831229859303,347.570538520813,347.6601578295231,348.1280436739325,348.17673314362764,4000.0,32.0,a0
qwen,101,cap48_chunk-1_polfcfs_mem0.8,48,-1,fcfs,0.8,0,R_short_decode,0,8,8,0,9.094947182573378,0.8796092862780576,87.96092862780576,225.17997728718277,313.14090591498854,50.66369980340824,50.71931635029614,52.76985543314368,52.83266470301896,4.253303507735551,4.251351797332367,4.259834184731338,4.260296361776544,4.25330350773555,1135.2560942759735,1135.376464575529,1136.9813931640238,1137.1895121317357,100.0,256.0,a0
qwen,101,cap48_chunk-1_polfcfs_mem0.8,48,-1,fcfs,0.8,0,R_short_decode,1,8,8,0,9.096774545032533,0.8794325901336704,87.94325901336704,225.1347430742196,313.07800208758664,50.58333504712209,50.8840000256896,52.42342364508659,52.7223781729117,4.2548838455010864,4.253529222207327,4.261090733275256,4.261351724995264,4.254883845501086,1135.578715649899,1135.399360442534,1137.3557047452778,1137.4719282519072,100.0,256.0,a0
qwen,101,cap48_chunk-1_polfcfs_mem0.8,48,-1,fcfs,0.8,0,R_short_decode,2,8,8,0,9.07661968516186,0.8813853920835882,88.13853920835882,225.6346603733986,313.7731995817574,48.52947528706864,48.0975266546011,52.92159428354353,53.38520988356322,4.25310375205442,4.2518393437871165,4.259863691769686,4.260033612778666,4.25310375205442,1133.0709320609458,1132.5042671523988,1138.2243057945743,1139.3774755718186,100.0,256.0,a0
qwen,101,cap48_chunk-1_polfcfs_mem0.8,48,-1,fcfs,0.8,0,R_short_decode,3,8,8,0,9.092172232922168,0.8798777448399535,87.98777448399535,225.2487026790281,313.23647716302344,49.7695044032298,51.253437995910645,53.92963353078813,54.36771085020155,4.254328757159266,4.253562039458284,4.259604550532851,4.259833811617949,4.254328757159266,1134.6233374788426,1137.1548557654023,1138.553274422884,1138.8746149092913,100.0,256.0,a0
qwen,101,cap48_chunk-1_polfcfs_mem0.8,48,-1,fcfs,0.8,0,R_short_decode,4,8,8,0,9.079348277766258,0.8811205116550718,88.11205116550718,225.5668509836984,313.6789021492056,48.11789275845513,48.42862021178007,52.95590173918754,53.41113331262022,4.254190211969556,4.253318599954833,4.259405713345783,4.25965526031659,4.254190211969555,1132.9363968106918,1133.5485221352428,1137.6317023765296,1138.028031801805,100.0,256.0,a0
lfm25,132,cap64_chunk2048_polfcfs_mem0.75,64,2048,fcfs,0.75,0,R_medium_balanced,0,16,16,0,2.3334441957995296,6.856817072721027,5485.453658176822,1755.345170616583,7240.798828793404,109.33201891020872,110.58218637481332,131.89375575166196,131.89494793768972,4.117146017618806,4.203176729417606,4.315465843012811,4.413930027398701,4.117146017618806,1159.2042534030045,1159.3717376235873,1198.085879790597,1198.5513165360317,800.0,256.0,a0
lfm25,132,cap64_chunk2048_polfcfs_mem0.75,64,2048,fcfs,0.75,0,R_medium_balanced,1,16,16,0,2.327676650136709,6.87380697789802,5499.045582318416,1759.6945863418932,7258.740168660309,96.52578487293796,95.99016699939966,109.02591561898588,109.36937918886542,4.156698956834518,4.216248145801764,4.329428447446986,4.406194181053662,4.156698956834517,1156.48401886574,1156.8876043893397,1189.265018911101,1190.3453883947805,800.0,256.0,a0
lfm25,132,cap64_chunk2048_polfcfs_mem0.75,64,2048,fcfs,0.75,0,R_medium_balanced,2,16,16,0,2.3547255410812795,6.794847094006919,5435.877675205535,1739.4808560657711,7175.358531271306,103.646106144879,106.2381186056882,114.9927662918344,115.17248128075153,4.179191045285038,4.239191935744648,4.364675389347123,4.457024849366907,4.179191045285038,1169.3398226925638,1170.000861864537,1205.9873751131818,1206.561728543602,800.0,256.0,a0
lfm25,132,cap64_chunk2048_polfcfs_mem0.75,64,2048,fcfs,0.75,0,R_medium_balanced,3,16,16,0,2.3308901200070977,6.864330438687208,5491.464350949766,1757.2685923039253,7248.732943253692,97.36677780165336,100.67772259935737,106.80698906071484,106.9001114461571,4.157239488011007,4.210650912650368,4.329265028183514,4.415505859069526,4.157239488011006,1157.46284724446,1157.2889043018222,1192.9679122986272,1193.2657920056954,800.0,256.0,a0
lfm25,132,cap64_chunk2048_polfcfs_mem0.75,64,2048,fcfs,0.75,0,R_medium_balanced,4,16,16,0,2.326781264040619,6.876452138958209,5501.161711166567,1760.3717475733015,7261.533458739868,93.61239030840808,93.7962403986603,104.21997355297208,104.39935633912684,4.166507850830242,4.219080803587156,4.346717144453935,4.4150443745813535,4.166507850830242,1156.07189227012,1156.4024351537228,1192.7374110091478,1193.1101145688444,800.0,256.0,a0
lfm25,132,cap64_chunk2048_polfcfs_mem0.75,64,2048,fcfs,0.75,0,R_short_decode,0,8,8,0,4.779863337986171,1.6736880187395735,167.36880187395735,428.4641327973309,595.8329346712882,25.597056839615107,25.929282885044813,26.967083266936243,27.13983825873584,2.2356927341332438,2.2350802908048912,2.239294714286537,2.2393315072133717,2.2356909450350027,595.4187864554115,595.0929215177894,597.2485320875421,597.313397792168,100.0,256.0,a0
lfm25,132,cap64_chunk2048_polfcfs_mem0.75,64,2048,fcfs,0.75,0,R_short_decode,1,8,8,0,4.774194952100515,1.6756751829918923,167.56751829918923,428.9728468459245,596.5403651451137,24.98911583097652,24.356581969186664,27.53662511240691,28.1675968458876,2.235137768508306,2.234770588613316,2.2391308272509507,2.239880473485902,2.2351353505992635,594.6692383149639,594.0798250958323,597.3444597562775,598.2750638900325,100.0,256.0,a0
lfm25,132,cap64_chunk2048_polfcfs_mem0.75,64,2048,fcfs,0.75,0,R_short_decode,2,8,8,0,4.775557809043676,1.6751969759113925,167.51969759113925,428.8504258333164,596.3701234244556,25.21961193997413,25.32730856910348,25.66959341056645,25.767730930820107,2.2347845254702903,2.234475148439992,2.2386449376060487,2.2395863611652578,2.234782055047737,594.8096882202663,594.8718008585274,595.5933074001223,595.6009727437049,100.0,256.0,a0
lfm25,132,cap64_chunk2048_polfcfs_mem0.75,64,2048,fcfs,0.75,0,R_short_decode,3,8,8,0,4.77613108465448,1.6749959032120545,167.49959032120543,428.7989512222859,596.2985415434914,24.98337463475764,25.0183476600796,25.79910836648196,25.866280063055456,2.235358099868738,2.234977269179973,2.2390737381807755,2.240014083863155,2.235355701109339,594.7196589550003,594.4597527850419,595.9235431393608,596.0249696252868,100.0,256.0,a0
lfm25,132,cap64_chunk2048_polfcfs_mem0.75,64,2048,fcfs,0.75,0,R_short_decode,4,8,8,0,4.77863580500707,1.674117954671828,167.41179546718277,428.574196395988,595.9859918631707,27.79105241643265,24.88984959200025,40.21627465263008,46.29610443487763,2.2281998672927874,2.235284972680258,2.2380873918825506,2.2382205810909177,2.228221376230017,595.4304480110295,594.8012480512261,599.2448530392721,600.3256647894159,100.0,256.0,a0
lfm25,132,cap64_chunk2048_polfcfs_mem0.75,64,2048,fcfs,0.75,0,shared_prefix,0,128,128,0,4.805081640835851,26.638465184898337,62572.50604127065,6819.447087333974,69391.95312860463,369.7604283661349,350.6293846294284,416.3116546813399,446.9642148492858,7.887629570505655,7.922300934681997,8.090781389333893,8.092386630856815,7.887629570505655,2381.105968845077,2366.4433816447854,2412.0859856251627,2413.694010083564,2348.953125,256.0,a0
lfm25,132,cap64_chunk2048_polfcfs_mem0.75,64,2048,fcfs,0.75,0,shared_prefix,1,128,128,0,4.758339482825249,26.900140366613854,63187.16877709627,6886.435933853148,70073.60471094941,367.64651696285,379.48627467267215,422.8307394776493,460.2891876827925,7.797482135912801,7.826905035614675,7.906080671385222,7.907475855183221,7.797482135912801,2356.004461620614,2338.2122034672648,2414.71612167079,2416.8063665367663,2348.953125,256.0,a0
lfm25,132,cap64_chunk2048_polfcfs_mem0.75,64,2048,fcfs,0.75,0,shared_prefix,2,128,128,0,4.751331684179604,26.93981572075857,63280.36432419997,6896.592824514194,70176.95714871417,348.2079603090824,357.17579536139965,386.6710060974583,422.67294107005,7.85693994441537,7.907509836642179,7.955102584251732,7.959106125394065,7.856940092794164,2351.6663016271195,2339.9133859202266,2378.0880531761795,2379.1817128425464,2348.953125,256.0,a0
lfm25,132,cap64_chunk2048_polfcfs_mem0.75,64,2048,fcfs,0.75,0,shared_prefix,3,128,128,0,5.114905767142773,25.02489895752309,58782.3146090831,6406.374133125911,65188.68874220901,564.8337961174548,576.3723494019359,804.6781861688942,806.250120298937,7.359456851014573,7.623408044524052,7.916122162349375,7.91765828242562,7.359817564428893,2441.1272864490456,2363.78384497948,2718.462946335785,2719.788501597941,2348.953125,256.0,a0
lfm25,132,cap64_chunk2048_polfcfs_mem0.75,64,2048,fcfs,0.75,0,shared_prefix,4,128,128,0,4.722188080660999,27.10607832928224,63670.9073980623,6939.156052296254,70610.06345035855,348.4804136751336,352.3492682725191,400.8330378448591,401.6878412896767,7.811247081611095,7.859417093990773,7.925273995280412,7.926669213884309,7.811247081611095,2340.348419485963,2334.0883005876094,2359.98633322306,2361.8766330508515,2348.953125,256.0,a0
lfm25,132,cap64_chunk2048_polfcfs_mem0.75,64,2048,fcfs,0.75,0,R_long_prefill,0,4,4,0,0.2246388881467282,17.80635593863563,71225.42375454251,569.8033900363401,71795.22714457886,99.25455960910767,105.07972654886544,107.4856084305793,107.80224823392928,3.511690080255991,3.352447142524104,4.089523848867224,4.192879427705081,3.511690080255991,208.1169520970434,209.00558796711263,209.6924213692546,209.74460039287808,4000.0,32.0,a0
lfm25,132,cap64_chunk2048_polfcfs_mem0.75,64,2048,fcfs,0.75,0,R_long_prefill,1,4,4,0,0.2130436920560896,18.77549136233937,75101.96544935749,600.8157235948598,75702.78117295235,95.56462557520716,101.347332354635,103.36322635412216,103.62751580774784,3.4210011588349456,3.2369258903688003,3.951840072629913,4.052695998501393,3.421001158834946,201.6156614990905,201.6920349560678,202.2156128892675,202.2714896174148,4000.0,32.0,a0
lfm25,132,cap64_chunk2048_polfcfs_mem0.75,64,2048,fcfs,0.75,0,R_long_prefill,2,4,4,0,0.2171012926846742,18.424579377377288,73698.31750950914,589.5865400760732,74287.90404958522,100.4111471120268,106.3164989463985,107.75739399250595,107.94075555633754,3.401954996309453,3.204924700361106,3.925518679522698,4.026223161528186,3.401954996309453,205.87175199761987,205.6691646575928,206.48848672863096,206.59239522647115,4000.0,32.0,a0
lfm25,132,cap64_chunk2048_polfcfs_mem0.75,64,2048,fcfs,0.75,0,R_long_prefill,3,4,4,0,0.22006342606619,18.17657786894989,72706.31147579956,581.6504918063965,73287.96196760597,102.54218464251608,108.5516968742013,110.53925564046948,110.79472302924842,3.4224557532598414,3.222851323023919,3.9741316742654287,4.0793374852247295,3.422455753259842,208.6383129935712,208.48892419599,209.3832778511569,209.4619051879272,4000.0,32.0,a0
lfm25,132,cap64_chunk2048_polfcfs_mem0.75,64,2048,fcfs,0.75,0,R_long_prefill,4,4,4,0,0.2065742444247007,19.363498151184366,77453.99260473746,619.6319408378997,78073.62454557537,91.48719033692032,96.52103949338198,98.19057018030436,98.22209178004414,3.3572717089085806,3.1871608563608698,3.822518786745927,3.9051722201909262,3.357271708908581,195.56261331308636,195.325170410797,196.2345040636137,196.34899130556727,4000.0,32.0,a0
lfm25,132,cap64_chunk2048_polfcfs_mem0.75,64,2048,fcfs,0.75,0,tool_agent,0,200,200,0,38.090885935816914,5.250599850499663,14000.987031349876,1088.5281080063376,15089.515139356214,236.58559558913112,184.3789874110371,552.085664216429,643.1889874627814,19.56874038005829,3.910513361915946,114.95422990992664,256.11181423068047,3.738942872216639,927.299207088072,609.311704756692,2213.7543353484944,2673.6886578146305,2666.55,207.315,a0
lfm25,132,cap64_chunk2048_polfcfs_mem0.75,64,2048,fcfs,0.75,0,tool_agent,1,200,200,0,37.95103094400838,5.269949063968064,14052.582676524042,1092.5394901965392,15145.12216672058,142.97271810472012,136.56838587485254,245.85569226183,331.59733093343675,6.856879000800729,3.3386129820290296,31.802065530791857,56.26122715882959,3.133753779342773,721.792709918227,288.33502484485507,1905.678015504964,2375.338207064193,2666.55,207.315,a0
lfm25,132,cap64_chunk2048_polfcfs_mem0.75,64,2048,fcfs,0.75,0,tool_agent,2,200,200,0,38.03453294886276,5.258379280452819,14021.731270291464,1090.1409005270762,15111.87217081854,134.7946516936645,133.2577809225768,207.0183524629101,260.9847127553076,6.225180890089432,3.2408723372935766,31.602380983531425,44.0246082469821,3.090280782450725,705.6158664240502,270.09532880038023,1920.5758073367176,2310.213497569781,2666.55,207.315,a0
lfm25,132,cap64_chunk2048_polfcfs_mem0.75,64,2048,fcfs,0.75,0,tool_agent,3,200,200,0,38.0895803081803,5.250779829596785,14001.466954611304,1088.5654203728573,15090.032374984165,126.19166916469112,117.46526602655648,209.84274335205555,220.53005190566185,5.270754319214478,3.2441084215577733,20.928396563977003,41.66286874562502,3.05353952160075,690.2262218971737,252.19717877916992,1898.9455019123848,2345.095639852804,2666.55,207.315,a0
lfm25,132,cap64_chunk2048_polfcfs_mem0.75,64,2048,fcfs,0.75,0,tool_agent,4,200,200,0,38.03006989602,5.258996382253056,14023.376803096886,1090.2688349867922,15113.64563808368,122.70491648931056,117.84593760967256,190.595516259782,225.19057462457567,4.869881258512823,3.211092054932812,20.26720317080615,40.13391791842878,3.051115617434243,686.2917377636768,241.13330966793,1892.412444204092,2318.612491735254,2666.55,207.315,a0
lfm25,132,cap64_chunk2048_polfcfs_mem0.75,64,2048,fcfs,0.75,0,R_concurrent_decode,0,32,32,0,1.4452133583836255,22.142059381315057,4428.411876263011,5668.367201616655,10096.779077879666,122.2640594933182,135.64750994555652,140.35956237930804,140.54852607194334,5.1181846602440935,5.064932445027664,5.194874758028663,5.294754261023128,5.118184660244094,1427.4011478555622,1427.1178341004995,1429.619869031012,1430.2974002901465,200.0,256.0,a0
lfm25,132,cap64_chunk2048_polfcfs_mem0.75,64,2048,fcfs,0.75,0,R_concurrent_decode,1,32,32,0,1.468966420274228,21.7840241671598,4356.80483343196,5576.710186792909,9933.51502022487,137.4893100000918,158.48188591189682,162.72594437468797,162.92788366787136,5.151398169098185,5.06598561837831,5.2656680367448745,5.370611967920673,5.151398169098185,1451.0958431201288,1450.8436894975605,1454.0604190900922,1454.9158519646153,200.0,256.0,a0
lfm25,132,cap64_chunk2048_polfcfs_mem0.75,64,2048,fcfs,0.75,0,R_concurrent_decode,2,32,32,0,1.4566856613382697,21.967676932167592,4393.535386433518,5623.725294634904,10017.26068106842,131.8446573422989,146.23856986872852,150.25090093258768,150.49623946659267,5.126642896885089,5.066855214353579,5.205036839378961,5.313688438184851,5.126642896885088,1439.1385960479963,1438.6690014507622,1441.8303485261276,1442.0398505358023,200.0,256.0,a0
lfm25,132,cap64_chunk2048_polfcfs_mem0.75,64,2048,fcfs,0.75,0,R_concurrent_decode,3,32,32,0,1.4467013361863792,22.119285577183863,4423.857115436773,5662.537107759069,10086.39422319584,124.41256847523618,137.45198165997863,141.5873802267015,141.74846054520458,5.113500563882054,5.064449327833513,5.188407630878775,5.2972132451649685,5.113500563882054,1428.35521226516,1428.2248271629214,1431.9376336876303,1432.2681944770738,200.0,256.0,a0
lfm25,132,cap64_chunk2048_polfcfs_mem0.75,64,2048,fcfs,0.75,0,R_concurrent_decode,4,32,32,0,1.4537915172986686,22.01140921461704,4402.281842923408,5634.920758941962,10037.202601865369,124.39547569374554,137.09305715747178,140.6531968852505,140.7954381452873,5.147126047557,5.094531761007566,5.215342179415565,5.32408063807616,5.147126047557001,1436.9126178207807,1436.6215418558568,1439.541036053561,1439.928360497579,200.0,256.0,a0
lfm25,167,cap96_chunk8192_polfcfs_mem0.9,96,8192,fcfs,0.9,0,R_short_decode,0,8,8,0,4.764951930847019,1.678925646282001,167.8925646282001,429.80496544819226,597.6975300763924,25.13562241801992,25.23028082214296,27.38486109301448,27.534670513123277,2.231408050231666,2.2306853978365075,2.234750859369204,2.2353874532937525,2.23140602053498,593.8652319018729,594.0755947958678,595.4970787279308,595.5384838394821,100.0,256.0,a0
lfm25,167,cap96_chunk8192_polfcfs_mem0.9,96,8192,fcfs,0.9,0,R_short_decode,1,8,8,0,4.766486250795424,1.6783852043347387,167.83852043347386,429.6666123096931,597.505132743167,24.969551363028582,24.4246379006654,26.55447656288743,26.6183559037745,2.231796800019227,2.231172778114092,2.235529648587401,2.235593094827798,2.231793170127656,593.5188614530489,593.2271631900221,594.653820246458,594.8274030536413,100.0,256.0,a0
lfm25,167,cap96_chunk8192_polfcfs_mem0.9,96,8192,fcfs,0.9,0,R_short_decode,2,8,8,0,4.779779287055135,1.6737174500224408,167.37174500224407,428.4716672057448,595.8434122079889,25.17973905196413,25.22140298970044,28.392840758897364,28.430126351304352,2.238716362334669,2.231227706971706,2.267305850252217,2.274847814703689,2.238718116342612,595.7730189547874,594.7125928942114,601.1813859920949,601.4535579737276,100.0,256.0,a0
lfm25,167,cap96_chunk8192_polfcfs_mem0.9,96,8192,fcfs,0.9,0,R_short_decode,3,8,8,0,4.749216033611447,1.6844885436631865,168.44885436631864,431.2290671777757,599.6779215440944,23.043875175062567,23.24066893197596,24.873639806173745,25.35153205972165,2.231114565034124,2.2308390642351963,2.234321385291309,2.235229842239979,2.2311124353669127,591.6986571392044,591.9122349005193,593.4191118227318,593.8752247998491,100.0,256.0,a0
lfm25,167,cap96_chunk8192_polfcfs_mem0.9,96,8192,fcfs,0.9,0,R_short_decode,4,8,8,0,4.769272314850241,1.6774047426669547,167.7404742666955,429.4156141227404,597.1560883894359,25.02653159899637,24.701284943148494,27.317416272126135,28.03880542051047,2.2332100821798804,2.231818538013042,2.2372543398181306,2.2373029243967992,2.2332091240715664,594.2157070967369,594.3776578642428,595.7991776056588,595.9204144217074,100.0,256.0,a0
lfm25,167,cap96_chunk8192_polfcfs_mem0.9,96,8192,fcfs,0.9,0,R_medium_balanced,0,16,16,0,2.2595912190154195,7.080926791250208,5664.741433000167,1812.717258560053,7477.458691560219,103.33176411222668,103.83557761088014,105.08608573582023,105.27973647695036,3.990925533592007,3.9992630573026102,4.280456063775893,4.293095959514818,3.990925533592007,1121.0177751781885,1121.9902199227363,1195.2572610462084,1195.678230677731,800.0,256.0,a0
lfm25,167,cap96_chunk8192_polfcfs_mem0.9,96,8192,fcfs,0.9,0,R_medium_balanced,1,16,16,0,2.2581541570834816,7.08543300722427,5668.346405779416,1813.8708498494127,7482.21725562883,103.55606919620186,104.09122239798307,104.79199758265167,104.9500459106639,3.996965451869091,4.006331843123132,4.283200087500553,4.297724722647199,3.9969654518690905,1122.78225942282,1123.0988833121955,1195.5426093190908,1196.2525073438885,800.0,256.0,a0
lfm25,167,cap96_chunk8192_polfcfs_mem0.9,96,8192,fcfs,0.9,0,R_medium_balanced,2,16,16,0,2.258912288118154,7.083055010218755,5666.444008175004,1813.2620826160007,7479.7060907910045,100.9198562533129,99.82368862256408,104.98241859022528,105.09764209855348,3.991413784701852,4.00054628376429,4.2839559616849705,4.295339239213396,3.991413784701852,1118.7303713522851,1119.6253653615713,1191.1630750400946,1191.5078179677948,800.0,256.0,a0
lfm25,167,cap96_chunk8192_polfcfs_mem0.9,96,8192,fcfs,0.9,0,R_medium_balanced,3,16,16,0,2.2633813498541717,7.069069470343949,5655.25557627516,1809.681784408051,7464.93736068321,106.87292108195834,105.6205565109849,114.0918015735224,114.20724524650724,3.9936284508382647,4.000011014332082,4.285053301639125,4.2975195714583,3.993628450838264,1125.2481760457158,1125.375140691176,1193.667625193484,1194.0157750854269,800.0,256.0,a0
lfm25,167,cap96_chunk8192_polfcfs_mem0.9,96,8192,fcfs,0.9,0,R_medium_balanced,4,16,16,0,2.267671192996204,7.055696632482108,5644.557305985686,1806.25833791542,7450.815643901106,106.65910193347372,106.23324941843748,113.17908542696388,113.47714283037932,3.9930685125428313,4.00297935485986,4.283622548659789,4.2959057040256905,3.993068512542831,1124.8915726318955,1126.4776878524572,1195.2435243874788,1195.393243059516,800.0,256.0,a0
lfm25,167,cap96_chunk8192_polfcfs_mem0.9,96,8192,fcfs,0.9,0,R_concurrent_decode,0,32,32,0,1.4684213707223537,21.792109974712773,4358.421994942554,5578.78015352647,9937.202148469025,141.7751974950079,143.41873629018664,144.89725476596504,145.14033946208656,5.129499544273131,5.125363319929616,5.129074388749752,5.264186140661146,5.129499544273131,1449.7975812846562,1449.7581995092332,1452.070906851441,1452.9580343700943,200.0,256.0,a0
lfm25,167,cap96_chunk8192_polfcfs_mem0.9,96,8192,fcfs,0.9,0,R_concurrent_decode,1,32,32,0,1.4503927086479962,22.06299011929621,4412.598023859241,5648.125470539829,10060.72349439907,127.13078880915418,128.03301448002458,130.15377924311906,130.2510872622952,5.1289472012785176,5.12680769624079,5.132973297115634,5.2238295581739616,5.1289472012785176,1435.012325135176,1434.6500583924353,1438.623074395582,1439.078924334608,200.0,256.0,a0
lfm25,167,cap96_chunk8192_polfcfs_mem0.9,96,8192,fcfs,0.9,0,R_concurrent_decode,2,32,32,0,1.4685090212151408,21.79080927505716,4358.161855011432,5578.447174414632,9936.609029426065,141.3045491790399,143.47219839692116,145.3954977914691,145.67428305279464,5.133943722581071,5.138027923656445,5.144476285569516,5.29086156938152,5.133943722581071,1450.460198437213,1449.4364997372031,1455.0579420058057,1455.7636262197047,200.0,256.0,a0
lfm25,167,cap96_chunk8192_polfcfs_mem0.9,96,8192,fcfs,0.9,0,R_concurrent_decode,3,32,32,0,1.471315260976553,21.749247662095687,4349.849532419137,5567.807401496496,9917.656933915634,147.02552586095408,148.28066737391055,149.95974993798882,150.10374745354056,5.130406107762646,5.127177048730207,5.129625488109156,5.2357206756943,5.130406107762646,1455.2790833404288,1455.1691855303943,1457.7160881832242,1457.8433541581037,200.0,256.0,a0
lfm25,167,cap96_chunk8192_polfcfs_mem0.9,96,8192,fcfs,0.9,0,R_concurrent_decode,4,32,32,0,1.4613904180005193,21.89695484919255,4379.390969838511,5605.620441393293,9985.011411231804,133.17057893436868,134.082238888368,136.04148549493402,136.8826293759048,5.127319866989959,5.123999052881903,5.129265882732237,5.229321035501712,5.127319866989958,1440.637145016808,1440.526579739526,1443.8213814981282,1446.9651639834046,200.0,256.0,a0
lfm25,167,cap96_chunk8192_polfcfs_mem0.9,96,8192,fcfs,0.9,0,shared_prefix,0,128,128,0,5.052996719256043,25.331502692692336,59502.51241094557,6484.864689329238,65987.37710027481,478.0793340942182,503.4343095030636,586.6098512895405,594.7002240316942,7.94493744224561,7.705983741428046,8.637591050024712,8.648546773392487,7.944937442245611,2504.038381866849,2491.857411339879,2550.9018290322274,2553.301780871116,2348.953125,256.0,a0
lfm25,167,cap96_chunk8192_polfcfs_mem0.9,96,8192,fcfs,0.9,0,shared_prefix,1,128,128,0,4.82237208308652,26.54295392280776,62348.15456371031,6794.996204238787,69143.15076794909,399.48109145552735,411.6419954225421,460.384964896366,461.2885347334668,7.815839876774607,7.760970105471856,8.13549087711555,8.13916153387696,7.815839876774607,2392.520260033052,2395.7224185578525,2409.8710699239746,2411.1024285899475,2348.953125,256.0,a0
lfm25,167,cap96_chunk8192_polfcfs_mem0.9,96,8192,fcfs,0.9,0,shared_prefix,2,128,128,0,5.102720458060503,25.084658478166297,58922.68692184646,6421.672570410572,65344.35949225704,556.6054078481102,572.749448241666,741.2820476572961,743.9621458668262,7.538563361037182,7.721040162312634,7.937096756444697,7.943234649139876,7.538593808224017,2478.887933681108,2409.9702988751237,2660.445656324737,2662.0274053281173,2348.953125,256.0,a0
lfm25,167,cap96_chunk8192_polfcfs_mem0.9,96,8192,fcfs,0.9,0,shared_prefix,3,128,128,0,4.825193508062512,26.52743351870184,62311.69786198444,6791.022980787671,69102.7208427721,388.5428715329908,385.8691544737667,451.505525643006,452.4147562729195,7.850104501523995,7.878547830178457,8.133773816585101,8.139932074328408,7.850104501523995,2390.3195194216096,2395.458753919229,2405.349179985933,2407.515116231516,2348.953125,256.0,a0
lfm25,167,cap96_chunk8192_polfcfs_mem0.9,96,8192,fcfs,0.9,0,shared_prefix,4,128,128,0,4.781383763998747,26.77049287776716,62882.63290302142,6853.246176708393,69735.87907972981,367.6098049800203,358.8915790896863,432.8821057453752,433.7999967020005,7.85607522113566,7.897490847344491,8.097734475398765,8.101275438168908,7.856075221135661,2370.9089863696136,2371.976676164195,2394.339608121664,2396.2469802284613,2348.953125,256.0,a0
lfm25,167,cap96_chunk8192_polfcfs_mem0.9,96,8192,fcfs,0.9,0,R_long_prefill,0,4,4,0,0.2770306291058659,14.43883664745034,57755.34658980136,462.0427727184109,58217.38936251977,164.01775181293488,164.5438594277948,164.9837454315275,165.0287579279393,3.208314203807423,3.180077472220986,3.28404464638762,3.298573621037987,3.208314203807423,263.475492130965,263.3138131350279,264.2033729236573,264.2900019045919,4000.0,32.0,a0
lfm25,167,cap96_chunk8192_polfcfs_mem0.9,96,8192,fcfs,0.9,0,R_long_prefill,1,4,4,0,0.2705991799011826,14.782010800848395,59128.04320339358,473.0243456271487,59601.06754902073,159.41140661016107,160.0368288345635,160.38414898794144,160.4164802795276,3.2604762405577685,3.2335288387032284,3.3383820318586883,3.3530640672712075,3.2604762405577685,260.4861700674519,260.27703401632607,261.0804525436833,261.18103253189474,4000.0,32.0,a0
lfm25,167,cap96_chunk8192_polfcfs_mem0.9,96,8192,fcfs,0.9,0,R_long_prefill,2,4,4,0,0.2738515818491578,14.606452053299693,58425.80821319877,467.40646570559016,58893.21467890436,162.96942660119385,163.67856855504215,164.0998494112864,164.1367669450119,3.222929869568156,3.190737886113986,3.3096124050057223,3.326121291536237,3.2229298695681554,262.88025255780667,262.90504774078727,263.5382710257545,263.597475704737,4000.0,32.0,a0
lfm25,167,cap96_chunk8192_polfcfs_mem0.9,96,8192,fcfs,0.9,0,R_long_prefill,3,4,4,0,0.2764680087566376,14.468220095298696,57872.88038119479,462.9830430495583,58335.86342424435,163.88812358491123,164.5862937439233,165.02784949261695,165.06379696074873,3.2756435684859757,3.243422008029396,3.354743005888116,3.370363794627689,3.2756435684859757,265.43307420797646,265.4690849594772,265.8627395052463,265.9001173172146,4000.0,32.0,a0
lfm25,167,cap96_chunk8192_polfcfs_mem0.9,96,8192,fcfs,0.9,0,R_long_prefill,4,4,4,0,0.280919736251235,14.238942601108947,56955.7704044358,455.6461632354864,57411.41656767128,163.48241665400565,164.03037053532898,164.47489163838327,164.5150620769709,3.2661306904628877,3.2441420105075647,3.3475563523449723,3.3618136469815525,3.2661306904628877,264.73246805835515,264.92613018490374,265.5952603556216,265.65548243001103,4000.0,32.0,a0
lfm25,167,cap96_chunk8192_polfcfs_mem0.9,96,8192,fcfs,0.9,0,tool_agent,0,200,200,0,38.04779546521604,5.256546340059137,14016.84364308469,1089.76090448936,15106.604547574052,253.0754576227628,234.0134794358164,520.0414650607854,528.1419972795993,9.643745692405576,3.2822518230621087,36.79788764566179,155.3535113763064,3.240751529825161,851.7556914850138,494.1514069214463,2048.9407405722886,2561.5505706472272,2666.55,207.315,a0
lfm25,167,cap96_chunk8192_polfcfs_mem0.9,96,8192,fcfs,0.9,0,tool_agent,1,200,200,0,37.92538244090974,5.273513070345784,14062.086277730548,1093.2783621787362,15155.364639909283,208.62713075010103,201.68152381666005,354.123431048356,431.6080307448283,6.632407226229485,3.2523272728378125,20.838723750784997,84.31280496530235,3.069189754676955,775.5985541315749,351.14436061121523,1921.5426599374036,2379.5790098188404,2666.55,207.315,a0
lfm25,167,cap96_chunk8192_polfcfs_mem0.9,96,8192,fcfs,0.9,0,tool_agent,2,200,200,0,37.91347015090287,5.275169991139342,14066.504539872614,1093.621866713053,15160.126406585669,201.49394707987085,200.8471330627799,321.0318283643564,429.6105401543901,6.148655441523118,3.2363122205465698,20.63788017258048,61.88896474428475,3.075168012051621,769.5543581061065,339.0446587000042,1910.98455893807,2332.3316625226216,2666.55,207.315,a0
lfm25,167,cap96_chunk8192_polfcfs_mem0.9,96,8192,fcfs,0.9,0,tool_agent,3,200,200,0,38.0321060824208,5.258714822854473,14022.626010882595,1090.210463500075,15112.83647438267,183.6192262033001,186.64661305956545,293.8154879491776,368.75335888005793,5.3745044016676085,3.193465349523677,24.055476859211872,35.267781540751464,3.059350395830311,748.7883215770125,302.7080937754363,1966.276932391338,2364.253876428115,2666.55,207.315,a0
lfm25,167,cap96_chunk8192_polfcfs_mem0.9,96,8192,fcfs,0.9,0,tool_agent,4,200,200,0,37.87262304825708,5.280859467937067,14081.675814227588,1094.801380595373,15176.47719482296,177.14065255364403,175.7264779880643,275.94217450823635,356.889216164127,4.81724198526634,3.195223667157384,15.066645290378617,36.366877006366856,3.017314687401604,734.5291947573423,297.8513652924448,1934.1500592185184,2356.9775274861554,2666.55,207.315,a0
qwen,74,cap32_chunk-1_pollpm_mem0.85,32,-1,lpm,0.85,1,R_short_decode,0,8,8,0,9.09320886991918,0.8797774376946763,87.97774376946764,225.22302404983716,313.2007678193048,51.10572942066938,50.46799709089101,56.96279117837548,58.76323083415628,4.247697621958294,4.248345275318214,4.258211167419658,4.259899398567629,4.247697621958294,1134.2686230200345,1133.5357469506562,1137.593880156055,1138.3107453305274,100.0,256.0,a1
qwen,74,cap32_chunk-1_pollpm_mem0.85,32,-1,lpm,0.85,1,R_short_decode,1,8,8,0,9.06700524315238,0.8823199927056171,88.23199927056172,225.873918132638,314.10591740319967,48.17087220726535,48.00105141475797,50.36814524792135,50.63748735003173,4.248171101105125,4.247621521718946,4.253774063990397,4.253983302005366,4.248171101105125,1131.4545029890724,1131.3131607603282,1133.6376789724454,1133.6587230069565,100.0,256.0,a1
qwen,74,cap32_chunk-1_pollpm_mem0.85,32,-1,lpm,0.85,1,R_short_decode,2,8,8,0,9.088002979755402,0.8802814015159264,88.02814015159264,225.35203878807715,313.3801789396698,50.15214357990772,49.33585459366441,56.23503145761787,58.78982567228377,4.251587798809815,4.247356308441536,4.269711077761124,4.276900845817198,4.251587798809815,1134.3070322764106,1133.5214134305716,1140.8027969766408,1141.8443545792252,100.0,256.0,a1
qwen,74,cap32_chunk-1_pollpm_mem0.85,32,-1,lpm,0.85,1,R_short_decode,3,8,8,0,9.05932150501758,0.8830683396730247,88.30683396730247,226.06549495629432,314.3723289235968,47.58288635639474,47.24413785152137,50.93471759464592,51.34522888343781,4.248623871564062,4.24766626081192,4.252984632792718,4.253321191149892,4.248623871564061,1130.9819736052305,1130.0765757914633,1134.4226957764477,1134.589455006644,100.0,256.0,a1
qwen,74,cap32_chunk-1_pollpm_mem0.85,32,-1,lpm,0.85,1,R_short_decode,4,8,8,0,9.074098084121944,0.8816303202627462,88.16303202627462,225.69736198726304,313.86039401353764,48.92277700128034,48.85473451577127,51.47901938762516,52.074866401962936,4.248865420117463,4.247375945651941,4.25512834278611,4.25565668135224,4.248865420117463,1132.3834591312334,1131.792150437832,1134.4803530490026,1134.59744035732,100.0,256.0,a1
qwen,74,cap32_chunk-1_pollpm_mem0.85,32,-1,lpm,0.85,1,tool_agent,0,200,200,0,41.214842941612005,4.852620699861329,13101.808995487096,1006.0210603917512,14107.830055878849,290.1653668144718,275.99530247971416,532.4066988890991,670.6850244197993,20.875374670721133,11.252066858306334,76.33399460464696,216.03845730423927,10.63000734706264,2253.899774074089,708.8185092434287,6687.281410512513,9478.843613704665,2699.945,207.315,a1
qwen,74,cap32_chunk-1_pollpm_mem0.85,32,-1,lpm,0.85,1,tool_agent,1,200,200,0,41.19475303404033,4.854987231862626,13108.198501731338,1006.5116779736004,14114.71017970494,151.30037849536166,159.14904116652906,223.9720722893253,225.19900070969013,10.164186605578166,9.736596094533772,12.442694090698897,31.755091287195683,9.395529840022856,1886.936605842784,447.4814427085221,5701.45821752958,8122.667884258549,2699.945,207.315,a1
qwen,74,cap32_chunk-1_pollpm_mem0.85,32,-1,lpm,0.85,1,tool_agent,2,200,200,0,41.21266724634916,4.852876878958061,13102.500664958425,1006.0741701611904,14108.574835119613,149.4642084580846,163.47245639190078,215.92194552067667,224.52850881498307,10.28859037816472,9.863668587058784,12.334828482162726,32.94023265130818,9.461888043274897,1897.406096132472,447.21771590411663,5675.693885725923,8129.30754804052,2699.945,207.315,a1
qwen,74,cap32_chunk-1_pollpm_mem0.85,32,-1,lpm,0.85,1,tool_agent,3,200,200,0,41.19637379609048,4.854796225268252,13107.68279443189,1006.4720794414876,14114.154873873378,145.7315588532947,155.13358800671995,231.94821258075532,254.0074723260477,11.283966025595612,9.824918730793378,13.90947359816535,48.86609613895416,9.361709515205035,1875.1201575971209,464.18723883107305,5554.856161936185,8045.75087907258,2699.945,207.315,a1
qwen,74,cap32_chunk-1_pollpm_mem0.85,32,-1,lpm,0.85,1,tool_agent,4,200,200,0,41.151640435215086,4.860073568995614,13121.931332241862,1007.5661519563256,14129.49748419819,148.39676901698112,160.78730556182563,240.3869149973616,241.6967140417546,10.247396618191956,9.92475560324216,12.261741506195143,31.476183850318197,9.383970780933549,1881.897691378836,456.12361934036016,5713.896753336303,8070.734988520848,2699.945,207.315,a1
qwen,74,cap32_chunk-1_pollpm_mem0.85,32,-1,lpm,0.85,1,shared_prefix,0,128,128,0,8.6645088349469,14.772908936711175,33907.86547703953,3781.864687798061,37689.73016483759,1871.3430601310392,2150.500962510705,2750.449309218675,2751.506685777568,7.587373735049591,7.553878818779967,8.295313230003504,8.31372063858249,7.588217762006321,3802.307348756585,4026.539507322013,4606.406488199718,4607.398170316592,2295.2734375,256.0,a1
qwen,74,cap32_chunk-1_pollpm_mem0.85,32,-1,lpm,0.85,1,shared_prefix,1,128,128,0,8.66690046293661,14.768832357932688,33898.50861405339,3780.821083630768,37679.32969768416,1856.8479048808515,2143.4666831046343,2773.7843352137133,2775.9538874262944,7.648618174033629,7.511905319163377,8.629331509217474,8.658006361550028,7.649564768223074,3803.2438028203615,4017.985925311223,4609.9042310146615,4612.355997585692,2295.2734375,256.0,a1
qwen,74,cap32_chunk-1_pollpm_mem0.85,32,-1,lpm,0.85,1,shared_prefix,2,128,128,0,8.57404011581093,14.928784828515324,34265.64327104422,3821.768916099923,38087.41218714414,1906.808193944016,2138.1034611258656,2949.838204588741,2953.2719747256488,7.272182674248421,7.390995904602258,8.138981496082897,8.145471186740105,7.273286995553187,3757.291508765775,4017.454044194892,4520.624420535751,4523.821080219932,2295.2734375,256.0,a1
qwen,74,cap32_chunk-1_pollpm_mem0.85,32,-1,lpm,0.85,1,shared_prefix,3,128,128,0,8.652490581851453,14.793428411061116,33954.96328146641,3787.117673231645,37742.08095469805,1845.7502219025628,2126.0393999982625,2744.475460681133,2746.599220624193,7.67045709647697,7.547319093601937,8.528144779322924,8.551194923783205,7.671280488183806,3797.671582993644,4016.445280984044,4598.626228212379,4600.553150493652,2295.2734375,256.0,a1
qwen,74,cap32_chunk-1_pollpm_mem0.85,32,-1,lpm,0.85,1,shared_prefix,4,128,128,0,8.654078888706863,14.790713332534276,33948.73143384303,3786.422613128775,37735.1540469718,1855.275019614055,2145.0965635012835,2772.769820713438,2774.669858845882,7.632870041653211,7.50325445814919,8.64495961917747,8.67280228402627,7.633884276967126,3797.740729776706,4010.882648872212,4605.182219133712,4607.765769590624,2295.2734375,256.0,a1
qwen,74,cap32_chunk-1_pollpm_mem0.85,32,-1,lpm,0.85,1,R_concurrent_decode,0,32,32,0,2.6654730406589806,12.005373722365126,2401.074744473025,3073.3756729254724,5474.450417398498,114.52169829863124,114.47049281559885,116.74346465151756,117.24295292980968,9.945558213147187,9.944353841573877,9.949828915791038,9.95950484261209,9.945558213147187,2650.6390426511643,2650.45107784681,2653.486256324686,2653.8037584582344,200.0,256.0,a1
qwen,74,cap32_chunk-1_pollpm_mem0.85,32,-1,lpm,0.85,1,R_concurrent_decode,1,32,32,0,2.6593067361973226,12.03321134957091,2406.642269914182,3080.502105490153,5487.144375404336,109.62024061882404,109.6012401394546,111.9065314065665,112.1673583611846,9.94584169124673,9.94521052777475,9.9476781310331,9.964942666464578,9.94584169124673,2645.8098718867404,2645.78381809406,2648.163137352094,2648.899935381487,200.0,256.0,a1
qwen,74,cap32_chunk-1_pollpm_mem0.85,32,-1,lpm,0.85,1,R_concurrent_decode,2,32,32,0,2.6538780541159213,12.057826074702618,2411.565214940524,3086.80347512387,5498.368690064393,103.4696902934229,103.47152105532588,105.48279769718648,105.65682882908732,9.947888704311268,9.947458429115953,9.949960313079988,9.9637885344233,9.947888704311268,2640.181309892796,2640.1860665064305,2642.477289563976,2642.739108786918,200.0,256.0,a1
qwen,74,cap32_chunk-1_pollpm_mem0.85,32,-1,lpm,0.85,1,R_concurrent_decode,3,32,32,0,2.65600802609697,12.048156363075574,2409.6312726151145,3084.328028947347,5493.959301562461,104.83896569348872,104.8935626167804,106.78782290779054,107.25488638039678,9.951191692209036,9.950407958753846,9.95503364121724,9.966713866328492,9.951191692209036,2642.392847206793,2642.511314479634,2644.923989684321,2645.3031473979354,200.0,256.0,a1
qwen,74,cap32_chunk-1_pollpm_mem0.85,32,-1,lpm,0.85,1,R_concurrent_decode,4,32,32,0,2.6612025410868227,12.024639051686515,2404.927810337303,3078.3075972317483,5483.235407569052,104.69028585066552,104.6330959070474,106.81109349243344,107.2190463077277,9.9539155510309,9.95251029802888,9.957806583146985,9.965027583744742,9.9539155510309,2642.9387513635447,2642.996937967837,2645.039475732483,2645.5879763839766,200.0,256.0,a1
qwen,74,cap32_chunk-1_pollpm_mem0.85,32,-1,lpm,0.85,1,R_medium_balanced,0,16,16,0,3.428356505930424,4.666959218600211,3733.5673748801687,1194.741559961654,4928.308934841823,100.83185386611147,100.59571545571087,102.67925646621734,102.81096550170332,6.30581642811497,6.308292004955458,6.663570876744594,6.668124256345133,6.30581642811497,1708.815043035429,1708.9177323505282,1801.537317689508,1801.593116577715,800.0,256.0,a1
qwen,74,cap32_chunk-1_pollpm_mem0.85,32,-1,lpm,0.85,1,R_medium_balanced,1,16,16,0,3.422773810103536,4.674571235987112,3739.6569887896894,1196.6902364127006,4936.34722520239,97.49496620497666,97.69689245149492,99.83240405563264,99.92172077763826,6.305218789744757,6.306767722993504,6.66527233050004,6.6693842073208565,6.305218789744757,1705.3257575898897,1705.6429418735206,1795.3899195417762,1795.7073478028178,800.0,256.0,a1
qwen,74,cap32_chunk-1_pollpm_mem0.85,32,-1,lpm,0.85,1,R_medium_balanced,2,16,16,0,3.4276493419893086,4.667922066588662,3734.3376532709294,1194.9880490466974,4929.325702317627,99.1189345368184,98.8530209288001,100.72651330847292,100.84230902139096,6.304765804488139,6.307971233721165,6.665508328096977,6.67154707078475,6.304765804488139,1706.8342146812938,1706.9040415808558,1799.872582196258,1800.2417634008452,800.0,256.0,a1
qwen,74,cap32_chunk-1_pollpm_mem0.85,32,-1,lpm,0.85,1,R_medium_balanced,3,16,16,0,3.427023212891072,4.668774912237095,3735.019929789676,1195.2063775326965,4930.226307322371,98.156579391798,98.25235907919703,99.20408111065626,99.28763303905724,6.306847350388838,6.308742037371678,6.664171120078833,6.667954167716352,6.306847350388838,1706.4026537409518,1706.565314671025,1797.1094478853047,1797.2613816149533,800.0,256.0,a1
qwen,74,cap32_chunk-1_pollpm_mem0.85,32,-1,lpm,0.85,1,R_medium_balanced,4,16,16,0,3.424803983885795,4.671800218430704,3737.4401747445622,1195.9808559182602,4933.421030662823,95.80755876959302,94.99933011829852,103.47697301767766,104.56428970210254,6.305018452443548,6.306925628736031,6.663994368750091,6.6696670655088095,6.305018452443548,1703.5872641426977,1702.8424765449015,1803.7016342859715,1804.06085527502,800.0,256.0,a1
qwen,74,cap32_chunk-1_pollpm_mem0.85,32,-1,lpm,0.85,1,R_long_prefill,0,4,4,0,0.3143729199655354,12.72374223720834,50894.96894883336,407.1597515906669,51302.12870042403,116.19428859557956,116.17916612885892,116.64817514829338,116.69756702147424,6.074173161910186,6.058433513727881,6.122909230931151,6.131913485906778,6.074173161910187,304.4936566147953,304.10680011846125,305.6066181743517,305.8157301740721,4000.0,32.0,a1
qwen,74,cap32_chunk-1_pollpm_mem0.85,32,-1,lpm,0.85,1,R_long_prefill,1,4,4,0,0.3596942690201103,11.120555272945872,44482.2210917835,355.85776873426795,44838.078860517766,148.5791215673089,160.26119166053832,161.20676384307444,161.31502551026642,6.537983577037531,6.161481495045366,7.480934781262711,7.667165461537098,6.53798357703753,351.25661245547235,351.26711800694466,351.5591749921441,351.5737782791257,4000.0,32.0,a1
qwen,74,cap32_chunk-1_pollpm_mem0.85,32,-1,lpm,0.85,1,R_long_prefill,2,4,4,0,0.3434890368953347,11.645204272469542,46580.81708987817,372.6465367190253,46953.46362659719,134.3355948338285,144.5075487717986,145.64413195475936,145.7873679511249,6.4647312711683975,6.13244028852111,7.305551082977365,7.470288560875963,6.4647312711683975,334.7422642400488,334.613197715953,335.2584057720378,335.33949370030314,4000.0,32.0,a1
qwen,74,cap32_chunk-1_pollpm_mem0.85,32,-1,lpm,0.85,1,R_long_prefill,3,4,4,0,0.3479238208383322,11.49676958123157,45987.07832492628,367.89662659941024,46354.97495152569,139.1024355543777,149.63433519005775,150.93142602127045,151.0957253491506,6.479929212570912,6.142393460557345,7.352843267783042,7.523684032982396,6.479929212570911,339.980241144076,340.04853246733546,340.50387027673423,340.5507681425661,4000.0,32.0,a1
qwen,74,cap32_chunk-1_pollpm_mem0.85,32,-1,lpm,0.85,1,R_long_prefill,4,4,4,0,0.3446047008037567,11.607502714473693,46430.01085789476,371.4400868631581,46801.45094475792,133.90576164238155,145.32476151362062,145.8614400587976,145.91584218665955,6.493730365388816,6.120802519182043,7.409948712184784,7.591196889989077,6.493730365388816,335.21140296943486,335.1579487789422,335.71729252580553,335.7641447382048,4000.0,32.0,a1
qwen,18,cap8_chunk8192_pollpm_mem0.85,8,8192,lpm,0.85,0,R_medium_balanced,0,16,16,0,3.440705838147551,4.650208635276497,3720.166908221198,1190.4534106307833,4910.620318851981,106.98861416312866,106.71746334992348,109.11765741184354,109.18403202667832,6.298053425088452,6.300057946503454,6.657593227539431,6.660994285005419,6.298053425088452,1712.992237560684,1713.2883181329817,1806.1967223184183,1806.2439663568512,800.0,256.0,a1
qwen,18,cap8_chunk8192_pollpm_mem0.85,8,8192,lpm,0.85,0,R_medium_balanced,1,16,16,0,3.4245907748118043,4.672091076598566,3737.672861278853,1196.0553156092328,4933.728176888086,108.96875234902836,109.15570496581496,119.28638780955224,119.6447055088356,6.266088525624576,6.266360057315719,6.654133719355599,6.658900807903824,6.266747591955316,1704.2476862261535,1704.3659132905304,1796.4024286484346,1796.451392094605,800.0,256.0,a1
qwen,18,cap8_chunk8192_pollpm_mem0.85,8,8192,lpm,0.85,0,R_medium_balanced,2,16,16,0,3.4200824820436537,4.678249745146286,3742.5997961170287,1197.6319347574492,4940.231730874478,98.57938409550115,98.4611154999584,102.67902945633978,102.77415707241744,6.297761223429595,6.299807092028798,6.6564015898050055,6.661391703813684,6.297761223429595,1704.5084960700478,1704.535901779309,1799.544686684385,1800.1835447270423,800.0,256.0,a1
qwen,18,cap8_chunk8192_pollpm_mem0.85,8,8192,lpm,0.85,0,R_medium_balanced,3,16,16,0,3.415660412982106,4.684306419686172,3747.4451357489374,1199.18244343966,4946.627579188597,96.19260329054669,96.14480845630167,97.49140893109144,97.5724792573601,6.29827828813052,6.300082422939001,6.656281830395992,6.659915955171135,6.29827828813052,1702.2535667638294,1702.225283021107,1794.5409319363534,1794.8230790905654,800.0,256.0,a1
qwen,18,cap8_chunk8192_pollpm_mem0.85,8,8192,lpm,0.85,0,R_medium_balanced,4,16,16,0,3.4366513709537685,4.655694824104182,3724.5558592833454,1191.8578749706703,4916.413734254016,104.12409415584987,103.6669637542218,112.74742800742388,112.94218096882103,6.298982532005574,6.299850168437057,6.655836519420001,6.662309644104657,6.298982532005575,1710.3646398172714,1710.3493574541062,1809.4288129359484,1809.657417610288,800.0,256.0,a1
qwen,18,cap8_chunk8192_pollpm_mem0.85,8,8192,lpm,0.85,0,shared_prefix,0,128,128,0,23.89835961908102,5.356016146723382,12293.521592395282,1371.1401335611858,13664.661725956468,8011.733608687791,6050.549409119412,21129.110852559097,22536.830596434884,5.4795843973505285,5.327945342287421,6.626936410389403,6.629085577677424,5.479649965026498,9406.775432205905,7519.926560809836,22488.33000343293,23877.74234171025,2295.2734375,256.0,a1
qwen,18,cap8_chunk8192_pollpm_mem0.85,8,8192,lpm,0.85,0,shared_prefix,1,128,128,0,23.933402481023226,5.348173963208579,12275.521636881753,1369.1325345813962,13644.65417146315,8024.170677676011,6056.35877745226,21170.51943675615,22571.191121540032,5.502483539614359,5.323744817253422,6.624759688115149,6.62598139379977,5.502487213179034,9425.671366145252,7534.823993686587,22523.938234429806,23911.295648817904,2295.2734375,256.0,a1
qwen,18,cap8_chunk8192_pollpm_mem0.85,8,8192,lpm,0.85,0,shared_prefix,2,128,128,0,23.89180985884741,5.357484458323702,12296.89176900947,1371.5160213308675,13668.407790340338,8009.44454663113,6035.457426449284,21128.05092462804,22531.05402831454,5.492011552478554,5.325601228019771,6.638994624959232,6.640299661268341,5.491801051091597,9408.523769092426,7516.254463465884,22481.65370796341,23869.957842631266,2295.2734375,256.0,a1
qwen,18,cap8_chunk8192_pollpm_mem0.85,8,8192,lpm,0.85,0,shared_prefix,3,128,128,0,23.87335359212011,5.361626279529032,12306.398381204936,1372.5763275594322,13678.974708764368,7990.189722240757,6024.083525873721,21094.924590736628,22499.09481129609,5.502828426263303,5.315860482297984,6.617806945361343,6.618861232719877,5.502820828066018,9392.764171581804,7502.997977426276,22448.352397978306,23838.91991617158,2295.2734375,256.0,a1
qwen,18,cap8_chunk8192_pollpm_mem0.85,8,8192,lpm,0.85,0,shared_prefix,4,128,128,0,23.8968699099496,5.356350035897649,12294.287959348048,1371.2256091897982,13665.513568537845,8015.521147521213,6041.860790224746,21137.167667248286,22539.162029926665,5.483193362975014,5.309157331894134,6.582625011920811,6.584692254614848,5.483044937507762,9411.08459298266,7518.907079240307,22490.17581460066,23878.52037459612,2295.2734375,256.0,a1
qwen,18,cap8_chunk8192_pollpm_mem0.85,8,8192,lpm,0.85,0,R_short_decode,0,8,8,0,9.08745416905731,0.8803345635832662,88.03345635832662,225.36564827731613,313.3991046356428,48.77176653826609,48.88205719180405,49.540222506038845,49.67884214129299,4.2565162462529305,4.255792198191379,4.260753885221979,4.26089746280409,4.2565162462529305,1134.1834093327634,1133.9646994601935,1135.4064519982785,1135.6594839598984,100.0,256.0,a1
qwen,18,cap8_chunk8192_pollpm_mem0.85,8,8192,lpm,0.85,0,R_short_decode,1,8,8,0,9.089822857175022,0.880105159990574,88.0105159990574,225.30692095758693,313.3174369566444,48.49909304175526,48.09442348778248,50.682088010944426,51.03481181431562,4.257870601106654,4.256807831024714,4.262504998466694,4.263297029003939,4.257870601106655,1134.256096323952,1133.2226286176592,1137.6208626199514,1138.17555421032,100.0,256.0,a1
qwen,18,cap8_chunk8192_pollpm_mem0.85,8,8192,lpm,0.85,0,R_short_decode,2,8,8,0,9.08554231096059,0.8805198111673513,88.05198111673513,225.41307165884197,313.4650527755771,48.21186070330441,48.61755715683103,49.87137890420854,49.9245888274163,4.2565385217540985,4.255714374320473,4.2616163766669,4.26231295606304,4.2565385217540985,1133.6291837505996,1134.2103669885546,1136.0317184822634,1136.364854783751,100.0,256.0,a1
qwen,18,cap8_chunk8192_pollpm_mem0.85,8,8192,lpm,0.85,0,R_short_decode,3,8,8,0,9.085254327394068,0.8805477218043545,88.05477218043545,225.42021678191475,313.4749889623502,48.270638566464186,48.15014102496207,50.48637210857123,50.97860307898373,4.257058060965409,4.255988303681507,4.26220681007002,4.2624175820280525,4.257058060965409,1133.8204441126436,1133.717196295038,1135.885352967307,1136.3678080495447,100.0,256.0,a1
qwen,18,cap8_chunk8192_pollpm_mem0.85,8,8192,lpm,0.85,0,R_short_decode,4,8,8,0,9.084465683903543,0.8806241641899674,88.06241641899673,225.43978603263164,313.5022024516284,47.86962503567338,48.54132956825197,49.153970391489565,49.2552797915414,4.257914557021257,4.256594019448932,4.262868726315598,4.263548183839257,4.257914557021257,1133.637837076094,1133.8438736274838,1135.6553699122742,1135.8590081939474,100.0,256.0,a1
qwen,18,cap8_chunk8192_pollpm_mem0.85,8,8192,lpm,0.85,0,tool_agent,0,200,200,0,47.01550230337307,4.253916053251467,11485.339378396033,881.9006065798278,12367.23998497586,3028.128094857093,1103.4200910944492,7997.208079835393,34759.98393949587,9.967030245101512,9.31912181105944,13.579945011358506,26.266241895833243,9.566386007901851,4795.278750166763,1507.4342044536024,12950.165270990688,36761.02922709658,2699.945,207.315,a1
qwen,18,cap8_chunk8192_pollpm_mem0.85,8,8192,lpm,0.85,0,tool_agent,1,200,200,0,46.39226544089615,4.311063452048929,11639.634212042243,893.7481195615237,12533.382331603769,4679.062980022281,2297.253675526008,22396.58960935194,32929.182354542405,9.387073291225615,8.902532979846,11.971710438352805,26.25489080324769,9.450570948279651,6424.48892846005,4635.273785563186,22582.820127368905,35889.42860655951,2699.945,207.315,a1
qwen,18,cap8_chunk8192_pollpm_mem0.85,8,8192,lpm,0.85,0,tool_agent,2,200,200,0,46.56737082917243,4.294852735699408,11595.866169487936,890.3873949015226,12486.25356438946,4747.743174571078,2353.5625217482448,22868.447514995933,35844.45790171623,9.945359457914778,9.170176484845936,14.453955849303918,20.45227989554409,9.50251677211763,6503.000560132787,4302.662824047729,23089.8074378958,37501.47075447253,2699.945,207.315,a1
qwen,18,cap8_chunk8192_pollpm_mem0.85,8,8192,lpm,0.85,0,tool_agent,3,200,200,0,46.92248516902328,4.262348835096092,11508.107425573517,883.6488487479463,12391.756274321464,4844.016342624091,2326.492752181366,23134.372925688516,36258.57555074617,10.254948001173698,9.15598371210918,14.40462907255431,26.991721922531724,9.527907489812073,6603.8208559923805,4489.988433662802,23390.97778692376,37862.86614072042,2699.945,207.315,a1
qwen,18,cap8_chunk8192_pollpm_mem0.85,8,8192,lpm,0.85,0,tool_agent,4,200,200,0,46.35065955901519,4.314933204895465,11650.082331891486,894.5503773729033,12544.63270926439,4650.309268874116,2314.0963865444064,22768.31177419517,35182.31226545292,9.7907691715942,9.08534194552578,14.821830745958897,18.269129187489597,9.478464583454285,6401.171246729791,4270.941455848515,23062.54094652832,37284.40438565797,2699.945,207.315,a1
qwen,18,cap8_chunk8192_pollpm_mem0.85,8,8192,lpm,0.85,0,R_long_prefill,0,4,4,0,0.3583981716074049,11.160771222855631,44643.084891422535,357.14467913138026,45000.22957055392,145.3373731346801,155.9221933130175,157.04062269069254,157.1839162427932,6.4943833426842765,6.153003305136677,7.369254220787795,7.540890529541478,6.494383342684277,346.66325675789267,346.66529577225447,347.288694512099,347.36426217481494,4000.0,32.0,a1
qwen,18,cap8_chunk8192_pollpm_mem0.85,8,8192,lpm,0.85,0,R_long_prefill,1,4,4,0,0.3667037980630994,10.907986285191717,43631.94514076686,349.0555611261349,43981.00070189299,155.51851585041732,167.56833507679403,168.2666802080348,168.34062898997217,6.519051032110808,6.124871076955911,7.491994384045321,7.684434572865645,6.519051032110808,357.6090978458524,357.50429914332926,358.20479285903275,358.2706867996603,4000.0,32.0,a1
qwen,18,cap8_chunk8192_pollpm_mem0.85,8,8192,lpm,0.85,0,R_long_prefill,2,4,4,0,0.3653737562708556,10.947693783006011,43790.77513202404,350.3262010561924,44141.10133308024,151.7878653248772,163.31032570451498,164.3263079924509,164.44660232868046,6.517914957517098,6.140204364313714,7.461707470487923,7.647682937132495,6.517914957517098,353.8432290079072,353.6566609982401,354.4412339106202,354.54713869839907,4000.0,32.0,a1
qwen,18,cap8_chunk8192_pollpm_mem0.85,8,8192,lpm,0.85,0,R_long_prefill,3,4,4,0,0.3606963432393968,11.089660527401495,44358.64210960598,354.86913687684785,44713.51124648283,148.37574318517,159.19741243124008,159.82212503440678,159.8913408908993,6.479480536654592,6.124195808003988,7.356685776293518,7.5299164780505725,6.479480536654592,349.23963982146233,349.1223363671452,349.87661354243755,349.95088413357735,4000.0,32.0,a1
qwen,18,cap8_chunk8192_pollpm_mem0.85,8,8192,lpm,0.85,0,R_long_prefill,4,4,4,0,0.364945740904659,10.960533448299614,43842.13379319846,350.73707034558765,44192.87086354404,151.16274054162204,163.21739088743925,163.83766974322498,163.9025144930929,6.518983391053494,6.12363918504167,7.4926308168458835,7.685675324661837,6.518983391053494,353.25122566428035,353.0577791389078,353.9311447413638,354.0258167171851,4000.0,32.0,a1
qwen,18,cap8_chunk8192_pollpm_mem0.85,8,8192,lpm,0.85,0,R_concurrent_decode,0,32,32,0,6.724751863162965,4.758539891306697,951.7079782613392,1218.1862121745144,2169.894190435854,2506.490335217677,2596.882495097816,4736.460688058287,4736.937729991041,6.3270640411122026,6.243103328982697,7.742725882642701,7.742914762895773,6.3270640411122026,4119.891665701289,3949.7752068564296,6710.869147186168,6711.365095456131,200.0,256.0,a1
qwen,18,cap8_chunk8192_pollpm_mem0.85,8,8192,lpm,0.85,0,R_concurrent_decode,1,32,32,0,6.726844206918031,4.757059776572573,951.4119553145148,1217.8073028025788,2169.219258117093,2508.7615926458966,2600.4021796397865,4737.258007749915,4737.768062134273,6.332270275942944,6.248878513225446,7.751787799848792,7.751993414288496,6.332270275942945,4123.490513011348,3953.564883209765,6713.739797775634,6714.297513836063,200.0,256.0,a1
qwen,18,cap8_chunk8192_pollpm_mem0.85,8,8192,lpm,0.85,0,R_concurrent_decode,2,32,32,0,6.739258650224656,4.748296757972521,949.6593515945042,1215.5639700409654,2165.2233216354693,2519.107738407911,2610.633036121726,4747.47406237293,4747.992458376102,6.3327463659887,6.246855086190443,7.755235805285766,7.755543055414569,6.332746365988701,4133.958061735029,3963.8975106645375,6725.064530642703,6725.485628824681,200.0,256.0,a1
qwen,18,cap8_chunk8192_pollpm_mem0.85,8,8192,lpm,0.85,0,R_concurrent_decode,3,32,32,0,6.736912451218814,4.749950401123395,949.9900802246792,1215.9873026875891,2165.977382912268,2513.269478135044,2605.0045078154653,4746.449187328108,4746.859217230231,6.3323023599485735,6.248185115263743,7.751768476914103,7.752005286478236,6.332302359948574,4128.00657992193,3958.119910210371,6722.955723013729,6723.349637542851,200.0,256.0,a1
qwen,18,cap8_chunk8192_pollpm_mem0.85,8,8192,lpm,0.85,0,R_concurrent_decode,4,32,32,0,6.738479775842279,4.748845594925029,949.7691189850055,1215.7044723008073,2165.4735912858127,2520.142800596659,2613.909796345979,4748.65539977327,4749.116896074265,6.33433246967958,6.250940700627718,7.753276394442746,7.753490965868182,6.33433246967958,4135.397580364952,3967.729561496526,6725.750907417387,6726.038907542825,200.0,256.0,a1
qwen,60,cap24_chunk2048_polfcfs_mem0.75,24,2048,fcfs,0.75,0,R_medium_balanced,0,16,16,0,3.418555203825236,4.680339806154541,3744.271844923633,1198.1669903755626,4942.438835299196,99.21681022387928,99.098798353225,101.18201246950775,101.26649898011236,6.293444256937387,6.296098239573778,6.65124703892598,6.6560923662401885,6.293444256937387,1704.045095742913,1704.1740929707885,1796.7299716547132,1797.0591815188527,800.0,256.0,a1
qwen,60,cap24_chunk2048_polfcfs_mem0.75,24,2048,fcfs,0.75,0,R_medium_balanced,1,16,16,0,3.425800600089133,4.670441122458707,3736.352897966965,1195.6329273494289,4931.985825316394,99.88635207992048,99.88514450378716,100.66976549569516,100.8445753948763,6.296306185871728,6.298180666806943,6.65469775204638,6.660096018721221,6.296306185871727,1705.444429477211,1705.3582498338071,1797.3338963929564,1797.5049145985397,800.0,256.0,a1
qwen,60,cap24_chunk2048_polfcfs_mem0.75,24,2048,fcfs,0.75,0,R_medium_balanced,2,16,16,0,3.4222762980498374,4.67525079991861,3740.200639934888,1196.864204779164,4937.064844714052,101.0492054920178,100.86347488686442,103.59081765636802,103.68325775489213,6.290212533363671,6.290526592227466,6.6445702622991565,6.649436365776495,6.290212533363671,1705.0534014997538,1704.8382002394646,1797.4268895341083,1797.796138911508,800.0,256.0,a1
qwen,60,cap24_chunk2048_polfcfs_mem0.75,24,2048,fcfs,0.75,0,R_medium_balanced,3,16,16,0,3.4185155229642987,4.680394133803995,3744.315307043196,1198.1808982538228,4942.496205297019,97.41319520981052,97.3181640729308,103.248386294581,103.41775801498444,6.296610768528327,6.297221318727322,6.656483135313964,6.660341624462721,6.296610768528327,1703.0489411845338,1703.2404353376478,1800.48517906107,1800.686613516882,800.0,256.0,a1
qwen,60,cap24_chunk2048_polfcfs_mem0.75,24,2048,fcfs,0.75,0,R_medium_balanced,4,16,16,0,3.423786533996463,4.673188541729491,3738.550833383593,1196.3362666827495,4934.887100066343,100.98267899593338,101.18657699786128,103.0358854914084,103.0520796077326,6.294024203032,6.2964667136981785,6.652845639972857,6.656934458342399,6.294024203032,1705.9588507690933,1705.937202554196,1796.2313016178086,1796.284929313697,800.0,256.0,a1
qwen,60,cap24_chunk2048_polfcfs_mem0.75,24,2048,fcfs,0.75,0,R_long_prefill,0,4,4,0,0.318507591728121,12.558570357137391,50234.28142854957,401.8742514283966,50636.155679977965,115.53611350245774,115.64038507640362,116.05732161551714,116.08931947499514,6.088732813124455,6.073208518266197,6.127511011436582,6.135088832327916,6.088732813124454,304.28683070931584,304.2171630077064,304.9081364646554,304.9919047579169,4000.0,32.0,a1
qwen,60,cap24_chunk2048_polfcfs_mem0.75,24,2048,fcfs,0.75,0,R_long_prefill,1,4,4,0,0.3483491358347237,11.482732662491298,45930.9306499652,367.4474451997215,46298.37809516492,135.52085496485233,145.71530953980982,146.6561225708574,146.7727107089013,6.462440765913456,6.133439725324992,7.28987013665779,7.453047677484011,6.462440765913456,335.85651870816946,335.8519410248846,336.1283369828016,336.1537049803883,4000.0,32.0,a1
qwen,60,cap24_chunk2048_polfcfs_mem0.75,24,2048,fcfs,0.75,0,R_long_prefill,2,4,4,0,0.2990325270220637,13.37647124824272,53505.88499297088,428.0470799437671,53933.93207291465,102.68583020661026,102.82183042727412,103.19180865772069,103.22535538114607,6.063108276125163,6.053584409997828,6.093256626157992,6.0986118150814885,6.063108276125163,290.64218676649034,290.62272515147924,290.9458684036508,290.9606831939891,4000.0,32.0,a1
qwen,60,cap24_chunk2048_polfcfs_mem0.75,24,2048,fcfs,0.75,0,R_long_prefill,3,4,4,0,0.3036379963159561,13.173581859095547,52694.32743638219,421.5546194910575,53115.88205587325,107.52146318554878,107.65920346602798,108.03470648825169,108.06703470647336,6.059313042750281,6.045040914848928,6.10084009146498,6.108106830187382,6.059313042750282,295.3601675108075,295.3366842120886,295.98555411212146,296.0770772304386,4000.0,32.0,a1
qwen,60,cap24_chunk2048_polfcfs_mem0.75,24,2048,fcfs,0.75,0,R_long_prefill,4,4,4,0,0.3050728789530694,13.111621110755426,52446.484443021705,419.5718755441736,52866.05631856588,104.30253704544155,104.503771988675,104.9202046589926,104.95726725552232,6.078861725156106,6.068165406524654,6.12336365551117,6.131022816914465,6.078861725156105,292.74725052528083,292.9252330213785,293.3199138613418,293.3496924722567,4000.0,32.0,a1
qwen,60,cap24_chunk2048_polfcfs_mem0.75,24,2048,fcfs,0.75,0,R_concurrent_decode,0,32,32,0,4.118246679194272,7.770297044532735,1554.059408906547,1989.19604340038,3543.2554523069275,655.6871167995268,95.2679691836238,2338.6375546455383,2338.761538905092,8.182822552101012,8.601491847166828,8.605570484628425,8.61631583429727,8.182822552101012,2742.3068675852846,2289.0805867500603,4103.716498473659,4103.882957017049,200.0,256.0,a1
qwen,60,cap24_chunk2048_polfcfs_mem0.75,24,2048,fcfs,0.75,0,R_concurrent_decode,1,32,32,0,4.138022768776864,7.733161895930967,1546.6323791861932,1979.6894453583277,3526.321824544521,675.9334970120108,115.4446112923324,2359.0722606284544,2359.226502273232,8.181960894623497,8.601284308322505,8.605338491718557,8.612316993503448,8.181960894623497,2762.3335251410026,2309.677028795704,4123.56889587827,4123.732869196683,200.0,256.0,a1
qwen,60,cap24_chunk2048_polfcfs_mem0.75,24,2048,fcfs,0.75,0,R_concurrent_decode,2,32,32,0,4.127517288085073,7.752844571329738,1550.5689142659476,1984.7282102604129,3535.29712452636,664.4496989465551,106.01968155242504,2343.530266592279,2343.778310283087,8.184810353251283,8.604174091791112,8.606760205299246,8.618866445496678,8.184810353251283,2751.5763390256325,2300.389513373375,4109.000831586309,4109.194131046534,200.0,256.0,a1
qwen,60,cap24_chunk2048_polfcfs_mem0.75,24,2048,fcfs,0.75,0,R_concurrent_decode,3,32,32,0,4.139053768012673,7.731235638275967,1546.2471276551933,1979.196323398648,3525.443451053841,670.5065110290889,108.83517959155142,2357.664287951775,2357.818598072045,8.190631558411006,8.612097129590955,8.61462079983789,8.625074215653335,8.190631558411006,2759.1175584238954,2305.37767172791,4123.143209842965,4123.296943856403,200.0,256.0,a1
qwen,60,cap24_chunk2048_polfcfs_mem0.75,24,2048,fcfs,0.75,0,R_concurrent_decode,4,32,32,0,4.125894178170711,7.755894508711751,1551.1789017423505,1985.5089942302084,3536.687895972558,662.4463048647158,101.624887669459,2346.49922081735,2346.719238185324,8.186105659457526,8.605648347121829,8.6081270566758,8.61803787409821,8.186105659457526,2749.903248026385,2296.178318792954,4112.028427305631,4112.317519634962,200.0,256.0,a1
qwen,60,cap24_chunk2048_polfcfs_mem0.75,24,2048,fcfs,0.75,0,shared_prefix,0,128,128,0,12.175722968764603,10.512722762202218,24129.57331188438,2691.257027123768,26820.830339008146,2923.6365816577745,2613.3288629353046,4721.243571001105,4734.553512292914,7.407691128983701,7.448052443879268,7.976675725304613,7.99000128359875,7.407507979036134,4807.863552669005,4529.040191322565,6612.974453298375,6626.741601759568,2295.2734375,256.0,a1
qwen,60,cap24_chunk2048_polfcfs_mem0.75,24,2048,fcfs,0.75,0,shared_prefix,1,128,128,0,12.188311958685516,10.501864444713846,24104.650504177374,2688.4772978467445,26793.127802024123,2926.423221088044,2648.8937754184008,4735.037117451429,4750.724703557789,7.426618795094597,7.492282883425456,7.969297728428216,7.984511156817282,7.426503156199559,4815.830059225846,4556.714314734563,6638.352278620005,6654.039199925028,2295.2734375,256.0,a1
qwen,60,cap24_chunk2048_polfcfs_mem0.75,24,2048,fcfs,0.75,0,shared_prefix,2,128,128,0,12.193936197087169,10.497020644619743,24093.53265848483,2687.2372850226548,26780.769943507483,2929.799930891022,2666.428105905652,4730.305250734091,4742.845861404203,7.431246569666365,7.480535564907626,7.970555322518681,7.985875879440478,7.43112364531069,4820.382286434324,4562.165409093723,6644.922477798536,6657.817203174345,2295.2734375,256.0,a1
qwen,60,cap24_chunk2048_polfcfs_mem0.75,24,2048,fcfs,0.75,0,shared_prefix,3,128,128,0,12.14267905522138,10.541331070177607,24195.23720127211,2698.5807539654675,26893.81795523758,2910.0357088937017,2581.5576263703406,4680.986597412266,4695.147688994184,7.409791457570592,7.517838514204628,7.981885837062317,7.993757120612707,7.409631285481534,4794.802779393649,4503.048753831536,6590.458528813906,6605.014038654044,2295.2734375,256.0,a1
qwen,60,cap24_chunk2048_polfcfs_mem0.75,24,2048,fcfs,0.75,0,shared_prefix,4,128,128,0,12.161572603974491,10.52495463935056,24157.648814593733,2694.388387673744,26852.03720226748,2917.721483794594,2615.399806993082,4721.205357043073,4731.352804787457,7.416716338279345,7.459908498333782,7.973928460851312,7.987568985569864,7.416557560811872,4804.482138893945,4528.07005494833,6615.950530418195,6626.449985513464,2295.2734375,256.0,a1
qwen,60,cap24_chunk2048_polfcfs_mem0.75,24,2048,fcfs,0.75,0,R_short_decode,0,8,8,0,9.064451618120074,0.882568558698884,88.2568558698884,225.9375510269143,314.19440689680266,47.02994873514399,46.87238042242825,48.20496703032404,48.39203753042966,4.250768862217299,4.249566254735577,4.257101773686123,4.2578848633805615,4.250768862217299,1130.9760086005554,1130.7732730638236,1133.3519464358687,1133.4993463382125,100.0,256.0,a1
qwen,60,cap24_chunk2048_polfcfs_mem0.75,24,2048,fcfs,0.75,0,R_short_decode,1,8,8,0,9.068968190811574,0.8821290175110964,88.21290175110964,225.82502848284068,314.0379302339503,47.43784805759788,46.866900054737926,51.1443009134382,52.10361051373184,4.2518021956579215,4.250153629839712,4.257670167614433,4.25816578870895,4.2518021956579215,1131.6474079503678,1131.9946148432791,1134.6862017409876,1135.597498700954,100.0,256.0,a1
qwen,60,cap24_chunk2048_polfcfs_mem0.75,24,2048,fcfs,0.75,0,R_short_decode,2,8,8,0,9.087277038022876,0.8803517232419014,88.03517232419014,225.37004114992675,313.40521347411686,49.68901089159772,48.94996015354991,54.536925069987774,55.65850760787725,4.251226066273874,4.250157809834562,4.256981190421856,4.25764531976379,4.251226066273874,1133.7516577914355,1133.549999911338,1139.9729618569836,1141.3392307935285,100.0,256.0,a1
qwen,60,cap24_chunk2048_polfcfs_mem0.75,24,2048,fcfs,0.75,0,R_short_decode,3,8,8,0,9.071900351904333,0.8818439014622417,88.18439014622417,225.75203877433387,313.93642892055806,48.454834904987365,48.435969511047006,50.24814559146762,50.35088127478957,4.250912484941164,4.249413869361959,4.255954008275533,4.25622013563692,4.250912484941164,1132.4375185649842,1132.433770922944,1134.2792675131932,1134.5643344568089,100.0,256.0,a1
qwen,60,cap24_chunk2048_polfcfs_mem0.75,24,2048,fcfs,0.75,0,R_short_decode,4,8,8,0,9.080702173057944,0.8809891402160132,88.09891402160132,225.53321989529937,313.63213391690067,49.17427466716617,48.291177256032825,54.2944919783622,54.89913203753531,4.250803472492478,4.2501359639287575,4.258523017770665,4.259258715782825,4.250803472492478,1133.1291601527482,1132.956970948726,1138.4126988239586,1138.9215289987624,100.0,256.0,a1
qwen,60,cap24_chunk2048_polfcfs_mem0.75,24,2048,fcfs,0.75,0,tool_agent,0,200,200,0,41.38757059676573,4.832368682582911,13047.129662696316,1001.822513429676,14048.952176125991,310.15054679475725,238.21706976741552,736.8854205589741,892.5272866198783,29.08827406384426,12.506100916964895,135.7432214543223,311.9348315708339,11.550494387424408,2443.8733749836683,905.8091884944588,7114.038899727164,10352.555964845227,2699.945,207.315,a1
qwen,60,cap24_chunk2048_polfcfs_mem0.75,24,2048,fcfs,0.75,0,tool_agent,1,200,200,0,41.27605377603322,4.84542444598057,13082.37950580301,1004.529169018462,14086.908674821472,163.5197428544052,157.93296438641846,245.37381851114333,416.7738204915067,10.665378781409254,9.832006144098752,14.688443221490486,35.32440529204905,9.466838455078802,1911.8554687383585,475.4928641486913,5600.2318964339765,8127.38099408801,2699.945,207.315,a1
qwen,60,cap24_chunk2048_polfcfs_mem0.75,24,2048,fcfs,0.75,0,tool_agent,2,200,200,0,41.106889297254384,4.865364502620207,13136.216562026915,1008.6630418607084,14144.879603887624,152.4508354254067,152.4997316300869,233.844173559919,395.8625741070126,11.287307093815215,9.852047599852083,16.500013563119364,48.78872759640217,9.422325928285558,1893.0842157872396,462.025300366804,5606.395577220244,8137.131590279744,2699.945,207.315,a1
qwen,60,cap24_chunk2048_polfcfs_mem0.75,24,2048,fcfs,0.75,0,tool_agent,3,200,200,0,41.2258121361956,4.851329534498199,13098.32292002074,1005.7533824444942,14104.076302465231,145.78321426874027,146.09472011215985,212.49553160741925,398.028388139791,11.205818648795605,9.952126030559436,23.747796518728137,33.11422071419656,9.445226967738776,1890.5999920191243,450.4429020453245,5665.198970795608,8094.635302308009,2699.945,207.315,a1
qwen,60,cap24_chunk2048_polfcfs_mem0.75,24,2048,fcfs,0.75,0,tool_agent,4,200,200,0,41.29417628189549,4.843297966151356,13076.638127220524,1004.0883178526684,14080.726445073193,151.76503412425518,151.33571880869567,232.2275770828128,385.9858987014732,10.38711806447752,9.768875414995394,13.524501225487752,34.1620931122452,9.41492113199019,1890.653892597184,458.51310924626887,5635.550919221714,8074.050684468815,2699.945,207.315,a1
qwen,77,cap32_chunk-1_polfcfs_mem0.8,32,-1,fcfs,0.8,0,R_concurrent_decode,0,32,32,0,2.651520357001573,12.068547735453429,2413.7095470906856,3089.5482202760777,5503.257767366764,102.0344835560536,101.95397515781224,104.21113455668092,104.34918356128036,9.952826244418748,9.952217303946906,9.954266693698717,9.96875916147495,9.952826244418748,2640.005175882834,2639.858393464237,2642.4450555816293,2643.279561563395,200.0,256.0,a1
qwen,77,cap32_chunk-1_polfcfs_mem0.8,32,-1,fcfs,0.8,0,R_concurrent_decode,1,32,32,0,2.6526735750958323,12.06330107874051,2412.660215748102,3088.2050761575706,5500.865291905673,98.8520081155002,98.773171659559,100.68976955953984,101.1261198623106,9.952211808059456,9.95196977484168,9.954009321518242,9.964463846739749,9.952211808059456,2636.666019170661,2636.667650425806,2638.861397281289,2639.1770137194544,200.0,256.0,a1
qwen,77,cap32_chunk-1_polfcfs_mem0.8,32,-1,fcfs,0.8,0,R_concurrent_decode,2,32,32,0,2.6730865370482206,11.971179966113736,2394.235993222747,3064.6220713251164,5458.858064547863,111.13761008891744,111.03553278371692,113.16974631045014,113.5362187679857,9.97249916676368,9.974212698894096,9.979095407213796,9.979546288393584,9.97249916676368,2654.124897613656,2654.5198359526694,2657.195459282957,2657.421726211905,200.0,256.0,a1
qwen,77,cap32_chunk-1_polfcfs_mem0.8,32,-1,fcfs,0.8,0,R_concurrent_decode,3,32,32,0,2.657089089974761,12.043254447408822,2408.6508894817644,3083.0731385366585,5491.724028018422,106.12879668769892,106.16161860525608,108.45908937044442,108.74946931842716,9.950621907973623,9.949287804135798,9.954174675010876,9.964639997146294,9.950621907973623,2643.5373832209734,2643.2825424708426,2646.6432926477864,2646.9536026008427,200.0,256.0,a1
qwen,77,cap32_chunk-1_polfcfs_mem0.8,32,-1,fcfs,0.8,0,R_concurrent_decode,4,32,32,0,2.663094772025943,12.016095084613184,2403.219016922637,3076.120341660975,5479.339358583612,108.78338747716045,108.84051048196852,110.75439620763063,111.24860550742596,9.950121165271485,9.949321512534633,9.951649873115707,9.966721475471322,9.950121165271485,2646.0642846213887,2646.074501797557,2648.470533825457,2649.500595950521,200.0,256.0,a1
qwen,77,cap32_chunk-1_polfcfs_mem0.8,32,-1,fcfs,0.8,0,tool_agent,0,200,200,0,41.36971030803397,4.834454931176062,13052.762419154153,1002.2550240567653,14055.017443210918,289.66465621721,290.3494234196842,659.5377371413633,679.274751371704,19.939798835887277,11.152752297419124,64.17405367828893,198.91802600584924,10.647402182073195,2256.612498322502,704.3076707050204,6742.628144752232,9480.767942098895,2699.945,207.315,a1
qwen,77,cap32_chunk-1_polfcfs_mem0.8,32,-1,fcfs,0.8,0,tool_agent,1,200,200,0,41.228526142891496,4.851010179379974,13097.46067876606,1005.6871753381592,14103.147854104222,141.94442273117602,147.20533625222745,215.22332103922963,262.0787685085088,10.899600430259497,9.839928839355707,13.098042365163565,56.18716273456812,9.3806371577199,1874.876428062562,451.41593366861343,5604.245436354539,8037.868182859379,2699.945,207.315,a1
qwen,77,cap32_chunk-1_polfcfs_mem0.8,32,-1,fcfs,0.8,0,tool_agent,2,200,200,0,41.12002436583862,4.863810347499562,13132.020428679709,1008.3408421918718,14140.361270871575,144.89621844375506,150.4770026076585,217.55157739389688,227.72373160813004,10.203005228683947,9.858467640649332,12.417856755813489,34.37338282354176,9.372067318961395,1876.2450746120885,443.8752471469343,5626.795840775594,8108.053492913018,2699.945,207.315,a1
qwen,77,cap32_chunk-1_polfcfs_mem0.8,32,-1,fcfs,0.8,0,tool_agent,3,200,200,0,41.20563491806388,4.853705091492796,13104.73679325052,1006.2458710428292,14110.982664293348,139.85277936095372,140.79475356265905,204.14878085721284,214.73245521541685,10.483007920678416,9.763719451604125,13.093186234650403,33.86401272378862,9.31822583358387,1861.208637598902,439.2835467588157,5564.587061200291,8095.199412358921,2699.945,207.315,a1
qwen,77,cap32_chunk-1_polfcfs_mem0.8,32,-1,fcfs,0.8,0,tool_agent,4,200,200,0,41.23340033274144,4.8504367426906025,13095.91243124378,1005.5682933109024,14101.480724554682,142.8505287808366,156.65084519423544,206.48981211707,219.9913086462766,10.349686690249872,9.783556090732072,13.008163217455149,35.3551575448364,9.360510161808554,1871.54954546364,436.9013537652791,5568.158440478146,7975.172563777301,2699.945,207.315,a1
qwen,77,cap32_chunk-1_polfcfs_mem0.8,32,-1,fcfs,0.8,0,R_short_decode,0,8,8,0,9.056926395744084,0.8833018675915548,88.33018675915548,226.12527810343803,314.45546486259354,47.69981582649052,47.557939775288105,49.18657192029059,49.33964488096535,4.247085481891226,4.246607945099765,4.251755426053469,4.252427719040391,4.247085481891226,1130.7066137087531,1130.511604715139,1132.2177167749032,1132.5091217411682,100.0,256.0,a1
qwen,77,cap32_chunk-1_polfcfs_mem0.8,32,-1,fcfs,0.8,0,R_short_decode,1,8,8,0,9.067466529086232,0.8822751067608512,88.22751067608512,225.8624273307779,314.089938006863,48.361647001001984,47.40265849977732,52.77989765163511,53.07869493495673,4.24801124072652,4.247605513927399,4.252424436420494,4.252893809703927,4.24801124072652,1131.6045133862644,1130.7522074785084,1136.6009609308094,1137.457182807848,100.0,256.0,a1
qwen,77,cap32_chunk-1_polfcfs_mem0.8,32,-1,fcfs,0.8,0,R_short_decode,2,8,8,0,9.073802772909405,0.8816590133394423,88.16590133394423,225.70470741489723,313.87060874884145,49.444461707025766,49.14774326607585,52.9577165376395,52.9619491007179,4.247608680880683,4.24596348266099,4.253673127706291,4.253753807487003,4.247608680880683,1132.5846753316,1132.8691076487305,1137.0292065897956,1137.546138507314,100.0,256.0,a1
qwen,77,cap32_chunk-1_polfcfs_mem0.8,32,-1,fcfs,0.8,0,R_short_decode,3,8,8,0,9.057301875203848,0.8832652494338937,88.32652494338937,226.1159038550768,314.4424287984661,47.63829673174769,47.44855733588338,49.48770049959421,49.87806897610426,4.247201307375423,4.245734398308046,4.251841466563444,4.2519818647928975,4.247201307375422,1130.6746301124804,1131.0477170627564,1132.1104692295194,1132.239458747208,100.0,256.0,a1
qwen,77,cap32_chunk-1_polfcfs_mem0.8,32,-1,fcfs,0.8,0,R_short_decode,4,8,8,0,9.068438564892858,0.8821805366770458,88.21805366770457,225.8382173893237,314.05627105702825,48.61726821400225,48.36252774111927,50.229437882080674,50.25960770435631,4.246908281108036,4.245580243421536,4.251563463670512,4.251580953178014,4.246908281108036,1131.5788798965514,1132.104951189831,1133.4501323523,1133.868193724193,100.0,256.0,a1
qwen,77,cap32_chunk-1_polfcfs_mem0.8,32,-1,fcfs,0.8,0,R_medium_balanced,0,16,16,0,3.432193515822292,4.66174180629401,3729.393445035209,1193.4059024112669,4922.799347446476,102.46208592434414,102.37455577589571,105.91559868771584,106.05281519237906,6.305070133541948,6.306627387290492,6.66524440314913,6.669808813991646,6.305070133541948,1710.254969977541,1710.081281140447,1799.554314697161,1799.7967131901532,800.0,256.0,a1
qwen,77,cap32_chunk-1_polfcfs_mem0.8,32,-1,fcfs,0.8,0,R_medium_balanced,1,16,16,0,3.423055704217404,4.674186277566873,3739.349022053498,1196.5916870571195,4935.940709110618,98.0644588416908,98.09770504944026,99.53267965465784,99.65831879526375,6.304827132536208,6.307548888977252,6.664004602341676,6.66825210821687,6.304827132536207,1705.7953776384238,1705.846750177443,1798.534637549892,1798.9917412865907,800.0,256.0,a1
qwen,77,cap32_chunk-1_polfcfs_mem0.8,32,-1,fcfs,0.8,0,R_medium_balanced,2,16,16,0,3.419931916985661,4.67845570858687,3742.764566869496,1197.6846613982386,4940.449228267734,95.54572630440816,95.24643933400512,97.56242739968002,97.7104791905731,6.3052522963570325,6.308366586545519,6.663546749555013,6.669965284493039,6.305252296357032,1703.3850618754514,1703.3447704743594,1796.338468673639,1796.726305759512,800.0,256.0,a1
qwen,77,cap32_chunk-1_polfcfs_mem0.8,32,-1,fcfs,0.8,0,R_medium_balanced,3,16,16,0,3.423129249829799,4.67408585311102,3739.268682488816,1196.565978396421,4935.834660885236,95.6297553202603,95.7962297834456,96.49293939583004,96.58419988118112,6.30603206889503,6.307999041004508,6.665580889538807,6.670331261394655,6.30603206889503,1703.667932888493,1704.0257251355797,1795.112866559066,1795.3447851585224,800.0,256.0,a1
qwen,77,cap32_chunk-1_polfcfs_mem0.8,32,-1,fcfs,0.8,0,R_medium_balanced,4,16,16,0,3.417199219111353,4.682197019862605,3745.757615890084,1198.642437084827,4944.400052974911,96.3164715503808,96.24250791966917,97.97112294472754,98.04019038565455,6.303436961938061,6.305942425102579,6.661595982115935,6.664534892119906,6.303436961938061,1703.6928968445864,1703.4225731622428,1796.2579790037123,1796.2745947297662,800.0,256.0,a1
qwen,77,cap32_chunk-1_polfcfs_mem0.8,32,-1,fcfs,0.8,0,R_long_prefill,0,4,4,0,0.3195550078526139,12.517406711538351,50069.626846153405,400.5570147692272,50470.18386092263,121.61891045980155,121.87715247273444,122.28754886891691,122.32527207117528,6.059121272917237,6.039168452844024,6.112868648262755,6.122806384077957,6.059121272917237,309.4516699202359,309.3451955355704,310.1330441655591,310.24312833789736,4000.0,32.0,a1
qwen,77,cap32_chunk-1_polfcfs_mem0.8,32,-1,fcfs,0.8,0,R_long_prefill,1,4,4,0,0.350159787107259,11.423356271274924,45693.4250850997,365.5474006807976,46058.9724857805,136.6982888430357,147.08217117004097,148.1088061351329,148.23023074306548,6.468659939034091,6.134761009185064,7.323458828332442,7.491076144299679,6.468659939034091,337.2267469530925,337.259762454778,337.82752316910774,337.8780012810603,4000.0,32.0,a1
qwen,77,cap32_chunk-1_polfcfs_mem0.8,32,-1,fcfs,0.8,0,R_long_prefill,2,4,4,0,0.2962768170982599,13.500887579312032,54003.550317248126,432.028402537985,54435.578719786114,100.41146795265377,100.50514852628112,100.88162652682512,100.92063875403257,6.060490910444528,6.049963495423716,6.087275599730351,6.092468123852965,6.060490910444528,288.28668617643416,288.29870792105794,288.5945078684017,288.60845105256885,4000.0,32.0,a1
qwen,77,cap32_chunk-1_polfcfs_mem0.8,32,-1,fcfs,0.8,0,R_long_prefill,3,4,4,0,0.3160843732766807,12.65484895230378,50619.39580921512,404.95516647372096,51024.350975688845,122.30473139788955,122.25752277299762,122.77329058852048,122.82627578359096,6.005731632842893,6.006601980076201,6.012510205619037,6.013208699352559,6.005731632842893,308.4824120160192,308.28822311013937,309.11003693472594,309.2255314579233,4000.0,32.0,a1
qwen,77,cap32_chunk-1_polfcfs_mem0.8,32,-1,fcfs,0.8,0,R_long_prefill,4,4,4,0,0.2977616679854691,13.433562577286482,53734.25030914593,429.8740024731674,54164.124311619096,100.70055804681031,100.82184080965816,101.19956058915704,101.23730167280884,6.048795421637835,6.038185667186495,6.07676887884736,6.082208514093391,6.048795421637835,288.2132161175832,288.22842333465815,288.47795503679663,288.4975387947634,4000.0,32.0,a1
qwen,77,cap32_chunk-1_polfcfs_mem0.8,32,-1,fcfs,0.8,0,shared_prefix,0,128,128,0,8.74904056172818,14.630175628619606,33580.253506330446,3745.324960926619,37325.578467257066,1953.2018816535128,2182.5259507168084,2891.616725269705,2894.251242703758,7.398023772667014,7.390117579296787,8.078779635640482,8.084102369242293,7.399034207530156,3836.0826726056985,4033.107561524957,4665.482760290615,4668.626879877411,2295.2734375,256.0,a1
qwen,77,cap32_chunk-1_polfcfs_mem0.8,32,-1,fcfs,0.8,0,shared_prefix,1,128,128,0,8.678300607018173,14.749431460865267,33853.97825035088,3775.854453981509,37629.83270433238,2052.8975676461414,2164.8881039582197,3287.5645326450467,3288.352641183883,6.905471933532091,7.26729946093289,7.804213432668178,7.81786755010125,6.906976974891255,3810.291521695035,4020.082448143512,4626.097517972812,4627.217024601996,2295.2734375,256.0,a1
qwen,77,cap32_chunk-1_polfcfs_mem0.8,32,-1,fcfs,0.8,0,shared_prefix,2,128,128,0,8.662142602261156,14.77694444404402,33917.12806982744,3782.897777675269,37700.02584750272,1914.033024593664,2163.2268198300158,2827.090998389758,2828.1576328119263,7.4324463109839805,7.431218552438955,8.119202080347083,8.122177695325924,7.433430726279926,3805.666923399258,4013.281925814226,4622.276159492321,4623.886081967503,2295.2734375,256.0,a1
qwen,77,cap32_chunk-1_polfcfs_mem0.8,32,-1,fcfs,0.8,0,shared_prefix,3,128,128,0,8.60024493234232,14.883297046417788,34161.23637306495,3810.1240438829536,37971.3604169479,1892.403532896424,2162.8343379125,2759.399950527586,2760.2498275693506,7.396934110918146,7.429613750382668,7.955516543622841,7.981452267565654,7.397730042651781,3774.663470623637,4015.45407762751,4556.90000273753,4557.890522414818,2295.2734375,256.0,a1
qwen,77,cap32_chunk-1_polfcfs_mem0.8,32,-1,fcfs,0.8,0,shared_prefix,4,128,128,0,8.676241255830973,14.75293231547429,33862.01366894351,3776.750672761418,37638.764341704926,1940.568430596613,2167.5659634638578,2890.883321966976,2891.943873069249,7.33876081979272,7.317399461658047,8.023086822518678,8.04848909579716,7.339748541392644,3808.133041882684,4010.431142058224,4627.9429433867335,4628.938560113311,2295.2734375,256.0,a1
qwen,97,cap48_chunk-1_pollpm_mem0.8,48,-1,lpm,0.8,0,tool_agent,0,200,200,0,41.31043271580711,4.841392037112978,13071.492223643,1003.693190174077,14075.185413817077,292.1204051072709,289.97734282165766,527.0673180930316,670.5407712142912,20.230567040035773,11.438434166493522,71.4502106213732,215.83264808170497,10.71554927845442,2271.657401062548,721.9764504116029,6712.36417465843,9636.271240394555,2699.945,207.315,a1
qwen,97,cap48_chunk-1_pollpm_mem0.8,48,-1,lpm,0.8,0,tool_agent,1,200,200,0,41.233480690047145,4.850427289983201,13095.886909453691,1005.5663336228672,14101.45324307656,138.26911266893148,144.2646759096533,219.57248884718865,220.1416259026155,10.560617462188334,9.833170627617132,13.302870324945877,33.73425996862352,9.371592603462744,1869.5302722696213,449.547148309648,5658.039421215653,7993.702883855435,2699.945,207.315,a1
qwen,97,cap48_chunk-1_pollpm_mem0.8,48,-1,lpm,0.8,0,tool_agent,2,200,200,0,41.21536196116358,4.852559591456604,13101.6440061553,1006.008391702826,14107.652397858126,138.78779805498198,145.23724908940494,225.16595204360783,225.9671721048653,10.438356247009134,9.912537512086008,13.300512514441555,31.97143852710724,9.439334542241138,1882.5160680431875,443.2575930841267,5686.406787717715,7987.72875824477,2699.945,207.315,a1
qwen,97,cap48_chunk-1_pollpm_mem0.8,48,-1,lpm,0.8,0,tool_agent,3,200,200,0,41.205148682929575,4.8537623669067305,13104.891433717992,1006.2577450952688,14111.14917881326,142.63700912939385,159.51560414396226,235.34467208664864,236.5470585320145,10.30767330477325,9.89232375576832,14.031208399151048,34.51743056997657,9.386281796349444,1876.6117767780088,445.9730298258364,5625.095490273088,8075.026072915639,2699.945,207.315,a1
qwen,97,cap48_chunk-1_pollpm_mem0.8,48,-1,lpm,0.8,0,tool_agent,4,200,200,0,41.18093556025997,4.856616229792557,13112.596706547263,1006.849393679444,14119.446100226707,147.0757919945754,151.36850136332214,224.78905508760363,226.77762652747333,10.646059343564197,9.87838274644067,13.196441940153418,33.877972550690174,9.419420023607524,1887.1252529555927,450.6686229724437,5652.342472784221,8030.466558439652,2699.945,207.315,a1
qwen,97,cap48_chunk-1_pollpm_mem0.8,48,-1,lpm,0.8,0,shared_prefix,0,128,128,0,8.1534312851727,15.698911970077244,36033.29564256909,4018.9214643397754,40052.21710690887,1012.6398854008584,366.4151921402663,3395.592340547591,3408.547192309052,9.830627386570232,10.040990613839206,10.894345410953404,10.897371172010168,9.830661833107364,3518.38342420524,3140.6864773016423,5954.860022198409,5968.601068514399,2295.2734375,256.0,a1
qwen,97,cap48_chunk-1_pollpm_mem0.8,48,-1,lpm,0.8,0,shared_prefix,1,128,128,0,8.236177494283766,15.541190083486798,35671.28078576565,3978.54466137262,39649.82544713828,1023.6267284453788,350.02400912344456,3406.6216721897945,3414.0721276775,9.86790214179649,10.008394721822413,10.868495445808067,10.87316221535644,9.867935601303383,3538.6397215806937,3120.270512765273,5957.344046700746,5965.467352736741,2295.2734375,256.0,a1
qwen,97,cap48_chunk-1_pollpm_mem0.8,48,-1,lpm,0.8,0,shared_prefix,2,128,128,0,8.467344467993826,15.116900048632028,34697.419138967554,3869.926412449799,38567.34555141736,1100.7378796639389,478.0228524468839,3505.905904318205,3543.229615176097,9.998204493523032,10.406451223089414,10.82675034688111,10.83126982078176,9.997924942946172,3648.412237977027,3228.594899643213,6157.412326219491,6196.716595110484,2295.2734375,256.0,a1
qwen,97,cap48_chunk-1_pollpm_mem0.8,48,-1,lpm,0.8,0,shared_prefix,3,128,128,0,8.555593479890376,14.960972643319195,34339.52310737471,3830.008996689714,38169.53210406443,1257.3706628973014,941.8109715916216,3540.962226875126,3552.7235348755494,9.673245330567672,9.289654695848917,11.219893610470145,11.804310476451407,9.673145128392967,3723.040241835406,3311.0651220194995,6290.893806936219,6303.614010810852,2295.2734375,256.0,a1
qwen,97,cap48_chunk-1_pollpm_mem0.8,48,-1,lpm,0.8,0,shared_prefix,4,128,128,0,8.298132160678506,15.42515803815951,35404.955514227135,3948.8404577688343,39353.79597199597,1047.463215465541,391.6565009858459,3439.2117143608625,3452.480356963352,9.978144992172826,10.423995094264257,10.91048833987146,10.913038831240698,9.978241945612565,3591.6030915359443,3169.0152038354427,6098.375940602273,6109.534680787474,2295.2734375,256.0,a1
qwen,97,cap48_chunk-1_pollpm_mem0.8,48,-1,lpm,0.8,0,R_medium_balanced,0,16,16,0,3.427689412143081,4.667867497947073,3734.2939983576575,1194.9740794744507,4929.268077832109,98.56082141050138,98.53932331316172,105.53986206650734,105.65491877496244,6.311273394499485,6.312476553241996,6.668503185752414,6.673159661666289,6.311273394499485,1707.9355370078702,1707.4256294872612,1792.8238405147567,1793.2499409886077,800.0,256.0,a1
qwen,97,cap48_chunk-1_pollpm_mem0.8,48,-1,lpm,0.8,0,R_medium_balanced,1,16,16,0,3.424390350934118,4.672364526326696,3737.891621061357,1196.1253187396342,4934.016939800991,96.94747815956362,96.73404367640616,105.91621801722796,106.03042899165304,6.311259433220816,6.312985616900464,6.6693194566623255,6.672393813838854,6.311259433220816,1706.3186336308718,1705.7608156464994,1789.6626864094287,1789.7981049958616,800.0,256.0,a1
qwen,97,cap48_chunk-1_pollpm_mem0.8,48,-1,lpm,0.8,0,R_medium_balanced,2,16,16,0,3.4251501290127635,4.671328087044087,3737.0624696352697,1195.8599902832862,4932.922459918555,98.65555868600497,98.52190944366156,100.66051466856152,100.80969717819244,6.309052460196921,6.311005103748803,6.665664572067851,6.66984661473144,6.309052460196921,1707.4639360362198,1707.3633025866002,1800.1505763968453,1800.1588797895238,800.0,256.0,a1
qwen,97,cap48_chunk-1_pollpm_mem0.8,48,-1,lpm,0.8,0,R_medium_balanced,3,16,16,0,3.4227281073108315,4.674633654313511,3739.706923450809,1196.7062155042588,4936.413138955068,97.3276271543,97.14687941595912,100.55180708877742,100.6198877003044,6.308231093491628,6.309900468434481,6.6635708301784655,6.668693199662456,6.308231093491629,1705.9265559946653,1705.5881288833916,1794.2888046381995,1794.5770535385236,800.0,256.0,a1
qwen,97,cap48_chunk-1_pollpm_mem0.8,48,-1,lpm,0.8,0,R_medium_balanced,4,16,16,0,3.419065908063203,4.679640706038192,3743.7125648305537,1197.9880207457772,4941.700585576331,94.38179913558996,94.17296992614864,97.92534401640296,98.027169611305,6.309448643108173,6.312290470426281,6.665304381235996,6.670212117023766,6.309448643108173,1703.291203128174,1703.3653007820249,1791.2122594425457,1791.6700680973008,800.0,256.0,a1
qwen,97,cap48_chunk-1_pollpm_mem0.8,48,-1,lpm,0.8,0,R_long_prefill,0,4,4,0,0.3522080727852881,11.35692310618464,45427.69242473856,363.4215393979085,45791.11396413647,139.5758492872119,149.93561315350237,151.15965132135898,151.30767109338194,6.490786435953792,6.157750879684763,7.339852206378934,7.506554977397524,6.490786435953792,340.79022880177945,340.82589042373,341.07646567281336,341.0814095987007,4000.0,32.0,a1
qwen,97,cap48_chunk-1_pollpm_mem0.8,48,-1,lpm,0.8,0,R_long_prefill,1,4,4,0,0.3523839260451495,11.35125556063955,45405.0222425582,363.2401779404656,45768.26242049866,142.93226751033217,153.66594004444778,154.32522480841726,154.4016049010679,6.486019074556328,6.136209756556537,7.353822717202767,7.5248257380219234,6.486019074556327,343.9988588215783,343.88844249770045,344.480672897771,344.5532236341387,4000.0,32.0,a1
qwen,97,cap48_chunk-1_pollpm_mem0.8,48,-1,lpm,0.8,0,R_long_prefill,2,4,4,0,0.3457513898611069,11.569006278201384,46276.02511280554,370.20820090244433,46646.233313707984,136.18499145377427,146.71282190829515,147.96333389822394,148.1211043940857,6.499284938458474,6.162113750413541,7.362934724698144,7.532269422325396,6.499284938458473,337.6628245459869,337.7383481711149,337.9585541319102,337.96488760970533,4000.0,32.0,a1
qwen,97,cap48_chunk-1_pollpm_mem0.8,48,-1,lpm,0.8,0,R_long_prefill,3,4,4,0,0.3997493670322001,10.00626975271182,40025.07901084729,320.2006320867783,40345.27964293407,184.9388878326863,197.7945091202855,199.07981557771564,199.1103824786842,6.545468665389044,6.128159674605535,7.593327995029188,7.794035691167078,6.545468665389044,387.84841645974666,387.8432344645262,388.1932581309229,388.2139315921813,4000.0,32.0,a1
qwen,97,cap48_chunk-1_pollpm_mem0.8,48,-1,lpm,0.8,0,R_long_prefill,4,4,4,0,0.3742434792220592,10.68822897947296,42752.91591789184,342.0233273431347,43094.93924523497,165.3565870365128,181.2543785199523,181.59388427156955,181.6249080980197,6.348276597207352,5.827775735768579,7.60779536118911,7.858782622722847,6.348276597207352,362.1531615499407,361.9483225047588,362.7195673529058,362.8257851768285,4000.0,32.0,a1
qwen,97,cap48_chunk-1_pollpm_mem0.8,48,-1,lpm,0.8,0,R_concurrent_decode,0,32,32,0,2.6667610188014805,11.99957543041548,2399.915086083096,3071.8913101863627,5471.806396269459,112.4273364112014,112.54401155747472,114.485080470331,114.84465286135674,9.96727630908044,9.96763795961206,9.969989649458403,9.985119438456262,9.96727630908044,2654.0827952267136,2654.4926955830306,2656.429222552106,2657.259643939324,200.0,256.0,a1
qwen,97,cap48_chunk-1_pollpm_mem0.8,48,-1,lpm,0.8,0,R_concurrent_decode,1,32,32,0,2.6631566430442035,12.015815924151353,2403.1631848302704,3076.0488765827463,5479.212061413017,108.08178935258184,108.09860238805412,110.21121805533768,110.67250205669552,9.968548643005574,9.967392463894452,9.972093155260618,9.983817423566006,9.968548643005573,2650.061693319003,2649.9991805758327,2652.3840280948207,2653.1197529891506,200.0,256.0,a1
qwen,97,cap48_chunk-1_pollpm_mem0.8,48,-1,lpm,0.8,0,R_concurrent_decode,2,32,32,0,2.6742776539176702,11.965848031195172,2393.1696062390347,3063.257095985964,5456.426702224999,116.77955983032008,116.71347450464964,119.23553384840488,119.43866642657667,9.971531773415194,9.97054299577048,9.974871559305956,9.987864962340716,9.971531773415194,2659.5201620511943,2659.593499964103,2662.3571407748386,2662.991357347928,200.0,256.0,a1
qwen,97,cap48_chunk-1_pollpm_mem0.8,48,-1,lpm,0.8,0,R_concurrent_decode,3,32,32,0,2.66445855377242,12.009944742692074,2401.988948538415,3074.545854129171,5476.534802667586,109.13985755178146,109.18675805442037,111.34910760447384,111.63109332323074,9.970632476296148,9.968900678715867,9.973775582552395,9.987437275183552,9.97063247629615,2651.651139007299,2651.5417995397,2654.823081963696,2655.174705418758,200.0,256.0,a1
qwen,97,cap48_chunk-1_pollpm_mem0.8,48,-1,lpm,0.8,0,R_concurrent_decode,4,32,32,0,2.677764039952308,11.950268777442366,2390.053755488473,3059.2688070252457,5449.322562513719,117.35529438010416,117.24694864824414,119.73570873960853,119.99175930395722,9.974580408729084,9.97383282519877,9.97671794630222,9.993480745776026,9.974580408729084,2660.8732986060204,2660.858809715137,2663.566383137368,2664.733203635551,200.0,256.0,a1
qwen,97,cap48_chunk-1_pollpm_mem0.8,48,-1,lpm,0.8,0,R_short_decode,0,8,8,0,9.05642920685932,0.8833503599786124,88.33503599786124,226.1376921545248,314.472728152386,46.96693434379995,46.3027514051646,50.99581053946167,51.60239164251834,4.249182612151273,4.248753360783061,4.254222974893363,4.254272171004,4.249182612151273,1130.5085004423745,1130.2112713456154,1134.2683533672243,1134.6090761292726,100.0,256.0,a1
qwen,97,cap48_chunk-1_pollpm_mem0.8,48,-1,lpm,0.8,0,R_short_decode,1,8,8,0,9.053577210288497,0.8836286270258779,88.36286270258779,226.20892851862476,314.5717912212125,46.40090902103111,44.0189684741199,51.4384015230462,51.470480314455926,4.248445977082512,4.247717386769021,4.252797777709716,4.253510481404032,4.248445977082512,1129.7546331770718,1127.9584844596684,1134.9340229062364,1135.1515646791086,100.0,256.0,a1
qwen,97,cap48_chunk-1_pollpm_mem0.8,48,-1,lpm,0.8,0,R_short_decode,2,8,8,0,9.059989228844644,0.8830032572809343,88.30032572809344,226.0488338639192,314.34915959201265,47.48398216906935,46.18358868174255,52.17719585634768,52.241181852296,4.249140652645306,4.24813875271117,4.255168494841486,4.255192996514048,4.249140652645306,1131.0148485936224,1130.03358268179,1136.3623487995935,1136.6557082394138,100.0,256.0,a1
qwen,97,cap48_chunk-1_pollpm_mem0.8,48,-1,lpm,0.8,0,R_short_decode,3,8,8,0,9.047354641836137,0.8842363670599322,88.42363670599323,226.36450996734263,314.78814667333586,45.087250880897045,44.157395139336586,47.92885091155768,48.31662211567164,4.252708228487594,4.252353610069145,4.263741624285923,4.264039328376598,4.252708228487594,1129.5278491452336,1129.6011961530894,1132.051040045917,1132.4692540988326,100.0,256.0,a1
qwen,97,cap48_chunk-1_pollpm_mem0.8,48,-1,lpm,0.8,0,R_short_decode,4,8,8,0,9.03438817244023,0.8855054539724478,88.55054539724479,226.68939621694665,315.2399416141914,44.47332036215812,43.82539703510702,46.27023218199611,46.33433213457465,4.248323909454413,4.247299172714644,4.253817530641077,4.253846590681111,4.248323909454413,1127.7959172730334,1127.9029697179794,1129.239562805742,1129.2658604495227,100.0,256.0,a1
qwen,120,cap64_chunk-1_pollpm_mem0.75,64,-1,lpm,0.75,0,tool_agent,0,200,200,0,41.40933704888448,4.829828590684665,13040.271554276109,1001.2959142777912,14041.567468553898,294.1772786341608,301.8481363542378,544.9937892379239,672.6740677282213,19.767106251021183,11.36626790477229,54.550370620563605,201.64905542507768,10.694036756093888,2269.7401587711647,714.3916548229754,6725.66166471224,9609.843041566195,2699.945,207.315,a1
qwen,120,cap64_chunk-1_pollpm_mem0.75,64,-1,lpm,0.75,0,tool_agent,1,200,200,0,41.12439921544865,4.863292931094509,13130.623432843966,1008.2335740098582,14138.857006853825,144.60219241678715,159.1375614516437,192.97257077414545,201.67666556779292,10.17650008845056,9.93311129834341,12.246816128285396,30.442108949646357,9.360739851389258,1873.8584688631815,436.3823337480426,5654.194376990199,8069.133783536959,2699.945,207.315,a1
qwen,120,cap64_chunk-1_pollpm_mem0.75,64,-1,lpm,0.75,0,tool_agent,2,200,200,0,41.19200953980908,4.85531058655234,13109.071541609055,1006.5787142510984,14115.650255860157,147.68558385781944,158.0684520304203,229.9648160347715,230.91178278438747,10.1953185457959,9.873415387119168,12.75107952105942,34.15811964310706,9.438108062280817,1891.234476743266,450.0918732956052,5677.492868155241,8034.816941046151,2699.945,207.315,a1
qwen,120,cap64_chunk-1_pollpm_mem0.75,64,-1,lpm,0.75,0,tool_agent,3,200,200,0,41.20685664564371,4.85356118569999,13104.34825552476,1006.2160372133934,14110.564292738152,145.05382657051086,157.90597815066576,223.17002229392529,223.80395584274083,10.178725513311011,9.88685231877946,12.789761619642375,34.558215122669935,9.428374595907544,1886.8046075454915,453.0473940540105,5689.457347476855,8048.364278841758,2699.945,207.315,a1
qwen,120,cap64_chunk-1_pollpm_mem0.75,64,-1,lpm,0.75,0,tool_agent,4,200,200,0,41.24447907600552,4.849133859381253,13092.39471796712,1005.2981860576244,14097.692904024743,144.60076820338145,135.81640552729368,232.1489121299237,233.1142864748836,9.960902227728626,9.637651542804418,12.077532307752833,31.83164047077298,9.29510184729634,1861.7314079636708,449.74359357729554,5536.434544809161,8013.586760009635,2699.945,207.315,a1
qwen,120,cap64_chunk-1_pollpm_mem0.75,64,-1,lpm,0.75,0,R_medium_balanced,0,16,16,0,3.439610525034368,4.6516894524969885,3721.351561997591,1190.832499839229,4912.184061836821,105.24494765559211,105.1768590696156,106.7096188198775,106.8379261996597,6.302729484113846,6.30543856406767,6.664541410738785,6.670110008642808,6.302729484113846,1712.440966104623,1712.4710301868618,1805.6952020851893,1805.8866791194305,800.0,256.0,a1
qwen,120,cap64_chunk-1_pollpm_mem0.75,64,-1,lpm,0.75,0,R_medium_balanced,1,16,16,0,3.4205648535862565,4.677590013598182,3742.072010878546,1197.4630434811345,4939.53505435968,98.46370879677124,98.16629998385906,104.52068108133972,104.63728285394608,6.299864118987256,6.30204211372663,6.656618488897734,6.662222279838341,6.299864118987256,1704.9290591385216,1704.6390126924962,1801.3802050845698,1801.76493471954,800.0,256.0,a1
qwen,120,cap64_chunk-1_pollpm_mem0.75,64,-1,lpm,0.75,0,R_medium_balanced,2,16,16,0,3.4230717555619776,4.674164359541223,3739.331487632978,1196.586076042553,4935.917563675531,98.39295214624144,98.4285199083388,101.1099339229986,101.25085243489592,6.300736312964457,6.303866425821302,6.658608199316351,6.662287575411884,6.300736312964456,1705.0807119521778,1705.396595178172,1798.6928587779405,1798.80682695657,800.0,256.0,a1
qwen,120,cap64_chunk-1_pollpm_mem0.75,64,-1,lpm,0.75,0,R_medium_balanced,3,16,16,0,3.4335115551948547,4.659952279989338,3727.9618239914703,1192.9477836772703,4920.909607668741,101.9722190394532,101.891913684085,106.09139560256152,106.18137281853706,6.302467655212454,6.304692180242901,6.658924233131842,6.663810825705821,6.302467655212454,1709.101471118629,1709.0224886778742,1803.4786651842296,1803.936570789665,800.0,256.0,a1
qwen,120,cap64_chunk-1_pollpm_mem0.75,64,-1,lpm,0.75,0,R_medium_balanced,4,16,16,0,3.431586259044707,4.662566752570608,3730.0534020564864,1193.6170886580755,4923.670490714562,103.31146509270184,103.25598740018904,106.68081953190269,106.79243463091552,6.2995430750900185,6.3028228487454205,6.657199626879804,6.662165328184617,6.2995430750900185,1709.6949492406566,1709.862600080669,1803.7713429657745,1804.1394423460588,800.0,256.0,a1
qwen,120,cap64_chunk-1_pollpm_mem0.75,64,-1,lpm,0.75,0,R_concurrent_decode,0,32,32,0,2.6716997628100216,11.97739373466997,2395.478746933994,3066.2127960755124,5461.691543009507,115.43094991066027,115.48549844883382,117.70042104180902,118.03066451568156,9.969376959648512,9.969647662421943,9.972235286590076,9.988057733988208,9.969376959648514,2657.622074621031,2657.7627900987864,2660.519361682236,2661.333788498305,200.0,256.0,a1
qwen,120,cap64_chunk-1_pollpm_mem0.75,64,-1,lpm,0.75,0,R_concurrent_decode,1,32,32,0,2.664253936614841,12.010867117516092,2402.1734235032186,3074.78198208412,5476.955405587338,110.68709804385436,110.82232603803276,112.90341671556234,113.20402893703432,9.962750762055045,9.961698147669145,9.966198307754215,9.977257564773454,9.962750762055045,2651.1885423678905,2651.426501572132,2653.492798958905,2653.9243473904207,200.0,256.0,a1
qwen,120,cap64_chunk-1_pollpm_mem0.75,64,-1,lpm,0.75,0,R_concurrent_decode,2,32,32,0,2.677771755028516,11.950234346862482,2390.0468693724965,3059.259992796796,5449.306862169292,121.97086968808436,122.11814057081938,124.2726004915312,124.6009430475533,9.961273692041528,9.960218573756077,9.964431419092064,9.97985192088812,9.961273692041528,2662.095661158673,2662.0774222537875,2664.790444006212,2665.175952571444,200.0,256.0,a1
qwen,120,cap64_chunk-1_pollpm_mem0.75,64,-1,lpm,0.75,0,R_concurrent_decode,3,32,32,0,2.668117124121636,11.993476489730426,2398.695297946085,3070.329981370989,5469.025279317074,110.88208790170027,110.81429407931864,112.88741070311517,113.23921505827455,9.967508065849817,9.966963482107602,9.969490341769127,9.982995434189398,9.967508065849817,2652.5966446934035,2652.6589726563543,2654.981644032523,2655.141892535612,200.0,256.0,a1
qwen,120,cap64_chunk-1_pollpm_mem0.75,64,-1,lpm,0.75,0,R_concurrent_decode,4,32,32,0,2.66106715798378,12.025250811124042,2405.0501622248084,3078.464207647755,5483.514369872563,107.76017329772004,107.68764466047288,110.020133247599,110.40689346846192,9.959947790005518,9.96052336276454,9.962962816980689,9.971311017907428,9.959947790005518,2647.546859749127,2647.4474526476115,2649.938153475523,2650.7938881265,200.0,256.0,a1
qwen,120,cap64_chunk-1_pollpm_mem0.75,64,-1,lpm,0.75,0,R_short_decode,0,8,8,0,9.116742009762676,0.877506459153192,87.7506459153192,224.6416535432172,312.39229945853634,52.71215207176283,51.86890880577266,58.89810768421739,60.19670620094985,4.256500519677988,4.256431767534392,4.264480304064266,4.265031388960779,4.256507926933421,1137.5896099489182,1137.7756143920124,1139.9453582242131,1140.0090482458472,100.0,256.0,a1
qwen,120,cap64_chunk-1_pollpm_mem0.75,64,-1,lpm,0.75,0,R_short_decode,1,8,8,0,9.119608170818536,0.8772306715543847,87.72306715543847,224.5710519179225,312.29411907336095,52.380919572897255,52.26774606853724,55.18489344976842,55.705336509272456,4.259304338198739,4.2581160059746574,4.263527297834847,4.263947828325862,4.259304338198739,1138.5035258135758,1138.4384604170918,1140.9120081691071,1141.082306704484,100.0,256.0,a1
qwen,120,cap64_chunk-1_pollpm_mem0.75,64,-1,lpm,0.75,0,R_short_decode,2,8,8,0,9.108327947091311,0.8783170793224184,87.83170793224184,224.84917230653912,312.68088023878096,50.65958423074335,50.82129035145044,53.14300998579711,53.16442744340748,4.25967896704142,4.258348091560251,4.265679137087336,4.266141755908143,4.25967896704142,1136.8777208263054,1136.916481424123,1139.3988890340552,1139.430024358444,100.0,256.0,a1
qwen,120,cap64_chunk-1_pollpm_mem0.75,64,-1,lpm,0.75,0,R_short_decode,3,8,8,0,9.092822804115713,0.8798147915495433,87.98147915495433,225.2325866366831,313.21406579163744,49.26725313998759,49.96220814064145,52.17447259929031,52.245033788494766,4.258324503533396,4.257900462321499,4.263640480189054,4.264439405800373,4.258324503533396,1135.1400015410036,1135.7588495593518,1138.6137254768985,1138.9371939795092,100.0,256.0,a1
qwen,120,cap64_chunk-1_pollpm_mem0.75,64,-1,lpm,0.75,0,R_short_decode,4,8,8,0,9.08646205207333,0.8804306840388528,88.04306840388529,225.39025511394632,313.4333235178316,48.66714362287894,48.17485017701984,53.19057716988027,53.33073052577674,4.257423226840283,4.256277547820526,4.265532400641663,4.265715568782944,4.257423226840283,1134.310066467151,1132.8329590614885,1138.128046109341,1138.134513082914,100.0,256.0,a1
qwen,120,cap64_chunk-1_pollpm_mem0.75,64,-1,lpm,0.75,0,R_long_prefill,0,4,4,0,0.2954704943113029,13.537730761656578,54150.92304662631,433.2073843730105,54584.13043099932,98.61932904459536,99.01073109358548,99.34337150771172,99.37108884099872,6.080733965181055,6.0639422717354,6.137489085836758,6.14785539106496,6.080733965181055,287.12208196520805,286.99294151738286,287.6492731506005,287.72320807445794,4000.0,32.0,a1
qwen,120,cap64_chunk-1_pollpm_mem0.75,64,-1,lpm,0.75,0,R_long_prefill,1,4,4,0,0.3059392259456217,13.07449212384086,52297.96849536344,418.3837479629075,52716.35224332634,107.53355792257936,107.91245801374316,108.24974528513847,108.28636269085108,6.049357377172958,6.031031953170896,6.109636729102462,6.120482778417007,6.049357377172958,295.06363661494106,295.02702108584344,295.73825406841934,295.81390812061727,4000.0,32.0,a1
qwen,120,cap64_chunk-1_pollpm_mem0.75,64,-1,lpm,0.75,0,R_long_prefill,2,4,4,0,0.3072285107336938,13.019625003055808,52078.50001222323,416.6280000977858,52495.128012321016,110.3310246253386,110.77992129139602,111.13538765348494,111.1718646902591,6.092702845982727,6.069799952749764,6.15884838325362,6.170883822825647,6.092702845982727,299.20481285080314,298.9611092489213,299.8225061455741,299.94365733582526,4000.0,32.0,a1
qwen,120,cap64_chunk-1_pollpm_mem0.75,64,-1,lpm,0.75,0,R_long_prefill,3,4,4,0,0.2974237599410116,13.448824669533206,53795.29867813283,430.3623894250626,54225.66106755789,101.53401270508766,101.86804714612664,102.1488324040547,102.17400856781752,6.069360334696548,6.052577853082649,6.122096867540911,6.131796966487121,6.069360334696548,289.68418308068067,289.7053153719753,290.29122130014,290.36267277784646,4000.0,32.0,a1
qwen,120,cap64_chunk-1_pollpm_mem0.75,64,-1,lpm,0.75,0,R_long_prefill,4,4,4,0,0.3041481007821858,13.151487678907392,52605.950715629566,420.8476057250365,53026.7983213546,107.739957398735,108.23369841091336,108.5412731859833,108.56878359802069,6.04692368107217,6.023086795222856,6.111919666610419,6.124335496776528,6.04692368107217,295.19459151197225,295.02339102327824,295.7424737745896,295.84241047967225,4000.0,32.0,a1
qwen,120,cap64_chunk-1_pollpm_mem0.75,64,-1,lpm,0.75,0,shared_prefix,0,128,128,0,7.231363468803465,17.700672985419647,40627.884529307536,4531.37228426743,45159.25681357497,507.715425821516,503.1052546110004,580.1182577619329,599.4592744298279,12.118465577776368,12.069701490159812,12.494636850212428,12.496959772874035,12.118515330875312,3597.558131590631,3583.2048740703613,3672.780400677584,3674.591853776946,2295.2734375,256.0,a1
qwen,120,cap64_chunk-1_pollpm_mem0.75,64,-1,lpm,0.75,0,shared_prefix,1,128,128,0,7.651962406933308,16.72773508192114,38394.72600307047,4282.300180971812,42677.02618404228,717.7894746637321,748.8340400159359,932.2515012696384,953.2008807640524,11.992122461881516,12.004853859362626,12.618253090802362,12.62077858998422,11.992300186149734,3775.263883060688,3770.3032083809376,3858.461029874161,3859.3216344853854,2295.2734375,256.0,a1
qwen,120,cap64_chunk-1_pollpm_mem0.75,64,-1,lpm,0.75,0,shared_prefix,2,128,128,0,7.302098970860243,17.529206398159875,40234.321826151405,4487.476837928928,44721.798664080336,535.8586774491414,550.7489608135074,589.1177486162633,623.6108315177262,12.147183057020856,12.05888271124515,12.571170088360269,12.57221558408848,12.147236852830169,3633.024473769183,3618.564009666443,3760.271585872397,3761.555179581046,2295.2734375,256.0,a1
qwen,120,cap64_chunk-1_pollpm_mem0.75,64,-1,lpm,0.75,0,shared_prefix,3,128,128,0,7.32158316578716,17.48255767934563,40127.25026096367,4475.534765912481,44602.78502687615,539.4699947173649,538.6090818792582,585.5331944767386,613.2523421244696,12.159472571385134,12.0744637078845,12.578678835530344,12.579972022560003,12.159526676827848,3639.769312099816,3621.783398790285,3751.83933142107,3752.735385671258,2295.2734375,256.0,a1
qwen,120,cap64_chunk-1_pollpm_mem0.75,64,-1,lpm,0.75,0,shared_prefix,4,128,128,0,7.319721091073006,17.487005093145747,40137.45829172464,4476.673303845311,44614.131595569954,543.4395604825113,558.5167373064905,581.166799692437,632.4587651714683,12.143508873691683,12.056532671852809,12.574906935002293,12.577436547160294,12.143561682488189,3639.668303214421,3613.931552041322,3769.9172692839056,3771.589984316379,2295.2734375,256.0,a1
qwen,155,cap96_chunk2048_pollpm_mem0.9,96,2048,lpm,0.9,0,R_concurrent_decode,0,32,32,0,2.6578920939937234,12.039615931855648,2407.9231863711293,3082.141678555046,5490.064864926175,109.65180002676787,109.6483652945608,111.73328184522688,112.16395752038808,9.9367413143673,9.9358538083513,9.938469513355956,9.9543771308792,9.9367413143673,2643.5208351904294,2643.3860782999545,2645.908343838528,2646.5116154495627,200.0,256.0,a1
qwen,155,cap96_chunk2048_pollpm_mem0.9,96,2048,lpm,0.9,0,R_concurrent_decode,1,32,32,0,2.6644716449081898,12.009885735189586,2401.9771470379173,3074.530748208534,5476.507895246451,115.19099850556812,115.20739085972308,117.26572602055968,117.52945644780992,9.94335845159595,9.94219418213356,9.94648064541466,9.963724765743986,9.94335845159595,2650.747403662536,2650.602181907743,2652.79429468792,2654.452066132799,200.0,256.0,a1
qwen,155,cap96_chunk2048_pollpm_mem0.9,96,2048,lpm,0.9,0,R_concurrent_decode,2,32,32,0,2.661541484761983,12.023107730316555,2404.6215460633107,3077.915578961038,5482.537125024349,111.83109793637414,111.83741851709784,114.13229929748924,114.28349160123616,9.94251587898379,9.942956396615973,9.94512487714197,9.960881698712267,9.94251587898379,2647.172647077241,2647.10728591308,2649.681728053838,2650.3467135550454,200.0,256.0,a1
qwen,155,cap96_chunk2048_pollpm_mem0.9,96,2048,lpm,0.9,0,R_concurrent_decode,3,32,32,0,2.662670006975532,12.018011963994027,2403.6023927988053,3076.611062782471,5480.213455581276,114.1105961141875,114.03020657598972,116.18014578707516,116.45269327796996,9.94414666875302,9.942555181024703,9.947721125083229,9.961026925849271,9.94414666875302,2649.867996646208,2649.762841174379,2651.61112677306,2652.654441287741,200.0,256.0,a1
qwen,155,cap96_chunk2048_pollpm_mem0.9,96,2048,lpm,0.9,0,R_concurrent_decode,4,32,32,0,2.660231521818787,12.029028202072338,2405.805640414468,3079.4312197305185,5485.236860144986,109.07417663838714,109.1274255886674,111.28387791104616,111.43243339378388,9.94413420694935,9.943033925568065,9.947287344245934,9.959854583529864,9.94413420694935,2644.828399410472,2644.841064698994,2647.4681445630267,2647.72698586341,200.0,256.0,a1
qwen,155,cap96_chunk2048_pollpm_mem0.9,96,2048,lpm,0.9,0,R_short_decode,0,8,8,0,9.060479009058326,0.8829555249785249,88.2955524978525,226.0366143945024,314.33216689235485,50.86540651973337,50.62011838890612,52.43845127988607,52.45975895319134,4.235491450127287,4.2348212443803455,4.242256374153144,4.242362364505729,4.235491450127287,1130.9157263021916,1130.416735773906,1132.8957801219076,1132.905412716791,100.0,256.0,a1
qwen,155,cap96_chunk2048_pollpm_mem0.9,96,2048,lpm,0.9,0,R_short_decode,1,8,8,0,9.052506713662297,0.88373311979169,88.373311979169,226.23567866667264,314.60899064584163,49.80168043402955,50.20239786244929,51.37846297584474,51.72535973601043,4.236249166184708,4.2365555989318615,4.2424276470224935,4.242864198526185,4.236249166184708,1130.04521781113,1130.5502464529127,1132.9702193615958,1133.2922126865014,100.0,256.0,a1
qwen,155,cap96_chunk2048_pollpm_mem0.9,96,2048,lpm,0.9,0,R_short_decode,2,8,8,0,9.069381077308208,0.8820888583032614,88.20888583032614,225.81474772563493,314.02363355596106,52.02048225328326,51.78999528288841,53.418899001553655,53.49099078215659,4.2363414686976695,4.235451962506654,4.241283165528348,4.241771142984576,4.2363414686976695,1132.287556771189,1132.2229506913573,1134.1833150479945,1134.634547578171,100.0,256.0,a1
qwen,155,cap96_chunk2048_pollpm_mem0.9,96,2048,lpm,0.9,0,R_short_decode,3,8,8,0,9.058465131092817,0.8831518236506009,88.31518236506008,226.08686685455385,314.4020492196139,50.42489990592003,50.90085044503212,51.79323812481016,51.85025855433196,4.236087520999432,4.233976941117469,4.242100369952181,4.24234967762787,4.236087520999432,1130.6272177607752,1130.5598376784474,1132.750406046398,1133.1491871038452,100.0,256.0,a1
qwen,155,cap96_chunk2048_pollpm_mem0.9,96,2048,lpm,0.9,0,R_short_decode,4,8,8,0,9.056478515267372,0.8833455505375113,88.33455505375113,226.1364609376029,314.471015991354,50.40366674074903,50.67190388217568,51.71857613604516,51.88823943492025,4.236079748336445,4.233530996476903,4.241893897472205,4.242007820867002,4.236079748336445,1130.6040025665425,1130.6366263888776,1132.736745825969,1132.8995253099129,100.0,256.0,a1
qwen,155,cap96_chunk2048_pollpm_mem0.9,96,2048,lpm,0.9,0,tool_agent,0,200,200,0,41.4342689011246,4.826922383432513,13032.424954536697,1000.6934139213116,14033.118368458008,235.6241397722624,186.74134695902467,581.8138211267067,732.4629738787181,43.2262351060069,13.388948741235904,209.3124219682068,357.149158930406,11.710353508826278,2398.936295225285,847.6112282369286,7111.975476448422,10005.652629048558,2699.945,207.315,a1
qwen,155,cap96_chunk2048_pollpm_mem0.9,96,2048,lpm,0.9,0,tool_agent,1,200,200,0,41.1586346947588,4.85924767629545,13119.701467375518,1007.3949320111911,14127.09639938671,136.7017724388279,149.45409656502306,208.95061227492988,219.193879510276,10.099034352214666,9.76048243076851,12.215134352327713,34.28154009394348,9.323573862677994,1859.0921899606476,439.4070890266448,5525.203651213085,7999.281774526457,2699.945,207.315,a1
qwen,155,cap96_chunk2048_pollpm_mem0.9,96,2048,lpm,0.9,0,tool_agent,2,200,200,0,41.22461591986939,4.85147030572101,13098.702994579911,1005.7825664305512,14104.485561010464,133.32483433187008,147.2217661794275,219.08200152684003,220.0659675756469,10.073965075848898,9.799518855288625,12.989845639094709,29.498263327404857,9.364056247897894,1863.1937652872875,440.2699165511876,5573.758435784838,8032.128611602816,2699.945,207.315,a1
qwen,155,cap96_chunk2048_pollpm_mem0.9,96,2048,lpm,0.9,0,tool_agent,3,200,200,0,41.187632555142045,4.855826557456047,13110.464634670669,1006.6856827590004,14117.150317429669,134.56035427516326,142.2092344146222,220.71065991185608,221.5678091160953,10.41366591638936,9.75191031125121,13.980191018756312,31.98970563709736,9.344467227803568,1860.8105076034556,439.2742414493114,5599.577638739719,8030.878215674306,2699.945,207.315,a1
qwen,155,cap96_chunk2048_pollpm_mem0.9,96,2048,lpm,0.9,0,tool_agent,4,200,200,0,41.16184998815879,4.858868103778981,13118.676642457542,1007.3162409349396,14125.992883392482,138.54398442897946,145.81856224685907,219.90106177981943,220.61853639781475,10.09402279372175,9.786245416423224,12.187195139016673,34.162592105567455,9.318096876769744,1859.922610959038,440.717596327886,5527.245307178235,8058.075408879663,2699.945,207.315,a1
qwen,155,cap96_chunk2048_pollpm_mem0.9,96,2048,lpm,0.9,0,shared_prefix,0,128,128,0,7.015405923128128,18.245558618071463,41878.54604840864,4670.863006226295,46549.40905463493,402.7294170118694,413.7870802078396,450.5438835127279,491.4072649134323,12.112515475603193,12.027987952359071,12.545681487421923,12.548846821921568,12.11256878511296,3491.05593944114,3473.750277655199,3616.804841789417,3619.070101203397,2295.2734375,256.0,a1
qwen,155,cap96_chunk2048_pollpm_mem0.9,96,2048,lpm,0.9,0,shared_prefix,1,128,128,0,7.133600978646427,17.943251996173117,41184.669689185,4593.472511020318,45778.14220020532,427.1024051340646,410.87253182195127,499.18488555122167,518.7733083590865,12.242170744697926,12.313748711683589,12.36426280765776,12.366953592692663,12.242206750060475,3548.482557438547,3550.930357305333,3562.6094846986234,3564.7840577876195,2295.2734375,256.0,a1
qwen,155,cap96_chunk2048_pollpm_mem0.9,96,2048,lpm,0.9,0,shared_prefix,2,128,128,0,7.454058339353651,17.171853797309964,39414.09989359907,4395.994572111351,43810.09446571042,587.3616116186895,628.1298284884542,829.083884973079,829.9930305080488,12.211391385740878,12.181446405456349,12.565292348427809,12.568776732000211,12.211533061080155,3700.8255291839305,3458.3973344415426,3976.465127849952,3978.1836274731904,2295.2734375,256.0,a1
qwen,155,cap96_chunk2048_pollpm_mem0.9,96,2048,lpm,0.9,0,shared_prefix,3,128,128,0,6.915736866183579,18.50851217690072,42482.09636728552,4738.179117286584,47220.27548457211,376.6883387143025,373.45745600759983,425.1473207492381,445.6879583187401,12.01605080377323,11.989506832597886,12.321373004575864,12.32360269808594,12.016093992011308,3440.416803739936,3425.070421071723,3516.655019368045,3519.0668937005103,2295.2734375,256.0,a1
qwen,155,cap96_chunk2048_pollpm_mem0.9,96,2048,lpm,0.9,0,shared_prefix,4,128,128,0,7.170551750808954,17.85078811899789,40972.43980797644,4569.80175846346,45542.24156643991,440.4615136918437,429.3483954388648,500.0581709202379,518.1842858251184,12.243049337591316,12.296444855119084,12.358214154236896,12.360665026120842,12.24307771496482,3562.0637348292803,3565.318627282977,3573.193804640323,3574.552200771868,2295.2734375,256.0,a1
qwen,155,cap96_chunk2048_pollpm_mem0.9,96,2048,lpm,0.9,0,R_medium_balanced,0,16,16,0,3.438779433257878,4.652813683034536,3722.2509464276286,1191.1203028568411,4913.37124928447,105.83881390630268,105.58787756599486,108.53983846027404,108.68916513863952,6.304419243836081,6.307406371057619,6.664335760105328,6.670704510921211,6.304419243836082,1713.4657210845037,1713.2873004302382,1807.4378981254995,1807.917061354965,800.0,256.0,a1
qwen,155,cap96_chunk2048_pollpm_mem0.9,96,2048,lpm,0.9,0,R_medium_balanced,1,16,16,0,3.4267908320762217,4.669091515663339,3735.273212530671,1195.287428009815,4930.560640540486,100.2772501669824,99.96503498405218,104.01343984995036,104.06208310741933,6.30415020973933,6.306471317714336,6.664216699644777,6.670113673123221,6.30415020973933,1707.8355536505114,1707.9975702799857,1802.6902381097896,1803.093716944568,800.0,256.0,a1
qwen,155,cap96_chunk2048_pollpm_mem0.9,96,2048,lpm,0.9,0,R_medium_balanced,2,16,16,0,3.433549080044031,4.659901351925576,3727.921081540461,1192.9347460929475,4920.855827633409,101.9014654448256,101.97116737253964,102.76788799092174,102.84562399610876,6.304148688579124,6.306247067108165,6.662960761847596,6.668255408477112,6.304148688579124,1709.4593810325025,1709.277248941362,1801.2345543829724,1801.418061903678,800.0,256.0,a1
qwen,155,cap96_chunk2048_pollpm_mem0.9,96,2048,lpm,0.9,0,R_medium_balanced,3,16,16,0,3.443027480971068,4.64707298690726,3717.658389525808,1189.6506846482584,4907.309074174066,107.7040063100867,107.38813551142812,111.5818009711802,111.69207552447916,6.304676126455888,6.308273595812566,6.664089585983139,6.669950917198816,6.304676126455888,1715.3964185563382,1715.470074908808,1804.044213029556,1804.1759494459257,800.0,256.0,a1
qwen,155,cap96_chunk2048_pollpm_mem0.9,96,2048,lpm,0.9,0,R_medium_balanced,4,16,16,0,3.4372872840613127,4.654833500298895,3723.866800239116,1191.637376076517,4915.504176315632,105.34405722864904,104.79959333315492,107.73696273099632,107.8569354256615,6.305138068844327,6.307559428444388,6.662576040253043,6.669598280397408,6.305138068844327,1713.1542647839524,1713.1210672669113,1806.0826370492575,1806.2970964238048,800.0,256.0,a1
qwen,155,cap96_chunk2048_pollpm_mem0.9,96,2048,lpm,0.9,0,R_long_prefill,0,4,4,0,0.3151671709492802,12.69167720721686,50766.70882886744,406.1336706309395,51172.84249949838,116.17780558299272,116.59445567056537,116.98812434915452,117.02160239685328,6.087947186202772,6.065413678785967,6.151662999013018,6.163690920108028,6.087947186202773,304.90416835527867,304.9183040857315,305.5647575994953,305.640930715017,4000.0,32.0,a1
qwen,155,cap96_chunk2048_pollpm_mem0.9,96,2048,lpm,0.9,0,R_long_prefill,1,4,4,0,0.3184881801716983,12.559335790243717,50237.34316097487,401.8987452877989,50639.241906262665,117.9768875008449,118.29322203993796,118.72334021609277,118.76232472714037,6.082793040531538,6.0640782898952885,6.138816800328993,6.149163955161648,6.082793040531537,306.5434717573225,306.44208448939025,307.1858112467453,307.2398087522015,4000.0,32.0,a1
qwen,155,cap96_chunk2048_pollpm_mem0.9,96,2048,lpm,0.9,0,R_long_prefill,2,4,4,0,0.3070403123274445,13.027605299379,52110.421197516,416.883369580128,52527.30456709613,110.02742452546954,110.37886701524258,110.68880062084644,110.71668168064208,6.072483179459889,6.054957104366153,6.124224772887124,6.133918299700224,6.072483179459889,298.2744030887261,298.1269264128059,298.7531014950946,298.8345436984673,4000.0,32.0,a1
qwen,155,cap96_chunk2048_pollpm_mem0.9,96,2048,lpm,0.9,0,R_long_prefill,3,4,4,0,0.3001611339859664,13.32617566732345,53304.7026692938,426.4376213543504,53731.14029064815,101.33970819879325,101.65991471149027,102.00615909416229,102.03832040075211,6.100879028259266,6.084170996121341,6.149673254619683,6.1588663890236806,6.100879028259266,290.4669580748305,290.5216561630368,290.940571250394,290.9791122470051,4000.0,32.0,a1
qwen,155,cap96_chunk2048_pollpm_mem0.9,96,2048,lpm,0.9,0,R_long_prefill,4,4,4,0,0.3114563627168536,12.842890622325855,51371.56248930343,410.9724999144274,51782.53498921786,113.7541343923658,114.21629320830108,114.57990757189692,114.60994797758758,6.086459184335845,6.064956857552451,6.13966960339777,6.1501317759675365,6.086459184335845,302.434369106777,302.5059523060918,302.6882626116276,302.69898049533367,4000.0,32.0,a1
lfm25,179,cap128_chunk2048_pollpm_mem0.9,128,2048,lpm,0.9,0,tool_agent,0,200,200,0,37.92096856702119,5.274126889626296,14063.723057533,1093.4056161228757,15157.128673655874,214.4828284392133,171.27543897368014,573.5854351660234,680.8777411282059,30.486273931948684,5.152015082005944,152.4083387106657,261.59104147925973,3.900055079979797,934.9400033638811,648.4312801621854,2184.127353620715,2869.5871729170854,2666.55,207.315,a1
lfm25,179,cap128_chunk2048_pollpm_mem0.9,128,2048,lpm,0.9,0,tool_agent,1,200,200,0,37.933780734892935,5.272345548621585,14058.973022676888,1093.036317412484,15152.009340089371,156.57286476809531,144.1032055299729,308.16996681969607,314.27869704086334,5.990120296061083,3.2119527459144592,23.082526307553053,59.92414666339755,3.072793468257126,724.2100021592341,300.4106960725039,1889.6595663623884,2413.511696890925,2666.55,207.315,a1
lfm25,179,cap128_chunk2048_pollpm_mem0.9,128,2048,lpm,0.9,0,tool_agent,2,200,200,0,37.85902217868716,5.282756618912112,14086.734662160092,1095.1946884497645,15181.929350609857,139.20332136796787,130.0518021453172,272.509101475589,279.2153132101521,5.507930213693027,3.180195779904075,19.870269903913137,57.01041618362069,3.024499666031885,697.8737771790475,259.7604508046061,1851.1854024138297,2306.193936141204,2666.55,207.315,a1
lfm25,179,cap128_chunk2048_pollpm_mem0.9,128,2048,lpm,0.9,0,tool_agent,3,200,200,0,37.87026414601132,5.281188407582443,14082.55294823896,1094.869574717954,15177.422522956917,132.58632491808385,131.08555367216468,248.90790698118508,275.8841019682586,5.438804732297181,3.1779085071458764,21.22881356626749,42.30608063749969,3.0336200307247063,692.941448893398,250.3438680432737,1867.058163043112,2308.9793213224,2666.55,207.315,a1
lfm25,179,cap128_chunk2048_pollpm_mem0.9,128,2048,lpm,0.9,0,tool_agent,4,200,200,0,37.86575844604522,5.281816823634452,14084.228651062447,1094.9998547917764,15179.228505854226,128.63180740037933,129.24922234378755,218.9391802530736,226.27552745863795,5.286937259702744,3.214910709565239,17.16229463927447,41.43064026720822,3.009838334495916,684.5639969734475,248.57551255263388,1841.7350948555395,2244.013112899844,2666.55,207.315,a1
lfm25,179,cap128_chunk2048_pollpm_mem0.9,128,2048,lpm,0.9,0,R_short_decode,0,8,8,0,4.762965505942702,1.6796258528470307,167.96258528470307,429.9842183288399,597.9468036135429,24.849462090060115,23.97961146198213,28.516234271228317,28.84160418063402,2.231739995222254,2.2314687779940225,2.235582531850051,2.2360476630179664,2.231737825555463,593.6636403785087,592.9586344864219,596.9463003566489,597.4897580919787,100.0,256.0,a1
lfm25,179,cap128_chunk2048_pollpm_mem0.9,128,2048,lpm,0.9,0,R_short_decode,1,8,8,0,4.774569649249315,1.675543679891193,167.5543679891193,428.9391820521454,596.4935500412647,26.404864038340747,25.74690594337881,29.934878274798397,30.48830382525921,2.231312384528226,2.2310611864953653,2.2351708120789526,2.236421881256168,2.2313097252520997,595.1099302619696,594.1171359736472,598.4037745511159,599.0912061883137,100.0,256.0,a1
lfm25,179,cap128_chunk2048_pollpm_mem0.9,128,2048,lpm,0.9,0,R_short_decode,2,8,8,0,4.776319646742195,1.674929776832795,167.49297768327952,428.7820228691956,596.2750005524751,26.29145566606894,25.987613713368773,28.772559808567166,29.560977751389142,2.2313936602302533,2.2313908573386136,2.233688061730785,2.23422059465688,2.2313922085050657,595.0175448087975,594.6934267412871,597.1976283704862,597.8462041867897,100.0,256.0,a1
lfm25,179,cap128_chunk2048_pollpm_mem0.9,128,2048,lpm,0.9,0,R_short_decode,3,8,8,0,4.7841428318060935,1.672190877499338,167.2190877499338,428.08086463983057,595.2999523897644,26.950251078233123,26.8461259547621,28.843190241605043,29.027911592274904,2.232266973554164,2.2316123066725684,2.234851063278535,2.235699009774671,2.232265186392396,595.898840459995,595.8452310878783,597.8393548401073,598.0284656072035,100.0,256.0,a1
lfm25,179,cap128_chunk2048_pollpm_mem0.9,128,2048,lpm,0.9,0,R_short_decode,4,8,8,0,4.781599880661815,1.6730801822951211,167.30801822951213,428.308526667551,595.6165448970631,27.12917956523597,26.57748037017882,29.443641006946564,29.52651694417,2.2306503485864155,2.2304781749114104,2.2339083690618877,2.235077818062718,2.2306480338087176,595.6655971822329,595.1096590142697,597.626914549619,597.7542726881802,100.0,256.0,a1
lfm25,179,cap128_chunk2048_pollpm_mem0.9,128,2048,lpm,0.9,0,shared_prefix,0,128,128,0,4.756155446171761,26.91249296803944,63216.18445881677,6889.598199818097,70105.78265863487,358.17596222113934,370.6077979877591,435.2450626902282,444.0044198697433,7.839396603088187,7.895244770299863,7.979744143382299,7.983118612209664,7.839396603088187,2357.222096008627,2341.808545868844,2389.4654071889818,2390.7417405815795,2348.953125,256.0,a1
lfm25,179,cap128_chunk2048_pollpm_mem0.9,128,2048,lpm,0.9,0,shared_prefix,1,128,128,0,4.99779926519841,25.611272723839274,60159.67909988953,6556.485817302854,66716.16491719238,511.0959245066624,528.2800951972604,703.896719776094,706.5093410760164,7.453526907782882,7.6856777838924355,7.87884750093023,7.880642601307116,7.453716101425383,2411.502369584923,2338.4984033182263,2629.9939279211685,2631.2634115759283,2348.953125,256.0,a1
lfm25,179,cap128_chunk2048_pollpm_mem0.9,128,2048,lpm,0.9,0,shared_prefix,2,128,128,0,4.706053190864623,27.199012592648387,63889.20562641579,6962.947223717987,70852.15285013377,341.56566734964144,338.87105342000723,390.6198906246573,391.48251939564943,7.808733901440621,7.8047913033515215,7.965724436639278,7.969235389292532,7.808731606763669,2332.7312213586997,2333.595490315929,2350.324560981244,2351.989774527028,2348.953125,256.0,a1
lfm25,179,cap128_chunk2048_pollpm_mem0.9,128,2048,lpm,0.9,0,shared_prefix,3,128,128,0,4.726973006036133,27.078639932267382,63606.45588964925,6932.13182266045,70538.5877123097,344.9068436966627,361.1495071090758,397.3544392501936,427.95180370565504,7.841336620214291,7.893282763988656,7.969477387492125,7.97307667474025,7.841336620214291,2344.4476818513067,2327.221534214914,2382.092796545476,2382.9954475257546,2348.953125,256.0,a1
lfm25,179,cap128_chunk2048_pollpm_mem0.9,128,2048,lpm,0.9,0,shared_prefix,4,128,128,0,4.707961272913963,27.187989148597055,63863.31207306314,6960.125222040847,70823.437295104,322.8831590386108,315.73573825880885,375.0108693027869,410.09956733789295,7.889259775944154,7.946876743260552,8.11452972985731,8.117242227089317,7.889259775944155,2334.64440190437,2337.3362857382745,2344.744900101796,2345.519905332476,2348.953125,256.0,a1
lfm25,179,cap128_chunk2048_pollpm_mem0.9,128,2048,lpm,0.9,0,R_medium_balanced,0,16,16,0,2.3029597573913634,6.94758123699205,5558.06498959364,1778.580796669965,7336.645786263605,106.46867216564716,119.1845426801592,121.67651311028747,122.20243311021476,4.066579601403289,4.1240371690661295,4.362434321813578,4.437657258217679,4.066579601403289,1143.446470523486,1143.6835508793592,1198.42447724659,1198.9224508637562,800.0,256.0,a1
lfm25,179,cap128_chunk2048_pollpm_mem0.9,128,2048,lpm,0.9,0,R_medium_balanced,1,16,16,0,2.272942236158997,7.039334192248592,5631.467353798874,1802.0695532156396,7433.536907014513,102.09235677029938,110.20871857181191,112.3096434166655,112.54559818189593,4.027442120965205,4.050080913721638,4.295190905366896,4.295241042295945,4.027442120965205,1129.0900976164266,1128.9389745797962,1169.555137050338,1169.9329354101792,800.0,256.0,a1
lfm25,179,cap128_chunk2048_pollpm_mem0.9,128,2048,lpm,0.9,0,R_medium_balanced,2,16,16,0,2.265700438991189,7.061833826154024,5649.467060923219,1807.8294594954305,7457.296520418649,96.33544107782654,101.32296662777662,105.33004626631735,105.58833293616772,4.034218477774594,4.064041387983689,4.125907325058007,4.20963881683408,4.034218477774594,1125.061152910348,1125.5148986820132,1140.6606555683538,1140.800310089253,800.0,256.0,a1
lfm25,179,cap128_chunk2048_pollpm_mem0.9,128,2048,lpm,0.9,0,R_medium_balanced,3,16,16,0,2.239746820647269,7.143664566237056,5714.931652989644,1828.7781289566865,7543.709781946331,95.18256041337736,101.18363797664642,103.2645497471094,103.51845882833004,3.9861721100796967,4.014989166684887,4.12041733507067,4.203405621571138,3.9861721100796967,1111.6564484837,1111.9793041143566,1138.418857823126,1138.4390065213663,800.0,256.0,a1
lfm25,179,cap128_chunk2048_pollpm_mem0.9,128,2048,lpm,0.9,0,R_medium_balanced,4,16,16,0,2.247052337042988,7.12043940242853,5696.351521942824,1822.832487021704,7519.184008964527,97.44771171244793,101.64899262599648,104.901586426422,105.08159673772752,3.9939811619856926,4.037530726625347,4.206236236838295,4.292158507194151,3.9939811619856926,1115.9129080187995,1115.899478783831,1163.75574527774,1163.8606076361611,800.0,256.0,a1
lfm25,179,cap128_chunk2048_pollpm_mem0.9,128,2048,lpm,0.9,0,R_long_prefill,0,4,4,0,0.2195594510994851,18.21830023699389,72873.20094797558,582.9856075838046,73456.18655555938,101.05267202015966,108.16660802811384,109.87083313520998,109.90053541492672,3.461905526027324,3.2278219718606245,4.089267958977049,4.202561255604509,3.461905526027324,208.3717433270067,208.23231153190136,209.042307222262,209.11000785417852,4000.0,32.0,a1
lfm25,179,cap128_chunk2048_pollpm_mem0.9,128,2048,lpm,0.9,0,R_long_prefill,1,4,4,0,0.232496622018516,17.2045510393757,68818.2041575028,550.5456332600224,69368.74979076283,110.80320284236224,118.46409342251718,120.68591373972596,120.7269078399986,3.527460773775895,3.2739632823053864,4.219241391476845,4.341771179479697,3.527460773775895,220.15448682941496,220.01784411259,220.99172826856372,221.07193011790517,4000.0,32.0,a1
lfm25,179,cap128_chunk2048_pollpm_mem0.9,128,2048,lpm,0.9,0,R_long_prefill,2,4,4,0,0.2318000649102032,17.256250560367857,69025.00224147143,552.2000179317714,69577.2022594032,106.41385929193348,110.10815412737428,112.39541149698198,112.42029446177185,3.719859009218072,3.599702207852275,4.098210640762361,4.157414523013417,3.719859009218072,221.7294885776937,221.6989225707948,222.30482418090105,222.3420000448823,4000.0,32.0,a1
lfm25,179,cap128_chunk2048_pollpm_mem0.9,128,2048,lpm,0.9,0,R_long_prefill,3,4,4,0,0.2231437219306826,17.92566676486,71702.66705944,573.62133647552,72276.28839591553,104.05443783383816,111.00306175649166,112.67613940872252,112.70189275033772,3.505788533197295,3.279437371078999,4.113587205328288,4.2232770803234265,3.505788533197296,212.73388236295432,212.66562025994065,213.22586613241583,213.26515943277627,4000.0,32.0,a1
lfm25,179,cap128_chunk2048_pollpm_mem0.9,128,2048,lpm,0.9,0,R_long_prefill,4,4,4,0,0.2215942339971661,18.051011201181137,72204.04480472454,577.6323584377964,72781.67716316234,101.58391203731298,108.22737053968012,110.05437704734504,110.08783123455942,3.4661412036286725,3.2471819074764365,4.059743224042317,4.1660215400700125,3.466141203628673,209.03428934980184,209.02940211817625,209.6646450692788,209.73695859778672,4000.0,32.0,a1
lfm25,179,cap128_chunk2048_pollpm_mem0.9,128,2048,lpm,0.9,0,R_concurrent_decode,0,32,32,0,1.4898613533005118,21.47850867405207,4295.701734810415,5498.49822055733,9794.199955367743,141.38535449455958,152.91048702783883,160.39827426429838,160.75944780372083,5.204585376172783,5.154086835682392,5.2827187466855134,5.424747980236277,5.204585376172783,1468.5546254186193,1468.7779005616903,1470.932428119704,1472.2771724266931,200.0,256.0,a1
lfm25,179,cap128_chunk2048_pollpm_mem0.9,128,2048,lpm,0.9,0,R_concurrent_decode,1,32,32,0,1.455895533785224,21.97959898729979,4395.919797459958,5626.777340748747,10022.697138208703,122.93826388486195,135.87627583183348,143.8469602027908,144.28976088762283,5.161131022203549,5.106370222261724,5.235115077127428,5.338775447259347,5.161131022203549,1439.026674546767,1439.130513696,1441.766708274372,1442.2714700875804,200.0,256.0,a1
lfm25,179,cap128_chunk2048_pollpm_mem0.9,128,2048,lpm,0.9,0,R_concurrent_decode,2,32,32,0,1.442832230590284,22.17860075589546,4435.720151179092,5677.721793509238,10113.44194468833,119.8691089375643,129.0531912818551,135.74393377639353,136.1191207403317,5.122899306839898,5.082849592116533,5.186468630609121,5.297093495032659,5.122899306839899,1426.2084321817383,1426.72748840414,1428.0630697961897,1429.3712005764246,200.0,256.0,a1
lfm25,179,cap128_chunk2048_pollpm_mem0.9,128,2048,lpm,0.9,0,R_concurrent_decode,3,32,32,0,1.4638408599421382,21.86029976049779,4372.059952099557,5596.236738687434,9968.296690786992,127.8886842628708,140.3223993256688,145.99954409059137,146.58366010989994,5.172462980708053,5.11936637317287,5.261290035685342,5.369584838677125,5.172462980708052,1446.8667443434242,1447.1862625796348,1448.735339799896,1449.6731938235462,200.0,256.0,a1
lfm25,179,cap128_chunk2048_pollpm_mem0.9,128,2048,lpm,0.9,0,R_concurrent_decode,4,32,32,0,1.474342211149633,21.70459460361491,4340.918920722982,5556.376218525417,9897.2951392484,129.5995325781405,140.8907836303115,144.69080052804202,145.28841067105532,5.205091164394866,5.156380538006916,5.284778897230531,5.395256340375864,5.205091164394866,1456.8977794988314,1457.1017052512616,1459.3232365092265,1459.5866509294135,200.0,256.0,a1
lfm25,5,cap8_chunk-1_polfcfs_mem0.8,8,-1,fcfs,0.8,0,R_medium_balanced,0,16,16,0,2.317990440875292,6.902530622153158,5522.024497722526,1767.0478392712084,7289.072336993734,102.81450458569452,102.86354529671372,104.8371089855209,104.9844038905576,4.11872336134205,4.126733643751519,4.272187506670461,4.285607010345249,4.11872336134205,1153.0889617279172,1153.5001127049327,1190.8018679823726,1191.321676177904,800.0,256.0,a2
lfm25,5,cap8_chunk-1_polfcfs_mem0.8,8,-1,fcfs,0.8,0,R_medium_balanced,1,16,16,0,2.320746769197285,6.8943325537987,5515.46604303896,1764.9491337724671,7280.415176811427,100.96819154568948,100.77662160620092,103.8506313925609,104.07708219718188,4.12392741989107,4.132681196628541,4.278173334166116,4.290947670153543,4.12392741989107,1152.5696836179122,1154.5195982325822,1189.3093653488904,1189.872376108542,800.0,256.0,a2
lfm25,5,cap8_chunk-1_polfcfs_mem0.8,8,-1,fcfs,0.8,0,R_medium_balanced,2,16,16,0,2.3161729220300917,6.907947091435745,5526.357673148596,1768.4344554075508,7294.792128556147,102.29473529034294,102.70761814899744,103.47287950571626,103.50670635234565,4.119717601832805,4.125977124032729,4.274259913055335,4.28871769019786,4.119717601832806,1152.8227237577084,1153.007903834805,1191.9256009859964,1192.3706227680668,800.0,256.0,a2
lfm25,5,cap8_chunk-1_polfcfs_mem0.8,8,-1,fcfs,0.8,0,R_medium_balanced,3,16,16,0,2.351746316999197,6.803454898322464,5442.763918657971,1741.6844539705507,7184.448372628522,113.96538963890634,104.9829579424113,129.8449814785272,129.9608434084803,4.131314911829381,4.195379156290608,4.268067131531151,4.28203830796787,4.131314911829381,1167.4506921553984,1167.6653590984645,1191.9076337944716,1192.5492019858211,800.0,256.0,a2
lfm25,5,cap8_chunk-1_polfcfs_mem0.8,8,-1,fcfs,0.8,0,R_medium_balanced,4,16,16,0,2.319665639195591,6.897545805587932,5518.036644470346,1765.7717262305107,7283.808370700856,103.56758136185816,102.13246988132596,107.75554343126714,107.98263433389366,4.11713782757265,4.124867818409613,4.272520480969666,4.285943571879876,4.11713782757265,1153.437727392884,1153.5524625796825,1189.6814820356667,1189.8658112622795,800.0,256.0,a2
lfm25,5,cap8_chunk-1_polfcfs_mem0.8,8,-1,fcfs,0.8,0,R_short_decode,0,8,8,0,4.763418287970126,1.6794661976681258,167.94661976681255,429.9433466030402,597.8899663698528,24.25521513214335,24.46661237627268,25.08857198990881,25.241056652739644,2.233928030294253,2.2334299242014395,2.2368629597930787,2.2375453350636594,2.233926172570571,593.6271483660676,593.6546456068754,594.8319083079696,594.9995518103242,100.0,256.0,a2
lfm25,5,cap8_chunk-1_polfcfs_mem0.8,8,-1,fcfs,0.8,0,R_short_decode,1,8,8,0,4.763405472040176,1.6794707162675329,167.94707162675329,429.9445033644884,597.8915749912417,24.09507310949266,23.857187945395708,25.808187178336084,26.136257494799796,2.2340633341107865,2.233073182002294,2.2378939241766886,2.238844891843081,2.2340608724630924,593.5013379785232,593.0123489815742,595.3176636947319,595.5722525855526,100.0,256.0,a2
lfm25,5,cap8_chunk-1_polfcfs_mem0.8,8,-1,fcfs,0.8,0,R_short_decode,2,8,8,0,4.760908284690231,1.6803516307436115,168.03516307436115,430.1700174703645,598.2051805447257,24.586658226326108,24.523163679987192,25.13907621614635,25.157256340608,2.2333265346127984,2.232961983913008,2.237266431854782,2.237805079540932,2.23332427212783,593.8051820849068,593.7833085190505,594.3724770098925,594.4045867025852,100.0,256.0,a2
lfm25,5,cap8_chunk-1_polfcfs_mem0.8,8,-1,fcfs,0.8,0,R_short_decode,3,8,8,0,4.75824263272807,1.6812929935465093,168.12929935465093,430.4110063479064,598.5403057025572,23.60510447761044,23.76117557287216,24.311085953377187,24.409415530972183,2.234535283764829,2.2341265187909203,2.237756198591824,2.2383392042496517,2.2345333467016126,593.1317912181839,593.0351030547172,594.250078056939,594.3217524746433,100.0,256.0,a2
lfm25,5,cap8_chunk-1_polfcfs_mem0.8,8,-1,fcfs,0.8,0,R_short_decode,4,8,8,0,4.758740482851863,1.6811170999612244,168.11170999612244,430.36597759007344,598.4776875861959,23.774774454068396,23.71826022863388,25.373558956198394,25.67748715635389,2.2343757850591697,2.23390032336408,2.2378921923897668,2.238301002164756,2.234373809865668,593.2607992435805,593.3328629471362,594.8919989634305,595.0842537079006,100.0,256.0,a2
lfm25,5,cap8_chunk-1_polfcfs_mem0.8,8,-1,fcfs,0.8,0,R_long_prefill,0,4,4,0,0.3064460381865501,13.05286902604688,52211.47610418752,417.6918088335002,52629.16791302103,200.17741911578923,200.7769765332341,201.2200920144096,201.25989068765196,3.1826394317190974,3.1533472750696445,3.260803279737311,3.2757328444671248,3.1826394317190974,298.83924149908125,298.8577780779451,299.4783783098683,299.53511993866414,4000.0,32.0,a2
lfm25,5,cap8_chunk-1_polfcfs_mem0.8,8,-1,fcfs,0.8,0,R_long_prefill,1,4,4,0,0.310891814995557,12.866211997434425,51464.8479897377,411.7187839179016,51876.5667736556,200.66123257856816,201.01767359301448,201.52127416804436,201.56858609989283,3.212175384584454,3.187302477477539,3.285024508142904,3.2987210804957057,3.212175384584454,300.2386695006862,300.18965783528984,301.24761555343866,301.3660598918796,4000.0,32.0,a2
lfm25,5,cap8_chunk-1_polfcfs_mem0.8,8,-1,fcfs,0.8,0,R_long_prefill,2,4,4,0,0.3115921420976519,12.837294204763396,51349.17681905358,410.7934145524287,51759.970233606015,203.56442884076387,204.2676650453359,204.6659187879413,204.70191593281925,3.201734882989718,3.1702072029152224,3.288563647337498,3.304977403773416,3.2017348829897183,302.8182102134451,302.607093937695,303.44740473665297,303.56386189349,4000.0,32.0,a2
lfm25,5,cap8_chunk-1_polfcfs_mem0.8,8,-1,fcfs,0.8,0,R_long_prefill,3,4,4,0,0.3097443799488246,12.913874339417788,51655.49735767115,413.2439788613692,52068.74133653252,201.8256478477269,202.3994163610041,202.8459099587053,202.8872585576028,3.1790353973666505,3.150862198503267,3.2569543435989368,3.2718059097626995,3.1790353973666505,300.3757451660931,300.23044906556606,301.01377677638084,301.1205519968644,4000.0,32.0,a2
lfm25,5,cap8_chunk-1_polfcfs_mem0.8,8,-1,fcfs,0.8,0,R_long_prefill,4,4,4,0,0.3070623623207211,13.026669793616945,52106.679174467776,416.85343339574223,52523.53260786352,200.79739403445276,201.40969404019413,201.76012413576245,201.7890296317637,3.1798423282922275,3.152980183761928,3.254000289786246,3.2680784045688567,3.1798423282922275,299.3725062115118,299.22492802143097,299.8830665834248,299.9713877029717,4000.0,32.0,a2
lfm25,5,cap8_chunk-1_polfcfs_mem0.8,8,-1,fcfs,0.8,0,shared_prefix,0,128,128,0,19.36777875991538,6.608914816030212,15524.031109972964,1691.8821929037342,17215.9133028767,6586.963790046866,8608.820404391736,8722.180262836628,8723.77188202925,3.912548033096433,3.9061667616753017,4.158794155216538,4.166843493870807,3.912569000098204,7584.577184235968,9613.521808758378,9721.670709666796,9722.783094444312,2348.953125,256.0,a2
lfm25,5,cap8_chunk-1_polfcfs_mem0.8,8,-1,fcfs,0.8,0,shared_prefix,1,128,128,0,19.389207751024514,6.601610630183513,15506.873919802782,1690.0123213269794,17196.886241129763,6604.390866821632,8605.836418224499,8720.062443218194,8721.757947639562,3.8955121699508335,3.899232457008432,4.157461610294002,4.166560940882738,3.8955534927931184,7597.66570544889,9610.703768674284,9717.23570949398,9718.62037998624,2348.953125,256.0,a2
lfm25,5,cap8_chunk-1_polfcfs_mem0.8,8,-1,fcfs,0.8,0,shared_prefix,2,128,128,0,19.35565783083439,6.613053460579911,15533.752592021245,1692.9416859084572,17226.694277929702,6581.029948447394,8604.350457899272,8717.535834293813,8719.269045474939,3.918057053969653,3.904413488492662,4.161590398745794,4.168779732294234,3.9180655930846666,7580.075454909092,9610.0520582404,9716.696589905769,9717.750951210037,2348.953125,256.0,a2
lfm25,5,cap8_chunk-1_polfcfs_mem0.8,8,-1,fcfs,0.8,0,shared_prefix,3,128,128,0,19.360574706923217,6.6113739874792055,15529.807588432992,1692.5117407946766,17222.319329227666,6616.652693221113,8606.786711839959,8721.81196489837,8723.24276059866,3.782073178695104,3.901648046631439,4.16195990198164,4.171066559650296,3.782271666378495,7581.043321155448,9611.65806883946,9720.59694333002,9721.489244671538,2348.953125,256.0,a2
lfm25,5,cap8_chunk-1_polfcfs_mem0.8,8,-1,fcfs,0.8,0,shared_prefix,4,128,128,0,19.36632376583293,6.609411344543574,15525.19743217608,1692.009304203155,17217.206736379234,6591.084979114385,8612.106706481427,8720.772863249294,8721.846949541941,3.899545716112379,3.9035199520488577,4.166028349587292,4.17220968479181,3.89959776073702,7585.360545672302,9608.42680814676,9718.564165080898,9719.87050505355,2348.953125,256.0,a2
lfm25,5,cap8_chunk-1_polfcfs_mem0.8,8,-1,fcfs,0.8,0,tool_agent,0,200,200,0,38.294623679015785,5.222665240854515,13926.497998000608,1082.7368444077538,15009.23484240836,349.99829637119547,239.60838466882703,1384.615998179651,1727.811287203803,5.160646457761618,3.527997682894064,11.626071712868123,37.27765372954309,3.436593211535823,984.840160338208,528.2990403939039,2358.225130150092,3600.530021446756,2666.55,207.315,a2
lfm25,5,cap8_chunk-1_polfcfs_mem0.8,8,-1,fcfs,0.8,0,tool_agent,1,200,200,0,38.18860235391185,5.237164695018303,13965.161517501056,1085.7427987477197,15050.904316248776,344.9919677595608,236.21079651638863,1420.1535226078702,1709.6100202063094,5.206272463932442,3.5317213626800426,12.392079262994224,33.50968239828946,3.415260074303402,975.9100375859998,512.1494906488806,2374.179337592794,3654.2630679113786,2666.55,207.315,a2
lfm25,5,cap8_chunk-1_polfcfs_mem0.8,8,-1,fcfs,0.8,0,tool_agent,2,200,200,0,38.20147553086281,5.235399869264758,13960.45552138794,1085.376923896623,15045.832445284565,346.0760585637763,235.65536830574277,1421.054215240292,1710.3678778698663,5.065781839010028,3.5713248776468958,11.227530374583834,33.124597826972625,3.4206282938031216,977.968723278027,512.9761057905853,2379.782187659292,3628.474362343549,2666.55,207.315,a2
lfm25,5,cap8_chunk-1_polfcfs_mem0.8,8,-1,fcfs,0.8,0,tool_agent,3,200,200,0,38.24556984566152,5.229363840232792,13944.360148172753,1084.1255645378612,15028.485712710612,343.92405756982043,235.017703846097,1419.914044253528,1707.6694711390878,5.287998829125498,3.584655076265335,13.26082819141447,33.29039787873628,3.42306113369938,976.2661407981068,512.5599699094892,2370.4815458506328,3660.329028619453,2666.55,207.315,a2
lfm25,5,cap8_chunk-1_polfcfs_mem0.8,8,-1,fcfs,0.8,0,tool_agent,4,200,200,0,38.32946490729228,5.217917872940342,13913.838904089069,1081.752643828627,14995.591547917697,343.78177233273163,236.1484074499458,1420.3884128015486,1709.7384505206714,5.202876936414018,3.534881792785156,12.378467770293348,33.33584260195496,3.432932311167561,977.9473581747152,513.9117089565843,2375.76487965416,3658.714975593611,2666.55,207.315,a2
lfm25,5,cap8_chunk-1_polfcfs_mem0.8,8,-1,fcfs,0.8,0,R_concurrent_decode,0,32,32,0,4.071571545675397,7.859373129274535,1571.874625854907,2011.999521094281,3583.874146949188,1547.987101730541,1538.9605949167162,3046.8842901056632,3047.048069029115,3.793665397610954,3.804252803435221,3.889083749358999,3.8893101562143246,3.793665397610954,2515.3717781213345,2509.0672213118523,4038.5785379679874,4038.635195530951,200.0,256.0,a2
lfm25,5,cap8_chunk-1_polfcfs_mem0.8,8,-1,fcfs,0.8,0,R_concurrent_decode,1,32,32,0,4.051715226843953,7.897889710508137,1579.5779421016275,2021.859765890083,3601.4377079917103,1544.3290592520498,1536.5694530773908,3042.7367586642504,3042.9657552950084,3.791872104835313,3.800809587918076,3.8861978441184646,3.886399594829509,3.791872104835313,2511.2564459850546,2505.875725764781,4033.564331778325,4033.882200564258,200.0,256.0,a2
lfm25,5,cap8_chunk-1_polfcfs_mem0.8,8,-1,fcfs,0.8,0,R_concurrent_decode,2,32,32,0,4.060472948011011,7.880855360869954,1576.1710721739908,2017.498972382708,3593.670044556699,1549.4732302322518,1540.6059944070876,3050.074956147,3050.259006805718,3.7939579553066696,3.803768029034722,3.888349375760584,3.888579545177373,3.79395795530667,2516.9325088354526,2510.513160843402,4041.588155785576,4041.7512555001294,200.0,256.0,a2
lfm25,5,cap8_chunk-1_polfcfs_mem0.8,8,-1,fcfs,0.8,0,R_concurrent_decode,3,32,32,0,4.054816329851747,7.891849444428471,1578.3698888856943,2020.3134577736887,3598.683346659383,1549.578330508666,1541.3674376904964,3047.696731379256,3047.864120267332,3.793090808960865,3.802465367149196,3.886593199225471,3.886843890682155,3.793090808960865,2516.816486793686,2511.06810499914,4038.73021772597,4038.891859538853,200.0,256.0,a2
lfm25,5,cap8_chunk-1_polfcfs_mem0.8,8,-1,fcfs,0.8,0,R_concurrent_decode,4,32,32,0,4.046319558285177,7.908421354036987,1581.6842708073973,2024.555866633469,3606.240137440866,1540.1161917543504,1530.7268160395324,3040.2052542194724,3040.3975046938285,3.79279440533662,3.805838759952024,3.88776886979958,3.887953181641505,3.79279440533662,2507.2787651151884,2501.1804767418653,4031.493162550032,4031.752650747076,200.0,256.0,a2
qwen,39,cap16_chunk2048_polfcfs_mem0.9,16,2048,fcfs,0.9,0,R_concurrent_decode,0,32,32,0,4.321699525695294,7.404494414694806,1480.8988829389614,1895.5505701618704,3376.449453100832,1143.406272341963,1143.4879505541176,2187.4312051571906,2187.486504674889,8.139355574316783,8.143478733323077,8.313389804999472,8.314170433774445,8.139355574316784,3218.9419437927427,3219.181627966464,4306.97676516138,4307.314698020928,200.0,256.0,a2
qwen,39,cap16_chunk2048_polfcfs_mem0.9,16,2048,fcfs,0.9,0,R_concurrent_decode,1,32,32,0,4.331539926119149,7.387672870574336,1477.5345741148672,1891.24425486703,3368.7788289818973,1154.2645693261877,1154.443669365719,2197.2419736208394,2197.403695061803,8.13626340184105,8.142139087887664,8.31288796776504,8.313086609063927,8.13626340184105,3229.0117367956555,3229.1646213270724,4316.8365554418415,4316.932684336789,200.0,256.0,a2
qwen,39,cap16_chunk2048_polfcfs_mem0.9,16,2048,fcfs,0.9,0,R_concurrent_decode,2,32,32,0,4.326545329764485,7.396201255504218,1479.2402511008438,1893.42752140908,3372.6677725099235,1151.149610144785,1151.3305604457855,2193.933161068708,2194.1898400336504,8.140037824769559,8.145807175805755,8.31450700394663,8.314713893476508,8.140037824769559,3226.8592554610223,3227.3856054525822,4313.817526376806,4314.240606366657,200.0,256.0,a2
qwen,39,cap16_chunk2048_polfcfs_mem0.9,16,2048,fcfs,0.9,0,R_concurrent_decode,3,32,32,0,4.329815541859716,7.390615071388365,1478.123014277673,1891.9974582754212,3370.1204725530947,1148.5811054735675,1150.1474070828408,2190.9909252775838,2191.197534822859,8.138326521250693,8.143180546661219,8.312289353149634,8.312488127298947,8.138326521250693,3223.8543683924945,3225.588587578386,4309.95752136223,4310.306067578495,200.0,256.0,a2
qwen,39,cap16_chunk2048_polfcfs_mem0.9,16,2048,fcfs,0.9,0,R_concurrent_decode,4,32,32,0,4.317476981319487,7.411736099220686,1482.3472198441373,1897.404441400496,3379.751661244633,1143.4327173919885,1143.481090432033,2185.531217558309,2185.687786601484,8.139641131399948,8.14263966098866,8.314319504059705,8.315259142997949,8.139641131399948,3219.041205898975,3218.959243502468,4305.333442776464,4305.463625807315,200.0,256.0,a2
qwen,39,cap16_chunk2048_polfcfs_mem0.9,16,2048,fcfs,0.9,0,tool_agent,0,200,200,0,41.45783385820687,4.824178722989614,13025.017222242192,1000.1246119565918,14025.141834198786,580.0137004815042,336.799627635628,1966.214271541684,2643.569330167956,19.19481866246251,12.194381450842084,49.94664001278573,166.99915308505322,11.904462911104412,2779.1846563643776,1508.4764584898949,7945.731304446234,10802.526427642422,2699.945,207.315,a2
qwen,39,cap16_chunk2048_polfcfs_mem0.9,16,2048,fcfs,0.9,0,tool_agent,1,200,200,0,41.202744115144014,4.854045629608691,13105.656227433836,1006.3164697023255,14111.972697136162,262.13180197170004,159.58158276043832,977.4155681487168,1270.2726853825102,11.035860920475242,10.571325602738757,15.235087828710672,31.097204312682152,10.027491695974032,2114.5604804274626,717.2427210025489,6446.809749980457,8558.97817517163,2699.945,207.315,a2
qwen,39,cap16_chunk2048_polfcfs_mem0.9,16,2048,fcfs,0.9,0,tool_agent,2,200,200,0,41.17868324322626,4.856881868190849,13113.313915612543,1006.904464503986,14120.21838011653,270.5192510224879,152.21392596140504,991.6340811876568,1414.3489788332902,11.804875921853792,10.7014159738766,27.24618939682841,31.38308714143932,10.079043720844243,2132.4713927926496,753.8144853897393,6432.41974574048,8701.232525152132,2699.945,207.315,a2
qwen,39,cap16_chunk2048_polfcfs_mem0.9,16,2048,fcfs,0.9,0,tool_agent,3,200,200,0,41.23865079274401,4.849819190379289,13094.24507396861,1005.4402654534824,14099.685339422093,246.2298990809359,153.25276809744537,895.5494797788559,1270.4744583694214,10.86014469794438,10.389293433122692,14.92403513845056,31.652880934998397,9.950403566413629,2084.417701922357,621.7591175809503,6294.208649941719,8544.002675637583,2699.945,207.315,a2
qwen,39,cap16_chunk2048_polfcfs_mem0.9,16,2048,fcfs,0.9,0,tool_agent,4,200,200,0,41.20337898284197,4.853970837762713,13105.454293563247,1006.3009642307768,14111.755257794026,250.7062366395257,143.2187093887478,928.9321390679098,1334.798112679268,11.26503162882743,10.529750854941843,22.180256507310368,32.38057337701321,10.021840578392435,2102.0909558888525,688.6045092251152,6381.627613911404,8584.996623438763,2699.945,207.315,a2
qwen,39,cap16_chunk2048_polfcfs_mem0.9,16,2048,fcfs,0.9,0,R_short_decode,0,8,8,0,9.033533950336276,0.8855891884595393,88.55891884595393,226.71083224564205,315.269751091596,47.824826498981565,46.703265979886055,51.033868663944304,51.426418353803456,4.234613341681075,4.232697939390645,4.240234384459315,4.240564097339908,4.234613341681075,1127.6512286276557,1127.750324551016,1130.4651577025652,1130.7878051698208,100.0,256.0,a2
qwen,39,cap16_chunk2048_polfcfs_mem0.9,16,2048,fcfs,0.9,0,R_short_decode,1,8,8,0,9.037569615989923,0.8851937345905275,88.51937345905276,226.60959605517505,315.1289695142278,48.42151515185833,47.98095882870257,51.78385404869914,52.24843619391322,4.234185687485425,4.233062234433259,4.239939479705165,4.240454430527547,4.234185687485425,1128.1388654606417,1127.0131403580308,1131.6887700231746,1132.4852649355307,100.0,256.0,a2
qwen,39,cap16_chunk2048_polfcfs_mem0.9,16,2048,fcfs,0.9,0,R_short_decode,2,8,8,0,9.045847401954234,0.8843837005554291,88.43837005554292,226.40222734218983,314.8405973977328,49.67666027368978,49.117193557322025,52.51506899949163,52.55345478188247,4.234000000938335,4.233669677712754,4.2408292810889145,4.241108935782868,4.234000000938336,1129.3466605129652,1129.2481624986976,1133.737390814349,1133.9984044339508,100.0,256.0,a2
qwen,39,cap16_chunk2048_polfcfs_mem0.9,16,2048,fcfs,0.9,0,R_short_decode,3,8,8,0,9.03400948131457,0.8855425729347245,88.55425729347245,226.69889867128947,315.2531559647619,48.13950799871236,47.556281555444,50.97010736353696,51.68917031027377,4.234167299114679,4.23260091566572,4.2397430932660605,4.240194933068957,4.234167299114679,1127.8521692729555,1127.5944602675736,1130.3955732146278,1131.167404470034,100.0,256.0,a2
qwen,39,cap16_chunk2048_polfcfs_mem0.9,16,2048,fcfs,0.9,0,R_short_decode,4,8,8,0,9.059100368991494,0.8830898957012662,88.30898957012661,226.0710132995241,314.38000286965075,50.92418903950602,51.40027171000838,53.25322821736336,53.837900310754776,4.234915292438339,4.233383287803507,4.24017246648231,4.241445210744061,4.234915292438338,1130.8275886112824,1130.8536119759085,1132.9050970030949,1133.1284868111834,100.0,256.0,a2
qwen,39,cap16_chunk2048_polfcfs_mem0.9,16,2048,fcfs,0.9,0,shared_prefix,0,128,128,0,14.0059545179829,9.13897013128629,20976.43538844731,2339.5763536092904,23316.0117420566,4099.735442712699,5158.50622090511,5574.146839720197,5584.751079203561,6.404164559474305,6.368509213106098,7.282950336161238,7.284805371305048,6.404044879778285,5729.06454861004,6751.192985568196,7273.204914527014,7286.494585359469,2295.2734375,256.0,a2
qwen,39,cap16_chunk2048_polfcfs_mem0.9,16,2048,fcfs,0.9,0,shared_prefix,1,128,128,0,14.025280913803726,9.126376917985436,20947.530520465087,2336.3524910042715,23283.88301146936,4156.109788102185,5162.997919367626,5935.942745069042,5948.722721161321,6.211828800084476,6.15763132493415,7.235814579194192,7.236682948011055,6.212033113241928,5736.5383688265865,6755.567267304286,7285.321801761165,7298.432953860611,2295.2734375,256.0,a2
qwen,39,cap16_chunk2048_polfcfs_mem0.9,16,2048,fcfs,0.9,0,shared_prefix,2,128,128,0,14.093883445020763,9.081953919891482,20845.56759292592,2324.9802034922195,23170.54779641814,4143.5103515323135,5164.156650658697,5656.134950346313,5672.340244920924,6.403150210161512,6.358887815912123,7.247216912448465,7.2492716687284116,6.402741099201487,5772.057554397179,6755.248645087704,7355.242930212989,7371.886046109721,2295.2734375,256.0,a2
qwen,39,cap16_chunk2048_polfcfs_mem0.9,16,2048,fcfs,0.9,0,shared_prefix,3,128,128,0,14.021952096838504,9.128543523469878,20952.50347248307,2336.9071420082887,23289.41061449136,4118.067190469446,5168.278632685542,5591.967644216493,5602.304610251449,6.364593948143584,6.35943255287385,7.189522261408664,7.191446025646842,6.364547399919081,5737.24782743011,6758.590172743425,7285.931522678584,7296.656015613116,2295.2734375,256.0,a2
qwen,39,cap16_chunk2048_polfcfs_mem0.9,16,2048,fcfs,0.9,0,shared_prefix,4,128,128,0,14.091796529013664,9.083298906314765,20848.65470453708,2325.32452001658,23173.97922455366,4136.794394715253,5158.661728259176,5645.561720780097,5662.361241076142,6.398073535957895,6.358089217728773,7.253966660158136,7.255899999529035,6.3978683091429005,5764.801962661295,6753.130126278848,7343.567090830766,7360.490419063717,2295.2734375,256.0,a2
qwen,39,cap16_chunk2048_polfcfs_mem0.9,16,2048,fcfs,0.9,0,R_medium_balanced,0,16,16,0,3.4260661769658327,4.670079085912404,3736.063268729923,1195.5402459935754,4931.603514723499,98.4253701462876,98.4910309780389,101.44234460312872,101.51614027563484,6.308040430874327,6.308225297606459,6.669257095485341,6.673477823097333,6.308040430874327,1706.9756800192408,1706.6984169650823,1796.8310011783617,1797.184015926905,800.0,256.0,a2
qwen,39,cap16_chunk2048_polfcfs_mem0.9,16,2048,fcfs,0.9,0,R_medium_balanced,1,16,16,0,3.445965667255223,4.643110682163094,3714.4885457304754,1188.636334633752,4903.124880364228,99.38372575561516,98.16311346367002,104.6469579450786,104.87821465358138,6.336282939974256,6.337180015101445,6.667531173055371,6.672892113417095,6.336282939974255,1715.1358754490502,1713.5165999643505,1804.6946345129984,1804.9532500328496,800.0,256.0,a2
qwen,39,cap16_chunk2048_polfcfs_mem0.9,16,2048,fcfs,0.9,0,R_medium_balanced,2,16,16,0,3.4275177898816764,4.668101226850918,3734.480981480734,1195.033914073835,4929.514895554569,96.870328678051,96.60047432407735,100.7734420709312,100.97583150491118,6.309236123057667,6.311295243601004,6.667088873355704,6.673184274421896,6.309236123057667,1705.725540057756,1705.783642595634,1800.5981508176774,1800.866220286116,800.0,256.0,a2
qwen,39,cap16_chunk2048_polfcfs_mem0.9,16,2048,fcfs,0.9,0,R_medium_balanced,3,16,16,0,3.422923657577485,4.674366594352772,3739.493275482217,1196.6378481543095,4936.131123636526,94.97930822544733,94.96221411973238,97.47508529108018,97.64663351234049,6.308244825934297,6.310805996112963,6.6659538960997375,6.670390596321108,6.308244825934298,1703.5817388386931,1703.4063434693962,1797.1110816579312,1797.5593184586614,800.0,256.0,a2
qwen,39,cap16_chunk2048_polfcfs_mem0.9,16,2048,fcfs,0.9,0,R_medium_balanced,4,16,16,0,3.4240099280141294,4.672883647063413,3738.3069176507306,1196.2582136482338,4934.565131298964,97.93497671489604,97.10865491069852,100.85735563188793,100.9820280596614,6.307304896501021,6.309799005405283,6.666698946398409,6.671562971382896,6.30730489650102,1706.2977253226563,1705.3604992106557,1800.526638631709,1800.7031304994598,800.0,256.0,a2
qwen,39,cap16_chunk2048_polfcfs_mem0.9,16,2048,fcfs,0.9,0,R_long_prefill,0,4,4,0,0.3853685827925801,10.37967332732194,41518.69330928775,332.14954647430204,41850.84285576206,141.04317058809102,152.7744303457439,154.13888292387128,154.31458750739694,6.683593048834272,6.3076653562846685,7.651869007836906,7.841593407755417,6.683593048834273,348.23455510195345,348.3120563905686,348.76459825318307,348.81297384854406,4000.0,32.0,a2
qwen,39,cap16_chunk2048_polfcfs_mem0.9,16,2048,fcfs,0.9,0,R_long_prefill,1,4,4,0,0.3543897992931306,11.287006589857944,45148.02635943178,361.1842108754543,45509.21057030724,139.66806209646165,150.27607348747551,151.07008221093565,151.16359994281083,6.490515747798547,6.149033084511757,7.357754890296247,7.528138652503971,6.490515747798547,340.8740502782166,340.89609910734,341.5276226121932,341.6062400583178,4000.0,32.0,a2
qwen,39,cap16_chunk2048_polfcfs_mem0.9,16,2048,fcfs,0.9,0,R_long_prefill,2,4,4,0,0.3475882299244404,11.507869529614194,46031.47811845678,368.2518249476542,46399.72994340443,138.60402582213283,148.95174140110612,149.89238209091127,150.00187153927982,6.4732628206031455,6.133131367424803,7.323905190963657,7.491398067213594,6.4732628206031455,339.27517326083034,339.15376383811235,339.9194557918236,339.9957203259692,4000.0,32.0,a2
qwen,39,cap16_chunk2048_polfcfs_mem0.9,16,2048,fcfs,0.9,0,R_long_prefill,3,4,4,0,0.3075662753544748,13.005327048259565,52021.30819303826,416.17046554430607,52437.47865858256,110.1823162753135,110.68033333867788,110.97543705254792,110.99968668073416,6.08555392752732,6.0627583879977465,6.150333868760256,6.162394883051034,6.08555392752732,298.8344880286604,298.70566143654287,299.3893221952021,299.4703152962029,4000.0,32.0,a2
qwen,39,cap16_chunk2048_polfcfs_mem0.9,16,2048,fcfs,0.9,0,R_long_prefill,4,4,4,0,0.3147973148152232,12.706588689766566,50826.35475906626,406.6108380725301,51232.96559713879,117.40087426733226,117.86830588243902,118.27382617630064,118.31038032658398,6.0858508917473015,6.059902246981379,6.154579464947024,6.167421002061136,6.0858508917473015,306.0622519114986,306.02417956106365,306.7551527172327,306.8205820769072,4000.0,32.0,a2
lfm25,60,cap24_chunk2048_polfcfs_mem0.75,24,2048,fcfs,0.75,0,R_medium_balanced,0,16,16,0,2.3271247781813145,6.875437084428389,5500.349667542711,1760.1118936136677,7260.4615611563795,107.36495748278683,103.86503697372972,135.20713010802865,135.485062841326,4.120175053329006,4.2095029279224425,4.315522657798639,4.411083492267804,4.120175053329007,1158.0095960816834,1158.3091442007571,1191.5028480580077,1191.9095958350226,800.0,256.0,a2
lfm25,60,cap24_chunk2048_polfcfs_mem0.75,24,2048,fcfs,0.75,0,R_medium_balanced,1,16,16,0,2.3259381647221744,6.878944695381077,5503.155756304862,1761.0098420175557,7264.165598322417,95.6878274155315,99.08604924567044,104.15972489863634,104.39225118607284,4.158202697769465,4.215077805679803,4.333737871025268,4.410731922195968,4.1582026977694655,1156.029515346745,1156.6197448410094,1192.7284124540165,1193.1354994187132,800.0,256.0,a2
lfm25,60,cap24_chunk2048_polfcfs_mem0.75,24,2048,fcfs,0.75,0,R_medium_balanced,2,16,16,0,2.3372883880510926,6.845539507147135,5476.431605717708,1752.458113829667,7228.889719547375,98.28498508431947,104.16192188858986,104.96930754743516,105.1063399296254,4.171852004833008,4.2307879757501325,4.3602854492800205,4.448406828622169,4.171852004833008,1162.1072463167366,1162.2661740984768,1204.2258391156793,1204.7767838463187,800.0,256.0,a2
lfm25,60,cap24_chunk2048_polfcfs_mem0.75,24,2048,fcfs,0.75,0,R_medium_balanced,3,16,16,0,2.335155322216451,6.851792618579794,5481.434094863835,1754.0589103564273,7235.493005220263,99.5479459525086,103.79036236554384,107.15984308626504,107.25736792664976,4.161514649875279,4.213849735428012,4.331711214035749,4.423950177562587,4.161514649875279,1160.7341816707049,1161.0538971144706,1200.2955978969112,1200.606392440386,800.0,256.0,a2
lfm25,60,cap24_chunk2048_polfcfs_mem0.75,24,2048,fcfs,0.75,0,R_medium_balanced,4,16,16,0,2.316308588255197,6.907542492881875,5526.0339943055005,1768.33087817776,7294.364872483261,93.17617217311636,93.70733634568752,100.00105737708508,100.21189856342971,4.152881937768018,4.208764052201135,4.312718135542145,4.313351448040967,4.152881937768019,1152.161066303961,1152.3386479821056,1186.7953800829127,1186.797696002759,800.0,256.0,a2
lfm25,60,cap24_chunk2048_polfcfs_mem0.75,24,2048,fcfs,0.75,0,R_long_prefill,0,4,4,0,0.2101242612116038,19.03635485467256,76145.41941869023,609.1633553495218,76754.58277403975,96.25295689329504,101.07866860926153,102.2851620335132,102.42853024043144,3.371650398138069,3.217093195886381,3.804191788508287,3.886829669467144,3.371650398138069,200.7741192355752,200.80855768173933,201.45199138205496,201.508223391138,4000.0,32.0,a2
lfm25,60,cap24_chunk2048_polfcfs_mem0.75,24,2048,fcfs,0.75,0,R_long_prefill,1,4,4,0,0.2016101698391139,19.840268986391028,79361.07594556411,634.8886075645129,79995.96455312862,89.20474268961698,93.42417889274655,94.33621745556592,94.4388423487544,3.3472322656082047,3.213753480644476,3.7210832980851967,3.792635650644379,3.347232265608205,192.96894292347133,193.05053679272527,193.575173150748,193.6209148727357,4000.0,32.0,a2
lfm25,60,cap24_chunk2048_polfcfs_mem0.75,24,2048,fcfs,0.75,0,R_long_prefill,2,4,4,0,0.1941743879579007,20.600039181620836,82400.15672648333,659.2012538118666,83059.3579802952,82.35784713178873,86.4582508802414,88.02428480703384,88.22615931276232,3.354102373123169,3.2227989887037585,3.7413094891235232,3.814281611703336,3.354102373123169,186.33502069860697,186.3650195300579,186.9571561459452,187.0286494214088,4000.0,32.0,a2
lfm25,60,cap24_chunk2048_polfcfs_mem0.75,24,2048,fcfs,0.75,0,R_long_prefill,3,4,4,0,0.204359286930412,19.573370313051008,78293.48125220403,626.3478500176323,78919.82910222166,89.52593104913831,94.51872832141817,96.30422405898572,96.53139621019363,3.4035214959012885,3.2438178952302663,3.8669835731026634,3.954722130550973,3.4035214959012885,195.03509742207825,195.0770830735564,195.68712052423507,195.7409746432677,4000.0,32.0,a2
lfm25,60,cap24_chunk2048_polfcfs_mem0.75,24,2048,fcfs,0.75,0,R_long_prefill,4,4,4,0,0.1944564371369779,20.57015987175751,82280.63948703004,658.2451158962403,82938.88460292628,83.2263845950365,87.28211838752031,88.8575442135334,89.06152911484241,3.351728645934453,3.220626566138479,3.72518029875092,3.7963133939211406,3.351728645934453,187.12997261900452,187.1215419378132,187.43048969190568,187.45871630962935,4000.0,32.0,a2
lfm25,60,cap24_chunk2048_polfcfs_mem0.75,24,2048,fcfs,0.75,0,R_concurrent_decode,0,32,32,0,2.390074191149324,13.388705722399369,2677.7411444798736,3427.5086649342384,6105.249809414112,429.8946820345009,117.96438065357506,1379.2355262907222,1379.4282574392855,4.603360552573577,4.818702876275661,4.851247659318295,4.96430753142226,4.603360552573577,1603.751622940763,1348.9037747494876,2371.2561262771487,2371.4209977304563,200.0,256.0,a2
lfm25,60,cap24_chunk2048_polfcfs_mem0.75,24,2048,fcfs,0.75,0,R_concurrent_decode,1,32,32,0,2.3805008088238537,13.442549517893424,2688.5099035786848,3441.2926765807165,6129.802580159401,424.74885485717095,112.40747384727,1374.9867651611569,1375.1207371382045,4.608680311745654,4.8280706957859145,4.854889372911523,4.970977221177344,4.608680311745653,1599.9623343523126,1344.999001827091,2366.6284499457106,2366.692193108611,200.0,256.0,a2
lfm25,60,cap24_chunk2048_polfcfs_mem0.75,24,2048,fcfs,0.75,0,R_concurrent_decode,2,32,32,0,2.3984592561610043,13.34189851997715,2668.37970399543,3415.5260211141504,6083.90572510958,435.4731175262714,122.03025375492872,1389.1211873618886,1389.2657874710858,4.621723898305265,4.840742246083477,4.86705695315465,5.0003150501745015,4.621723898305266,1614.012711594114,1358.2052800338715,2384.608864178881,2384.6958592068404,200.0,256.0,a2
lfm25,60,cap24_chunk2048_polfcfs_mem0.75,24,2048,fcfs,0.75,0,R_concurrent_decode,3,32,32,0,2.395523336250335,13.35825016427891,2671.6500328557822,3419.712042055401,6091.362074911183,434.4151382392738,121.59226392395794,1387.6820415025577,1387.8166458010674,4.622938856025975,4.844313556803208,4.873224135360443,5.0057532043178,4.622938856025975,1613.2645465258977,1358.7984484620392,2379.183030663989,2379.261875874363,200.0,256.0,a2
lfm25,60,cap24_chunk2048_polfcfs_mem0.75,24,2048,fcfs,0.75,0,R_concurrent_decode,4,32,32,0,2.386208646930754,13.41039478721184,2682.0789574423675,3433.061065526231,6115.140022968599,425.0475669250591,111.07631190679967,1378.4982160897923,1378.7251506140456,4.622126407761528,4.848449776752615,4.871980944082287,4.977387154054846,4.622126407761528,1603.6898009042488,1348.8731840625403,2370.1910570729524,2370.403036763892,200.0,256.0,a2
lfm25,60,cap24_chunk2048_polfcfs_mem0.75,24,2048,fcfs,0.75,0,shared_prefix,0,128,128,0,8.288661385886371,15.44278310342774,36274.37362949378,3953.352474477501,40227.72610397129,1996.4805818235616,1721.156963845715,3181.8482414819296,3193.852972663008,5.041662684792227,5.11938027544495,5.44586656569485,5.4476167880108255,5.041667430849322,3281.6331203684967,3075.3359752707183,4486.766659701243,4499.104348942637,2348.953125,256.0,a2
lfm25,60,cap24_chunk2048_polfcfs_mem0.75,24,2048,fcfs,0.75,0,shared_prefix,1,128,128,0,8.241898966953158,15.530401490388408,36480.185113352505,3975.782781539432,40455.96789489194,1977.7116684017528,1671.174360206351,3146.563811227679,3159.7688629757613,4.984805632914874,5.0845989163088445,5.320534978847147,5.322746138124927,4.984852421439999,3248.420650113985,3026.659441413358,4434.361586836167,4447.813230846077,2348.953125,256.0,a2
lfm25,60,cap24_chunk2048_polfcfs_mem0.75,24,2048,fcfs,0.75,0,shared_prefix,2,128,128,0,8.286553679034114,15.446711016167551,36283.60011239869,3954.358020138893,40237.95813253759,2048.30525732541,1749.172359472141,3295.0452571036294,3296.059068450704,4.781047365101708,5.054274944625064,5.358896482754133,5.37288997992472,4.781228015689293,3266.621921073238,3053.5821861121804,4445.909610413946,4464.995114798658,2348.953125,256.0,a2
lfm25,60,cap24_chunk2048_polfcfs_mem0.75,24,2048,fcfs,0.75,0,shared_prefix,3,128,128,0,8.162555080838501,15.68136431942474,36834.78972237624,4014.429265772733,40849.218988148976,1949.501163478999,1651.9533186219633,3075.302188470959,3088.9766505127773,4.958638860040643,5.072468890826784,5.291380280738368,5.292604372380119,4.958589135675655,3212.81796272524,2960.0467393174767,4355.295732733794,4369.049468981102,2348.953125,256.0,a2
lfm25,60,cap24_chunk2048_polfcfs_mem0.75,24,2048,fcfs,0.75,0,shared_prefix,4,128,128,0,8.165820353198797,15.675093801182948,36820.06056895681,4012.824013102834,40832.88458205965,1954.629617765022,1678.184909047559,3086.983202141709,3101.457020957023,4.96752488616803,5.080149652363331,5.239952597675809,5.241379100610228,4.967484886709596,3220.251626557001,2973.7134331371635,4380.091300280765,4395.3445290913805,2348.953125,256.0,a2
lfm25,60,cap24_chunk2048_polfcfs_mem0.75,24,2048,fcfs,0.75,0,R_short_decode,0,8,8,0,4.76983199082315,1.6772079216608649,167.72079216608648,429.3652279451814,597.0860201112679,25.15311411116272,24.847549619153146,26.40462424606085,26.578929908573627,2.234373051442464,2.23427877633595,2.2370369659974867,2.2373805736765724,2.2343715343143846,594.6385589195415,594.8229059576988,595.5067614093423,595.7465052977204,100.0,256.0,a2
lfm25,60,cap24_chunk2048_polfcfs_mem0.75,24,2048,fcfs,0.75,0,R_short_decode,1,8,8,0,4.782048069871962,1.6729233757397586,167.29233757397586,428.2683841893782,595.5607217633541,26.26928873360157,25.537380017340183,29.34750565327704,29.92175710387528,2.2333493987949926,2.2324410102823204,2.2369845427107,2.237734520675936,2.233347156217076,595.4936451744288,594.9158577714115,598.3356790151447,598.8104815315455,100.0,256.0,a2
lfm25,60,cap24_chunk2048_polfcfs_mem0.75,24,2048,fcfs,0.75,0,R_short_decode,2,8,8,0,4.7748783263377845,1.675435362587722,167.54353625877218,428.9114528224568,596.454989081229,26.088471349794418,26.434800820425156,27.772385836578906,27.972513106651604,2.2325662565555624,2.2331341626305203,2.2354825718352225,2.236153478761659,2.2325644149915918,595.1133266207762,595.3966297674924,596.457254444249,596.4659356186166,100.0,256.0,a2
lfm25,60,cap24_chunk2048_polfcfs_mem0.75,24,2048,fcfs,0.75,0,R_short_decode,3,8,8,0,4.779878337867558,1.673682766488369,167.36827664883688,428.4627882210224,595.8310648698592,26.147960918024182,26.24706504866481,26.830578595399857,26.860049813985825,2.2341775400407347,2.2339283068682634,2.2380577177345646,2.2389525098232097,2.234175088511649,595.5833366024308,595.5752364825457,596.0059446282685,596.1412437446415,100.0,256.0,a2
lfm25,60,cap24_chunk2048_polfcfs_mem0.75,24,2048,fcfs,0.75,0,R_short_decode,4,8,8,0,4.770541582722217,1.676958446180225,167.6958446180225,429.3013622221376,596.9972068401601,25.420536228921264,25.57545341551304,26.26186937559396,26.33843636605889,2.2333813989593927,2.233114109977203,2.236315059824002,2.2373001618362287,2.233379356272595,594.653099658899,594.8003989178687,595.5197141971439,595.5244057159871,100.0,256.0,a2
lfm25,60,cap24_chunk2048_polfcfs_mem0.75,24,2048,fcfs,0.75,0,tool_agent,0,200,200,0,38.01926188822836,5.2604913948086045,14027.363328826885,1090.5787735147458,15117.942102341627,232.0219735428691,182.02662165276703,540.6245504971592,630.6911458168179,18.686389630523173,3.8730690721422434,111.99694410897789,250.0050231534988,3.7239160897160577,919.922373215668,591.9475720729679,2215.841271867976,2668.571177804837,2666.55,207.315,a2
lfm25,60,cap24_chunk2048_polfcfs_mem0.75,24,2048,fcfs,0.75,0,tool_agent,1,200,200,0,38.02560028899461,5.259614535470834,14025.025139559752,1090.396987421136,15115.422126980888,142.69941939041018,136.55716995708644,265.6244395999238,327.2821237705648,7.333522695421516,3.360001238020645,35.01065289601684,54.36498831957582,3.167287379506073,727.7924170065671,284.28466827608645,1931.0093539068475,2379.450878151689,2666.55,207.315,a2
lfm25,60,cap24_chunk2048_polfcfs_mem0.75,24,2048,fcfs,0.75,0,tool_agent,2,200,200,0,38.056698833126575,5.255316570598325,14013.564401328962,1089.5059548335917,15103.070356162552,137.7842487441376,134.569204878062,217.914248094894,312.8313706861809,5.624558453726411,3.3401529770344496,20.11013873852789,42.51901947893202,3.146784589835766,719.0425642556511,258.2994631957263,1912.2029470046984,2306.6792364465023,2666.55,207.315,a2
lfm25,60,cap24_chunk2048_polfcfs_mem0.75,24,2048,fcfs,0.75,0,tool_agent,3,200,200,0,38.05103345680982,5.256099028874258,14015.650865444652,1089.6681701710668,15105.31903561572,135.2040856727399,125.8320261258632,201.408939040266,269.5770571520552,5.7202289700421245,3.322440548799932,21.98942336253822,40.6266787275672,3.122189892685092,711.9193917000666,262.7248053904623,1897.7642271900547,2302.977414457123,2666.55,207.315,a2
lfm25,60,cap24_chunk2048_polfcfs_mem0.75,24,2048,fcfs,0.75,0,tool_agent,4,200,200,0,38.08918909775093,5.2508337598557455,14001.610762343338,1088.576600924494,15090.187363267833,127.39367346279325,118.29401296563448,191.62785105872865,238.8270371640101,5.14308518037829,3.197266208007932,19.445725297555327,40.70705683901906,3.037138424182597,688.3986974856816,246.0247101262212,1888.0740782478824,2287.703832057301,2666.55,207.315,a2
qwen,72,cap32_chunk-1_pollpm_mem0.75,32,-1,lpm,0.75,0,tool_agent,0,200,200,0,41.22135152341798,4.851854502790365,13099.740305536332,1005.8622162459844,14105.602521782315,289.8679990088567,289.73653935827315,602.1909410366789,675.8052796125412,22.004395045941724,11.28181559033692,95.63518916256726,247.53494721837345,10.616676058611342,2251.139650696423,705.2515137474984,6664.303021039813,9564.769559907723,2699.945,207.315,a2
qwen,72,cap32_chunk-1_pollpm_mem0.75,32,-1,lpm,0.75,0,tool_agent,1,200,200,0,41.2017333433032,4.854164710342396,13105.977738865398,1006.3411569246337,14112.318895790031,139.37635947717354,154.46630399674177,206.13528650719672,206.6859244229272,10.219118981230988,9.891588745328288,12.203889701825878,30.294214626774192,9.36042850259216,1868.5751189035363,440.7361950725317,5586.611464014276,8025.834666923615,2699.945,207.315,a2
qwen,72,cap32_chunk-1_pollpm_mem0.75,32,-1,lpm,0.75,0,tool_agent,2,200,200,0,41.22682440513745,4.851210416659624,13098.00130840807,1005.72868752979,14103.729995937858,145.02249396406114,155.14905052259564,232.0585489738733,233.2738646073267,10.320739303561044,9.829096782933966,12.514640135984669,31.91007777117193,9.364716791729752,1875.0134504842567,453.3481420949101,5546.171557926571,8013.916171062733,2699.945,207.315,a2
qwen,72,cap32_chunk-1_pollpm_mem0.75,32,-1,lpm,0.75,0,tool_agent,3,200,200,0,41.16024390794337,4.859057697697528,13119.188535609952,1007.355546598163,14126.544082208116,141.10921575454995,149.8946121428162,216.45147907547653,217.46206503827125,10.598100038075948,9.847185919347377,13.20356170380754,34.38937582075596,9.382778568294698,1874.4368145684712,438.4579174220562,5658.653161348775,7958.7466557836115,2699.945,207.315,a2
qwen,72,cap32_chunk-1_pollpm_mem0.75,32,-1,lpm,0.75,0,tool_agent,4,200,200,0,41.17614287696779,4.857181514004111,13114.12294282783,1006.9665855757625,14121.089528403592,138.5004753852263,151.76503430120647,214.47295993566516,215.5921003827825,10.04212853485193,9.853966310262106,12.31700530896584,30.453222151845694,9.408670566184268,1876.6112324292767,441.10876182094216,5648.728724359534,8068.7504252186,2699.945,207.315,a2
qwen,72,cap32_chunk-1_pollpm_mem0.75,32,-1,lpm,0.75,0,R_short_decode,0,8,8,0,9.066032040398568,0.882414706274113,88.2414706274113,225.89816480617293,314.13963543358426,53.56130737345666,50.1147978939116,67.51296953298151,71.21259552426636,4.230697122049846,4.238349586433055,4.242560426686325,4.243192241472356,4.230722845059259,1131.866792507935,1131.525972625241,1137.4034478329122,1139.1226382367313,100.0,256.0,a2
qwen,72,cap32_chunk-1_pollpm_mem0.75,32,-1,lpm,0.75,0,R_short_decode,1,8,8,0,9.03435953706503,0.8855082606773187,88.55082606773186,226.6901147333936,315.2409408011255,47.65039152698591,47.73583612404764,49.37010982539505,49.88896023016423,4.236601124627187,4.235319187864661,4.243980405541757,4.243991773593805,4.236601124627186,1127.9836783069186,1127.8783928137273,1130.323885870166,1130.3639048570767,100.0,256.0,a2
qwen,72,cap32_chunk-1_pollpm_mem0.75,32,-1,lpm,0.75,0,R_short_decode,2,8,8,0,9.039427504874766,0.8850117992191181,88.50117992191181,226.56302060009423,315.06420052200605,47.79625684022904,47.38759738393128,50.81243910826743,51.43312123604119,4.235826322909299,4.235029505456195,4.241302294528806,4.241475357564495,4.235826322909298,1127.9319691821,1126.9024156499654,1131.1093088239431,1131.1741352826357,100.0,256.0,a2
qwen,72,cap32_chunk-1_pollpm_mem0.75,32,-1,lpm,0.75,0,R_short_decode,3,8,8,0,9.047514995094389,0.8842206953332095,88.42206953332095,226.3604980053016,314.7825675386226,48.466483829542994,48.405968584120274,50.67070901859552,50.92765084002167,4.23755592885701,4.236163298471594,4.243169373503941,4.2432617409081725,4.237555928857011,1129.0432456880808,1128.9255663286897,1131.5734043018892,1131.7203698912635,100.0,256.0,a2
qwen,72,cap32_chunk-1_pollpm_mem0.75,32,-1,lpm,0.75,0,R_short_decode,4,8,8,0,9.057482877746224,0.8832475984752446,88.32475984752446,226.1113852096626,314.43614505718705,49.40507729770616,48.67100389674306,52.77390165720135,52.92214032728225,4.239814896045216,4.23715264426873,4.250269470480728,4.252696348390743,4.239814896045216,1130.5578757892365,1131.2564325053245,1132.4535178719088,1132.4701595818624,100.0,256.0,a2
qwen,72,cap32_chunk-1_pollpm_mem0.75,32,-1,lpm,0.75,0,R_concurrent_decode,0,32,32,0,2.657908129040152,12.039543297366013,2407.9086594732025,3082.1230841256997,5490.031743598902,105.43687031895388,105.48418946564198,107.70848768297584,108.08961236383766,9.942553323800858,9.941315189843962,9.946238994141858,9.957221823306206,9.942553323800858,2640.7879678881727,2640.4521379154176,2643.764806422405,2644.155486491509,200.0,256.0,a2
qwen,72,cap32_chunk-1_pollpm_mem0.75,32,-1,lpm,0.75,0,R_concurrent_decode,1,32,32,0,2.6626165797933936,12.018253113440409,2403.650622688081,3076.672797040744,5480.323419728826,115.21630550851114,115.19214254803956,117.40529583767056,117.82220216933638,9.939696865245317,9.93986242797737,9.941750774251334,9.956139608943726,9.939696865245317,2649.839006146067,2649.8879846185446,2652.405548933893,2652.770961816422,200.0,256.0,a2
qwen,72,cap32_chunk-1_pollpm_mem0.75,32,-1,lpm,0.75,0,R_concurrent_decode,2,32,32,0,2.6664017853327096,12.001192084413148,2400.2384168826297,3072.305173609766,5472.543590492395,116.61066387023313,116.61659344099462,118.9687879756093,119.20143519062547,9.944381899207228,9.94283425913868,9.947964166218012,9.961054545662858,9.944381899207228,2652.428048168076,2652.636296581477,2654.9934786511585,2655.5857598083094,200.0,256.0,a2
qwen,72,cap32_chunk-1_pollpm_mem0.75,32,-1,lpm,0.75,0,R_concurrent_decode,3,32,32,0,2.6487617567181587,12.081116740241791,2416.2233480483583,3092.7658855018985,5508.989233550256,100.47555663913954,100.4989685025066,102.6536535937339,102.71825896110386,9.95064205609892,9.95111454132141,9.95300253451455,9.964990731328726,9.95064205609892,2637.889280944364,2637.9899794701487,2640.634452085942,2640.814148387872,200.0,256.0,a2
qwen,72,cap32_chunk-1_pollpm_mem0.75,32,-1,lpm,0.75,0,R_concurrent_decode,4,32,32,0,2.652289483230561,12.065048028250342,2413.0096056500684,3088.6522952320875,5501.661900882156,106.46545092458835,106.47086286917327,109.13299138192087,109.29953320883214,9.936781211267682,9.935288324806034,9.939080549440549,9.952907571368211,9.936781211267682,2640.3446597978477,2640.353673370555,2643.22679520119,2643.5223679989576,200.0,256.0,a2
qwen,72,cap32_chunk-1_pollpm_mem0.75,32,-1,lpm,0.75,0,shared_prefix,0,128,128,0,8.599287156015635,14.884954726794716,34165.04120280198,3810.548410059447,37975.58961286143,1865.065167879948,2153.470929013565,2732.835030904971,2735.3976149391383,7.490108869677649,7.465173780278404,8.190645521147337,8.196554032400044,7.490868930654731,3770.906086596369,4014.010736253113,4551.67167421896,4553.426755527034,2295.2734375,256.0,a2
qwen,72,cap32_chunk-1_pollpm_mem0.75,32,-1,lpm,0.75,0,shared_prefix,1,128,128,0,8.628116101026535,14.83521993691892,34050.886260680425,3797.816303851244,37848.70256453167,1848.7615709127567,2173.427409492433,2656.672851741314,2658.3902200264856,7.613966501128887,7.673509956980393,8.132495033171248,8.159295884016021,7.614536669535493,3786.185244767694,4051.798626082018,4577.605970599689,4579.1550008626655,2295.2734375,256.0,a2
qwen,72,cap32_chunk-1_pollpm_mem0.75,32,-1,lpm,0.75,0,shared_prefix,2,128,128,0,9.181360356975349,13.941289201523896,31999.070788763387,3568.9700355901177,35568.040824353506,2051.778274591925,2097.5016872398555,3107.1450077928603,3909.2138942377687,7.827175192960328,7.906243981172642,8.570144878627332,8.587074728343582,7.827971714312284,4043.813607797347,4127.458580769599,5028.759374190122,5910.76866684482,2295.2734375,256.0,a2
qwen,72,cap32_chunk-1_pollpm_mem0.75,32,-1,lpm,0.75,0,shared_prefix,3,128,128,0,8.639544568955898,14.815595773408806,34005.8434394425,3792.792517992654,37798.63595743515,1861.9707961770475,2173.472952330485,2705.1514140097424,2707.358280639164,7.585587511058192,7.604970866928568,8.160129996546198,8.186186835789453,7.58621804855704,3792.189150906779,4050.316285341978,4593.0492881452665,4595.272811232135,2295.2734375,256.0,a2
qwen,72,cap32_chunk-1_pollpm_mem0.75,32,-1,lpm,0.75,0,shared_prefix,4,128,128,0,8.616477500181645,14.855258427507252,34096.88007585541,3802.946157441857,37899.82623329727,1854.55028486831,2174.389065941796,2668.084935937077,2669.6362678846344,7.579975366349307,7.640871600018864,8.090343926302795,8.116281334600433,7.580558677367867,3783.3286833410966,4047.8028608486056,4574.4838190265,4575.780405653641,2295.2734375,256.0,a2
qwen,72,cap32_chunk-1_pollpm_mem0.75,32,-1,lpm,0.75,0,R_medium_balanced,0,16,16,0,3.4346142229624093,4.658456222835922,3726.7649782687377,1192.564793045996,4919.329771314734,103.472993359901,103.21331722661851,111.71246529556812,111.88236367888749,6.301921285921708,6.303533429608626,6.6584900140251015,6.664754981540289,6.301921285921708,1710.4629212699365,1710.125708952546,1809.0978455729785,1809.4828956760464,800.0,256.0,a2
qwen,72,cap32_chunk-1_pollpm_mem0.75,32,-1,lpm,0.75,0,R_medium_balanced,1,16,16,0,3.427699682302773,4.667853511965492,3734.2828095723935,1194.970499063166,4929.25330863556,100.00225913245232,100.03884043544532,100.80746386665852,100.9461377048865,6.303597578902126,6.305544968584881,6.663338152016056,6.668170617217673,6.303597578902126,1707.4196417524945,1707.3698656167835,1799.1990636801347,1799.3895292980596,800.0,256.0,a2
qwen,72,cap32_chunk-1_pollpm_mem0.75,32,-1,lpm,0.75,0,R_medium_balanced,2,16,16,0,3.4274056456051767,4.668253966528926,3734.603173223141,1195.073015431405,4929.6761886545455,101.55954628135078,101.34393628686666,109.02582621201871,109.15676048025487,6.301830804737869,6.304513191000796,6.6595779279904335,6.663668354808846,6.301830804737869,1708.5264014895074,1708.4495208691806,1793.2877115672454,1793.633108283393,800.0,256.0,a2
qwen,72,cap32_chunk-1_pollpm_mem0.75,32,-1,lpm,0.75,0,R_medium_balanced,3,16,16,0,3.4188965670764446,4.679872492803099,3743.89799424248,1198.0473581575934,4941.945352400073,96.7875950736925,96.67905676178634,98.06468419265002,98.2281600823626,6.304420123114159,6.306558043933382,6.663233035371877,6.667971988117286,6.304420123114159,1704.4147264678031,1704.329699743539,1796.977363876067,1797.1871827496216,800.0,256.0,a2
qwen,72,cap32_chunk-1_pollpm_mem0.75,32,-1,lpm,0.75,0,R_medium_balanced,4,16,16,0,3.4158179531805217,4.684090375806518,3747.2723006452143,1199.1271362064683,4946.399436851682,95.35577040514907,95.14297847636044,97.1592852147296,97.2279623383656,6.301982536930225,6.305579525217706,6.6584289955048295,6.660851741337456,6.301982536930225,1702.3613173223566,1702.3384855128825,1792.2956483671442,1792.4114496679977,800.0,256.0,a2
qwen,72,cap32_chunk-1_pollpm_mem0.75,32,-1,lpm,0.75,0,R_long_prefill,0,4,4,0,0.3698064321652055,10.816469515092315,43265.87806036927,346.12702448295414,43612.00508485222,165.769032551907,180.83467707037929,181.2168281059712,181.25296785496172,6.3199170206683455,5.875896060618983,7.496914893629089,7.712378997235529,6.322756095418359,360.1937824860215,360.02346011810005,360.7897673966363,360.8766486728564,4000.0,32.0,a2
qwen,72,cap32_chunk-1_pollpm_mem0.75,32,-1,lpm,0.75,0,R_long_prefill,1,4,4,0,0.3191021862439811,12.535169523851696,50140.67809540678,401.1254247632543,50541.80352017004,121.322114020586,121.67492392472924,122.12914517149328,122.17681540176272,6.061734113421652,6.037680514817757,6.12543678256653,6.137325996683249,6.061734113421651,309.2358715366572,309.1138359159231,310.00424418598413,310.0801469013095,4000.0,32.0,a2
qwen,72,cap32_chunk-1_pollpm_mem0.75,32,-1,lpm,0.75,0,R_long_prefill,2,4,4,0,0.3570436909794807,11.20311071462086,44812.44285848344,358.49954286786755,45170.942401351305,145.16258519142866,157.3441105429083,158.44179263804108,158.58067747671157,6.534271835980396,6.13624703199152,7.528493455761382,7.724175308680822,6.534271835980396,347.72501210682094,347.56776853464544,348.2125393813476,348.2926598144695,4000.0,32.0,a2
qwen,72,cap32_chunk-1_pollpm_mem0.75,32,-1,lpm,0.75,0,R_long_prefill,3,4,4,0,0.3582525923848152,11.16530650447721,44661.22601790884,357.2898081432707,45018.51582605211,146.77734242286533,158.52727508172393,161.20864197146147,161.56445392873138,6.540117240811307,6.161164544943359,7.555227395477554,7.751985609140848,6.540117240811307,349.52097688801587,349.5233759749681,350.15649606939405,350.22157333325595,4000.0,32.0,a2
qwen,72,cap32_chunk-1_pollpm_mem0.75,32,-1,lpm,0.75,0,R_long_prefill,4,4,4,0,0.3444141270592809,11.613925462794723,46455.7018511789,371.6456148094312,46827.347465988336,136.18724967818707,146.34014246985316,146.7502942075953,146.7899427888915,6.445804926296396,6.112631117444366,7.2623926027107135,7.42413816838375,6.445804926296396,336.00720239337534,335.8317071106285,336.54532553628087,336.64560126140714,4000.0,32.0,a2
qwen,83,cap32_chunk2048_pollpm_mem0.9,32,2048,lpm,0.9,0,R_concurrent_decode,0,32,32,0,2.665952395647764,12.003215080749689,2400.643016149937,3072.82306067192,5473.466076821857,113.48753540369216,113.40171610936522,115.827833279036,116.27393022645263,9.939750977027156,9.9391498785539,9.941616192387016,9.955303135912354,9.939750977027158,2648.124034545617,2647.882340941578,2650.9432752383877,2651.2187398411334,200.0,256.0,a2
qwen,83,cap32_chunk2048_pollpm_mem0.9,32,2048,lpm,0.9,0,R_concurrent_decode,1,32,32,0,2.6562742930836976,12.046948646576274,2409.389729315255,3084.018853523526,5493.4085828387815,107.45112992299256,107.55916335619986,109.81553308665752,110.01744343433528,9.94053247867508,9.939729148412452,9.942003042601488,9.959879756558175,9.940532478675085,2642.2869119851384,2642.280905973166,2644.97199554462,2645.711589418352,200.0,256.0,a2
qwen,83,cap32_chunk2048_pollpm_mem0.9,32,2048,lpm,0.9,0,R_concurrent_decode,2,32,32,0,2.648942411877215,12.08029282045535,2416.0585640910704,3092.5549620365696,5508.61352612764,101.59975706483236,101.66716761887074,103.78993719350548,103.9191106148064,9.943103470939995,9.941904910602698,9.946665648078802,9.956560647042066,9.943103470939995,2637.091142154532,2637.117086909712,2639.602400106378,2639.963754178025,200.0,256.0,a2
qwen,83,cap32_chunk2048_pollpm_mem0.9,32,2048,lpm,0.9,0,R_concurrent_decode,3,32,32,0,2.6564051611348987,12.046355152513184,2409.2710305026367,3083.8669190433748,5493.137949546011,109.22246403060852,109.22915930859745,111.3834145013243,111.76629177294672,9.937024418796486,9.93732756697664,9.939572519677526,9.95230426750712,9.937024418796486,2643.1636908237124,2643.351829145104,2645.657273149118,2645.95385722816,200.0,256.0,a2
qwen,83,cap32_chunk2048_pollpm_mem0.9,32,2048,lpm,0.9,0,R_concurrent_decode,4,32,32,0,2.6590426890179515,12.034406266647178,2406.881253329436,3080.808004261677,5487.689257591113,110.54750070616136,110.58350559324026,112.752498453483,112.79366776812822,9.939831818737016,9.93786366272937,9.942723881069789,9.959190502361048,9.939831818737018,2645.2046144841006,2645.363100571558,2647.283140500076,2648.635883461684,200.0,256.0,a2
qwen,83,cap32_chunk2048_pollpm_mem0.9,32,2048,lpm,0.9,0,tool_agent,0,200,200,0,41.40808130521327,4.829975060322827,13040.667014243316,1001.3262796308268,14041.993293874142,231.9081960967742,186.2428500317037,587.2529705055057,686.4029413135711,43.157186991361954,13.23550529171193,206.81872172281143,352.8232949413359,11.629387532030464,2380.263101826422,842.8614989388734,7010.428253863935,9917.7793338336,2699.945,207.315,a2
qwen,83,cap32_chunk2048_pollpm_mem0.9,32,2048,lpm,0.9,0,tool_agent,1,200,200,0,41.17716414202005,4.857061047482531,13113.797689845222,1006.9416110588407,14120.739300904062,142.65326923923567,154.1679440997541,216.28620149567723,219.3070328095928,10.256592709517198,9.679066761668416,12.688343709334728,33.223301051184535,9.308373886811273,1862.235719219316,444.3484430667013,5555.598650849424,7993.518097158518,2699.945,207.315,a2
qwen,83,cap32_chunk2048_pollpm_mem0.9,32,2048,lpm,0.9,0,tool_agent,2,200,200,0,41.15326369414106,4.859881867120875,13121.413747723673,1007.5264092821644,14128.940157005836,139.55922251101583,153.04994001053274,246.40508922748268,247.4654107214883,10.192452298457631,9.885003108398193,12.288875424303114,31.737770913168788,9.330680579618498,1863.215845983941,441.7642296757549,5547.558571724219,8020.191936506884,2699.945,207.315,a2
qwen,83,cap32_chunk2048_pollpm_mem0.9,32,2048,lpm,0.9,0,tool_agent,3,200,200,0,41.18980734376237,4.855570173728605,13109.772412707678,1006.6325305665456,14116.404943274223,136.775588337332,150.10101697407663,228.28886674251407,229.38846359029407,10.105514654111472,9.824761431306026,12.696824939567827,33.02756004035473,9.331205147241787,1860.5757712130437,439.4353898242116,5570.51031505689,7938.106584725897,2699.945,207.315,a2
qwen,83,cap32_chunk2048_pollpm_mem0.9,32,2048,lpm,0.9,0,tool_agent,4,200,200,0,41.21300237812102,4.852837416819095,13102.39411935363,1006.0659890678504,14108.46010842148,141.5528363850899,149.82903841882944,220.10522380005568,221.2165507674217,10.107282395187967,9.854994439096616,12.173442439164354,32.71547622978687,9.352868585198868,1869.3550144718029,446.19549880735576,5627.568286773749,8054.411905487063,2699.945,207.315,a2
qwen,83,cap32_chunk2048_pollpm_mem0.9,32,2048,lpm,0.9,0,R_medium_balanced,0,16,16,0,3.427777945064008,4.667746935894713,3734.19754871577,1194.9432155890463,4929.140764304817,99.63684642571025,99.7057871427387,100.78376054298133,100.89966969098896,6.302034888900451,6.30430688387623,6.663678262802755,6.667809008218932,6.302034888900451,1706.6557430953253,1706.9743287283927,1798.314904444851,1798.67858432699,800.0,256.0,a2
qwen,83,cap32_chunk2048_pollpm_mem0.9,32,2048,lpm,0.9,0,R_medium_balanced,1,16,16,0,3.442630176898092,4.6476092922698005,3718.087433815841,1189.787978821069,4907.8754126369095,108.45918365521356,108.63979766145349,109.76532427594066,109.9757513962686,6.302599605588315,6.3073505729656,6.662984589553055,6.667257937986184,6.302599605588315,1715.622083080234,1715.7467466313392,1807.0948782842609,1807.1652063634249,800.0,256.0,a2
qwen,83,cap32_chunk2048_pollpm_mem0.9,32,2048,lpm,0.9,0,R_medium_balanced,2,16,16,0,3.4345078910700977,4.658600448000381,3726.880358400304,1192.6017146880974,4919.482073088402,104.2945105000399,104.1565123014152,105.70854460820556,105.8014183305204,6.302350886421753,6.303778020482437,6.66224284271034,6.667612273446924,6.302350886421753,1711.393986537587,1711.2463598605243,1802.362769842148,1802.7871891856196,800.0,256.0,a2
qwen,83,cap32_chunk2048_pollpm_mem0.9,32,2048,lpm,0.9,0,R_medium_balanced,3,16,16,0,3.429032198153436,4.66603959234216,3732.831673873728,1194.506135639593,4927.337809513321,101.5633944189176,101.50266857817768,106.27396521158516,106.36784420348704,6.302371568402604,6.304131182568038,6.662685401262898,6.6661651313816215,6.302371568402604,1708.6681443615817,1708.5913724731654,1804.6039236942304,1804.8024577321485,800.0,256.0,a2
qwen,83,cap32_chunk2048_pollpm_mem0.9,32,2048,lpm,0.9,0,R_medium_balanced,4,16,16,0,3.433718353975564,4.659671630165932,3727.737304132746,1192.8759373224786,4920.613241455225,101.18584166048096,100.71196896024048,104.87239912617952,104.9893973628059,6.304666216886949,6.305319184035647,6.668132011705608,6.675476933208604,6.3046662168869485,1708.875726966653,1708.7758774869144,1804.3079746421429,1804.9528017174453,800.0,256.0,a2
qwen,83,cap32_chunk2048_pollpm_mem0.9,32,2048,lpm,0.9,0,shared_prefix,0,128,128,0,8.645639485213906,14.805151223216091,33981.87034081853,3790.11871314332,37771.98905396185,1913.088430872449,2179.635719396174,2789.839264098555,2791.444948394783,7.377902882146823,7.416437789750333,7.88232988452709,7.892514785685701,7.378646894960783,3790.4352545301663,4035.606065299362,4581.777322432026,4584.246677984484,2295.2734375,256.0,a2
qwen,83,cap32_chunk2048_pollpm_mem0.9,32,2048,lpm,0.9,0,shared_prefix,1,128,128,0,8.678972598165274,14.748289449267196,33851.35702146449,3775.562099012402,37626.9191204769,1983.7205525182071,2174.2076175287366,3126.367148384452,3127.576142791658,7.169623246558383,7.266033008123518,8.249831654167934,8.27474659548955,7.171095205374439,3808.372113016958,4023.353933589533,4622.288209851831,4623.845194592141,2295.2734375,256.0,a2
qwen,83,cap32_chunk2048_pollpm_mem0.9,32,2048,lpm,0.9,0,shared_prefix,2,128,128,0,8.706803816370666,14.701146677881088,33743.15147053183,3763.4935495375594,37506.64502006939,1918.6576434185556,2180.566870607436,2845.869068102911,2847.088530906476,7.494376857499613,7.436539868976457,8.297610624656812,8.32622916945513,7.495344036737214,3825.929913891741,4035.642559407279,4649.184906086884,4651.275254054926,2295.2734375,256.0,a2
qwen,83,cap32_chunk2048_pollpm_mem0.9,32,2048,lpm,0.9,0,shared_prefix,3,128,128,0,8.715409613680094,14.686630425159308,33709.83270124749,3759.777388840783,37469.610090088274,1935.2344243088737,2182.775630615652,2866.411430668086,2867.8305953228846,7.450752766133056,7.4330579351288115,8.222788809342127,8.243989383537821,7.45170453031761,3831.343928624847,4025.8821474853903,4669.10770337563,4671.675995318219,2295.2734375,256.0,a2
qwen,83,cap32_chunk2048_pollpm_mem0.9,32,2048,lpm,0.9,0,shared_prefix,4,128,128,0,8.704033747781068,14.705825334446942,33753.89026667062,3764.691285618417,37518.58155228904,1923.587004723231,2153.800255153328,2889.9451273027807,2891.2493670592085,7.47141388884062,7.377306794527281,8.268250344850706,8.290929842729298,7.472383377884341,3825.016684419097,4014.2339451704174,4667.255318327807,4668.676952770911,2295.2734375,256.0,a2
qwen,83,cap32_chunk2048_pollpm_mem0.9,32,2048,lpm,0.9,0,R_long_prefill,0,4,4,0,0.3113190638832748,12.84855463107698,51394.21852430792,411.1537481944633,51805.372272502376,114.484770456329,114.89295214414597,115.22261600475758,115.25307891424744,6.069037627669111,6.048370986395786,6.128353225217471,6.139340337455994,6.069037627669111,302.62493691407144,302.42856685072184,303.16852719988674,303.2714522210881,4000.0,32.0,a2
qwen,83,cap32_chunk2048_pollpm_mem0.9,32,2048,lpm,0.9,0,R_long_prefill,1,4,4,0,0.3043174208141863,13.14417028541513,52576.68114166052,420.6134491332842,52997.294590793805,107.36258595716208,107.83310537226498,108.22852028068156,108.27201693784446,6.055801442163366,6.032028190431095,6.122118512529039,6.134575062521523,6.055801442163365,295.0924306642264,295.007215347141,295.7041632384062,295.75651839375496,4000.0,32.0,a2
qwen,83,cap32_chunk2048_pollpm_mem0.9,32,2048,lpm,0.9,0,R_long_prefill,2,4,4,0,0.3085599429905414,12.963445485607362,51853.78194242945,414.8302555394356,52268.61219796889,109.46182149928065,109.7510033287108,110.085659311153,110.11176754254848,6.056133890524507,6.041929726639102,6.100123196149306,6.108233174158921,6.056133890524507,297.20197210554034,297.14245116338134,297.5818650098517,297.6324253762141,4000.0,32.0,a2
qwen,83,cap32_chunk2048_pollpm_mem0.9,32,2048,lpm,0.9,0,R_long_prefill,3,4,4,0,0.3028574800118804,13.2075324665684,52830.12986627359,422.6410389301888,53252.77090520378,106.74588289111853,107.17299790121616,107.5532320421189,107.58456169627608,6.06521426309501,6.045351465863567,6.116065822331414,6.1260210880408845,6.06521426309501,294.7675250470638,294.80721964500844,295.00711110886186,295.0245811743662,4000.0,32.0,a2
qwen,83,cap32_chunk2048_pollpm_mem0.9,32,2048,lpm,0.9,0,R_long_prefill,4,4,4,0,0.3041306138038635,13.152243866444945,52608.975465779775,420.8718037262382,53029.84726950601,108.01344306673856,108.47635404206812,108.80717786494642,108.83542739320546,6.055057931300854,6.033672372840586,6.1171425761835225,6.128829216824904,6.055057931300853,295.720238937065,295.58500717394054,296.2422696640715,296.32273520808667,4000.0,32.0,a2
qwen,83,cap32_chunk2048_pollpm_mem0.9,32,2048,lpm,0.9,0,R_short_decode,0,8,8,0,9.046114009339362,0.8843576359684019,88.43576359684019,226.39555480791088,314.8313184047511,50.459504302125424,50.37983949296176,54.42900895141065,55.27265544049442,4.230069361088396,4.230160098157677,4.233434369294521,4.234294252269263,4.230069361088396,1129.1271913796663,1128.7321320269257,1133.7198408087716,1134.3442171392962,100.0,256.0,a2
qwen,83,cap32_chunk2048_pollpm_mem0.9,32,2048,lpm,0.9,0,R_short_decode,1,8,8,0,9.0502003361471,0.8839583327285552,88.39583327285551,226.29333317851007,314.6891664513656,51.30512430332601,51.76132824271917,56.38700157869607,58.100109905935824,4.229309091883183,4.228600719943643,4.240666034576647,4.244205558088188,4.229309091883183,1129.7789427335374,1129.3570895213634,1135.7449089409783,1136.2209040904418,100.0,256.0,a2
qwen,83,cap32_chunk2048_pollpm_mem0.9,32,2048,lpm,0.9,0,R_short_decode,2,8,8,0,9.041744576301426,0.884785002771273,88.47850027712731,226.5049607094459,314.9834609865732,50.08475360227749,49.98642555437982,53.736169170588255,54.2275626771152,4.230005260073014,4.228705315686324,4.234923718898904,4.235495448112488,4.230005260073014,1128.736094920896,1128.1929092947394,1131.6377950832248,1132.18236643821,100.0,256.0,a2
qwen,83,cap32_chunk2048_pollpm_mem0.9,32,2048,lpm,0.9,0,R_short_decode,3,8,8,0,9.047178013715891,0.8842536300127699,88.42536300127699,226.3689292832691,314.7942922845461,53.5524922888726,51.39000085182488,63.9121192973107,68.09690325520933,4.221207098322547,4.226635021212347,4.229980315556566,4.230094280879141,4.221228150492822,1129.4380171457306,1129.133177455515,1131.9530534790829,1132.6105781504884,100.0,256.0,a2
qwen,83,cap32_chunk2048_pollpm_mem0.9,32,2048,lpm,0.9,0,R_short_decode,4,8,8,0,9.044283892959356,0.8845365862771852,88.45365862771853,226.44136608695945,314.8950247146779,50.21744017722085,50.03123567439616,52.25595524534583,52.38477265462279,4.229228148766446,4.228398632075565,4.233392522505978,4.233477293312842,4.229228148766446,1128.670618112665,1128.7004272453487,1130.9231959981844,1131.1654421081766,100.0,256.0,a2
lfm25,106,cap48_chunk2048_pollpm_mem0.85,48,2048,lpm,0.85,0,shared_prefix,0,128,128,0,5.859426719136536,21.845140512118647,51313.2110720052,5592.355971102374,56905.56704310757,785.7866708000074,333.8000304065645,2434.893659432418,2440.116836726665,6.80711771622323,7.207386757192367,7.304959408847579,7.308477590956232,6.80711771622323,2521.601688436931,2191.9389485847205,4279.494461999275,4283.454497014172,2348.953125,256.0,a2
lfm25,106,cap48_chunk2048_pollpm_mem0.85,48,2048,lpm,0.85,0,shared_prefix,1,128,128,0,5.753146043978632,22.248696456083817,52261.1450676945,5695.666292757457,57956.81136045196,772.4169994216936,313.5672914795577,2391.595377051271,2406.3743960484862,6.717814842697044,7.179781865766819,7.226302469897942,7.228521183790529,6.718102679857589,2485.2182717222604,2151.380475377664,4222.749149147421,4238.196899718605,2348.953125,256.0,a2
lfm25,106,cap48_chunk2048_pollpm_mem0.85,48,2048,lpm,0.85,0,shared_prefix,2,128,128,0,5.857830677181482,21.85109250402364,51327.1920219904,5593.879681030051,56921.07170302045,793.3789798371436,351.829175837338,2430.717080878094,2432.161438460462,6.751708169482609,7.125219510064698,7.191780353987626,7.1926796857048485,6.751623349129844,2514.6737044633483,2181.5319918096066,4249.047861900181,4249.7824520478025,2348.953125,256.0,a2
lfm25,106,cap48_chunk2048_pollpm_mem0.85,48,2048,lpm,0.85,0,shared_prefix,3,128,128,0,6.226315597072244,20.5579042700933,48289.5534786865,5262.823493143885,53552.37697183039,903.2194856627028,357.3055563028902,2655.008230125532,2656.220368449576,6.466566532192695,7.058882328005982,7.179664023695332,7.18057847479541,6.467034513297563,2552.0101443107706,2153.632003581152,4224.189975485206,4235.712294341065,2348.953125,256.0,a2
lfm25,106,cap48_chunk2048_pollpm_mem0.85,48,2048,lpm,0.85,0,shared_prefix,4,128,128,0,5.717655471060425,22.386798338561047,52585.53991610778,5731.020374671628,58316.56029077941,756.9277909133234,327.72685191594064,2351.307300268672,2362.52770782914,6.690941950828786,7.078098146902288,7.1288050189796905,7.145195117047951,6.690872813898444,2462.8389962381334,2130.1283685024828,4167.294779210351,4179.456362137571,2348.953125,256.0,a2
lfm25,106,cap48_chunk2048_pollpm_mem0.85,48,2048,lpm,0.85,0,R_long_prefill,0,4,4,0,0.2050209040753543,19.51020564483425,78040.82257933701,624.326580634696,78665.14915997171,87.85605884622782,94.3498823326081,95.78153744805604,95.96455222461373,3.498472386009751,3.283474579333298,4.067101335573581,4.177229376810212,3.498472386009751,196.3087028125301,196.13759429194036,196.926914784126,197.03479719813916,4000.0,32.0,a2
lfm25,106,cap48_chunk2048_pollpm_mem0.85,48,2048,lpm,0.85,0,R_long_prefill,1,4,4,0,0.2032861849293112,19.676693728060865,78706.77491224345,629.6541992979477,79336.4291115414,87.06599392462522,93.42783433385192,94.6164562832564,94.75738412700592,3.4855085823144165,3.2766663935035467,4.030220146711555,4.13571001225782,3.4855085823144165,195.11675997637207,195.1045163441449,195.60289445798844,195.63277711626145,4000.0,32.0,a2
lfm25,106,cap48_chunk2048_pollpm_mem0.85,48,2048,lpm,0.85,0,R_long_prefill,2,4,4,0,0.2068989616818726,19.333108138794778,77332.43255517911,618.6594604414329,77951.09201562054,90.38497903384268,96.77379159256816,98.23096862528472,98.4141792031005,3.479854571783254,3.2740985794413477,4.043116726191533,4.151442523054297,3.479854571783254,198.2604707591236,198.27084755524996,198.9631941076368,199.04591421596703,4000.0,32.0,a2
lfm25,106,cap48_chunk2048_pollpm_mem0.85,48,2048,lpm,0.85,0,R_long_prefill,3,4,4,0,0.2059015738777816,19.426757769099456,77707.03107639782,621.6562486111826,78328.68732500901,89.39361560624093,96.0671491920948,97.16320291627198,97.29799492750315,3.4824977891760005,3.262672888775987,4.051188400556002,4.161786066308137,3.482497789176001,197.35104707069692,197.2100087441504,197.8679216932505,197.95836119912565,4000.0,32.0,a2
lfm25,106,cap48_chunk2048_pollpm_mem0.85,48,2048,lpm,0.85,0,R_long_prefill,4,4,4,0,0.2046715971082449,19.54350313631703,78174.01254526812,625.392100362145,78799.40464563027,87.39395695738494,93.77449308522046,95.15938784461468,95.33041504677384,3.4968582725512887,3.286724189116109,4.053069231280637,4.160285743644401,3.4968582725512887,195.7965634064749,195.72852202691135,196.39295728411523,196.4413561252877,4000.0,32.0,a2
lfm25,106,cap48_chunk2048_pollpm_mem0.85,48,2048,lpm,0.85,0,tool_agent,0,200,200,0,38.337468144949526,5.216828592953066,13910.934284538997,1081.5268197480648,14992.461104287062,209.0020260028541,170.74280907399952,569.5076453499495,636.9506538473067,28.90505487802212,5.429941254030717,155.1631289999932,259.6301297843456,3.8786857658988607,925.5116475373508,634.1866664588451,2218.198927375488,2758.6237708292847,2666.55,207.315,a2
lfm25,106,cap48_chunk2048_pollpm_mem0.85,48,2048,lpm,0.85,0,tool_agent,1,200,200,0,37.89684027386829,5.277484839228396,14072.67719804448,1094.1017694446348,15166.778967489114,163.77302760491148,147.23263238556683,303.1049948418507,373.0543030472472,7.125663132905654,3.4194801569215416,35.969487857073545,75.34525133669376,3.1542928224840456,746.418226310052,313.92749841324985,1916.7945349588988,2436.533352388066,2666.55,207.315,a2
lfm25,106,cap48_chunk2048_pollpm_mem0.85,48,2048,lpm,0.85,0,tool_agent,2,200,200,0,37.98699976224452,5.264959097895934,14039.276682494405,1091.5049953802957,15130.7816778747,145.0645774649456,135.26978250592947,264.9892954155803,309.4848955888301,6.511206678007826,3.292124917996781,24.64844575151801,45.034491047263145,3.083468195732827,714.6274052397348,266.4727130904794,1918.5299121309072,2341.7609524494,2666.55,207.315,a2
lfm25,106,cap48_chunk2048_pollpm_mem0.85,48,2048,lpm,0.85,0,tool_agent,3,200,200,0,37.89812560426071,5.277305851176843,14072.199917455611,1094.0646625367272,15166.26457999234,135.60515991644934,122.96821502968668,208.6417564190924,275.42375307530165,6.289972597508532,3.3289534269098304,24.008399341255423,40.86820399388672,3.0740675965022257,703.4776670183055,262.18402734957635,1858.7852231459688,2306.390105462629,2666.55,207.315,a2
lfm25,106,cap48_chunk2048_pollpm_mem0.85,48,2048,lpm,0.85,0,tool_agent,4,200,200,0,37.884661144111305,5.279181440721095,14077.201270754837,1094.4535003830938,15171.65477113793,133.30164397601038,132.4837093707174,207.60232764296236,245.2102033374831,5.709796652428635,3.293178675155485,20.55792603641748,40.40196718648076,3.0862387422867448,703.3453708700836,267.0617839321494,1855.5737704271448,2327.1096136933143,2666.55,207.315,a2
lfm25,106,cap48_chunk2048_pollpm_mem0.85,48,2048,lpm,0.85,0,R_concurrent_decode,0,32,32,0,1.485603807028383,21.54006327165304,4308.012654330608,5514.256197543177,9822.268851873783,130.55167814309243,140.83928032778203,152.57878806442022,153.2996537303552,5.238667499289994,5.19014424918329,5.359611058260734,5.458045392881568,5.238667499289994,1466.411890462041,1466.2150794174522,1469.438200443983,1469.602930112742,200.0,256.0,a2
lfm25,106,cap48_chunk2048_pollpm_mem0.85,48,2048,lpm,0.85,0,R_concurrent_decode,1,32,32,0,1.482315202243626,21.58785118817168,4317.570237634335,5526.489904171949,9844.060141806283,134.97978722443804,145.02047561109066,155.03689805045724,155.7155718188733,5.212987582975377,5.167964935375779,5.321592190485521,5.432314936509904,5.212987582975377,1464.291620883159,1464.0384272206577,1467.092308355495,1468.1090506445616,200.0,256.0,a2
lfm25,106,cap48_chunk2048_pollpm_mem0.85,48,2048,lpm,0.85,0,R_concurrent_decode,2,32,32,0,1.4789563920348885,21.6368786614265,4327.3757322853,5539.040937325184,9866.416669610484,135.03732267417945,143.97747139446437,152.30890496168286,153.04673137143254,5.197179753632358,5.159606612013543,5.311592491343617,5.423188559747502,5.197179753632358,1460.318159850431,1460.0631417706609,1463.1128555629402,1464.1560461558402,200.0,256.0,a2
lfm25,106,cap48_chunk2048_pollpm_mem0.85,48,2048,lpm,0.85,0,R_concurrent_decode,3,32,32,0,1.4900975809432566,21.47510365042232,4295.020730084464,5497.626534508114,9792.64726459258,135.09315086412244,146.60948677919805,156.17591021582484,156.8334591202438,5.237995520377915,5.188006676696972,5.334943794261883,5.445662323549828,5.237995520377915,1470.7820085604908,1470.74293368496,1473.265306930989,1473.614507666789,200.0,256.0,a2
lfm25,106,cap48_chunk2048_pollpm_mem0.85,48,2048,lpm,0.85,0,R_concurrent_decode,4,32,32,0,1.484277070034295,21.559317088460187,4311.863417692038,5519.185174645808,9831.048592337846,127.58508509432431,138.60099227167666,146.33224322460592,146.4825734635815,5.223318550783648,5.171732519588927,5.318339566663638,5.420883272938869,5.223318550783648,1459.5313155441545,1458.9907897170633,1462.3509271303192,1466.452237390913,200.0,256.0,a2
lfm25,106,cap48_chunk2048_pollpm_mem0.85,48,2048,lpm,0.85,0,R_medium_balanced,0,16,16,0,2.322498755995184,6.889131784763452,5511.305427810761,1763.6177368994438,7274.923164710205,94.24134698929264,96.99987154453991,102.94933372642843,103.15514269750564,4.154222409980481,4.18369440160984,4.23837130405374,4.301934844412494,4.1542224099804805,1153.5680615343151,1153.8381455466151,1164.280974655412,1164.3597966758534,800.0,256.0,a2
lfm25,106,cap48_chunk2048_pollpm_mem0.85,48,2048,lpm,0.85,0,R_medium_balanced,1,16,16,0,2.313908528070897,6.914707217635428,5531.765774108342,1770.1650477146695,7301.930821823012,96.9499137136154,98.40932721272112,108.67549234535544,108.96712976973504,4.102005995239368,4.13207127073524,4.195626968444855,4.270033543637278,4.102005995239369,1142.9614424996544,1142.7429697941989,1158.888931153342,1162.8222124185413,800.0,256.0,a2
lfm25,106,cap48_chunk2048_pollpm_mem0.85,48,2048,lpm,0.85,0,R_medium_balanced,2,16,16,0,2.328971404582262,6.86998559472217,5495.988475777736,1758.7163122488755,7254.704788026612,91.8300170742441,95.06869898177683,97.58050669915974,97.75561192072928,4.17266652688804,4.206072904315649,4.249087921982886,4.312843894403354,4.17266652688804,1155.8599814306945,1155.7838679291308,1169.5330603979528,1169.9882357381284,800.0,256.0,a2
lfm25,106,cap48_chunk2048_pollpm_mem0.85,48,2048,lpm,0.85,0,R_medium_balanced,3,16,16,0,2.334025736898184,6.855108642145175,5484.08691371614,1754.9078123891647,7238.994726105305,92.74457255378366,95.35752795636654,100.01115163322538,100.21899573039263,4.180668690584271,4.205602259539506,4.266231046879993,4.310203781899284,4.180668690584271,1158.8150886527728,1159.206066979095,1168.6567802680656,1169.039230584167,800.0,256.0,a2
lfm25,106,cap48_chunk2048_pollpm_mem0.85,48,2048,lpm,0.85,0,R_medium_balanced,4,16,16,0,2.322262090165168,6.889833868347745,5511.867094678196,1763.7974702970228,7275.664564975219,92.657704022713,82.51626486890018,110.05849193315952,110.83961909171194,4.158917387637,4.15335696866261,4.254023025871492,4.3539052332441015,4.158917387637,1153.1816378701478,1153.4258008468896,1183.9549255091697,1184.2809139285237,800.0,256.0,a2
lfm25,106,cap48_chunk2048_pollpm_mem0.85,48,2048,lpm,0.85,0,R_short_decode,0,8,8,0,4.820221217814833,1.6596748652184612,165.96748652184613,424.87676549592607,590.8442520177722,31.598882982507348,31.986476620659232,32.69281592220068,32.707706429064274,2.2300365284649,2.229866604594623,2.234603041545076,2.2360198899481105,2.230033420287566,599.9786509783007,599.9009010847658,601.4614861924201,601.5099099371582,100.0,256.0,a2
lfm25,106,cap48_chunk2048_pollpm_mem0.85,48,2048,lpm,0.85,0,R_short_decode,1,8,8,0,4.815348426811397,1.661354338443459,166.1354338443459,425.3067106415255,591.4421444858714,31.34187846444547,31.510502099990845,32.69750087056309,32.853482333011925,2.2304136854405483,2.2304886495511904,2.234926169892172,2.236142046419596,2.2304098963119654,599.5387995499186,599.9834781978279,600.6825093878433,600.7660585036501,100.0,256.0,a2
lfm25,106,cap48_chunk2048_pollpm_mem0.85,48,2048,lpm,0.85,0,R_short_decode,2,8,8,0,4.821553453337401,1.6592162831799635,165.92162831799635,424.75936849407066,590.680996812067,31.785576313268397,31.897995388135318,32.99837356898934,33.00153684336692,2.230635737734695,2.231468905822611,2.234677735872691,2.235476743660681,2.2306332655631045,600.3182298736647,600.8690542075783,601.1605858569965,601.2349840207025,100.0,256.0,a2
lfm25,106,cap48_chunk2048_pollpm_mem0.85,48,2048,lpm,0.85,0,R_short_decode,3,8,8,0,4.826024037785828,1.6576792691796012,165.76792691796012,424.3658929099779,590.133819827938,31.728655798360705,32.203819369897246,33.12781152781099,33.2775493664667,2.231731475832354,2.230468482765205,2.235887896357128,2.2360624264543527,2.2317293303771573,600.5406688782386,601.0220474563539,601.5559910098091,601.6082411678508,100.0,256.0,a2
lfm25,106,cap48_chunk2048_pollpm_mem0.85,48,2048,lpm,0.85,0,R_short_decode,4,8,8,0,4.817299616057426,1.6606814268586765,166.06814268586766,425.1344452758212,591.2025879616888,31.153317715507,31.15858207456768,32.69659138750285,33.074778630398214,2.2316439705194484,2.2317845657394795,2.2346358031524933,2.235362325674859,2.2316420578241143,599.9430872034281,599.7777888551354,601.5468053519726,602.1077692508698,100.0,256.0,a2
qwen,139,cap64_chunk8192_pollpm_mem0.9,64,8192,lpm,0.9,0,tool_agent,0,200,200,0,41.39742519007996,4.831218344659897,13044.023813572763,1001.5840311231664,14045.60784469593,271.1596910096705,233.70389104820788,532.8046539798358,715.4567126650363,28.92774797240909,12.12601756153236,123.66702603176236,253.16679167561236,11.031513346293242,2309.0663090371527,741.9850905425847,6704.915819480082,9864.061889466826,2699.945,207.315,a2
qwen,139,cap64_chunk8192_pollpm_mem0.9,64,8192,lpm,0.9,0,tool_agent,1,200,200,0,41.24136308627203,4.84950023551898,13093.383913388294,1005.3741413266174,14098.758054714912,138.9055856363848,147.98792428337038,218.23713982012123,219.33672826737163,10.227148041409832,9.987075920574942,13.324049487709996,22.46416786685586,9.394116029637908,1874.2806397913955,438.84133524261415,5610.428794217296,7991.96990272961,2699.945,207.315,a2
qwen,139,cap64_chunk8192_pollpm_mem0.9,64,8192,lpm,0.9,0,tool_agent,2,200,200,0,41.2699650679715,4.846139309073818,13084.309596837307,1004.6773708606386,14088.986967697949,144.82018548296764,147.53177762031555,223.12923977151516,232.35965579282487,10.591543762958793,9.741223309466168,14.458573884754015,36.07781536877155,9.32267480099802,1866.997901471332,443.22834466584027,5502.98983925022,8038.378322510976,2699.945,207.315,a2
qwen,139,cap64_chunk8192_pollpm_mem0.9,64,8192,lpm,0.9,0,tool_agent,3,200,200,0,41.14064803533256,4.861372135612333,13125.437390685842,1007.8353642944708,14133.272754980311,145.04405573243275,155.8823180384934,230.3147081984207,231.4301664847881,11.193773748483704,9.944841328043756,22.98134283527076,46.87138915061951,9.37140686034176,1876.2709020776676,442.3904935829341,5572.651414154096,8044.87537644803,2699.945,207.315,a2
qwen,139,cap64_chunk8192_pollpm_mem0.9,64,8192,lpm,0.9,0,tool_agent,4,200,200,0,41.23951456462965,4.849717609710572,13093.97081175001,1005.4192062571472,14099.390018007158,134.15745095349848,142.15496159158647,199.94090816471729,204.082250376232,10.714272771155594,9.85636379626926,13.334812037646769,32.5152747426182,9.38613085441825,1868.0574036901817,430.750188883394,5611.827497766353,8004.569801455359,2699.945,207.315,a2
qwen,139,cap64_chunk8192_pollpm_mem0.9,64,8192,lpm,0.9,0,R_medium_balanced,0,16,16,0,3.403013222850859,4.701715495127013,3761.3723961016094,1203.6391667525154,4965.011562854126,89.29753355914727,89.15109955705702,91.77979873493314,91.91733235493302,6.299189370189446,6.301802780260058,6.654878201273581,6.658244333047346,6.299189370189446,1695.590822957456,1695.6833733711392,1788.3659930666909,1788.5436030803248,800.0,256.0,a2
qwen,139,cap64_chunk8192_pollpm_mem0.9,64,8192,lpm,0.9,0,R_medium_balanced,1,16,16,0,3.418369807768613,4.680593645438325,3744.474916350661,1198.2319732322112,4942.706889582872,96.42422595061362,96.33750515058637,98.88421115465462,98.97530847229064,6.298551724552561,6.300659875805472,6.65462630088715,6.659890048424987,6.298551724552561,1702.5549157115163,1702.3807680234313,1795.4212684417143,1795.835145865567,800.0,256.0,a2
qwen,139,cap64_chunk8192_pollpm_mem0.9,64,8192,lpm,0.9,0,R_medium_balanced,2,16,16,0,3.424654229078442,4.672004508994044,3737.603607195235,1196.0331543024752,4933.63676149771,99.61666658637114,99.55258201807736,106.95748741272836,107.02218704391272,6.295255709476039,6.298084507751114,6.648414984674138,6.652377556242487,6.295255709476038,1704.906872502761,1704.9117530696094,1801.779620931484,1801.7932267161088,800.0,256.0,a2
qwen,139,cap64_chunk8192_pollpm_mem0.9,64,8192,lpm,0.9,0,R_medium_balanced,3,16,16,0,3.431376807857305,4.6628513555732365,3730.281084458589,1193.6899470267483,4923.971031485338,103.40557678136976,103.41559210792184,104.14781677536666,104.18850644491611,6.298099423178892,6.300444882728305,6.657506403166289,6.661710787710605,6.298099423178892,1709.420929691987,1709.286813158542,1801.4303118688986,1801.7558546504008,800.0,256.0,a2
qwen,139,cap64_chunk8192_pollpm_mem0.9,64,8192,lpm,0.9,0,R_medium_balanced,4,16,16,0,3.4363840320147574,4.656057021257655,3724.845617006124,1191.9505974419596,4916.796214448083,105.199711950263,104.98983482830226,107.6064017834142,107.70885574165732,6.299512548367584,6.300969170771685,6.65671936163277,6.661415705822554,6.299512548367584,1711.575411783997,1711.2741561140865,1804.6353911049664,1804.7252104617653,800.0,256.0,a2
qwen,139,cap64_chunk8192_pollpm_mem0.9,64,8192,lpm,0.9,0,R_concurrent_decode,0,32,32,0,2.6537749716080725,12.058294445594756,2411.658889118951,3086.923378072257,5498.582267191208,102.38350345753132,102.4007226806134,104.63804993778469,104.80265077203512,9.947687653452617,9.946243197419772,9.951139644482264,9.963945984895178,9.947687653452617,2639.043855087948,2638.673677807674,2641.5596907492727,2642.8396160900597,200.0,256.0,a2
qwen,139,cap64_chunk8192_pollpm_mem0.9,64,8192,lpm,0.9,0,R_concurrent_decode,1,32,32,0,2.672529221046716,11.973676376667251,2394.7352753334508,3065.261152426817,5459.996427760268,118.27664216980338,118.31358610652389,120.86158900056034,121.0652280971408,9.944890064013869,9.943417792993726,9.948217007970692,9.960644113447737,9.944890064013869,2654.2236084933397,2654.207039391622,2656.758400378749,2657.2794265206903,200.0,256.0,a2
qwen,139,cap64_chunk8192_pollpm_mem0.9,64,8192,lpm,0.9,0,R_concurrent_decode,2,32,32,0,2.654567765071988,12.0546932050658,2410.93864101316,3086.0014604968446,5496.940101510005,105.0678024912486,105.07238656282424,107.41639346815646,107.69381037447602,9.947907580998637,9.947033499495364,9.95184299828229,9.96484983433038,9.947907580998637,2641.7842356459005,2641.7287825606763,2644.543886021711,2645.134187606164,200.0,256.0,a2
qwen,139,cap64_chunk8192_pollpm_mem0.9,64,8192,lpm,0.9,0,R_concurrent_decode,3,32,32,0,2.660593952052295,12.027389589199151,2405.4779178398303,3079.0117348349827,5484.4896526748125,112.2043679933995,112.10467107594012,114.42521379794924,114.7753412509337,9.94430313431247,9.94303466697388,9.947819964339336,9.958835267388793,9.944303134312468,2648.0016672430797,2647.724407492205,2650.9298616088927,2651.243604137562,200.0,256.0,a2
qwen,139,cap64_chunk8192_pollpm_mem0.9,64,8192,lpm,0.9,0,R_concurrent_decode,4,32,32,0,2.661250181030482,12.02442379453744,2404.884758907488,3078.252491401585,5483.137250309073,111.75336371525192,111.82127217762172,113.66901125293224,113.86836020741612,9.949391677589889,9.94861619820928,9.953032835003206,9.964913801929235,9.949391677589883,2648.848241500673,2649.011284345761,2650.9483333444223,2651.2328514968976,200.0,256.0,a2
qwen,139,cap64_chunk8192_pollpm_mem0.9,64,8192,lpm,0.9,0,R_short_decode,0,8,8,0,9.082492352928966,0.880815495255564,88.0815495255564,225.4887667854244,313.5703163109808,49.619041092228144,49.82249438762665,52.6851590257138,52.95528708957136,4.249299761574423,4.247250100232515,4.254991854358391,4.255005131658239,4.249299761574423,1133.190480293706,1132.354456465691,1135.6690167915076,1136.0801621433347,100.0,256.0,a2
qwen,139,cap64_chunk8192_pollpm_mem0.9,64,8192,lpm,0.9,0,R_short_decode,1,8,8,0,9.109699579887092,0.878184832534198,87.8184832534198,224.81531712875469,312.6338003821745,51.62848246982321,51.979338051751256,52.90564128663391,53.11524156015366,4.249244286021328,4.247766327770318,4.2544832294259,4.254759514046943,4.249244286021328,1135.1857754052617,1135.469211032614,1137.5363470986483,1137.8251210227609,100.0,256.0,a2
qwen,139,cap64_chunk8192_pollpm_mem0.9,64,8192,lpm,0.9,0,R_short_decode,2,8,8,0,9.079931998159736,0.8810638671766914,88.10638671766914,225.552349997233,313.65873671490215,50.43744191061705,50.55593163706362,51.65650877170265,51.698105027899146,4.247553806121954,4.247874052574238,4.253023566641644,4.2532458206748265,4.247553806121954,1133.5636624717154,1133.672350551933,1135.699412203394,1136.0613216413185,100.0,256.0,a2
qwen,139,cap64_chunk8192_pollpm_mem0.9,64,8192,lpm,0.9,0,R_short_decode,3,8,8,0,9.070056258700788,0.8820231949857756,88.20231949857757,225.79793791635856,314.00025741493613,49.01967354817316,49.55151863396168,52.27882973849773,52.78086997568607,4.24789532439272,4.244922802728766,4.255424797187979,4.2564688913852855,4.247895324392719,1132.2329812683165,1133.0409224610776,1134.4286561012268,1134.8819234222174,100.0,256.0,a2
qwen,139,cap64_chunk8192_pollpm_mem0.9,64,8192,lpm,0.9,0,R_short_decode,4,8,8,0,9.085512415971609,0.8805227084315725,88.05227084315726,225.41381335848257,313.46608420163983,51.58774007577449,51.36511428281665,53.46755650825799,53.64256233908236,4.245818108913726,4.24427002777948,4.253755576506841,4.254629182647549,4.245818108913726,1134.2713578487746,1134.5308790914714,1135.799022903666,1135.8220351021737,100.0,256.0,a2
qwen,139,cap64_chunk8192_pollpm_mem0.9,64,8192,lpm,0.9,0,R_long_prefill,0,4,4,0,0.3127782386727631,12.788613482106427,51154.4539284257,409.2356314274057,51563.68955985311,114.18792267795652,114.47875597514212,114.81099661905318,114.84181525651366,6.062350498752728,6.047050438580975,6.103884611248729,6.111819009116339,6.062350498752728,302.1207881392911,302.08381870761514,302.4220548104495,302.4624427314848,4000.0,32.0,a2
qwen,139,cap64_chunk8192_pollpm_mem0.9,64,8192,lpm,0.9,0,R_long_prefill,1,4,4,0,0.3141382839530706,12.733245848498884,50932.983393995535,407.4638671519643,51340.4472611475,117.11513402406126,117.3987565562129,117.83536451403052,117.87506327498704,6.06625901925708,6.0487745344759,6.1193052093468365,6.129176975077679,6.06625901925708,305.16916362103075,305.23158702999353,305.79253945034,305.8457298344001,4000.0,32.0,a2
qwen,139,cap64_chunk8192_pollpm_mem0.9,64,8192,lpm,0.9,0,R_long_prefill,2,4,4,0,0.3007382010109722,13.300604933305635,53202.41973322255,425.6193578657804,53628.03909108833,101.59817256499082,101.77542339079082,102.11325406562536,102.14391903486104,6.068676657554123,6.054396102685601,6.111045479924688,6.118914873880004,6.068676657554122,289.7271489491686,289.55088183283806,290.3050930472091,290.4111042851582,4000.0,32.0,a2
qwen,139,cap64_chunk8192_pollpm_mem0.9,64,8192,lpm,0.9,0,R_long_prefill,3,4,4,0,0.3080567982979119,12.98461849276161,51938.47397104644,415.50779176837153,52353.981762814816,108.1463567679748,108.3982523996383,108.74065191019326,108.76838265452534,6.079204861194857,6.066012759542753,6.12539874179469,6.133479404773924,6.0792048611948575,296.6017074650153,296.7061661183834,297.16522418893874,297.2043197322637,4000.0,32.0,a2
qwen,139,cap64_chunk8192_pollpm_mem0.9,64,8192,lpm,0.9,0,R_long_prefill,4,4,4,0,0.3008699500933289,13.294780681019198,53179.12272407679,425.4329817926143,53604.5557058694,104.83398532960564,105.15488148666918,105.4833933711052,105.5108292400837,6.070697991808336,6.051695402411204,6.124193447401687,6.134293372141978,6.070697991808336,293.02562307566404,292.87951649166644,293.6255718814209,293.7250016489997,4000.0,32.0,a2
qwen,139,cap64_chunk8192_pollpm_mem0.9,64,8192,lpm,0.9,0,shared_prefix,0,128,128,0,7.313702103681862,17.501396445387385,40170.49038025459,4480.357490019171,44650.84787027376,531.7366180133831,527.859200257808,569.050980405882,575.7565893419087,12.171410538368995,12.04653806440614,12.64269738668101,12.644811553040556,12.171458156172948,3635.078089770104,3614.492241526023,3756.316695176065,3758.84741505608,2295.2734375,256.0,a2
qwen,139,cap64_chunk8192_pollpm_mem0.9,64,8192,lpm,0.9,0,shared_prefix,1,128,128,0,7.504554657731205,17.056308580301188,39148.89202616865,4366.414996557104,43515.30702272576,795.2497905025666,812.7622283063829,1128.7431543460116,1129.7439879411831,11.258957135080186,11.173532774650488,12.117387753016516,12.122004356344831,11.2591440659581,3665.188020502683,3642.298083053902,3795.0681294780234,3796.651069489308,2295.2734375,256.0,a2
qwen,139,cap64_chunk8192_pollpm_mem0.9,64,8192,lpm,0.9,0,shared_prefix,2,128,128,0,7.169299916829914,17.85390505138728,40979.59402009629,4570.599693155144,45550.19371325144,489.5375230480568,504.2933954391629,561.6309187375009,580.5419069668278,12.071794474651384,12.003026865240114,12.525906132844588,12.52695458917422,12.071841818049142,3567.479941593774,3558.2187108229846,3639.784747036174,3641.7461685370654,2295.2734375,256.0,a2
qwen,139,cap64_chunk8192_pollpm_mem0.9,64,8192,lpm,0.9,0,shared_prefix,3,128,128,0,7.257434410974383,17.63708671020765,40481.936640823886,4515.094197813159,44997.030838637045,520.7344867376378,527.1218593697995,573.3801277354358,577.3634817497805,12.104731495842309,12.048460631794516,12.50197873322987,12.50445528001543,12.104777140953908,3607.074383395229,3594.0958512946963,3719.209113693796,3721.745692151599,2295.2734375,256.0,a2
qwen,139,cap64_chunk8192_pollpm_mem0.9,64,8192,lpm,0.9,0,shared_prefix,4,128,128,0,7.238560906145722,17.683072873134872,40587.48745908328,4526.866655522527,45114.35411460581,504.93901314621326,503.4159526694566,560.7562714722008,578.7862092908472,12.142042363875207,12.046427021792509,12.60154201329558,12.60424903498999,12.14209100444583,3600.792778936011,3593.045495916158,3719.899018923752,3721.2889370461926,2295.2734375,256.0,a2
qwen,169,cap128_chunk-1_pollpm_mem0.8,128,-1,lpm,0.8,0,shared_prefix,0,128,128,0,7.096918989904225,18.03599564572843,41397.541724506125,4617.214885306478,46014.756609812604,382.987731583853,366.0906087607145,446.5729431249201,456.7762047052384,12.340156833269916,12.26176171244282,12.660440629092502,12.662079076337465,12.340199474638776,3529.3529663831578,3515.85765555501,3594.32031866163,3597.517480235547,2295.2734375,256.0,a2
qwen,169,cap128_chunk-1_pollpm_mem0.8,128,-1,lpm,0.8,0,shared_prefix,1,128,128,0,7.09538421779871,18.03989693453289,41406.496249071024,4618.21361524042,46024.70986431144,394.6679793443764,406.3484475482255,471.9487356022,472.74730728939176,12.288987413882822,12.239238981365892,12.58252291620581,12.583896258900708,12.289025070990869,3527.9853404135797,3514.294572174549,3618.490548850969,3620.81709522754,2295.2734375,256.0,a2
qwen,169,cap128_chunk-1_pollpm_mem0.8,128,-1,lpm,0.8,0,shared_prefix,2,128,128,0,7.128718303982168,17.955541871881515,41212.878314448666,4596.618719201668,45809.49703365034,405.8151392746368,410.17544246278703,458.6341361282393,470.2645338419825,12.299110480734816,12.246898762877157,12.574224232641212,12.576719002359932,12.299148165242467,3541.713573031302,3525.0259172171354,3617.8692996967584,3620.262599526905,2295.2734375,256.0,a2
qwen,169,cap128_chunk-1_pollpm_mem0.8,128,-1,lpm,0.8,0,shared_prefix,3,128,128,0,7.135053136851639,17.93960010457334,41176.28759939941,4592.537626770775,45768.825226170185,414.2579481631401,419.35917059890926,471.8612526776268,476.8403458083049,12.284183779958491,12.220656589922116,12.54837867466039,12.552266945003296,12.28421953447012,3546.3500475925684,3527.817100984976,3620.579348364845,3622.32774969656,2295.2734375,256.0,a2
qwen,169,cap128_chunk-1_pollpm_mem0.8,128,-1,lpm,0.8,0,shared_prefix,4,128,128,0,7.0259880889207125,18.21807813791249,41815.47083225,4663.828003305598,46479.2988355556,414.7292468951491,410.5550828389824,471.1608667625114,489.0535519178957,12.067943456290356,12.037303574456304,12.449486976872912,12.452146983011534,12.067992235581835,3491.690142211155,3463.2047798950225,3586.0185492318124,3588.00358844921,2295.2734375,256.0,a2
qwen,169,cap128_chunk-1_pollpm_mem0.8,128,-1,lpm,0.8,0,R_long_prefill,0,4,4,0,0.3628281950950622,11.0245015521795,44098.006208718,352.784049669744,44450.790258387744,147.40477071609348,158.5202559363097,159.60534289479256,159.73410457372665,6.511167679432659,6.154431968987469,7.426133939635849,7.605375257290659,6.51116767943266,349.2509687785059,349.3076469749212,349.90457887761295,349.95533912442625,4000.0,32.0,a2
qwen,169,cap128_chunk-1_pollpm_mem0.8,128,-1,lpm,0.8,0,R_long_prefill,1,4,4,0,0.348392566666007,11.481301217986877,45925.2048719475,367.40163897558,46292.60651092308,138.09464441146702,148.53739109821618,148.8727452699095,148.89799413271248,6.449685326867527,6.10976520505163,7.282016286626458,7.446562300225899,6.449685326867527,338.03488954436034,338.023011572659,338.4861554950476,338.5117527097464,4000.0,32.0,a2
qwen,169,cap128_chunk-1_pollpm_mem0.8,128,-1,lpm,0.8,0,R_long_prefill,2,4,4,0,0.3215936399064958,12.438056925388857,49752.22770155542,398.01782161244336,50150.24552316787,124.24511660356076,124.65334264561534,125.005005300045,125.04190512001514,6.091855947048433,6.07006169194656,6.152075604205169,6.163525889597592,6.091855947048434,313.0926509620622,312.97900434583426,313.69282479863614,313.76311962958425,4000.0,32.0,a2
qwen,169,cap128_chunk-1_pollpm_mem0.8,128,-1,lpm,0.8,0,R_long_prefill,3,4,4,0,0.3617820790968835,11.056379602840469,44225.518411361874,353.804147290895,44579.32255865277,151.571559952572,163.6373174842447,163.95271986257285,163.97330732550472,6.507044932204148,6.1139289680267535,7.467586715375223,7.657733437034391,6.507044932204148,353.2899528509006,353.23704266920686,353.84440002962947,353.88609943911433,4000.0,32.0,a2
qwen,169,cap128_chunk-1_pollpm_mem0.8,128,-1,lpm,0.8,0,R_long_prefill,4,4,4,0,0.3444671891629696,11.612136440976313,46448.545763905255,371.588366111242,46820.13413001649,135.21067379042506,145.19021869637072,146.1989096365869,146.31842596456409,6.462252379635409,6.141589578962134,7.284525061597026,7.445665425020119,6.462252379635409,335.54049755912274,335.57949564419687,336.11998707056046,336.1667323857546,4000.0,32.0,a2
qwen,169,cap128_chunk-1_pollpm_mem0.8,128,-1,lpm,0.8,0,tool_agent,0,200,200,0,41.418330224230886,4.828779888451282,13037.440115924595,1001.0785025742776,14038.518618498876,296.29905997309834,270.0974710751325,669.5751296821982,682.3168846406043,21.89400262504501,11.421250967529192,92.15320800431071,247.87515116855505,10.726020158904904,2277.7167639276013,707.9354401212186,6725.937822926789,9577.313330559986,2699.945,207.315,a2
qwen,169,cap128_chunk-1_pollpm_mem0.8,128,-1,lpm,0.8,0,tool_agent,1,200,200,0,41.22730280691758,4.851154123195316,13097.849319150577,1005.7170170502368,14103.566336200813,200.00234017614275,154.0479043032974,695.513780741021,696.7807906121016,11.335610664031089,10.053142151111258,25.43946348495124,44.04300193302333,9.498133312263947,1954.5450162841007,522.2173794172704,5710.135130514391,8049.590129433194,2699.945,207.315,a2
qwen,169,cap128_chunk-1_pollpm_mem0.8,128,-1,lpm,0.8,0,tool_agent,2,200,200,0,41.219523241743445,4.852069705586937,13100.32134125092,1005.9068310137555,14106.228172264677,153.1714191264473,158.78841653466225,211.3677904708311,241.42152620479465,10.759304388158291,9.749663034730618,13.345895804464815,33.55271674692631,9.32152569063282,1874.810606557876,446.17277733050287,5601.943240803666,7892.097965530117,2699.945,207.315,a2
qwen,169,cap128_chunk-1_pollpm_mem0.8,128,-1,lpm,0.8,0,tool_agent,3,200,200,0,41.1971642379649,4.85470307724947,13107.43129990432,1006.452768459974,14113.884068364294,148.82848899578676,149.89048521965742,221.1888546822593,263.4391329810024,11.369803225872264,9.663532953709364,33.64720647223294,47.2696116194129,9.32753325055018,1871.9037063699216,458.1373112741858,5597.198278061113,7891.764079546552,2699.945,207.315,a2
qwen,169,cap128_chunk-1_pollpm_mem0.8,128,-1,lpm,0.8,0,tool_agent,4,200,200,0,41.227228213101625,4.851162900552259,13097.873017531569,1005.7188367279916,14103.59185425956,151.02532567922026,160.66919011063874,224.9113146448508,231.4064312633127,11.231003148033952,9.882638793593893,33.41715298593044,35.17532712779939,9.442370399690256,1895.361621466,454.3168544769287,5659.766649501397,8044.460909646,2699.945,207.315,a2
qwen,169,cap128_chunk-1_pollpm_mem0.8,128,-1,lpm,0.8,0,R_medium_balanced,0,16,16,0,3.4345684750005603,4.6585182728078784,3726.814618246303,1192.5806778388169,4919.39529608512,102.11811226326972,102.00579324737193,108.12717070803046,108.19864934310316,6.31236673239162,6.312777883574075,6.670948480913307,6.675724043401287,6.31236673239162,1711.7716290231328,1711.635511368513,1808.7280350737276,1809.04274424538,800.0,256.0,a2
qwen,169,cap128_chunk-1_pollpm_mem0.8,128,-1,lpm,0.8,0,R_medium_balanced,1,16,16,0,3.426576705183834,4.669383287347601,3735.50662987808,1195.3621215609858,4930.868751439066,98.1401464669034,98.2272382825613,101.34961386211216,101.47475176490843,6.312810636111809,6.314344750717282,6.673008058786246,6.677521825402829,6.312810636111809,1707.9068586754147,1707.9345313832164,1797.4036789964885,1797.886080434546,800.0,256.0,a2
qwen,169,cap128_chunk-1_pollpm_mem0.8,128,-1,lpm,0.8,0,R_medium_balanced,2,16,16,0,3.428620975930244,4.666599228180631,3733.2793825445056,1194.6494024142416,4927.928784958747,98.43032562639564,98.29780785366891,101.10273049212992,101.168715627864,6.313906194911539,6.3168825563408575,6.67368977686719,6.677759302615681,6.31390619491154,1708.4764053288382,1708.4841411560774,1798.3943129656836,1798.4147578245029,800.0,256.0,a2
qwen,169,cap128_chunk-1_pollpm_mem0.8,128,-1,lpm,0.8,0,R_medium_balanced,3,16,16,0,3.437378339935094,4.654710194136534,3723.768155309228,1191.6058096989527,4915.373965008181,101.93317287485117,101.95482498966156,104.1425847215578,104.18302656617016,6.3122561886249215,6.315129085936968,6.670335702616356,6.67486350042928,6.3122561886249215,1711.5585009742065,1711.6133968811482,1804.602730437182,1805.0706795183944,800.0,256.0,a2
qwen,169,cap128_chunk-1_pollpm_mem0.8,128,-1,lpm,0.8,0,R_medium_balanced,4,16,16,0,3.4496532706543803,4.638147299066056,3710.5178392528446,1187.3657085609102,4897.883547813755,109.98509573983029,110.1257959380746,110.74805934913456,110.86458065547048,6.311984125333017,6.31479435490773,6.669831703252653,6.676207002909744,6.311984125333016,1719.5410476997497,1719.716873485595,1810.5490388115868,1811.035193386488,800.0,256.0,a2
qwen,169,cap128_chunk-1_pollpm_mem0.8,128,-1,lpm,0.8,0,R_concurrent_decode,0,32,32,0,2.6589796957559884,12.034691370932755,2406.938274186552,3080.880990958786,5487.819265145337,103.57997473329306,103.61111140809952,105.84651499520989,105.99620970897377,9.95655311231602,9.955179251219128,9.960056856438957,9.970096554497584,9.956553112316016,2642.5010183738777,2642.7822108380497,2644.9967252556235,2645.229323357344,200.0,256.0,a2
qwen,169,cap128_chunk-1_pollpm_mem0.8,128,-1,lpm,0.8,0,R_concurrent_decode,1,32,32,0,2.6648068595677614,12.008374972882832,2401.6749945765664,3074.143993058005,5475.818987634571,111.87948554288596,111.91901587881148,113.9424355700612,113.97813643794508,9.96033678843649,9.95995793491602,9.962443798853489,9.975787108252735,9.96033678843649,2651.7653665941907,2651.700778864324,2653.844958450645,2654.2459285771474,200.0,256.0,a2
qwen,169,cap128_chunk-1_pollpm_mem0.8,128,-1,lpm,0.8,0,R_concurrent_decode,2,32,32,0,2.6649538897909224,12.007712449580335,2401.542489916067,3073.974387092566,5475.516877008633,111.08252669509966,111.19112954474986,113.15420775208622,113.48457736894488,9.954254959787551,9.953871514538632,9.95718555059284,9.973239881570873,9.954254959787551,2649.4175414409256,2649.4091446511447,2651.8502299441025,2652.252207249403,200.0,256.0,a2
qwen,169,cap128_chunk-1_pollpm_mem0.8,128,-1,lpm,0.8,0,R_concurrent_decode,3,32,32,0,2.6652895431034267,12.00620025798009,2401.240051596018,3073.587266042903,5474.827317638921,113.80982634727845,113.19167260080576,117.58759336080402,117.8924835147336,9.948139212107945,9.9473454396003,9.95198638981902,9.952169868364638,9.948139212107945,2650.585325434804,2650.301235495135,2654.1329380124807,2654.881325322204,200.0,256.0,a2
qwen,169,cap128_chunk-1_pollpm_mem0.8,128,-1,lpm,0.8,0,R_concurrent_decode,4,32,32,0,2.6552938129752874,12.05139704074542,2410.279408149084,3085.1576424308278,5495.437050579912,100.65491263230795,100.6735002156347,102.89196067024022,103.18070728797466,9.95787036024244,9.956573729640713,9.960884102346265,9.970644325346631,9.95787036024244,2639.9118544941302,2640.15467884019,2642.1745911007747,2642.934172647074,200.0,256.0,a2
qwen,169,cap128_chunk-1_pollpm_mem0.8,128,-1,lpm,0.8,0,R_short_decode,0,8,8,0,9.047948273830116,0.8841783526922723,88.41783526922723,226.3496582892217,314.7674935584489,50.25160528020933,50.59532797895372,52.079415740445256,52.40054891444743,4.232275662669802,4.2314862348504505,4.239866990303876,4.241070266374771,4.232275662669802,1129.481899261009,1129.247427918017,1132.247272040695,1132.797149028629,100.0,256.0,a2
qwen,169,cap128_chunk-1_pollpm_mem0.8,128,-1,lpm,0.8,0,R_short_decode,1,8,8,0,9.041399027686566,0.8848188179177144,88.48188179177144,226.5136173869349,314.9954991787063,49.232191347982734,48.74542588368058,53.05384984239936,53.81147367879748,4.231128450391777,4.22920545508318,4.23691035677478,4.236936417956124,4.231128450391777,1128.169946197886,1127.9881454538554,1131.463717808947,1132.2718713711947,100.0,256.0,a2
qwen,169,cap128_chunk-1_pollpm_mem0.8,128,-1,lpm,0.8,0,R_short_decode,2,8,8,0,9.053085540886968,0.8836766165379906,88.36766165379905,226.2212138337256,314.5888754875246,52.23400727845728,51.25231738202274,59.49583258479833,62.00440187007189,4.227192041792385,4.229391772555662,4.231621520502456,4.231836138055751,4.22719831598074,1129.6411780640483,1129.910496994853,1132.9208574490622,1133.055277899839,100.0,256.0,a2
qwen,169,cap128_chunk-1_pollpm_mem0.8,128,-1,lpm,0.8,0,R_short_decode,3,8,8,0,9.055447567719966,0.883446117949782,88.3446117949782,226.1622061951442,314.5068179901224,51.41346843447536,51.44328763708472,52.41145568434149,52.54421607125551,4.23117184728457,4.230573831820021,4.235183795293172,4.23520281414191,4.23117184728457,1130.3622894920409,1130.2734548226,1131.9891465827825,1132.0627829059958,100.0,256.0,a2
qwen,169,cap128_chunk-1_pollpm_mem0.8,128,-1,lpm,0.8,0,R_short_decode,4,8,8,0,9.039008317049593,0.8850528420147827,88.50528420147828,226.5735275557844,315.07881175726266,49.19958073878661,49.15705602616072,51.96732135955244,52.1107827173546,4.2311285451218925,4.229038967477049,4.236238637446042,4.236316958022322,4.2311285451218925,1128.1373597448692,1128.1257916707546,1131.2044017249718,1131.7923638271168,100.0,256.0,a2
qwen,5,cap8_chunk-1_polfcfs_mem0.8,8,-1,fcfs,0.8,0,R_medium_balanced,0,16,16,0,3.414715873077512,4.685602139301857,3748.4817114414864,1199.5141476612755,4947.995859102762,96.21650353074074,95.90378473512828,98.35037018638104,98.3840595697984,6.295087063164615,6.297187561936239,6.653691672573926,6.65811319223733,6.295087063164615,1701.4637046377177,1701.2523459270597,1794.468937558122,1794.5401258999482,800.0,256.0,a3
qwen,5,cap8_chunk-1_polfcfs_mem0.8,8,-1,fcfs,0.8,0,R_medium_balanced,1,16,16,0,3.419188322965056,4.679473164006685,3743.578531205348,1197.9451299857114,4941.52366119106,96.99429152533412,96.9116126652807,100.80212668981405,100.82486371975392,6.296858423864286,6.299098417637687,6.653927231444886,6.656315040628554,6.296858423864286,1702.6931896107271,1702.6315545663238,1797.208403469995,1797.218350553885,800.0,256.0,a3
qwen,5,cap8_chunk-1_polfcfs_mem0.8,8,-1,fcfs,0.8,0,R_medium_balanced,2,16,16,0,3.4341214699670672,4.659124652382618,3727.299721906095,1192.7359110099503,4920.035632916046,104.2310637421906,103.85273746214808,111.0338584985584,111.10040466301145,6.295993164017358,6.297714641208158,6.654303196781114,6.659462756714693,6.295993164017358,1709.709320566617,1709.374826401472,1807.5578396674248,1808.164071990177,800.0,256.0,a3
qwen,5,cap8_chunk-1_polfcfs_mem0.8,8,-1,fcfs,0.8,0,R_medium_balanced,3,16,16,0,3.421695434022695,4.676044466409361,3740.835573127489,1197.0673834007964,4937.902956528285,100.40250539896078,100.10756272822618,109.00140460580587,109.11765936762094,6.2942958223478245,6.296785630504875,6.651101417967356,6.657043316255451,6.2942958223478245,1705.447940097656,1705.56384883821,1804.476990713738,1804.7757684020328,800.0,256.0,a3
qwen,5,cap8_chunk-1_polfcfs_mem0.8,8,-1,fcfs,0.8,0,R_medium_balanced,4,16,16,0,3.422931008972228,4.67435655526232,3739.485244209856,1196.635278147154,4936.1205223570105,99.50131303048693,99.47457327507436,102.79142821673304,102.91451618541032,6.295327750472899,6.297283447986724,6.652592478648705,6.656459167818813,6.2953277504729,1704.8098894010764,1704.8707818612456,1798.885313095525,1799.0051849279553,800.0,256.0,a3
qwen,5,cap8_chunk-1_polfcfs_mem0.8,8,-1,fcfs,0.8,0,R_short_decode,0,8,8,0,9.081226617097856,0.8809382627824578,88.09382627824579,225.5201952723092,313.614021550555,47.21059929579496,47.60921490378678,49.35120779555291,49.444484687410295,4.260029571870452,4.25967064083499,4.26519489554944,4.26614176076563,4.260029571870452,1133.51814012276,1133.5390417370943,1135.8461652649569,1136.319907619618,100.0,256.0,a3
qwen,5,cap8_chunk-1_polfcfs_mem0.8,8,-1,fcfs,0.8,0,R_short_decode,1,8,8,0,9.088832666631788,0.8802010437897856,88.02010437897856,225.3314672101851,313.35157158916365,48.03089104825631,47.26503184065223,54.19892317149788,54.8018952133134,4.261577417663134,4.260613679812819,4.266906885211082,4.266925659651557,4.261577417663134,1134.7331325523555,1135.323722846806,1139.8099123034626,1140.756118716672,100.0,256.0,a3
qwen,5,cap8_chunk-1_polfcfs_mem0.8,8,-1,fcfs,0.8,0,R_short_decode,2,8,8,0,9.08053694292903,0.8810051707602558,88.10051707602557,225.53732371462547,313.637840790651,47.26362501969561,47.04616544768214,49.62490792386234,50.47613292001188,4.260298726605434,4.259198035716134,4.2657772824168205,4.266159311959557,4.260298726605434,1133.6398003040813,1132.8884246759117,1136.6815192159263,1137.3214743565768,100.0,256.0,a3
qwen,5,cap8_chunk-1_polfcfs_mem0.8,8,-1,fcfs,0.8,0,R_short_decode,3,8,8,0,9.10300602996722,0.8788305724135403,87.88305724135404,224.98062653786636,312.8636837792204,49.333016911987215,48.882212955504656,51.87898634467274,52.405216810293496,4.260038576937993,4.259000395369881,4.264675181943412,4.26505899290536,4.260038576937993,1135.6428540311754,1135.4070054367185,1137.7978812670335,1137.8076542867348,100.0,256.0,a3
qwen,5,cap8_chunk-1_polfcfs_mem0.8,8,-1,fcfs,0.8,0,R_short_decode,4,8,8,0,9.094973641913384,0.8796067272952508,87.96067272952507,225.1793221875842,313.1399949171093,48.9287695963867,48.81729884073138,51.37231575790793,52.14103498030454,4.260566681577806,4.259245786085433,4.26659920453733,4.266769783096571,4.260566681577806,1135.3732733987272,1134.9583310075104,1137.746418104507,1138.1941546173766,100.0,256.0,a3
qwen,5,cap8_chunk-1_polfcfs_mem0.8,8,-1,fcfs,0.8,0,R_long_prefill,0,4,4,0,0.298594394698739,13.396098758102012,53584.39503240804,428.6751602592644,54013.07019266731,102.7436014264822,103.04587217979132,103.33034424111248,103.35616698488592,6.062176686921908,6.047585528464087,6.1007427487282015,6.107974665599965,6.062176686921908,290.6710787210613,290.7007085159421,290.919451485388,290.92253082897514,4000.0,32.0,a3
qwen,5,cap8_chunk-1_polfcfs_mem0.8,8,-1,fcfs,0.8,0,R_long_prefill,1,4,4,0,0.2985056741163134,13.40008028939976,53600.32115759904,428.8025692607923,54029.12372685984,102.26155281998216,102.340008597821,102.72319270297884,102.75688102468848,6.062651984393597,6.0509194229399,6.098653519556167,6.105287961751943,6.062651984393597,290.20376433618367,290.20343720912933,290.82692868541926,290.8983735134825,4000.0,32.0,a3
qwen,5,cap8_chunk-1_polfcfs_mem0.8,8,-1,fcfs,0.8,0,R_long_prefill,2,4,4,0,0.2964478777721524,13.4930971004433,53972.388401773205,431.7791072141856,54404.16750898739,100.52708629518747,100.67234351299705,101.0099020320922,101.0443725530058,6.060587332373665,6.048380201982875,6.098496928931244,6.105312306674257,6.060587332373665,288.4052935987711,288.3157569449395,288.94829854834825,289.0121946344152,4000.0,32.0,a3
qwen,5,cap8_chunk-1_polfcfs_mem0.8,8,-1,fcfs,0.8,0,R_long_prefill,3,4,4,0,0.3628746620379388,11.023089839162694,44092.35935665078,352.7388748532062,44445.09823150398,152.0820582518354,163.6489590164274,164.7865726146847,164.92892784066498,6.503781217390731,6.124549447709033,7.454670807196488,7.641867792924805,6.503781217390731,353.6992759909481,353.50999189540744,354.27892985753715,354.3873672094196,4000.0,32.0,a3
qwen,5,cap8_chunk-1_polfcfs_mem0.8,8,-1,fcfs,0.8,0,R_long_prefill,4,4,4,0,0.2999724177643657,13.334559323191106,53338.23729276443,426.7058983421154,53764.94319110655,103.98739145603032,104.25240243785083,104.63875690475106,104.66940248385072,6.0563767741945,6.038761337197596,6.106426584864816,6.115860361005029,6.0563767741945,291.7350714560598,291.7509754188359,292.3454894218594,292.4150819052011,4000.0,32.0,a3
qwen,5,cap8_chunk-1_polfcfs_mem0.8,8,-1,fcfs,0.8,0,shared_prefix,0,128,128,0,23.9668637230061,5.340707131285232,12258.383215905818,1367.2210256090193,13625.604241514837,8015.806912291737,10289.706553565338,10800.133047485724,10801.20435598772,5.51765091679239,5.370792894039239,6.197988771121292,6.199201963513213,5.517443741843594,9419.737714415533,11700.12816414237,12260.53757602349,12261.91293975804,2295.2734375,256.0,a3
qwen,5,cap8_chunk-1_polfcfs_mem0.8,8,-1,fcfs,0.8,0,shared_prefix,1,128,128,0,23.91500348923728,5.352288577235842,12284.965801164097,1370.1858757723755,13655.151676936472,7990.143015111244,10280.411354498938,10783.352856873536,10784.3617906468,5.531754328813623,5.378248882655388,6.198156508251878,6.199533056266898,5.53155146176919,9397.663570656732,11691.035568481311,12231.472658086568,12232.45562851429,2295.2734375,256.0,a3
qwen,5,cap8_chunk-1_polfcfs_mem0.8,8,-1,fcfs,0.8,0,shared_prefix,2,128,128,0,23.946097938809544,5.3453385318595,12269.013546622356,1368.406664156032,13637.42021077839,8012.245296609763,10291.950915241614,10801.935811410658,10802.8733863635,5.496632855897984,5.3734145622878176,6.196300133003615,6.197759129234827,5.496545538575727,9410.772602081124,11697.22174317576,12257.280170777813,12258.397951954976,2295.2734375,256.0,a3
qwen,5,cap8_chunk-1_polfcfs_mem0.8,8,-1,fcfs,0.8,0,shared_prefix,3,128,128,0,23.9605036592111,5.342124765845361,12261.637074855764,1367.5839400564123,13629.221014912177,8014.852676558803,10295.53975025192,10810.214602574706,10811.360081424937,5.498423765840137,5.373049843016772,6.199124708735184,6.200493935806056,5.498251021448792,9413.89983100089,11702.878264710307,12254.061507317238,12255.227955258451,2295.2734375,256.0,a3
qwen,5,cap8_chunk-1_polfcfs_mem0.8,8,-1,fcfs,0.8,0,shared_prefix,4,128,128,0,23.94340028287843,5.345940780663927,12270.395872305926,1368.5608398499653,13638.95671215589,8006.258913366764,10281.64725843817,10802.831083047204,10803.932441105137,5.51502475869764,5.373073368714609,6.1992302852883645,6.201083205238569,5.514827475199372,9409.523998267105,11692.652567755433,12248.960943124255,12249.956853366455,2295.2734375,256.0,a3
qwen,5,cap8_chunk-1_polfcfs_mem0.8,8,-1,fcfs,0.8,0,tool_agent,0,200,200,0,47.78506649238989,4.185408008835803,11300.37142641618,867.6978613517945,12168.069287767976,5346.554303579032,5833.264343906194,9228.228276479058,9702.178756860085,9.591876168495146,9.480569865554571,11.90307696854777,16.554993054665214,9.61148545337038,7121.8437242438085,7011.857883539051,12432.84684389364,13608.9077002136,2699.945,207.315,a3
qwen,5,cap8_chunk-1_polfcfs_mem0.8,8,-1,fcfs,0.8,0,tool_agent,1,200,200,0,46.29503367934376,4.320117820526338,11664.080508940984,895.6252259624179,12559.705734903402,4429.712002356537,4843.424860620871,8044.199614436365,8506.024464285001,9.339150699069364,9.254667907953262,11.20764125715054,14.563658058643398,9.34351311710255,6155.64574534772,5838.246287079528,10954.364369250829,12241.499478085889,2699.945,207.315,a3
qwen,5,cap8_chunk-1_polfcfs_mem0.8,8,-1,fcfs,0.8,0,tool_agent,2,200,200,0,46.42362182494253,4.308151586150993,11631.77233427044,893.1444460828931,12524.916780353336,4482.827418982051,4909.854394616559,8082.947166310622,8547.727482104674,9.768120167791189,9.221507495665602,11.816618016556552,27.22511063329876,9.350795246983596,6210.059563028626,5906.383066670969,11035.792552842751,12273.53313399012,2699.945,207.315,a3
qwen,5,cap8_chunk-1_polfcfs_mem0.8,8,-1,fcfs,0.8,0,tool_agent,3,200,200,0,46.46887559816241,4.303956087284989,11620.44471808467,892.2746562354874,12512.719374320155,4497.793692711275,4922.252568881959,8087.36356969457,8563.330907896161,10.256163105749035,9.232839027551554,12.12365920015651,35.43769299984005,9.36267140344022,6227.172727640718,5922.820464009419,11049.101426266128,12322.001903662447,2699.945,207.315,a3
qwen,5,cap8_chunk-1_polfcfs_mem0.8,8,-1,fcfs,0.8,0,tool_agent,4,200,200,0,46.613562266808,4.290596776432456,11584.375313544928,889.5050707060947,12473.880384251022,4558.6472185421735,4989.950230577961,8159.808206767774,8630.757981850766,9.297286459834272,9.17978718901564,11.817429258887255,15.80018762052064,9.39485106153858,6293.829235353041,6053.124484140426,11221.80624064058,12377.5941590825,2699.945,207.315,a3
qwen,5,cap8_chunk-1_polfcfs_mem0.8,8,-1,fcfs,0.8,0,R_concurrent_decode,0,32,32,0,6.977939479984343,4.5858809884765295,917.176197695306,1173.9855330499915,2091.161730745297,2661.227538686944,2673.857162706554,5193.289361521602,5193.476767349057,6.563353668224961,6.551260715715733,6.910537143749203,6.910783628914871,6.563353668224962,4334.882724084309,4291.205857647583,6955.315212905407,6955.643150759861,200.0,256.0,a3
qwen,5,cap8_chunk-1_polfcfs_mem0.8,8,-1,fcfs,0.8,0,R_concurrent_decode,1,32,32,0,6.959430654067546,4.598077283994074,919.6154567988146,1177.1077847024828,2096.7232415012973,2655.702275093063,2668.8539281021804,5184.513981686905,5184.561432679184,6.563454913431961,6.549751801489323,6.908044085436154,6.908219036737493,6.563454913431961,4329.383278018213,4286.852600751445,6945.954686100595,6946.073285765015,200.0,256.0,a3
qwen,5,cap8_chunk-1_polfcfs_mem0.8,8,-1,fcfs,0.8,0,R_concurrent_decode,2,32,32,0,6.961267841048539,4.596863779799631,919.3727559599262,1176.7971276287055,2096.169883588632,2656.216789793689,2669.962345156818,5185.402993089519,5185.644923439249,6.56683991603809,6.554497662456889,6.911738478286448,6.911915117966047,6.56683991603809,4330.760968383402,4288.158918498084,6947.813232522458,6948.183278520592,200.0,256.0,a3
qwen,5,cap8_chunk-1_polfcfs_mem0.8,8,-1,fcfs,0.8,0,R_concurrent_decode,3,32,32,0,6.954453793819994,4.601367835449059,920.2735670898118,1177.950165874959,2098.223732964771,2651.461323868716,2664.523469051346,5177.963769203052,5178.20007132832,6.56343871983243,6.546126663063963,6.911915103247499,6.912113635983391,6.56343871983243,4325.138197425986,4282.598768128082,6940.404000552371,6940.789048504084,200.0,256.0,a3
qwen,5,cap8_chunk-1_polfcfs_mem0.8,8,-1,fcfs,0.8,0,R_concurrent_decode,4,32,32,0,6.966970996931195,4.593100791448009,918.620158289602,1175.8338026106903,2094.4539609002923,2657.3791793343844,2672.23722441122,5187.116751098074,5187.3072561156005,6.566043290727333,6.554693572551889,6.91182687139029,6.912079807626558,6.566043290727333,4331.720218469854,4290.067757247016,6949.580120993778,6949.778315690346,200.0,256.0,a3
lfm25,41,cap16_chunk8192_pollpm_mem0.8,16,8192,lpm,0.8,0,shared_prefix,0,128,128,0,10.51281889434904,12.175611630559327,28599.94098838868,3116.956577423188,31716.897565811865,3085.370489745401,1535.0992204621434,8785.360506083805,9289.157757507635,4.571855915274739,4.634616292063512,4.746548863693926,4.74759835517947,4.571942273667569,4250.96574143754,2677.719895495102,9989.697395870451,10491.351839322597,2348.953125,256.0,a3
lfm25,41,cap16_chunk8192_pollpm_mem0.8,16,8192,lpm,0.8,0,shared_prefix,1,128,128,0,10.325148283038288,12.396916392016657,29119.775499391253,3173.610596356264,32293.386095747515,3039.9176294886274,1557.613437063992,8648.071314464312,9137.7283707913,4.535063519132514,4.564189802543519,4.727511601248646,4.728568797602374,4.5351334250424005,4195.490884627361,2708.406977588311,9828.7871132139,10305.047572143376,2348.953125,256.0,a3
lfm25,41,cap16_chunk8192_pollpm_mem0.8,16,8192,lpm,0.8,0,shared_prefix,2,128,128,0,10.310068991966546,12.415047862408652,29162.365473429378,3178.252252776615,32340.61772620599,3031.079416832654,1542.7384071517736,8644.215239002358,9122.526178956032,4.539196887436927,4.571375178928941,4.728285221236886,4.7291769567402255,4.539201276491724,4187.937417158537,2684.236745350063,9825.277528446157,10289.882989283651,2348.953125,256.0,a3
lfm25,41,cap16_chunk8192_pollpm_mem0.8,16,8192,lpm,0.8,0,shared_prefix,3,128,128,0,10.298309260047972,12.429224717165248,29195.666240712548,3181.8815275943034,32377.54776830685,3075.037365262688,1773.108595982194,8629.294099844981,9110.726635674946,4.333909221614899,4.571711729445002,4.723993840298671,4.724675291729178,4.3346395779421165,4179.760898947279,2674.05654466711,9810.313000762824,10279.11635644734,2348.953125,256.0,a3
lfm25,41,cap16_chunk8192_pollpm_mem0.8,16,8192,lpm,0.8,0,shared_prefix,4,128,128,0,10.301167592406271,12.425775898875576,29187.565128213468,3180.998630112147,32368.56375832561,3028.624862712604,1522.3406108561903,8635.102093871672,9111.961501291951,4.5241367596078,4.539486427115751,4.722158808681164,4.724200605871339,4.524174303387484,4181.653098064999,2664.655336178839,9816.264859191131,10280.379784842951,2348.953125,256.0,a3
lfm25,41,cap16_chunk8192_pollpm_mem0.8,16,8192,lpm,0.8,0,tool_agent,0,200,200,0,38.12315907794982,5.246154957700729,13989.134502456878,1087.6066150557265,15076.741117512604,261.0565653303638,237.9509301390499,488.5310284327716,584.4197651557618,13.776185381417154,3.96136613349097,67.71969925612211,133.19105304777622,3.4235853560591334,893.4954881551675,502.4212410207838,2125.8124583633617,2550.934005836017,2666.55,207.315,a3
lfm25,41,cap16_chunk8192_pollpm_mem0.8,16,8192,lpm,0.8,0,tool_agent,1,200,200,0,37.89779121987522,5.277352414541549,14072.324080995768,1094.0743158206812,15166.39839681645,217.54244762239975,205.48642007634044,406.0851928777993,540.4871796118092,6.428501086909316,3.3002164545318773,20.619013812392936,72.5712610129267,3.1928890581096114,807.3808077722788,383.3206763956696,2042.6038293866436,2499.485853696236,2666.55,207.315,a3
lfm25,41,cap16_chunk8192_pollpm_mem0.8,16,8192,lpm,0.8,0,tool_agent,2,200,200,0,37.88079614890739,5.279720078052495,14078.63757413088,1094.565167981453,15173.202742112337,205.2840079786256,189.70430549234152,383.60631817486126,505.5285246158015,5.326417388442301,3.343040965526095,15.064688275257746,44.3318703584373,3.14239881965807,785.7950539281592,354.6112524345517,1989.131386717781,2412.176459124305,2666.55,207.315,a3
lfm25,41,cap16_chunk8192_pollpm_mem0.8,16,8192,lpm,0.8,0,tool_agent,3,200,200,0,37.87443981785327,5.280606154489549,14081.000341254105,1094.748864918001,15175.749206172106,188.07117317337543,195.3692079987377,312.1764547424391,424.9381491728123,5.640467454757168,3.3888893244280056,19.31453612633049,31.97535520419479,3.124344683154648,765.2469882159494,337.8829574212432,1964.479454047978,2423.2576836692124,2666.55,207.315,a3
lfm25,41,cap16_chunk8192_pollpm_mem0.8,16,8192,lpm,0.8,0,tool_agent,4,200,200,0,37.872157448902726,5.280924390690993,14081.84893399707,1094.814840056103,15176.663774053171,190.1747695519589,196.4001243468374,288.1644955603393,492.31007041875233,5.632950009073064,3.4076434568012672,19.74376542493701,32.69328428432351,3.1527460568179118,772.5815486279316,333.3402231801301,1993.0087644373991,2415.8375632716275,2666.55,207.315,a3
lfm25,41,cap16_chunk8192_pollpm_mem0.8,16,8192,lpm,0.8,0,R_concurrent_decode,0,32,32,0,2.426929439883679,13.185385398569204,2637.0770797138407,3375.4586620337163,6012.535741747557,683.1901886762353,683.6744844913483,1278.6066174972802,1279.2435745103285,4.45116981841149,4.449902254832434,4.453791624902949,4.480583398055066,4.45116981841149,1818.2384923711647,1818.5999901033936,2412.804330768995,2413.232504287734,200.0,256.0,a3
lfm25,41,cap16_chunk8192_pollpm_mem0.8,16,8192,lpm,0.8,0,R_concurrent_decode,1,32,32,0,2.43126729177311,13.161860116442634,2632.372023288526,3369.4361898093143,6001.808213097841,682.1707210474415,682.7411619015038,1277.905817097053,1278.675924357958,4.457185678378058,4.455802743049229,4.458363944317634,4.483177423184993,4.457185678378059,1818.7530690338465,1819.3312981165943,2414.167879987508,2414.9242663756013,200.0,256.0,a3
lfm25,41,cap16_chunk8192_pollpm_mem0.8,16,8192,lpm,0.8,0,R_concurrent_decode,2,32,32,0,2.42555697215721,13.192846165777858,2638.5692331555715,3377.368618439132,6015.937851594703,681.4464828930795,681.84739141725,1277.020204323344,1277.6165780052545,4.461297047225597,4.466249306840221,4.470081497295429,4.48429657893873,4.461282914244133,1816.8429845682117,1817.0593867544085,2412.240895186551,2412.741656238213,200.0,256.0,a3
lfm25,41,cap16_chunk8192_pollpm_mem0.8,16,8192,lpm,0.8,0,R_concurrent_decode,3,32,32,0,2.423217384610325,13.205583701746958,2641.116740349392,3380.6294276472213,6021.746167996613,677.4294837814523,677.9768252745271,1270.1532390667126,1270.4424055945128,4.446208788602449,4.4616095785635945,4.465001960942412,4.466448119403247,4.446208788602449,1811.212724875077,1811.7230266798288,2408.485013106838,2408.6301431339234,200.0,256.0,a3
lfm25,41,cap16_chunk8192_pollpm_mem0.8,16,8192,lpm,0.8,0,R_concurrent_decode,4,32,32,0,2.427874727640301,13.180251697377082,2636.0503394754164,3374.144434528533,6010.1947740039495,679.4545367156388,679.9515630118549,1275.37339059636,1275.983782140538,4.453972312245135,4.451464071833328,4.459509744728897,4.485907593358528,4.453972312245135,1815.217476338148,1815.1653734967117,2409.7225253935903,2410.08447652217,200.0,256.0,a3
lfm25,41,cap16_chunk8192_pollpm_mem0.8,16,8192,lpm,0.8,0,R_short_decode,0,8,8,0,4.808302334975451,1.6637888890239354,166.37888890239353,425.92995559012746,592.308844492521,28.76960317371413,28.911580331623554,30.78301481436938,30.99291184451431,2.236810444504936,2.23579074566563,2.2414789590974515,2.2427143465432224,2.236807397546181,598.8758886232972,598.9914136007428,600.583813409321,600.7353844633326,100.0,256.0,a3
lfm25,41,cap16_chunk8192_pollpm_mem0.8,16,8192,lpm,0.8,0,R_short_decode,1,8,8,0,4.805864564143121,1.6646328445642309,166.46328445642305,426.1460082084431,592.6092926648661,28.59323867596686,28.779158601537347,29.98473437037319,30.429490539245307,2.2374445630792987,2.2366063952372937,2.241490072823738,2.2423532302858025,2.2374410467849306,598.581345344428,598.5954895149916,599.4213275844231,599.4433502899483,100.0,256.0,a3
lfm25,41,cap16_chunk8192_pollpm_mem0.8,16,8192,lpm,0.8,0,R_short_decode,2,8,8,0,4.809206654783338,1.6634760313414754,166.34760313414753,425.8498640234177,592.1974671575653,29.040271940175444,29.09323340281844,29.785245493985716,29.919985649175945,2.2363103793131858,2.236243226912384,2.240816800532221,2.2418894141633365,2.236307511638709,599.0191489690915,599.030030425638,600.2158274175599,600.6247701728716,100.0,256.0,a3
lfm25,41,cap16_chunk8192_pollpm_mem0.8,16,8192,lpm,0.8,0,R_short_decode,3,8,8,0,4.803338996134698,1.6655080989365296,166.55080989365297,426.3700733277516,592.9208832214046,28.200328932143748,28.09135988354683,29.410871560685337,29.66170848812908,2.236741781111622,2.2365992057922424,2.2406351277776526,2.242165910131911,2.2367389332329517,598.2891645398922,598.1791992671788,599.2471453966573,599.3148399377242,100.0,256.0,a3
lfm25,41,cap16_chunk8192_pollpm_mem0.8,16,8192,lpm,0.8,0,R_short_decode,4,8,8,0,4.806873476598412,1.664283455544831,166.4283455544831,426.0565646194767,592.4849101739599,28.529328817967325,28.015910647809505,30.02562432084233,30.161848780699074,2.236638363294466,2.236336376518011,2.240221181312702,2.24149576722408,2.236635824770481,598.5918846563436,598.4424685593694,599.7902599396184,599.86499580089,100.0,256.0,a3
lfm25,41,cap16_chunk8192_pollpm_mem0.8,16,8192,lpm,0.8,0,R_medium_balanced,0,16,16,0,2.2833822281099856,7.007149220585646,5605.719376468516,1793.830200469925,7399.5495769384415,98.40953137609176,97.95733983628452,101.09363030642272,101.24574955552816,4.063631265821374,4.068835597375737,4.148413174256097,4.162698288575983,4.063631265821374,1134.635504160542,1134.8908683285115,1154.547582147643,1155.0624271389097,800.0,256.0,a3
lfm25,41,cap16_chunk8192_pollpm_mem0.8,16,8192,lpm,0.8,0,R_medium_balanced,1,16,16,0,2.285682854242623,7.000096260205668,5600.077008164534,1792.024642612651,7392.101650777185,95.10563797084616,94.05465400777756,99.1580937989056,99.2682253010571,4.080894134719582,4.08770803672572,4.180050259638651,4.1804964749106,4.080894134719583,1135.7336423243396,1135.667702415958,1160.5288186110556,1160.995387751609,800.0,256.0,a3
lfm25,41,cap16_chunk8192_pollpm_mem0.8,16,8192,lpm,0.8,0,R_medium_balanced,2,16,16,0,2.330837066285312,6.86448668224563,5491.589345796504,1757.3085906548813,7248.897936451385,96.81108797667548,96.18301247246563,102.5504139252007,102.77458848431706,4.152452992047092,4.150691085184614,4.170666854627722,4.170852830980484,4.152452992047092,1155.686600948684,1155.8686424978075,1162.4255127971992,1162.5667811138555,800.0,256.0,a3
lfm25,41,cap16_chunk8192_pollpm_mem0.8,16,8192,lpm,0.8,0,R_medium_balanced,3,16,16,0,2.2701721978373826,7.047923507847538,5638.338806278031,1804.2684180089695,7442.607224287,91.59553225617856,92.1570216305554,93.42356154229492,93.50762281101196,4.06455006804226,4.072020294181272,4.161464127109332,4.161734613863861,4.06455006804226,1128.055799606955,1128.519904334098,1148.8669066457078,1149.118348932825,800.0,256.0,a3
lfm25,41,cap16_chunk8192_pollpm_mem0.8,16,8192,lpm,0.8,0,R_medium_balanced,4,16,16,0,2.269678029231727,7.049458026174712,5639.566420939769,1804.6612547007264,7444.227675640495,91.19593619834632,91.34816308505832,93.32264121621849,93.42905562371016,4.064686596393585,4.0696330624176005,4.148040736532386,4.161119711420992,4.064686596393585,1127.6910182787103,1127.77583533898,1147.9761223308742,1148.3752797357738,800.0,256.0,a3
lfm25,41,cap16_chunk8192_pollpm_mem0.8,16,8192,lpm,0.8,0,R_long_prefill,0,4,4,0,0.3146032770164311,12.714425729872763,50857.70291949105,406.8616233559284,51264.56454284698,192.8908199770376,199.75945446640253,200.7142270449549,200.8290831465274,3.469921817492333,3.242628235790518,4.050992463054435,4.164577174120612,3.469921817492333,300.45839631929994,300.2809297759086,301.039059064351,301.1428099824116,4000.0,32.0,a3
lfm25,41,cap16_chunk8192_pollpm_mem0.8,16,8192,lpm,0.8,0,R_long_prefill,1,4,4,0,0.2791761117987335,14.32787344958698,57311.493798347925,458.4919503867834,57769.9857487347,167.5182880135253,168.19408908486366,168.57564595993608,168.61584439408034,3.207748654418655,3.1770569677915304,3.2895842041339605,3.305233981640589,3.207748654418655,266.9584963005036,266.8503485620022,267.55563812330365,267.6252228952944,4000.0,32.0,a3
lfm25,41,cap16_chunk8192_pollpm_mem0.8,16,8192,lpm,0.8,0,R_long_prefill,2,4,4,0,0.278034005779773,14.386729381471223,57546.91752588489,460.3753402070792,58007.29286609197,166.44737019669265,167.04076156020164,167.48289978131652,167.5281406007707,3.220146548213257,3.1936058564291847,3.2876687988098108,3.300654373071607,3.220146548213257,266.2719131913036,266.3527289405465,266.57252055592835,266.5860486123711,4000.0,32.0,a3
lfm25,41,cap16_chunk8192_pollpm_mem0.8,16,8192,lpm,0.8,0,R_long_prefill,3,4,4,0,0.2801100555807352,14.280101411236531,57120.40564494613,456.963245159569,57577.368890105696,166.66400129906833,167.13726450689137,167.74443285539746,167.81417230144143,3.2565918330463672,3.221528950117288,3.3510191944397745,3.3690454217515167,3.2565918330463672,267.6183481235057,267.2952429857105,268.9069432206452,269.08537292853,4000.0,32.0,a3
lfm25,41,cap16_chunk8192_pollpm_mem0.8,16,8192,lpm,0.8,0,R_long_prefill,4,4,4,0,0.2807162143290043,14.249265969766643,56997.06387906657,455.9765110325326,57453.0403900991,167.94350312557071,168.58275374397635,169.05169221572578,169.1005655284971,3.246552772789953,3.217742387806216,3.3281842839994256,3.343545084128216,3.246552772789953,268.58663908205926,268.6591590754688,269.1967764403671,269.25108726136386,4000.0,32.0,a3
lfm25,65,cap24_chunk8192_pollpm_mem0.8,24,8192,lpm,0.8,0,R_concurrent_decode,0,32,32,0,2.3718621409498155,13.491509243950222,2698.3018487900445,3453.826366451257,6152.128215241301,432.8109045163728,118.43064799904823,1380.4870280437171,1381.6151791997254,4.568462128757828,4.812900486456996,4.81511036445405,4.858186511852432,4.568462128757828,1597.768747349619,1345.7287112250924,2355.95911743585,2357.378586176783,200.0,256.0,a3
lfm25,65,cap24_chunk8192_pollpm_mem0.8,24,8192,lpm,0.8,0,R_concurrent_decode,1,32,32,0,2.352775420062244,13.60095813953778,2720.1916279075563,3481.845283721672,6202.036911629229,420.8860142971389,107.58544551208615,1364.8916930425912,1365.8478149957955,4.566338973966719,4.809933391344898,4.813995018473589,4.8515256975467,4.56633897396672,1585.3024526586523,1334.3376226257533,2340.48880552873,2341.496439822949,200.0,256.0,a3
lfm25,65,cap24_chunk8192_pollpm_mem0.8,24,8192,lpm,0.8,0,R_concurrent_decode,2,32,32,0,2.370498968753964,13.499267631751207,2699.8535263502417,3455.812513728309,6155.66604007855,451.9781198323472,135.7920344453305,1408.281472674571,1408.5132634500042,4.580198030681441,4.859966921674854,4.865276174546749,4.984558386728168,4.580198030681441,1619.9286176561145,1374.9267139937729,2357.569386693649,2357.904346175492,200.0,256.0,a3
lfm25,65,cap24_chunk8192_pollpm_mem0.8,24,8192,lpm,0.8,0,R_concurrent_decode,3,32,32,0,2.379847170785069,13.446241587624202,2689.248317524841,3442.237846431796,6131.486163956636,428.9364842843497,114.23358437605202,1376.8850698368624,1377.4721688451243,4.58288406884736,4.813209080192096,4.818499034234121,4.858786847935442,4.58288406884736,1597.5719218404265,1342.000939650461,2366.631106217392,2367.1312774857506,200.0,256.0,a3
lfm25,65,cap24_chunk8192_pollpm_mem0.8,24,8192,lpm,0.8,0,R_concurrent_decode,4,32,32,0,2.354570229072124,13.59059059054288,2718.1181181085763,3479.191191178977,6197.309309287553,423.8791058160132,109.97945093549788,1368.928643851541,1369.878174168989,4.561839566860512,4.808963047267467,4.813064394664822,4.849309990072952,4.561839566860512,1587.1481953654438,1336.45299798809,2340.8647211268544,2341.7266043974087,200.0,256.0,a3
lfm25,65,cap24_chunk8192_pollpm_mem0.8,24,8192,lpm,0.8,0,R_medium_balanced,0,16,16,0,2.235690162051469,7.156626741747793,5725.301393398234,1832.096445887435,7557.397839285669,91.42387847532518,91.65894566103816,93.27652386855334,93.46400664653628,4.002416613237823,4.010069084481573,4.139673782914292,4.153699540332251,4.002416613237823,1112.04011485097,1112.2221890836954,1145.7964734872803,1146.103705721907,800.0,256.0,a3
lfm25,65,cap24_chunk8192_pollpm_mem0.8,24,8192,lpm,0.8,0,R_medium_balanced,1,16,16,0,2.250701075885445,7.108896055290445,5687.116844232356,1819.8773901543536,7506.99423438671,95.27386000263505,93.40862254612148,101.87539015896618,101.98536911047997,4.013872746944282,4.022811502035634,4.157981261446634,4.17220955084571,4.013872746944282,1118.8114104734268,1118.7846404500306,1149.7922147391364,1149.9306957935914,800.0,256.0,a3
lfm25,65,cap24_chunk8192_pollpm_mem0.8,24,8192,lpm,0.8,0,R_medium_balanced,2,16,16,0,2.237706515006721,7.1501780473441325,5720.142437875306,1830.445580120098,7550.588017995404,91.39207331463696,90.25913849473,94.72909930627792,94.8010761057958,4.007189305996815,4.015381328359831,4.1441308471429,4.157572779256632,4.007189305996814,1113.2253463438246,1113.404576200992,1145.6715039676055,1145.9334504557771,800.0,256.0,a3
lfm25,65,cap24_chunk8192_pollpm_mem0.8,24,8192,lpm,0.8,0,R_medium_balanced,3,16,16,0,2.2413357961922884,7.138600127290935,5710.880101832749,1827.4816325864797,7538.361734419228,92.9158300277777,91.276298975572,97.45458082761616,97.5770256249234,4.005176835697984,4.013939495837572,4.139597871906909,4.151782790271967,4.005176835697984,1114.2359231307637,1114.40987046808,1145.2174262376502,1145.675726630725,800.0,256.0,a3
lfm25,65,cap24_chunk8192_pollpm_mem0.8,24,8192,lpm,0.8,0,R_medium_balanced,4,16,16,0,2.2789004668593407,7.020929712674265,5616.743770139412,1797.358006444612,7414.101776584024,109.80015818495303,93.96792482584716,132.15314236003906,132.44421819690615,4.015012012050469,4.0131439966167886,4.176476318845708,4.266649066543608,4.0150120120504695,1133.6282212578226,1133.8590614032,1187.44894687552,1187.7068482572213,800.0,256.0,a3
lfm25,65,cap24_chunk8192_pollpm_mem0.8,24,8192,lpm,0.8,0,R_short_decode,0,8,8,0,4.7534416280686855,1.6829911095911332,168.29911095911334,430.8457240553301,599.1448350144434,23.761805437970903,23.67552649229765,24.88178452476859,24.889270719140768,2.2308299700974423,2.230496500052657,2.233427355882089,2.2340200754678827,2.2308283328805385,592.3441767808981,592.3379685264081,593.216253281571,593.3296180935577,100.0,256.0,a3
lfm25,65,cap24_chunk8192_pollpm_mem0.8,24,8192,lpm,0.8,0,R_short_decode,1,8,8,0,4.761663407087326,1.6800851542955952,168.00851542955954,430.1017994996724,598.1103149292319,24.579959514085203,24.348212173208594,26.02099550422281,26.45999177824706,2.230810725649903,2.229967350870663,2.2347230950590573,2.2353560712634373,2.2308084188379045,593.1572552653961,592.9635229986161,594.7228376986459,594.8938817763701,100.0,256.0,a3
lfm25,65,cap24_chunk8192_pollpm_mem0.8,24,8192,lpm,0.8,0,R_short_decode,2,8,8,0,4.751543048303574,1.6836635843710204,168.36635843710204,431.0178775989812,599.3842360360833,23.980020836461332,24.19369015842676,25.04604635760188,25.088883098214865,2.230944898441349,2.2308941035732337,2.233797290605565,2.234758560336241,2.230942910221963,592.5915950792842,592.5455749966204,593.6436257557943,593.6779948929325,100.0,256.0,a3
lfm25,65,cap24_chunk8192_pollpm_mem0.8,24,8192,lpm,0.8,0,R_short_decode,3,8,8,0,4.750309427268803,1.6841008196385243,168.41008196385243,431.1298098274622,599.5398917913146,23.866256757173687,24.05870705842972,25.140566704794765,25.21044610999525,2.2308192963869224,2.2307612330597992,2.234416105785195,2.2351453845999285,2.230817085299175,592.4457613728009,592.9092769511044,593.692494975403,593.7605411652476,100.0,256.0,a3
lfm25,65,cap24_chunk8192_pollpm_mem0.8,24,8192,lpm,0.8,0,R_short_decode,4,8,8,0,4.762017744593322,1.6799601406531932,167.99601406531934,430.0697960072175,598.0658100725368,24.68274626880884,24.887503357604142,26.2510352069512,26.362327937968075,2.230402207128866,2.230008165625965,2.234915885031833,2.2359667737151976,2.23039934921383,593.1557803996839,593.6268805526197,594.6092479629442,594.8718023439869,100.0,256.0,a3
lfm25,65,cap24_chunk8192_pollpm_mem0.8,24,8192,lpm,0.8,0,tool_agent,0,200,200,0,37.93622866412625,5.272005337450072,14058.06583257749,1092.9657865334618,15151.031619110952,274.5105673186481,260.86804550141096,538.4399541886523,573.2279538316652,15.587729950510214,3.8646502469323183,70.91415231116115,164.22228961251676,3.39176230172055,901.0708173154852,509.7874789498746,2104.284893814473,2571.972840302617,2666.55,207.315,a3
lfm25,65,cap24_chunk8192_pollpm_mem0.8,24,8192,lpm,0.8,0,tool_agent,1,200,200,0,37.92943446384743,5.272949697961637,14060.584017099603,1093.161566632917,15153.74558373252,236.47489700699225,218.9721369650215,474.8241578228772,483.4552981471643,6.454211995900052,3.2082771067507565,19.647695205133864,78.81780249997973,3.063131236131789,802.3271302576177,387.6775654498488,1982.1674698265267,2459.7565861139387,2666.55,207.315,a3
lfm25,65,cap24_chunk8192_pollpm_mem0.8,24,8192,lpm,0.8,0,tool_agent,2,200,200,0,38.091739097144455,5.250482249968813,14000.673443654336,1088.5037276522844,15089.17717130662,201.05510849272832,214.6272372920066,320.2037016162649,327.7872700430453,5.509908920543251,3.189537337289728,26.16974958218632,41.97416611947119,3.04365541434081,763.1878269673325,327.136795502156,1984.6885358449067,2442.385237165724,2666.55,207.315,a3
lfm25,65,cap24_chunk8192_pollpm_mem0.8,24,8192,lpm,0.8,0,tool_agent,3,200,200,0,37.97251612879336,5.266967280273175,14044.631601212432,1091.9213217098331,15136.552922922268,191.9242131407373,186.85364606790245,286.1575103132054,317.9673771187663,5.337243653449536,3.195404714816028,17.69516446182255,39.07791159115733,3.0068929809753286,747.3875535163097,310.3784753475338,1910.206812038086,2420.8334688888835,2666.55,207.315,a3
lfm25,65,cap24_chunk8192_pollpm_mem0.8,24,8192,lpm,0.8,0,tool_agent,4,200,200,0,37.92741912370548,5.273229885420692,14061.331150968546,1093.2196536959907,15154.550804664535,191.67860236018896,187.49782093800604,282.90339240338653,291.960788895376,5.168832045964613,3.2685777557122964,16.635393205544162,38.33726318553092,3.015527229661134,748.7369474954903,311.6025731433183,1910.2002102183176,2460.4740736074723,2666.55,207.315,a3
lfm25,65,cap24_chunk8192_pollpm_mem0.8,24,8192,lpm,0.8,0,R_long_prefill,0,4,4,0,0.3050908599980175,13.110848355227658,52443.39342091063,419.54714736728505,52862.94056827792,186.81392387952656,193.6936930287629,195.1559228822589,195.34241754561663,3.511263958869442,3.289324306552449,4.0998007396175975,4.2141156766804,3.511263958869442,295.66310660447925,295.66274653188884,295.9695044439286,295.99613687954843,4000.0,32.0,a3
lfm25,65,cap24_chunk8192_pollpm_mem0.8,24,8192,lpm,0.8,0,R_long_prefill,1,4,4,0,0.2847188706509769,14.048945863175351,56195.783452701406,449.5662676216113,56645.34972032302,167.40092844702303,168.2271712925285,168.66068271920085,168.69957430288196,3.2358623688079176,3.204382723197341,3.3312621053248166,3.3490716144742985,3.2358623688079176,267.7126618800685,267.88311335258186,268.3495827484876,268.3893707487732,4000.0,32.0,a3
lfm25,65,cap24_chunk8192_pollpm_mem0.8,24,8192,lpm,0.8,0,R_long_prefill,2,4,4,0,0.2724933247081935,14.679258672789516,58717.03469115807,469.73627752926456,59186.770968687335,162.97327249776572,163.56476466171443,163.9839107869193,164.01868601795286,3.2236006246098587,3.196318648875721,3.290575557959176,3.303806163190353,3.2236006246098587,262.90489186067134,262.9683611448854,263.2326798513532,263.2519032433629,4000.0,32.0,a3
lfm25,65,cap24_chunk8192_pollpm_mem0.8,24,8192,lpm,0.8,0,R_long_prefill,3,4,4,0,0.2729139430448413,14.656634818188008,58626.53927275204,469.0123141820162,59095.55158693405,163.87581103481352,164.54016836360097,164.97017659712583,165.00883220229298,3.2211957694662194,3.192085494858123,3.3019142383108697,3.3173344544165078,3.2211957694662194,263.7328798882663,263.8120814226568,264.30586541537195,264.35020193923265,4000.0,32.0,a3
lfm25,65,cap24_chunk8192_pollpm_mem0.8,24,8192,lpm,0.8,0,R_long_prefill,4,4,4,0,0.2708158232271671,14.77018570161131,59080.74280644524,472.6459424515619,59553.3887488968,162.744969711639,163.35984831675887,163.69410974439234,163.724130759947,3.2051279990663453,3.1787650659680367,3.2787871028807376,3.292829207925787,3.2051279990663453,262.1039376826957,261.95172453299165,262.60870231781155,262.6938028307632,4000.0,32.0,a3
lfm25,65,cap24_chunk8192_pollpm_mem0.8,24,8192,lpm,0.8,0,shared_prefix,0,128,128,0,8.594201660249382,14.893762685606536,34984.75040336387,3812.8032475152736,38797.55365087914,2165.2826094323245,1730.702640954405,6303.264359384775,7279.041559072217,4.888777359268329,5.110635033206028,5.366545835984688,5.369935858410363,4.889042710195676,3411.530152778141,3040.1320569217205,7606.634369981475,8307.5824538013,2348.953125,256.0,a3
lfm25,65,cap24_chunk8192_pollpm_mem0.8,24,8192,lpm,0.8,0,shared_prefix,1,128,128,0,8.460995642002672,15.12824322525039,35535.53419971198,3872.8302656641,39408.364465376086,2067.1171169124136,1641.396604012698,6170.176780060865,7156.281649447052,5.035529808467382,5.168697648846051,5.22019761011881,5.221403427750749,5.035533433423433,3351.0601221205434,2962.381100514904,7467.195661715232,8181.830368125815,2348.953125,256.0,a3
lfm25,65,cap24_chunk8192_pollpm_mem0.8,24,8192,lpm,0.8,0,shared_prefix,2,128,128,0,8.40929813683033,15.221246519896408,35753.99457930604,3896.63910909348,39650.63368839952,2052.828939536994,1623.8843447063118,6123.395357746631,7100.054821050731,4.985421443767937,5.115668143273568,5.204755533212687,5.205881163788339,4.985437096306148,3323.959604185802,2940.905762836337,7427.789239166304,8128.497472805906,2348.953125,256.0,a3
lfm25,65,cap24_chunk8192_pollpm_mem0.8,24,8192,lpm,0.8,0,shared_prefix,3,128,128,0,8.423287013079971,15.19596801120954,35694.61654733068,3890.1678108696415,39584.784358200326,2062.8061672032345,1631.1241334769877,6146.33211242035,7117.983576697303,4.991828829852079,5.087474256973056,5.2420116871522335,5.243524156620397,4.991847819856864,3335.532367211272,2944.875111337751,7443.968602945097,8143.324256418276,2348.953125,256.0,a3
lfm25,65,cap24_chunk8192_pollpm_mem0.8,24,8192,lpm,0.8,0,shared_prefix,4,128,128,0,8.418067909311503,15.205389333865432,35716.74679262487,3892.5796694695514,39609.326462094425,2051.1544003456947,1626.804637024179,6118.479990935884,7101.57875323203,5.005585467065177,5.156914211407888,5.166265598005231,5.167497876374161,5.005588131804175,3327.4620554839203,2930.5891040712595,7434.561253944412,8131.893542897891,2348.953125,256.0,a3
qwen,73,cap32_chunk-1_pollpm_mem0.8,32,-1,lpm,0.8,0,R_short_decode,0,8,8,0,9.081052494700998,0.880955154115471,88.0955154115471,225.52451945356057,313.6200348651077,49.44109119242057,49.48094254359603,51.94043593946844,52.51129985321313,4.2518886557195845,4.251108310349723,4.257012157993136,4.257389600534796,4.251888655719585,1133.672698400915,1133.4812310524285,1136.2969724927098,1136.6344742197543,100.0,256.0,a3
qwen,73,cap32_chunk-1_pollpm_mem0.8,32,-1,lpm,0.8,0,R_short_decode,1,8,8,0,9.081053930800408,0.8809550147991332,88.09550147991332,225.5244837885781,313.6199852684914,49.01761363726109,48.82427817210555,51.20784915052354,51.30012507550418,4.252876203332265,4.250901613707436,4.2581452296900695,4.258267337182427,4.252877247178596,1132.9697020119056,1132.8775982838124,1135.0756879430264,1135.2889998909086,100.0,256.0,a3
qwen,73,cap32_chunk-1_pollpm_mem0.8,32,-1,lpm,0.8,0,R_short_decode,2,8,8,0,9.081798906903714,0.8808827504337976,88.08827504337975,225.5059841110522,313.59425915443194,49.20641880016774,49.205691087991,51.1610429501161,51.5719062788412,4.250652559430284,4.2504259512997145,4.25744806315896,4.257873641856599,4.250652559430284,1133.12282145489,1134.0853499714285,1135.3761670878157,1135.491095217876,100.0,256.0,a3
qwen,73,cap32_chunk-1_pollpm_mem0.8,32,-1,lpm,0.8,0,R_short_decode,3,8,8,0,9.079773637931794,0.8810792338014997,88.10792338014997,225.5562838531839,313.66420723333385,49.55710936337709,49.58644020371139,52.12805359624326,52.5911449175328,4.250448364216616,4.248539215939886,4.256730535268491,4.2572710446502064,4.250448364216615,1133.421442238614,1133.4217702969909,1137.305376911536,1137.7436689753083,100.0,256.0,a3
qwen,73,cap32_chunk-1_pollpm_mem0.8,32,-1,lpm,0.8,0,R_short_decode,4,8,8,0,9.071444706991317,0.8818881951443128,88.18881951443127,225.76337795694408,313.95219747137537,48.10902802273631,48.16628247499466,50.64884666353464,51.44743490964174,4.252240296416715,4.251178440765715,4.258184924940853,4.258284040160623,4.252240296416715,1132.4303036089989,1132.0252721197903,1136.0491441562772,1136.8935153260827,100.0,256.0,a3
qwen,73,cap32_chunk-1_pollpm_mem0.8,32,-1,lpm,0.8,0,R_medium_balanced,0,16,16,0,3.424713138025254,4.671924145222237,3737.5393161777897,1196.0125811768926,4933.551897354682,99.36551720602438,99.33720738627017,100.93486809637398,101.01229425054044,6.304681415021347,6.307005694172545,6.667548752682027,6.672273421130489,6.304681415021347,1707.0592780364675,1707.1587194222957,1798.7675472395497,1798.9871422061697,800.0,256.0,a3
qwen,73,cap32_chunk-1_pollpm_mem0.8,32,-1,lpm,0.8,0,R_medium_balanced,1,16,16,0,3.4348975410684943,4.658071982846649,3726.457586277319,1192.4664276087422,4918.924013886061,103.72745001222938,103.35249616764486,107.66627010889351,107.8296842519194,6.305117288595248,6.307656083292528,6.667093153787302,6.671345824667929,6.305117288595248,1711.5323586040176,1711.7039503064009,1807.172829285264,1807.2735887020824,800.0,256.0,a3
qwen,73,cap32_chunk-1_pollpm_mem0.8,32,-1,lpm,0.8,0,R_medium_balanced,2,16,16,0,3.4319796399213374,4.662032319156395,3729.625855325116,1193.480273704037,4923.106129029153,100.95912238466552,100.88586155325174,106.37865285389124,106.45616478286684,6.305407280531511,6.307139915103713,6.667324594751586,6.671444469989807,6.305407280531511,1708.8379789202008,1709.3299641273916,1806.075818836689,1806.364269182086,800.0,256.0,a3
qwen,73,cap32_chunk-1_pollpm_mem0.8,32,-1,lpm,0.8,0,R_medium_balanced,3,16,16,0,3.4283845950849354,4.666920981659472,3733.536785327578,1194.7317713048249,4928.268556632403,100.15063648461364,100.18737893551588,101.75309563055634,101.92044647410512,6.305642018446187,6.307359550184771,6.668191922225934,6.670494437601199,6.305642018446187,1708.0893511883914,1708.0251667648554,1801.742337062024,1801.8121792702004,800.0,256.0,a3
qwen,73,cap32_chunk-1_pollpm_mem0.8,32,-1,lpm,0.8,0,R_medium_balanced,4,16,16,0,3.428111906629056,4.6672922109281965,3733.833768742557,1194.8268059976183,4928.660574740175,100.46268010046332,100.44319042935967,101.6117826802656,101.7766019096598,6.30626139087219,6.307343829094487,6.667726476877635,6.672418775840424,6.30626139087219,1708.5593347728718,1708.2871585153043,1800.2773537300527,1800.671176891774,800.0,256.0,a3
qwen,73,cap32_chunk-1_pollpm_mem0.8,32,-1,lpm,0.8,0,shared_prefix,0,128,128,0,8.672854653093964,14.758693085481044,33875.23621131956,3778.225429883148,37653.46164120271,1899.6814312449717,2170.7158095669,2798.3467548387125,2799.49861029163,7.483346841399402,7.468287264086337,8.19608744717769,8.214535366319769,7.484296353167991,3804.2009688651888,4028.609738918021,4610.383625770919,4611.957289469428,2295.2734375,256.0,a3
qwen,73,cap32_chunk-1_pollpm_mem0.8,32,-1,lpm,0.8,0,shared_prefix,1,128,128,0,8.696175026707351,14.719114968005062,33784.39360957068,3768.093431809296,37552.48704137998,1911.927585886588,2163.576036458835,2838.3067971095443,2839.621867267415,7.477016884409073,7.439790014245861,8.205027776112889,8.224475050137144,7.477995918494234,3814.843859770917,4025.921632302925,4633.1939603202045,4634.388769357465,2295.2734375,256.0,a3
qwen,73,cap32_chunk-1_pollpm_mem0.8,32,-1,lpm,0.8,0,shared_prefix,2,128,128,0,8.747697718907148,14.632421479693182,33585.4083486442,3745.899898801455,37331.30824744566,1926.664007984073,2169.5042194332927,2900.3705999348317,2901.69125916902,7.536738481827391,7.426047722668247,8.493584443303737,8.521424017252592,7.537837148354119,3844.749115476589,4026.357538765296,4690.05766834598,4691.584355891682,2295.2734375,256.0,a3
qwen,73,cap32_chunk-1_pollpm_mem0.8,32,-1,lpm,0.8,0,shared_prefix,3,128,128,0,8.668585111852735,14.765962189721476,33891.92079319704,3780.086320568698,37672.007113765736,1904.306861124496,2175.425114575773,2808.743776637129,2810.498368535191,7.453858948158106,7.427660043141276,8.206286181914894,8.230258223223023,7.454852946605867,3801.2757308424634,4026.859204750508,4599.434864893556,4601.279429355636,2295.2734375,256.0,a3
qwen,73,cap32_chunk-1_pollpm_mem0.8,32,-1,lpm,0.8,0,shared_prefix,4,128,128,0,8.711093432735652,14.693907370914582,33726.5352815457,3761.640286954133,37488.17556849984,1919.566459950147,2164.7399610374123,2843.6032271478325,2845.0928670773283,7.473355004870599,7.4554766070196035,8.148707928245559,8.16507509236982,7.474283445175303,3821.5380253896,4028.4405420534313,4646.630713087507,4648.707007016055,2295.2734375,256.0,a3
qwen,73,cap32_chunk-1_pollpm_mem0.8,32,-1,lpm,0.8,0,R_long_prefill,0,4,4,0,0.3518685777671635,11.367880659826517,45471.52263930606,363.7721811144485,45835.29482042051,142.0590505003929,152.84959506243467,153.63884130492806,153.72789869084954,6.484449814794766,6.138441753723929,7.360065004397784,7.532479735992608,6.484449814794766,343.07699475903064,343.1412894278765,343.5820393729955,343.6203557346016,4000.0,32.0,a3
qwen,73,cap32_chunk-1_pollpm_mem0.8,32,-1,lpm,0.8,0,R_long_prefill,1,4,4,0,0.3041125470772385,13.153025215313065,52612.10086125226,420.89680689001807,53032.99766814227,106.38876084703952,106.74382862634955,107.1405409835279,107.1774106286466,6.07829254060503,6.059892445562348,6.132999276592126,6.143245093314158,6.078292540605029,294.81582960579544,294.8896703310311,295.3496161615476,295.39053208660334,4000.0,32.0,a3
qwen,73,cap32_chunk-1_pollpm_mem0.8,32,-1,lpm,0.8,0,R_long_prefill,2,4,4,0,0.3052358515560627,13.104620507743077,52418.4820309723,419.3478562477784,52837.82988722008,108.90137800015508,109.07600983045997,109.4121172092855,109.4426036439836,6.052289229457177,6.03995201808791,6.092064440130226,6.099252269993867,6.052289229457176,296.5223441133276,296.3981900829822,297.0362004125491,297.11587459314615,4000.0,32.0,a3
qwen,73,cap32_chunk-1_pollpm_mem0.8,32,-1,lpm,0.8,0,R_long_prefill,3,4,4,0,0.3607808169908821,11.087063977963911,44348.255911855646,354.7860472948452,44703.04195915049,149.25790904089808,160.6285299640149,160.91020859312266,160.92624010052532,6.490549147729912,6.119462135698526,7.398667091113184,7.57818120636887,6.490549147729912,350.46493262052536,350.3869310952723,351.0958566563204,351.1465153703466,4000.0,32.0,a3
qwen,73,cap32_chunk-1_pollpm_mem0.8,32,-1,lpm,0.8,0,R_long_prefill,4,4,4,0,0.3558903587982058,11.239416581858146,44957.66632743258,359.66133061946067,45317.32765805205,139.59684083238244,149.0206685848534,149.852771544829,149.9065783340484,6.487762720714654,6.1551742180581055,7.336232944151326,7.502718200276215,6.487762720714654,340.7174851745367,340.0552642997354,343.75669257715344,344.1917553730309,4000.0,32.0,a3
qwen,73,cap32_chunk-1_pollpm_mem0.8,32,-1,lpm,0.8,0,R_concurrent_decode,0,32,32,0,2.6465777419507504,12.091086346253826,2418.217269250765,3095.3181046409795,5513.535373891745,104.14989072887693,104.0968680754304,106.24172603711486,106.39755067415535,9.924716466818662,9.923247109149017,9.927507863726978,9.939980510001382,9.924716466818662,2634.952589767636,2635.018491419032,2637.3703013639897,2637.8721352340654,200.0,256.0,a3
qwen,73,cap32_chunk-1_pollpm_mem0.8,32,-1,lpm,0.8,0,R_concurrent_decode,1,32,32,0,2.659190008882433,12.033739557200168,2406.747911440033,3080.637326643243,5487.385238083276,110.15925266838168,110.0948143284768,112.59938348084688,112.9808987583965,9.928182719330138,9.9263855639626,9.930489115124823,9.949972867801348,9.92818271933014,2641.845846097567,2641.682302346453,2644.9408879270777,2646.159314517863,200.0,256.0,a3
qwen,73,cap32_chunk-1_pollpm_mem0.8,32,-1,lpm,0.8,0,R_concurrent_decode,2,32,32,0,2.6525130486115813,12.06403113332465,2412.8062266649304,3088.3919701311106,5501.198196796041,102.71897367783822,102.72721736691892,104.92927213199437,105.24360657203944,9.933606967587918,9.931805835781145,9.937937998340702,9.952837678275126,9.933606967587918,2635.788750412757,2635.574965039268,2637.948932312429,2639.752429127693,200.0,256.0,a3
qwen,73,cap32_chunk-1_pollpm_mem0.8,32,-1,lpm,0.8,0,R_concurrent_decode,3,32,32,0,2.6506656082347035,12.072439428265504,2414.487885653101,3090.544493635969,5505.03237928907,106.97403704398312,106.9373523350805,109.00668988469988,109.50085171032696,9.928425902719884,9.927848641596295,9.930938087111596,9.943076001388915,9.928425902719882,2638.7226422375534,2638.647699961439,2641.200138861313,2641.583305918612,200.0,256.0,a3
qwen,73,cap32_chunk-1_pollpm_mem0.8,32,-1,lpm,0.8,0,R_concurrent_decode,4,32,32,0,2.653738577850163,12.058459814803507,2411.6919629607014,3086.965712589698,5498.657675550399,109.89319522923324,109.9521319847554,112.21204574685544,112.39416678901762,9.92387903491309,9.92296650439647,9.92538686065624,9.943305854649084,9.92387903491309,2640.4823491320712,2640.3657235205173,2643.013144703582,2643.3782852534205,200.0,256.0,a3
qwen,73,cap32_chunk-1_pollpm_mem0.8,32,-1,lpm,0.8,0,tool_agent,0,200,200,0,41.35507666412741,4.836165620592013,13057.3811864893,1002.6096756330332,14059.990862122337,290.7689412939362,249.7105540242046,595.4399165464565,669.8815857386217,21.07641767292986,11.580035650754365,79.82451519928858,224.7720376122743,10.687265435391154,2265.080921500921,702.4774770252407,6743.797403411008,9580.299243996846,2699.945,207.315,a3
qwen,73,cap32_chunk-1_pollpm_mem0.8,32,-1,lpm,0.8,0,tool_agent,1,200,200,0,41.23250263091177,4.850542344962131,13096.19755156878,1005.5901862458242,14101.787737814604,155.43623134260997,161.38260765001178,240.30625661835077,258.6610578000545,10.648800309522732,9.947808862974249,13.37879281491041,33.95218823105097,9.40554671234528,1892.5936813792212,463.2906133774668,5603.329352219587,8072.750781015487,2699.945,207.315,a3
qwen,73,cap32_chunk-1_pollpm_mem0.8,32,-1,lpm,0.8,0,tool_agent,2,200,200,0,41.22929040901363,4.850920256349491,13097.217891529526,1005.6685329450949,14102.88642447462,152.59867860935628,159.65016651898625,219.33380723930892,221.004122113809,10.791776082594671,9.813237257979134,19.7359081782886,37.546085678041024,9.37636029217042,1884.318660970312,443.9276871271432,5569.811865221707,8019.5150761259665,2699.945,207.315,a3
qwen,73,cap32_chunk-1_pollpm_mem0.8,32,-1,lpm,0.8,0,tool_agent,3,200,200,0,41.21832538722083,4.85221071261685,13100.702052476305,1005.9360638861624,14106.638116362465,148.98220445262268,157.68594201654196,223.4628099016845,266.4519910700619,10.817982644986891,9.858722632935526,14.217046781888472,35.19830135628586,9.378536823955717,1880.869707048405,453.9657516870648,5672.641650121659,8010.376218375745,2699.945,207.315,a3
qwen,73,cap32_chunk-1_pollpm_mem0.8,32,-1,lpm,0.8,0,tool_agent,4,200,200,0,41.21062775142491,4.853117045592317,13103.149101661747,1006.1239603069712,14109.27306196872,152.27810741169378,158.35242299363017,235.8177368529141,272.34441871754825,11.924109549289986,9.965586820723017,33.84825619868934,50.234640603885055,9.452057879629171,1898.356759515591,469.2912641912699,5616.600301209836,8072.414463693271,2699.945,207.315,a3
lfm25,90,cap32_chunk8192_pollpm_mem0.85,32,8192,lpm,0.85,0,shared_prefix,0,128,128,0,6.835763870738447,18.725047035039346,43984.25774872764,4793.612040970072,48777.86978969772,1564.937071369059,364.1869626007974,5436.655193869956,5440.929285851307,5.580112257887059,5.586804083420658,5.745412716824634,6.218893179090435,5.580100817293681,2987.775590703677,1811.627755174413,6812.400835333392,6816.662072325125,2348.953125,256.0,a3
lfm25,90,cap32_chunk8192_pollpm_mem0.85,32,8192,lpm,0.85,0,shared_prefix,1,128,128,0,6.739921268075705,18.991319766046008,44609.71991232804,4861.777860107778,49471.49777243582,1521.5183442196576,1839.0721098985523,5293.213360896334,5298.761380030774,5.632804560674213,5.601140947135932,5.8268755394052345,5.832844635216045,5.632804560674213,2957.883507191582,3261.648677987978,6715.084511064924,6719.405051050708,2348.953125,256.0,a3
lfm25,90,cap32_chunk8192_pollpm_mem0.85,32,8192,lpm,0.85,0,shared_prefix,2,128,128,0,6.57695187209174,19.461903095740727,45715.09809518735,4982.247192509626,50697.345287696975,1476.221044202248,1753.4904445055872,3592.429704917595,5158.055072566494,5.515315624412774,5.501636664620509,5.630544132151294,5.647694410217237,5.51530347127596,2882.4941644525097,3155.8926864527166,4996.895260550082,6555.0157501827925,2348.953125,256.0,a3
lfm25,90,cap32_chunk8192_pollpm_mem0.85,32,8192,lpm,0.85,0,shared_prefix,3,128,128,0,6.52323838789016,19.622155804948225,46091.52419727002,5023.2718860667455,51114.79608333677,1460.0720345697482,1704.2141626589,3534.617461031303,5131.075131278485,5.507292853626887,5.522693092843481,5.732795322660868,5.73676897048512,5.507285464430617,2864.3868023318646,3146.7817765660584,4977.371552726254,6502.659534579143,2348.953125,256.0,a3
lfm25,90,cap32_chunk8192_pollpm_mem0.85,32,8192,lpm,0.85,0,shared_prefix,4,128,128,0,6.402251627761871,19.992966137875285,46962.54028758133,5118.199331296073,52080.7396188774,1523.2037317364302,1722.6166951004416,3453.5875650821254,5007.134810267016,5.015691762204388,5.386747556793339,5.5248129168781,5.527113553447029,5.01620731952099,2801.78795053871,3102.092147571966,4849.070674809627,6382.789081665687,2348.953125,256.0,a3
lfm25,90,cap32_chunk8192_pollpm_mem0.85,32,8192,lpm,0.85,0,R_concurrent_decode,0,32,32,0,1.4703262788243592,21.76387680806909,4352.775361613818,5571.552462865688,9924.327824479506,133.6934003047645,134.72731597721577,137.04428891651332,137.17425271868706,5.173875634642957,5.172047399751404,5.176683022074548,5.281917957954255,5.173875634642957,1453.0316871387186,1452.660673763603,1455.672548036091,1456.216001608409,200.0,256.0,a3
lfm25,90,cap32_chunk8192_pollpm_mem0.85,32,8192,lpm,0.85,0,R_concurrent_decode,1,32,32,0,1.4737349557690322,21.713538024414703,4342.70760488294,5558.665734250164,9901.373339133104,140.86656775907613,141.03693212382495,146.2438388960436,146.41177444253117,5.172198655097471,5.1745884576995,5.181163329740658,5.3118231364288455,5.172198655097471,1459.7772248089314,1459.3209493905306,1462.23593482282,1463.0478359945118,200.0,256.0,a3
lfm25,90,cap32_chunk8192_pollpm_mem0.85,32,8192,lpm,0.85,0,R_concurrent_decode,2,32,32,0,1.4586390247568488,21.938258511446527,4387.651702289306,5616.194178930311,10003.845881219617,126.66901863121892,127.18047294765712,131.53301493730396,131.6512383101508,5.169892716552496,5.172021768293252,5.17878145189481,5.303025481108503,5.169892716552496,1444.9916613521054,1444.672039244324,1447.8857012931255,1448.831484382972,200.0,256.0,a3
lfm25,90,cap32_chunk8192_pollpm_mem0.85,32,8192,lpm,0.85,0,R_concurrent_decode,3,32,32,0,1.47040277114138,21.76274462211496,4352.548924422991,5571.262623261429,9923.81154768442,133.6116390011739,134.43231605924666,138.21966496761888,138.38895625900477,5.177526079819026,5.17881598834898,5.183218613394773,5.304530176480172,5.177526079819026,1453.8807893550256,1453.933475073427,1456.4405601937324,1457.329882858321,200.0,256.0,a3
lfm25,90,cap32_chunk8192_pollpm_mem0.85,32,8192,lpm,0.85,0,R_concurrent_decode,4,32,32,0,1.46480591641739,21.84589756318389,4369.179512636777,5592.549776175075,9961.729288811852,127.5266477605328,127.85823503509164,132.49929377343506,132.6911476952955,5.176601191131197,5.178619349631024,5.1852255630507775,5.302053339176757,5.176601191131197,1447.559951498988,1447.3466172348708,1450.843441276811,1451.2152613978833,200.0,256.0,a3
lfm25,90,cap32_chunk8192_pollpm_mem0.85,32,8192,lpm,0.85,0,R_medium_balanced,0,16,16,0,2.2552125388756394,7.094674991465316,5675.739993172252,1816.2367978151208,7491.976790987373,97.02982113230972,97.13732008822262,99.0283666178584,99.10619091242552,4.017788436784245,4.025566990615107,4.153042344613841,4.165666445121899,4.017788436784245,1121.565872512292,1121.5843558311462,1154.888330376707,1155.2467805100605,800.0,256.0,a3
lfm25,90,cap32_chunk8192_pollpm_mem0.85,32,8192,lpm,0.85,0,R_medium_balanced,1,16,16,0,2.2550639756955206,7.095142387286455,5676.113909829164,1816.3564511453324,7492.470360974496,97.18658358906396,97.63733600266278,98.7507872050628,98.84665578138085,4.016105996618303,4.024700684399874,4.151434176966694,4.164874019630838,4.016105996618303,1121.2936127267312,1121.5812619775534,1155.083141522482,1155.507908994332,800.0,256.0,a3
lfm25,90,cap32_chunk8192_pollpm_mem0.85,32,8192,lpm,0.85,0,R_medium_balanced,2,16,16,0,2.25051065068692,7.109497568970112,5687.5980551760895,1820.0313776563487,7507.629432832438,94.4233373447787,94.33403750881553,96.63527214433998,96.72975603025408,4.014183282989132,4.021479029610168,4.148312479111494,4.160834200972436,4.014183282989133,1118.0400745070074,1117.9030400235206,1150.960255996324,1151.2182344915343,800.0,256.0,a3
lfm25,90,cap32_chunk8192_pollpm_mem0.85,32,8192,lpm,0.85,0,R_medium_balanced,3,16,16,0,2.250629953108728,7.109120705471674,5687.296564377339,1819.9349006007485,7507.231464978087,94.26426133722998,93.95812707953156,96.64864442311227,96.85348751954734,4.012085897071908,4.020287832427843,4.151600717073854,4.165918605182977,4.012085897071907,1117.3461650905665,1117.5499623641372,1151.3179854955524,1151.835048897192,800.0,256.0,a3
lfm25,90,cap32_chunk8192_pollpm_mem0.85,32,8192,lpm,0.85,0,R_medium_balanced,4,16,16,0,2.2525124233216047,7.103179469441525,5682.54357555322,1818.4139441770303,7500.95751973025,93.78998196916656,92.36551099456848,97.3069800529629,97.42439542897046,4.0194071851004205,4.020028534874904,4.161759629827358,4.172450729791879,4.019407185100421,1118.7388141697738,1116.7801995761693,1152.48265536502,1152.7075921185317,800.0,256.0,a3
lfm25,90,cap32_chunk8192_pollpm_mem0.85,32,8192,lpm,0.85,0,R_short_decode,0,8,8,0,4.774742195848376,1.6754831301585198,167.54831301585196,428.92368132058107,596.471994336433,27.11051981896162,26.931835804134607,28.29117481596768,28.51746634580195,2.228146115539304,2.2275624321956258,2.231940669515894,2.232493800124775,2.228143915457285,595.0087002711371,594.9752072338015,595.735606434755,595.7670604204759,100.0,256.0,a3
lfm25,90,cap32_chunk8192_pollpm_mem0.85,32,8192,lpm,0.85,0,R_short_decode,1,8,8,0,4.778190438169986,1.6742739963005628,167.4273996300563,428.6141430529441,596.0415426830003,27.39894500700757,27.427628403529525,28.27591693494469,28.443874535150822,2.228499521629766,2.228053519502282,2.2318833502989,2.232636173170906,2.228497400561959,595.3872199752368,595.6355724483728,596.0721117909998,596.1503082048148,100.0,256.0,a3
lfm25,90,cap32_chunk8192_pollpm_mem0.85,32,8192,lpm,0.85,0,R_short_decode,2,8,8,0,4.774458656087518,1.675582631718857,167.5582631718857,428.94915372002737,596.5074168919131,26.984440395608544,27.20969985239208,28.15758530050516,28.212190605700016,2.228024095389496,2.227574154990269,2.2313880356609155,2.2325140295766057,2.2280217553048143,594.8514852789231,595.2080429997295,596.0731520317495,596.2209644727409,100.0,256.0,a3
lfm25,90,cap32_chunk8192_pollpm_mem0.85,32,8192,lpm,0.85,0,R_short_decode,3,8,8,0,4.778602892067283,1.6741294852686743,167.41294852686744,428.57714822878063,595.9900967556481,27.37360738683492,27.191352797672156,29.71187145449221,29.782002242282037,2.227996185938542,2.2274499494290234,2.2327748062400388,2.232955824459463,2.2279937313563574,595.2335096662864,595.243641640991,597.2414389951155,597.3532796045765,100.0,256.0,a3
lfm25,90,cap32_chunk8192_pollpm_mem0.85,32,8192,lpm,0.85,0,R_short_decode,4,8,8,0,4.779973841737956,1.6736493263091312,167.36493263091313,428.4542275351376,595.8191601660508,27.05932193202898,27.04551676288247,28.628290677443147,28.89435646124184,2.2277262389386108,2.227545539647633,2.231009546434399,2.231841767556196,2.227724118495306,594.8505066335201,595.1547373551875,595.7393634831533,595.8690950227901,100.0,256.0,a3
lfm25,90,cap32_chunk8192_pollpm_mem0.85,32,8192,lpm,0.85,0,R_long_prefill,0,4,4,0,0.3108535669744015,12.86779508092116,51471.180323684646,411.76944258947714,51882.94976627412,192.5976290367544,200.39835618808863,201.5877363039181,201.73000463750213,3.5048857887065217,3.249422068737688,4.166425866705755,4.295047234383321,3.5048857887065217,301.24908848665655,301.13044031895697,301.9001994514838,301.95724942255765,4000.0,32.0,a3
lfm25,90,cap32_chunk8192_pollpm_mem0.85,32,8192,lpm,0.85,0,R_long_prefill,1,4,4,0,0.2864378001540899,13.964637341329215,55858.54936531687,446.86839492253495,56305.417760239405,177.21690225880593,178.15200192853808,178.60588307958096,178.64700531121343,3.2125650379326074,3.1741558979716027,3.3144791392729647,3.3341931430022083,3.2125650379326074,276.8064184347168,276.8847760744393,277.36781761050224,277.4088357388973,4000.0,32.0,a3
lfm25,90,cap32_chunk8192_pollpm_mem0.85,32,8192,lpm,0.85,0,R_long_prefill,2,4,4,0,0.2754814517684281,14.520033832849233,58080.13533139693,464.64108265117545,58544.77641404811,165.7980065792799,166.55811830423772,166.92458665929735,166.9573866110295,3.2325245237218274,3.1983474975511914,3.3224749521562646,3.339844387955963,3.232524523721828,266.00626681465656,265.8192035742104,266.63768745493144,266.7515313019976,4000.0,32.0,a3
lfm25,90,cap32_chunk8192_pollpm_mem0.85,32,8192,lpm,0.85,0,R_long_prefill,3,4,4,0,0.2791552250273525,14.328945480451123,57315.7819218045,458.526255374436,57774.30817717893,168.07700402569026,168.84320857934654,169.28183515556157,169.32044298388064,3.27051367475501,3.2380242201109084,3.3507997508070644,3.366604777383468,3.27051367475501,269.4629279430956,269.5479798130691,269.7644286090508,269.7758785681799,4000.0,32.0,a3
lfm25,90,cap32_chunk8192_pollpm_mem0.85,32,8192,lpm,0.85,0,R_long_prefill,4,4,4,0,0.2716758190654218,14.72343035077688,58893.72140310752,471.14977122486016,59364.87117433238,162.98688540700823,163.56856655329466,164.00417780969292,164.0484528662637,3.2169073707454148,3.187707107093546,3.294445514949339,3.309389696636748,3.2169073707454148,262.7110139001161,262.5740887597203,263.3749930653721,263.4412265289575,4000.0,32.0,a3
lfm25,90,cap32_chunk8192_pollpm_mem0.85,32,8192,lpm,0.85,0,tool_agent,0,200,200,0,38.05005169427022,5.256234646065331,14016.01249546551,1089.696285649034,15105.708781114545,258.60502891941,245.30242453329265,538.5487886378542,570.3699636505917,14.24152698180474,3.84183098120909,72.67710110172628,163.97592809982598,3.401679522306837,887.0142954727635,509.9809290841222,2109.4792299903925,2564.869558969506,2666.55,207.315,a3
lfm25,90,cap32_chunk8192_pollpm_mem0.85,32,8192,lpm,0.85,0,tool_agent,1,200,200,0,37.95641834707931,5.269201065579195,14050.588101420202,1092.384418910551,15142.972520330752,220.6471675937064,186.63886515423656,438.9572805492208,448.1512564513832,6.609288004510684,3.362575939249699,20.444728014990687,85.79978411085904,3.0925435432692856,791.9327363418415,385.6652167160064,1957.3494298383584,2429.9838906852488,2666.55,207.315,a3
lfm25,90,cap32_chunk8192_pollpm_mem0.85,32,8192,lpm,0.85,0,tool_agent,2,200,200,0,37.97470864513889,5.266663185462039,14043.8207171938,1091.8582782940623,15135.678995487862,195.08606461342424,181.41747708432376,349.2939684074372,357.8420960623771,6.167149342759614,3.3043389984716973,17.69905360415578,84.76908426731825,3.0641657506158912,761.1447245534509,346.0026562679559,1920.5641226610169,2394.862553859126,2666.55,207.315,a3
lfm25,90,cap32_chunk8192_pollpm_mem0.85,32,8192,lpm,0.85,0,tool_agent,3,200,200,0,37.87610517535359,5.280373973883203,14080.381220058258,1094.7007303955963,15175.081950453854,186.39551104279235,191.52152282185853,307.68625184427947,337.66303601674736,5.561053365567864,3.2073280666596613,21.881628967821545,49.95786437764764,3.0265077527476123,745.4822882078588,315.4658230487257,1910.2090564323585,2329.9065990140625,2666.55,207.315,a3
lfm25,90,cap32_chunk8192_pollpm_mem0.85,32,8192,lpm,0.85,0,tool_agent,4,200,200,0,37.85326641285792,5.283559886712033,14088.876615911971,1095.361217913705,15184.237833825677,182.14999163057652,187.35872232355177,281.69887070544064,323.864892818965,5.021932788582955,3.1760485461828383,16.52753218077123,35.09903294034306,2.979308775166524,732.5325982109644,309.8163770046085,1905.9390515787527,2352.354369969104,2666.55,207.315,a3
qwen,115,cap48_chunk8192_pollpm_mem0.9,48,8192,lpm,0.9,0,R_concurrent_decode,0,32,32,0,2.6539611029438674,12.057448756315408,2411.4897512630814,3086.7068816167443,5498.196632879825,101.73203390149864,101.69260250404476,103.85602524038404,104.36404684558512,9.943101960165864,9.942558263519814,9.945364298262431,9.957828258127703,9.943101960165864,2637.223033743794,2637.1989026665688,2639.8786585312337,2641.0173761472106,200.0,256.0,a3
qwen,115,cap48_chunk8192_pollpm_mem0.9,48,8192,lpm,0.9,0,R_concurrent_decode,1,32,32,0,2.6662953551858664,12.001671134355366,2400.334226871073,3072.4278103949737,5472.762037266047,118.31702051858883,118.21251618675888,120.69663878064604,121.0160115128383,9.936302104296034,9.9347910432912,9.93986941198362,9.953651535087358,9.936302104296034,2652.0740571140777,2651.965504046529,2655.279798991978,2655.385299343616,200.0,256.0,a3
qwen,115,cap48_chunk8192_pollpm_mem0.9,48,8192,lpm,0.9,0,R_concurrent_decode,2,32,32,0,2.66585812298581,12.003639550089565,2400.727910017913,3072.931724822929,5473.659634840841,119.66403070255184,119.6637530811131,121.51220047380777,121.8760608928278,9.934757833081465,9.933083320000009,9.93620248146209,9.949480938012986,9.934757833081465,2653.0272781383246,2652.926309965551,2655.054331151769,2655.4913478391245,200.0,256.0,a3
qwen,115,cap48_chunk8192_pollpm_mem0.9,48,8192,lpm,0.9,0,R_concurrent_decode,3,32,32,0,2.656233987770974,12.047131445243409,2409.4262890486816,3084.065649982312,5493.491939030993,102.44569192582276,102.28177206590772,104.65828294400126,104.979039109312,9.941536842904728,9.940698164898684,9.94542560814058,9.952533662209614,9.94153684290473,2637.5375868665287,2637.683258857578,2639.730387693271,2639.915491649881,200.0,256.0,a3
qwen,115,cap48_chunk8192_pollpm_mem0.9,48,8192,lpm,0.9,0,R_concurrent_decode,4,32,32,0,2.6619544560089707,12.021242485108903,2404.2484970217806,3077.4380761878792,5481.68657320966,114.0797174157342,114.0110392589122,116.15546585526316,116.37371037621052,9.939983218061446,9.938440133141828,9.943598706969151,9.959795498672651,9.939983218061444,2648.775438021403,2648.782561067492,2651.2031638761982,2652.340197432786,200.0,256.0,a3
qwen,115,cap48_chunk8192_pollpm_mem0.9,48,8192,lpm,0.9,0,tool_agent,0,200,200,0,41.41116535337642,4.829615353572589,13039.695825801544,1001.2517070259012,14040.947532827446,258.0112716346048,226.0464201681316,504.2809093371028,680.8973949495702,27.62653880706124,12.071862048469484,122.06769757904112,262.8502813074738,10.990516586273474,2288.179495451041,725.8628059644252,6772.655958612447,9678.322355551642,2699.945,207.315,a3
qwen,115,cap48_chunk8192_pollpm_mem0.9,48,8192,lpm,0.9,0,tool_agent,1,200,200,0,41.27255216985941,4.845835536820918,13083.489428461951,1004.6143943160286,14088.10382277798,149.43983980221674,164.39131717197597,235.30248298775405,262.8130648098886,10.831059969123189,9.98597159438456,12.71365175590567,55.72584708221257,9.457827493120682,1896.6316017438655,457.7235335018486,5689.53344868496,8101.629980644206,2699.945,207.315,a3
qwen,115,cap48_chunk8192_pollpm_mem0.9,48,8192,lpm,0.9,0,tool_agent,2,200,200,0,41.18005560990423,4.856720007728643,13112.876901266907,1006.8709084022636,14119.747809669174,132.83365306211635,138.46747390925884,198.0563491117209,198.9648938551545,10.109594624195957,9.829798402885595,12.087297393989406,29.716422334313396,9.319653597690838,1854.4998604315333,425.2892816439271,5572.932612570003,7946.89235522877,2699.945,207.315,a3
qwen,115,cap48_chunk8192_pollpm_mem0.9,48,8192,lpm,0.9,0,tool_agent,3,200,200,0,41.23536839522421,4.850205243301853,13095.28739562662,1005.5203000151236,14100.807695641746,140.02944059902802,144.9055045377463,227.9138530837372,229.594408092089,9.87295939455586,9.867493370880506,12.129113541482926,31.416186876595024,9.397776948957938,1875.9867986105385,440.63447462394834,5609.908690024167,8003.1935453368305,2699.945,207.315,a3
qwen,115,cap48_chunk8192_pollpm_mem0.9,48,8192,lpm,0.9,0,tool_agent,4,200,200,0,41.233751649037,4.850395416412974,13095.800852567128,1005.5597257536558,14101.360578320784,137.16557919746265,147.288769017905,202.72723075468093,249.8600879870355,9.79768914473961,9.781121769850316,12.166032722116826,17.011889955028984,9.361171826036369,1866.3612389029004,439.16522595100105,5556.619829009286,8035.748720238913,2699.945,207.315,a3
qwen,115,cap48_chunk8192_pollpm_mem0.9,48,8192,lpm,0.9,0,R_medium_balanced,0,16,16,0,3.4317401591688395,4.662357654687693,3729.886123750154,1193.5635596000493,4923.449683350204,103.12159621389584,102.91827702894808,105.16542673576625,105.32517044339328,6.3008815865032375,6.3041121087164855,6.659916650467351,6.665009908999006,6.3008815865032375,1709.8464007722214,1709.953975630924,1800.1344394870102,1800.650812778622,800.0,256.0,a3
qwen,115,cap48_chunk8192_pollpm_mem0.9,48,8192,lpm,0.9,0,R_medium_balanced,1,16,16,0,3.4242875277996063,4.672504826217485,3738.003860973988,1196.161235511676,4934.165096485664,99.55912645091304,99.50556210242212,101.61972255446015,101.73274693079291,6.301430134130094,6.3028164335763925,6.659547542678375,6.663860635576294,6.301430134130095,1706.423810654087,1706.399750430137,1799.4170156307518,1799.5535221882164,800.0,256.0,a3
qwen,115,cap48_chunk8192_pollpm_mem0.9,48,8192,lpm,0.9,0,R_medium_balanced,2,16,16,0,3.4180159932002425,4.681078155231045,3744.862524184836,1198.3560077391476,4943.218531923983,93.78682024544104,93.95011980086564,96.850045141764,97.00010831002146,6.304058790270823,6.307800745080207,6.664414626235764,6.665108268715295,6.304058790270823,1701.321811764501,1701.7195508815348,1791.1294924560934,1791.1410298664125,800.0,256.0,a3
qwen,115,cap48_chunk8192_pollpm_mem0.9,48,8192,lpm,0.9,0,R_medium_balanced,3,16,16,0,3.413698108866811,4.686999110566124,3749.5992884528982,1199.8717723049276,4949.471060757826,93.17019217996858,93.07452687062325,95.36732989363372,95.5256266053766,6.303662439013886,6.30549392389024,6.660337043086104,6.664793410648903,6.303662439013886,1700.6041141285095,1700.6834710482508,1793.4445957653224,1793.6466879211366,800.0,256.0,a3
qwen,115,cap48_chunk8192_pollpm_mem0.9,48,8192,lpm,0.9,0,R_medium_balanced,4,16,16,0,3.4188899202272296,4.679881591196885,3743.905272957508,1198.0496873464026,4941.954960303911,95.27443625847808,95.1106024440378,100.6026609102264,100.76736111659557,6.302453380411345,6.3042725144209815,6.659162777713409,6.66397942686636,6.302453380411344,1702.400048263371,1702.3719199933112,1798.3919747639447,1798.5414671245962,800.0,256.0,a3
qwen,115,cap48_chunk8192_pollpm_mem0.9,48,8192,lpm,0.9,0,shared_prefix,0,128,128,0,8.50895776366815,15.042970426594309,34527.730441259955,3851.000429208143,38378.7308704681,1173.2004380428407,574.2414318956435,3672.228042408824,3687.357092285529,9.819051607097872,10.020827049133825,10.774457224955162,10.796183632725771,9.81902749369816,3676.208626260632,3320.300511317328,6226.910555083305,6242.87335307803,2295.2734375,256.0,a3
qwen,115,cap48_chunk8192_pollpm_mem0.9,48,8192,lpm,0.9,0,shared_prefix,1,128,128,0,8.534524180926383,14.997907005297886,34424.29756735541,3839.464193356259,38263.76176071167,1291.938582322473,851.5137841459364,3676.661857683211,3690.6436440208927,9.378402083363213,9.555674725960866,10.007210831322215,10.03720347373563,9.37832989953166,3682.386951870285,3286.336329765618,6226.420332165435,6241.6617236007005,2295.2734375,256.0,a3
qwen,115,cap48_chunk8192_pollpm_mem0.9,48,8192,lpm,0.9,0,shared_prefix,2,128,128,0,8.437349445652217,15.170641067374383,34820.76947179107,3883.684113247842,38704.45358503891,1145.6551809205848,543.1300464551896,3620.668255537748,3632.19219812192,9.79498844586974,9.969746245655651,10.721994041574789,10.75045720806096,9.794942680931868,3642.217719712789,3275.257241213694,6162.032346241176,6174.388242163695,2295.2734375,256.0,a3
qwen,115,cap48_chunk8192_pollpm_mem0.9,48,8192,lpm,0.9,0,shared_prefix,3,128,128,0,8.43129178835079,15.181540766606243,34845.7872619147,3886.474436251199,38732.2616981659,1159.4786780988215,522.9376684874296,3633.304343256168,3648.523289342411,9.731824797429995,9.90151839476882,10.687801659518302,10.704666672597131,9.73168022462677,3639.8406753505697,3241.4412514772266,6156.527257221751,6172.476682215929,2295.2734375,256.0,a3
qwen,115,cap48_chunk8192_pollpm_mem0.9,48,8192,lpm,0.9,0,shared_prefix,4,128,128,0,8.563488265033811,14.94717993865256,34307.8650787221,3826.478064295056,38134.34314301716,1183.4324577976076,526.9916849210858,3675.4507040837775,3687.8892308520153,9.840910551463464,10.039117864753102,10.73679579467531,10.771277114367626,9.84090089007648,3692.093364385073,3262.905698735267,6234.276829636656,6248.152259653434,2295.2734375,256.0,a3
qwen,115,cap48_chunk8192_pollpm_mem0.9,48,8192,lpm,0.9,0,R_long_prefill,0,4,4,0,0.3102509509772062,12.892788845291486,51571.15538116594,412.5692430493276,51983.72462421527,112.627130234614,112.97635990194976,113.36875197011976,113.41034481767564,6.071404001915887,6.050732970658329,6.130337221698174,6.1411321377982535,6.071404001915887,300.8406542940065,300.6100740749389,301.4553384622559,301.5661196736619,4000.0,32.0,a3
qwen,115,cap48_chunk8192_pollpm_mem0.9,48,8192,lpm,0.9,0,R_long_prefill,1,4,4,0,0.3097669119015336,12.91293500472862,51651.74001891448,413.2139201513159,52064.9539390658,111.8152104318142,112.06502257846296,112.474035914056,112.5105702271685,6.076759654998539,6.061554856358036,6.12441239007298,6.133196008121294,6.076759654998539,300.1947597367689,300.27567804791033,300.754168513231,300.79742734786123,4000.0,32.0,a3
qwen,115,cap48_chunk8192_pollpm_mem0.9,48,8192,lpm,0.9,0,R_long_prefill,2,4,4,0,0.3640468940138817,10.987595460291097,43950.38184116438,351.60305472931503,44301.9848958937,152.44983008597046,163.96626154892147,164.77194803301245,164.86778967548162,6.5178726011166175,6.146373152131996,7.443928266424805,7.626811850876097,6.517872601116617,354.5038807205856,354.50382926501334,354.8045268049464,354.8197552142665,4000.0,32.0,a3
qwen,115,cap48_chunk8192_pollpm_mem0.9,48,8192,lpm,0.9,0,R_long_prefill,3,4,4,0,0.3039800929836929,13.158756419666538,52635.02567866616,421.0802054293292,53056.10588409548,107.80031746253373,107.91200981475411,108.35899121593684,108.39968228247017,6.071215116178557,6.058816520136691,6.1113389997532765,6.118494096933112,6.071215116178557,296.007986064069,296.0636210627854,296.63527314551175,296.683985972777,4000.0,32.0,a3
qwen,115,cap48_chunk8192_pollpm_mem0.9,48,8192,lpm,0.9,0,R_long_prefill,4,4,4,0,0.3488706750795245,11.465566714910064,45862.26685964025,366.898134877122,46229.16499451738,139.12825763691217,149.7828052379191,150.60003616381437,150.6956039974466,6.483370547122773,6.134334936617844,7.351389108225703,7.522646232297824,6.483370547122773,340.1127445977181,340.0051756761968,340.6752624548972,340.7408125139773,4000.0,32.0,a3
qwen,115,cap48_chunk8192_pollpm_mem0.9,48,8192,lpm,0.9,0,R_short_decode,0,8,8,0,9.089790634810925,0.8801082798719937,88.01082798719936,225.3077196472304,313.31854763442976,50.914508872665465,50.46967999078333,54.07757784705609,54.50965223368257,4.2485805029761705,4.248023490585824,4.253346511509781,4.253672123649249,4.2485805029761705,1134.302537131589,1134.5716340001673,1136.6934478282928,1136.9760654866695,100.0,256.0,a3
qwen,115,cap48_chunk8192_pollpm_mem0.9,48,8192,lpm,0.9,0,R_short_decode,1,8,8,0,9.080350569915026,0.881023253276758,88.1023253276758,225.54195283885005,313.64427816652585,49.73641957622021,50.63589313067496,53.09325603302568,53.59537072014064,4.249900286359822,4.248145531278615,4.257048630319974,4.257808273694679,4.249900286359822,1133.4609925979748,1133.980791317299,1136.3278489559889,1136.885797828436,100.0,256.0,a3
qwen,115,cap48_chunk8192_pollpm_mem0.9,48,8192,lpm,0.9,0,R_short_decode,2,8,8,0,9.075903383083642,0.8814549541052858,88.14549541052858,225.6524682509532,313.7979636614818,49.0125150536187,48.93075814470649,52.5487402221188,52.97340195160359,4.2484537846700965,4.248246660127359,4.2524990890467285,4.25283430162452,4.2484537846700965,1132.3682301444933,1132.5373840518296,1134.8666210193187,1135.118063846603,100.0,256.0,a3
qwen,115,cap48_chunk8192_pollpm_mem0.9,48,8192,lpm,0.9,0,R_short_decode,3,8,8,0,9.086226323153824,0.8804535255317308,88.04535255317309,225.3961025361231,313.4414550892962,47.8850151412189,47.86993749439716,50.297513511031866,50.69379730150104,4.259917371924601,4.253035880552202,4.297262515288358,4.306598227763293,4.259917371924602,1134.1639449819922,1132.903645047918,1143.568820762448,1146.4226863300428,100.0,256.0,a3
qwen,115,cap48_chunk8192_pollpm_mem0.9,48,8192,lpm,0.9,0,R_short_decode,4,8,8,0,9.094989344943317,0.8796052086028981,87.9605208602898,225.17893340234195,313.1394542626317,50.57196086272597,47.94657533057034,62.20199614763259,66.19654424488544,4.252320844177887,4.250994327423326,4.265955728843954,4.269261502441676,4.252320844177887,1134.9137761280872,1132.9814589116722,1147.3730579717085,1151.9202053686604,100.0,256.0,a3
lfm25,152,cap96_chunk2048_pollpm_mem0.75,96,2048,lpm,0.75,0,tool_agent,0,200,200,0,38.10948843602091,5.248036859265761,13994.152687075111,1087.996761478681,15082.149448553797,217.38153961952776,178.10085462406278,585.3012059349564,714.820324522443,30.404292395183628,5.514822729552785,152.72682970389724,263.7114595156163,3.931620197868953,943.6697387718596,642.5664545968175,2213.8766010757527,2871.4322720281725,2666.55,207.315,a3
lfm25,152,cap96_chunk2048_pollpm_mem0.75,96,2048,lpm,0.75,0,tool_agent,1,200,200,0,37.91056464007124,5.275574286451043,14067.58261353603,1093.705683195598,15161.288296731627,165.69334013853222,150.00278921797872,307.36452438868525,379.3811816023663,7.385260185165296,3.314042316847726,34.8803399130702,57.98629247583449,3.134485742799481,744.7268914058805,307.9259244259447,1909.271806827746,2461.8482534075124,2666.55,207.315,a3
lfm25,152,cap96_chunk2048_pollpm_mem0.75,96,2048,lpm,0.75,0,tool_agent,2,200,200,0,37.90679517481476,5.276098891443079,14068.98149897754,1093.814441679522,15162.795940657064,142.14085969375446,141.87319949269295,253.44796818681056,297.27692373096943,5.8495850942333,3.2310628332197666,22.585515351966023,46.15678174421192,3.082713409571076,711.5642671426758,260.1950136013329,1907.2531588142735,2421.299312221815,2666.55,207.315,a3
lfm25,152,cap96_chunk2048_pollpm_mem0.75,96,2048,lpm,0.75,0,tool_agent,3,200,200,0,37.88540417281911,5.279077902605301,14076.925181192164,1094.432035378618,15171.357216570785,130.74208924546838,121.44798156805336,201.69086290989068,270.477429991588,5.725811594815772,3.308637300506234,20.298508973792188,41.40755225904287,3.0599092826428107,695.9991310280748,251.00613618269563,1849.6604365063831,2275.818830020721,2666.55,207.315,a3
lfm25,152,cap96_chunk2048_pollpm_mem0.75,96,2048,lpm,0.75,0,tool_agent,4,200,200,0,37.8823353969492,5.279505550655853,14078.065526101364,1094.520693234218,15172.586219335582,130.96748571377248,117.3072864767164,198.0394253274425,271.9558145245537,5.124836261652255,3.1675567384809256,19.851722707971927,45.12037271633744,3.032060889467455,691.0346129117534,238.14748600125316,1852.1336166653775,2356.314957756546,2666.55,207.315,a3
lfm25,152,cap96_chunk2048_pollpm_mem0.75,96,2048,lpm,0.75,0,R_medium_balanced,0,16,16,0,2.2587115983478725,7.083684349831625,5666.9474798653,1813.423193556896,7480.370673422196,103.52471130318008,100.61829001642764,128.07437335141003,128.31300892867148,3.991078212628981,4.071326299077448,4.258131649911258,4.337959882218902,3.991078212628981,1121.2496555235705,1121.637042844668,1174.8369330307469,1174.843742209487,800.0,256.0,a3
lfm25,152,cap96_chunk2048_pollpm_mem0.75,96,2048,lpm,0.75,0,R_medium_balanced,1,16,16,0,2.2751179188489914,7.032602515870732,5626.0820126965855,1800.346244062907,7426.428256759493,103.67765111732297,101.75869311206044,130.38586045149714,131.3905156450346,4.023926007543125,4.09935857078024,4.282440931773653,4.363380563901919,4.023926007543125,1129.7787830408197,1130.0035254098475,1181.9756731856614,1182.1819635573777,800.0,256.0,a3
lfm25,152,cap96_chunk2048_pollpm_mem0.75,96,2048,lpm,0.75,0,R_medium_balanced,2,16,16,0,2.27347493218258,7.037684811699106,5630.147849359285,1801.647311794971,7431.795161154256,103.96223634597844,98.21466892026363,140.7594585325569,141.53833906166255,4.027536603298001,4.114170171612618,4.205713668089433,4.283688399739855,4.027536603298002,1130.984070186969,1131.2478417530656,1159.7766808699816,1160.0349010434002,800.0,256.0,a3
lfm25,152,cap96_chunk2048_pollpm_mem0.75,96,2048,lpm,0.75,0,R_medium_balanced,3,16,16,0,2.259060604963452,7.082589977819057,5666.071982255246,1813.143034321679,7479.215016576925,98.14061218639836,102.4162240792066,106.24053538776934,106.42921370454133,4.014573626074136,4.065980513890585,4.19426084468689,4.27112163784092,4.014573626074137,1121.8568868353032,1121.98105501011,1160.922185285017,1161.1164515372366,800.0,256.0,a3
lfm25,152,cap96_chunk2048_pollpm_mem0.75,96,2048,lpm,0.75,0,R_medium_balanced,4,16,16,0,2.25651389406994,7.090583418097973,5672.4667344783775,1815.189355033081,7487.656089511459,99.46233354276046,102.88863605819644,106.55035998206586,106.67683591600507,4.0097361241065546,4.058854298337417,4.208024232830926,4.284524251341673,4.0097361241065546,1121.945045189932,1122.3098477348683,1168.3722680900246,1168.60935469158,800.0,256.0,a3
lfm25,152,cap96_chunk2048_pollpm_mem0.75,96,2048,lpm,0.75,0,shared_prefix,0,128,128,0,4.725172583013773,27.088957652073745,63630.69172983128,6934.773158930879,70565.46488876216,330.112288465898,325.52608964033425,378.2008635113015,417.6680165110156,7.893529922262578,7.96483819208601,8.065368689450564,8.06707991016846,7.893529922262578,2342.9624186428555,2340.2804019860923,2360.382736171596,2362.3244236269966,2348.953125,256.0,a3
lfm25,152,cap96_chunk2048_pollpm_mem0.75,96,2048,lpm,0.75,0,shared_prefix,1,128,128,0,5.17134862812236,24.751763844332984,58140.73303140798,6336.451544149244,64477.18457555722,592.5163192878244,599.4218359701335,879.3736927909777,880.7132293656468,7.356790412662916,7.7092065923281154,7.889170323261151,7.893244094288379,7.356851341247311,2468.4559359047853,2349.435530602932,2792.890124372206,2794.243505471386,2348.953125,256.0,a3
lfm25,152,cap96_chunk2048_pollpm_mem0.75,96,2048,lpm,0.75,0,shared_prefix,2,128,128,0,4.70398419117555,27.210975802198035,63917.30664487246,6966.009805362697,70883.31645023516,329.9583591578994,319.0138009376824,372.5419276859611,374.13051423151046,7.854318395502381,7.876990856968012,7.993026156635845,7.996271931237596,7.854318395502381,2332.809550011006,2333.9790778700262,2351.083603990264,2353.4064205549657,2348.953125,256.0,a3
lfm25,152,cap96_chunk2048_pollpm_mem0.75,96,2048,lpm,0.75,0,shared_prefix,3,128,128,0,4.746250337921083,26.96865754790035,63348.112424195366,6903.976332262489,70252.08875645786,357.7770185293048,360.1202964782715,406.18543659802526,407.1472982922569,7.814667865679047,7.856035617855834,7.921146780763771,7.923684404815967,7.814667865679047,2350.5173242774617,2349.596664076671,2367.314658407122,2370.9227327629924,2348.953125,256.0,a3
lfm25,152,cap96_chunk2048_pollpm_mem0.75,96,2048,lpm,0.75,0,shared_prefix,4,128,128,0,4.72207986889407,27.10669949552931,63672.36648845949,6939.315070855503,70611.681559315,323.69976668269373,307.8086357563734,395.7789852516723,413.0322745582089,7.913261343748994,7.959729275100079,8.114473006012393,8.116785811296864,7.913261343748994,2341.581409338687,2327.648343751207,2370.7091642776504,2371.853137840517,2348.953125,256.0,a3
lfm25,152,cap96_chunk2048_pollpm_mem0.75,96,2048,lpm,0.75,0,R_long_prefill,0,4,4,0,0.2208805978298187,18.109331644791496,72437.32657916598,579.4986126333279,73016.8251917993,101.83259064797312,109.79487467557192,111.45511199720204,111.48134567774832,3.434272719577195,3.1741973493368394,4.113212164731756,4.238125320764318,3.434272719577195,208.29504495486617,208.2943564746529,208.57244876679036,208.59662659000605,4000.0,32.0,a3
lfm25,152,cap96_chunk2048_pollpm_mem0.75,96,2048,lpm,0.75,0,R_long_prefill,1,4,4,0,0.2248957203701138,17.786020976375838,71144.08390550336,569.1526712440268,71713.23657674738,105.54071748629212,113.35510783828796,115.17451365943998,115.20270786713807,3.432550437508091,3.1758820818316558,4.117994011199523,4.242079419143979,3.432550437508091,211.9497810490429,211.8106677662581,212.6245891675353,212.69213523715732,4000.0,32.0,a3
lfm25,152,cap96_chunk2048_pollpm_mem0.75,96,2048,lpm,0.75,0,R_long_prefill,2,4,4,0,0.2280160821974277,17.54262226353227,70170.48905412908,561.3639124330326,70731.85296656212,107.95574833173303,115.66476337611677,117.48641999438404,117.51774864271285,3.459804905428281,3.2089472027315247,4.12564615478679,4.246264225352675,3.459804905428281,215.20970040000972,215.246006147936,215.52748640533537,215.53499072324485,4000.0,32.0,a3
lfm25,152,cap96_chunk2048_pollpm_mem0.75,96,2048,lpm,0.75,0,R_long_prefill,3,4,4,0,0.2226657909341156,17.964142508013527,71856.57003205411,574.8525602564329,72431.42259231054,103.6585324909538,110.69651204161346,112.61607157066464,112.6441896148026,3.4314970440802077,3.2007686583505524,4.058042837817582,4.170156642043542,3.4314970440802077,210.03494085744023,209.92034045048055,210.6471500126645,210.71632971521467,4000.0,32.0,a3
lfm25,152,cap96_chunk2048_pollpm_mem0.75,96,2048,lpm,0.75,0,R_long_prefill,4,4,4,0,0.2177779199555516,18.367334947530026,73469.33979012011,587.7547183209608,74057.09450844106,100.26599175762384,107.37405344843864,108.82432574871927,108.85165483225136,3.4042792695183905,3.1731502648683323,4.019983480834672,4.132331068056725,3.4042792695183905,205.798649112694,205.74171165935692,206.37585930526257,206.41943581402305,4000.0,32.0,a3
lfm25,152,cap96_chunk2048_pollpm_mem0.75,96,2048,lpm,0.75,0,R_concurrent_decode,0,32,32,0,1.46897147083655,21.783949270149296,4356.789854029859,5576.69101315822,9933.480867188078,138.0213970260229,149.8949050437659,157.1471604751423,157.754031047225,5.152786839365338,5.106677435448065,5.273822145536542,5.383604774817679,5.152786839365338,1451.9820410641842,1452.1851141471416,1455.3408184088769,1456.1012360546738,200.0,256.0,a3
lfm25,152,cap96_chunk2048_pollpm_mem0.75,96,2048,lpm,0.75,0,R_concurrent_decode,1,32,32,0,1.465417989064008,21.83677301548553,4367.3546030971065,5590.213891964296,9957.5684950614,135.33791301597375,146.237101405859,153.99061385542154,154.77601059246808,5.141799309742911,5.098447211853721,5.239934626437139,5.349187227897346,5.141799309742911,1446.496737000416,1446.3677804451436,1449.9399340245873,1450.322134369053,200.0,256.0,a3
lfm25,152,cap96_chunk2048_pollpm_mem0.75,96,2048,lpm,0.75,0,R_concurrent_decode,2,32,32,0,1.4759598672389984,21.68080630800669,4336.161261601339,5550.286414849714,9886.447676451053,141.3749518978875,153.50496140308678,162.30458840727806,162.53080937080085,5.167577449373864,5.1145036522226,5.27001032304457,5.355713110946703,5.167577449373864,1459.107201488223,1459.1330194380134,1461.9650760432703,1462.5669408589602,200.0,256.0,a3
lfm25,152,cap96_chunk2048_pollpm_mem0.75,96,2048,lpm,0.75,0,R_concurrent_decode,3,32,32,0,1.4936402598395944,21.424168094823955,4284.833618964791,5484.587032274932,9769.420651239723,153.78020862408448,176.0208068881184,181.9699440384284,182.17972235754127,5.187788796633956,5.099241391700858,5.362463017797791,5.4720066371830365,5.187788796633957,1476.6663517657437,1476.481680991128,1478.9721842389554,1479.3429981730878,200.0,256.0,a3
lfm25,152,cap96_chunk2048_pollpm_mem0.75,96,2048,lpm,0.75,0,R_concurrent_decode,4,32,32,0,1.4751583328470588,21.69258667863804,4338.517335727607,5553.302189731337,9891.819525458945,145.67411130701657,161.8596324697137,165.60619610827416,166.22763501945883,5.145152141659649,5.075816440341227,5.258430974448428,5.369613081965523,5.145152141659649,1457.687907430227,1457.6595181133598,1460.2715126238763,1460.7781225675717,200.0,256.0,a3
lfm25,152,cap96_chunk2048_pollpm_mem0.75,96,2048,lpm,0.75,0,R_short_decode,0,8,8,0,4.827162563335151,1.6572882920422498,165.72882920422498,424.265802762816,589.994631967041,30.11103975586593,29.976329999044538,31.07120366767049,31.11192712560296,2.240548627580113,2.239620374223473,2.243941207430016,2.244369658776248,2.240546701074947,601.1703801923431,601.1563800275326,602.1651667542756,602.2770971991122,100.0,256.0,a3
lfm25,152,cap96_chunk2048_pollpm_mem0.75,96,2048,lpm,0.75,0,R_short_decode,1,8,8,0,4.82802354497835,1.6569927477509585,165.69927477509586,424.1901434242454,589.8894181993412,29.938206251244992,29.809330822899938,32.2491078870371,32.26940481457859,2.242325279871107,2.241550911875332,2.2490201387436497,2.250437575393719,2.2423220924042364,601.1697592912242,600.1854038331658,604.5596797717735,605.223458497785,100.0,256.0,a3
lfm25,152,cap96_chunk2048_pollpm_mem0.75,96,2048,lpm,0.75,0,R_short_decode,2,8,8,0,4.835359121672809,1.654478974300542,165.4478974300542,423.5466174209388,588.994514850993,30.628081934992224,30.721544520929456,31.87838213052601,31.9208301929757,2.240631271275406,2.240288457559312,2.243606952662924,2.2445628360189613,2.24062922589258,601.7084558843635,601.479695411399,602.8128889389336,602.8788106329739,100.0,256.0,a3
lfm25,152,cap96_chunk2048_pollpm_mem0.75,96,2048,lpm,0.75,0,R_short_decode,3,8,8,0,4.821970164310187,1.6590728949780738,165.90728949780737,424.7226611143869,590.6299506121942,29.5096657355316,29.174582567065958,32.74228619411588,32.9079363681376,2.2399846773155847,2.239528075591022,2.243007639663069,2.244014598767611,2.239982577432687,600.4252251586877,600.269096205011,603.2978241331875,603.4291334636509,100.0,256.0,a3
lfm25,152,cap96_chunk2048_pollpm_mem0.75,96,2048,lpm,0.75,0,R_short_decode,4,8,8,0,4.816978669259697,1.6607920751348249,166.0792075134825,425.1627712345152,591.2419787479977,30.181244772393256,28.407499892637134,37.37848557066172,39.9823954841122,2.2366309690999016,2.239993083126405,2.243596240901471,2.244532696790093,2.236640739772868,599.9654732295312,599.9224539846182,602.2121399408206,602.4700901610777,100.0,256.0,a3
lfm25,170,cap128_chunk-1_pollpm_mem0.85,128,-1,lpm,0.85,0,R_concurrent_decode,0,32,32,0,1.4980797339230776,21.360678791241902,4272.135758248381,5468.333770557928,9740.469528806309,157.93044543534052,159.41088483668864,161.05902139097452,161.4133615605533,5.181784141128517,5.17758421198118,5.183137892654129,5.317579772378155,5.181784141128518,1479.2854014231125,1479.3365024961531,1481.9430417381227,1482.6678685843945,200.0,256.0,a3
lfm25,170,cap128_chunk-1_pollpm_mem0.85,128,-1,lpm,0.85,0,R_concurrent_decode,1,32,32,0,1.484535634983331,21.555562053152943,4311.112410630589,5518.2238856071535,9829.336296237743,147.13156763173174,147.43755804374814,151.76006723195314,151.95179836358875,5.18439105151486,5.184722558467412,5.190828299953365,5.324994152703998,5.184391051514859,1469.151285768021,1469.0948843490332,1473.7778697395695,1474.4525566278026,200.0,256.0,a3
lfm25,170,cap128_chunk-1_pollpm_mem0.85,128,-1,lpm,0.85,0,R_concurrent_decode,2,32,32,0,1.4697538069449363,21.7723538791275,4354.4707758255,5573.72259305664,9928.19336888214,132.14099721517414,133.4743583574891,134.87975921016186,135.39461258798838,5.177703050168359,5.175629394201963,5.177926224583358,5.267857133593483,5.177703050168359,1452.4552750081057,1452.8402124997228,1454.411606956273,1455.5495773768052,200.0,256.0,a3
lfm25,170,cap128_chunk-1_pollpm_mem0.85,128,-1,lpm,0.85,0,R_concurrent_decode,3,32,32,0,1.4681106409989295,21.79672233574072,4359.344467148145,5579.960917949625,9939.305385097769,131.45948355668224,132.527822162956,135.36306449677795,135.45515226200223,5.186406725175296,5.187225832110818,5.193324935732081,5.310722643235589,5.186406725175295,1453.9931984763823,1454.212435754016,1456.8623945815489,1458.165826657787,200.0,256.0,a3
lfm25,170,cap128_chunk-1_pollpm_mem0.85,128,-1,lpm,0.85,0,R_concurrent_decode,4,32,32,0,1.4850859162397685,21.547574891171195,4309.514978234239,5516.179172139826,9825.694150374064,147.55887640058063,152.04510441981256,154.3475157348439,154.5781771512702,5.180509320480804,5.158696356503403,5.220550570326546,5.397922679252339,5.180509320480804,1468.5887531231856,1468.3581036515534,1471.599414711818,1472.3601151444018,200.0,256.0,a3
lfm25,170,cap128_chunk-1_pollpm_mem0.85,128,-1,lpm,0.85,0,R_medium_balanced,0,16,16,0,2.234599149785936,7.1601208662111615,5728.096692968929,1832.9909417500571,7561.087634718986,89.3982705892995,88.50249787792563,92.1448718290776,92.35602817498147,4.008485258707558,4.014574551918344,4.1432877655561065,4.15435409538594,4.008485258707557,1111.562011559727,1111.7193372920156,1143.8216873211786,1144.1556298872456,800.0,256.0,a3
lfm25,170,cap128_chunk-1_pollpm_mem0.85,128,-1,lpm,0.85,0,R_medium_balanced,1,16,16,0,2.240071189124137,7.1426301439357225,5714.104115148578,1828.513316847545,7542.617431996123,91.87838213983925,90.28669423423707,97.7075502742082,97.8721468243748,4.008964641709063,4.017144288210307,4.144178487944837,4.153923593169334,4.008964641709063,1114.1643657756504,1114.148765336722,1143.9124691532925,1144.1148879239336,800.0,256.0,a3
lfm25,170,cap128_chunk-1_pollpm_mem0.85,128,-1,lpm,0.85,0,R_medium_balanced,2,16,16,0,2.239883173722774,7.143229695059217,5714.583756047374,1828.66680193516,7543.250557982533,92.23893273156136,91.86879941262303,94.56217044498771,94.66426509898156,4.009397954716548,4.016601066926823,4.144871176914403,4.157456808321762,4.009397954716548,1114.635411184281,1114.5882355049253,1147.6056987885386,1148.0349198449403,800.0,256.0,a3
lfm25,170,cap128_chunk-1_pollpm_mem0.85,128,-1,lpm,0.85,0,R_medium_balanced,3,16,16,0,2.237817092332989,7.149824735371709,5719.859788297367,1830.3551322551573,7550.214920552525,90.41461782180704,88.85800815187395,94.28081440273672,94.46702369023114,4.009238874777129,4.017065450841305,4.145142404526911,4.158179604667513,4.009238874777129,1112.770530889975,1113.081202376634,1144.4097546627745,1144.904154795222,800.0,256.0,a3
lfm25,170,cap128_chunk-1_pollpm_mem0.85,128,-1,lpm,0.85,0,R_medium_balanced,4,16,16,0,2.234752817079425,7.159628518070393,5727.702814456315,1832.8649006260207,7560.567715082336,89.79670109692961,89.89371173083782,91.85933356638998,91.98909855913372,4.004600553490294,4.0123174743105965,4.14468645045132,4.15628641058563,4.004600553490295,1110.9698422369547,1110.9580465126785,1145.7314321305605,1146.165595157072,800.0,256.0,a3
lfm25,170,cap128_chunk-1_pollpm_mem0.85,128,-1,lpm,0.85,0,R_short_decode,0,8,8,0,4.768196979071945,1.6777830352044465,167.77830352044464,429.5124570123383,597.2907605327829,22.608336876146492,21.830262150615454,26.1932936264202,26.93653011228889,2.24453799045029,2.2443440751921315,2.2464677129484776,2.2472132204681543,2.244536587013852,594.6845994913019,594.2114626523107,597.5656430702657,597.8825981821865,100.0,256.0,a3
lfm25,170,cap128_chunk-1_pollpm_mem0.85,128,-1,lpm,0.85,0,R_short_decode,1,8,8,0,4.778334196191281,1.6742236251237193,167.42236251237193,428.6012480316721,596.0236105440441,24.038957548327744,23.422943893820047,27.440158859826624,28.05213895160705,2.244452312571257,2.243740664904609,2.247634516141101,2.248480176099835,2.244449796619385,595.8125432371162,595.6183450762182,598.3935725642368,598.4960202267393,100.0,256.0,a3
lfm25,170,cap128_chunk-1_pollpm_mem0.85,128,-1,lpm,0.85,0,R_short_decode,2,8,8,0,4.770936755929142,1.6768195449369347,167.68195449369347,429.2658035038553,596.9477579975488,23.136748583056036,22.795652505010366,25.075876293703917,25.086604645475745,2.24366478555601,2.242865233554268,2.248064364380393,2.2487350025970443,2.2436622167102054,594.9901560670696,594.8369444813579,596.5232285903767,596.6236638883129,100.0,256.0,a3
lfm25,170,cap128_chunk-1_pollpm_mem0.85,128,-1,lpm,0.85,0,R_short_decode,3,8,8,0,4.837649445980787,1.6536956820313953,165.36956820313955,423.3460946000372,588.7156628031768,22.04493415774777,21.749159088358283,23.75256661325693,24.0033645555377,2.2805533523185897,2.2428953390130224,2.439031075580244,2.5216900640192748,2.2805697374162777,603.3051459817216,593.5582213569432,644.1268827067688,664.9085756251588,100.0,256.0,a3
lfm25,170,cap128_chunk-1_pollpm_mem0.85,128,-1,lpm,0.85,0,R_short_decode,4,8,8,0,4.769425861071795,1.6773507405359318,167.7350740535932,429.40178957719854,597.1368636307917,22.876948409248143,22.67650095745921,25.45715284068137,26.31228561047465,2.244118047513353,2.2432277225615347,2.24781386558483,2.248420477625928,2.244115863068467,594.8459790088236,594.5853490848094,597.2033655038103,598.2103383122012,100.0,256.0,a3
lfm25,170,cap128_chunk-1_pollpm_mem0.85,128,-1,lpm,0.85,0,R_long_prefill,0,4,4,0,0.3057559640146792,13.082328624039404,52329.31449615762,418.634515969261,52747.94901212688,197.0916928257793,197.6891120430082,198.05416867602617,198.08704412076625,3.2148475330623407,3.18875327526081,3.280718982099525,3.293686712821645,3.2148475330623407,296.7519663507119,296.7524789273739,297.07586949225515,297.09363169502467,4000.0,32.0,a3
lfm25,170,cap128_chunk-1_pollpm_mem0.85,128,-1,lpm,0.85,0,R_long_prefill,1,4,4,0,0.3049451131373644,13.117114613993422,52468.45845597369,419.7476676477895,52888.20612362148,200.25872846599668,200.2252284437418,200.71500833146277,200.7584376540035,3.191844593753577,3.212702243278424,3.218723384973903,3.218971873012681,3.191275133420367,296.7948012519628,296.65123182348907,297.48080919962376,297.56050718482584,4000.0,32.0,a3
lfm25,170,cap128_chunk-1_pollpm_mem0.85,128,-1,lpm,0.85,0,R_long_prefill,2,4,4,0,0.3052173438481986,13.105415143083809,52421.66057233523,419.3732845786818,52841.03385691391,198.15392792224884,198.6147642601281,199.04032470658424,199.0860907919705,3.1936435825041225,3.170552580887752,3.2504201851665013,3.261601402454319,3.1936435825041225,297.15687897987664,297.16068506240845,297.4668027833104,297.48131956905127,4000.0,32.0,a3
lfm25,170,cap128_chunk-1_pollpm_mem0.85,128,-1,lpm,0.85,0,R_long_prefill,3,4,4,0,0.3051905389875173,13.10656619064985,52426.2647625994,419.4101181007952,52845.67488070019,197.1947611309588,197.81379378400743,198.2678985223174,198.313413374126,3.2273954035894525,3.197805738196738,3.307874721565073,3.323148038058031,3.227395403589452,297.2440186422318,297.13541688397527,297.8955003200099,297.94919786509126,4000.0,32.0,a3
lfm25,170,cap128_chunk-1_pollpm_mem0.85,128,-1,lpm,0.85,0,R_long_prefill,4,4,4,0,0.3061631158925593,13.064931052647458,52259.72421058983,418.0777936847186,52677.80200427455,197.92032265104356,198.4544626902789,198.83983274921772,198.875166606158,3.2305294279790213,3.20402990215488,3.3027471861832085,3.3164116008687885,3.2305294279790213,298.0667349183932,297.87992825731635,298.66834084969014,298.7760873651132,4000.0,32.0,a3
lfm25,170,cap128_chunk-1_pollpm_mem0.85,128,-1,lpm,0.85,0,shared_prefix,0,128,128,0,7.279592728242278,17.583401266859983,41302.58535391972,4501.350724316156,45803.93607823587,1076.336739333783,1097.4859301932156,1692.391039361246,1696.7058156011626,9.970230382225733,9.879966768637008,12.701201377089555,12.827565490943837,9.970230382225733,3618.7454868013447,3612.5779412686825,3640.583798964508,3642.044936376624,2348.953125,256.0,a3
lfm25,170,cap128_chunk-1_pollpm_mem0.85,128,-1,lpm,0.85,0,shared_prefix,1,128,128,0,7.260047595947981,17.630738408855624,41413.77808153894,4513.46903266704,45927.24711420599,1074.7400580621616,1081.4800206571815,1672.0391197595743,1675.94348592218,9.94715396064909,9.908582756807114,12.789574151986516,12.854091044405806,9.947153960649088,3611.264318027679,3613.376044202596,3622.251362726092,3624.92126527708,2348.953125,256.0,a3
lfm25,170,cap128_chunk-1_pollpm_mem0.85,128,-1,lpm,0.85,0,shared_prefix,2,128,128,0,7.738642871845514,16.540367880999597,38852.54882272363,4234.334177535897,43086.88300025952,1322.554383354145,1293.5196922626346,2126.4679787214845,2128.279063864611,9.67092046730244,9.299290850393326,12.18231712029699,12.80040221969944,9.671039953079582,3788.2162413916376,3637.898655608296,4074.700909643434,4077.785366573371,2348.953125,256.0,a3
lfm25,170,cap128_chunk-1_pollpm_mem0.85,128,-1,lpm,0.85,0,shared_prefix,3,128,128,0,7.26871344121173,17.60971883611108,41364.40409045449,4508.088022044437,45872.49211249892,1069.6970153985603,1114.5878571551293,1684.7447343403471,1689.420632040128,9.98290408970206,9.751936312144002,12.760727724480423,12.807171142258332,9.98290408970206,3615.3375582725857,3610.4529516305774,3635.941054369323,3637.715503745712,2348.953125,256.0,a3
lfm25,170,cap128_chunk-1_pollpm_mem0.85,128,-1,lpm,0.85,0,shared_prefix,4,128,128,0,7.278965446166694,17.584916558081527,41306.14470196985,4501.738638868871,45807.88334083872,1076.5221755864331,1091.1446255631745,1682.2961837984622,1686.308714756742,9.978821416178322,9.910803549356904,12.807926720866533,12.932043882671232,9.978821416178322,3621.121636711905,3623.0070535093546,3632.1468932321295,3632.9978491086513,2348.953125,256.0,a3
lfm25,170,cap128_chunk-1_pollpm_mem0.85,128,-1,lpm,0.85,0,tool_agent,0,200,200,0,38.0797996991314,5.25212846654133,14005.063162455785,1088.8450130410158,15093.9081754968,317.2611401719041,322.16502889059484,526.2179038953036,541.8294677557424,7.456374840338963,3.3192809914117274,38.05989073589444,99.2738471738994,3.143763424067276,898.008557499852,498.3288529329002,2088.9250805135816,2550.040093669661,2666.55,207.315,a3
lfm25,170,cap128_chunk-1_pollpm_mem0.85,128,-1,lpm,0.85,0,tool_agent,1,200,200,0,37.93850857065991,5.271688517420314,14057.22101612714,1092.9001049889923,15150.121121116132,330.3706233599223,326.4253949746489,541.6752493940294,551.9497229298573,6.646439284541845,3.2677113583001,15.22426852264364,119.961126036942,3.1134019767442616,905.5249375337736,508.5465635638684,2109.025858482346,2531.729395897124,2666.55,207.315,a3
lfm25,170,cap128_chunk-1_pollpm_mem0.85,128,-1,lpm,0.85,0,tool_agent,2,200,200,0,37.94549922039732,5.270717321133345,14054.63127266812,1092.6987614307593,15147.33003409888,330.25230602826923,331.4097688999027,560.3820039192215,561.8558814423159,6.47975861340991,3.2642644775264404,13.993586493575034,108.70318353176116,3.1042238985075863,903.6024600826204,517.2975773457438,2104.7613292234014,2555.2753641596,2666.55,207.315,a3
lfm25,170,cap128_chunk-1_pollpm_mem0.85,128,-1,lpm,0.85,0,tool_agent,3,200,200,0,37.967188604641706,5.2677063367169845,14046.602332172675,1092.0745391964815,15138.676871369156,326.79841896053404,324.451849097386,534.4542354345322,543.1229936517775,6.353758706797089,3.265667186283013,14.250710994653057,106.86981663107872,3.085832286321156,896.7825005669147,501.2279930524528,2095.241738948971,2536.767050684424,2666.55,207.315,a3
lfm25,170,cap128_chunk-1_pollpm_mem0.85,128,-1,lpm,0.85,0,tool_agent,4,200,200,0,37.943503726273775,5.270994514444671,14055.370422492437,1092.756227762097,15148.126650254537,322.31547094648704,320.58933726511896,532.4146173428744,537.5456722220406,6.348082168039631,3.2508310659309734,13.691742421330297,109.10418743267655,3.1011379768424976,895.2041950984858,506.9603889714927,2097.201575082727,2533.352096499869,2666.55,207.315,a3
lfm25,8,cap8_chunk2048_pollpm_mem0.75,8,2048,lpm,0.75,0,R_short_decode,0,8,8,0,4.759591941721737,1.6808163594600245,168.08163594600245,430.2889880217663,598.3706239677688,25.498652306851,24.732598569244143,30.91110016684979,33.20536409970373,2.227774912947648,2.2276085564026644,2.2310709151550374,2.232104508406906,2.227772662828093,593.3022097451612,592.4892032053322,598.696858342737,600.7647638581693,100.0,256.0,a4
lfm25,8,cap8_chunk2048_pollpm_mem0.75,8,2048,lpm,0.75,0,R_short_decode,1,8,8,0,4.752511832863092,1.6833203748554368,168.33203748554368,430.93001596299183,599.2620534485355,24.08753812778741,23.89702503569424,25.958688370883465,25.97493853420019,2.228079330963828,2.2283521298246054,2.2306918744930284,2.231150177089946,2.2280777687167586,591.9688594294712,591.8235031422228,593.5768615687266,593.9458642201498,100.0,256.0,a4
lfm25,8,cap8_chunk2048_pollpm_mem0.75,8,2048,lpm,0.75,0,R_short_decode,2,8,8,0,4.752073381096125,1.6834756870178424,168.34756870178424,430.96977587656767,599.3173445783519,24.71297688316554,24.553495924919844,25.76770344749093,25.914041493088007,2.2275923211878457,2.2274487021872225,2.230066623830912,2.230079962999797,2.227591428779661,592.4703422933817,592.2020173165947,594.3448468577117,594.5567443873733,100.0,256.0,a4
lfm25,8,cap8_chunk2048_pollpm_mem0.75,8,2048,lpm,0.75,0,R_short_decode,3,8,8,0,4.745415912009776,1.685837479440626,168.5837479440626,431.5743947368003,600.1581426808629,24.047394166700546,23.894324898719788,25.571649032644928,25.73127841111273,2.2275728471143643,2.2275969349578317,2.2297617654837074,2.229807412372182,2.227571825558514,591.7997632059269,591.8878833763301,592.4745334079489,592.539764973335,100.0,256.0,a4
lfm25,8,cap8_chunk2048_pollpm_mem0.75,8,2048,lpm,0.75,0,R_short_decode,4,8,8,0,4.745122774038464,1.6859416248973862,168.5941624897386,431.60105597373087,600.1952184634695,24.007551022805277,23.887244518846277,25.114262220449746,25.21661105100065,2.2273201656992114,2.22783889438884,2.229699543358777,2.229959415409053,2.227319294633366,591.6955562424846,591.6034993715584,592.9428516188636,592.9746573837474,100.0,256.0,a4
lfm25,8,cap8_chunk2048_pollpm_mem0.75,8,2048,lpm,0.75,0,R_long_prefill,0,4,4,0,0.2230416112579405,17.933873313774296,71735.49325509719,573.8839460407775,72309.37720113796,104.10615499131382,112.25781869143248,114.04292383231224,114.2747486103326,3.5553907772766484,3.293770710907636,4.264142352246468,4.400890258050733,3.555390777276649,214.32326908688992,214.3647107295692,214.97218580916524,215.04537479951975,4000.0,32.0,a4
lfm25,8,cap8_chunk2048_pollpm_mem0.75,8,2048,lpm,0.75,0,R_long_prefill,1,4,4,0,0.2233487516641616,17.90921135755708,71636.84543022832,573.0947634418266,72209.94019367015,106.71324888244273,115.17243343405426,116.80274077225477,117.01364739332348,3.5239752577317334,3.2469741098823084,4.248802974489666,4.389351492957962,3.523975257731734,215.9564818721265,215.82863084040585,216.4937908295542,216.5794796962291,4000.0,32.0,a4
lfm25,8,cap8_chunk2048_pollpm_mem0.75,8,2048,lpm,0.75,0,R_long_prefill,2,4,4,0,0.2132218331098556,18.759804948957218,75039.21979582887,600.313758366631,75639.5335541955,92.5298312213272,97.69356134347618,99.19349972624332,99.38483449164778,3.4322380576463,3.260399612988676,3.8972155746793553,3.986129393921264,3.432238057646299,198.92921100836247,198.76594934612515,199.4506233604625,199.5370265329257,4000.0,32.0,a4
lfm25,8,cap8_chunk2048_pollpm_mem0.75,8,2048,lpm,0.75,0,R_long_prefill,3,4,4,0,0.2243307502940297,17.830814521670394,71323.25808668157,570.5860646934526,71893.84415137503,106.34346527513117,115.4465025756508,116.82660307269543,117.00011824723332,3.5495632628519687,3.2562068963964137,4.316744633439567,4.466363793359167,3.5495632628519687,216.3799264235422,216.38891636393964,216.98046929668635,217.03944185283035,4000.0,32.0,a4
lfm25,8,cap8_chunk2048_pollpm_mem0.75,8,2048,lpm,0.75,0,R_long_prefill,4,4,4,0,0.2056004051119089,19.455214583953705,77820.85833581482,622.5668666865186,78443.42520250134,90.99257295019925,95.6336569506675,97.34694811049847,97.56789200473575,3.422484774472973,3.267896233967716,3.854217682214033,3.9361778313233966,3.422484774472973,197.0896009588614,196.9384402036667,197.62142833787948,197.7135287458077,4000.0,32.0,a4
lfm25,8,cap8_chunk2048_pollpm_mem0.75,8,2048,lpm,0.75,0,R_medium_balanced,0,16,16,0,2.3107530646957457,6.924149639549089,5539.319711639271,1772.5823077245668,7311.902019363838,103.89895708067344,104.01089442893864,128.6651495611295,129.60678681265563,4.091873884945195,4.16612386447834,4.270075993868066,4.361980798855132,4.091873884945195,1147.326797741698,1147.4954863078892,1181.3990122172982,1181.494874926284,800.0,256.0,a4
lfm25,8,cap8_chunk2048_pollpm_mem0.75,8,2048,lpm,0.75,0,R_medium_balanced,1,16,16,0,2.292444938328117,6.979447895341303,5583.558316273043,1786.7386612073735,7370.296977480416,98.75538948108442,100.12734425254166,111.15059314761312,111.26057852525264,4.084665363873629,4.12806693336689,4.295590611667755,4.396503892836764,4.084665363873628,1140.3450572688598,1140.3905767947435,1191.3456899346784,1191.7441614205018,800.0,256.0,a4
lfm25,8,cap8_chunk2048_pollpm_mem0.75,8,2048,lpm,0.75,0,R_medium_balanced,2,16,16,0,2.272361548151821,7.041133050774105,5632.906440619285,1802.530060998171,7435.436501617455,96.21833905111998,99.76498712785542,103.3305658493191,103.45977623946963,4.053044456568565,4.098522225760069,4.214267393884559,4.30277592511665,4.053044456568565,1129.744675476104,1129.6573290601373,1165.6646872870624,1166.431944351643,800.0,256.0,a4
lfm25,8,cap8_chunk2048_pollpm_mem0.75,8,2048,lpm,0.75,0,R_medium_balanced,3,16,16,0,2.2838675677776337,7.00566014673484,5604.528117387872,1793.448997564119,7397.977114951991,96.01854786160402,100.55160080082716,103.58657536562532,103.79978276323529,4.080170539650592,4.13265845227037,4.195521847691898,4.2731342236420105,4.080170539650591,1136.4620354725048,1136.7540166247636,1159.1740116709843,1159.3872520374134,800.0,256.0,a4
lfm25,8,cap8_chunk2048_pollpm_mem0.75,8,2048,lpm,0.75,0,R_medium_balanced,4,16,16,0,2.32369603170082,6.8855821853294925,5508.465748263594,1762.70903944435,7271.174787707944,110.34870680305175,101.27967945300044,136.32875925395638,136.53398875612766,4.101952395570812,4.164079457119692,4.270219164626563,4.310579645611783,4.101952395570812,1156.346567673609,1156.5977870486677,1163.7212861096486,1164.0738096786663,800.0,256.0,a4
lfm25,8,cap8_chunk2048_pollpm_mem0.75,8,2048,lpm,0.75,0,tool_agent,0,200,200,0,38.44368958892301,5.202414287977892,13872.497819607448,1078.538518112137,14951.036337719586,290.9057207987644,162.93476591818035,939.0810197917702,1917.2457634005689,7.277057980545097,4.161798554936037,16.47719972328666,50.94295565970242,3.7362892457706014,981.1291146161966,478.8572711404413,2773.326156544499,4011.778480168432,2666.55,207.315,a4
lfm25,8,cap8_chunk2048_pollpm_mem0.75,8,2048,lpm,0.75,0,tool_agent,1,200,200,0,38.08888028096408,5.250876332533075,14001.72428451607,1088.5854268790945,15090.309711395164,273.56326102046296,143.80276412703097,1340.1173941791053,1563.8652551826087,4.458316515156174,3.3453104936467883,10.730630179624168,22.623014394193888,3.211808085177039,866.7199781909585,428.5227709915489,2118.9616120886058,2780.571665880268,2666.55,207.315,a4
lfm25,8,cap8_chunk2048_pollpm_mem0.75,8,2048,lpm,0.75,0,tool_agent,2,200,200,0,38.06253048405051,5.254511391033415,14011.417349760151,1089.3390290320924,15100.756378792245,253.06454031262547,134.48410294950008,1160.174821084363,1575.8905829535793,3.969063860464828,3.3279679670897377,6.615062533436636,13.51192086935046,3.1919052369296788,842.4019637331367,399.36102950014174,2138.890435057692,2757.162326583635,2666.55,207.315,a4
lfm25,8,cap8_chunk2048_pollpm_mem0.75,8,2048,lpm,0.75,0,tool_agent,3,200,200,0,38.05760105093941,5.2551919847050685,14013.2321868153,1089.4801263091313,15102.712313124432,247.54996388452128,128.2430780120194,1214.9148584110658,1566.5873082773758,3.774027937532152,3.291611559689045,6.838316879501299,10.24902628440611,3.177612786034411,834.2485006339848,387.5970914959908,2077.025703387335,2887.3908348847167,2666.55,207.315,a4
lfm25,8,cap8_chunk2048_pollpm_mem0.75,8,2048,lpm,0.75,0,tool_agent,4,200,200,0,38.060561966151,5.254783157901588,14012.142029702478,1089.3953703803677,15101.537400082843,269.3909998284653,129.68122819438577,1421.8403994804237,1648.1472786469378,3.9214368997893816,3.309545401287706,7.036902775105676,13.403287455439571,3.203199946805464,860.9579660044983,417.7756162825972,2141.795767890288,2949.152460983022,2666.55,207.315,a4
lfm25,8,cap8_chunk2048_pollpm_mem0.75,8,2048,lpm,0.75,0,shared_prefix,0,128,128,0,16.571153667755425,7.724266068998302,18143.93892110503,1977.4121136635652,20121.351034768595,5504.795066313818,4200.166501104832,14166.778059257183,15329.110252731483,3.754242854656944,3.797424456798563,4.028476495569682,4.030931762565731,3.7543055018442506,6462.025647237169,5125.4233084619045,15166.782718966706,16284.516418850984,2348.953125,256.0,a4
lfm25,8,cap8_chunk2048_pollpm_mem0.75,8,2048,lpm,0.75,0,shared_prefix,1,128,128,0,16.465460577979684,7.773848741964898,18260.40629571577,1990.105277943014,20250.511573658783,5500.866077025421,4206.052276538685,14073.554258886716,15225.124837053012,3.617635240666023,3.793077922298336,4.022847808459226,4.024140640308021,3.6178739436084495,6423.084756963362,5100.61697056517,15074.542791256672,16180.871787453074,2348.953125,256.0,a4
lfm25,8,cap8_chunk2048_pollpm_mem0.75,8,2048,lpm,0.75,0,shared_prefix,2,128,128,0,16.437489503994584,7.787077215708266,18291.479360454232,1993.491767221316,20284.971127675548,5452.187977323774,4159.380316501483,14044.11719522904,15193.201233991424,3.752054147301234,3.790222126625333,4.137151778456481,4.139949721211166,3.752233281899562,6408.6263780154695,5047.856363933533,15044.747954560436,16148.354724897075,2348.953125,256.0,a4
lfm25,8,cap8_chunk2048_pollpm_mem0.75,8,2048,lpm,0.75,0,shared_prefix,3,128,128,0,16.467290671076626,7.772984794931746,18258.37692463241,1989.884107502527,20248.26103213493,5463.690205866442,4224.850215949118,14070.115209138014,15228.127607214268,3.762649542060964,3.796506202871017,4.138154953024259,4.139560287233953,3.762690234140754,6422.58829522325,5108.957906020805,15071.817674813785,16183.498304295355,2348.953125,256.0,a4
lfm25,8,cap8_chunk2048_pollpm_mem0.75,8,2048,lpm,0.75,0,shared_prefix,4,128,128,0,16.56003445200622,7.729452518409043,18156.12164765604,1978.739844712715,20134.86149236876,5504.243425755703,4276.319025084376,14157.69088645465,15313.635867997076,3.771489440107261,3.823168771158831,4.028920336425596,4.030302906993265,3.771529547271564,6465.482554041955,5159.565525129437,15159.33321833144,16269.612802737396,2348.953125,256.0,a4
lfm25,8,cap8_chunk2048_pollpm_mem0.75,8,2048,lpm,0.75,0,R_concurrent_decode,0,32,32,0,4.084214384201914,7.835044145522502,1567.0088291045006,2005.7713012537608,3572.780130358261,1545.0943430623738,1520.102656213567,3075.8192581124604,3075.896123126149,3.817067890571814,3.9008294177405975,3.9457899451657545,3.945960234960213,3.817067890571814,2518.4466551581863,2522.1642148680985,4067.474877764471,4067.685811226256,200.0,256.0,a4
lfm25,8,cap8_chunk2048_pollpm_mem0.75,8,2048,lpm,0.75,0,R_concurrent_decode,1,32,32,0,4.093842253088951,7.816617744822691,1563.323548964538,2001.0541426746088,3564.377691639147,1550.9357916598674,1525.8170585148036,3084.2519600177184,3084.604725264944,3.817433577918849,3.901686426252127,3.9453488762727846,3.9455803597492034,3.8174335779188495,2524.381354029174,2527.892505051568,4075.7327976170927,4076.186987217516,200.0,256.0,a4
lfm25,8,cap8_chunk2048_pollpm_mem0.75,8,2048,lpm,0.75,0,R_concurrent_decode,2,32,32,0,4.0958304409869015,7.8128234215402514,1562.5646843080503,2000.0827959143044,3562.6474802223547,1555.7792170438915,1530.222415458411,3088.553710654378,3088.7281223293394,3.816881981237755,3.9012689819084665,3.947017393348848,3.9472628160580703,3.816881981237755,2529.084122259519,2532.892200862989,4079.56252428703,4079.7725619049743,200.0,256.0,a4
lfm25,8,cap8_chunk2048_pollpm_mem0.75,8,2048,lpm,0.75,0,R_concurrent_decode,3,32,32,0,4.086786687839776,7.830112615179041,1566.022523035808,2004.5088294858344,3570.5313525216425,1546.171981448424,1520.7856430206448,3077.07821901422,3077.126608681865,3.815408969154198,3.8997955309848,3.9466096983090337,3.946815019948225,3.815408969154198,2519.1012685827445,2522.945078788325,4067.83357874956,4068.0691567994654,200.0,256.0,a4
lfm25,8,cap8_chunk2048_pollpm_mem0.75,8,2048,lpm,0.75,0,R_concurrent_decode,4,32,32,0,4.1431132247671485,7.723660509374196,1544.7321018748391,1977.2570903997944,3521.9891922746333,1588.59912531625,1573.9606325514617,3135.1990441558883,3135.392510360107,3.854011682343816,3.899989166643982,3.946242872442977,3.946478700685297,3.854011682343815,2571.372104313923,2577.103020856157,4124.156976281665,4124.432987770997,200.0,256.0,a4
lfm25,32,cap16_chunk2048_pollpm_mem0.75,16,2048,lpm,0.75,0,R_short_decode,0,8,8,0,4.765872922725976,1.6786011985028284,167.86011985028284,429.7219068167241,597.5820266670069,24.799483828246597,24.37451505102217,28.25795866083353,29.62529884185642,2.234055555760038,2.234418639073185,2.237052436071389,2.237866001852721,2.2340535872276504,594.203891872894,593.3911767788231,597.6917950436473,598.8630835339427,100.0,256.0,a4
lfm25,32,cap16_chunk2048_pollpm_mem0.75,16,2048,lpm,0.75,0,R_short_decode,1,8,8,0,4.762883989140391,1.6796545996586083,167.96545996586084,429.9915775126038,597.9570374784646,24.51563923386857,23.601592984050512,27.88200748618692,28.87173920404166,2.2338362178507927,2.233497446914222,2.236734734303828,2.2371158420977606,2.2338345626761016,593.8642233959399,593.3264067862183,596.7844422906637,597.7661444991827,100.0,256.0,a4
lfm25,32,cap16_chunk2048_pollpm_mem0.75,16,2048,lpm,0.75,0,R_short_decode,2,8,8,0,4.777750601992011,1.6744281287232785,167.44281287232783,428.6536009531593,596.0964138254872,25.585231371223927,24.544522166252136,30.3199156653136,31.364641627296805,2.233955830886006,2.2335279586852765,2.23745660040686,2.238594523370993,2.233953416382217,594.9641083716415,594.1269863396883,599.6845936169848,600.7757707266137,100.0,256.0,a4
lfm25,32,cap16_chunk2048_pollpm_mem0.75,16,2048,lpm,0.75,0,R_short_decode,3,8,8,0,4.750242623966187,1.6841245033754606,168.41245033754606,431.1358728641179,599.548323201664,23.32928101532161,23.315572878345847,24.415816948749125,24.5581689896062,2.2326810319329358,2.232907116230504,2.236008175333994,2.2367654706726605,2.232678935923826,592.3833248089068,592.6368709187955,593.783202720806,593.920996626839,100.0,256.0,a4
lfm25,32,cap16_chunk2048_pollpm_mem0.75,16,2048,lpm,0.75,0,R_short_decode,4,8,8,0,4.771369359921664,1.6766675133553994,167.66675133553994,429.2268834189823,596.8936347545222,25.58378962567076,24.080226896330714,32.488569733686745,34.387982287444174,2.235090635099772,2.233313659534735,2.2427209650235493,2.244760967809629,2.235089566958913,594.9728568084538,593.6208814382553,600.4221247043461,601.9992659520358,100.0,256.0,a4
lfm25,32,cap16_chunk2048_pollpm_mem0.75,16,2048,lpm,0.75,0,tool_agent,0,200,200,0,38.10615547513589,5.248495879635487,13995.376687842008,1088.091923286631,15083.46861112864,216.87851314200088,174.55447954125702,552.828891901299,681.4005276653908,30.260660013594773,6.195432373455593,161.16041843779385,236.3560605421663,3.9917857172013247,954.3010476091875,603.8812343031168,2236.6788656450804,2840.936410082497,2666.55,207.315,a4
lfm25,32,cap16_chunk2048_pollpm_mem0.75,16,2048,lpm,0.75,0,tool_agent,1,200,200,0,37.885814814828336,5.2790206830056325,14076.77260226867,1094.4201728973128,15171.192775165982,167.27447987068444,145.0942144729197,304.40336673054844,531.1360809858884,7.999691078664343,3.4824296520285194,34.78398425504565,76.07655702158809,3.2527679974901016,768.1095205270685,311.08323321677744,2017.0187676092607,2541.5384914912224,2666.55,207.315,a4
lfm25,32,cap16_chunk2048_pollpm_mem0.75,16,2048,lpm,0.75,0,tool_agent,2,200,200,0,38.02038588235155,5.260335879253577,14026.948638823626,1090.5465328074552,15117.49517163108,142.6434064283967,144.32547288015485,226.42418830655512,366.50946604553576,6.532760825864707,3.3970711561864104,24.04634174890816,41.24802892096341,3.11185831653207,717.496993241366,261.7935291491449,1919.7588331066072,2396.4590848563203,2666.55,207.315,a4
lfm25,32,cap16_chunk2048_pollpm_mem0.75,16,2048,lpm,0.75,0,tool_agent,3,200,200,0,37.961006727069616,5.268564172650932,14048.889794582345,1092.252381453128,15141.142176035471,140.36106401355937,142.1037840191275,231.07608885038644,342.9752001445737,5.978924769732101,3.3957322800084,25.26638726703821,41.426104586571455,3.1086151188254885,714.6155349141918,256.09873281791806,1905.7032951619476,2335.3567382367287,2666.55,207.315,a4
lfm25,32,cap16_chunk2048_pollpm_mem0.75,16,2048,lpm,0.75,0,tool_agent,4,200,200,0,37.92198301898316,5.273985801319596,14063.346838508767,1093.376366400572,15156.723204909342,133.6322373431176,122.53311811946332,194.91805387660855,330.60737687163027,5.816301237229465,3.2807395940548494,23.93071437254548,38.34436351433396,3.070964924029632,700.8855232852511,251.1639802251011,1853.7666995311156,2275.576379434201,2666.55,207.315,a4
lfm25,32,cap16_chunk2048_pollpm_mem0.75,16,2048,lpm,0.75,0,R_long_prefill,0,4,4,0,0.214825389906764,18.619773024669165,74479.09209867666,595.8327367894133,75074.92483546607,98.31550694070756,104.50697224587202,106.10443118494004,106.30616945680232,3.426794695006984,3.229304096631465,3.975423674790128,4.080730308327944,3.426794695006984,204.5461424859241,204.61539924144745,205.14537144917995,205.19727046135813,4000.0,32.0,a4
lfm25,32,cap16_chunk2048_pollpm_mem0.75,16,2048,lpm,0.75,0,R_long_prefill,1,4,4,0,0.2314746319316327,17.280511331286707,69122.04532514683,552.9763626011746,69675.02168774801,112.092119990848,122.42439552210271,123.7777850124985,123.93973221071064,3.5444842426166416,3.20617051704997,4.405205786198136,4.573398243125167,3.5444842426166416,221.9711315119639,221.9473170116544,222.5645276485011,222.6075511192903,4000.0,32.0,a4
lfm25,32,cap16_chunk2048_pollpm_mem0.75,16,2048,lpm,0.75,0,R_long_prefill,2,4,4,0,0.2099812468513846,19.04932016539087,76197.28066156349,609.5782452925079,76806.858906856,91.18788386695088,96.19481256231666,97.39042478613555,97.5392249133438,3.391989041119814,3.2336907761712226,3.8220117236637776,3.904796902601036,3.391989041119814,196.3395441416651,196.41654682345688,196.51433017570525,196.5197733277455,4000.0,32.0,a4
lfm25,32,cap16_chunk2048_pollpm_mem0.75,16,2048,lpm,0.75,0,R_long_prefill,3,4,4,0,0.2051524608395993,19.497694464057357,77990.77785622943,623.9262228498353,78614.70407907925,90.92509560287,95.64436017535628,97.38813526928423,97.60942868888378,3.38537180270519,3.229592010499008,3.8260504505747273,3.9094110174224745,3.38537180270519,195.87162148673087,195.76171250082552,196.51553351432085,196.57086346298456,4000.0,32.0,a4
lfm25,32,cap16_chunk2048_pollpm_mem0.75,16,2048,lpm,0.75,0,R_long_prefill,4,4,4,0,0.2119139218702912,18.875588563021967,75502.35425208787,604.018834016703,76106.37308610458,95.87187704164536,102.35341126099227,103.65920339245348,103.8180988514796,3.440573601232421,3.2259567355316494,4.003641558360428,4.112899898731659,3.4405736012324213,202.5296586798504,202.39412714727223,203.17737588193268,203.2510847179219,4000.0,32.0,a4
lfm25,32,cap16_chunk2048_pollpm_mem0.75,16,2048,lpm,0.75,0,shared_prefix,0,128,128,0,10.222549073398111,12.52133876599245,29412.03782356161,3205.462724094067,32617.50054765568,3018.9193479563983,1456.5822607837615,8619.915707013559,9088.956627780572,4.525361754807199,4.617716168400412,4.733909728443798,4.736865250156352,4.525453495875977,4172.697858772153,2611.5841548889875,9760.365812713271,10205.797843094915,2348.953125,256.0,a4
lfm25,32,cap16_chunk2048_pollpm_mem0.75,16,2048,lpm,0.75,0,shared_prefix,1,128,128,0,10.169619411230087,12.586508385815542,29565.11820570012,3222.146146768778,32787.2643524689,3064.712360817793,1935.7372210361063,8562.656765943382,9026.311184866354,4.225039501674225,4.5545092966480585,4.682735768329426,4.68554377448106,4.225741854063434,4141.4511933980975,2592.42142084986,9706.91268851514,10146.219184622169,2348.953125,256.0,a4
lfm25,32,cap16_chunk2048_pollpm_mem0.75,16,2048,lpm,0.75,0,shared_prefix,2,128,128,0,10.2072095698677,12.540155967588216,29456.23854805374,3210.279927702584,32666.51847575633,3007.301535362785,1454.51962784864,8581.512974156056,9053.861379660666,4.519658905410863,4.601524557516563,4.675757680088282,4.679542903824911,4.519766337276017,4159.38291259954,2631.5156226046383,9727.181830885813,10183.118778262287,2348.953125,256.0,a4
lfm25,32,cap16_chunk2048_pollpm_mem0.75,16,2048,lpm,0.75,0,shared_prefix,3,128,128,0,10.178074677940458,12.576052352752132,29540.557474160723,3219.469402304546,32760.02687646527,2982.0600476778054,1424.7652501799166,8539.918746217143,9012.992986817844,4.52884318245989,4.575963407827943,4.718544574125725,4.720573530075889,4.528944271593179,4136.728542671335,2587.8806225955486,9703.998338431107,10155.323155252265,2348.953125,256.0,a4
lfm25,32,cap16_chunk2048_pollpm_mem0.75,16,2048,lpm,0.75,0,shared_prefix,4,128,128,0,10.347975589800626,12.369569186668922,29055.53819592968,3166.609711787244,32222.14790771692,3059.6205540750816,1535.9586174599826,8685.862191789773,9171.55526285991,4.541995221975974,4.631227286824701,4.7251498633447815,4.727103464323662,4.542014230527318,4217.798698373372,2717.9023982025683,9849.776950571675,10321.871505742893,2348.953125,256.0,a4
lfm25,32,cap16_chunk2048_pollpm_mem0.75,16,2048,lpm,0.75,0,R_concurrent_decode,0,32,32,0,2.448831327725202,13.06745778596594,2613.491557193188,3345.2691932072808,5958.760750400469,698.3902052452322,698.3813170809299,1297.274859272875,1297.638501022011,4.427202293699534,4.439866318203071,4.466367448296618,4.508651409919064,4.427202293699534,1827.3267901386132,1827.999397413805,2430.403701355681,2430.9687462681904,200.0,256.0,a4
lfm25,32,cap16_chunk2048_pollpm_mem0.75,16,2048,lpm,0.75,0,R_concurrent_decode,1,32,32,0,2.458521769847721,13.015951451990624,2603.1902903981245,3332.0835717096,5935.273862107724,704.5056204806315,704.8819744959474,1307.5002011843026,1307.7655768767,4.433452029936198,4.444191943598437,4.463944453015631,4.517621911386502,4.433452029936198,1835.035888114362,1835.3493474423883,2441.2261763354763,2441.3377517368644,200.0,256.0,a4
lfm25,32,cap16_chunk2048_pollpm_mem0.75,16,2048,lpm,0.75,0,R_concurrent_decode,2,32,32,0,2.451217112597078,13.054739147972017,2610.9478295944027,3342.013221880836,5952.961051475239,707.171491754707,709.3481314368546,1304.0836609667167,1304.780204645358,4.415936614717722,4.411858157711286,4.425698488256803,4.5152467728829855,4.4159366147177215,1833.235328507726,1834.1053607873616,2431.449069525115,2431.738863964565,200.0,256.0,a4
lfm25,32,cap16_chunk2048_pollpm_mem0.75,16,2048,lpm,0.75,0,R_concurrent_decode,3,32,32,0,2.4600992198102176,13.007605442218145,2601.521088443629,3329.946993207845,5931.468081651475,699.8112999135628,700.3449334297329,1298.125260975212,1298.7640778487548,4.441154580654613,4.477795333071958,4.501149859462006,4.513060627833886,4.441154580654613,1832.305717980489,1830.8706113602968,2442.0119306771085,2442.191061945632,200.0,256.0,a4
lfm25,32,cap16_chunk2048_pollpm_mem0.75,16,2048,lpm,0.75,0,R_concurrent_decode,4,32,32,0,2.466646859887988,12.973077143865316,2594.6154287730637,3321.107748829521,5915.723177602584,713.6708078614902,714.0780540648848,1315.1003274135292,1315.6059772428123,4.441223093354162,4.447890843684767,4.47163628112963,4.5596932716594605,4.441223093354162,1846.1826966668011,1846.32526896894,2449.4240498403087,2449.977736240253,200.0,256.0,a4
lfm25,32,cap16_chunk2048_pollpm_mem0.75,16,2048,lpm,0.75,0,R_medium_balanced,0,16,16,0,2.302025382872671,6.9504012071464585,5560.320965717167,1779.3027090294934,7339.62367474666,97.08917743409984,101.22823948040605,104.7873601783067,104.93187033571304,4.099336421281538,4.082987988915514,4.219955640991091,4.223843008809376,4.099336421281538,1142.419964860892,1142.4494467210025,1143.4193443274123,1143.7434007180857,800.0,256.0,a4
lfm25,32,cap16_chunk2048_pollpm_mem0.75,16,2048,lpm,0.75,0,R_medium_balanced,1,16,16,0,2.268627085722983,7.052723693855133,5642.178955084106,1805.497265626914,7447.67622071102,92.41125307744367,91.40481892973185,103.94703852944076,104.1298673953861,4.049957355863287,4.097901485568168,4.177193565056751,4.23788455817118,4.049957355863286,1125.1503788225818,1125.3957024309784,1148.51476973854,1148.7380451988429,800.0,256.0,a4
lfm25,32,cap16_chunk2048_pollpm_mem0.75,16,2048,lpm,0.75,0,R_medium_balanced,2,16,16,0,2.272197477985173,7.041641474836811,5633.313179869449,1802.660217558224,7435.973397427672,94.46167995338328,95.98420071415605,103.40535314753652,103.81891625002028,4.05119776225868,4.089842441802223,4.190979113199694,4.27375527071383,4.05119776225868,1127.5171093293466,1127.3639977443963,1161.6219440475106,1161.8257394060493,800.0,256.0,a4
lfm25,32,cap16_chunk2048_pollpm_mem0.75,16,2048,lpm,0.75,0,R_medium_balanced,3,16,16,0,2.2562647103331983,7.0913665079826425,5673.093206386114,1815.3898260435565,7488.48303242967,90.49185281037352,89.88883788697422,97.07972477190197,97.10904969833793,4.021729910677737,4.023338990359037,4.187332330655088,4.259400025064892,4.021729910677737,1116.0329800331965,1116.2416816223413,1157.3713789694011,1157.713249977678,800.0,256.0,a4
lfm25,32,cap16_chunk2048_pollpm_mem0.75,16,2048,lpm,0.75,0,R_medium_balanced,4,16,16,0,2.321918584872037,6.890853152321778,5512.682521857423,1764.0584069943752,7276.740928851798,100.26661574374884,100.20175413228571,109.10916759166868,109.5346288057044,4.117193503542712,4.154865992456383,4.1911111281746445,4.264066708274185,4.117193503542712,1150.1509591471404,1150.4680232610554,1160.9869027743116,1161.5515449317172,800.0,256.0,a4
qwen,48,cap24_chunk-1_pollpm_mem0.75,24,-1,lpm,0.75,0,tool_agent,0,200,200,0,41.26398530090228,4.846841586957109,13086.205708496913,1004.8229636000128,14091.028672096923,292.43220501579344,288.49291848018765,562.5877129612481,723.5394083475678,19.28207022451684,11.57325430540368,47.57277173921466,136.86474326998015,10.924452895307018,2310.561010630336,731.1119514051825,6856.6567460773485,9939.983808845276,2699.945,207.315,a4
qwen,48,cap24_chunk-1_pollpm_mem0.75,24,-1,lpm,0.75,0,tool_agent,1,200,200,0,41.27118484210223,4.845996080926001,13083.922888715751,1004.647677517174,14088.570566232927,150.36588948452845,156.17485996335745,211.5693507017565,428.33821385633183,10.807638231461713,9.869614187394223,14.207369354688495,51.30246266722679,9.468181945067352,1899.4704811065455,477.1312023513019,5592.183574708178,8165.902887484984,2699.945,207.315,a4
qwen,48,cap24_chunk-1_pollpm_mem0.75,24,-1,lpm,0.75,0,tool_agent,2,200,200,0,41.20081658102572,4.854272720703947,13106.269360901017,1006.3635490927388,14112.632909993756,144.7687176289037,146.23805996961892,216.88656865153465,393.6280865268778,10.710857264145451,9.843540579645428,14.278350640354406,37.91862555779517,9.438947174291474,1888.4726238716396,448.8888659980148,5625.987113616428,8050.785636217327,2699.945,207.315,a4
qwen,48,cap24_chunk-1_pollpm_mem0.75,24,-1,lpm,0.75,0,tool_agent,3,200,200,0,41.18465874763206,4.85617718057453,13111.4112978063,1006.7583721908088,14118.169669997107,136.79185362998396,151.625023689121,186.9660341413689,402.1595577104014,10.36134819343122,9.897293988615274,13.71944999699259,30.93636373989284,9.443608063782088,1881.356789292768,445.2303876169026,5580.833501368759,8146.102776052424,2699.945,207.315,a4
qwen,48,cap24_chunk-1_pollpm_mem0.75,24,-1,lpm,0.75,0,tool_agent,4,200,200,0,41.20525805884972,4.853749482999431,13104.8566478769,1006.2550740680272,14111.111721944928,144.21891680685803,152.11861673742533,203.4909553593025,401.9797752797597,10.047332533557826,9.836067562493302,13.340233178957757,31.518142176792026,9.380424115254783,1877.1115657384507,453.3527437597513,5602.937174378893,8016.109766275616,2699.945,207.315,a4
qwen,48,cap24_chunk-1_pollpm_mem0.75,24,-1,lpm,0.75,0,R_concurrent_decode,0,32,32,0,4.222050840966404,7.579255012636319,1515.8510025272635,1940.2892832348975,3456.140285762161,636.2524840224069,105.7579463813454,2230.8072766289115,2231.2632516678423,8.038689320628514,8.132272196349268,8.136308373719014,8.139608861312416,8.038689320628514,2686.1182607826777,2180.0449658185244,4208.154257782735,4208.524104505777,200.0,256.0,a4
qwen,48,cap24_chunk-1_pollpm_mem0.75,24,-1,lpm,0.75,0,R_concurrent_decode,1,32,32,0,4.2207733620889485,7.581548985175203,1516.309797035041,1940.876540204852,3457.186337239893,635.8179575618124,105.32861249521376,2230.33414115198,2230.850677425042,8.039691265645054,8.13358404271889,8.136984087508537,8.144548340079684,8.039691265645052,2685.939230301301,2179.720832966268,4207.666103099473,4208.260600259528,200.0,256.0,a4
qwen,48,cap24_chunk-1_pollpm_mem0.75,24,-1,lpm,0.75,0,R_concurrent_decode,2,32,32,0,4.226643185131252,7.571019979299788,1514.2039958599576,1938.1811147007456,3452.385110560703,640.3630297427299,110.51056301221251,2233.002892858349,2233.499119072221,8.041371470009086,8.135458453576646,8.137265080586076,8.147554592485083,8.041371470009086,2690.912754595047,2185.404028743505,4211.032627965324,4211.481841760688,200.0,256.0,a4
qwen,48,cap24_chunk-1_pollpm_mem0.75,24,-1,lpm,0.75,0,R_concurrent_decode,3,32,32,0,4.211597112007439,7.598067704236634,1519.6135408473267,1945.1053322845785,3464.718873131905,628.7432012904901,98.63715711981058,2221.906098211184,2222.344203479588,8.040215241592652,8.134294839064573,8.137665594581003,8.145638442488716,8.040215241592652,2678.998087896616,2172.7827745489776,4199.357489543036,4199.689065157436,200.0,256.0,a4
qwen,48,cap24_chunk-1_pollpm_mem0.75,24,-1,lpm,0.75,0,R_concurrent_decode,4,32,32,0,4.227741978131235,7.569052266085733,1513.8104532171465,1937.677380117948,3451.487833335094,642.5116207101382,112.60387999936938,2236.122092604637,2236.706212083809,8.043109247969992,8.137803300119497,8.141184881165186,8.148211376248476,8.043109247969992,2693.5044789424865,2188.0760146304965,4213.856340153143,4214.523287233897,200.0,256.0,a4
qwen,48,cap24_chunk-1_pollpm_mem0.75,24,-1,lpm,0.75,0,R_medium_balanced,0,16,16,0,3.41256511118263,4.688555230073009,3750.8441840584073,1200.2701388986902,4951.114322957098,93.38945092167704,93.37499318644404,94.96619109995665,95.04587897099556,6.3047284832196855,6.307064871504611,6.664829465158868,6.666696763633951,6.3047284832196855,1701.095214142697,1700.9825247805566,1794.1292444011196,1794.165604817681,800.0,256.0,a4
qwen,48,cap24_chunk-1_pollpm_mem0.75,24,-1,lpm,0.75,0,R_medium_balanced,1,16,16,0,3.4165505468845367,4.683085989929223,3746.4687919433786,1198.8700134218811,4945.33880536526,96.1298024340067,96.06722905300558,97.24141063634306,97.35504046548158,6.303000119720203,6.305564047914801,6.662594704596581,6.666148829858239,6.303000119720202,1703.3948329626585,1703.4440794959664,1795.8418003981933,1796.128508145921,800.0,256.0,a4
qwen,48,cap24_chunk-1_pollpm_mem0.75,24,-1,lpm,0.75,0,R_medium_balanced,2,16,16,0,3.431262623053044,4.663006524916952,3730.4052199335615,1193.7296703787397,4924.134890312301,101.1908977816347,100.81232083030044,105.09112116415054,105.25831247214228,6.304945578620605,6.306623639173659,6.665254703394192,6.672342632458928,6.304945578620605,1708.952020329889,1709.01218499057,1804.2130911489949,1804.6692083356904,800.0,256.0,a4
qwen,48,cap24_chunk-1_pollpm_mem0.75,24,-1,lpm,0.75,0,R_medium_balanced,3,16,16,0,3.424477602355182,4.672245480302166,3737.796384241733,1196.0948429573546,4933.891227199088,99.49482674710453,99.5723926462233,108.27773879282176,108.36657634936272,6.304217687027309,6.305959267432199,6.664746120462523,6.669125534484492,6.30421768702731,1707.0703369390685,1707.2241008281708,1791.1447723163292,1791.5093591203913,800.0,256.0,a4
qwen,48,cap24_chunk-1_pollpm_mem0.75,24,-1,lpm,0.75,0,R_medium_balanced,4,16,16,0,3.417138076387346,4.682280798239052,3745.8246385912416,1198.6638843491974,4944.488522940439,96.06316962162964,96.0119287483394,98.73488079756498,98.87459371238948,6.30387601159586,6.306985339295922,6.663673071592461,6.667837393926639,6.30387601159586,1703.551552578574,1703.3838666975498,1797.71693830844,1797.9819011641666,800.0,256.0,a4
qwen,48,cap24_chunk-1_pollpm_mem0.75,24,-1,lpm,0.75,0,R_short_decode,0,8,8,0,9.058380180038512,0.8831601060009813,88.31601060009812,226.0889871362512,314.40499773634934,46.76424886565656,46.50171427056193,48.36203847080469,48.8084814324975,4.251218274893129,4.249996632593227,4.256939002696205,4.257413363339854,4.251218274893129,1130.8249089634046,1130.667642923072,1132.541213859804,1132.5596780935302,100.0,256.0,a4
qwen,48,cap24_chunk-1_pollpm_mem0.75,24,-1,lpm,0.75,0,R_short_decode,1,8,8,0,9.057315289974213,0.883263941231616,88.3263941231616,226.1155689552937,314.4419630784553,46.65861465036869,46.62785632535815,48.346837470307946,48.58034503646195,4.2516478545068965,4.249861746040337,4.256963502962654,4.256987511728179,4.2516478545068965,1130.8288175496273,1130.5023916065693,1133.6887946818024,1133.8492766488343,100.0,256.0,a4
qwen,48,cap24_chunk-1_pollpm_mem0.75,24,-1,lpm,0.75,0,R_short_decode,2,8,8,0,9.06651750439778,0.8823674576395559,88.2367457639556,225.88606915572632,314.1228149196819,47.704386175610125,48.00622165203095,49.90580033045262,50.1442110305652,4.251588763459129,4.251261585958156,4.257059707397632,4.257101488938812,4.251588763459129,1131.859520857688,1132.031467743218,1134.1825239360332,1134.183053299785,100.0,256.0,a4
qwen,48,cap24_chunk-1_pollpm_mem0.75,24,-1,lpm,0.75,0,R_short_decode,3,8,8,0,9.071234724018725,0.8819086092897235,88.19086092897234,225.7686039781692,313.9594649071415,48.479582532309,48.53876656852663,49.90551650989801,50.09250721428543,4.250881048695494,4.249189339359017,4.257522273315664,4.257618490916987,4.250881048695494,1132.4542499496602,1132.475667167455,1135.052255145274,1135.6809341860935,100.0,256.0,a4
qwen,48,cap24_chunk-1_pollpm_mem0.75,24,-1,lpm,0.75,0,R_short_decode,4,8,8,0,9.06578875426203,0.8824383864271071,88.24383864271071,225.90422692533943,314.1480655680502,47.46429657097906,47.39734251052141,48.63320435397327,48.67038159631193,4.2510881933255815,4.250124825493378,4.257933081620756,4.258225304932862,4.2510881933255815,1131.4917858690023,1131.757668917999,1133.881520689465,1134.093784210272,100.0,256.0,a4
qwen,48,cap24_chunk-1_pollpm_mem0.75,24,-1,lpm,0.75,0,R_long_prefill,0,4,4,0,0.3034842531196773,13.18025551204669,52721.022048186765,421.7681763854941,53142.79022457226,104.2870454257354,104.54299696721137,104.9121348420158,104.95036934036762,6.086412483015128,6.068456257062573,6.137991304539384,6.147675849196891,6.0864124830151285,292.9658323992044,292.8244513459504,293.64993390627205,293.7341998610645,4000.0,32.0,a4
qwen,48,cap24_chunk-1_pollpm_mem0.75,24,-1,lpm,0.75,0,R_long_prefill,1,4,4,0,0.3034950387664139,13.179787110387048,52719.1484415482,421.7531875323856,53140.90162908058,103.88436063658446,104.14334177039564,104.49624164029956,104.53245325013997,6.085829058241459,6.071111420169473,6.13078569783078,6.1391228722829005,6.085829058241459,292.5450614420697,292.4986775033176,293.032688065432,293.0758776096627,4000.0,32.0,a4
qwen,48,cap24_chunk-1_pollpm_mem0.75,24,-1,lpm,0.75,0,R_long_prefill,2,4,4,0,0.304647218901664,13.129940967198344,52519.76386879337,420.158110950347,52939.921979743725,108.38166694156826,108.7332689203322,109.12439576350152,109.16069108061492,6.072591701071829,6.051374118654959,6.130542979395438,6.141139941981002,6.072591701071829,296.632009674795,296.6111321002245,297.2791073611006,297.33408521395177,4000.0,32.0,a4
qwen,48,cap24_chunk-1_pollpm_mem0.75,24,-1,lpm,0.75,0,R_long_prefill,3,4,4,0,0.3529576207511127,11.332805313815824,45331.22125526329,362.6497700421064,45693.8710253054,143.25412188190967,153.71223888359964,154.51300034765154,154.60833661723882,6.492828540954618,6.15649516393821,7.33617775202278,7.502506825351906,6.492828540954619,344.53180665150285,344.5635889656842,344.7989084292203,344.8210624698549,4000.0,32.0,a4
qwen,48,cap24_chunk-1_pollpm_mem0.75,24,-1,lpm,0.75,0,R_long_prefill,4,4,4,0,0.3017020332626998,13.258114162316884,53032.45664926753,424.2596531941402,53456.71630246167,104.387549450621,104.65698828920722,105.03633841872217,105.0709518790245,6.09291531521106,6.076098998047172,6.143936592965357,6.153191194659279,6.09291531521106,293.26792422216386,293.2944514323026,293.90709875151515,293.9632326923311,4000.0,32.0,a4
qwen,48,cap24_chunk-1_pollpm_mem0.75,24,-1,lpm,0.75,0,shared_prefix,0,128,128,0,12.047267915215343,10.624815593113835,24386.85700921,2719.9527918371423,27106.80980104714,2921.815056612104,2291.669146390632,8747.156161512248,10668.565139668062,7.275463801629264,7.378212562488282,7.979701710571571,7.983068643874804,7.2750545025189455,4772.293372963759,4168.485283385962,10625.385929830372,12011.505132024176,2295.2734375,256.0,a4
qwen,48,cap24_chunk-1_pollpm_mem0.75,24,-1,lpm,0.75,0,shared_prefix,1,128,128,0,12.06823952915147,10.606352292793762,24344.478686416744,2715.226186955203,27059.70487337195,2927.575830879505,2274.9279339332134,8773.010564525612,10687.006724555977,7.302579823368768,7.3546143349114,8.192990398525781,8.19372476984226,7.302189663622574,4785.412616703979,4169.843044597656,10648.997311550193,12028.794960714877,2295.2734375,256.0,a4
qwen,48,cap24_chunk-1_pollpm_mem0.75,24,-1,lpm,0.75,0,shared_prefix,2,128,128,0,12.069855452049524,10.604932304990028,24341.219426129257,2714.862670077447,27056.082096206705,2977.3068762478943,2272.420451976359,8775.171389128082,10698.951211380772,7.121110660237578,7.36283742201825,8.153573981317596,8.154358195038292,7.120213827520161,4788.733775305445,4163.05669141002,10652.99163304735,12040.28220975306,2295.2734375,256.0,a4
qwen,48,cap24_chunk-1_pollpm_mem0.75,24,-1,lpm,0.75,0,shared_prefix,3,128,128,0,12.185536557342855,10.50425636964412,24110.14062593433,2689.089630628895,26799.230256563227,2988.2522980406065,2317.4346843734384,8873.697682050988,10817.31106793508,7.27356252326934,7.360055440963776,8.161224354989827,8.163930574930676,7.273088545057964,4838.287375685468,4162.156913662329,10750.996688310988,12157.004188816063,2295.2734375,256.0,a4
qwen,48,cap24_chunk-1_pollpm_mem0.75,24,-1,lpm,0.75,0,shared_prefix,4,128,128,0,12.01528107514605,10.653100763890713,24451.77921036931,2727.1937955560225,27178.97300592533,2886.5510935320344,2277.8251743875444,8723.309110663831,10655.890947841108,7.367371845459113,7.482093636049178,8.240933868737056,8.242019933857405,7.366870046854682,4760.498661700694,4171.073770849034,10600.281046028247,11996.360778091475,2295.2734375,256.0,a4
qwen,71,cap24_chunk8192_polfcfs_mem0.9,24,8192,fcfs,0.9,0,R_concurrent_decode,0,32,32,0,4.131434170994908,7.7454943430198595,1549.0988686039718,1982.846551813084,3531.945420417056,662.5012657459592,100.942047778517,2348.794736061245,2348.997233477421,8.187867852964201,8.606648247908144,8.611273918045208,8.62357491621857,8.187867852964201,2750.4075682518305,2296.1722556501627,4115.177985932678,4115.438287588768,200.0,256.0,a4
qwen,71,cap24_chunk8192_polfcfs_mem0.9,24,8192,fcfs,0.9,0,R_concurrent_decode,1,32,32,0,4.12027616193518,7.766469707935907,1553.2939415871813,1988.216245231592,3541.510186818773,661.2911550328135,101.76109476014972,2341.3447766797617,2341.3952527428046,8.184218053265438,8.602924786471561,8.605098401232823,8.615164433240745,8.18421805326544,2748.2667586155003,2295.827222988009,4107.000338868238,4107.205105666071,200.0,256.0,a4
qwen,71,cap24_chunk8192_polfcfs_mem0.9,24,8192,fcfs,0.9,0,R_concurrent_decode,2,32,32,0,4.121189919300377,7.764747712823774,1552.949542564755,1987.7754144828864,3540.724957047641,657.8630873264046,98.18495763465762,2338.266657060012,2338.50670077838,8.1886518023584,8.608711498113824,8.611379803943576,8.622122643862431,8.1886518023584,2745.9692969277967,2293.4947782196105,4104.049883643165,4104.473093445413,200.0,256.0,a4
qwen,71,cap24_chunk8192_polfcfs_mem0.9,24,8192,fcfs,0.9,0,R_concurrent_decode,3,32,32,0,4.12517913011834,7.757238895728149,1551.4477791456295,1985.853157306406,3537.300936452036,658.850431907922,97.67701500095428,2343.882072204724,2343.987644389272,8.188690588120188,8.607873122445216,8.612368400299959,8.623084561041027,8.188690588120188,2746.96653187857,2293.3133360929787,4109.773022471927,4109.914539642632,200.0,256.0,a4
qwen,71,cap24_chunk8192_polfcfs_mem0.9,24,8192,fcfs,0.9,0,R_concurrent_decode,4,32,32,0,4.123986720107496,7.759481824705267,1551.8963649410534,1986.4273471245483,3538.3237120656017,661.464280783548,100.95556755550206,2344.229841371998,2344.4410691037774,8.186491944897902,8.605081902122965,8.60876247442017,8.617540451424086,8.186491944897902,2749.019726732513,2295.941442484036,4110.42777611874,4110.59009545017,200.0,256.0,a4
qwen,71,cap24_chunk8192_polfcfs_mem0.9,24,8192,fcfs,0.9,0,tool_agent,0,200,200,0,41.38458075700328,4.832717798310791,13048.072255960227,1001.8948903568016,14049.967146317029,283.7214958667755,225.7677644956857,618.0392473004753,813.7613482400764,23.572655573337325,11.628291664450924,100.51833488978428,236.1789158079773,10.889293867824463,2295.355198539328,749.0351614542305,6727.063888893462,9678.42320472467,2699.945,207.315,a4
qwen,71,cap24_chunk8192_polfcfs_mem0.9,24,8192,fcfs,0.9,0,tool_agent,1,200,200,0,41.19343520887196,4.8551425484642605,13108.617848013337,1006.543877434868,14115.161725448206,149.65777293546125,152.23306184634566,220.60905396938324,411.6726903710506,10.78385139891096,9.772678867417884,14.77419550903141,35.18107857555151,9.427555235966414,1891.2571894517168,457.0368081331253,5690.852131438442,8181.359598981211,2699.945,207.315,a4
qwen,71,cap24_chunk8192_polfcfs_mem0.9,24,8192,fcfs,0.9,0,tool_agent,2,200,200,0,41.228867520112544,4.850970012757072,13097.352231093397,1005.6788481947324,14103.031079288126,143.37450431892648,146.471893414855,205.0728751346469,396.50794493500064,10.392046442022393,9.891392439603806,13.605959306695596,31.538557382300496,9.456078132663094,1890.19581776578,442.4772204365581,5588.0584333091965,8123.334379331202,2699.945,207.315,a4
qwen,71,cap24_chunk8192_polfcfs_mem0.9,24,8192,fcfs,0.9,0,tool_agent,3,200,200,0,41.1916663008742,4.855351044532895,13109.180775931369,1006.587101797337,14115.767877728704,150.36280076019466,152.2626904770732,215.627389238216,395.7411764468988,10.724524388775736,9.811575895582791,15.12076952254426,34.29286480881274,9.463594731504866,1898.572655511089,448.8800342660397,5673.027333570643,8180.126973809668,2699.945,207.315,a4
qwen,71,cap24_chunk8192_polfcfs_mem0.9,24,8192,fcfs,0.9,0,tool_agent,4,200,200,0,41.19639145117253,4.854794144701905,13107.677177017184,1006.4716481088752,14114.14882512606,143.70564196491614,140.27260057628155,218.12358133029196,395.76984407845794,10.620347094928963,9.89560317248106,14.33014723472297,34.0966094750911,9.495445013405313,1897.8466765163464,446.84696197509766,5612.2419686289495,8151.302961562753,2699.945,207.315,a4
qwen,71,cap24_chunk8192_polfcfs_mem0.9,24,8192,fcfs,0.9,0,R_short_decode,0,8,8,0,9.069748465903103,0.8820531275013055,88.20531275013055,225.8056006403342,314.01091339046474,46.17592174327001,45.816193567588925,48.780618724413216,49.52660920564085,4.256936612164639,4.253666146713145,4.277222277413981,4.285108470960576,4.256936612164638,1131.6947578452528,1130.499345017597,1138.133364659734,1139.3426073575392,100.0,256.0,a4
qwen,71,cap24_chunk8192_polfcfs_mem0.9,24,8192,fcfs,0.9,0,R_short_decode,1,8,8,0,9.069675566628575,0.882060217174207,88.2060217174207,225.807415596597,314.01343731401766,47.04148776363581,46.796939335763454,49.76464349310845,49.83431754168123,4.2537350301156005,4.252372187215324,4.27012016576733,4.274158693229158,4.2537350301156,1131.743920443114,1130.8745180722326,1138.6452857637778,1139.7447843151167,100.0,256.0,a4
qwen,71,cap24_chunk8192_polfcfs_mem0.9,24,8192,fcfs,0.9,0,R_short_decode,2,8,8,0,9.066200897097588,0.8823982714260262,88.23982714260262,225.8939574850627,314.13378462766536,47.27737425127998,47.16147016733885,49.31467114947736,49.631038485094905,4.2520486701772935,4.251612219776885,4.257818322500907,4.2581893920204505,4.2520486701772935,1131.5497851464895,1131.5710900817066,1134.241880220361,1134.4021341437474,100.0,256.0,a4
qwen,71,cap24_chunk8192_polfcfs_mem0.9,24,8192,fcfs,0.9,0,R_short_decode,3,8,8,0,9.072776045184582,0.881758786964221,88.1758786964221,225.7302494628406,313.90612815926266,48.09409298468381,47.42172756232321,52.37117004580796,52.65419476665557,4.24957767941569,4.249710621604441,4.259568333315352,4.259673401768154,4.249577679415689,1131.7364012356848,1130.7148553896695,1136.058151605539,1136.540711647831,100.0,256.0,a4
qwen,71,cap24_chunk8192_polfcfs_mem0.9,24,8192,fcfs,0.9,0,R_short_decode,4,8,8,0,9.069064082112163,0.8821196903635529,88.21196903635528,225.82264073306956,314.03460976942483,47.23295249277726,47.20515897497535,50.68218649830669,51.657790201716125,4.254538148833329,4.251824514757769,4.270922765227072,4.276639564967184,4.254538148833329,1132.1401804452762,1131.3150147907436,1137.0832984801382,1137.8270501177758,100.0,256.0,a4
qwen,71,cap24_chunk8192_polfcfs_mem0.9,24,8192,fcfs,0.9,0,R_long_prefill,0,4,4,0,0.296825778670609,13.475918493045867,53903.67397218348,431.2293917774678,54334.90336396095,99.30142981465906,99.5884365402162,99.91304064169526,99.94022259488702,6.090671079413545,6.075657017889522,6.128360839530585,6.135712394100284,6.090671079413545,288.11223327647895,288.1791274994612,288.3349307347089,288.34369563497603,4000.0,32.0,a4
qwen,71,cap24_chunk8192_polfcfs_mem0.9,24,8192,fcfs,0.9,0,R_long_prefill,1,4,4,0,0.3071484840475023,13.023017230263708,52092.06892105484,416.73655136843865,52508.80547242327,108.39533945545554,108.54610917158423,108.95318055991083,108.98560896981508,6.091079302883196,6.080118045511265,6.130611234074158,6.137611839259344,6.091079302883196,297.2187978448346,297.34225710853934,297.7606937754899,297.8046548459679,4000.0,32.0,a4
qwen,71,cap24_chunk8192_polfcfs_mem0.9,24,8192,fcfs,0.9,0,R_long_prefill,2,4,4,0,0.3002151022665202,13.32378008235223,53295.120329408914,426.3609626352713,53721.48129204418,100.34129186533391,100.45846714638174,100.76940134167673,100.7960108667612,6.078252858001618,6.065654523310162,6.1157212757896025,6.122398263804855,6.078252858001619,288.7671304633841,288.60463039018214,289.3807192565873,289.4694740558043,4000.0,32.0,a4
qwen,71,cap24_chunk8192_polfcfs_mem0.9,24,8192,fcfs,0.9,0,R_long_prefill,3,4,4,0,0.300823476165533,13.29683457882434,53187.33831529736,425.4987065223789,53612.83702181975,104.333232389763,104.50563579797743,104.87455690745264,104.91222814191131,6.072259354104679,6.058184362407173,6.114410485831961,6.122114583249053,6.072259354104679,292.57327236700803,292.466314509511,293.1595866335556,293.2281340053305,4000.0,32.0,a4
qwen,71,cap24_chunk8192_polfcfs_mem0.9,24,8192,fcfs,0.9,0,R_long_prefill,4,4,4,0,0.312847756780684,12.785771715806565,51143.08686322625,409.14469490581,51552.23155813206,116.62941437680274,117.0775587670505,117.42890351451932,117.4573486763984,6.07848585012459,6.0554696547408255,6.140906121131152,6.152854354661558,6.078485850124589,305.062475730665,305.06549775600433,305.64365750178695,305.712062548846,4000.0,32.0,a4
qwen,71,cap24_chunk8192_polfcfs_mem0.9,24,8192,fcfs,0.9,0,shared_prefix,0,128,128,0,12.152183222118763,10.533086743378025,24176.31421695896,2696.470206304774,26872.78442326373,2916.324118072225,2610.226491931826,4718.525017984211,4731.772906202823,7.39426156742998,7.3867993858442,7.968225159280586,7.984273733209039,7.394133707284196,4797.206879862642,4525.583849521354,6593.204795615748,6606.537276082672,2295.2734375,256.0,a4
qwen,71,cap24_chunk8192_polfcfs_mem0.9,24,8192,fcfs,0.9,0,shared_prefix,1,128,128,0,12.171854116022589,10.516064256102563,24137.242954075413,2692.1124495622566,26829.35540363767,2922.61123856224,2631.4873807132244,4731.170616950839,4752.275549238548,7.401925186449755,7.426317529129525,7.970010441198361,7.985344574334435,7.401767617926918,4805.32022375337,4550.339535577223,6608.1584421219295,6629.244487802498,2295.2734375,256.0,a4
qwen,71,cap24_chunk8192_polfcfs_mem0.9,24,8192,fcfs,0.9,0,shared_prefix,2,128,128,0,12.845369989052417,9.964679889258868,22871.66506300632,2550.95805165027,25422.62311465659,3132.2897092686617,3003.409697907045,5137.061352957971,5171.392242470756,7.666564118045267,7.7068599096188946,8.209251389546576,8.229986040698966,7.666500226566823,5082.6952825336775,4985.792589373887,7083.526908745989,7118.088345602155,2295.2734375,256.0,a4
qwen,71,cap24_chunk8192_polfcfs_mem0.9,24,8192,fcfs,0.9,0,shared_prefix,3,128,128,0,12.175893026869744,10.512575933242005,24129.236299272143,2691.2194389099527,26820.455738182096,2920.0903348464635,2642.0218208804727,4736.155857029371,4754.828770617023,7.408827791717175,7.449721944093059,7.986667358827795,8.003753101201914,7.408687669242983,4804.617380337731,4559.733744710684,6607.085877563804,6626.173106157221,2295.2734375,256.0,a4
qwen,71,cap24_chunk8192_polfcfs_mem0.9,24,8192,fcfs,0.9,0,shared_prefix,4,128,128,0,12.149569120258093,10.535353042814814,24181.515993857643,2697.0503789605923,26878.566372818237,2903.825327164668,2602.4523959495127,4687.810952751897,4703.207775261253,7.417383020425579,7.483945009995281,7.950038171062867,7.96338682822476,7.41722169206777,4790.523148039938,4514.023178722709,6568.038738565519,6583.222837266512,2295.2734375,256.0,a4
qwen,71,cap24_chunk8192_polfcfs_mem0.9,24,8192,fcfs,0.9,0,R_medium_balanced,0,16,16,0,3.4229775751009583,4.674292965395221,3739.434372316177,1196.6189991411766,4936.053371457353,95.74130506371148,95.54848610423504,97.67311392351984,97.78449712321162,6.307122291878377,6.309394081871884,6.66691718084336,6.668243025904339,6.307122291878377,1704.0574894926976,1704.606538405642,1797.3966392455625,1797.478150180541,800.0,256.0,a4
qwen,71,cap24_chunk8192_polfcfs_mem0.9,24,8192,fcfs,0.9,0,R_medium_balanced,1,16,16,0,3.444306160788983,4.645347786485653,3716.2782291885214,1189.209033340327,4905.48726252885,106.29077174235135,106.01031547412276,112.2247923631221,112.38961578346787,6.307150236577453,6.309930184929102,6.6653896091213705,6.668893171236942,6.307150236577453,1714.614082069602,1714.529781602323,1811.33396551013,1811.517994105816,800.0,256.0,a4
qwen,71,cap24_chunk8192_polfcfs_mem0.9,24,8192,fcfs,0.9,0,R_medium_balanced,2,16,16,0,3.4327869950793684,4.660935858512267,3728.7486868098135,1193.1995797791403,4921.948266588954,100.11398975620978,99.85343785956502,101.81668004952373,101.96212003938854,6.306846601222002,6.306976860608248,6.663820709960134,6.6691267548822895,6.306846601222002,1708.3598730678204,1708.1817830912769,1800.4279772285372,1800.837399112061,800.0,256.0,a4
qwen,71,cap24_chunk8192_polfcfs_mem0.9,24,8192,fcfs,0.9,0,R_medium_balanced,3,16,16,0,3.435235469136387,4.65761376294312,3726.091010354496,1192.349123313439,4918.440133667934,101.93490999517962,101.60622280091049,108.0167192267254,108.21423514280468,6.306045622491808,6.309313244898529,6.665006707258084,6.670798604540965,6.306045622491807,1709.9765437305905,1710.107235936448,1796.133552561514,1796.615614532493,800.0,256.0,a4
qwen,71,cap24_chunk8192_polfcfs_mem0.9,24,8192,fcfs,0.9,0,R_medium_balanced,4,16,16,0,3.4355291831307118,4.657215569165855,3725.772455332684,1192.2471857064588,4918.019641039143,102.33972806599922,102.09147445857523,105.7238515932113,105.88134140707552,6.305510606091725,6.308977607199374,6.66529123406565,6.672064737672461,6.305510606091725,1710.2449326193891,1710.2189033757895,1799.616926931776,1800.0818143831566,800.0,256.0,a4
lfm25,85,cap32_chunk2048_polfcfs_mem0.8,32,2048,fcfs,0.8,0,R_long_prefill,0,4,4,0,0.1839814609847962,21.74132099282845,86965.2839713138,695.7222717705104,87661.00624308431,76.28351112361997,76.91518706269562,77.26574756670743,77.29749693069607,3.230054663764613,3.201288614241827,3.307857646817161,3.322623899627116,3.230054663764613,176.415205700323,176.22806271538138,176.98239400051534,177.0876911561936,4000.0,32.0,a4
lfm25,85,cap32_chunk2048_polfcfs_mem0.8,32,2048,fcfs,0.8,0,R_long_prefill,1,4,4,0,0.2070243931375444,19.321394640400904,77285.57856160362,618.2846284928289,77903.86319009644,91.94672445300968,97.65816736035048,99.3856463348493,99.60802442859858,3.450446961177213,3.260511386718961,3.9686290404549047,4.068038579707425,3.450446961177213,198.91058024950323,198.7340203486383,199.5480822166428,199.65886767487973,4000.0,32.0,a4
lfm25,85,cap32_chunk2048_polfcfs_mem0.8,32,2048,fcfs,0.8,0,R_long_prefill,2,4,4,0,0.1867256271652877,21.421805141183103,85687.22056473242,685.4977645178593,86372.71832925027,79.0213798172772,80.36234765313566,80.79647240228951,80.84320084191859,3.1915449296995515,3.139718180342067,3.326058444086342,3.3522539914795946,3.191544929699552,177.9592726379633,177.88831307552755,178.5587613005191,178.61481645144522,4000.0,32.0,a4
lfm25,85,cap32_chunk2048_polfcfs_mem0.8,32,2048,fcfs,0.8,0,R_long_prefill,3,4,4,0,0.199790570884943,20.02096486477108,80083.85945908433,640.6708756726746,80724.530334757,83.05822475813329,88.62196863628924,90.0426879292354,90.21918773185462,3.4465080149652016,3.2613905777613965,3.9425599471395536,4.038157018292094,3.446508014965201,189.8999732220545,189.72507654689247,190.5176141532138,190.62303798738867,4000.0,32.0,a4
lfm25,85,cap32_chunk2048_polfcfs_mem0.8,32,2048,fcfs,0.8,0,R_long_prefill,4,4,4,0,0.1865129377692937,21.44623342402005,85784.9336960802,686.2794695686416,86471.21316564885,77.76389818172902,78.39822978712618,78.75891150906682,78.79159511998296,3.2306682626386323,3.2018486395358075,3.3085960451693786,3.323380195595805,3.2306682626386327,177.91461432352662,177.73527279496193,178.47121856175363,178.5732279997319,4000.0,32.0,a4
lfm25,85,cap32_chunk2048_polfcfs_mem0.8,32,2048,fcfs,0.8,0,R_medium_balanced,0,16,16,0,2.3729469240643084,6.742670827460273,5394.1366619682185,1726.12373182983,7120.260393798048,102.14188322424889,100.6509535945952,128.77018516883254,129.2264255695045,4.2286117386538535,4.272919034987104,4.363116800931155,4.424504040941304,4.2286117386538535,1180.4378765809815,1180.5234379135072,1193.2103416183963,1193.575253081508,800.0,256.0,a4
lfm25,85,cap32_chunk2048_polfcfs_mem0.8,32,2048,fcfs,0.8,0,R_medium_balanced,1,16,16,0,2.3887164257466798,6.69815798457476,5358.526387659807,1714.7284440511385,7073.254831710946,104.583239328349,99.20534421689808,140.49800962675363,141.39450250659138,4.248792607127232,4.293385361704757,4.392063919929605,4.434310287492825,4.248792607127233,1188.0253541457932,1187.9678869154304,1194.9971893336624,1195.3457507770509,800.0,256.0,a4
lfm25,85,cap32_chunk2048_polfcfs_mem0.8,32,2048,fcfs,0.8,0,R_medium_balanced,2,16,16,0,2.354798560962081,6.794636392788949,5435.709114231158,1739.4269165539708,7175.136030785129,97.33987812069245,101.76418395712972,103.57132949866354,103.67023539729416,4.206930571372676,4.257866469047526,4.370598987603159,4.456011307352752,4.206930571372676,1170.1071738207247,1170.3617691528052,1205.5897584650666,1205.8197875041517,800.0,256.0,a4
lfm25,85,cap32_chunk2048_polfcfs_mem0.8,32,2048,fcfs,0.8,0,R_medium_balanced,3,16,16,0,2.35368447098881,6.797852557219879,5438.282045775903,1740.250254648289,7178.532300424192,99.59163432358764,100.83161550574005,112.89285472594202,112.9849589895457,4.194009324248113,4.247361319322212,4.340238328201368,4.422376968021339,4.194009324248113,1169.0640120068565,1170.4901873599738,1196.0458304965869,1196.179746766575,800.0,256.0,a4
lfm25,85,cap32_chunk2048_polfcfs_mem0.8,32,2048,fcfs,0.8,0,R_medium_balanced,4,16,16,0,2.3460728782229125,6.819907492438842,5455.925993951074,1745.8963180643436,7201.822312015417,94.0359529631678,96.99057205580176,99.99946248717606,100.10667876340447,4.202579810197338,4.251995900024971,4.365274049889516,4.440204475403709,4.202579810197337,1165.6938045634888,1165.919057326391,1202.2768903989345,1202.6040019933134,800.0,256.0,a4
lfm25,85,cap32_chunk2048_polfcfs_mem0.8,32,2048,fcfs,0.8,0,shared_prefix,0,128,128,0,6.358693211805075,20.129922255466692,47284.24378798555,5153.260097399474,52437.50388538502,1405.0350275028904,1700.9047837927938,1887.9166584461927,1888.5789106227455,5.4147215909640245,5.395742874665586,5.602079114292328,5.6064657614219415,5.414715490905564,2784.983730853128,3075.690627563745,3286.7520983098075,3288.100982489996,2348.953125,256.0,a4
lfm25,85,cap32_chunk2048_polfcfs_mem0.8,32,2048,fcfs,0.8,0,shared_prefix,1,128,128,0,6.2918370217084885,20.34382002559291,47786.679623554046,5208.0179265517845,52994.69755010583,1381.750248328899,1692.3166832420975,1823.622887628153,1824.505233881064,5.39599185173946,5.463167565746927,5.577672793548189,5.582248759328151,5.395960826028712,2756.750672255293,3077.7075614314526,3223.577852267772,3224.868844235316,2348.953125,256.0,a4
lfm25,85,cap32_chunk2048_polfcfs_mem0.8,32,2048,fcfs,0.8,0,shared_prefix,2,128,128,0,6.160457844380289,20.777676470388403,48805.78807535781,5319.085176419431,54124.87325177725,1359.378746677976,1665.5319365672767,1804.328155168332,1805.2241162816065,5.261865691079045,5.263684122074469,5.386044594422714,5.392099835745552,5.2618407345995335,2700.408187647554,3001.8765632994478,3170.423137024045,3171.9198327697814,2348.953125,256.0,a4
lfm25,85,cap32_chunk2048_polfcfs_mem0.8,32,2048,fcfs,0.8,0,shared_prefix,3,128,128,0,6.217252917122096,20.58787083399688,48359.94353261333,5270.494933503201,53630.43846611653,1472.490095111425,1721.2717165239155,2116.083437995985,2116.95890316274,4.936392092877401,5.250029365404272,5.470027085972419,5.480525486801905,4.936426016519924,2730.7002419001947,3022.111010737717,3217.130460869521,3218.1831053318456,2348.953125,256.0,a4
lfm25,85,cap32_chunk2048_polfcfs_mem0.8,32,2048,fcfs,0.8,0,shared_prefix,4,128,128,0,6.210006444714963,20.61189487314214,48416.37487443871,5276.645087524388,53693.019961963095,1379.8254881512548,1675.895709078759,1842.954198922962,1843.8839081022888,5.274948932830031,5.248669762273922,5.404765170944088,5.411089513049115,5.274951281518429,2724.319906585152,3013.134788023308,3209.746744087897,3211.0063878959045,2348.953125,256.0,a4
lfm25,85,cap32_chunk2048_polfcfs_mem0.8,32,2048,fcfs,0.8,0,tool_agent,0,200,200,0,38.06714036129415,5.253875077082378,14009.720586794014,1089.2071116053332,15098.927698399348,239.87153926165772,199.88102512434125,558.5191125050183,649.6063214540482,19.4424470661861,3.84624456790717,114.06758790835735,258.8372621126473,3.6579350472587744,915.6201702170074,596.7404677066952,2151.8935399595644,2657.0260165445447,2666.55,207.315,a4
lfm25,85,cap32_chunk2048_polfcfs_mem0.8,32,2048,fcfs,0.8,0,tool_agent,1,200,200,0,38.24366402486339,5.229624438442242,13945.055046328162,1084.1795904556534,15029.234636783814,150.6549713620916,139.15796857327223,257.69297820515925,288.30056481063366,7.407330895993992,3.375082958152907,37.70706243813038,72.6261548511685,3.1798456216093496,738.0201553576626,300.9096519090235,1965.9875039476897,2366.190289589573,2666.55,207.315,a4
lfm25,85,cap32_chunk2048_polfcfs_mem0.8,32,2048,fcfs,0.8,0,tool_agent,2,200,200,0,38.20424192072824,5.235020771122467,13959.444637236613,1085.2983311652542,15044.742968401868,140.76451556524262,135.98748040385544,235.631645959802,241.6067187162116,5.92299038878891,3.343451682071225,24.563164357095943,45.29803382232792,3.129013942462981,718.7403259472921,273.9602751098573,1922.449328517541,2322.71297886036,2666.55,207.315,a4
lfm25,85,cap32_chunk2048_polfcfs_mem0.8,32,2048,fcfs,0.8,0,tool_agent,3,200,200,0,38.187975662294775,5.23725064058506,13965.390695652091,1085.760616552892,15051.151312204984,140.21548151038587,125.99868467077611,224.94658180512485,245.41088360827416,5.2972224220389945,3.309203778570961,21.41894125379622,40.46489561907947,3.136349090110329,719.5462036901154,269.99661698937416,1931.0403405455872,2305.7599738053927,2666.55,207.315,a4
lfm25,85,cap32_chunk2048_polfcfs_mem0.8,32,2048,fcfs,0.8,0,tool_agent,4,200,200,0,38.17289458215237,5.239319736929498,13970.908044509351,1086.189571261539,15057.097615770892,137.0723242359236,131.59834267571568,206.5643506124616,242.52243982627988,5.531990918747213,3.269482894163383,22.2397624514997,40.89210068807006,3.094032974101207,708.5866250470281,262.2297038324177,1904.1903663426635,2290.701476940882,2666.55,207.315,a4
lfm25,85,cap32_chunk2048_polfcfs_mem0.8,32,2048,fcfs,0.8,0,R_concurrent_decode,0,32,32,0,1.4945163582451642,21.41160906232827,4282.321812465654,5481.371919956037,9763.69373242169,139.12652344151866,151.64135582745075,158.71818473096937,158.79693939816207,5.226350459156047,5.17721849621511,5.342692327959573,5.453215666553553,5.226350459156047,1471.8458905263103,1471.7011817265302,1475.3150646109134,1476.4806164056065,200.0,256.0,a4
lfm25,85,cap32_chunk2048_polfcfs_mem0.8,32,2048,fcfs,0.8,0,R_concurrent_decode,1,32,32,0,1.4836811311542988,21.567976654865262,4313.595330973052,5521.402023645507,9834.99735461856,134.53461721655913,146.82451845146716,153.03696212358773,153.15069205127656,5.175375999362372,5.126933376396112,5.285033809349817,5.388904936027293,5.175375999362372,1454.255497053964,1454.006935004145,1457.1307186968625,1457.4171538697556,200.0,256.0,a4
lfm25,85,cap32_chunk2048_polfcfs_mem0.8,32,2048,fcfs,0.8,0,R_concurrent_decode,2,32,32,0,1.4853761093690991,21.543365211112576,4308.673042222516,5515.101494044819,9823.774536267334,148.4773585689254,159.90336099639535,161.68137886561453,161.85536302160472,5.160878727831148,5.112452105637274,5.239669028304371,5.401211102913116,5.160878727831148,1464.501434165868,1464.3940664827824,1466.9959651539102,1467.9524237196892,200.0,256.0,a4
lfm25,85,cap32_chunk2048_polfcfs_mem0.8,32,2048,fcfs,0.8,0,R_concurrent_decode,3,32,32,0,1.5100151309743524,21.19184062702185,4238.36812540437,5425.111200517594,9663.479325921964,144.5894929202041,158.03610044531524,163.23946411721408,163.4142233338207,5.266825507187248,5.209930524156958,5.425701041651123,5.513813670505495,5.2668255071872485,1487.6299972529523,1487.3433446045965,1491.2073188228533,1491.9942241627723,200.0,256.0,a4
lfm25,85,cap32_chunk2048_polfcfs_mem0.8,32,2048,fcfs,0.8,0,R_concurrent_decode,4,32,32,0,1.5074085099622607,21.22848570146466,4245.697140292932,5434.492339574953,9680.189479867884,141.07888464059215,153.06372358463705,159.95276232715696,160.19949429668486,5.236434714706596,5.1876575375596685,5.344293544561986,5.456959046112995,5.236434714706597,1476.3697368907742,1475.9637648239732,1479.697766015306,1480.28948682826,200.0,256.0,a4
lfm25,85,cap32_chunk2048_polfcfs_mem0.8,32,2048,fcfs,0.8,0,R_short_decode,0,8,8,0,4.801857789978385,1.6660218502714157,166.60218502714156,426.5015936694824,593.103778696624,29.966605769004676,29.096872080117464,32.91501414496452,33.215979733504355,2.227401198383131,2.227184025789885,2.232870094806904,2.234669466863516,2.227397413139632,597.6745214429684,596.7964290175587,600.2324347384274,600.3598502464592,100.0,256.0,a4
lfm25,85,cap32_chunk2048_polfcfs_mem0.8,32,2048,fcfs,0.8,0,R_short_decode,1,8,8,0,4.800454186741263,1.6665089778579296,166.65089778579295,426.62629833163,593.2771961174229,30.384811747353524,30.60294804163277,32.91045702062547,32.99070413224399,2.227034161499071,2.2264639134792725,2.2311785964177937,2.232125877461389,2.227030592349973,597.7208551485091,598.4902391210198,599.629820510745,599.9506770074368,100.0,256.0,a4
lfm25,85,cap32_chunk2048_polfcfs_mem0.8,32,2048,fcfs,0.8,0,R_short_decode,2,8,8,0,4.815662063192576,1.6612461370880218,166.12461370880217,425.2790110945336,591.4036248033358,31.385025999043137,31.274655368179083,34.37764698173851,35.09514543693513,2.227304391450963,2.226656465334635,2.230921086189273,2.23171654808267,2.227302005247627,598.7902118358761,599.0350579377264,601.1077619623393,601.1223664041609,100.0,256.0,a4
lfm25,85,cap32_chunk2048_polfcfs_mem0.8,32,2048,fcfs,0.8,0,R_short_decode,3,8,8,0,4.810661164112389,1.6629730773142226,166.29730773142225,425.721107792441,592.0184155238633,31.356398831121624,31.4493109472096,33.9994766516611,34.37175379600376,2.226792779298977,2.2263382881076312,2.2315411278694723,2.2328033371632507,2.226789676743711,598.9094176911749,599.5247538667172,601.3878036988899,601.5174856921658,100.0,256.0,a4
lfm25,85,cap32_chunk2048_polfcfs_mem0.8,32,2048,fcfs,0.8,0,R_short_decode,4,8,8,0,4.794185606762767,1.6686880017150467,166.86880017150466,427.184128439052,594.0529286105566,29.24984856508672,28.79789960570633,32.26071777753532,32.41631238721311,2.227220695574688,2.227322719808595,2.2297727376588843,2.230177655900842,2.227219195726778,596.9123410759494,596.2846309412271,599.5638043619692,599.7629379667342,100.0,256.0,a4
lfm25,105,cap48_chunk2048_pollpm_mem0.8,48,2048,lpm,0.8,0,R_medium_balanced,0,16,16,0,2.403335095848888,6.657415367351676,5325.93229388134,1704.298334042029,7030.230627923369,113.9248799881898,115.01770350150764,138.18779319990426,139.12757134530693,4.236901372753303,4.214539329576142,4.403686737093856,4.433464893304249,4.236901372753303,1194.334730040282,1194.1887706052512,1199.3596865795553,1199.7662904672325,800.0,256.0,a4
lfm25,105,cap48_chunk2048_pollpm_mem0.8,48,2048,lpm,0.8,0,R_medium_balanced,1,16,16,0,2.385702886618674,6.706618871001689,5365.295096801351,1716.8944309764324,7082.189527777783,112.6305072393734,109.47671113535762,140.41357033420354,141.27542360220104,4.212300760634975,4.237076468473556,4.384671710888107,4.412226658770997,4.212300760634974,1186.7672012012918,1186.5403545089066,1190.7380416523663,1191.1600050982088,800.0,256.0,a4
lfm25,105,cap48_chunk2048_pollpm_mem0.8,48,2048,lpm,0.8,0,R_medium_balanced,2,16,16,0,2.3589047100394964,6.782808958710377,5426.247166968302,1736.3990934298563,7162.646260398158,116.97048219502904,108.72890520840885,145.97037294879556,146.09443629160523,4.14955510833901,4.151759044650722,4.282277207091159,4.319084951033196,4.149542484585052,1174.3257765483577,1174.0727787837386,1182.2861495893449,1182.6155075337738,800.0,256.0,a4
lfm25,105,cap48_chunk2048_pollpm_mem0.8,48,2048,lpm,0.8,0,R_medium_balanced,3,16,16,0,2.353532351087779,6.798291934506429,5438.633547605144,1740.362735233646,7178.996282838789,100.17296590376644,100.02073692157865,113.72733605094254,113.96527760662138,4.193954521392965,4.185408195845929,4.315371713692359,4.357218914208751,4.193954521392965,1169.6313688589726,1169.7715672198683,1181.8174221552908,1182.008266914636,800.0,256.0,a4
lfm25,105,cap48_chunk2048_pollpm_mem0.8,48,2048,lpm,0.8,0,R_medium_balanced,4,16,16,0,2.346348940394819,6.819105088993153,5455.284071194522,1745.6909027822471,7200.974973976769,101.08365787891672,104.1409862227738,111.88671865966172,111.98984372895212,4.178914657163927,4.166189806681929,4.312824380273621,4.325709999447652,4.178914657163928,1166.706895455718,1166.5614515077325,1167.7362465998158,1168.0361508158967,800.0,256.0,a4
lfm25,105,cap48_chunk2048_pollpm_mem0.8,48,2048,lpm,0.8,0,R_short_decode,0,8,8,0,4.775275479070842,1.6752960190595358,167.5296019059536,428.8757808792412,596.4053827851948,26.203998480923477,26.17075270973146,29.416569089517,30.01553426496685,2.2298404951488564,2.2298291279916085,2.231650765546981,2.2318491330187693,2.2298404951488564,594.8133247438818,594.5671792142093,597.6558484369889,598.114746962674,100.0,256.0,a4
lfm25,105,cap48_chunk2048_pollpm_mem0.8,48,2048,lpm,0.8,0,R_short_decode,1,8,8,0,4.758348084054887,1.681255733856002,168.12557338560018,430.4014678671365,598.5270412527367,24.842359242029488,25.03892104141414,26.78151454310864,27.351812324486676,2.228575222212456,2.2285258607464096,2.231548728932645,2.231792698486471,2.228575222212456,593.1290409062058,593.330355361104,594.6459529921412,594.9965529516339,100.0,256.0,a4
lfm25,105,cap48_chunk2048_pollpm_mem0.8,48,2048,lpm,0.8,0,R_short_decode,2,8,8,0,4.749207206070423,1.6844916746892875,168.44916746892878,431.22986872045766,599.6790361893865,24.0832909476012,23.87214661575854,25.712807942181826,25.826100129634145,2.2280167774571216,2.227632376347102,2.230230106643456,2.2310922618991897,2.2280167774571216,592.2275691991672,591.7965590488166,594.2829965613782,594.403237234801,100.0,256.0,a4
lfm25,105,cap48_chunk2048_pollpm_mem0.8,48,2048,lpm,0.8,0,R_short_decode,3,8,8,0,4.742771692108363,1.6867773781545157,168.67773781545156,431.815008807556,600.4927466230075,23.175936250481755,23.040838073939085,24.45682124234736,24.739871518686414,2.227756221933911,2.2278063026640345,2.229068165316301,2.2291391868801678,2.2277562219339115,591.2537728436291,591.082435566932,592.8011168725789,593.0450857616961,100.0,256.0,a4
lfm25,105,cap48_chunk2048_pollpm_mem0.8,48,2048,lpm,0.8,0,R_short_decode,4,8,8,0,4.75380113394931,1.682863833505347,168.2863833505347,430.8131413773688,599.0995247279035,24.23960459418595,23.701130412518975,27.99911161419004,28.78594420384616,2.228390955019231,2.2274260774400894,2.231532113498771,2.2322551769332266,2.228390955019231,592.4792981240898,591.6377739049494,595.9324712865055,596.7685786448419,100.0,256.0,a4
lfm25,105,cap48_chunk2048_pollpm_mem0.8,48,2048,lpm,0.8,0,tool_agent,0,200,200,0,38.22382458904758,5.232338787398756,13952.292993538154,1084.7423157095732,15037.035309247727,220.14646226307377,176.23192653991282,585.750123974867,659.8657853389158,31.41687951293225,6.123835776144495,164.01948402635753,274.6886439435184,3.978985625155312,955.2043717261404,669.4369516335428,2214.7342096548523,2763.483003382565,2666.55,207.315,a4
lfm25,105,cap48_chunk2048_pollpm_mem0.8,48,2048,lpm,0.8,0,tool_agent,1,200,200,0,37.94209192087874,5.271190645393598,14055.893415474298,1092.7968886497738,15148.690304124071,169.82603379990906,156.71446546912193,312.04459245782346,319.0762518160045,7.440241397560383,3.3292717300355434,29.046130878850796,93.73085368424654,3.147684277939697,751.2977504637092,316.20938843116164,1936.337011773139,2436.6160801472115,2666.55,207.315,a4
lfm25,105,cap48_chunk2048_pollpm_mem0.8,48,2048,lpm,0.8,0,tool_agent,2,200,200,0,37.92305650189519,5.273836511305598,14062.948749221943,1093.34541634132,15156.294165563262,144.2068896559067,150.21152654662728,224.84841472469267,275.8422733284533,6.785574129857596,3.323177722674133,26.94337004795669,57.302911672741175,3.129911941684836,722.3955226433463,273.7028831616044,1889.1812841640783,2358.7764965742795,2666.55,207.315,a4
lfm25,105,cap48_chunk2048_pollpm_mem0.8,48,2048,lpm,0.8,0,tool_agent,3,200,200,0,37.91797385085374,5.2745434338522,14064.833793538584,1093.4919719890688,15158.325765527652,140.68064289167523,138.05016968399286,226.36034304741767,278.6113613797352,6.695579099592554,3.2390528668959933,22.82337751239538,60.69570245221257,3.0477474898725503,703.6453204834834,268.9104734454304,1868.7358014518395,2268.769781473089,2666.55,207.315,a4
lfm25,105,cap48_chunk2048_pollpm_mem0.8,48,2048,lpm,0.8,0,tool_agent,4,200,200,0,37.91395260300487,5.275102865010941,14066.325544694922,1093.607950459743,15159.933495154666,130.73500879341736,124.59951313212514,191.3454317022115,241.07024769764396,5.271245871395674,3.227297050410063,19.2561199888587,40.88587209582329,3.0664979182295675,697.1478392696008,254.57579223439097,1863.1429550703613,2267.982277744446,2666.55,207.315,a4
lfm25,105,cap48_chunk2048_pollpm_mem0.8,48,2048,lpm,0.8,0,R_long_prefill,0,4,4,0,0.2405308224260807,16.629885349638588,66519.54139855434,532.1563311884348,67051.69772974278,119.00517519097777,127.06915731541812,130.1214206730947,130.15426873695105,3.524956015509463,3.2632457873513623,4.265176768474761,4.392375323410716,3.524956015509463,228.2788116717711,228.3666436560452,228.8198345573619,228.8594302767888,4000.0,32.0,a4
lfm25,105,cap48_chunk2048_pollpm_mem0.8,48,2048,lpm,0.8,0,R_long_prefill,1,4,4,0,0.2325561707839369,17.2001456100527,68800.58244021081,550.4046595216864,69350.98709973249,111.85761436354368,119.5990650448948,121.5535243973136,121.58117908984424,3.442907732190384,3.1891104975535023,4.130468660244537,4.253497416634231,3.4429077321903843,218.5877540614456,218.4614904690534,219.36820184346288,219.43854227196425,4000.0,32.0,a4
lfm25,105,cap48_chunk2048_pollpm_mem0.8,48,2048,lpm,0.8,0,R_long_prefill,2,4,4,0,0.217749189119786,18.369758418707864,73479.03367483146,587.8322693986516,74066.8659442301,99.51733832713217,106.56445403583348,108.16613326314835,108.19407165516168,3.3921718019090834,3.163182094032245,4.007917509654597,4.11964509741313,3.3921718019090834,204.67466418631372,204.62309895083308,205.24802419822663,205.30102548655125,4000.0,32.0,a4
lfm25,105,cap48_chunk2048_pollpm_mem0.8,48,2048,lpm,0.8,0,R_long_prefill,3,4,4,0,0.2217369428835809,18.039393652595496,72157.57461038198,577.2605968830559,72734.83520726505,105.64795322716236,113.67334239184856,116.10917169600724,116.1385327205062,3.440214448698586,3.1725887224198352,4.159104999064678,4.287752476821263,3.440214448698586,212.29460113681853,212.12175954133272,212.8834448987618,212.9899688856676,4000.0,32.0,a4
lfm25,105,cap48_chunk2048_pollpm_mem0.8,48,2048,lpm,0.8,0,R_long_prefill,4,4,4,0,0.2201512847095728,18.16932390504496,72677.29562017984,581.4183649614388,73258.71398514128,99.80572375934572,106.68655531480908,108.37439133320004,108.5868985624984,3.431921366662268,3.1988357434109336,4.046859997024218,4.1655287018886975,3.431921366662268,206.195286125876,206.04175422340631,207.11132485885173,207.2309299791232,4000.0,32.0,a4
lfm25,105,cap48_chunk2048_pollpm_mem0.8,48,2048,lpm,0.8,0,R_concurrent_decode,0,32,32,0,1.4829556550830605,21.578527915056014,4315.705583011204,5524.103146254341,9839.808729265544,134.28210334677715,150.21297335624695,158.4605598123744,158.95211708266288,5.197410138641192,5.131440344905736,5.28432142309041,5.400253596806936,5.197410138641192,1459.621688700281,1459.4101258553565,1462.3174377717078,1463.85442327708,200.0,256.0,a4
lfm25,105,cap48_chunk2048_pollpm_mem0.8,48,2048,lpm,0.8,0,R_concurrent_decode,1,32,32,0,1.4671903885900974,21.810393694543304,4362.078738908661,5583.460785803086,9945.539524711749,137.53111197729595,150.14950139448047,155.0615459214896,155.47865083441138,5.144494384476988,5.094463107011775,5.241700155642248,5.360155181502741,5.144494384476988,1449.377180018928,1449.348155176267,1452.0369817735627,1452.4436327349397,200.0,256.0,a4
lfm25,105,cap48_chunk2048_pollpm_mem0.8,48,2048,lpm,0.8,0,R_concurrent_decode,2,32,32,0,1.4837302551604807,21.56726257262906,4313.452514525812,5521.219218593039,9834.67173311885,132.19980034045875,148.09387153945863,151.96004684548825,152.3309204587713,5.218267623465234,5.15200455362598,5.300507753740484,5.420608574232342,5.218267623465235,1462.8580443240935,1462.9011126235127,1465.2598958928138,1466.4805891225114,200.0,256.0,a4
lfm25,105,cap48_chunk2048_pollpm_mem0.8,48,2048,lpm,0.8,0,R_concurrent_decode,3,32,32,0,1.4798403326421976,21.62395448626896,4324.7908972537925,5535.732348484854,9860.523245738646,140.36412638961338,154.03942437842488,157.7953514875844,158.31686022225767,5.203387532132112,5.149797579346625,5.303801890261764,5.424962556610505,5.203387532132111,1467.2279470833018,1467.3381643369794,1469.8850622866305,1470.4737237794325,200.0,256.0,a4
lfm25,105,cap48_chunk2048_pollpm_mem0.8,48,2048,lpm,0.8,0,R_concurrent_decode,4,32,32,0,1.4766899347305298,21.67008743500337,4334.017487000674,5547.542383360863,9881.559870361536,132.0925250183791,133.58093053102493,152.81105004251003,153.4135577781126,5.20780446263505,5.199629229073431,5.279537690894714,5.399471694895742,5.20780446263505,1460.0826629903167,1459.853988373652,1462.821234157309,1463.925227751024,200.0,256.0,a4
lfm25,105,cap48_chunk2048_pollpm_mem0.8,48,2048,lpm,0.8,0,shared_prefix,0,128,128,0,5.81791751505807,22.000999441588405,51679.316391442335,5632.255857046632,57311.57224848897,957.5018925861514,785.2871050126851,2458.1706261495124,2471.128825787455,6.108101150930401,5.567368885100472,7.12774794311354,7.145830169136776,6.107958917116034,2514.7451058765,2204.7874166164547,4272.799469716847,4287.515796646476,2348.953125,256.0,a4
lfm25,105,cap48_chunk2048_pollpm_mem0.8,48,2048,lpm,0.8,0,shared_prefix,1,128,128,0,5.817360303830355,22.00310678981329,51684.266453640645,5632.7953381922025,57317.06179183285,810.3845466321218,382.6272985897958,2470.7403461216013,2488.651657695882,6.696142737184821,7.111658985890887,7.185467833141779,7.195132209050404,6.695989822810314,2517.286514823354,2212.5123615842317,4281.26168011222,4302.637265133672,2348.953125,256.0,a4
lfm25,105,cap48_chunk2048_pollpm_mem0.8,48,2048,lpm,0.8,0,shared_prefix,2,128,128,0,5.762091748882085,22.214155132957323,52180.00911879489,5686.823714037075,57866.83283283196,777.4130506149959,341.51460183784366,2407.2652016300704,2422.8794927615672,6.709130712697718,7.122935169358172,7.193376867137119,7.209965757196989,6.709003621484969,2487.737247276528,2172.4559778813277,4222.12226218544,4237.528171385638,2348.953125,256.0,a4
lfm25,105,cap48_chunk2048_pollpm_mem0.8,48,2048,lpm,0.8,0,shared_prefix,3,128,128,0,5.7821301450021565,22.13717034899986,51999.175469940565,5667.115609343964,57666.29107928453,789.1804192986456,356.6167009994388,2418.951927009038,2437.2605612454936,6.702431099191964,7.142214294449955,7.159832482061842,7.171364640212054,6.702303611763177,2497.7965845755534,2176.7951766960323,4242.686034669168,4261.057875272818,2348.953125,256.0,a4
lfm25,105,cap48_chunk2048_pollpm_mem0.8,48,2048,lpm,0.8,0,shared_prefix,4,128,128,0,5.799398434348404,22.071254708400037,51844.34271996722,5650.241205350409,57494.58392531763,802.0741354193888,372.5553099066019,2452.313454286195,2468.913000258617,6.687518643510127,7.0751431169828365,7.1622766421048665,7.17145152518335,6.687386250014922,2506.835177122412,2196.561709512025,4255.036735069007,4271.401245328598,2348.953125,256.0,a4
qwen,137,cap64_chunk8192_pollpm_mem0.8,64,8192,lpm,0.8,0,R_long_prefill,0,4,4,0,0.2959505417384207,13.515771846552138,54063.08738620855,432.5046990896684,54495.592085298216,99.850446684286,99.94949609972537,100.3017325187102,100.338176866062,6.061100573729603,6.048907277985446,6.096988704596315,6.103157846617602,6.061100573729604,287.7445644699037,287.6706989482045,288.3409236324951,288.3891532709822,4000.0,32.0,a4
qwen,137,cap64_chunk8192_pollpm_mem0.8,64,8192,lpm,0.8,0,R_long_prefill,1,4,4,0,0.2916131690144539,13.7168016572041,54867.20662881639,438.9376530305312,55306.14428184692,95.76945973094551,95.78438894823194,96.11536639276892,96.14302941132335,6.059868839539347,6.053137983525954,6.077287307069185,6.080628092130345,6.059868839539347,283.6253937566653,283.6819600779563,283.8691322831437,283.8814086979255,4000.0,32.0,a4
qwen,137,cap64_chunk8192_pollpm_mem0.8,64,8192,lpm,0.8,0,R_long_prefill,2,4,4,0,0.2942160340026021,13.595452109060185,54381.80843624074,435.0544674899259,54816.86290373067,96.13219811581077,96.20583080686627,96.48930681869388,96.51296144351365,6.072169094676933,6.063128198166528,6.103955003462972,6.109425300251572,6.072169094676933,284.3694400507957,284.2312438879162,284.9293854786083,285.01214498188347,4000.0,32.0,a4
qwen,137,cap64_chunk8192_pollpm_mem0.8,64,8192,lpm,0.8,0,R_long_prefill,3,4,4,0,0.2970168800093233,13.467248056320704,53868.99222528282,430.9519378022625,54299.944163085085,99.74505158606917,99.78154650889336,100.16365009360015,100.2034620102495,6.0673770907845705,6.056265342199514,6.103417199976261,6.109950738478331,6.0673770907845705,287.83374140039086,287.6916551031172,288.5529736056924,288.6408396437764,4000.0,32.0,a4
qwen,137,cap64_chunk8192_pollpm_mem0.8,64,8192,lpm,0.8,0,R_long_prefill,4,4,4,0,0.3012485620565712,13.278071678393085,53112.286713572335,424.8982937085787,53537.18500728091,99.70807959325612,99.76070490665734,100.17087515443563,100.21331015974285,6.199168157763779,6.187025382513962,6.237795321841634,6.244821507153252,6.199168157763779,291.88229248393327,291.73530428670347,292.6198735367507,292.7087021525949,4000.0,32.0,a4
qwen,137,cap64_chunk8192_pollpm_mem0.8,64,8192,lpm,0.8,0,R_concurrent_decode,0,32,32,0,2.645729401148856,12.094963296739506,2418.992659347901,3096.310603965313,5515.303263313214,95.36315930017736,95.35416052676736,97.29444943368436,97.60332798585296,9.959879447591913,9.958641125144911,9.96280915240812,9.972106345308324,9.959879447591913,2635.1324184361147,2635.000245878473,2637.400088389404,2638.002969310619,200.0,256.0,a4
qwen,137,cap64_chunk8192_pollpm_mem0.8,64,8192,lpm,0.8,0,R_concurrent_decode,1,32,32,0,2.64958393573761,12.077367909875862,2415.4735819751727,3091.806184928221,5507.2797669033935,95.73412756435572,95.88166791945696,97.69929407630116,97.887176531367,9.965762235429686,9.96462827749258,9.969644062129746,9.977855801125806,9.965762235429686,2637.0034975989256,2636.9773489423096,2639.1546229599044,2639.878613669425,200.0,256.0,a4
qwen,137,cap64_chunk8192_pollpm_mem0.8,64,8192,lpm,0.8,0,R_concurrent_decode,2,32,32,0,2.6507758870720863,12.071937184906863,2414.387436981373,3090.415919336157,5504.80335631753,93.90240750508384,93.90567685477436,95.86313327308744,95.96204737666994,9.968194329378417,9.966810170889776,9.972274219160717,9.983778512123608,9.968194329378417,2635.7919614965795,2635.606807889417,2638.7058535125107,2639.3921034922823,200.0,256.0,a4
qwen,137,cap64_chunk8192_pollpm_mem0.8,64,8192,lpm,0.8,0,R_concurrent_decode,3,32,32,0,2.6573026329278946,12.042286641902528,2408.4573283805053,3082.825380327047,5491.282708707552,100.63941427506506,100.60465056449176,102.92030163109304,103.07511723600328,9.96472212216616,9.964226304060396,9.966290982841862,9.98107422334964,9.96472212216616,2641.643555427436,2641.5272953454405,2643.8857052242383,2644.97120580636,200.0,256.0,a4
qwen,137,cap64_chunk8192_pollpm_mem0.8,64,8192,lpm,0.8,0,R_concurrent_decode,4,32,32,0,2.6608375580981374,12.026288452900651,2405.2576905801307,3078.729843942567,5483.987534522697,103.82099520938937,103.88308693654837,105.9219895163551,106.30663915071636,9.965040310863497,9.964438141597544,9.967257852538252,9.979680265190408,9.965040310863497,2644.906274479581,2644.938797224313,2647.813667263836,2647.831612499431,200.0,256.0,a4
qwen,137,cap64_chunk8192_pollpm_mem0.8,64,8192,lpm,0.8,0,R_medium_balanced,0,16,16,0,3.450006710831076,4.637672138366868,3710.1377106934942,1187.244067421918,4897.381778115412,107.55183413857594,107.40536917001008,109.07703067641704,109.18080841656774,6.314998076014294,6.317075416810956,6.674494057912014,6.680629191390585,6.314998076014294,1717.8763435222208,1717.7012593019754,1810.5209061177447,1810.7722226763144,800.0,256.0,a4
qwen,137,cap64_chunk8192_pollpm_mem0.8,64,8192,lpm,0.8,0,R_medium_balanced,1,16,16,0,3.4499326711520557,4.637771668354627,3710.217334683701,1187.2695470987844,4897.486881782485,118.49361390341072,118.45745402388276,124.0540579892695,124.26203982904552,6.289856357623382,6.283324939545755,6.62556142907399,6.625692795056439,6.289280605521405,1719.5086080464534,1719.6388291195035,1806.9116965634748,1807.0691307773811,800.0,256.0,a4
qwen,137,cap64_chunk8192_pollpm_mem0.8,64,8192,lpm,0.8,0,R_medium_balanced,2,16,16,0,3.440346503164619,4.650694337120497,3720.5554696963977,1190.577750302847,4911.133219999245,104.0464387042448,103.6861315369606,108.06352319195868,108.13880385830998,6.3170619208511765,6.320397994097542,6.681280414226885,6.685936770712336,6.317061920851177,1714.897228521295,1714.9053975008428,1804.789548623376,1805.0323787843809,800.0,256.0,a4
qwen,137,cap64_chunk8192_pollpm_mem0.8,64,8192,lpm,0.8,0,R_medium_balanced,3,16,16,0,3.416660567279905,4.682935189180361,3746.348151344289,1198.8314084301724,4945.17955977446,90.555461589247,90.440203435719,94.1173826577142,94.22630856279284,6.316137025657786,6.318528612381687,6.674119842457859,6.67738680700388,6.316137025657786,1701.1704031319823,1701.248397352174,1795.6594033166766,1795.7409111782908,800.0,256.0,a4
qwen,137,cap64_chunk8192_pollpm_mem0.8,64,8192,lpm,0.8,0,R_medium_balanced,4,16,16,0,3.4146809740923345,4.685650027453297,3748.520021962638,1199.526407028044,4948.046428990682,90.92932593193837,91.068193083629,91.80806123185904,91.85925147030504,6.31695738263136,6.318394725630974,6.677165275037873,6.681842859103983,6.316957382631361,1701.7534585029352,1701.596187194809,1793.4410441666842,1793.860500305891,800.0,256.0,a4
qwen,137,cap64_chunk8192_pollpm_mem0.8,64,8192,lpm,0.8,0,shared_prefix,0,128,128,0,7.285383267793804,17.569425697319776,40326.636115188,4497.772978513863,44824.40909370186,520.9629609817057,512.0744917076081,553.2017970224842,584.759998335503,12.157148282294902,12.042836452923028,12.667880708205642,12.675753470857208,12.15719671042782,3620.668209743599,3603.480454767123,3737.024877849035,3738.797417050228,2295.2734375,256.0,a4
qwen,137,cap64_chunk8192_pollpm_mem0.8,64,8192,lpm,0.8,0,shared_prefix,1,128,128,0,7.306890471838415,17.517711602948822,40207.93812803398,4484.534170354898,44692.47229838888,529.2974046860763,547.5698604714125,577.6696963468567,578.68627066724,12.167248858358375,12.074736987724606,12.617109179971555,12.619742578370314,12.16729938321467,3631.578519300092,3607.601609313861,3771.0096874507135,3773.931118478067,2295.2734375,256.0,a4
qwen,137,cap64_chunk8192_pollpm_mem0.8,64,8192,lpm,0.8,0,shared_prefix,2,128,128,0,7.172275508753955,17.846497927160293,40962.59264460983,4568.703469353035,45531.29611396287,472.5092770604533,466.7019376065582,515.4077243758366,538.6168146692216,12.13989561899668,12.057395998450502,12.60226383823536,12.604407086986685,12.139948148986722,3567.8166816724115,3554.465513909236,3682.2210657875994,3683.795582717285,2295.2734375,256.0,a4
qwen,137,cap64_chunk8192_pollpm_mem0.8,64,8192,lpm,0.8,0,shared_prefix,3,128,128,0,7.169835630338639,17.852571048962027,40976.53211976405,4570.258188534279,45546.79030829833,460.8150087369722,467.04505244269967,501.0615119477734,516.801086589694,12.176220757193978,12.08952914135321,12.61300980177361,12.614779063902212,12.176272291290028,3565.3839345068263,3544.2315686959773,3687.566053518094,3688.8070188649,2295.2734375,256.0,a4
qwen,137,cap64_chunk8192_pollpm_mem0.8,64,8192,lpm,0.8,0,shared_prefix,4,128,128,0,7.137294037267566,17.93396759775409,41163.35945611065,4591.095705025047,45754.455161135695,449.39372430962976,447.4768163636327,498.7907712114975,514.3319940939546,12.174471625500566,12.078798717972433,12.599123449466536,12.600781326437843,12.17452393672248,3553.51687430084,3543.1901565752923,3663.98007159587,3665.298303295858,2295.2734375,256.0,a4
qwen,137,cap64_chunk8192_pollpm_mem0.8,64,8192,lpm,0.8,0,tool_agent,0,200,200,0,41.40114773763344,4.830783949938687,13042.85097171721,1001.493974581539,14044.344946298748,278.61383392941207,239.19404414482412,541.7966723907732,696.3947971304879,25.576372967982515,12.027895334428882,94.66212242841712,260.2381296735257,11.015477784261115,2313.5030450159684,793.9662595745176,6766.808639513325,9755.736439321185,2699.945,207.315,a4
qwen,137,cap64_chunk8192_pollpm_mem0.8,64,8192,lpm,0.8,0,tool_agent,1,200,200,0,41.23229471920058,4.850566803570753,13096.263588466836,1005.5952568822706,14101.858845349108,158.3804994705133,165.18204868771136,243.425522884354,244.7481626458466,10.687766417980407,9.845421743576884,13.565611340371625,36.51681791059673,9.38458921013014,1892.042587203905,458.7707498576492,5606.513309711589,8120.940449964251,2699.945,207.315,a4
qwen,137,cap64_chunk8192_pollpm_mem0.8,64,8192,lpm,0.8,0,tool_agent,2,200,200,0,41.25010602129623,4.848472386876916,13090.608778586397,1005.161052885388,14095.769831471784,154.23203728627414,163.30846305936575,224.3884568568319,231.9456923240796,10.698367476028825,9.932545129720808,14.161787971692236,36.20579755865037,9.385011607970815,1887.925231626723,448.658048408106,5612.07769003231,8055.907214484173,2699.945,207.315,a4
qwen,137,cap64_chunk8192_pollpm_mem0.8,64,8192,lpm,0.8,0,tool_agent,3,200,200,0,41.21779435500503,4.85227322639874,13100.870836249143,1005.9490239308548,14106.81986018,158.3043698174879,167.20197536051273,227.65329752583057,271.7577448906377,11.778882804713644,9.975457018299494,36.19332066737115,50.24493793956936,9.495884127134296,1912.526524043642,471.2500725872815,5733.3494694205,8114.493771484116,2699.945,207.315,a4
qwen,137,cap64_chunk8192_pollpm_mem0.8,64,8192,lpm,0.8,0,tool_agent,4,200,200,0,41.20920587936416,4.853284496320556,13103.601209418204,1006.158675354696,14109.7598847729,156.06681306147948,162.91800374165177,227.02939619775864,229.24359381664544,11.216160281353822,9.965856627691512,32.27525278925896,37.81151098199189,9.424263607768175,1897.0110293244943,451.8681061454117,5618.425520393065,8072.712973188603,2699.945,207.315,a4
qwen,137,cap64_chunk8192_pollpm_mem0.8,64,8192,lpm,0.8,0,R_short_decode,0,8,8,0,9.094153102952989,0.8796860916496225,87.96860916496225,225.19963946230337,313.1682486272656,50.38012278964743,50.23334757424891,52.50522433780134,52.78823549859226,4.254440780884276,4.254974166442659,4.260897262697565,4.261636632969421,4.254440780884275,1135.2625219151378,1135.9959358815104,1136.8856425164267,1136.9051693892106,100.0,256.0,a4
qwen,137,cap64_chunk8192_pollpm_mem0.8,64,8192,lpm,0.8,0,R_short_decode,1,8,8,0,9.093620567116886,0.879737607364938,87.9737607364938,225.21282748542413,313.186588221918,50.28601817321032,49.95184345170856,53.08697829023004,53.14807573333383,4.254942304938666,4.254287274956119,4.260540362538807,4.26080356109157,4.254942304938667,1135.2963059325702,1135.651354212314,1138.108968781307,1138.4251441899687,100.0,256.0,a4
qwen,137,cap64_chunk8192_pollpm_mem0.8,64,8192,lpm,0.8,0,R_short_decode,2,8,8,0,9.102403170894831,0.8788887780295435,87.88887780295434,224.99552717556315,312.88440497851747,50.33496348187328,50.68270745687187,53.24363484978676,53.51558282971382,4.259170766225925,4.25748443504905,4.277382011379244,4.283784994983352,4.259170766225925,1136.423508869484,1136.5895583294332,1141.2696246989071,1142.630793619901,100.0,256.0,a4
qwen,137,cap64_chunk8192_pollpm_mem0.8,64,8192,lpm,0.8,0,R_short_decode,3,8,8,0,9.10305312043056,0.8788260261873122,87.88260261873121,224.97946270395192,312.8620653226831,51.463904383126646,51.15922610275448,54.90598171018064,56.066564274951816,4.2549023338520495,4.252954153344035,4.26110822816982,4.261196487163212,4.2549023338520495,1136.463999515399,1135.6625352054834,1141.3819417823106,1142.650340879336,100.0,256.0,a4
qwen,137,cap64_chunk8192_pollpm_mem0.8,64,8192,lpm,0.8,0,R_short_decode,4,8,8,0,9.090512413997205,0.880038400000634,88.0038400000634,225.28983040016232,313.2936704002257,49.58439077017829,49.28020713850856,51.730533014051616,52.50853279139847,4.25475059812158,4.255421505327902,4.258779555047844,4.258915145388421,4.254750598121581,1134.545793291181,1134.2205803375691,1137.522859731689,1138.3938156533986,100.0,256.0,a4
lfm25,168,cap128_chunk-1_pollpm_mem0.75,128,-1,lpm,0.75,0,R_short_decode,0,8,8,0,4.778088454157114,1.6743097321774576,167.43097321774576,428.6232914374292,596.054264655175,23.444950173143297,21.8712508212775,31.41571052838116,35.00732115004212,2.242775642425506,2.2403885062564823,2.2569216302512203,2.2619819953104185,2.2427744660097164,595.0720921973698,592.7619158755988,603.7438347702846,605.6432668818161,100.0,256.0,a4
lfm25,168,cap128_chunk-1_pollpm_mem0.75,128,-1,lpm,0.75,0,R_short_decode,1,8,8,0,4.8530605640262365,1.6484442949879392,164.84442949879391,422.0017395169125,586.8461690157063,24.397609115112573,22.678404580801725,30.70240931119769,32.39840510766953,2.2765771955219987,2.23973737207844,2.43091952396509,2.510821618237017,2.276592470007588,604.6441149082966,594.8624243028462,645.9719378035516,664.1101108398288,100.0,256.0,a4
lfm25,168,cap128_chunk-1_pollpm_mem0.75,128,-1,lpm,0.75,0,R_short_decode,2,8,8,0,4.770698937121779,1.6769031342033287,167.69031342033287,429.28720235605215,596.9775157763851,24.20981164323166,23.831659695133567,27.75165766943246,28.69367702398449,2.2392480145781897,2.239227594405997,2.243067437350581,2.244174373130877,2.239245462791776,594.9374989722855,594.6594472043216,598.4660387970507,599.1687115468085,100.0,256.0,a4
lfm25,168,cap128_chunk-1_pollpm_mem0.75,128,-1,lpm,0.75,0,R_short_decode,3,8,8,0,4.78140074107796,1.673149864070254,167.3149864070254,428.326365201985,595.6413516090105,25.108621455729008,24.51089839451015,30.50895386841148,31.113569024018943,2.2401798151592933,2.2397402071339245,2.2434035288480567,2.243649673601591,2.240178083234511,596.074010420125,595.4956943169236,600.7554238894954,601.0849808575585,100.0,256.0,a4
lfm25,168,cap128_chunk-1_pollpm_mem0.75,128,-1,lpm,0.75,0,R_short_decode,4,8,8,0,4.781943699810654,1.6729598887407997,167.29598887407997,428.2777315176447,595.5737203917247,25.284259754698724,24.828905006870627,29.30550957098603,31.12853715196252,2.2402698472274865,2.240001365505889,2.2428073501246737,2.243623377983262,2.2402681024811795,596.2725923745893,595.8094343077391,600.2484014956281,601.9553861534223,100.0,256.0,a4
lfm25,168,cap128_chunk-1_pollpm_mem0.75,128,-1,lpm,0.75,0,R_concurrent_decode,0,32,32,0,1.486805488821119,21.52265393193608,4304.530786387216,5509.799406575636,9814.33019296285,164.5587725797668,165.94797791913152,168.35232509765774,168.5208528721705,5.128071403790576,5.122131826903891,5.124726612212172,5.262287736030332,5.128071403790576,1472.2169805463636,1472.4668953567743,1474.5917628286406,1474.9674343550578,200.0,256.0,a4
lfm25,168,cap128_chunk-1_pollpm_mem0.75,128,-1,lpm,0.75,0,R_concurrent_decode,1,32,32,0,1.4633072069846094,21.86827198503408,4373.654397006816,5598.277628168725,9971.932025175542,139.72309717792086,140.42732887901366,142.73839085362852,145.49907297827303,5.125245666953132,5.120283109592457,5.125074750999463,5.222514979687392,5.125245666953132,1446.6607422509696,1446.1633441969752,1450.8138246135786,1453.392984913662,200.0,256.0,a4
lfm25,168,cap128_chunk-1_pollpm_mem0.75,128,-1,lpm,0.75,0,R_concurrent_decode,2,32,32,0,1.4615738322027028,21.894206980822563,4378.841396164513,5604.916987090576,9983.758383255088,139.30500287096947,140.59545192867515,142.73628033697605,142.86918601952493,5.126101554054128,5.123366735072112,5.1258237785933645,5.250658330471054,5.126101554054127,1446.460899154772,1446.475505363196,1448.396251862869,1448.67348740343,200.0,256.0,a4
lfm25,168,cap128_chunk-1_pollpm_mem0.75,128,-1,lpm,0.75,0,R_concurrent_decode,3,32,32,0,1.500742802862078,21.322774254837377,4264.554850967475,5458.6302092383685,9723.185060205844,188.04539588745683,188.2880835328251,190.44901814777404,190.77895623631773,5.116051674678949,5.114559264758265,5.116496275740081,5.148405512592973,5.116057413956591,1487.6838558266172,1487.6111506018788,1489.8061165353283,1489.89939999301,200.0,256.0,a4
lfm25,168,cap128_chunk-1_pollpm_mem0.75,128,-1,lpm,0.75,0,R_concurrent_decode,4,32,32,0,1.4715919010341167,21.745159087592807,4349.031817518561,5566.760726423759,9915.79254394232,150.9101106057642,152.05049328505993,154.31792056187987,154.73667164333165,5.123300068696742,5.117441466370341,5.122156460568601,5.243602983799635,5.123300068696742,1457.351628123433,1457.3289540130645,1459.971760422923,1460.684361224994,200.0,256.0,a4
lfm25,168,cap128_chunk-1_pollpm_mem0.75,128,-1,lpm,0.75,0,shared_prefix,0,128,128,0,7.296191249974072,17.543399784162027,41208.623746131714,4491.110344745479,45699.7340908772,1080.8974970896088,1084.0732150245458,1694.7941393358633,1698.4383326256648,9.992662891169198,9.922499726435134,12.834418206201756,12.980873408836915,9.992662891169196,3629.026534337754,3628.957133041695,3644.245865126141,3645.900329425931,2348.953125,256.0,a4
lfm25,168,cap128_chunk-1_pollpm_mem0.75,128,-1,lpm,0.75,0,shared_prefix,1,128,128,0,7.321225075051188,17.483412774207743,41067.7170716402,4475.753670197182,45543.47074183738,1091.1208229699696,1090.2010360732677,1703.0772435478866,1707.2102848254144,9.994528199775443,9.926559727675482,12.838649667945562,12.939174702737994,9.994528199775443,3639.725513912708,3641.849992563948,3653.7738173268735,3656.75155821722,2348.953125,256.0,a4
lfm25,168,cap128_chunk-1_pollpm_mem0.75,128,-1,lpm,0.75,0,shared_prefix,2,128,128,0,7.57060145586729,16.907507381834073,39714.94230051972,4328.321889749523,44043.26419026924,1221.7809081084852,1238.9683844521642,1917.1181835932657,1919.280183520168,9.9447423676718,9.628164070640125,12.632148475568814,12.837678365281546,9.944758551156628,3757.6166452272446,3666.057921713218,3883.646599506028,3885.272743650712,2348.953125,256.0,a4
lfm25,168,cap128_chunk-1_pollpm_mem0.75,128,-1,lpm,0.75,0,shared_prefix,3,128,128,0,7.300415821839124,17.533247848306015,41184.77732467794,4488.51144916634,45673.28877384427,1086.140389466891,1101.63891245611,1710.2571655530485,1713.8984381081536,9.974434047834103,9.856498113595972,12.846916084561276,12.899698868795646,9.974434047834103,3629.6210716645874,3619.4896216038615,3656.972035649233,3659.336956655607,2348.953125,256.0,a4
lfm25,168,cap128_chunk-1_pollpm_mem0.75,128,-1,lpm,0.75,0,shared_prefix,4,128,128,0,7.286272680386901,17.567281052292874,41264.71972553663,4497.223949386976,45761.943674923605,1080.3245242823325,1077.6172084733844,1689.2499085282907,1693.2650303747505,9.96311265053901,9.963046626973094,12.835618686935335,12.955788744248304,9.96311265053901,3620.91825016978,3617.908066837117,3639.8542498704046,3641.762084416114,2348.953125,256.0,a4
lfm25,168,cap128_chunk-1_pollpm_mem0.75,128,-1,lpm,0.75,0,R_long_prefill,0,4,4,0,0.3248851322568953,12.31204386674455,49248.1754669782,393.9854037358256,49642.160870714026,211.27801726106557,211.8136612698436,212.29392034001648,212.34331377781928,3.27863042513209,3.2538010498448724,3.3590138957445177,3.3737138810477427,3.27863042513209,312.91556044016033,313.01768869161606,313.74250180087984,313.811012012884,4000.0,32.0,a4
lfm25,168,cap128_chunk-1_pollpm_mem0.75,128,-1,lpm,0.75,0,R_long_prefill,1,4,4,0,0.3343595089390874,11.96317105708128,47852.68422832512,382.821473826601,48235.50570215172,192.5324344774708,224.6049335226417,226.1253296630457,226.18553078267723,4.271956160664558,3.260299180363936,6.753429545149687,7.239217542472385,4.271956160664558,324.9630754580721,325.37804055027664,326.1149449273944,326.1800530925393,4000.0,32.0,a4
lfm25,168,cap128_chunk-1_pollpm_mem0.75,128,-1,lpm,0.75,0,R_long_prefill,2,4,4,0,0.3240677621215582,12.343097547912205,49372.39019164881,394.9791215331905,49767.369313182,211.79600397590548,212.5385373365134,212.8567822976038,212.88500310387465,3.289170848626283,3.259297332636291,3.362561753320117,3.377033691372602,3.289170848626283,313.76030028332025,313.7721542734653,313.99371318984777,314.0108105400577,4000.0,32.0,a4
lfm25,168,cap128_chunk-1_pollpm_mem0.75,128,-1,lpm,0.75,0,R_long_prefill,3,4,4,0,0.323164421133697,12.37760018868275,49510.400754731,396.083206037848,49906.48396076885,213.4659484727308,214.01646779850125,214.44406998343769,214.47994687594476,3.2502944100527995,3.225508709287932,3.313474793497833,3.325594436046817,3.2502944100527995,314.2250751843676,314.23578155227005,314.5033816341311,314.5241138804704,4000.0,32.0,a4
lfm25,168,cap128_chunk-1_pollpm_mem0.75,128,-1,lpm,0.75,0,R_long_prefill,4,4,4,0,0.3300110530108213,12.120806147268157,48483.22458907262,387.86579671258096,48871.0903857852,214.56411853432652,214.7157546132803,215.32440362498164,215.38054941222072,3.2723630898662157,3.2495242738795858,3.355264067349415,3.3700750128275927,3.2723630898662157,316.0073743201792,315.89589756913483,317.73048711474985,317.9600888444111,4000.0,32.0,a4
lfm25,168,cap128_chunk-1_pollpm_mem0.75,128,-1,lpm,0.75,0,R_medium_balanced,0,16,16,0,2.243240592069924,7.132538550060825,5706.030840048659,1825.9298688155711,7531.960708864231,91.26669648685493,90.71678994223475,93.73347030486912,93.8442452577874,4.017177938287347,4.025084644957793,4.148785115730966,4.159925327928481,4.017177938287348,1115.6470707501285,1115.725553361699,1147.5248435745016,1147.6920527638867,800.0,256.0,a4
lfm25,168,cap128_chunk-1_pollpm_mem0.75,128,-1,lpm,0.75,0,R_medium_balanced,1,16,16,0,2.2542203566990797,7.097797672020524,5678.238137616419,1817.036204037254,7495.274341653673,95.74372123461217,92.4369499552995,103.68456831201912,103.81700014695524,4.023695529173767,4.068152246741104,4.148839806279569,4.16063927652716,4.023695529173767,1121.7860811739229,1121.9706675037742,1149.0940109360963,1149.525614688173,800.0,256.0,a4
lfm25,168,cap128_chunk-1_pollpm_mem0.75,128,-1,lpm,0.75,0,R_medium_balanced,2,16,16,0,2.267902758903801,7.054976205299761,5643.980964239809,1806.0739085567388,7450.054872796548,94.8931512539275,95.42199247516692,96.11734107602388,96.31526267621666,4.023861006819917,4.034018673587079,4.14628265516869,4.160525020686727,4.023861006819917,1120.9777079930063,1123.4083303716034,1152.3234682390466,1153.4288817318156,800.0,256.0,a4
lfm25,168,cap128_chunk-1_pollpm_mem0.75,128,-1,lpm,0.75,0,R_medium_balanced,3,16,16,0,2.249810027889908,7.111711567490154,5689.369253992123,1820.5981612774797,7509.967415269602,91.81041509145872,91.74159541726112,93.61282514873892,93.75190243590625,4.018183552440913,4.025147275487874,4.149571330943966,4.162794392391601,4.018183552440913,1116.4472209638916,1117.3311090096831,1148.721930803731,1149.6843414846808,800.0,256.0,a4
lfm25,168,cap128_chunk-1_pollpm_mem0.75,128,-1,lpm,0.75,0,R_medium_balanced,4,16,16,0,2.247367830947041,7.119439808505933,5695.551846804747,1822.576590977519,7518.128437782266,93.78220510552636,93.83814875036478,95.73693573474884,95.81488184630872,4.014734627437029,4.0229967576177685,4.145510687364959,4.158660092153678,4.014734627437029,1117.5395351019688,1117.6527151837945,1149.694373831153,1150.1748513430357,800.0,256.0,a4
lfm25,168,cap128_chunk-1_pollpm_mem0.75,128,-1,lpm,0.75,0,tool_agent,0,200,200,0,38.105484005995095,5.24858836509029,13995.623304931514,1088.1110969086935,15083.734401840207,321.61018058191985,321.34235999546945,535.1645759306848,539.7412860346958,7.388114128524755,3.3182974986951144,38.32329181022942,100.9309653006494,3.145186594011209,902.5575963617302,506.7262863740325,2092.4923258833587,2553.3758597541537,2666.55,207.315,a4
lfm25,168,cap128_chunk-1_pollpm_mem0.75,128,-1,lpm,0.75,0,tool_agent,1,200,200,0,37.94111456209794,5.2713264306630085,14056.255493684444,1092.8250389729014,15149.080532657346,317.8486070316285,313.3016577921808,534.5882751746103,546.6892312373966,7.770539048266389,3.301986288279295,45.275681698694825,110.18640093505384,3.137957547604614,897.5235048006289,506.0598570853472,2091.032242635265,2575.545961414458,2666.55,207.315,a4
lfm25,168,cap128_chunk-1_pollpm_mem0.75,128,-1,lpm,0.75,0,tool_agent,2,200,200,0,37.94161625113338,5.271256729713659,14056.06963261796,1092.8105889205874,15148.880221538548,322.3567456915044,319.0074239391833,540.7956093782559,547.9813492437825,7.353031927342725,3.295992035418749,22.00377527219441,109.5493814535439,3.1104560951843307,896.9513001549058,516.4601942524314,2103.130486607552,2569.5416116528154,2666.55,207.315,a4
lfm25,168,cap128_chunk-1_pollpm_mem0.75,128,-1,lpm,0.75,0,tool_agent,3,200,200,0,37.94008137891069,5.271469979270305,14056.63827322323,1092.8547987524232,15149.493071975654,321.2783238082193,306.8465646356344,535.9093695878983,541.0838498361409,7.508844065724429,3.281605895608664,26.619957061484445,108.87928757816552,3.132562694302172,899.8469906323589,507.9759971704334,2101.404979475774,2573.2352398242742,2666.55,207.315,a4
lfm25,168,cap128_chunk-1_pollpm_mem0.75,128,-1,lpm,0.75,0,tool_agent,4,200,200,0,37.942917014006525,5.271076019963635,14055.58776103403,1092.773125078761,15148.360886112792,323.3998809941113,327.7874067425728,537.398961931467,552.6589917810634,6.903661075232381,3.2409671880304813,20.79686427124489,109.10236687399448,3.0995136263400616,895.9730331879109,508.3620245568454,2101.686691585928,2529.946198542596,2666.55,207.315,a4
qwen,184,cap128_chunk8192_pollpm_mem0.75,128,8192,lpm,0.75,0,shared_prefix,0,128,128,0,7.092091977130622,18.04827128761905,41425.71767926592,4620.357449630476,46046.0751288964,392.2902954327583,383.8983110617846,446.5690423967317,467.5682031968609,12.291365443269012,12.322002762526855,12.48783756056618,12.489878306676651,12.291403761233886,3526.214148179861,3513.652310008183,3568.0085716070607,3569.469597474672,2295.2734375,256.0,a4
qwen,184,cap128_chunk8192_pollpm_mem0.75,128,8192,lpm,0.75,0,shared_prefix,1,128,128,0,7.057143534068018,18.137650082088623,41630.866452087714,4643.238421014688,46274.104873102406,379.76214510854334,370.5444629304111,432.5497086858377,451.1683037877083,12.27328152238674,12.302158177629403,12.45092423230994,12.453316966692606,12.27331619921986,3509.0742347783817,3495.1668533030897,3546.1751635652035,3547.647745171562,2295.2734375,256.0,a4
qwen,184,cap128_chunk8192_pollpm_mem0.75,128,8192,lpm,0.75,0,shared_prefix,2,128,128,0,7.042439710814506,18.17551945861045,41717.78702611294,4652.932981404275,46370.72000751722,380.3285639587557,369.9510344304144,434.67150782234967,451.78311900701374,12.242199938968302,12.22428898509665,12.434261083036809,12.436423622583057,12.242230822177875,3501.7148539009213,3488.8941121753305,3530.446524382569,3532.37952592317,2295.2734375,256.0,a4
qwen,184,cap128_chunk8192_pollpm_mem0.75,128,8192,lpm,0.75,0,shared_prefix,3,128,128,0,6.8794431779533625,18.606157023028143,42706.21798891057,4763.1761978952045,47469.394186805774,354.875920304039,344.22925719991326,404.404460079968,422.1889016451314,12.03556713336038,12.003986525586717,12.446292782220624,12.446850288732378,12.035609430424367,3423.5802122675523,3412.2317074798048,3504.388951789588,3505.8465408487245,2295.2734375,256.0,a4
qwen,184,cap128_chunk8192_pollpm_mem0.75,128,8192,lpm,0.75,0,shared_prefix,4,128,128,0,7.008249080739915,18.26419103050573,41921.31252974556,4675.632903809467,46596.94543355503,350.6184359539475,333.5939378011972,398.76073317136616,412.5006587337703,12.29478798776502,12.24999638646079,12.592612385074151,12.594775933516669,12.29482292553668,3485.414068749378,3469.634698005393,3542.8598043508828,3545.3123195376247,2295.2734375,256.0,a4
qwen,184,cap128_chunk8192_pollpm_mem0.75,128,8192,lpm,0.75,0,R_concurrent_decode,0,32,32,0,2.659062773920596,12.034315366243993,2406.863073248798,3080.784733758462,5487.647807007261,109.82617345871404,109.72588486038148,111.76074726972728,111.9242131896317,9.953305063376606,9.952736987421911,9.954637963069128,9.968827039204246,9.953305063376606,2647.9189646197483,2647.912997053936,2649.843734689057,2650.1076821424067,200.0,256.0,a4
qwen,184,cap128_chunk8192_pollpm_mem0.75,128,8192,lpm,0.75,0,R_concurrent_decode,1,32,32,0,2.660491343121976,12.027853457493055,2405.5706914986117,3079.1304851182226,5484.701176616833,108.49044490896632,108.4413535427302,110.23970292881133,110.53708498366176,9.95852563475423,9.957954627187814,9.96034099537806,9.974488204746851,9.95852563475423,2647.914481771295,2647.7523343637586,2649.503267533146,2650.2332915272564,200.0,256.0,a4
qwen,184,cap128_chunk8192_pollpm_mem0.75,128,8192,lpm,0.75,0,R_concurrent_decode,2,32,32,0,2.65731569705531,12.04222743856164,2408.445487712328,3082.81022427178,5491.255711984107,107.128904084675,107.08255227655172,108.88765326235443,109.0928180422634,9.956738611457268,9.955392707614044,9.960193006394832,9.97144652278546,9.956738611457268,2646.097250006278,2646.0384887177497,2648.1450723018497,2648.405556459911,200.0,256.0,a4
qwen,184,cap128_chunk8192_pollpm_mem0.75,128,8192,lpm,0.75,0,R_concurrent_decode,3,32,32,0,2.6606895038858056,12.026957656376506,2405.391531275301,3078.9011600323856,5484.292691307687,110.40916841011494,110.408277483657,112.35208488069476,112.56697830278426,9.955928161142248,9.954488535831665,9.959792497330437,9.97294555934986,9.955928161142248,2649.170849501388,2649.160982808098,2651.8431465607136,2651.9402817916125,200.0,256.0,a4
qwen,184,cap128_chunk8192_pollpm_mem0.75,128,8192,lpm,0.75,0,R_concurrent_decode,4,32,32,0,2.6554678650572896,12.05060713446428,2410.121426892856,3084.9554264228555,5495.076853315711,106.82720811746547,106.73024831339715,108.78309374675156,108.8909563422203,9.952139063092297,9.951328163893493,9.953457700618197,9.966916770802117,9.952139063092297,2644.622669206001,2644.475548295304,2646.3791789021343,2647.0617967797443,200.0,256.0,a4
qwen,184,cap128_chunk8192_pollpm_mem0.75,128,8192,lpm,0.75,0,R_short_decode,0,8,8,0,9.052772257011384,0.8837071974061856,88.37071974061857,226.22904253598352,314.5997622766021,48.97735145641491,48.88667701743543,49.66697951313108,49.66745920013636,4.239924998917416,4.238787534482338,4.244857362252386,4.244976541958749,4.239924998917416,1130.158226180356,1130.1200196612626,1132.0346887689084,1132.1222937759012,100.0,256.0,a4
qwen,184,cap128_chunk8192_pollpm_mem0.75,128,8192,lpm,0.75,0,R_short_decode,1,8,8,0,9.045848663896322,0.8843835771793861,88.43835771793862,226.40219575792284,314.84055347586144,48.25413890648633,48.13532461412251,49.219207116402686,49.22003023792058,4.2388141949606295,4.238904073067448,4.245423852995621,4.24569149640407,4.238814194960629,1129.1517586214468,1129.00418555364,1130.736876069568,1130.7470026938245,100.0,256.0,a4
qwen,184,cap128_chunk8192_pollpm_mem0.75,128,8192,lpm,0.75,0,R_short_decode,2,8,8,0,9.043895423877984,0.8845745804267199,88.45745804267199,226.4510925892403,314.9085506319123,47.89870628155768,47.97607543878257,49.1795459529385,49.39321007113904,4.24030798364102,4.2391483133257015,4.246075829746676,4.246544514800988,4.24030798364102,1129.1772421100177,1128.8096129428595,1131.2333430862054,1131.3458053721115,100.0,256.0,a4
qwen,184,cap128_chunk8192_pollpm_mem0.75,128,8192,lpm,0.75,0,R_short_decode,3,8,8,0,9.052825144026428,0.8837020347486616,88.37020347486616,226.22772089565737,314.5979243705235,48.96752204513177,48.9896850194782,50.08973889052868,50.38912773132324,4.240324133185341,4.239504787084811,4.245506164015216,4.246048090760322,4.240324133185341,1130.2501760073935,1130.0879982300105,1131.9026737939566,1132.1177668031305,100.0,256.0,a4
qwen,184,cap128_chunk8192_pollpm_mem0.75,128,8192,lpm,0.75,0,R_short_decode,4,8,8,0,9.044600428082047,0.884505630028859,88.4505630028859,226.4334412873879,314.88400429027377,48.281393479555845,48.39916713535786,49.12812518887222,49.31206083856523,4.238986293328743,4.237759647452656,4.245191256095674,4.245753539287869,4.238986293328743,1129.2228982783854,1129.1155985090882,1131.2685274984688,1131.4928762894124,100.0,256.0,a4
qwen,184,cap128_chunk8192_pollpm_mem0.75,128,8192,lpm,0.75,0,R_long_prefill,0,4,4,0,0.3627512329258024,11.026840536798847,44107.3621471954,352.8588971775632,44460.22104437296,152.5576108833775,163.92984963022172,165.30431371647865,165.4844435537234,6.523560210611791,6.15632772866276,7.456192174445717,7.639224628707574,6.523560210611791,354.787977412343,354.7760092187673,355.03173121251166,355.06693285889924,4000.0,32.0,a4
qwen,184,cap128_chunk8192_pollpm_mem0.75,128,8192,lpm,0.75,0,R_long_prefill,1,4,4,0,0.3066277997568249,13.045131599849231,52180.52639939693,417.4442111951754,52597.9706105921,110.14208314009012,110.57955492287874,110.86071538738906,110.88462225161491,6.077985756189352,6.05937868597046,6.128173062367545,6.137801066131121,6.077985756189352,298.55964158196,298.5417474992573,298.8179013831541,298.855639337562,4000.0,32.0,a4
qwen,184,cap128_chunk8192_pollpm_mem0.75,128,8192,lpm,0.75,0,R_long_prefill,2,4,4,0,0.3084168848581612,12.969458536096596,51877.83414438638,415.0226731550911,52292.85681754148,108.58279059175402,108.84846188127996,109.16883936151862,109.20210568234324,6.1746590785802375,6.157336501224387,6.2224096596060745,6.23153119092627,6.174659078580237,299.9972220277414,299.9492441304028,300.5865066777915,300.6548814382404,4000.0,32.0,a4
qwen,184,cap128_chunk8192_pollpm_mem0.75,128,8192,lpm,0.75,0,R_long_prefill,3,4,4,0,0.3020002222619951,13.245023364684378,52980.09345873751,423.8407476699001,53403.93420640741,105.7165105594322,105.96148110926153,106.30450455937536,106.34035032708198,6.07641903127754,6.0629575633473936,6.113933592343764,6.121040654909467,6.076419031277539,294.0855005290359,294.0682542975992,294.38904114067554,294.398694857955,4000.0,32.0,a4
qwen,184,cap128_chunk8192_pollpm_mem0.75,128,8192,lpm,0.75,0,R_long_prefill,4,4,4,0,0.304093147162348,13.15386432521117,52615.45730084468,420.9236584067575,53036.38095925144,107.90509020444006,108.23376988992096,108.53240061551332,108.55824012309311,6.072742612882247,6.052964659888417,6.125442661915816,6.135215245397582,6.072742612882246,296.1601112037897,296.0628808941692,296.74103101715446,296.83263113722205,4000.0,32.0,a4
qwen,184,cap128_chunk8192_pollpm_mem0.75,128,8192,lpm,0.75,0,tool_agent,0,200,200,0,41.42500886879861,4.828001380360363,13035.33818689706,1000.9171061694088,14036.25529306647,301.03694021934643,231.92868009209636,686.5564925130457,1038.7800036603585,27.279732033412785,12.001949451105665,118.90604053623974,259.32542310096323,10.769454643428304,2290.1552128605545,676.0416692122817,6655.828739819115,9642.130112452423,2699.945,207.315,a4
qwen,184,cap128_chunk8192_pollpm_mem0.75,128,8192,lpm,0.75,0,tool_agent,1,200,200,0,41.20605479413644,4.853655633842911,13104.603260315998,1006.2356177301432,14110.83887804614,146.95169548038393,156.20518731884658,209.8090339684859,211.02031683083624,10.629612342726915,9.88400921127514,14.016127679496998,35.974942464381456,9.387547865137025,1881.160350346472,442.6072265487164,5678.229709225707,7972.997159603979,2699.945,207.315,a4
qwen,184,cap128_chunk8192_pollpm_mem0.75,128,8192,lpm,0.75,0,tool_agent,2,200,200,0,41.23791385395453,4.849905858679147,13094.479073611468,1005.4582330920672,14099.937306703536,144.9329214822501,154.78874114342034,214.40536682493985,215.515979770571,10.65863880452194,9.785258239008002,13.38317012414336,34.47320671752095,9.396524139386482,1880.799808371812,437.94463458471,5650.385618023574,7993.802410918284,2699.945,207.315,a4
qwen,184,cap128_chunk8192_pollpm_mem0.75,128,8192,lpm,0.75,0,tool_agent,3,200,200,0,41.19301503710449,4.855192071273506,13108.751556874546,1006.5541442560668,14115.305701130612,143.31585466861725,157.69924060441554,219.58874620031563,221.16637844126672,10.255972000529685,9.866419949417306,12.305353631300829,31.472645029425635,9.390802647575446,1878.1257817684675,442.1874659601599,5681.408540462144,7989.079234255473,2699.945,207.315,a4
qwen,184,cap128_chunk8192_pollpm_mem0.75,128,8192,lpm,0.75,0,tool_agent,4,200,200,0,41.25245083402842,4.848196796953055,13089.864700949418,1005.1039189603227,14094.96861990974,144.85785697819665,153.40417390689254,219.3198608001694,220.70035316981372,10.613550031016572,9.81005371428384,13.045273324393705,33.828460620716214,9.383713313951768,1878.3112174645064,442.023117793724,5596.435829997062,8042.190858917306,2699.945,207.315,a4
qwen,184,cap128_chunk8192_pollpm_mem0.75,128,8192,lpm,0.75,0,R_medium_balanced,0,16,16,0,3.430156805086881,4.664509790418967,3731.6078323351735,1194.1145063472554,4925.722338682429,99.9002289318014,100.10659298859537,100.78661923762412,100.9071909589693,6.315216598872497,6.317542654955211,6.67427400464886,6.678185047782666,6.315216598872497,1710.2804616442882,1710.3074719198048,1801.6667728079483,1801.9202099880204,800.0,256.0,a4
qwen,184,cap128_chunk8192_pollpm_mem0.75,128,8192,lpm,0.75,0,R_medium_balanced,1,16,16,0,3.43291083117947,4.660767723612199,3728.61417888976,1193.156537244723,4921.770716134482,100.22034312714824,100.12833098880948,102.38028643652795,102.4906805716455,6.315244742162416,6.317554628841725,6.67293809409089,6.675507556099226,6.315244742162416,1710.6077523785643,1710.404864512384,1800.620591733605,1800.7639703340828,800.0,256.0,a4
qwen,184,cap128_chunk8192_pollpm_mem0.75,128,8192,lpm,0.75,0,R_medium_balanced,2,16,16,0,3.4270378700457518,4.668754944276819,3735.003955421455,1195.2012657348655,4930.2052211563205,98.42575134825891,98.3102498576045,100.05305288359524,100.13118674978614,6.314779688859833,6.318055041243925,6.673325719220527,6.6765254948689945,6.314779688859833,1708.6945720075164,1708.8113033678385,1801.329892128706,1801.3381455093622,800.0,256.0,a4
qwen,184,cap128_chunk8192_pollpm_mem0.75,128,8192,lpm,0.75,0,R_medium_balanced,3,16,16,0,3.435054518282413,4.657859115435604,3726.287292348484,1192.4119335515147,4918.699225899999,102.84006386063992,102.89451689459383,103.71452732942998,103.81649429909884,6.313460669594397,6.316608773982701,6.671290401844125,6.675049506821761,6.313460669594397,1712.7725346072111,1712.8250817768276,1804.3976712506264,1804.441857850179,800.0,256.0,a4
qwen,184,cap128_chunk8192_pollpm_mem0.75,128,8192,lpm,0.75,0,R_medium_balanced,4,16,16,0,3.43334767408669,4.660174709587541,3728.139767670033,1193.0047256544103,4921.144493324444,100.57652622344904,100.74284509755672,101.824690005742,101.9010555697605,6.315736755655677,6.3169485688501705,6.6748697785478015,6.679538492040307,6.315736755655677,1711.0893989156466,1711.2159391399473,1802.06448759418,1802.586146793328,800.0,256.0,a4
lfm25,9,cap8_chunk2048_pollpm_mem0.8,8,2048,lpm,0.8,0,R_concurrent_decode,0,32,32,0,4.073290157131851,7.856057085442777,1571.2114170885554,2011.150613873351,3582.3620309619064,1542.2406671568751,1514.857002068311,3071.2393254972994,3071.346598584205,3.805878994856304,3.902773327175893,3.927339820428661,3.927542040672373,3.805878994856304,2512.739810845233,2516.275717876852,4060.3625141782686,4060.730929635465,200.0,256.0,a5
lfm25,9,cap8_chunk2048_pollpm_mem0.8,8,2048,lpm,0.8,0,R_concurrent_decode,1,32,32,0,4.075265557970852,7.852249023971184,1570.4498047942366,2010.175750136623,3580.62555493086,1540.0530148181133,1512.0677491649983,3070.433479128405,3070.6077368184924,3.807270062993756,3.903781436383724,3.930816024487071,3.931058801162768,3.807270062993756,2510.906880881521,2513.694992987439,4059.80998154264,4060.117466468364,200.0,256.0,a5
lfm25,9,cap8_chunk2048_pollpm_mem0.8,8,2048,lpm,0.8,0,R_concurrent_decode,2,32,32,0,4.0865428489632905,7.830579828159158,1566.1159656318316,2004.6284360087443,3570.744401640576,1548.8201003754511,1523.4078143257648,3081.048266636208,3081.179909245111,3.8183204140902185,3.904788305654245,3.9319452213342574,3.932209256013819,3.818320414090219,2522.491805968457,2525.3079233225435,4070.8660416770726,4071.173313013278,200.0,256.0,a5
lfm25,9,cap8_chunk2048_pollpm_mem0.8,8,2048,lpm,0.8,0,R_concurrent_decode,3,32,32,0,4.074163107201457,7.854373808313434,1570.8747616626868,2010.719694928239,3581.594456590926,1540.625024586916,1513.6813826393336,3070.0813309755176,3070.171498535201,3.806354974764034,3.9004581094737727,3.928398497073966,3.928654173571689,3.8063549747640337,2511.2455431517446,2515.113676665351,4058.1211369019,4058.246380360797,200.0,256.0,a5
lfm25,9,cap8_chunk2048_pollpm_mem0.8,8,2048,lpm,0.8,0,R_concurrent_decode,4,32,32,0,4.07257286272943,7.857440757623097,1571.4881515246195,2011.5048339515129,3582.992985476132,1543.1115423853043,1515.6255816109478,3072.662284271792,3072.8602240188047,3.805241958003071,3.900077213149737,3.927133019977048,3.9272697866510815,3.805241958003071,2513.4482416760875,2516.962349181995,4060.6364290462807,4060.894042318687,200.0,256.0,a5
lfm25,9,cap8_chunk2048_pollpm_mem0.8,8,2048,lpm,0.8,0,shared_prefix,0,128,128,0,17.146106637082994,7.465251599635227,17535.526073874415,1911.104409506618,19446.63048338103,5779.256784029712,4569.367557531223,14748.021731106555,15923.050229572696,3.8157196277664696,3.7924914639077936,4.17212489453674,4.17341949385317,3.815749192632526,6752.213207069872,5519.936844008043,15742.190307821138,16856.681900848638,2348.953125,256.0,a5
lfm25,9,cap8_chunk2048_pollpm_mem0.8,8,2048,lpm,0.8,0,shared_prefix,1,128,128,0,16.337740024086088,7.834620933574327,18403.157325109834,2005.662958995028,20408.820284104862,5435.803761058196,4181.736284168437,13936.4778259769,15092.617524615493,3.693864500827201,3.696948954579877,3.997629566994661,4.002046118179957,3.694024399123717,6377.606825441035,5076.188885606825,14936.612584139211,16047.465950343762,2348.953125,256.0,a5
lfm25,9,cap8_chunk2048_pollpm_mem0.8,8,2048,lpm,0.8,0,shared_prefix,2,128,128,0,16.8684939914383,7.588110714860919,17824.11637651854,1942.5563430043956,19766.672719522936,5665.440925000439,4460.620813071728,14471.727382554664,15645.830097664151,3.787441698373166,3.790355691978452,4.132953799402743,4.1341505146530615,3.787512927250381,6631.13836167031,5382.617738097906,15471.993388026012,16582.377591952685,2348.953125,256.0,a5
lfm25,9,cap8_chunk2048_pollpm_mem0.8,8,2048,lpm,0.8,0,shared_prefix,3,128,128,0,16.55483155976981,7.731881749316923,18161.827797188453,1979.361727825132,20141.189525013586,5532.6239118221565,4245.684275170788,14165.545295737676,15316.021225596782,3.760761332844148,3.776625851534453,4.007789079994693,4.009375505624156,3.760797341217623,6491.568471374194,5208.165019517764,15167.185449483795,16270.853342651391,2348.953125,256.0,a5
lfm25,9,cap8_chunk2048_pollpm_mem0.8,8,2048,lpm,0.8,0,shared_prefix,4,128,128,0,16.38176892697811,7.813564003408985,18353.695583195047,2000.2723848727,20353.967968067747,5498.394322101376,4082.0280278567225,13993.73082946985,15143.13471476082,3.582583360155593,3.7542827051414456,4.040382290715535,4.0414642394502085,3.582995205310377,6411.162350654195,5053.353155264631,14995.985872182056,16098.254886763174,2348.953125,256.0,a5
lfm25,9,cap8_chunk2048_pollpm_mem0.8,8,2048,lpm,0.8,0,R_short_decode,0,8,8,0,4.780042358208448,1.67362533644961,167.362533644961,428.4480861311001,595.8106197760611,26.33451239671558,26.19323250837624,28.693316294811662,29.25951737444848,2.234217527743989,2.2333618664347075,2.238051001560124,2.238629597769778,2.234215292962685,595.78013519058,595.2946562319994,598.2416942249984,598.884619018063,100.0,256.0,a5
lfm25,9,cap8_chunk2048_pollpm_mem0.8,8,2048,lpm,0.8,0,R_short_decode,1,8,8,0,4.778341697063297,1.674220996986609,167.42209969866093,428.600575228572,596.022674927233,26.0249231941998,26.27778612077236,26.86962501611561,26.88184197526425,2.234237292591563,2.233664554489009,2.2386930454909884,2.240032861028724,2.234234285959723,595.4753868281841,595.529391663149,596.7651386046782,596.8849220173433,100.0,256.0,a5
lfm25,9,cap8_chunk2048_pollpm_mem0.8,8,2048,lpm,0.8,0,R_short_decode,2,8,8,0,4.773878232110292,1.6757863546225396,167.57863546225397,429.0013067833701,596.5799422456241,25.52351023769006,25.49227955751121,27.19062208198011,27.595069287344813,2.234251737164567,2.2343654002921256,2.235841667548846,2.235962953868338,2.2342508830506467,594.9782040552236,594.975006300956,595.8460452500731,595.8881474006921,100.0,256.0,a5
lfm25,9,cap8_chunk2048_pollpm_mem0.8,8,2048,lpm,0.8,0,R_short_decode,3,8,8,0,4.7856232658959925,1.6716735847158652,167.1673584715865,427.9484376872615,595.1157961588481,26.78835141705349,26.726636569947004,28.18702235817909,28.48916701972485,2.2351616443651694,2.2346137365435856,2.238460534880369,2.238637375556837,2.235159918057489,596.474735531956,596.309551037848,597.7351419860497,597.9273068951443,100.0,256.0,a5
lfm25,9,cap8_chunk2048_pollpm_mem0.8,8,2048,lpm,0.8,0,R_short_decode,4,8,8,0,4.784817820880562,1.6719549833409832,167.19549833409832,428.0204757352917,595.2159740693901,26.582724938634783,26.173078920692205,29.16627866216004,29.580831760540605,2.2338220737459675,2.233084596182201,2.2377219910457185,2.238714212329271,2.233819552807319,595.9274834604003,595.770220970735,598.0984846595675,598.6146088410169,100.0,256.0,a5
lfm25,9,cap8_chunk2048_pollpm_mem0.8,8,2048,lpm,0.8,0,tool_agent,0,200,200,0,38.27632769290358,5.225161661396267,13933.154828196217,1083.254389832367,15016.409218028582,284.1936501581222,159.84631865285337,903.1597166554958,1877.792060081846,7.2098424237754495,4.079053876921535,16.237628180533644,48.56979209929705,3.6585148462406414,959.9579274072312,470.3611684963107,2728.94416609779,3933.281767005101,2666.55,207.315,a5
lfm25,9,cap8_chunk2048_pollpm_mem0.8,8,2048,lpm,0.8,0,tool_agent,1,200,200,0,38.11476899217814,5.24730977750498,13992.213887205904,1087.8460265234448,15080.05991372935,268.68796818656847,160.11367947794497,1266.6903173550952,1605.760307861492,4.21119931431538,3.346593050850094,7.426492466280856,17.446372061967857,3.220871082656444,863.5184397315606,434.6096711233258,2139.25756746903,2780.738807166923,2666.55,207.315,a5
lfm25,9,cap8_chunk2048_pollpm_mem0.8,8,2048,lpm,0.8,0,tool_agent,2,200,200,0,38.0676278215833,5.2538078006164985,14009.541190733924,1089.1931641848091,15098.734354918734,258.04283193312585,131.9406775292009,1319.7400617180388,1630.3805691748855,3.9009480286356113,3.370548399189674,6.954953437005835,16.27862478606403,3.1885912758030237,846.736496228259,423.63200918771327,2111.5829993039365,2963.704199437052,2666.55,207.315,a5
lfm25,9,cap8_chunk2048_pollpm_mem0.8,8,2048,lpm,0.8,0,tool_agent,3,200,200,0,38.03691680310294,5.258049726671973,14020.85249865715,1090.072579085,15110.92507774215,256.9917324418202,127.07623606547712,1304.0664319880302,1611.3628381118176,3.7634847342970543,3.2987376254412437,6.938007975961163,13.18282614462079,3.1642401625871086,841.2686784635298,434.9298619199544,2071.055874601006,2892.2725447406983,2666.55,207.315,a5
lfm25,9,cap8_chunk2048_pollpm_mem0.8,8,2048,lpm,0.8,0,tool_agent,4,200,200,0,38.03417924372479,5.258428181620292,14021.861667699588,1090.1510384726107,15112.0127061722,259.62731203995645,129.40730177797377,1303.805270232259,1560.0429618172348,3.809365589895219,3.2735750939306603,6.822041897781887,9.04953516137444,3.16112207979352,843.4391433466226,415.3124315198511,2108.001913945189,2702.727361139838,2666.55,207.315,a5
lfm25,9,cap8_chunk2048_pollpm_mem0.8,8,2048,lpm,0.8,0,R_medium_balanced,0,16,16,0,2.295871167909354,6.969032158093514,5575.2257264748105,1784.0722324719395,7359.29795894675,96.15582664264366,97.1778070088476,109.53679250087588,109.83490410726516,4.0889842598927295,4.1005429026542926,4.230173147173927,4.230910030412762,4.08898425989273,1138.8468129152898,1138.9686407055706,1156.0441966867074,1156.617805804126,800.0,256.0,a5
lfm25,9,cap8_chunk2048_pollpm_mem0.8,8,2048,lpm,0.8,0,R_medium_balanced,1,16,16,0,2.276616893708706,7.027972095004231,5622.377676003385,1799.1608563210832,7421.538532324468,86.37685122084804,89.72184965386987,92.16011117678136,92.61578803416342,4.094100151069499,4.130701831194992,4.178796128333345,4.2453265753483365,4.094100151069498,1130.3723897435702,1130.392731865868,1149.2656273767352,1149.4164815172553,800.0,256.0,a5
lfm25,9,cap8_chunk2048_pollpm_mem0.8,8,2048,lpm,0.8,0,R_medium_balanced,2,16,16,0,2.2671020310372114,7.05746798377659,5645.974387021272,1806.711803846807,7452.6861908680785,93.80431659519672,94.95732607319952,102.0227603148669,102.42055370472372,4.039118198595722,4.077774984762073,4.187988350624401,4.262843223964321,4.039118198595722,1123.7794572371058,1125.8160246070474,1153.1265951925889,1153.2309423433617,800.0,256.0,a5
lfm25,9,cap8_chunk2048_pollpm_mem0.8,8,2048,lpm,0.8,0,R_medium_balanced,3,16,16,0,2.2976041031070054,6.963775864764305,5571.020691811444,1782.726621379662,7353.747313191106,81.72925817780197,74.51557647436857,99.69314537011088,100.22606174461544,4.153087428045076,4.147198735097168,4.231992831873689,4.233046441485046,4.153087428045076,1140.7665523292962,1140.9063343890011,1158.077179803513,1158.1466230330989,800.0,256.0,a5
lfm25,9,cap8_chunk2048_pollpm_mem0.8,8,2048,lpm,0.8,0,R_medium_balanced,4,16,16,0,2.312776344828308,6.918092203674707,5534.473762939765,1771.031604140725,7305.50536708049,84.48905381374061,78.34418746642768,95.25115985888988,95.4455308848992,4.1550223577502825,4.15185366428512,4.185731254755428,4.25016803603035,4.155022357750282,1144.0197550400626,1143.8517237547785,1156.0928421095014,1157.0711018517611,800.0,256.0,a5
lfm25,9,cap8_chunk2048_pollpm_mem0.8,8,2048,lpm,0.8,0,R_long_prefill,0,4,4,0,0.2214158680289983,18.065552553243965,72262.21021297586,578.0976817038069,72840.30789467966,100.0398590695113,107.34309162944557,108.75100935809314,108.78719783388078,3.494509987743391,3.254710020677697,4.115125548935705,4.230292855251219,3.4945099877433914,208.3696686895564,208.389887586236,208.6730752140284,208.7015216052532,4000.0,32.0,a5
lfm25,9,cap8_chunk2048_pollpm_mem0.8,8,2048,lpm,0.8,0,R_long_prefill,1,4,4,0,0.2151525006629526,18.591464136715768,74365.85654686307,594.9268523749046,74960.78339923797,96.29898867569864,102.8709749225527,104.46290459949525,104.49132243636996,3.440069365164926,3.218573578182728,4.020047120960248,4.126562253692217,3.440069365164926,202.94113899581131,202.7396976482123,203.563806717284,203.6763614276424,4000.0,32.0,a5
lfm25,9,cap8_chunk2048_pollpm_mem0.8,8,2048,lpm,0.8,0,R_long_prefill,2,4,4,0,0.2226453013718128,17.965795708933857,71863.18283573542,574.9054626858834,72438.08829842131,100.98141338676214,108.05912595242262,109.63654485531151,109.66781035996974,3.530413276636072,3.2936992769640296,4.148465482848546,4.262432250074081,3.530413276636072,210.4242249624804,210.24963702075183,211.01991429459304,211.12431654240936,4000.0,32.0,a5
lfm25,9,cap8_chunk2048_pollpm_mem0.8,8,2048,lpm,0.8,0,R_long_prefill,3,4,4,0,0.2161692422814667,18.50402008067241,74016.08032268965,592.1286425815172,74608.20896527116,95.45842825900765,102.04678261652587,103.5570150706917,103.58621259219944,3.469557140863711,3.253195532447388,4.051051276075023,4.156644803231521,3.469557140863711,203.01469962578267,202.8958441223949,203.7187349051237,203.80052663385868,4000.0,32.0,a5
lfm25,9,cap8_chunk2048_pollpm_mem0.8,8,2048,lpm,0.8,0,R_long_prefill,4,4,4,0,0.213774275034666,18.71132529557802,74845.30118231208,598.7624094584967,75444.06359177058,94.5648200577125,99.04772462323308,100.21320378873496,100.35493825096636,3.4294053761949463,3.281935508693418,3.834155483561898,3.9112541955264826,3.4294053761949463,200.87638671975583,200.78772539272904,201.5476479427889,201.60541294608265,4000.0,32.0,a5
lfm25,36,cap16_chunk2048_polfcfs_mem0.75,16,2048,fcfs,0.75,0,R_concurrent_decode,0,32,32,0,2.466941693797708,12.971526680364276,2594.305336072855,3320.710830173254,5915.01616624611,705.33667820564,706.8391013890505,1316.119428211823,1316.2141869962215,4.478177618561769,4.481882399276776,4.485068542462792,4.571786785425217,4.478177618561769,1847.2719709388912,1847.466219915077,2455.422897147946,2455.5103607522324,200.0,256.0,a5
lfm25,36,cap16_chunk2048_polfcfs_mem0.75,16,2048,fcfs,0.75,0,R_concurrent_decode,1,32,32,0,2.4767543710768223,12.920134662399851,2584.0269324799706,3307.5544735743624,5891.5814060543335,714.8231409519212,716.3725444115698,1322.309169662185,1322.4763861577958,4.477128990031049,4.472036894374327,4.486922643092625,4.592266236724076,4.477128990031048,1856.4910334098383,1856.2564942985773,2462.5018179416656,2462.581335445866,200.0,256.0,a5
lfm25,36,cap16_chunk2048_polfcfs_mem0.75,16,2048,fcfs,0.75,0,R_concurrent_decode,2,32,32,0,2.478378111962229,12.91166987214245,2582.33397442849,3305.387487268468,5887.721461696957,716.9709025183693,718.9215149264783,1325.3946042153984,1325.5400239443406,4.4775368680597705,4.482249102975224,4.4881162711181775,4.59307766713056,4.4775368680597705,1858.742803873611,1858.529139077291,2465.8082803012803,2466.104282140732,200.0,256.0,a5
lfm25,36,cap16_chunk2048_polfcfs_mem0.75,16,2048,fcfs,0.75,0,R_concurrent_decode,3,32,32,0,2.479589289985597,12.905363049130557,2581.072609826112,3303.7729405774226,5884.845550403535,717.6248554023914,718.8669452443719,1328.2088176347315,1328.3547197980806,4.482810859289933,4.479896455236217,4.4892308838190695,4.599773478164685,4.482810859289934,1860.7416245213244,1860.970774432644,2466.871211724356,2467.206393405795,200.0,256.0,a5
lfm25,36,cap16_chunk2048_polfcfs_mem0.75,16,2048,fcfs,0.75,0,R_concurrent_decode,4,32,32,0,2.4790381439961493,12.908232201871964,2581.646440374393,3304.5074436792224,5886.153884053615,712.9413853690494,714.2122592777014,1319.8521044803783,1319.9429316539315,4.47956553852076,4.478480192997,4.481729520484805,4.597270656979698,4.47956553852076,1855.2305976918435,1855.5378024466336,2458.971643797122,2459.3643772788346,200.0,256.0,a5
lfm25,36,cap16_chunk2048_polfcfs_mem0.75,16,2048,fcfs,0.75,0,R_long_prefill,0,4,4,0,0.1966792698949575,20.33767972667541,81350.71890670166,650.8057512536133,82001.52465795526,82.93634606525302,88.16849580034614,89.46589869447052,89.62549627758563,3.418322446035041,3.243852909954805,3.88279234194347,3.9724429557099934,3.418322446035041,188.9043418923393,188.79708624444905,189.49842241127044,189.5665011787787,4000.0,32.0,a5
lfm25,36,cap16_chunk2048_polfcfs_mem0.75,16,2048,fcfs,0.75,0,R_long_prefill,1,4,4,0,0.1983429123647511,20.16709320393577,80668.37281574309,645.3469825259447,81313.71979826903,82.62136322446167,87.92700502090156,89.41360348835588,89.59976689890027,3.4318751910881646,3.256003432456525,3.907718302141274,3.998466207976302,3.4318751910881646,189.0094941481948,188.98917781189084,189.5908741047606,189.63088187854737,4000.0,32.0,a5
lfm25,36,cap16_chunk2048_polfcfs_mem0.75,16,2048,fcfs,0.75,0,R_long_prefill,2,4,4,0,0.2000446440652012,19.995536589803752,79982.14635921501,639.8571708737201,80622.00353008872,85.13245556969196,90.4797415714711,91.96483585983516,92.14804705232382,3.4331196934104926,3.261410015364808,3.903138096774778,3.993647985400692,3.4331196934104926,191.55916606541723,191.58345204778016,191.86736037954688,191.87829485163093,4000.0,32.0,a5
lfm25,36,cap16_chunk2048_polfcfs_mem0.75,16,2048,fcfs,0.75,0,R_long_prefill,3,4,4,0,0.1981170820072293,20.19008133712589,80760.32534850355,646.0826027880285,81406.40795129158,83.68763397447765,88.87704811058939,90.12705073691905,90.27573575265706,3.419527532382598,3.251939448678205,3.871386378793226,3.958547365431103,3.419527532382598,189.69298747833815,189.68717101961371,190.0359338382259,190.0663856836036,4000.0,32.0,a5
lfm25,36,cap16_chunk2048_polfcfs_mem0.75,16,2048,fcfs,0.75,0,R_long_prefill,4,4,4,0,0.1958821057341992,20.42044619138294,81681.78476553176,653.4542781242541,82335.23904365601,81.86998672317713,86.89779858104885,88.2367965998128,88.40156810823828,3.409778947130807,3.243009379554179,3.861551033332944,3.948130256406242,3.409778947130807,187.57313408423212,187.44606734253463,188.22388222906736,188.28846898395568,4000.0,32.0,a5
lfm25,36,cap16_chunk2048_polfcfs_mem0.75,16,2048,fcfs,0.75,0,tool_agent,0,200,200,0,38.152271314989775,5.242151859027626,13978.460039690117,1086.7767126543122,15065.236752344426,232.9870272357948,200.2467275597155,543.5996538493782,682.9308202909301,18.814669753144155,4.253394284245112,110.47961344011128,220.024145944044,3.785433504872328,932.2890857583844,558.9156053029001,2229.197230399586,2653.1536796921787,2666.55,207.315,a5
lfm25,36,cap16_chunk2048_polfcfs_mem0.75,16,2048,fcfs,0.75,0,tool_agent,1,200,200,0,38.04008259624243,5.25761213830161,14019.685647388158,1089.9818604519985,15109.667507840157,143.56779685011134,139.31469386443496,246.76426441874355,382.2849724534896,6.878840297900938,3.391468165422319,27.279200498014667,40.91920526698233,3.1657299696089245,728.3256081864238,286.670986097306,1940.0519829709085,2362.912891469892,2666.55,207.315,a5
lfm25,36,cap16_chunk2048_polfcfs_mem0.75,16,2048,fcfs,0.75,0,tool_agent,2,200,200,0,38.03900922415778,5.257760495848672,14020.081250205274,1090.0126171968673,15110.093867402142,138.11427138745785,134.93713946081698,223.45406210515648,366.1919596279037,5.892069529857169,3.3317644016018937,22.044981317594637,40.78442950733006,3.120012594407053,714.4273977633566,271.08222246170044,1922.5812950171528,2331.669954303648,2666.55,207.315,a5
lfm25,36,cap16_chunk2048_polfcfs_mem0.75,16,2048,fcfs,0.75,0,tool_agent,3,200,200,0,38.03819958819077,5.25787240629789,14020.37966501364,1090.0358179116472,15110.415482925288,131.42657716060057,122.9351928923279,192.0870574889702,359.634868642315,5.609200311522684,3.290521271663618,24.013268342241645,36.441553644836,3.099593871875335,703.9680592040531,259.6713185776025,1906.5065092872828,2303.009073971766,2666.55,207.315,a5
lfm25,36,cap16_chunk2048_polfcfs_mem0.75,16,2048,fcfs,0.75,0,tool_agent,4,200,200,0,38.04527119966224,5.256895106632216,14017.773646590136,1089.833209031458,15107.606855621594,130.85933055961505,119.960087351501,194.13806579541412,317.07758829463245,4.892502451355358,3.2436018174683503,19.73241660743952,32.87788603454828,3.072545025477507,698.4044849406928,258.153336122632,1936.0268080374224,2280.4647145140875,2666.55,207.315,a5
lfm25,36,cap16_chunk2048_polfcfs_mem0.75,16,2048,fcfs,0.75,0,R_short_decode,0,8,8,0,4.780174870975316,1.6735789413427322,167.3578941342732,428.43620898373945,595.7941031180127,26.66956774191931,26.527703972533345,28.29785344656557,28.76291475724429,2.232103893516346,2.2315026461785914,2.235556687709716,2.23702742281192,2.232101298512388,595.5763862002641,595.4228222835809,596.8945407308638,597.120937872678,100.0,256.0,a5
lfm25,36,cap16_chunk2048_polfcfs_mem0.75,16,2048,fcfs,0.75,0,R_short_decode,1,8,8,0,4.8206802662462,1.659516822971023,165.95168229710234,424.836306680582,590.7879889776843,28.074342641048133,27.76399627327919,29.406461608596143,29.55731632653624,2.246668240271773,2.2331726992977603,2.3035096807071187,2.3317509268515324,2.246672516189015,600.6950002047233,597.4109722301364,615.5674047069624,622.9522205749527,100.0,256.0,a5
lfm25,36,cap16_chunk2048_polfcfs_mem0.75,16,2048,fcfs,0.75,0,R_short_decode,2,8,8,0,4.779842392075807,1.6736953530649223,167.36953530649222,428.4660103846201,595.8355456911123,26.34154149563983,26.11608407460153,27.806332893669605,27.88829144090414,2.233717625796105,2.233360799979053,2.236959641155227,2.23783622739905,2.233715498406128,595.6597791519016,595.5169191583991,596.888927789405,597.1103783790022,100.0,256.0,a5
lfm25,36,cap16_chunk2048_polfcfs_mem0.75,16,2048,fcfs,0.75,0,R_short_decode,3,8,8,0,4.775870000012219,1.675087470969589,167.50874709695893,428.82239256821487,596.3311396651737,25.69586929166689,26.041127974167463,26.987187657505277,27.109171841293573,2.233559857732626,2.2333171885168435,2.236380965699253,2.236990020079666,2.2335581007802263,594.9739902280271,595.1298344880342,595.8928055129945,595.9096789173782,100.0,256.0,a5
lfm25,36,cap16_chunk2048_polfcfs_mem0.75,16,2048,fcfs,0.75,0,R_short_decode,4,8,8,0,4.792196908965707,1.6693804849781575,166.93804849781577,427.3614041544084,594.2994526522242,27.443688886705782,27.308566495776176,29.11337695550173,29.36945119407028,2.2329095443571925,2.232688973091689,2.236546201292659,2.2375020749981416,2.232907174813756,596.5559050673619,596.4544252492487,597.9273135075346,597.9736723424867,100.0,256.0,a5
lfm25,36,cap16_chunk2048_polfcfs_mem0.75,16,2048,fcfs,0.75,0,R_medium_balanced,0,16,16,0,2.2709767003543675,7.045426752948777,5636.341402359022,1803.629248754887,7439.970651113909,93.58301587053576,97.67279960215092,99.96788343414664,100.05695847794414,4.052377794869244,4.040888350858699,4.169111198051741,4.176576617356463,4.052377794869244,1126.939353562193,1126.7053342889994,1128.358246292919,1128.7413473241031,800.0,256.0,a5
lfm25,36,cap16_chunk2048_polfcfs_mem0.75,16,2048,fcfs,0.75,0,R_medium_balanced,1,16,16,0,2.204024286940694,7.259448135305657,5807.558508244526,1858.4187226382485,7665.977230882773,93.03280620952135,96.48476145230234,99.98865681700408,100.115575036034,3.930843300208924,3.9493990212898047,4.017902789272222,4.085769928517003,3.930843300208924,1095.397847762797,1095.1079905498773,1108.400663360953,1108.8377472013235,800.0,256.0,a5
lfm25,36,cap16_chunk2048_polfcfs_mem0.75,16,2048,fcfs,0.75,0,R_medium_balanced,2,16,16,0,2.249419643078,7.112945798813403,5690.356639050722,1820.9141244962311,7511.270763546953,92.7059330570046,93.95825723186135,102.10110247135162,102.21264213323592,4.019155317013535,4.054953706651634,4.152874199801362,4.233651007160399,4.019155317013535,1117.590538895456,1117.9655359592289,1149.4200113229454,1149.8074150644245,800.0,256.0,a5
lfm25,36,cap16_chunk2048_polfcfs_mem0.75,16,2048,fcfs,0.75,0,R_medium_balanced,3,16,16,0,2.2408067216165364,7.140285614842082,5712.228491873665,1827.913117399573,7540.141609273238,92.09074793034232,94.3291112780571,99.86437717452644,99.98031677678227,3.997230146641788,4.032697076635325,4.151843899094007,4.232486358241124,3.997230146641788,1111.3844353239983,1111.4977553952483,1146.5040841139853,1146.6467038728297,800.0,256.0,a5
lfm25,36,cap16_chunk2048_polfcfs_mem0.75,16,2048,fcfs,0.75,0,R_medium_balanced,4,16,16,0,2.165035576093942,7.3901787927505875,5912.14303420047,1891.8857709441504,7804.0288051446205,90.8156686637085,93.1082833558321,97.8696650126949,97.98369382042438,3.8608739208475695,3.85443765177008,3.966171022358478,3.97044540729885,3.8608739208475695,1075.338518479839,1075.1663194969296,1077.1916606463492,1077.6399125345051,800.0,256.0,a5
lfm25,36,cap16_chunk2048_polfcfs_mem0.75,16,2048,fcfs,0.75,0,shared_prefix,0,128,128,0,10.036727106198668,12.75316132895029,29956.578157266933,3264.809300211274,33221.38745747821,3011.2063503656827,3730.707358568907,4510.5185992550105,4525.429071248509,4.151257279655888,4.45302796741119,4.643520273852582,4.659641603939235,4.153085703290507,4068.3937837275153,4893.484546570107,5054.291121708229,5069.833142664284,2348.953125,256.0,a5
lfm25,36,cap16_chunk2048_polfcfs_mem0.75,16,2048,fcfs,0.75,0,shared_prefix,1,128,128,0,10.076857111882418,12.702373227964609,29837.279288743804,3251.80754635894,33089.086835102746,2947.374394876533,3735.637229634449,3944.441774184815,3960.757521293126,4.453124006836605,4.521627823475093,4.62889310931239,4.630750502897975,4.453207152084812,4082.037660955393,4887.860471615568,5076.189376437105,5092.775897956453,2348.953125,256.0,a5
lfm25,36,cap16_chunk2048_polfcfs_mem0.75,16,2048,fcfs,0.75,0,shared_prefix,2,128,128,0,10.130781901068984,12.63476020409576,29678.45946503637,3234.4986122485143,32912.958077284886,2972.510741907172,3789.1816592309615,3978.99413567502,3993.71453919448,4.484910288988154,4.54879260844263,4.61766515584553,4.618751453418358,4.484901545918008,4115.494908543042,4951.107399072498,5109.087566426024,5123.981079040095,2348.953125,256.0,a5
lfm25,36,cap16_chunk2048_polfcfs_mem0.75,16,2048,fcfs,0.75,0,shared_prefix,3,128,128,0,10.049842759035528,12.736517681823312,29917.48301033663,3260.548526546768,33178.0315368834,2941.989404476772,3756.5774456597865,3937.657496589236,3950.110585745424,4.454319178097776,4.490305192074647,4.595309779796676,4.596487136356825,4.454328741011438,4077.251642898773,4912.578693591058,5067.329401429743,5079.789026561193,2348.953125,256.0,a5
lfm25,36,cap16_chunk2048_polfcfs_mem0.75,16,2048,fcfs,0.75,0,shared_prefix,4,128,128,0,10.102156829088926,12.670561560817088,29762.55517378618,3243.6637595691745,33006.218933355354,2964.222256170615,3757.365341065452,3975.4969667410473,3991.983209741302,4.453969903289701,4.483284588501442,4.61318109102328,4.615296926038961,4.454005632021419,4099.471738551074,4921.703663654625,5113.81453613285,5130.792807452381,2348.953125,256.0,a5
lfm25,59,cap24_chunk2048_pollpm_mem0.9,24,2048,lpm,0.9,0,R_long_prefill,0,4,4,0,0.1808320777490735,22.11996925429617,88479.87701718467,707.8390161374773,89187.71603332214,71.82438322342932,72.4251561332494,72.90001809597015,72.94862911105156,3.23530446527706,3.206818642455243,3.306457193027581,3.3204332396628398,3.2353044652770606,172.1188216470182,172.11060738191009,172.5017967633903,172.52290619537234,4000.0,32.0,a5
lfm25,59,cap24_chunk2048_pollpm_mem0.9,24,2048,lpm,0.9,0,R_long_prefill,1,4,4,0,0.1753398263826966,22.81284339400224,91251.37357600896,730.0109886080716,91981.38456461702,66.70814333483577,67.16232770122588,67.5807687221095,67.62331945355982,3.2273851740624635,3.205476028303946,3.283452041326992,3.294216056144045,3.2273851740624635,166.75708373077214,166.8264192994684,167.05887608695775,167.07423894200474,4000.0,32.0,a5
lfm25,59,cap24_chunk2048_pollpm_mem0.9,24,2048,lpm,0.9,0,R_long_prefill,2,4,4,0,0.1798258530907333,22.243742661305504,88974.97064522201,711.7997651617761,89686.77041038379,71.84141268953681,72.25983077660203,72.63993818778545,72.67197253648192,3.2260695645104973,3.2063015481276858,3.285402079833852,3.296297189419068,3.2260695645104973,171.84956918936223,171.7004526872188,172.33260597568005,172.41504763718694,4000.0,32.0,a5
lfm25,59,cap24_chunk2048_pollpm_mem0.9,24,2048,lpm,0.9,0,R_long_prefill,3,4,4,0,0.2737106359563768,14.613973571116572,58455.89428446629,467.6471542757303,58923.54143874202,149.67503026127815,165.1724425610155,166.89589791931212,166.9280666578561,3.628463657467716,3.218747307396224,4.666536643635481,4.863350050058216,3.618023903449861,260.9292652923614,264.8993954062462,265.10627712123096,265.1192884054035,4000.0,32.0,a5
lfm25,59,cap24_chunk2048_pollpm_mem0.9,24,2048,lpm,0.9,0,R_long_prefill,4,4,4,0,0.1903782221488654,21.010806566269,84043.22626507598,672.3458101206079,84715.57207519659,76.73527754377574,82.08470069803298,83.48881702404469,83.5148730641231,3.4064778742650823,3.227062883876985,3.8805385593384982,3.967085042517752,3.4064778742650823,182.3360916459933,182.23221693187952,182.8116026474163,182.88287514355036,4000.0,32.0,a5
lfm25,59,cap24_chunk2048_pollpm_mem0.9,24,2048,lpm,0.9,0,R_concurrent_decode,0,32,32,0,2.4292147178202868,13.172981278786802,2634.5962557573603,3372.283207369421,6006.879463126781,457.4957155564334,152.03870786353946,1431.696650921367,1431.777219781652,4.685761199353317,4.881061890217311,5.056178396768576,5.155083472219607,4.685761199353318,1652.3648213915294,1399.2291123140603,2414.487263583578,2414.6913796430454,200.0,256.0,a5
lfm25,59,cap24_chunk2048_pollpm_mem0.9,24,2048,lpm,0.9,0,R_concurrent_decode,1,32,32,0,2.4071367545984685,13.29380224819752,2658.760449639504,3403.213375538565,6061.973825178068,446.2954242189881,139.45799600332975,1411.8536724708974,1412.0447460189462,4.650489623571618,4.854268923986192,4.992191926484891,5.099766976473963,4.650489623571618,1632.1702782297507,1379.2268228717148,2394.753517652862,2395.356841511093,200.0,256.0,a5
lfm25,59,cap24_chunk2048_pollpm_mem0.9,24,2048,lpm,0.9,0,R_concurrent_decode,2,32,32,0,2.4151244638487697,13.249834730672406,2649.966946134481,3391.957691052136,6041.924637186617,450.1136201142799,146.47510135546327,1416.4915933972225,1416.6413649730384,4.658397619941217,4.844129337545703,5.003712731048319,5.114045078756617,4.658397619941217,1638.0050131992905,1384.1592594981194,2402.5959012797102,2402.9103166935965,200.0,256.0,a5
lfm25,59,cap24_chunk2048_pollpm_mem0.9,24,2048,lpm,0.9,0,R_concurrent_decode,3,32,32,0,2.41443775780499,13.253603202880573,2650.7206405761144,3392.922419937426,6043.643060513541,454.8859347414691,152.10974449291825,1421.1731325136498,1421.3125120522454,4.6527275707180085,4.840084602691087,5.016776043465178,5.126061556568626,4.6527275707180085,1641.3314652745612,1388.8663731049746,2403.8601407781243,2403.887290866114,200.0,256.0,a5
lfm25,59,cap24_chunk2048_pollpm_mem0.9,24,2048,lpm,0.9,0,R_concurrent_decode,4,32,32,0,2.383270238060504,13.4269288849264,2685.38577698528,3437.293794541158,6122.679571526438,434.3278033193201,121.12223170697688,1387.5932802446189,1387.712707570754,4.600814106593401,4.8257295900554045,4.863144180134816,4.980854377479238,4.600814106593401,1607.5354005006377,1354.3228812050074,2370.9629534743726,2371.2079752003774,200.0,256.0,a5
lfm25,59,cap24_chunk2048_pollpm_mem0.9,24,2048,lpm,0.9,0,shared_prefix,0,128,128,0,8.41246520029381,15.21551613616536,35740.53417653355,3895.172130858332,39635.70630739188,2037.035299581476,1620.7226091064513,6137.7881947672,7117.780795022851,5.059188586995909,5.14944475235454,5.38300028883432,5.386484321206808,5.059206006755082,3327.0142561632383,2940.3730938211083,7440.499075874686,8130.410384372812,2348.953125,256.0,a5
lfm25,59,cap24_chunk2048_pollpm_mem0.9,24,2048,lpm,0.9,0,shared_prefix,1,128,128,0,8.304798609111458,15.412775917235024,36203.88815571395,3945.670634812166,40149.55879052611,2003.0014690782991,1572.6053945254534,6031.962935300544,7011.156588303862,4.9988954144601925,5.131882148813091,5.316975710310918,5.319804406615302,4.998931274809851,3277.2602943477978,2898.881506174803,7335.170775954612,8023.574432474565,2348.953125,256.0,a5
lfm25,59,cap24_chunk2048_pollpm_mem0.9,24,2048,lpm,0.9,0,shared_prefix,2,128,128,0,8.363881134893745,15.303899940183229,35948.143589180705,3917.798384686906,39865.94197386761,2018.646718974196,1550.152657320723,6080.607457272708,7069.728660630068,5.0442636634950135,5.119435597832004,5.370327701116456,5.375659313801603,5.044219135957405,3304.2132553273404,2863.4387622587383,7396.841480769217,8086.077833492312,2348.953125,256.0,a5
lfm25,59,cap24_chunk2048_pollpm_mem0.9,24,2048,lpm,0.9,0,shared_prefix,3,128,128,0,8.708976806141436,14.69747857288314,34523.68822339439,3762.554514658084,38286.24273805248,2181.400601974019,1603.7542433477938,6457.052336866036,7431.768925115472,5.07957583847725,5.106866649151141,5.451727547116724,5.594014849331157,5.079669210636312,3476.517826107738,2963.8535326812416,7753.442345629446,8437.548737507317,2348.953125,256.0,a5
lfm25,59,cap24_chunk2048_pollpm_mem0.9,24,2048,lpm,0.9,0,shared_prefix,4,128,128,0,8.207765049301088,15.594988310599794,36631.89652652186,3992.317007513547,40624.2135340354,1976.546293444699,1543.3420655317605,5953.615816915408,6920.796439759439,4.954153507461966,5.0282280645607145,5.356087818486142,5.359962524188792,4.954128511374854,3238.958868878399,2896.9987023156136,7238.848763285205,7927.834102613855,2348.953125,256.0,a5
lfm25,59,cap24_chunk2048_pollpm_mem0.9,24,2048,lpm,0.9,0,R_medium_balanced,0,16,16,0,2.2744983676821,7.034518128190751,5627.614502552601,1800.8366408168322,7428.451143369433,94.76072352845222,97.09214209578931,104.85442925710232,105.01855614129454,4.063524356837768,4.1166477234048,4.1740143288146045,4.241132945479715,4.063524356837768,1130.959434522083,1131.095985416323,1150.2748829079792,1150.5062019219622,800.0,256.0,a5
lfm25,59,cap24_chunk2048_pollpm_mem0.9,24,2048,lpm,0.9,0,R_medium_balanced,1,16,16,0,2.296262253075838,6.967845235694676,5574.27618855574,1783.768380337837,7358.044568893578,92.97149264602922,96.13458625972272,99.8585179913789,100.02898299135268,4.113640060292228,4.156819440643576,4.240523181015662,4.314929462567556,4.113640060292227,1141.9497080205474,1142.1597034204751,1169.099242077209,1169.4356293650344,800.0,256.0,a5
lfm25,59,cap24_chunk2048_pollpm_mem0.9,24,2048,lpm,0.9,0,R_medium_balanced,2,16,16,0,2.309331894852221,6.928410782211915,5542.728625769532,1773.6731602462503,7316.401786015782,91.52729067136534,95.19785782322288,97.18208049889654,97.64052003156394,4.134275296739504,4.177002930173687,4.22765634333094,4.295713242289483,4.134275296739504,1145.7674913399387,1146.0697364527732,1166.4919939357787,1166.595001379028,800.0,256.0,a5
lfm25,59,cap24_chunk2048_pollpm_mem0.9,24,2048,lpm,0.9,0,R_medium_balanced,3,16,16,0,2.308645587414503,6.9304704399945205,5544.3763519956165,1774.2004326385972,7318.576784634214,95.07633702014571,98.93387462943792,101.2683359440416,101.58852632157505,4.129093026573423,4.172144205692937,4.232483458540895,4.3088128795737735,4.129093026573423,1147.9950587963683,1148.2449143659323,1172.3331045359373,1172.4975362420082,800.0,256.0,a5
lfm25,59,cap24_chunk2048_pollpm_mem0.9,24,2048,lpm,0.9,0,R_medium_balanced,4,16,16,0,2.276724718976766,7.027639251525727,5622.111401220582,1799.075648390586,7421.187049611168,94.35359860071912,98.7342088483274,99.79040431790054,100.06962171755733,4.064133617565876,4.110260908583216,4.230557698026007,4.305617537933821,4.064133617565876,1130.7076710800177,1130.9021064080298,1170.5621648579836,1171.1064890027046,800.0,256.0,a5
lfm25,59,cap24_chunk2048_pollpm_mem0.9,24,2048,lpm,0.9,0,tool_agent,0,200,200,0,38.2250893637538,5.232165662106892,13951.831346291134,1084.7064242396905,15036.537770530824,217.5031578214839,181.4612050075084,587.7426360268146,654.2028477042911,29.89488297763182,5.945575822676931,157.55577706731856,273.4507633186877,3.9552425795948127,948.1748957629316,660.5177326127887,2239.177396311424,2750.597729091526,2666.55,207.315,a5
lfm25,59,cap24_chunk2048_pollpm_mem0.9,24,2048,lpm,0.9,0,tool_agent,1,200,200,0,37.938629906158894,5.271671657482083,14057.17605825885,1092.8966096708982,15150.072667929748,162.63947568833828,151.77377546206117,317.7861389471218,350.50005024299026,6.688552340261083,3.409549394356353,21.899496344849467,90.61869053170084,3.147185258674717,744.0190085233189,310.9415255021304,1895.42564600706,2482.761519313787,2666.55,207.315,a5
lfm25,59,cap24_chunk2048_pollpm_mem0.9,24,2048,lpm,0.9,0,tool_agent,2,200,200,0,37.995789035223424,5.263741195493875,14036.029084844193,1091.2525059438126,15127.281590788005,146.43357764929533,142.37257046625018,262.9707323620096,295.4266828484833,7.567532893111784,3.348824811622468,33.06888462975621,58.128337012603886,3.117434896819315,722.3173261387274,271.3764829095453,1920.200688554905,2479.3356963153906,2666.55,207.315,a5
lfm25,59,cap24_chunk2048_pollpm_mem0.9,24,2048,lpm,0.9,0,tool_agent,3,200,200,0,37.941295410040766,5.271301304780229,14056.18849426172,1092.819830000513,15149.008324262231,139.6716803126037,127.44424166157842,241.4964869385585,249.74380563944575,5.677343704037945,3.194789495319128,23.43527371995151,45.01081094145776,3.048870538344757,702.8438018029556,257.83123169094324,1894.2881929920984,2363.187615461645,2666.55,207.315,a5
lfm25,59,cap24_chunk2048_pollpm_mem0.9,24,2048,lpm,0.9,0,tool_agent,4,200,200,0,37.91282728826627,5.275259438693944,14066.74305624934,1093.6404105328352,15160.383466782174,136.63304552203044,126.29041355103254,239.96456617023796,247.9492648970336,5.270843093889639,3.217037120420072,22.40833328105507,44.51355730183423,3.0288339378521005,695.9980971645564,249.92947303690016,1867.4079535761848,2367.4632090562927,2666.55,207.315,a5
lfm25,59,cap24_chunk2048_pollpm_mem0.9,24,2048,lpm,0.9,0,R_short_decode,0,8,8,0,4.837648082058877,1.653696148272787,165.3696148272787,423.3462139578335,588.7158287851122,32.27094013709575,30.57436109520495,36.32491047028452,36.91961348522455,2.236077036912127,2.235701082128228,2.2383014745491225,2.2383588275409028,2.2360759108067434,602.1907879039645,601.0264526121318,606.0729034245014,606.9749736785889,100.0,256.0,a5
lfm25,59,cap24_chunk2048_pollpm_mem0.9,24,2048,lpm,0.9,0,R_short_decode,1,8,8,0,4.834954572841525,1.65461740735619,165.461740735619,423.5820562831847,589.0437970188037,32.26791706401855,31.92142420448363,36.68658938258886,37.770795710384846,2.2349490777215744,2.234040876375694,2.2390701881759685,2.239768815887349,2.234946628287983,601.8999389489181,601.282759103924,606.1655297409743,607.4794645514339,100.0,256.0,a5
lfm25,59,cap24_chunk2048_pollpm_mem0.9,24,2048,lpm,0.9,0,R_short_decode,2,8,8,0,4.83637638296932,1.6541309787573557,165.41309787573556,423.457530561883,588.8706284376186,33.24900061124936,32.67260012216866,40.00783967785537,41.57532877288759,2.233188071615684,2.23546815378701,2.239132177290878,2.239949428167103,2.2331936256567038,602.1550767472945,603.043481009081,605.736645613797,606.246682764031,100.0,256.0,a5
lfm25,59,cap24_chunk2048_pollpm_mem0.9,24,2048,lpm,0.9,0,R_short_decode,3,8,8,0,4.833414600696415,1.655144584296024,165.5144584296024,423.7170135797821,589.2314720093846,31.99618763756007,31.541277654469013,35.77022075187415,36.43567936029285,2.23540572835603,2.235383859050332,2.2381361118000607,2.2387861040730983,2.235403990801452,601.7447797930799,601.3593338429928,605.2370867459103,605.9395006811246,100.0,256.0,a5
lfm25,59,cap24_chunk2048_pollpm_mem0.9,24,2048,lpm,0.9,0,R_short_decode,4,8,8,0,4.832398532889783,1.6554925976305983,165.54925976305984,423.8061049934332,589.355364756493,31.83832630747929,32.229229575023055,34.76545158773661,35.3775280341506,2.2352258268748715,2.2347310585353304,2.2390190484992223,2.2398979636752525,2.235223427725487,601.5408974490128,601.8014193978161,604.5994294341654,605.3054340463132,100.0,256.0,a5
lfm25,70,cap24_chunk8192_polfcfs_mem0.85,24,8192,fcfs,0.85,0,R_short_decode,0,8,8,0,4.783963192254305,1.672253668872864,167.2253668872864,428.0969392314532,595.3223061187396,25.04413214046508,24.47279985062778,27.8240627842024,28.57680356595665,2.241352067982116,2.238730452589545,2.253441682366287,2.256826204214485,2.2413440639278277,596.3067004340701,595.5861296970397,600.914902286604,601.9539898727089,100.0,256.0,a5
lfm25,70,cap24_chunk8192_polfcfs_mem0.85,24,8192,fcfs,0.85,0,R_short_decode,1,8,8,0,4.764496074989438,1.67908628196692,167.908628196692,429.8460881835316,597.7547163802236,23.561841691844165,23.35529401898384,25.16128639690578,25.248925304040316,2.238550277646513,2.238620395826943,2.2409991813011603,2.2416926460782483,2.2385486514892663,594.1119292401709,593.6945148278028,596.0687114391476,596.2215288449079,100.0,256.0,a5
lfm25,70,cap24_chunk8192_polfcfs_mem0.85,24,8192,fcfs,0.85,0,R_short_decode,2,8,8,0,4.76456649787724,1.6790614641571786,167.90614641571787,429.8397348242377,597.7458812399556,23.74794083880261,23.40136910788715,25.513903168030083,26.084542819298804,2.2379810002900102,2.2375071868665666,2.2421313628222337,2.243077207670368,2.237978384954752,594.1526817041449,593.9063087571412,596.1021811934188,596.7251120740548,100.0,256.0,a5
lfm25,70,cap24_chunk8192_polfcfs_mem0.85,24,8192,fcfs,0.85,0,R_short_decode,3,8,8,0,4.764401697088033,1.6791195429406258,167.91195429406258,429.8546029928002,597.7665572868628,23.726554703898728,23.464577039703727,26.03485931176692,26.772703849710524,2.2384940409399547,2.2379609893130907,2.2408396285189025,2.241620684251139,2.238492411755431,594.2623081500642,594.0937616396695,595.9005573065951,596.2828441197053,100.0,256.0,a5
lfm25,70,cap24_chunk8192_polfcfs_mem0.85,24,8192,fcfs,0.85,0,R_short_decode,4,8,8,0,4.771930871997029,1.6764702202511246,167.64702202511248,429.1763763842879,596.8233984094004,24.58754851249978,24.145043222233653,27.68911523744464,28.74367667362094,2.238189963702354,2.2379024702982573,2.240942356526298,2.241697173739683,2.238188151091104,595.0457535218447,594.511975068599,597.9846563655883,599.0273024234921,100.0,256.0,a5
lfm25,70,cap24_chunk8192_polfcfs_mem0.85,24,8192,fcfs,0.85,0,R_concurrent_decode,0,32,32,0,2.3798671048134565,13.446128960427094,2689.2257920854186,3442.209013869336,6131.434805954755,420.93245474097785,104.20671314932406,1374.7306269593537,1374.9502071458846,4.603672205007124,4.837269919431385,4.839869250598199,4.878197278973518,4.603672205007124,1594.8688670177944,1338.280008174479,2367.539959237911,2368.0145383952186,200.0,256.0,a5
lfm25,70,cap24_chunk8192_polfcfs_mem0.85,24,8192,fcfs,0.85,0,R_concurrent_decode,1,32,32,0,2.353083712980151,13.59917618887957,2719.835237775914,3481.38910435317,6201.224342129084,414.7712263220456,104.5512305572629,1348.7382319988683,1348.858544942923,4.544896063995182,4.760021750139547,4.762579774410994,4.803165052232204,4.544896063995182,1573.719722640817,1318.4818478766829,2340.631944593042,2341.000634599477,200.0,256.0,a5
lfm25,70,cap24_chunk8192_polfcfs_mem0.85,24,8192,fcfs,0.85,0,R_concurrent_decode,2,32,32,0,2.3551734066568315,13.587109938297068,2717.421987659414,3478.300144204049,6195.722131863464,416.59652776434086,106.62333550862968,1350.103074288927,1350.2668806072325,4.544408530551556,4.757815470699878,4.761893270701608,4.802231643129797,4.544408530551556,1575.4207030549878,1320.4728374257684,2342.8115240996704,2342.9317935789004,200.0,256.0,a5
lfm25,70,cap24_chunk8192_polfcfs_mem0.85,24,8192,fcfs,0.85,0,R_concurrent_decode,3,32,32,0,2.350434366147965,13.614504817015396,2722.900963403079,3485.3132331559414,6208.21419655902,411.5670050960034,101.28092509694396,1345.3157311305404,1345.5118631850928,4.5439524009969885,4.757292615249753,4.761700303129413,4.799085992771913,4.5439524009969885,1570.2748673502356,1314.979845890775,2338.100657775067,2338.233177387156,200.0,256.0,a5
lfm25,70,cap24_chunk8192_polfcfs_mem0.85,24,8192,fcfs,0.85,0,R_concurrent_decode,4,32,32,0,2.351462355814874,13.60855295891426,2721.710591782852,3483.7895574820504,6205.500149264902,411.90030513098463,101.60148912109436,1346.3114529615268,1346.526963901706,4.545115440679878,4.759443418908061,4.763638983553677,4.800339201209592,4.545115440679878,1570.9047425043536,1316.0003954544663,2338.7359169777483,2339.107048776932,200.0,256.0,a5
lfm25,70,cap24_chunk8192_polfcfs_mem0.85,24,8192,fcfs,0.85,0,R_long_prefill,0,4,4,0,0.2646255372092128,15.11569912029164,60462.79648116656,483.7023718493325,60946.49885301589,154.88561999518424,155.5455820634961,156.02108417078853,156.0594185255468,3.250531454180037,3.2202165663963367,3.333876849783044,3.3498411775837025,3.250531454180037,255.65209507476536,255.73598919436336,256.28010879736394,256.3369127875194,4000.0,32.0,a5
lfm25,70,cap24_chunk8192_polfcfs_mem0.85,24,8192,fcfs,0.85,0,R_long_prefill,1,4,4,0,0.2625602739863097,15.234597143239442,60938.38857295777,487.50710858366216,61425.89568154143,152.17588434461504,152.8254875447601,153.3095178892836,153.35436190944165,3.2779328495023714,3.246476543286154,3.362067536480965,3.3781349202317577,3.277932849502371,253.79180267918852,253.8194956723601,254.4628705363721,254.51952940784395,4000.0,32.0,a5
lfm25,70,cap24_chunk8192_polfcfs_mem0.85,24,8192,fcfs,0.85,0,R_long_prefill,2,4,4,0,0.258279035333544,15.487126141827044,61948.50456730817,495.58803653846536,62444.09260384664,150.3056779038161,150.97760129719973,151.37391253374517,151.40704083256423,3.237691020683175,3.2060714213237644,3.321541223164288,3.337741569135218,3.237691020683175,250.67409954499453,250.5333728622645,251.313024177216,251.42078678589317,4000.0,32.0,a5
lfm25,70,cap24_chunk8192_polfcfs_mem0.85,24,8192,fcfs,0.85,0,R_long_prefill,3,4,4,0,0.2757309027947485,14.506897701552017,58027.59080620806,464.2207264496645,58491.81153265773,166.51174833532423,167.0779027044773,167.5359225133434,167.57390667218715,3.241598992908914,3.2151021258605104,3.3069156868863967,3.319788460559662,3.2415989929089144,267.00131711550057,267.09330128505826,267.3076419858262,267.31832159217447,4000.0,32.0,a5
lfm25,70,cap24_chunk8192_polfcfs_mem0.85,24,8192,fcfs,0.85,0,R_long_prefill,4,4,4,0,0.2603996279649436,15.36100504927949,61444.02019711796,491.55216157694366,61935.5723586949,151.29225375130773,151.90324699506164,152.29512264486402,152.327885995619,3.2658506965925618,3.238539752219954,3.3406968791818907,3.3550684777418933,3.2658506965925618,252.53362534567717,252.59429519064724,253.08116010855883,253.13218952622265,4000.0,32.0,a5
lfm25,70,cap24_chunk8192_polfcfs_mem0.85,24,8192,fcfs,0.85,0,R_medium_balanced,0,16,16,0,2.246263188775629,7.122940926936137,5698.35274154891,1823.472877295651,7521.82561884456,91.43663861323148,90.50399763509633,98.60302123706788,98.81337208207697,4.013349466007568,4.019126381871163,4.140828142180016,4.15246361638328,4.013349466007568,1114.8407524451611,1116.118984296918,1143.3455761289224,1143.8994598342106,800.0,256.0,a5
lfm25,70,cap24_chunk8192_polfcfs_mem0.85,24,8192,fcfs,0.85,0,R_medium_balanced,1,16,16,0,2.249584271106869,7.112425262525274,5689.94021002022,1820.7808672064705,7510.72107722669,94.1901097248774,94.75729940459132,95.48009850550444,95.6199927488342,4.0142906271606025,4.021784618460372,4.145834408700466,4.15905354434953,4.0142906271606025,1117.834219650831,1117.7664862480017,1151.5895627671853,1151.952815731056,800.0,256.0,a5
lfm25,70,cap24_chunk8192_polfcfs_mem0.85,24,8192,fcfs,0.85,0,R_medium_balanced,2,16,16,0,2.2417234242893755,7.137365754685812,5709.892603748649,1827.165633199568,7537.058236948216,90.44049913063644,88.63366604782641,95.1139013050124,95.2055219328031,4.013495455386446,4.023103396791745,4.1456783409504325,4.160163027836996,4.013495455386447,1113.88184025418,1114.0347789041698,1143.8659358536825,1144.2776557756588,800.0,256.0,a5
lfm25,70,cap24_chunk8192_polfcfs_mem0.85,24,8192,fcfs,0.85,0,R_medium_balanced,3,16,16,0,2.2389923250302672,7.146071838269346,5716.857470615477,1829.3943905969527,7546.251861212429,90.87963998899797,90.76032997108996,93.10786856804044,93.19441367406398,4.011737166643691,4.019332682604299,4.142932758173522,4.157228919074816,4.011737166643691,1113.872617483139,1114.032655954361,1145.7560827257112,1146.2929539615288,800.0,256.0,a5
lfm25,70,cap24_chunk8192_polfcfs_mem0.85,24,8192,fcfs,0.85,0,R_medium_balanced,4,16,16,0,2.239378060214221,7.144840920013936,5715.872736011148,1829.0792755235675,7544.952011534716,91.34337175055408,89.7341500967741,96.43396071624012,96.533572091721,4.011256390196436,4.018986394957585,4.142315871100507,4.1578198609618,4.011256390196436,1114.2137512506451,1114.2912933137268,1143.2939557125792,1143.7135680345818,800.0,256.0,a5
lfm25,70,cap24_chunk8192_polfcfs_mem0.85,24,8192,fcfs,0.85,0,shared_prefix,0,128,128,0,8.818943703081459,14.514209899681644,34093.19870076313,3715.637734318501,37808.836435081634,2184.8752770274587,1983.5780896246436,3469.0536179812625,3473.905752855353,5.119750521466166,5.246345446828533,5.356850120805058,5.360729256206575,5.119725493267601,3490.205288533616,3279.7897302079946,4793.049761536531,4807.366489996202,2348.953125,256.0,a5
lfm25,70,cap24_chunk8192_polfcfs_mem0.85,24,8192,fcfs,0.85,0,shared_prefix,1,128,128,0,8.418571121059358,15.204480446783112,35714.61185947259,3892.3469943764767,39606.95885384906,2047.052936428372,1781.885302392766,3247.3176953382786,3258.3770754002035,4.986869544286048,5.073526485220475,5.32749754057138,5.328383223171912,4.986895343612511,3318.282687730971,3103.618236025796,4493.611568561755,4504.712999477051,2348.953125,256.0,a5
lfm25,70,cap24_chunk8192_polfcfs_mem0.85,24,8192,fcfs,0.85,0,shared_prefix,2,128,128,0,8.340675816871226,15.34647824833164,36048.15803916313,3928.6984315729,39976.85647073604,2089.564979483839,1844.0589373931289,3324.9445725698024,3326.4452436054125,4.682658021504777,4.962820732071409,5.097268420435927,5.099156118947647,4.68305088520788,3281.950224794855,3020.619492046535,4448.716914933175,4465.459291664884,2348.953125,256.0,a5
lfm25,70,cap24_chunk8192_polfcfs_mem0.85,24,8192,fcfs,0.85,0,shared_prefix,3,128,128,0,8.438402745872736,15.168747434175907,35630.67668784323,3883.199343149032,39513.876030992265,2041.245448210248,1746.0716783534735,3177.435395494103,3191.099571045488,4.98906146142619,5.074595104829938,5.276781162794899,5.401893097432513,4.988995474582959,3312.347951468837,3040.2364630717784,4462.710184743628,4485.952732586302,2348.953125,256.0,a5
lfm25,70,cap24_chunk8192_polfcfs_mem0.85,24,8192,fcfs,0.85,0,shared_prefix,4,128,128,0,8.337426505051553,15.352459169798529,36062.20694333316,3930.229547468423,39992.43649080158,2013.317797849595,1736.1709119286388,3148.9107093075286,3166.051984783262,4.9759783323020175,5.0729492962287335,5.292632818569009,5.29355527458749,4.975939846179226,3281.1328463139944,3018.054856453091,4448.21290303953,4466.557034659199,2348.953125,256.0,a5
lfm25,70,cap24_chunk8192_polfcfs_mem0.85,24,8192,fcfs,0.85,0,tool_agent,0,200,200,0,38.07330662803725,5.253024171342125,14007.451604092344,1089.0307060817927,15096.482310174137,255.39079251000655,234.5459470525384,523.6619830830023,530.226575373672,9.850906605690334,3.371842633932829,40.14040743932126,154.04045834206045,3.276710520575943,860.6975269760005,503.3067346084863,2068.9956062473348,2568.293675943273,2666.55,207.315,a5
lfm25,70,cap24_chunk8192_polfcfs_mem0.85,24,8192,fcfs,0.85,0,tool_agent,1,200,200,0,37.894373398739845,5.277828396725802,14073.593311289187,1094.1729940672096,15167.766305356396,209.0273481607437,192.33907177113,430.6598579976708,433.5604484612122,7.748141345419398,3.3031409755730587,20.229581790044897,142.90830155834556,3.1898146295099354,798.2818046701141,346.7657568398863,2052.1560902008787,2365.454958090552,2666.55,207.315,a5
lfm25,70,cap24_chunk8192_polfcfs_mem0.85,24,8192,fcfs,0.85,0,tool_agent,2,200,200,0,38.01853175414726,5.260592420910178,14027.632719978032,1090.5997177409934,15118.232437719029,193.94620056729764,187.2992091812193,308.43949851114303,349.22798697836697,5.918469346608038,3.26915355211916,20.67504962906241,67.63771217316389,3.0482417699986115,757.0479027391411,317.3146324697882,1935.8894590986888,2356.042421511371,2666.55,207.315,a5
lfm25,70,cap24_chunk8192_polfcfs_mem0.85,24,8192,fcfs,0.85,0,tool_agent,3,200,200,0,37.878482145257294,5.280042617152274,14079.497640767397,1094.6320351749237,15174.12967594232,183.00430751405656,185.09087734855711,309.00159948505456,320.0305169727653,5.424345721267538,3.2140813679374767,17.130139330402017,42.45370985008786,3.03124216677442,742.9202043497935,309.54595375806093,1894.8279674164944,2383.027236927297,2666.55,207.315,a5
lfm25,70,cap24_chunk8192_polfcfs_mem0.85,24,8192,fcfs,0.85,0,tool_agent,4,200,200,0,37.87661387724802,5.280303055816121,14080.192113486475,1094.686028016519,15174.878141502995,179.0646801679395,178.3404485322535,264.69865578692406,312.4464709497988,5.831263127810469,3.238229411666794,24.81732508167623,39.30254473350945,3.0293372670767758,738.6893002013676,303.22009208612144,1891.3133894558985,2380.977371241894,2666.55,207.315,a5
lfm25,83,cap32_chunk2048_pollpm_mem0.9,32,2048,lpm,0.9,0,R_concurrent_decode,0,32,32,0,1.4776909220963717,21.65540812459091,4331.081624918182,5543.784479895273,9874.866104813456,134.46814789494965,147.0178496092558,156.74319204408675,157.4576692096889,5.218104056285822,5.162894911151014,5.346661124688883,5.447801133818632,5.218104056285822,1465.0846822478345,1464.9063313845545,1467.7549160085618,1468.350160559639,200.0,256.0,a5
lfm25,83,cap32_chunk2048_pollpm_mem0.9,32,2048,lpm,0.9,0,R_concurrent_decode,1,32,32,0,1.4921864327043295,21.44504151669945,4289.0083033398905,5489.93062827506,9778.93893161495,142.51762571802828,157.55322156473994,163.98617026861757,164.76806670427322,5.218987054289684,5.164276145617752,5.358209605237432,5.466044259732406,5.218987054289683,1473.3593245618977,1473.1709163170308,1476.4624076196924,1477.041311422363,200.0,256.0,a5
lfm25,83,cap32_chunk2048_pollpm_mem0.9,32,2048,lpm,0.9,0,R_concurrent_decode,2,32,32,0,1.473720708861947,21.71374793580216,4342.749587160432,5558.719471565353,9901.469058725785,135.58663820731454,148.59098033048213,155.71635717060417,156.34055584669113,5.198617292768962,5.147249913573557,5.325565775491151,5.427193707859546,5.198617292768961,1461.2340478633996,1461.175435455516,1464.1640368150547,1464.47027746588,200.0,256.0,a5
lfm25,83,cap32_chunk2048_pollpm_mem0.9,32,2048,lpm,0.9,0,R_concurrent_decode,3,32,32,0,1.4648635773919525,21.84503764983556,4369.007529967112,5592.329638357903,9961.337168325012,135.05038239236455,148.40616309083998,156.88584125600755,157.61807824019343,5.160082490514398,5.102208810949735,5.280590341791657,5.385900308031077,5.160082490514398,1450.871417473536,1450.8888283744454,1452.9575693653896,1453.089098278433,200.0,256.0,a5
lfm25,83,cap32_chunk2048_pollpm_mem0.9,32,2048,lpm,0.9,0,R_concurrent_decode,4,32,32,0,1.4776215068995953,21.65642544493257,4331.285088986514,5544.044913902738,9875.330002889252,142.50877902668435,157.21991006284952,163.94062980543822,164.2513412144035,5.183712146918326,5.1230936201618,5.303544759220791,5.415807929857835,5.183712146918325,1464.3553764908577,1464.383302954957,1467.24202001933,1468.222778122872,200.0,256.0,a5
lfm25,83,cap32_chunk2048_pollpm_mem0.9,32,2048,lpm,0.9,0,tool_agent,0,200,200,0,37.90868929028511,5.275835270074984,14068.278539418448,1093.7597890155953,15162.038328434044,210.3147319657728,167.59551456198096,543.2992698857552,661.3924464350564,28.670827708788863,4.981752684605973,151.69629487209022,262.39758817479014,3.837956077238412,919.3195478944108,639.4286460708827,2197.1254759933795,2741.406482481392,2666.55,207.315,a5
lfm25,83,cap32_chunk2048_pollpm_mem0.9,32,2048,lpm,0.9,0,tool_agent,1,200,200,0,37.88171729398891,5.279591694533238,14078.295233057606,1094.5385521521582,15172.833785209765,158.86193067068234,143.1709851603955,319.09302801359445,326.5036696055904,6.383026785002348,3.379099228495849,21.05311779305337,61.03032254613936,3.1133583014038315,733.9926096890122,295.0623775832355,1897.8657985804605,2456.39469600748,2666.55,207.315,a5
lfm25,83,cap32_chunk2048_pollpm_mem0.9,32,2048,lpm,0.9,0,tool_agent,2,200,200,0,37.87519641080871,5.280500669375396,14080.719059922962,1094.7269962715602,15175.446056194522,143.97639272501692,138.53678479790688,251.71902847941965,257.98329804558307,6.666352728205843,3.2750905259563448,33.25377758592367,57.14653829112649,3.058095649913246,708.8984021334909,279.10519135184586,1883.8991342345253,2379.838434820992,2666.55,207.315,a5
lfm25,83,cap32_chunk2048_pollpm_mem0.9,32,2048,lpm,0.9,0,tool_agent,3,200,200,0,37.8378690648824,5.285709923490947,14094.609796484783,1095.8069527885257,15190.41674927331,135.50075378734618,136.38705061748624,225.12641183566305,232.4220169847831,5.810838145485522,3.272496375928421,23.164669750258327,41.75370302982628,3.0979816353023466,707.7909012767486,263.8403726741672,1847.73805073928,2417.9717836482423,2666.55,207.315,a5
lfm25,83,cap32_chunk2048_pollpm_mem0.9,32,2048,lpm,0.9,0,tool_agent,4,200,200,0,37.87523822626099,5.28049483953685,14080.703514366987,1094.725787658582,15175.42930202557,125.05155749619009,115.04079308360816,190.9440123243257,195.67323199938983,5.270653237042493,3.269343377559065,18.521566549316045,43.4935727994889,3.031788856919781,685.0684362021275,246.5242645703256,1863.0332042928785,2304.357165764083,2666.55,207.315,a5
lfm25,83,cap32_chunk2048_pollpm_mem0.9,32,2048,lpm,0.9,0,R_medium_balanced,0,16,16,0,2.258914968930185,7.083046604263086,5666.437283410469,1813.25993069135,7479.697214101819,95.1952448231168,99.03087839484216,103.35696302354336,103.57200354337692,4.029195238699151,4.078254939111716,4.177766651207326,4.251922924144596,4.02919523869915,1122.6400306914002,1123.014155076817,1152.6480296161026,1152.9004293959588,800.0,256.0,a5
lfm25,83,cap32_chunk2048_pollpm_mem0.9,32,2048,lpm,0.9,0,R_medium_balanced,1,16,16,0,2.236362310126424,7.154475787554971,5723.580630043976,1831.5458016140728,7555.126431658049,90.5793729762081,94.29145720787346,96.5585020603612,97.05912994686514,4.002662543800897,4.040820376180551,4.186857747845352,4.260524286450271,4.002662543800898,1111.2583216454368,1111.471293494105,1154.7812530770898,1155.247643403709,800.0,256.0,a5
lfm25,83,cap32_chunk2048_pollpm_mem0.9,32,2048,lpm,0.9,0,R_medium_balanced,2,16,16,0,2.2235745978541672,7.195620967895837,5756.49677431667,1842.0789677813343,7598.575742098004,92.53892346168868,92.1974340453744,103.1249447260052,103.63714103586972,3.955054117992119,3.991785111344037,4.193906961739355,4.280663378281044,3.9550541179921184,1101.077723549679,1101.6020188108089,1161.9153065839782,1162.1758052380756,800.0,256.0,a5
lfm25,83,cap32_chunk2048_pollpm_mem0.9,32,2048,lpm,0.9,0,R_medium_balanced,3,16,16,0,2.2628014287911355,7.070881163685555,5656.704930948444,1810.145577903502,7466.850508851946,84.93662448017858,73.66921589709818,105.89757468551396,106.33866284042595,4.069101537221714,4.061360987743326,4.282657960064563,4.283195990594287,4.069101537221713,1122.5575164717156,1122.7968740276992,1166.115892585367,1166.597857605666,800.0,256.0,a5
lfm25,83,cap32_chunk2048_pollpm_mem0.9,32,2048,lpm,0.9,0,R_medium_balanced,4,16,16,0,2.239973723422736,7.142940933946136,5714.352747156909,1828.5928790902108,7542.945626247119,78.23681060108356,67.69273150712252,93.8328328775242,94.43786239717156,4.058365081436932,4.058018172451971,4.182148281046573,4.249377236427629,4.058365081436932,1113.1199063675012,1113.2773561403155,1152.9414646793157,1153.667768323794,800.0,256.0,a5
lfm25,83,cap32_chunk2048_pollpm_mem0.9,32,2048,lpm,0.9,0,shared_prefix,0,128,128,0,6.353849469218403,20.14526793876744,47320.29007873008,5157.1885923244645,52477.47867105455,1563.8148478501537,1672.384279081598,4405.694292159738,4976.067248256877,4.774514585363774,5.444269231977124,5.613073064927377,5.618577927990141,4.775025058750817,2780.737445049453,3061.692356830463,5774.079750524821,6332.143606739119,2348.953125,256.0,a5
lfm25,83,cap32_chunk2048_pollpm_mem0.9,32,2048,lpm,0.9,0,shared_prefix,1,128,128,0,6.21460388135165,20.596646615578106,48380.55743218286,5272.741533587994,53653.29896577085,1371.1290618266505,1645.9561598021537,3323.198349890299,4826.600147453137,5.276261531859723,5.248160262776043,5.493637378528422,5.498506778686801,5.27628785831491,2715.5931617235183,3020.057721529156,4701.205560332164,6183.013882650994,2348.953125,256.0,a5
lfm25,83,cap32_chunk2048_pollpm_mem0.9,32,2048,lpm,0.9,0,shared_prefix,2,128,128,0,6.23712254408747,20.52228396912589,48205.88306141568,5253.704696096229,53459.58775751191,1376.3768778117085,1664.1125979367644,3356.873984006233,4859.346561296843,5.308784903208078,5.2747791708103815,5.4891569104374325,5.492744168211871,5.308796208998372,2729.248936728254,3018.0071415379643,4728.682433092035,6210.009036422707,2348.953125,256.0,a5
lfm25,83,cap32_chunk2048_pollpm_mem0.9,32,2048,lpm,0.9,0,shared_prefix,3,128,128,0,6.182697208132595,20.702938489633844,48630.2320619082,5299.952253346264,53930.18431525446,1361.179682895454,1613.6683935765177,3286.042751208879,4791.818841272034,5.265846267439562,5.276650980791321,5.474807414792332,5.480906030692744,5.265876080168172,2703.155290200812,3001.0168799199164,4672.761533106677,6144.490514351055,2348.953125,256.0,a5
lfm25,83,cap32_chunk2048_pollpm_mem0.9,32,2048,lpm,0.9,0,shared_prefix,4,128,128,0,6.188101397827268,20.68485820948937,48587.76233136196,5295.323701629279,53883.08603299124,1372.3697444656864,1636.733427643776,2760.1888394448783,4391.501146014785,5.204416500354886,5.2130378579035845,5.483397164144644,5.490954935221987,5.204462143139364,2698.897693058825,3007.58422142826,4093.503348901855,5749.743171646265,2348.953125,256.0,a5
lfm25,83,cap32_chunk2048_pollpm_mem0.9,32,2048,lpm,0.9,0,R_long_prefill,0,4,4,0,0.2283405060879886,17.517697882558963,70070.79153023585,560.5663322418868,70631.35786247773,104.94494962040336,112.04085731878877,113.8377949828282,113.87625813949852,3.497079533014086,3.263308644114483,4.126016923316544,4.239651278682774,3.497079533014086,213.35441514384,213.3636884391308,214.02435810305175,214.1025242675096,4000.0,32.0,a5
lfm25,83,cap32_chunk2048_pollpm_mem0.9,32,2048,lpm,0.9,0,R_long_prefill,1,4,4,0,0.2231598817743361,17.924368700127218,71697.47480050886,573.579798404071,72271.05459891293,101.3180521549657,108.37554093450308,110.302007291466,110.34009577706456,3.484045913923652,3.2533606619484,4.113126336596906,4.225983260529897,3.484045913923652,209.3234754865989,209.22972145490348,209.9605291616172,210.03341070376337,4000.0,32.0,a5
lfm25,83,cap32_chunk2048_pollpm_mem0.9,32,2048,lpm,0.9,0,R_long_prefill,2,4,4,0,0.2273895950056612,17.590954414164877,70363.8176566595,562.910541253276,70926.72819791277,99.4005809770897,105.9414700139314,107.30014743749052,107.3312494950369,3.492004230558392,3.2788558277271447,4.061498957115315,4.165290297579862,3.492004230558391,207.65271212439984,207.58600067347288,208.2502375356853,208.29704029485583,4000.0,32.0,a5
lfm25,83,cap32_chunk2048_pollpm_mem0.9,32,2048,lpm,0.9,0,R_long_prefill,3,4,4,0,0.214232584927231,18.67129597189284,74685.18388757136,597.4814711005708,75282.66535867192,92.9081877693534,98.47563109360637,99.84052528161556,99.86819545272738,3.4707662679495352,3.2842877966862534,3.959253385302521,4.048856218615847,3.4707662679495352,200.50194207578895,200.3918110858649,200.92533784918487,200.99734007380903,4000.0,32.0,a5
lfm25,83,cap32_chunk2048_pollpm_mem0.9,32,2048,lpm,0.9,0,R_long_prefill,4,4,4,0,0.2239189674146473,17.863605062955223,71454.42025182089,571.6353620145671,72026.05561383546,103.0799220316112,109.70006696879864,111.45741487853228,111.4956013765186,3.4644602978181456,3.2466999180014096,4.043908872371239,4.148569082721107,3.4644602978181456,210.4781912639737,210.50687483511865,210.7954013161361,210.82401176914573,4000.0,32.0,a5
lfm25,83,cap32_chunk2048_pollpm_mem0.9,32,2048,lpm,0.9,0,R_short_decode,0,8,8,0,4.8185157352127135,1.66026229644487,166.026229644487,425.0271478898867,591.0533775343737,30.45148588716984,29.95818923227489,33.53626998141408,34.12597546353936,2.231265623994715,2.2311729935965703,2.2339543037770624,2.234601417815297,2.231263908657623,599.1448746062815,599.0841393359005,601.7420213669538,601.8710072338581,100.0,256.0,a5
lfm25,83,cap32_chunk2048_pollpm_mem0.9,32,2048,lpm,0.9,0,R_short_decode,1,8,8,0,4.816920934710652,1.660811981021348,166.08119810213478,425.1678671414651,591.2490652435998,30.90218297438696,31.429225578904152,33.57334528118372,33.99087246507406,2.230424043709941,2.230340650524287,2.2326004516595903,2.233068893034364,2.2304226891441403,599.3811658699997,599.9565250240266,601.5295099234208,601.6178222699091,100.0,256.0,a5
lfm25,83,cap32_chunk2048_pollpm_mem0.9,32,2048,lpm,0.9,0,R_short_decode,2,8,8,0,4.80920369271189,1.6634770559050356,166.34770559050355,425.8501263116891,592.1978319021927,30.15243710251525,30.66585655324161,32.097125868313015,32.18709462787956,2.2306313594114178,2.229873067242842,2.2351706701148086,2.236131944612384,2.230628543862705,598.6838872195221,599.1843601223081,600.3291987814009,600.5025291629136,100.0,256.0,a5
lfm25,83,cap32_chunk2048_pollpm_mem0.9,32,2048,lpm,0.9,0,R_short_decode,3,8,8,0,4.811647896189243,1.6626320488529278,166.26320488529277,425.6338045063495,591.8970093916423,31.152642623055726,31.55258041806519,34.056621487252414,34.579600929282606,2.229514266199997,2.2295461081917964,2.2325176413841623,2.233195154796032,2.229514527678402,599.1214685491286,599.6783564332873,600.9065529331565,600.9302616491914,100.0,256.0,a5
lfm25,83,cap32_chunk2048_pollpm_mem0.9,32,2048,lpm,0.9,0,R_short_decode,4,8,8,0,4.8106340961530805,1.662982434352544,166.2982434352544,425.7235031942513,592.0217466295056,30.548901471775025,29.94308667257428,33.31226904410869,33.536966615356505,2.230013450496041,2.23011296041602,2.233496727060609,2.234610816772902,2.2300110591823064,598.9229701808654,598.7809766083956,601.3550289906561,601.512439865619,100.0,256.0,a5
qwen,102,cap48_chunk-1_polfcfs_mem0.85,48,-1,fcfs,0.85,0,R_long_prefill,0,4,4,0,0.3114386242814362,12.843622107659131,51374.48843063653,410.9959074450922,51785.48433808162,114.88178803119808,115.04169413819908,115.36556724458931,115.39246153086424,6.074694420901999,6.061262774070905,6.113907648250461,6.1207188765007645,6.074694420901999,303.19731507916003,303.1862715724856,303.7452889373526,303.8207785366103,4000.0,32.0,a5
qwen,102,cap48_chunk-1_polfcfs_mem0.85,48,-1,fcfs,0.85,0,R_long_prefill,1,4,4,0,0.3128514173440635,12.78562211403036,51142.48845612144,409.13990764897153,51551.62836377041,114.66396262403578,114.82114414684474,115.17705926671624,115.2084849216044,6.077988880626377,6.064922999470465,6.11913059462583,6.126647537664301,6.077988880626377,303.08161792345345,303.0980140902102,303.70313737075776,303.76586814876646,4000.0,32.0,a5
qwen,102,cap48_chunk-1_polfcfs_mem0.85,48,-1,fcfs,0.85,0,R_long_prefill,2,4,4,0,0.311450163833797,12.84314623810752,51372.58495243007,410.9806796194406,51783.56563204952,114.2340002115816,114.44685375317933,114.7635322995484,114.79676822200418,6.086047757567177,6.072275791197054,6.129960211805039,6.137793742030139,6.086047757567178,302.90148069616407,302.82588629052043,303.4807305550203,303.5517717106268,4000.0,32.0,a5
qwen,102,cap48_chunk-1_polfcfs_mem0.85,48,-1,fcfs,0.85,0,R_long_prefill,3,4,4,0,0.3113662507385015,12.846607461511196,51386.42984604478,411.0914387683583,51797.52128481314,113.79534495063126,113.96495765075088,114.3908068537712,114.43676270544528,6.082410860295978,6.066275595296776,6.130331717131118,6.1392257672043575,6.082410860295979,302.3500816198066,302.2109838202596,303.0902518890798,303.1685627810657,4000.0,32.0,a5
qwen,102,cap48_chunk-1_polfcfs_mem0.85,48,-1,fcfs,0.85,0,R_long_prefill,4,4,4,0,0.3043773570097983,13.141582012853982,52566.32805141593,420.5306244113274,52986.85867582726,107.3925025993958,107.55796357989313,107.9423435498029,107.97565110959113,6.084082069836797,6.071775806166473,6.115431694554225,6.121503707442072,6.084082069836797,295.9990467643365,296.0702464915812,296.26956277061254,296.2809351691976,4000.0,32.0,a5
qwen,102,cap48_chunk-1_polfcfs_mem0.85,48,-1,fcfs,0.85,0,R_medium_balanced,0,16,16,0,3.448183072730899,4.640124860693168,3712.099888554534,1187.871964337451,4899.971852891985,107.96154756098986,107.8605903312564,112.28432087227702,112.352682556957,6.317712270595389,6.320096587981372,6.682103712056929,6.687530680997845,6.317712270595389,1718.978176562814,1719.0481873694807,1808.3372135879472,1808.7244667345656,800.0,256.0,a5
qwen,102,cap48_chunk-1_polfcfs_mem0.85,48,-1,fcfs,0.85,0,R_medium_balanced,1,16,16,0,3.4483764301985502,4.639864679471422,3711.891743577137,1187.805357944684,4899.6971015218205,106.06768203433604,106.29214183427392,113.41293330769986,113.5093874996528,6.320528552054848,6.321844750759649,6.686107304823749,6.689838389044299,6.320528552054848,1717.8024628083222,1717.567025218159,1804.2771185282616,1804.4103790540248,800.0,256.0,a5
qwen,102,cap48_chunk-1_polfcfs_mem0.85,48,-1,fcfs,0.85,0,R_medium_balanced,2,16,16,0,3.4407594073563814,4.6501362361436325,3720.108988914906,1190.43487645277,4910.5438653676765,103.20346304797567,103.0999005306512,109.23156596254556,109.3713300069794,6.318131955135065,6.320721911741238,6.681072859403987,6.68761242573679,6.318131955135066,1714.3271116074177,1714.4352889154106,1801.5265858266505,1802.019202010706,800.0,256.0,a5
qwen,102,cap48_chunk-1_polfcfs_mem0.85,48,-1,fcfs,0.85,0,R_medium_balanced,3,16,16,0,3.4512723931111395,4.6359713686861,3708.77709494888,1186.8086703836416,4895.585765332521,105.33650038996711,105.31746852211654,107.41392569616436,107.47300582006574,6.323050069805308,6.326081152713182,6.688147669603281,6.688442794770441,6.323050069805308,1717.7142681903206,1718.1316842325032,1812.6173776108767,1812.7023281995207,800.0,256.0,a5
qwen,102,cap48_chunk-1_polfcfs_mem0.85,48,-1,fcfs,0.85,0,R_medium_balanced,4,16,16,0,3.4443163592368364,4.645334031844029,3716.2672254752233,1189.2055121520714,4905.472737627295,102.81068345648237,102.75462991558015,109.94806059170514,110.11533460114153,6.319048463631714,6.320582082787273,6.681598089726679,6.685693223558951,6.319048463631714,1714.1680416825693,1714.1230807173995,1813.7323347618803,1814.342649909668,800.0,256.0,a5
qwen,102,cap48_chunk-1_polfcfs_mem0.85,48,-1,fcfs,0.85,0,tool_agent,0,200,200,0,41.43910769093782,4.8263587500880805,13030.903175506564,1000.5765642745104,14031.479739781073,306.8487489549443,289.0373235568404,627.0022255601361,688.0707463575526,21.09843631377417,11.12051771321733,87.05858564935616,230.9701206535101,10.620906982998005,2268.848895924166,717.601212207228,6688.008467759936,9401.164183421057,2699.945,207.315,a5
qwen,102,cap48_chunk-1_polfcfs_mem0.85,48,-1,fcfs,0.85,0,tool_agent,1,200,200,0,41.21943310694769,4.8520803156385295,13100.349987806669,1005.9090306366018,14106.259018443272,156.0718296840787,161.88040748238564,239.469682588242,271.81393187958747,11.077242920721329,9.838441633668848,19.00402789368573,38.691405300051,9.413726011360875,1894.928229872603,457.3361636139453,5652.148573822342,8049.270042292769,2699.945,207.315,a5
qwen,102,cap48_chunk-1_polfcfs_mem0.85,48,-1,fcfs,0.85,0,tool_agent,2,200,200,0,41.2248374670744,4.851444233339591,13098.632600584064,1005.7771612347974,14104.40976181886,164.05060142977163,163.84098445996642,256.96068038232625,279.11619960330427,11.481679369771152,10.004971226886346,26.833098233960776,45.825105458498,9.50558486760398,1920.0172940222544,486.5313838236034,5742.0281699625775,8107.330057774665,2699.945,207.315,a5
qwen,102,cap48_chunk-1_polfcfs_mem0.85,48,-1,fcfs,0.85,0,tool_agent,3,200,200,0,41.29179674712941,4.8435770723371085,13077.391698571211,1004.1461807515676,14081.53787932278,156.26208032481372,164.65023066848516,243.68063076399267,270.23918845690787,11.553685731414442,9.974718143923957,26.245262463698456,50.5226890090853,9.433582323076845,1898.9277428667992,462.9600332118571,5598.658807203173,8021.175812594587,2699.945,207.315,a5
qwen,102,cap48_chunk-1_polfcfs_mem0.85,48,-1,fcfs,0.85,0,tool_agent,4,200,200,0,41.2905664392747,4.843721393217902,13077.781357011709,1004.1761006349694,14081.957457646678,156.5995595161803,163.5151447262615,230.77815861906856,245.27338109444827,11.034075325122137,9.903992991894484,26.126157771795988,36.31990252062678,9.484813446104924,1908.7291474151425,462.78911270201206,5705.114540574141,8011.308246217663,2699.945,207.315,a5
qwen,102,cap48_chunk-1_polfcfs_mem0.85,48,-1,fcfs,0.85,0,R_short_decode,0,8,8,0,9.065335582010448,0.8824824991449257,88.24824991449258,225.91551978110095,314.16376969559354,51.02717655245215,50.25950912386179,54.14611739106476,54.40641545690596,4.237280530380268,4.235687144283279,4.243982398845986,4.244374075867967,4.237280530380268,1131.5337117994204,1132.335822796449,1135.1738221477715,1136.1988787259909,100.0,256.0,a5
qwen,102,cap48_chunk-1_polfcfs_mem0.85,48,-1,fcfs,0.85,0,R_short_decode,1,8,8,0,9.05128776608035,0.8838521331715864,88.38521331715864,226.2661460919261,314.6513594090848,49.28551084594801,49.12761622108519,51.986321015283465,52.6304656919092,4.237181221947585,4.236662623417728,4.243333732216236,4.243750491763885,4.237181221947585,1129.7667224425822,1129.0376379620284,1132.8430783003569,1133.1996811926365,100.0,256.0,a5
qwen,102,cap48_chunk-1_polfcfs_mem0.85,48,-1,fcfs,0.85,0,R_short_decode,2,8,8,0,9.073771808762103,0.8816620219912061,88.16620219912062,225.7054776297488,313.8716798288694,51.23553838348016,50.98534352146089,53.271524561569095,53.46685274504125,4.238060667800407,4.237399872976775,4.242548278587706,4.24291413014426,4.238060667800406,1131.9410086725838,1132.196108577773,1133.9426228310913,1134.3495838623494,100.0,256.0,a5
qwen,102,cap48_chunk-1_polfcfs_mem0.85,48,-1,fcfs,0.85,0,R_short_decode,3,8,8,0,9.071763277985156,0.8818572260823814,88.18572260823814,225.75544987708963,313.94117248532774,51.57367006177083,51.052534487098455,54.54657832160592,54.937971103936434,4.237226947603346,4.237720538295951,4.243210759653034,4.243618698005437,4.237226947603346,1132.066541700624,1131.7854868248105,1136.072154995054,1136.9621056877077,100.0,256.0,a5
qwen,102,cap48_chunk-1_polfcfs_mem0.85,48,-1,fcfs,0.85,0,R_short_decode,4,8,8,0,9.08641613367945,0.8804351333137197,88.04351333137197,225.39139412831224,313.4349074596842,53.02340735215694,52.21685511060059,57.65021811239421,59.54957238398492,4.239630501708199,4.235252296990332,4.263584998655407,4.272817046746757,4.239630501708199,1134.1291852877475,1132.6933160889894,1140.3915314935148,1141.5527193062007,100.0,256.0,a5
qwen,102,cap48_chunk-1_polfcfs_mem0.85,48,-1,fcfs,0.85,0,shared_prefix,0,128,128,0,8.56170115293935,14.95029991277561,34315.02627245243,3827.276777670557,38142.30305012298,1189.4742474905795,542.6201953087002,3702.579650469124,3712.199192447588,9.828338790974025,10.008717627794134,10.770036740885937,10.801127940475002,9.828341634585389,3695.087092957692,3287.162032909692,6254.03027322609,6265.093155461364,2295.2734375,256.0,a5
qwen,102,cap48_chunk-1_polfcfs_mem0.85,48,-1,fcfs,0.85,0,shared_prefix,1,128,128,0,8.502349796239287,15.054661719118668,34554.56515444117,3853.993400094379,38408.55855453554,1178.8447301951237,529.3222679756582,3666.638945136219,3679.0529292915016,9.760950874236151,9.878452659652307,10.65542643935438,10.68775260791652,9.761464477627912,3664.6626685760566,3245.067828800529,6174.4246943620965,6187.545304545201,2295.2734375,256.0,a5
qwen,102,cap48_chunk-1_polfcfs_mem0.85,48,-1,fcfs,0.85,0,shared_prefix,2,128,128,0,8.814957875292748,14.520772737753902,33329.14395694069,3717.317820864999,37046.461777805685,1249.6859259154007,556.065445067361,3632.262460072525,3647.825457700528,9.632626721661708,9.936713113212118,10.7092202166278,10.733618917489997,9.63271258605851,3704.898801854142,3281.880324939266,6164.21963321045,6182.3138777446,2295.2734375,256.0,a5
qwen,102,cap48_chunk-1_polfcfs_mem0.85,48,-1,fcfs,0.85,0,shared_prefix,3,128,128,0,8.446993367746472,15.153320764847294,34781.01464147118,3879.250115800907,38660.26475727209,1151.9730360269025,557.1640320122242,3625.9180045686658,3639.092938732356,9.774309341520508,9.92303921055852,10.714368949753837,10.74679365883926,9.774275660429192,3643.26790650739,3287.2499318327755,6154.569818661548,6169.49179305695,2295.2734375,256.0,a5
qwen,102,cap48_chunk-1_polfcfs_mem0.85,48,-1,fcfs,0.85,0,shared_prefix,4,128,128,0,8.431115603074431,15.181858015720294,34846.515435379246,3886.5556520243954,38733.071087403645,1139.5434376172489,500.4271960351616,3611.996878962964,3622.0769800711423,9.796680078916909,9.960557218166253,10.74252435389687,10.776588101192988,9.796602341012214,3636.682067150105,3237.781518837437,6151.443066867068,6162.653039433062,2295.2734375,256.0,a5
qwen,102,cap48_chunk-1_polfcfs_mem0.85,48,-1,fcfs,0.85,0,R_concurrent_decode,0,32,32,0,2.660698839928955,12.026915455360012,2405.383091072002,3078.890356572163,5484.273447644166,107.71549654600676,107.64526948332788,109.76977930404246,109.8928254051134,9.953212763374562,9.951305713541077,9.957176936315555,9.972340227159506,9.95321276337456,2645.78475120652,2645.482543390244,2648.8213477656245,2649.6111820917577,200.0,256.0,a5
qwen,102,cap48_chunk-1_polfcfs_mem0.85,48,-1,fcfs,0.85,0,R_concurrent_decode,1,32,32,0,2.656597494147718,12.045483017466353,2409.0966034932703,3083.643652471386,5492.740255964656,102.94742102269085,102.8545240405947,105.31170822214337,105.68914208561182,9.956635261244395,9.955449514638852,9.96040960600344,9.974386683026074,9.956635261244395,2641.889412640012,2641.3891264237463,2645.13344229199,2645.5820190534,200.0,256.0,a5
qwen,102,cap48_chunk-1_polfcfs_mem0.85,48,-1,fcfs,0.85,0,R_concurrent_decode,2,32,32,0,2.666710330173373,11.99980351743699,2399.960703487398,3071.949700463869,5471.910403951268,111.887914565159,111.7864775005728,114.20612363144755,114.45194418076426,9.955467228884991,9.9548142951201,9.957598722448536,9.97528920074304,9.955467228884991,2650.532057930832,2650.561320828274,2653.34785070736,2653.9231416443363,200.0,256.0,a5
qwen,102,cap48_chunk-1_polfcfs_mem0.85,48,-1,fcfs,0.85,0,R_concurrent_decode,3,32,32,0,2.653845597989857,12.05797354007266,2411.5947080145315,3086.8412262586007,5498.435934273132,98.73837666236795,98.70139812119304,101.0535016655922,101.13125815987588,9.962336980913513,9.96315815011222,9.965748210875866,9.97706985758508,9.962336980913513,2639.134306795313,2639.2038729973137,2641.9528292957693,2642.281923899427,200.0,256.0,a5
qwen,102,cap48_chunk-1_polfcfs_mem0.85,48,-1,fcfs,0.85,0,R_concurrent_decode,4,32,32,0,2.6599859753623605,12.030138615915352,2406.027723183071,3079.7154856743305,5485.743208857401,140.16691409051418,141.2626814562827,143.90037688426673,144.02506360318512,9.829968906420866,9.825701421747604,9.828424252222712,9.948310931304508,9.829968906420866,2646.808985227836,2646.713800728321,2650.073060952127,2650.706385145895,200.0,256.0,a5
lfm25,137,cap64_chunk8192_pollpm_mem0.8,64,8192,lpm,0.8,0,R_long_prefill,0,4,4,0,0.2705920874141156,14.782398252016796,59129.59300806719,473.0367440645375,59602.62975213173,155.9327229624614,156.22589620761573,156.82330019772053,156.87920458614826,3.2309928773752143,3.208570595410081,3.2959437305708565,3.3080734890855608,3.2309928773752143,256.09350216109306,256.1259341891855,256.9227413740009,257.00871030800045,4000.0,32.0,a5
lfm25,137,cap64_chunk8192_pollpm_mem0.8,64,8192,lpm,0.8,0,R_long_prefill,1,4,4,0,0.2645097798667848,15.122314199552552,60489.25679821021,483.9140543856817,60973.1708525959,155.90094320941716,156.5764353144914,156.99471337720752,157.03040285035968,3.236475040114695,3.204328819148002,3.323016556791,3.339709351289897,3.236475040114695,256.2316694529727,256.2248124741018,256.9650943623856,257.05056770239025,4000.0,32.0,a5
lfm25,137,cap64_chunk8192_pollpm_mem0.8,64,8192,lpm,0.8,0,R_long_prefill,2,4,4,0,0.2751783430576324,14.53602763776455,58144.1105510582,465.1528844084656,58609.263435466666,162.18963079154491,162.9308487754315,163.29420490656048,163.32314152736217,3.2293708626962,3.196770603197717,3.3174587939415248,3.334186321965629,3.2293708626962,262.3001275351271,262.17027218081057,262.9360906314105,263.0319095309824,4000.0,32.0,a5
lfm25,137,cap64_chunk8192_pollpm_mem0.8,64,8192,lpm,0.8,0,R_long_prefill,3,4,4,0,0.2616339498199522,15.28853576820847,61154.14307283388,489.2331445826711,61643.37621741655,152.1484333788976,152.68393117003143,153.04375200066715,153.07304736692458,3.242276383623961,3.2179427723730765,3.3021066893613145,3.3139137482090337,3.242276383623962,252.6590012712404,252.69813858903944,252.9411852359772,252.96290174126625,4000.0,32.0,a5
lfm25,137,cap64_chunk8192_pollpm_mem0.8,64,8192,lpm,0.8,0,R_long_prefill,4,4,4,0,0.2664683610200882,15.01116299393778,60044.65197575111,480.3572158060089,60525.009191557125,151.78585844114423,152.33472432009876,152.72646329831332,152.7624732395634,3.260431563361518,3.2413403819044757,3.3090260405574115,3.318456280075254,3.260431563361518,252.85923690535128,252.78657558374107,253.22728753089905,253.26990514993668,4000.0,32.0,a5
lfm25,137,cap64_chunk8192_pollpm_mem0.8,64,8192,lpm,0.8,0,R_concurrent_decode,0,32,32,0,1.4722511088475585,21.73542258361673,4347.0845167233465,5564.268181405883,9911.35269812923,131.9187001499813,132.69118615426123,136.00472854450345,136.06817991938442,5.189244132762885,5.188207255274642,5.191189970675053,5.290024009387137,5.189244132762884,1455.1759540045168,1454.9425060395151,1456.9189856993034,1457.069567013532,200.0,256.0,a5
lfm25,137,cap64_chunk8192_pollpm_mem0.8,64,8192,lpm,0.8,0,R_concurrent_decode,1,32,32,0,1.4794564950279891,21.629564713489334,4325.912942697866,5537.168566653269,9863.081509351136,144.3273554177722,145.25739196687937,148.4114577062428,148.69710586499423,5.182411367422901,5.179742344782925,5.185275567494625,5.304397159310826,5.182411367422901,1465.842254110612,1465.76256188564,1468.174453289248,1468.7733815656975,200.0,256.0,a5
lfm25,137,cap64_chunk8192_pollpm_mem0.8,64,8192,lpm,0.8,0,R_concurrent_decode,2,32,32,0,1.4783621421083808,21.645575930646388,4329.115186129277,5541.267438245475,9870.382624374752,134.88590333145112,134.83605650253594,140.43020009994507,140.6376805715263,5.191090970366335,5.195711596923716,5.200117990904141,5.326858263828007,5.191090970366335,1458.6141007748663,1458.666514372453,1460.7769301626831,1461.0737157426777,200.0,256.0,a5
lfm25,137,cap64_chunk8192_pollpm_mem0.8,64,8192,lpm,0.8,0,R_concurrent_decode,3,32,32,0,1.4729998540133238,21.724374182939023,4344.874836587805,5561.43979083239,9906.314627420194,131.05306259240024,131.66061812080443,135.739210806787,135.96362519077957,5.194317848038147,5.198262011924503,5.20195350717461,5.3216519433931975,5.194317848038148,1455.6041138421278,1456.1459352262318,1458.538198657334,1459.1334286378697,200.0,256.0,a5
lfm25,137,cap64_chunk8192_pollpm_mem0.8,64,8192,lpm,0.8,0,R_concurrent_decode,4,32,32,0,1.4697687132284043,21.77213306555611,4354.426613111222,5573.666064782364,9928.092677893586,132.80952115019318,133.12174449674785,138.10295367147774,138.28134613111615,5.189454993837988,5.190730561484017,5.195315473475585,5.321720351684181,5.189454993837988,1456.12054457888,1455.8375366032124,1458.444879669696,1459.000065708533,200.0,256.0,a5
lfm25,137,cap64_chunk8192_pollpm_mem0.8,64,8192,lpm,0.8,0,R_medium_balanced,0,16,16,0,2.263783412054181,7.067813959057784,5654.251167246227,1809.3603735187928,7463.6115407650195,92.7969755139202,92.4839647486806,95.39980615954846,95.45517673250288,4.049205358537352,4.057785454114862,4.1465097440260585,4.16075027209944,4.049205358537352,1125.344341940945,1125.608616741374,1148.464169586077,1148.9974726457149,800.0,256.0,a5
lfm25,137,cap64_chunk8192_pollpm_mem0.8,64,8192,lpm,0.8,0,R_medium_balanced,1,16,16,0,2.2740217316895723,7.03599256640005,5628.79405312004,1801.2140969984127,7430.008150118453,95.2584135811776,94.44297454319894,98.45974657218903,98.549510887824,4.0531915820240245,4.061800983789213,4.147814266730611,4.159336299270246,4.0531915820240245,1128.8222669973038,1129.2903157882392,1151.05950133875,1151.642092783004,800.0,256.0,a5
lfm25,137,cap64_chunk8192_pollpm_mem0.8,64,8192,lpm,0.8,0,R_medium_balanced,2,16,16,0,2.2594602140598,7.08133734793727,5665.0698783498165,1812.822361071941,7477.892239421757,91.7905272799544,90.57441051118076,95.2116926200688,95.3165122307837,4.0477872226962495,4.056135004422828,4.140883656766484,4.155297098571763,4.0477872226962495,1123.976269067498,1124.1479660384357,1145.216561271809,1145.47648828011,800.0,256.0,a5
lfm25,137,cap64_chunk8192_pollpm_mem0.8,64,8192,lpm,0.8,0,R_medium_balanced,3,16,16,0,2.2617062949575484,7.074304933258505,5659.443946606804,1811.0220629141768,7470.466009520981,92.57463196991012,90.7401165459305,97.53271890804172,97.67619026824832,4.050038184733221,4.058662791024236,4.148171488743494,4.1615294133696485,4.050038184733221,1125.3343690768816,1125.4660412669182,1146.1334815248847,1146.4809572324157,800.0,256.0,a5
lfm25,137,cap64_chunk8192_pollpm_mem0.8,64,8192,lpm,0.8,0,R_medium_balanced,4,16,16,0,2.273987978231162,7.036097003663897,5628.8776029311175,1801.2408329379575,7430.118435869075,95.73326393729076,93.93582190386952,99.75490148644894,99.86487065907568,4.051754018177698,4.060948729588121,4.148910780364245,4.162600449761193,4.051754018177698,1128.9305385726038,1129.2643160559237,1150.5397754954174,1151.0725485393775,800.0,256.0,a5
lfm25,137,cap64_chunk8192_pollpm_mem0.8,64,8192,lpm,0.8,0,shared_prefix,0,128,128,0,5.090302139054984,25.14585509923449,59066.43491614404,6437.33890540403,65503.77382154807,488.0009853404772,528.6703296005726,581.3272428233176,583.1448827916756,7.971202435442555,7.802404574684653,8.479426978429888,8.484540636614696,7.971189514716988,2520.592036675225,2523.733963025734,2531.485890387557,2532.897140835412,2348.953125,256.0,a5
lfm25,137,cap64_chunk8192_pollpm_mem0.8,64,8192,lpm,0.8,0,shared_prefix,1,128,128,0,4.945115625858307,25.884126820145585,60800.60058207728,6626.336465957269,67426.93704803454,442.12650821282296,452.3447265382856,543.9599669538438,544.8683202220127,7.8832260796522915,7.835068591121657,8.248448715563498,8.253339029958143,7.8832260796522915,2452.349158524157,2436.543630668893,2507.2248484240845,2509.582705972716,2348.953125,256.0,a5
lfm25,137,cap64_chunk8192_pollpm_mem0.8,64,8192,lpm,0.8,0,shared_prefix,2,128,128,0,5.044434647075832,25.3744986218028,59603.50783299188,6495.871647181517,66099.3794801734,558.0221694544889,588.196855969727,733.9260873384774,737.0883925911039,7.387953730154781,7.434828927302185,8.090335426066874,8.093049604153517,7.388021175156379,2441.736693457642,2434.4107056967914,2563.293198822066,2564.31456248276,2348.953125,256.0,a5
lfm25,137,cap64_chunk8192_pollpm_mem0.8,64,8192,lpm,0.8,0,shared_prefix,3,128,128,0,4.8480747998692095,26.40223290355445,62017.60748578205,6758.971623309939,68776.579109092,405.9964279585984,419.4264430552721,472.6606743875891,473.4541086666286,7.823061472613606,7.734374401579592,8.083776752921004,8.09458505745758,7.823061472613607,2400.877103475068,2397.4612087477,2418.7745947623625,2420.669578020461,2348.953125,256.0,a5
lfm25,137,cap64_chunk8192_pollpm_mem0.8,64,8192,lpm,0.8,0,shared_prefix,4,128,128,0,4.796731302049011,26.684838474342406,62681.43472442683,6831.318649431656,69512.75337385849,387.8518127676216,394.8079450055957,481.2544259708375,482.1785305580124,7.78252715060738,7.760505977214551,8.091376814991236,8.095238415871327,7.782526951495053,2372.335384407052,2355.988967930898,2424.4545984780416,2426.3363707764074,2348.953125,256.0,a5
lfm25,137,cap64_chunk8192_pollpm_mem0.8,64,8192,lpm,0.8,0,tool_agent,0,200,200,0,38.05178883532062,5.2559946883326285,14015.37263617337,1089.646538811679,15105.01917498505,263.93722150474787,239.51342818327248,539.6019144682214,587.1359165431932,13.34552884697748,3.808458173728508,68.73414050787686,156.4145858772099,3.363590771795196,885.2933447784744,499.9910714104772,2082.111068163066,2549.448155816638,2666.55,207.315,a5
lfm25,137,cap64_chunk8192_pollpm_mem0.8,64,8192,lpm,0.8,0,tool_agent,1,200,200,0,37.86460339091718,5.281977944815216,14084.658288747014,1095.0332576293663,15179.691546376382,214.9098523659632,195.1940325088799,429.8568953759968,439.4290582509712,6.372341791037831,3.210996322694325,25.155537156388164,93.2688936498016,3.064362596554178,780.958911201451,381.29141251556575,1985.0852012168607,2443.0167689174377,2666.55,207.315,a5
lfm25,137,cap64_chunk8192_pollpm_mem0.8,64,8192,lpm,0.8,0,tool_agent,2,200,200,0,37.87577026709914,5.280420664440728,14080.50572276442,1094.7104100485294,15175.216132812951,196.83429441181943,199.19111323542893,305.1757536595676,376.4979781908914,5.622105313650321,3.2131366486496784,20.279224682599303,42.88634655997159,3.0049642131080603,751.9413334992714,325.7218070793897,1900.8712066570292,2375.128843127746,2666.55,207.315,a5
lfm25,137,cap64_chunk8192_pollpm_mem0.8,64,8192,lpm,0.8,0,tool_agent,3,200,200,0,38.015823604073375,5.2609671720638485,14028.632012666854,1090.6774092764167,15119.309421943271,189.3714194884524,182.31495493091643,288.08259973302484,353.3289660792798,6.029941298543868,3.209807383625404,28.76333906315267,47.47788653708997,3.0495180833926008,752.5869143102318,315.93929161317647,1948.0872845277188,2394.3413498019763,2666.55,207.315,a5
lfm25,137,cap64_chunk8192_pollpm_mem0.8,64,8192,lpm,0.8,0,tool_agent,4,200,200,0,37.86610645893961,5.281768280477198,14084.099208306472,1094.9897910671302,15179.088999373604,186.7342982720584,173.69724321179092,298.1366961030289,341.40891920309514,6.354326478342858,3.184857503087683,21.084413677453995,69.51969743706286,3.0312198418667124,746.6915396600962,317.5186510197818,1896.565768308937,2396.0377384535936,2666.55,207.315,a5
lfm25,137,cap64_chunk8192_pollpm_mem0.8,64,8192,lpm,0.8,0,R_short_decode,0,8,8,0,4.793766187038273,1.6688339997956037,166.88339997956035,427.2215039476745,594.1049039272349,27.892005222383887,27.802624041214585,30.51142836920917,30.94149208627641,2.233715074478029,2.233187234321353,2.2371592635024404,2.2387143480522456,2.233712431984301,597.2094613243826,597.2902360372245,599.8959502438083,600.3358620824292,100.0,256.0,a5
lfm25,137,cap64_chunk8192_pollpm_mem0.8,64,8192,lpm,0.8,0,R_short_decode,1,8,8,0,4.811039688996971,1.6628422372603373,166.28422372603373,425.6876127386464,591.9718364646801,28.80235918564722,28.80619210191071,30.618224712088704,30.63534245826304,2.2381392196987657,2.237412653972997,2.242139938722543,2.242952683908752,2.2381367593503074,599.2474657250568,599.223296623677,601.1772479396313,601.1784018483013,100.0,256.0,a5
lfm25,137,cap64_chunk8192_pollpm_mem0.8,64,8192,lpm,0.8,0,R_short_decode,2,8,8,0,4.838115132879466,1.653536507561096,165.3536507561096,423.30534593564056,588.6589966917502,31.87511878786609,30.51409008912742,41.68421679642051,45.595120075158775,2.2406373339739964,2.2373940503480387,2.2949175935007675,2.317520870668395,2.240668780511287,602.6854906231165,600.9980912785977,616.0266010090709,621.5784788504243,100.0,256.0,a5
lfm25,137,cap64_chunk8192_pollpm_mem0.8,64,8192,lpm,0.8,0,R_short_decode,3,8,8,0,4.817605302203447,1.6605760534888587,166.0576053488859,425.10746969314783,591.1650750420337,29.65589979430661,30.746924225240942,32.068075984716415,32.07231767475605,2.2376085341868066,2.2372402625121905,2.2408454765902017,2.241674009396227,2.2376064387437404,599.9658408691175,600.7062643766403,602.3914627032354,602.4433780321851,100.0,256.0,a5
lfm25,137,cap64_chunk8192_pollpm_mem0.8,64,8192,lpm,0.8,0,R_short_decode,4,8,8,0,4.811157771851867,1.6628014252213377,166.28014252213376,425.6771648566624,591.9573073787961,28.948934457730505,29.47613969445229,31.236081360839307,31.669487240724266,2.23773407179402,2.237052934280797,2.241830002674748,2.2433839471344554,2.2377311103612314,599.2906512110494,599.5313585735857,601.7868212191388,602.1357828890905,100.0,256.0,a5
qwen,165,cap96_chunk8192_polfcfs_mem0.8,96,8192,fcfs,0.8,0,shared_prefix,0,128,128,0,6.98564659524709,18.323285934202417,42056.951492492175,4690.761199155819,46747.712691648,351.7119436291978,356.3328441232443,418.0449339793995,418.9722133008763,12.238020970467058,12.207778431840389,12.466218185099754,12.467782481500478,12.238055001088204,3472.0335296879057,3457.5192662887275,3535.484120971523,3537.238255129196,2295.2734375,256.0,a5
qwen,165,cap96_chunk8192_polfcfs_mem0.8,96,8192,fcfs,0.8,0,shared_prefix,1,128,128,0,7.023140663746744,18.22546437959479,41832.42427658634,4665.718881176266,46498.143157762606,374.7911907375965,359.4786545727402,429.6866409014911,447.98341759480536,12.230149167089785,12.244217307763355,12.398491694190191,12.40018248043078,12.230180448060072,3493.1050118539133,3482.9009864479303,3519.7120383614674,3521.1203563725576,2295.2734375,256.0,a5
qwen,165,cap96_chunk8192_polfcfs_mem0.8,96,8192,fcfs,0.8,0,shared_prefix,2,128,128,0,7.09617136977613,18.037895835657945,41401.90317997755,4617.701333928434,46019.60451390599,422.6154156240227,402.6085673831403,486.2036470556632,506.3942184718326,12.175477559054068,12.105700101503396,12.635647669872816,12.63769127017654,12.175534726088,3526.9962853162724,3514.681842643768,3625.3450856078416,3626.7863474600017,2295.2734375,256.0,a5
qwen,165,cap96_chunk8192_polfcfs_mem0.8,96,8192,fcfs,0.8,0,shared_prefix,3,128,128,0,7.0763208800926805,18.08849572665557,41518.04376572478,4630.654906023825,46148.69867174861,375.5724847615056,365.6993289478123,436.6329811047762,446.0721671488136,12.326310029762654,12.255255650019054,12.642471787665842,12.643836276751816,12.326350686423329,3518.4067113405035,3505.039907526225,3590.282713645138,3591.5210457518697,2295.2734375,256.0,a5
qwen,165,cap96_chunk8192_polfcfs_mem0.8,96,8192,fcfs,0.8,0,shared_prefix,4,128,128,0,7.258189643267542,17.635251528420532,40477.72439681493,4514.624391275656,44992.34878809058,457.2379392920993,481.5684219356626,541.7754053371027,588.1515890918672,12.347935587965848,12.266164632769776,12.68441509254569,12.687105913573475,12.347976454804847,3605.586061003123,3576.739831129089,3742.107846168801,3743.709539049305,2295.2734375,256.0,a5
qwen,165,cap96_chunk8192_polfcfs_mem0.8,96,8192,fcfs,0.8,0,R_concurrent_decode,0,32,32,0,2.6830288129858677,11.926819363668368,2385.363872733674,3053.2657570991023,5438.629629832776,160.2496979321586,161.7259590420872,163.82898380979896,164.1707285353914,9.840973069453064,9.833844689944502,9.837903806154488,9.988463356981384,9.840973069453064,2669.69783064269,2669.525102712214,2672.168377321213,2673.3223357377574,200.0,256.0,a5
qwen,165,cap96_chunk8192_polfcfs_mem0.8,96,8192,fcfs,0.8,0,R_concurrent_decode,1,32,32,0,2.6691117673181,11.989007126574291,2397.8014253148585,3069.1858244030186,5466.987249717877,115.49624588224106,115.5483485199511,118.00457786303014,118.38601066265257,9.95158939428317,9.94990511760846,9.9541747096159,9.969747589061074,9.95158939428317,2653.151541424449,2652.983686653897,2656.116637866944,2656.586541091092,200.0,256.0,a5
qwen,165,cap96_chunk8192_polfcfs_mem0.8,96,8192,fcfs,0.8,0,R_concurrent_decode,2,32,32,0,2.678433733060956,11.94728083245498,2389.456166490996,3058.503893108475,5447.960059599472,121.27552879974246,121.0213052108884,124.42111624404788,125.99368365015836,9.95484425682876,9.954103979044683,9.95677208564445,9.97425105612652,9.95484425682876,2659.760814291076,2659.507401753217,2664.682486327365,2665.565712070093,200.0,256.0,a5
qwen,165,cap96_chunk8192_polfcfs_mem0.8,96,8192,fcfs,0.8,0,R_concurrent_decode,3,32,32,0,2.677204397972673,11.952766857932913,2390.553371586582,3059.908315630825,5450.461687217407,159.16139328328427,160.50723916850984,162.75594306644052,163.17347354255617,9.822725441692596,9.815273159092255,9.819960453657105,9.960967238389832,9.8227254416926,2663.9563809148967,2663.9866058249027,2666.930543561466,2667.247720304877,200.0,256.0,a5
qwen,165,cap96_chunk8192_polfcfs_mem0.8,96,8192,fcfs,0.8,0,R_concurrent_decode,4,32,32,0,2.671537281014025,11.978122194818813,2395.6244389637627,3066.399281873616,5462.023720837379,116.87050358159468,116.92115454934536,119.39220167696476,119.92588132154197,9.954716198548091,9.953510929264274,9.95854401111822,9.97435052031834,9.95471619854809,2655.3231342113577,2655.338677810505,2658.609189093113,2659.3561145151034,200.0,256.0,a5
qwen,165,cap96_chunk8192_polfcfs_mem0.8,96,8192,fcfs,0.8,0,R_short_decode,0,8,8,0,9.12492544716224,0.8767194917179207,87.67194917179206,224.4401898797877,312.1121390515798,52.596827095840126,52.49555502086878,54.917916911654174,55.16649713274092,4.260480330398708,4.259677735321661,4.269035856933424,4.270927065052092,4.260480330398708,1139.019311347511,1139.1257841605693,1141.442208434455,1141.7488189181313,100.0,256.0,a5
qwen,165,cap96_chunk8192_polfcfs_mem0.8,96,8192,fcfs,0.8,0,R_short_decode,1,8,8,0,9.113696257118136,0.877799717513265,87.7799717513265,224.71672768339585,312.4966994347224,50.94427743460983,50.52309995517135,54.62734631728381,55.39946937467903,4.259065577449898,4.2572739004504445,4.265810302093478,4.266649696702028,4.259065577449898,1137.0059996843338,1136.4456126466391,1140.2088486822322,1141.1162132257596,100.0,256.0,a5
qwen,165,cap96_chunk8192_polfcfs_mem0.8,96,8192,fcfs,0.8,0,R_short_decode,2,8,8,0,9.119895434938371,0.8772030399988968,87.72030399988968,224.5639782397176,312.28428223960725,51.99891090160236,52.33527347445488,56.42546797171235,57.03420655801892,4.259283617869312,4.258006325393331,4.264838193251076,4.264984498183956,4.259283617869311,1138.1162334582768,1137.3269385658205,1142.5428337883204,1142.7396707888693,100.0,256.0,a5
qwen,165,cap96_chunk8192_polfcfs_mem0.8,96,8192,fcfs,0.8,0,R_short_decode,3,8,8,0,9.110409880056975,0.8781163641728452,87.81163641728452,224.7977892282484,312.6094256455329,51.08844430651516,51.22790206223726,53.543727728538215,53.73027694877237,4.258824270401223,4.256375741177037,4.265142453414407,4.265250530440872,4.258824270401223,1137.088633258827,1137.4384129885584,1139.9793815100566,1140.3200921462849,100.0,256.0,a5
qwen,165,cap96_chunk8192_polfcfs_mem0.8,96,8192,fcfs,0.8,0,R_short_decode,4,8,8,0,9.114801128860565,0.8776933129862018,87.76933129862019,224.6894881244677,312.45881942308785,51.530294702388346,51.39479297213256,52.933581080287695,52.9653418622911,4.25985434877814,4.257848749265952,4.266114592570446,4.266903285247585,4.25985434877814,1137.793153640814,1138.425805605948,1140.0725585175678,1140.216266824864,100.0,256.0,a5
qwen,165,cap96_chunk8192_polfcfs_mem0.8,96,8192,fcfs,0.8,0,R_medium_balanced,0,16,16,0,3.446773326024413,4.642022693860976,3713.618155088781,1188.3578096284098,4901.9759647171895,108.99257939308882,109.04157045297325,109.98032905627042,110.16986875329168,6.306336700971074,6.30960538983345,6.666413676358905,6.672385540224759,6.306336700971074,1717.108438140713,1717.1778986230493,1809.3120766570792,1809.51697032433,800.0,256.0,a5
qwen,165,cap96_chunk8192_polfcfs_mem0.8,96,8192,fcfs,0.8,0,R_medium_balanced,1,16,16,0,3.443622517865151,4.646270001137954,3717.0160009103633,1189.4451202913162,4906.46112120168,108.09465646161698,108.10352768749,109.64807658456266,109.72791868261992,6.305745586424189,6.306958886082558,6.665164083425028,6.672325640661167,6.305745586424189,1716.0597809997853,1715.9567887429148,1806.740414001979,1807.084748451598,800.0,256.0,a5
qwen,165,cap96_chunk8192_polfcfs_mem0.8,96,8192,fcfs,0.8,0,R_medium_balanced,2,16,16,0,3.45163561264053,4.635483520162161,3708.3868161297287,1186.6837811615133,4895.070597291242,109.11356809083372,108.8412427343428,110.99669325631112,111.0715858405456,6.308292308434223,6.308731826606627,6.6705392203385045,6.676858391923209,6.308292308434224,1717.7281067415606,1717.8968850057572,1811.321748420596,1811.8726719170809,800.0,256.0,a5
qwen,165,cap96_chunk8192_polfcfs_mem0.8,96,8192,fcfs,0.8,0,R_medium_balanced,3,16,16,0,3.4436829001642764,4.646188532410095,3716.950825928077,1189.4242642969843,4906.37509022506,108.00812739762478,108.11604256741704,109.39519910607488,109.53193393070252,6.305608414707011,6.308950352318147,6.664249567114108,6.670570748164227,6.305608414707011,1715.9382731479127,1716.170280938968,1807.041725027375,1807.3008339619264,800.0,256.0,a5
qwen,165,cap96_chunk8192_polfcfs_mem0.8,96,8192,fcfs,0.8,0,R_medium_balanced,4,16,16,0,3.441740771755576,4.648810314624207,3719.048251699365,1190.095440543797,4909.143692243162,105.80614628270268,105.567465769127,107.5292528839782,107.70342575851828,6.306439483259786,6.309263086786457,6.666078692868206,6.673084816749335,6.306439483259786,1713.9482145139482,1713.993496960029,1804.6753782546148,1805.184652353637,800.0,256.0,a5
qwen,165,cap96_chunk8192_polfcfs_mem0.8,96,8192,fcfs,0.8,0,tool_agent,0,200,200,0,41.404575400054455,4.830384035280723,13041.771224136011,1001.4110662742232,14043.182290410236,306.2595802359283,248.1161954347044,610.4598879581309,701.2352900160477,22.580004631499744,11.265052016824484,105.85383526049554,261.1804920807481,10.79788588422094,2300.305166475009,727.4762601591647,6796.721747633999,9548.526489962816,2699.945,207.315,a5
qwen,165,cap96_chunk8192_polfcfs_mem0.8,96,8192,fcfs,0.8,0,tool_agent,1,200,200,0,41.25987858278677,4.847324007478735,13087.508217372171,1004.922976610454,14092.431193982628,159.24786599818617,170.7350465003401,224.92943410761652,235.2186942426488,11.634747027595576,9.966439329452786,32.69512937404215,38.92572563141589,9.48517205379278,1911.3488477747887,470.3775402158499,5678.697563917375,8153.69523230474,2699.945,207.315,a5
qwen,165,cap96_chunk8192_polfcfs_mem0.8,96,8192,fcfs,0.8,0,tool_agent,2,200,200,0,41.24119531782344,4.849519963199633,13093.437177041033,1005.378231170732,14098.815408211763,161.89123378833756,162.76937117800117,238.18323716986924,279.95012239087373,11.362287251404249,9.90735106158433,20.770986285060644,38.175318334251656,9.466627493871393,1910.519331318792,477.0276644267142,5699.59153519012,8029.418193330052,2699.945,207.315,a5
qwen,165,cap96_chunk8192_polfcfs_mem0.8,96,8192,fcfs,0.8,0,tool_agent,3,200,200,0,41.25937306601554,4.847383397706925,13087.668567721825,1004.9352890956112,14092.603856817435,155.466036463622,158.5015777964145,214.60722454357887,267.008981956169,11.388144484861312,9.7783506993938,26.081586841736684,48.21954589337111,9.380029783410397,1888.2389383530244,463.5743256658316,5657.362757297232,7890.804213401858,2699.945,207.315,a5
qwen,165,cap96_chunk8192_polfcfs_mem0.8,96,8192,fcfs,0.8,0,tool_agent,4,200,200,0,41.27238299930468,4.845855399320398,13083.543056118113,1004.6185121101084,14088.16156822822,154.22723842784762,164.1476727090776,233.34664839785543,252.9764005728066,11.57454658575254,10.069725134720406,14.8954887766445,61.5748262219131,9.503078167430116,1909.4457759521904,462.9445930477232,5702.352717309259,8090.949099785643,2699.945,207.315,a5
qwen,165,cap96_chunk8192_polfcfs_mem0.8,96,8192,fcfs,0.8,0,R_long_prefill,0,4,4,0,0.3566589141264558,11.215197045605802,44860.7881824232,358.88630545938565,45219.67448788259,143.15335114952177,153.94400083459914,155.1374525297433,155.28460242785513,6.525846385967828,6.172916912023098,7.416377918824793,7.591001159331251,6.525846385967827,345.4545891145244,345.3044251073152,345.9700556937605,346.0567144025117,4000.0,32.0,a5
qwen,165,cap96_chunk8192_polfcfs_mem0.8,96,8192,fcfs,0.8,0,R_long_prefill,1,4,4,0,0.3118125009350478,12.828222050126271,51312.88820050509,410.5031056040408,51723.39130610913,114.0226061688736,114.5187634974718,114.86993490252644,114.90604866761714,6.075366088489611,6.049256103353635,6.142609695633573,6.155405007903615,6.075366088489611,302.3589549120516,302.19617672264576,302.95001240447164,303.033634070307,4000.0,32.0,a5
qwen,165,cap96_chunk8192_polfcfs_mem0.8,96,8192,fcfs,0.8,0,R_long_prefill,2,4,4,0,0.370395396836102,10.799270277567674,43197.08111027069,345.5766488821656,43542.65775915286,154.11258419044316,166.06655158102512,166.8289179680869,166.92596984561533,6.546940684558884,6.161769852042198,7.505929557937047,7.695536695931467,6.546940684558884,357.06774541176856,357.08141699433327,357.3669870384037,357.3918723501265,4000.0,32.0,a5
qwen,165,cap96_chunk8192_polfcfs_mem0.8,96,8192,fcfs,0.8,0,R_long_prefill,3,4,4,0,0.3530385592021048,11.330207128196754,45320.82851278702,362.56662810229614,45683.39514088932,137.61705404613167,147.82129414379597,149.75423652213067,150.00400712247938,6.528965182482235,6.190613866032612,7.40382241370577,7.574783681831773,6.528965182482234,340.0149747030809,339.8300532717258,340.7615504460409,340.87424776051193,4000.0,32.0,a5
qwen,165,cap96_chunk8192_polfcfs_mem0.8,96,8192,fcfs,0.8,0,R_long_prefill,4,4,4,0,0.3104384867474437,12.885000316517418,51540.00126606968,412.3200101285574,51952.32127619823,113.9768548309803,114.42905315198004,114.75079506635666,114.77828547358511,6.078025498878091,6.0566181256886455,6.137777966327004,6.148962978003246,6.078025498878091,302.3956452962011,302.4257766082883,302.8954484965652,302.9540425818413,4000.0,32.0,a5
qwen,179,cap128_chunk2048_pollpm_mem0.9,128,2048,lpm,0.9,0,tool_agent,0,200,200,0,41.4719287538901,4.822539148995809,13020.590462635491,999.7847036740662,14020.375166309555,231.1896918877028,178.31367743201554,564.5231627160682,741.9680878566572,45.40238018678331,13.87292967140444,206.18137829005715,355.4394556488842,11.753343030322652,2402.443516594358,846.1833612527698,6986.77214598283,9987.76050329208,2699.945,207.315,a5
qwen,179,cap128_chunk2048_pollpm_mem0.9,128,2048,lpm,0.9,0,tool_agent,1,200,200,0,41.20448774425313,4.853840223457077,13105.101642121816,1006.273885926004,14111.375528047822,139.83610206050798,128.13892355188727,237.07285919226703,238.1193458614871,9.951240295334983,9.649048696376305,12.258132596293258,32.56108624860644,9.270775283060145,1852.472773976624,443.6331265605986,5476.679417002012,8010.692901276048,2699.945,207.315,a5
qwen,179,cap128_chunk2048_pollpm_mem0.9,128,2048,lpm,0.9,0,tool_agent,2,200,200,0,41.22625292325392,4.851277664557983,13098.182874035005,1005.742629027838,14103.92550306284,137.799701069016,147.5426135584712,203.48399742506444,226.73872058279807,10.095298360706344,9.744275235950314,12.119229137897491,33.63850558176637,9.33684153123824,1862.6411213423123,441.0411675926298,5583.36999930907,7977.309079566035,2699.945,207.315,a5
qwen,179,cap128_chunk2048_pollpm_mem0.9,128,2048,lpm,0.9,0,tool_agent,3,200,200,0,41.22299105999991,4.851661532975633,13099.219297649895,1005.8222107088434,14105.04150835874,137.6330768247135,127.37424951046704,215.09700026363132,215.64623366575688,10.266960789763072,9.741641107268464,12.90413755923509,32.901967624202385,9.357085764088184,1866.2143154535445,440.508984727785,5529.644453339277,8032.838080581273,2699.945,207.315,a5
qwen,179,cap128_chunk2048_pollpm_mem0.9,128,2048,lpm,0.9,0,tool_agent,4,200,200,0,41.20735769113526,4.853502170633597,13104.188918091326,1006.203802504904,14110.39272059623,132.27864204673097,119.40096993930638,200.9182863868773,201.63657685741785,10.382038868610069,9.699126242171271,12.539958050828188,33.00804561935365,9.34263172310622,1858.1897134147584,427.3121948353946,5591.093296511099,7961.352601023387,2699.945,207.315,a5
qwen,179,cap128_chunk2048_pollpm_mem0.9,128,2048,lpm,0.9,0,R_short_decode,0,8,8,0,9.060467232950032,0.8829566725771657,88.29566725771657,226.0369081797544,314.332575437471,45.94287264626473,45.8893293980509,47.10258669219911,47.37819197587669,4.255618714024404,4.253966452590391,4.260819917636029,4.261124950906663,4.255618714024404,1131.1256447224878,1131.1198016628623,1132.7262311708182,1132.8979658987373,100.0,256.0,a5
qwen,179,cap128_chunk2048_pollpm_mem0.9,128,2048,lpm,0.9,0,R_short_decode,1,8,8,0,9.072679019067436,0.8817682167733412,88.17682167733412,225.7326634939753,313.9094851713095,47.49000351876021,45.88902345858514,53.06611058767885,53.75138826202601,4.255464813653745,4.2536330811095,4.26195958355332,4.262757854682265,4.255464813653744,1132.6335310004652,1130.5410175118595,1139.7952396189794,1140.7405282510445,100.0,256.0,a5
qwen,179,cap128_chunk2048_pollpm_mem0.9,128,2048,lpm,0.9,0,R_short_decode,2,8,8,0,9.070413269102572,0.8819884786563336,88.19884786563335,225.7890505360214,313.9878984016548,46.76023207139224,45.66598706878722,51.67060883250088,53.51216192822904,4.25439389974938,4.253734789752201,4.259611045868666,4.26014665890412,4.25439389974938,1131.6306765074842,1130.406817421317,1136.7822071071714,1138.081014631316,100.0,256.0,a5
qwen,179,cap128_chunk2048_pollpm_mem0.9,128,2048,lpm,0.9,0,R_short_decode,3,8,8,0,9.053248877637088,0.8836606734363865,88.36606734363865,226.21713239971496,314.5831997433536,45.37650500424206,45.12660717591643,46.508469455875456,46.58257790375501,4.253722398140121,4.253462599773032,4.258539119607532,4.25894534198896,4.253722398140121,1130.0757165299729,1130.1705231890082,1131.058435048908,1131.090735103935,100.0,256.0,a5
qwen,179,cap128_chunk2048_pollpm_mem0.9,128,2048,lpm,0.9,0,R_short_decode,4,8,8,0,9.068097196985036,0.882213746303893,88.2213746303893,225.84671905379665,314.0680936841859,46.54570313869044,45.38815491832793,51.3956141890958,52.65757786575705,4.254430353267154,4.25455928414914,4.259613560257004,4.2596693385173285,4.254430353267155,1131.425443221815,1130.1718095783144,1136.5748771931976,1138.1533968728036,100.0,256.0,a5
qwen,179,cap128_chunk2048_pollpm_mem0.9,128,2048,lpm,0.9,0,shared_prefix,0,128,128,0,6.842184362001717,18.707476038040127,42938.77283278125,4789.113865738273,47727.88669851952,324.1446216707118,322.7432144340128,371.6462929500267,373.6293111601845,12.081069401718931,12.042730803802318,12.3290906737869,12.332264868706902,12.081097065626238,3404.4468391221017,3391.2600935436785,3466.6856962023303,3467.9805575031787,2295.2734375,256.0,a5
qwen,179,cap128_chunk2048_pollpm_mem0.9,128,2048,lpm,0.9,0,shared_prefix,1,128,128,0,6.899309305008501,18.552581764536832,42583.24812118827,4749.460931721429,47332.7090529097,330.1149673170585,328.7840655539185,373.401063401252,390.9397031413391,12.1722374621842,12.22704699372544,12.301011093819112,12.302631440809837,12.17226659791652,3433.6625664545863,3417.261571623385,3465.6526347855106,3468.1605970673263,2295.2734375,256.0,a5
qwen,179,cap128_chunk2048_pollpm_mem0.9,128,2048,lpm,0.9,0,shared_prefix,2,128,128,0,7.171875019092113,17.847494505865427,40964.8800652401,4568.958593501549,45533.83865874165,558.7999855888484,576.9234574399889,805.6056490866467,818.4932934166865,11.536156793976712,11.72403939360497,12.356186976802409,12.358662046035567,11.536480463737178,3499.43083004473,3493.894098792225,3643.034267006442,3643.794068335556,2295.2734375,256.0,a5
qwen,179,cap128_chunk2048_pollpm_mem0.9,128,2048,lpm,0.9,0,shared_prefix,3,128,128,0,6.899639912880957,18.551692786320118,42581.20767310092,4749.233353297949,47330.44102639888,371.68011176618165,373.67897969670594,418.29381017014384,434.4947321433574,12.004368545730484,11.972492790835746,12.313968720754572,12.316932068242892,12.004409921550163,3432.429503951425,3416.8791773263365,3516.2823335500434,3517.55216635298,2295.2734375,256.0,a5
qwen,179,cap128_chunk2048_pollpm_mem0.9,128,2048,lpm,0.9,0,shared_prefix,4,128,128,0,7.011829160153866,18.25486575277473,41899.90846747228,4673.245632710331,46573.15410018261,360.7649549776397,349.877038737759,412.0829941006377,429.6986372955144,12.27169258491392,12.198234520231685,12.527706536610484,12.52969310964074,12.271728813711574,3489.672310948663,3475.7917099632323,3532.42021324113,3533.6807835893705,2295.2734375,256.0,a5
qwen,179,cap128_chunk2048_pollpm_mem0.9,128,2048,lpm,0.9,0,R_medium_balanced,0,16,16,0,3.421687845140696,4.676054837299777,3740.8438698398218,1197.0700383487429,4937.913908188564,96.30988264689222,96.36552422307432,100.22245778236538,100.2853547455743,6.311648853543196,6.313398001971199,6.671738463417426,6.676400224860831,6.311648853543197,1705.7803403004073,1705.7079137302935,1794.3914162460717,1794.5624500978738,800.0,256.0,a5
qwen,179,cap128_chunk2048_pollpm_mem0.9,128,2048,lpm,0.9,0,R_medium_balanced,1,16,16,0,3.423345479182899,4.6737906230308255,3739.03249842466,1196.490399495891,4935.522897920551,97.92393626412375,97.83442155458032,102.5403009261936,102.67358268611132,6.307687278718268,6.310716633885807,6.663636760968788,6.667317260129779,6.307687278718268,1706.384192337282,1706.611262401566,1793.1075559463352,1793.179433001205,800.0,256.0,a5
qwen,179,cap128_chunk2048_pollpm_mem0.9,128,2048,lpm,0.9,0,R_medium_balanced,2,16,16,0,3.415103097911924,4.685070857680046,3748.0566861440366,1199.3781395660917,4947.434825710128,92.88116209791042,92.87358447909357,93.5098062036559,93.6267658835277,6.311696661207094,6.3134804714982415,6.671674438186136,6.675651641379968,6.311696661207095,1702.3638107057195,1702.4370916187763,1794.5471872808412,1794.6354534709826,800.0,256.0,a5
qwen,179,cap128_chunk2048_pollpm_mem0.9,128,2048,lpm,0.9,0,R_medium_balanced,3,16,16,0,3.4140911400318146,4.686459541865336,3749.1676334922686,1199.733642717526,4948.901276209795,92.04865331412292,91.83338284492493,93.6318167950958,93.80622911266984,6.312848209271062,6.314065019764444,6.672820096890278,6.677654652637155,6.312848209271062,1701.8249466782436,1701.7486584372818,1794.898335123435,1795.095881493762,800.0,256.0,a5
qwen,179,cap128_chunk2048_pollpm_mem0.9,128,2048,lpm,0.9,0,R_medium_balanced,4,16,16,0,3.4158760579302907,4.684010698472046,3747.208558777637,1199.1067388088438,4946.3152975864805,92.75858543696812,92.7079610992223,93.77742011565716,93.95293185953052,6.312471003312727,6.315028777017313,6.671715705819866,6.675850206109531,6.312471003312727,1702.4386912817135,1702.4389510042963,1794.601749163121,1794.7963691316545,800.0,256.0,a5
qwen,179,cap128_chunk2048_pollpm_mem0.9,128,2048,lpm,0.9,0,R_long_prefill,0,4,4,0,0.3430415471084416,11.660395172878369,46641.580691513474,373.1326455321078,47014.71333704559,135.10331430006772,144.9009624775499,146.0451052058488,146.1870721820742,6.447545662071676,6.128543229292959,7.260488566281574,7.419622276849564,6.447545662071676,334.9772298242897,334.8858025856316,335.5615244945511,335.6165810255334,4000.0,32.0,a5
qwen,179,cap128_chunk2048_pollpm_mem0.9,128,2048,lpm,0.9,0,R_long_prefill,1,4,4,0,0.3380057020112872,11.83411988673027,47336.47954692109,378.6918363753687,47715.17138329645,130.01017994247377,139.811669010669,140.48555532936007,140.56436203885823,6.443213119411901,6.1208188173271,7.242607295272812,7.400358620910875,6.443213119411901,329.7497866442427,329.5570523478091,330.3335460135713,330.4403156461194,4000.0,32.0,a5
qwen,179,cap128_chunk2048_pollpm_mem0.9,128,2048,lpm,0.9,0,R_long_prefill,2,4,4,0,0.3339105257764458,11.979256990173509,47917.02796069402,383.3362236855522,48300.36418437958,126.59744673874228,136.21036452241242,137.04093859996647,137.14279073756188,6.416693750408387,6.1041075180494975,7.204960704210304,7.359636040825036,6.416693750408387,325.5149530014023,325.43769758194685,326.0496518108994,326.128534572199,4000.0,32.0,a5
qwen,179,cap128_chunk2048_pollpm_mem0.9,128,2048,lpm,0.9,0,R_long_prefill,3,4,4,0,0.3347283517941832,11.949988635738594,47799.95454295437,382.399636343635,48182.35417929801,127.04205687623472,136.6081847809255,137.58687772788107,137.70509083755314,6.436124169868568,6.123908434904391,7.220485595415436,7.374606693554069,6.436124169868568,326.5619061421603,326.53331803157926,326.9821154419333,327.0159909594804,4000.0,32.0,a5
qwen,179,cap128_chunk2048_pollpm_mem0.9,128,2048,lpm,0.9,0,R_long_prefill,4,4,4,0,0.340698366984725,11.740590468340397,46962.36187336158,375.69889498689264,47338.06076834847,128.38042457588017,138.15541844815016,138.85179343633354,138.9335200097412,6.447675784358815,6.125984630817848,7.246024691079172,7.403498748768,6.447675784358815,328.25837389100343,328.06094200350344,328.8508297177032,328.9588018739596,4000.0,32.0,a5
qwen,179,cap128_chunk2048_pollpm_mem0.9,128,2048,lpm,0.9,0,R_concurrent_decode,0,32,32,0,2.645826098043472,12.094521262626923,2418.9042525253853,3096.197443232493,5515.101695757878,98.339266012772,98.40427828021348,100.20403873641044,100.27468469459563,9.942179102868336,9.941211739993271,9.945677646581888,9.95451953340614,9.942179102868334,2633.5949372441974,2633.8027825113386,2635.238381824456,2636.049801558256,200.0,256.0,a5
qwen,179,cap128_chunk2048_pollpm_mem0.9,128,2048,lpm,0.9,0,R_concurrent_decode,1,32,32,0,2.650442589074373,12.073455253062289,2414.6910506124573,3090.8045447839454,5505.495595396403,98.02900983777364,98.03432412445544,100.0202672323212,100.32666076440364,9.948358123759082,9.947874828917431,9.950531329959633,9.964234526269138,9.948358123759082,2634.8603313963395,2634.7280300688,2637.5628968700767,2638.0455810623243,200.0,256.0,a5
qwen,179,cap128_chunk2048_pollpm_mem0.9,128,2048,lpm,0.9,0,R_concurrent_decode,2,32,32,0,2.6457724408246577,12.094766543877808,2418.9533087755617,3096.260235232719,5515.213544008281,97.11923966824544,97.10169676691294,98.95471471827476,99.21988322399557,9.94726601986936,9.945762625840656,9.951481131526332,9.964411071556455,9.947266019869357,2633.672074734932,2633.596239145845,2636.2334902165458,2637.190282540396,200.0,256.0,a5
qwen,179,cap128_chunk2048_pollpm_mem0.9,128,2048,lpm,0.9,0,R_concurrent_decode,3,32,32,0,2.649191036820412,12.079159092432516,2415.8318184865034,3092.264727662724,5508.096546149227,101.21399571653455,101.22101940214634,102.9744113329798,103.26020217966288,9.941801836305553,9.940153133014546,9.945003988367375,9.959700911123232,9.941801836305554,2636.3734639744507,2636.361240409314,2638.6806056136265,2639.52917994,200.0,256.0,a5
qwen,179,cap128_chunk2048_pollpm_mem0.9,128,2048,lpm,0.9,0,R_concurrent_decode,4,32,32,0,2.6442489908076823,12.101734787927684,2420.346957585537,3098.044105709487,5518.391063295024,98.3404938597232,98.29470911063254,100.207379902713,100.35069728270172,9.94218223974766,9.94174070838912,9.943613769194366,9.955147975233986,9.942182239747662,2633.5969649953768,2633.6230752058327,2635.5081227375194,2635.735474228859,200.0,256.0,a5
qwen,9,cap8_chunk2048_pollpm_mem0.8,8,2048,lpm,0.8,0,R_concurrent_decode,0,32,32,0,6.735942652914673,4.750634268858191,950.126853771638,1216.1623728276968,2166.289226599335,2517.523815156892,2610.557093750685,4744.815921899863,4745.312491115183,6.328779702045152,6.246253389719071,7.751237012573755,7.751496017399226,6.328779702045152,4131.3626391784055,3961.819778429344,6721.252835146152,6721.690819566138,200.0,256.0,a6
qwen,9,cap8_chunk2048_pollpm_mem0.8,8,2048,lpm,0.8,0,R_concurrent_decode,1,32,32,0,6.739056332036853,4.748439310096719,949.6878620193438,1215.60046338476,2165.288325404104,2521.078441219288,2614.48277393356,4747.939874487929,4748.462144359946,6.329229580268136,6.2459817411852825,7.756448698540528,7.75666427884397,6.329229580268136,4135.031984187663,3965.171025134623,6725.748179829679,6726.199808968231,200.0,256.0,a6
qwen,9,cap8_chunk2048_pollpm_mem0.8,8,2048,lpm,0.8,0,R_concurrent_decode,2,32,32,0,6.737334812059999,4.749652628620919,949.930525724184,1215.9110729269553,2165.841598651139,2519.454283537925,2612.3192980885506,4746.1861508199945,4746.737247826532,6.329864839447991,6.246861470315386,7.754207950578454,7.754496140168139,6.329864839447992,4133.569817597163,3964.026619214565,6723.328489484265,6724.0121007477865,200.0,256.0,a6
qwen,9,cap8_chunk2048_pollpm_mem0.8,8,2048,lpm,0.8,0,R_concurrent_decode,3,32,32,0,6.736942153889686,4.749929458949602,949.9858917899204,1215.981941491098,2165.9678332810186,2516.3500049093277,2608.095280826092,4746.93703437224,4747.33110953588,6.330311806603134,6.246582122848314,7.75248111499583,7.752737072679926,6.330311806603134,4130.579515593126,3960.14650980942,6723.586055915803,6724.097245214507,200.0,256.0,a6
qwen,9,cap8_chunk2048_pollpm_mem0.8,8,2048,lpm,0.8,0,R_concurrent_decode,4,32,32,0,6.738749932032079,4.748655213913,949.7310427825998,1215.655734761728,2165.386777544328,2514.2106970306486,2605.849848827347,4745.592841506004,4746.111581027508,6.332173450922995,6.249211451002196,7.752362923039232,7.752589217259311,6.332173450922995,4128.914927016012,3958.234085002914,6722.32391256839,6722.813948695548,200.0,256.0,a6
qwen,9,cap8_chunk2048_pollpm_mem0.8,8,2048,lpm,0.8,0,shared_prefix,0,128,128,0,23.821172116324306,5.373371191599906,12333.35616590699,1375.583025049576,13708.939190956564,7980.391041401162,6087.410608539358,21071.90995113924,22466.39452347532,5.486955461285128,5.544530069493609,6.025320661765542,6.026705985560136,5.487188474612862,9379.152547167903,7499.296318506822,22410.184733592905,23803.52247960865,2295.2734375,256.0,a6
qwen,9,cap8_chunk2048_pollpm_mem0.8,8,2048,lpm,0.8,0,shared_prefix,1,128,128,0,23.8246533209458,5.372586046717704,12331.55404371428,1375.382027959732,13706.936071674012,7980.665727849555,6087.0405728928745,21081.779486313462,22470.432545975786,5.504677171691252,5.554476313576101,6.02927980761902,6.030564618497794,5.504608211071957,9383.781759901469,7499.190207570791,22420.45037550852,23807.560447342694,2295.2734375,256.0,a6
qwen,9,cap8_chunk2048_pollpm_mem0.8,8,2048,lpm,0.8,0,shared_prefix,2,128,128,0,23.816277933772653,5.374475405264301,12335.890638200195,1375.865703747661,13711.756341947856,7976.751854497706,6013.827001675963,21071.978611894883,22460.49335116055,5.497387232584504,5.321570808917425,6.517904142337833,6.520177700575076,5.497441634362504,9378.341778683534,7488.471336429939,22410.454353666864,23796.66219881736,2295.2734375,256.0,a6
qwen,9,cap8_chunk2048_pollpm_mem0.8,8,2048,lpm,0.8,0,shared_prefix,3,128,128,0,23.802193182054907,5.37765570680699,12343.190299854372,1376.6798609425894,13719.87016079696,7968.079440110159,6071.158701786771,21051.20175173506,22441.16034225095,5.489947919489877,5.545407039898719,6.024020573526037,6.025391367464965,5.490175494411845,9367.602379228629,7482.932754093781,22389.64802012779,23777.4138668878,2295.2734375,256.0,a6
qwen,9,cap8_chunk2048_pollpm_mem0.8,8,2048,lpm,0.8,0,shared_prefix,4,128,128,0,23.805810322985053,5.376838606347001,12341.31483087279,1376.4706832248323,13717.785514097624,7973.055394519179,6073.676707223058,21060.37432122976,22449.591670008376,5.491635494846012,5.546525837082122,6.022985680120103,6.024332788864188,5.491855896268059,9373.006691701448,7485.8668523374945,22398.32816370763,23786.96294322144,2295.2734375,256.0,a6
qwen,9,cap8_chunk2048_pollpm_mem0.8,8,2048,lpm,0.8,0,R_short_decode,0,8,8,0,9.08158118603751,0.8809038686236281,88.0903868623628,225.5113903676488,313.6017772300116,49.54342381097376,49.32610155083239,51.333897886797786,51.39545558951795,4.251685095768349,4.250817044692881,4.25698482248859,4.25699296772626,4.251685095768349,1133.7231232319027,1133.451103232801,1136.0047643538564,1136.263921810314,100.0,256.0,a6
qwen,9,cap8_chunk2048_pollpm_mem0.8,8,2048,lpm,0.8,0,R_short_decode,1,8,8,0,9.084226702805609,0.8806473309972822,88.06473309972822,225.44571673530425,313.51044983503243,49.8168840422295,50.510800909250975,52.26936175022274,52.55249325651676,4.25034906422975,4.247746539904791,4.257170546105972,4.25774598030337,4.25034906422975,1133.6558954208158,1133.9690538588911,1135.8905280707404,1135.973333469592,100.0,256.0,a6
qwen,9,cap8_chunk2048_pollpm_mem0.8,8,2048,lpm,0.8,0,R_short_decode,2,8,8,0,9.085145612247288,0.8805582586607692,88.05582586607692,225.4229142171569,313.47874008323384,49.186002113856375,49.29096135310829,50.86974871810526,51.113825435750186,4.251821061559752,4.25174066650809,4.256634764446347,4.257097285094799,4.2518210615597525,1133.4003728115931,1133.138659177348,1135.0516916485503,1135.2735045785084,100.0,256.0,a6
qwen,9,cap8_chunk2048_pollpm_mem0.8,8,2048,lpm,0.8,0,R_short_decode,3,8,8,0,9.09360434114933,0.8797391771048716,87.97391771048716,225.21322933884716,313.18714704933427,50.95172900473699,50.97915814258158,52.64557194896042,52.685877392068505,4.251246457216421,4.250818341239995,4.2577066946336455,4.257924002211761,4.251246457216421,1135.0195755949244,1135.1636599283663,1137.595152342692,1138.1882141996175,100.0,256.0,a6
qwen,9,cap8_chunk2048_pollpm_mem0.8,8,2048,lpm,0.8,0,R_short_decode,4,8,8,0,9.092337793204932,0.879861723348941,87.9861723348941,225.2446011773289,313.230773512223,50.658821826800704,50.887202844023705,51.736600208096206,51.88997787889093,4.250258246126275,4.248534923638491,4.255596267187274,4.255615900124551,4.250258246126275,1134.4746745890006,1134.7063581924886,1136.1759446095675,1136.3802505936474,100.0,256.0,a6
qwen,9,cap8_chunk2048_pollpm_mem0.8,8,2048,lpm,0.8,0,tool_agent,0,200,200,0,48.31999492924661,4.139073282040974,11175.27021248012,858.0919774663247,12033.362189946443,7719.679881019983,2566.383288707584,39396.24612457117,43566.262056175605,11.51306902536612,9.617058838468203,15.233304824439749,95.5443191062659,9.888285754310417,9546.14514269866,6281.00773692131,39650.512689491705,43871.070630829774,2699.945,207.315,a6
qwen,9,cap8_chunk2048_pollpm_mem0.8,8,2048,lpm,0.8,0,tool_agent,1,200,200,0,46.45994068495929,4.304783799793937,11622.679496334642,892.44625345428,12515.125749788922,4653.19550458109,2319.63289459236,22771.819548029453,35232.53472758456,10.035484722969054,9.15269360120874,15.307427852008589,26.659884536638863,9.49024594876546,6406.233736237045,4270.480564562604,23071.11818215344,37399.13891904521,2699.945,207.315,a6
qwen,9,cap8_chunk2048_pollpm_mem0.8,8,2048,lpm,0.8,0,tool_agent,2,200,200,0,46.09927799273282,4.338462741900825,11713.610787681422,899.4284033371695,12613.039191018592,4518.34310092032,2381.1363901477307,19781.28270904999,32589.466541009,9.782839203784745,8.995891455560923,14.519677295589744,27.2326023131609,9.370852242999945,6249.233218724839,4642.53078494221,20140.42044971138,35641.74064776393,2699.945,207.315,a6
qwen,9,cap8_chunk2048_pollpm_mem0.8,8,2048,lpm,0.8,0,tool_agent,3,200,200,0,46.37719798879698,4.312464070130167,11643.415803827593,894.0384886990355,12537.454292526629,4643.3824022253975,2391.324918717146,22688.86523249093,32901.79287781471,9.883621856096866,9.003209083882236,14.215748680426794,27.57417822256685,9.431839609496611,6385.396018901374,4608.20110142231,22945.982719096355,35850.44085232074,2699.945,207.315,a6
qwen,9,cap8_chunk2048_pollpm_mem0.8,8,2048,lpm,0.8,0,tool_agent,4,200,200,0,46.481800825335085,4.30275928317711,11617.213412817622,892.0265407918625,12509.239953609484,4675.059810318053,2423.1466338969767,22753.976685227823,32959.96395080348,10.307750324268367,9.027348412311945,14.069402719978497,27.907888740301143,9.447969776052911,6419.769149012864,4638.884889194742,23009.84820916783,35922.76195894925,2699.945,207.315,a6
qwen,9,cap8_chunk2048_pollpm_mem0.8,8,2048,lpm,0.8,0,R_medium_balanced,0,16,16,0,3.438058307860046,4.6537896007816375,3723.0316806253104,1191.3701378000992,4914.40181842541,108.21820233832112,108.36590896360576,109.18703873176128,109.2436749720946,6.291760560627297,6.295653583262773,6.651464517356134,6.656194514065397,6.291760560627296,1712.6171452982817,1713.0260325502604,1804.9214066704733,1805.250390502624,800.0,256.0,a6
qwen,9,cap8_chunk2048_pollpm_mem0.8,8,2048,lpm,0.8,0,R_medium_balanced,1,16,16,0,3.412376144900918,4.688814866997782,3751.051893598225,1200.336605951432,4951.388499549657,95.6676764471922,96.06180246919394,97.17687964439392,97.33145758509636,6.292044454112686,6.2944057662332185,6.654150778993818,6.65994848005985,6.292044454112685,1700.139012245927,1700.032525230199,1792.4042390659451,1792.831746302545,800.0,256.0,a6
qwen,9,cap8_chunk2048_pollpm_mem0.8,8,2048,lpm,0.8,0,R_medium_balanced,2,16,16,0,3.4234606600366533,4.6736333753660535,3738.9067002928414,1196.4501440937097,4935.356844386552,98.53189726709388,98.12566707842052,103.22191671002656,103.3052375772968,6.29511080858042,6.297832734736742,6.6558291112967565,6.661782791363258,6.29511080858042,1703.785153455101,1703.870990080759,1799.898292752914,1800.0731378560886,800.0,256.0,a6
qwen,9,cap8_chunk2048_pollpm_mem0.8,8,2048,lpm,0.8,0,R_medium_balanced,3,16,16,0,3.462934353388846,4.620359027118812,3696.2872216950495,1182.8119109424158,4879.099132637465,112.0130242779851,89.57174303941429,147.99211593344808,148.2682024128735,6.326314081892422,6.3765756877175725,6.755844225770319,6.894428504012127,6.326166310259256,1724.7900479997045,1721.897495444864,1853.84923836682,1853.857142222114,800.0,256.0,a6
qwen,9,cap8_chunk2048_pollpm_mem0.8,8,2048,lpm,0.8,0,R_medium_balanced,4,16,16,0,3.4143383828923106,4.686120180755571,3748.896144604457,1199.6467662734262,4948.542910877884,93.07100792648272,93.18053093738854,93.86824734974653,94.01808253023772,6.300559824254985,6.301664917127175,6.660586522490371,6.664380209118712,6.300559824254984,1699.7137631115038,1699.885748559609,1791.564826620743,1791.6387220378963,800.0,256.0,a6
qwen,9,cap8_chunk2048_pollpm_mem0.8,8,2048,lpm,0.8,0,R_long_prefill,0,4,4,0,0.3044939958490431,13.1365480256729,52546.1921026916,420.3695368215329,52966.56163951314,106.20579251553865,106.52849613688886,106.85015635099262,106.87927301507445,6.101589480925712,6.085739275741001,6.151330057952193,6.160491867471606,6.101589480925711,295.3550664242357,295.2009290456772,295.8290404872969,295.9065101156011,4000.0,32.0,a6
qwen,9,cap8_chunk2048_pollpm_mem0.8,8,2048,lpm,0.8,0,R_long_prefill,1,4,4,0,0.3586972719058394,11.151464795779178,44605.85918311672,356.8468734649337,44962.70605658164,143.46470963209867,154.7869963105768,155.21771616768092,155.26028790976852,6.508434007334854,6.1388348845104055,7.413900428782067,7.593097814448899,6.508434007334854,345.2261638594792,345.09087773039937,345.69141503889114,345.7692646468058,4000.0,32.0,a6
qwen,9,cap8_chunk2048_pollpm_mem0.8,8,2048,lpm,0.8,0,R_long_prefill,2,4,4,0,0.3497681897133589,11.43614576064813,45744.58304259252,365.9566643407401,46110.53970693326,139.50443803332746,150.2620792016387,151.258455356583,151.37582044117153,6.508646161115218,6.162833550103729,7.380194226730494,7.551869578929918,6.508646161115218,341.2724690278992,341.3099192548543,341.5252561448142,341.52654958423227,4000.0,32.0,a6
qwen,9,cap8_chunk2048_pollpm_mem0.8,8,2048,lpm,0.8,0,R_long_prefill,3,4,4,0,0.3453864506445825,11.58123022062661,46324.92088250644,370.5993670600515,46695.52024956649,134.82310040853918,145.22476331330836,145.83856984972954,145.90778201818466,6.479924033966757,6.1381930830858416,7.32392422524431,7.490653102736799,6.479924033966756,335.70074546150863,335.5087488889694,336.2869538832456,336.3935387227684,4000.0,32.0,a6
qwen,9,cap8_chunk2048_pollpm_mem0.8,8,2048,lpm,0.8,0,R_long_prefill,4,4,4,0,0.3555384636856615,11.250540823443728,45002.1632937749,360.01730635019925,45362.1806001251,145.04394575487822,156.12861886620522,157.1225732099265,157.24552019499242,6.518994322827747,6.154797302799359,7.429513837691516,7.608858050868636,6.518994322827746,347.1327697625384,346.92733525298536,347.7617049124092,347.877785442397,4000.0,32.0,a6
qwen,46,cap16_chunk8192_polfcfs_mem0.85,16,8192,fcfs,0.85,0,shared_prefix,0,128,128,0,14.0047860131599,9.139732651375182,20978.1855805529,2339.7715587520465,23317.95713930495,4091.8123255723913,5146.898946957663,5578.58356970828,5591.560570276342,6.40979702738255,6.381199426611264,7.233836454537323,7.2357626743138015,6.40971072099136,5722.582945414615,6747.474822914228,7253.430561930872,7266.821882403456,2295.2734375,256.0,a6
qwen,46,cap16_chunk8192_polfcfs_mem0.85,16,8192,fcfs,0.85,0,shared_prefix,1,128,128,0,14.014042247086763,9.133695884683709,20964.32955031758,2338.226146479029,23302.555696796608,4105.66428578386,5140.189286088571,5582.40983004216,5602.538221091963,6.382228926221194,6.377088955631723,7.102217208080756,7.103063116935412,6.382190496825928,5729.383297730237,6740.109269972891,7266.759262769483,7287.5293017644435,2295.2734375,256.0,a6
qwen,46,cap16_chunk8192_polfcfs_mem0.85,16,8192,fcfs,0.85,0,shared_prefix,2,128,128,0,14.025004712399095,9.126556648272564,20947.943050619047,2336.3985019577763,23284.34155257682,4106.026507848583,5142.6538014784455,5593.1158561958,5609.250068455003,6.400393357773658,6.3724079331095815,7.198458002132224,7.199390150302302,6.400348297565692,5734.315116926155,6745.084710186347,7273.928843205795,7290.32910885755,2295.2734375,256.0,a6
qwen,46,cap16_chunk8192_polfcfs_mem0.85,16,8192,fcfs,0.85,0,shared_prefix,3,128,128,0,13.985067115165291,9.152619643934196,21007.76475226287,2343.0706288471542,23350.83538111002,4087.149812865391,5146.5397763531655,5569.273777771741,5578.861625841819,6.395332169640041,6.378347117197006,7.211742860881069,7.213788873783686,6.395280317404949,5714.199059242674,6747.731962241232,7238.96665929351,7248.876849873923,2295.2734375,256.0,a6
qwen,46,cap16_chunk8192_polfcfs_mem0.85,16,8192,fcfs,0.85,0,shared_prefix,4,128,128,0,13.99509478919208,9.146061668610484,20992.71240569857,2341.391787164284,23334.10419286285,4099.7273808243335,5137.999940197915,5569.161004177295,5586.53284648899,6.366694454308051,6.355888145427644,7.220464461211731,7.221516083218304,6.366647326534893,5719.49199167284,6743.169672088698,7245.6828138791025,7263.701331326738,2295.2734375,256.0,a6
qwen,46,cap16_chunk8192_polfcfs_mem0.85,16,8192,fcfs,0.85,0,R_concurrent_decode,0,32,32,0,4.320823807269335,7.40599511282162,1481.199022564324,1895.9347488823348,3377.133771446659,1143.1536108575528,1143.3296513278035,2187.7786295721307,2187.808676226996,8.140774097352965,8.145302902067115,8.304911774820557,8.30511835798183,8.140774097352963,3219.0510056825588,3219.77957081981,4305.195611156523,4305.497221937403,200.0,256.0,a6
qwen,46,cap16_chunk8192_polfcfs_mem0.85,16,8192,fcfs,0.85,0,R_concurrent_decode,1,32,32,0,4.320214696228504,7.407039290879599,1481.4078581759195,1896.2020584651773,3377.609916641097,1144.2546902835602,1144.492679508403,2187.608514423482,2187.860408532433,8.14107322167176,8.1434344124122,8.306267271274885,8.306455260562693,8.141073221671759,3220.228361809859,3220.615710131824,4305.382128199562,4305.819973917678,200.0,256.0,a6
qwen,46,cap16_chunk8192_polfcfs_mem0.85,16,8192,fcfs,0.85,0,R_concurrent_decode,2,32,32,0,4.3207674077712,7.406091784169122,1481.2183568338244,1895.9594967472956,3377.17785358112,1145.3246577875689,1145.432100398466,2188.792517501861,2188.860297226347,8.141374352956465,8.144039698127731,8.306641828761821,8.306913387961686,8.141374352956465,3221.375117791468,3221.812227740884,4306.589329056442,4307.029942958616,200.0,256.0,a6
qwen,46,cap16_chunk8192_polfcfs_mem0.85,16,8192,fcfs,0.85,0,R_concurrent_decode,3,32,32,0,4.325316519010812,7.398302496326514,1479.6604992653029,1893.965439059588,3373.6259383248907,1147.3658719914963,1147.585239028558,2191.8602782767266,2192.021618965082,8.141701893285191,8.1457256869066,8.304045997815681,8.304294307150093,8.14170189328519,3223.49985477922,3223.7699560355395,4308.875913545489,4309.25780385267,200.0,256.0,a6
qwen,46,cap16_chunk8192_polfcfs_mem0.85,16,8192,fcfs,0.85,0,R_concurrent_decode,4,32,32,0,4.32281230809167,7.402588342801906,1480.5176685603813,1895.062615757288,3375.5802843176693,1144.279963162262,1144.4744053296745,2189.4428375875577,2189.7657016385347,8.145610891469737,8.150609368093166,8.309870996859436,8.3100856428272,8.145610891469737,3221.4107404870447,3222.1843316219747,4308.286453899927,4308.776932428591,200.0,256.0,a6
qwen,46,cap16_chunk8192_polfcfs_mem0.85,16,8192,fcfs,0.85,0,tool_agent,0,200,200,0,41.374937689863145,4.83384413770368,13051.113310372362,1002.1283974080384,14053.2417077804,530.4375046491623,378.71833774261177,1681.171137141063,2505.0324880285184,16.171799460277505,12.019894639054824,26.44647653214632,112.63991364277938,11.328499962923152,2622.8114478010684,1273.6022169701755,7531.013303110375,10557.840459696,2699.945,207.315,a6
qwen,46,cap16_chunk8192_polfcfs_mem0.85,16,8192,fcfs,0.85,0,tool_agent,1,200,200,0,41.314629848115146,4.840900202549543,13070.164297372625,1003.5912254915584,14073.755522864183,279.083794800099,160.843956284225,1044.5437487447634,1424.636718910182,11.460227066551408,10.64006113684026,21.44821110893695,28.26593900099399,10.098353440255224,2144.603117585648,728.2107186038047,6396.834704396315,8587.74730178991,2699.945,207.315,a6
qwen,46,cap16_chunk8192_polfcfs_mem0.85,16,8192,fcfs,0.85,0,tool_agent,2,200,200,0,41.18900482496247,4.85566477874189,13110.027841040272,1006.6521436048748,14116.679984645149,269.2131874524057,157.31530846096575,976.9102933350936,1313.3379535609806,11.22914023711293,10.668970446983751,20.41532837442657,25.113984821364284,10.054545861777328,2126.5894444985315,709.876511245966,6500.810465146788,8578.150094924473,2699.945,207.315,a6
qwen,46,cap16_chunk8192_polfcfs_mem0.85,16,8192,fcfs,0.85,0,tool_agent,3,200,200,0,41.27839738177136,4.8451493441051205,13081.6367458699,1004.4721362731532,14086.108882143051,285.7314858748577,165.40243406780064,1030.0393879879257,1419.7406968520902,12.23001855409184,10.775373317301272,17.604351411208363,76.35001331567764,10.166438329243986,2163.1168199446984,742.923567770049,6602.452075411566,8662.872233758659,2699.945,207.315,a6
qwen,46,cap16_chunk8192_polfcfs_mem0.85,16,8192,fcfs,0.85,0,tool_agent,4,200,200,0,41.280362928751856,4.8449186443731485,13081.01386928206,1004.4243087582192,14085.438178040278,284.13245282601565,162.57201205007732,1046.726045361719,1344.6023661736351,12.269884078814718,10.768569767430064,20.666117140238967,83.66173341870308,10.14444843589275,2157.761356693227,724.2631088010967,6503.240772406571,8639.230249053777,2699.945,207.315,a6
qwen,46,cap16_chunk8192_polfcfs_mem0.85,16,8192,fcfs,0.85,0,R_medium_balanced,0,16,16,0,3.4443676257506013,4.645264889955891,3716.2119119647127,1189.1878118287082,4905.399723793421,108.11165333143435,107.48577723279595,116.2108255084604,116.3784026633948,6.29673329953506,6.299617825368163,6.65315741481369,6.658792160725331,6.29673329953506,1713.778644712875,1713.8144103810191,1811.966783832759,1812.2289719991384,800.0,256.0,a6
qwen,46,cap16_chunk8192_polfcfs_mem0.85,16,8192,fcfs,0.85,0,R_medium_balanced,1,16,16,0,3.4425367480143905,4.647735426274996,3718.1883410199966,1189.820269126399,4908.008610146395,107.59797226637602,107.36880637705326,113.2500966778025,113.4156959829852,6.297541553880471,6.300411338680515,6.655648620981796,6.660656813605159,6.297541553880471,1713.4710685058965,1713.579542003572,1799.9524072511122,1800.087828352116,800.0,256.0,a6
qwen,46,cap16_chunk8192_polfcfs_mem0.85,16,8192,fcfs,0.85,0,R_medium_balanced,2,16,16,0,3.435260775964707,4.657579451302878,3726.0635610423024,1192.3403395335367,4918.40390057584,103.44835094292648,103.20640564896166,105.19927286077292,105.34008687827736,6.297487942113851,6.298780547199296,6.656518209652573,6.662888981986279,6.297487942113851,1709.3077761819586,1709.078577812761,1802.202941966243,1802.583269425668,800.0,256.0,a6
qwen,46,cap16_chunk8192_polfcfs_mem0.85,16,8192,fcfs,0.85,0,R_medium_balanced,3,16,16,0,3.440005290787667,4.651155637128813,3720.9245097030503,1190.695843104976,4911.620352808027,105.5156015790999,106.3239835202694,109.32449670508504,109.5549744553864,6.300238503243628,6.303246831521392,6.663593851650755,6.668039887011344,6.300238503243627,1712.076419906225,1710.7885170262307,1803.409630432725,1803.9027780294416,800.0,256.0,a6
qwen,46,cap16_chunk8192_polfcfs_mem0.85,16,8192,fcfs,0.85,0,R_medium_balanced,4,16,16,0,3.4410478700883687,4.649746415643183,3719.797132514546,1190.3350824046547,4910.132214919201,105.4155872843694,105.35404807887971,108.24284772388636,108.40385346673428,6.310839323080419,6.314833215711747,6.661039763404165,6.666021499892368,6.310839323080419,1714.6796146698762,1714.5735984668136,1806.555302347988,1806.9454207085075,800.0,256.0,a6
qwen,46,cap16_chunk8192_polfcfs_mem0.85,16,8192,fcfs,0.85,0,R_long_prefill,0,4,4,0,0.3467253660783171,11.536508116618425,46146.03246647369,369.16825973178953,46515.20072620548,133.9720756513998,144.29930341430008,145.04336449317634,145.13051672838628,6.47609134490091,6.138709253601489,7.315755936677657,7.480819780649917,6.47609134490091,334.730907343328,334.59929027594626,335.2311019785702,335.3038595803082,4000.0,32.0,a6
qwen,46,cap16_chunk8192_polfcfs_mem0.85,16,8192,fcfs,0.85,0,R_long_prefill,1,4,4,0,0.3425675965845585,11.676527610551894,46706.11044220758,373.6488835376606,47079.75932574524,133.2688800757751,143.70528957806528,144.4497159216553,144.53861852176487,6.472127470788696,6.13001187992913,7.321965287349396,7.489542550437392,6.472127470788696,333.90483167022467,333.7865551002324,334.4924047123641,334.5613928046077,4000.0,32.0,a6
qwen,46,cap16_chunk8192_polfcfs_mem0.85,16,8192,fcfs,0.85,0,R_long_prefill,2,4,4,0,0.3428497668355703,11.666917661689377,46667.67064675751,373.34136517406,47041.01201193156,129.89407393615693,139.98607965186238,140.63430854585022,140.7014815090224,6.467047121165501,6.1357934478550185,7.291964152377218,7.454757690279474,6.467047121165501,330.37253469228745,330.195676535368,331.1276461696252,331.22152924072,4000.0,32.0,a6
qwen,46,cap16_chunk8192_polfcfs_mem0.85,16,8192,fcfs,0.85,0,R_long_prefill,3,4,4,0,0.3514439412392676,11.3816160435008,45526.4641740032,364.2117133920256,45890.67588739522,139.17635544203222,149.96105642057955,150.37990100681782,150.4204025864601,6.470472082465647,6.117960866240244,7.33494474702785,7.5059944433310335,6.470472082465647,339.76098999846727,339.6178432740271,340.2575156651437,340.3428982011974,4000.0,32.0,a6
qwen,46,cap16_chunk8192_polfcfs_mem0.85,16,8192,fcfs,0.85,0,R_long_prefill,4,4,4,0,0.348499447107315,11.477780045855456,45911.12018342183,367.2889614673746,46278.4091448892,137.4428862472996,148.06203381158412,149.5431677205488,149.73558330442756,6.50931829811945,6.1680091950561735,7.395725764874969,7.568821673011106,6.509318298119451,339.2317534890026,339.2703188583255,339.76368280127645,339.8237408138812,4000.0,32.0,a6
qwen,46,cap16_chunk8192_polfcfs_mem0.85,16,8192,fcfs,0.85,0,R_short_decode,0,8,8,0,9.097452816087753,0.8793670230257156,87.93670230257156,225.1179578945832,313.0546601971548,51.10271065495908,50.48973043449223,56.322036497294896,58.692730255424976,4.248949579492796,4.249129907282836,4.25100998523846,4.251153178312176,4.248949579492796,1134.584853425622,1133.4501788951457,1140.2394789271057,1142.6144435815513,100.0,256.0,a6
qwen,46,cap16_chunk8192_polfcfs_mem0.85,16,8192,fcfs,0.85,0,R_short_decode,1,8,8,0,9.07014489825815,0.8820145752617842,88.20145752617842,225.79573126701675,313.9971887931952,49.30367384804413,48.379196086898446,53.57446747366339,54.55981016624719,4.245757118698355,4.245558380167566,4.251983899020535,4.2521369410313525,4.245757118698356,1131.9717391161248,1131.4175666775554,1134.8290972411633,1135.6183295696974,100.0,256.0,a6
qwen,46,cap16_chunk8192_polfcfs_mem0.85,16,8192,fcfs,0.85,0,R_short_decode,2,8,8,0,9.070654586423188,0.8819650140767429,88.19650140767429,225.78304360364615,313.97954501132045,49.48711715405807,48.99330041371286,53.65174785256386,53.7580806016922,4.244299418995997,4.244923039211654,4.252098744607293,4.252428822055021,4.244299418995997,1131.7834689980373,1131.6359918564558,1136.09380943235,1136.20025313925,100.0,256.0,a6
qwen,46,cap16_chunk8192_polfcfs_mem0.85,16,8192,fcfs,0.85,0,R_short_decode,3,8,8,0,9.07585944700986,0.8814592212130042,88.14592212130043,225.65356063052909,313.79948275182954,48.42642496805638,48.10520657338202,51.17369773797691,51.88583462499082,4.251522117741772,4.249373749446344,4.271711672966679,4.279587637158293,4.251522117741771,1132.564564992208,1130.8649212587625,1138.8120266376063,1139.7269678628072,100.0,256.0,a6
qwen,46,cap16_chunk8192_polfcfs_mem0.85,16,8192,fcfs,0.85,0,R_short_decode,4,8,8,0,9.07486285502091,0.8815560221468015,88.15560221468014,225.6783416695812,313.8339438842613,49.58259122213349,49.16818509809673,52.98355694394559,53.27949618455023,4.247612105317267,4.245765218693836,4.251514514816888,4.251527386133138,4.247612105317267,1132.7236780780368,1132.4274025391787,1135.411340976134,1135.6062315870076,100.0,256.0,a6
lfm25,66,cap24_chunk8192_pollpm_mem0.85,24,8192,lpm,0.85,0,tool_agent,0,200,200,0,37.93471496226266,5.272215705296834,14058.626788959273,1093.0093989436132,15151.636187902886,275.6428115372546,264.4658877979964,547.6503945887089,556.496314695105,14.90532643020364,3.78402097662187,80.18484297208488,164.62558490224183,3.417368839636119,906.950444127433,572.8081359993666,2182.9081380041307,2690.574569818559,2666.55,207.315,a6
lfm25,66,cap24_chunk8192_pollpm_mem0.85,24,8192,lpm,0.85,0,tool_agent,1,200,200,0,37.90542635275051,5.276289419324458,14069.489551099634,1093.85394096725,15163.343492066884,242.4907113634981,229.4300126377493,436.8041883455589,445.891554960981,6.9745198878533925,3.309437190182507,28.864567121490797,86.98779967613518,3.1112850640064496,817.2384012374096,392.9928948637098,1989.177194191143,2417.7711987635075,2666.55,207.315,a6
lfm25,66,cap24_chunk8192_pollpm_mem0.85,24,8192,lpm,0.85,0,tool_agent,2,200,200,0,37.8935841913335,5.27793831774143,14073.88642117341,1094.1957823425646,15168.082203515974,215.8569036773406,210.34965757280588,361.89930259715766,369.78439590893686,5.6438635746200205,3.3346562792525387,21.78020034916699,45.42038559913637,3.091668818240872,786.9808844709769,351.5220831613988,1947.2154275514172,2435.32854389399,2666.55,207.315,a6
lfm25,66,cap24_chunk8192_pollpm_mem0.85,24,8192,lpm,0.85,0,tool_agent,3,200,200,0,37.907706188969314,5.275972093985407,14068.643387216787,1093.788154664585,15162.431541881371,204.23633352387697,207.5736350379884,308.2175125135103,345.14617724344134,5.614856144107842,3.3449777615496554,17.69262880856246,43.327111909166,3.114226971562523,779.5274819806218,332.48813753016293,1938.139174273237,2493.476141546849,2666.55,207.315,a6
lfm25,66,cap24_chunk8192_pollpm_mem0.85,24,8192,lpm,0.85,0,tool_agent,4,200,200,0,37.88914315309376,5.278556952103295,14075.53604063104,1094.3240345252946,15169.860075156335,196.77518018288535,194.6003744378686,300.9671431966126,317.85375519189984,5.058830079765688,3.3936502285969103,9.558461989379571,34.107008343562505,3.1037071695894,770.1230056211352,323.93449428491294,1966.9463385827837,2422.496016020882,2666.55,207.315,a6
lfm25,66,cap24_chunk8192_pollpm_mem0.85,24,8192,lpm,0.85,0,R_medium_balanced,0,16,16,0,2.3246126431040466,6.882867150991341,5506.293720793073,1762.0139906537834,7268.307711446856,104.12217801786028,104.49718916788696,105.44679407030344,105.51580060273407,4.124525825232816,4.13265170383395,4.270471110666061,4.282263750484323,4.124525825232815,1155.8762634522282,1155.8914363849908,1192.8146437276157,1193.0867264512926,800.0,256.0,a6
lfm25,66,cap24_chunk8192_pollpm_mem0.85,24,8192,lpm,0.85,0,R_medium_balanced,1,16,16,0,2.3432897650636733,6.828007461367134,5462.405969093707,1747.9699101099864,7210.375879203693,110.49109938903712,104.61438866332172,123.2980799395591,123.44452799297868,4.130666781052509,4.1972260766973095,4.276284136279833,4.289036539072791,4.130666781052509,1163.8111285574269,1164.2849065829068,1193.7160975066945,1194.2035138374197,800.0,256.0,a6
lfm25,66,cap24_chunk8192_pollpm_mem0.85,24,8192,lpm,0.85,0,R_medium_balanced,2,16,16,0,2.3292554882355034,6.869147708704376,5495.3181669635005,1758.5018134283202,7253.8199803918205,105.38524179719388,105.51154403947294,107.43085539434104,107.58901436347514,4.123609701819791,4.131774421708257,4.2763178492439735,4.2897795319703285,4.123609701819791,1156.9057157612406,1156.9986033719033,1194.656723877415,1194.899972854182,800.0,256.0,a6
lfm25,66,cap24_chunk8192_pollpm_mem0.85,24,8192,lpm,0.85,0,R_medium_balanced,3,16,16,0,2.3258977462537587,6.879064234775856,5503.251387820685,1761.0404441026192,7264.291831923304,104.62639713659884,103.10712992213666,109.05687126796693,109.19486058410256,4.125903178275764,4.134211728495417,4.275536972244142,4.289027340801469,4.125903178275763,1156.7317075969186,1156.8905510939658,1191.4697624742985,1191.7237140238285,800.0,256.0,a6
lfm25,66,cap24_chunk8192_pollpm_mem0.85,24,8192,lpm,0.85,0,R_medium_balanced,4,16,16,0,2.3310451256111264,6.863873986911903,5491.099189529522,1757.1517406494472,7248.25093017897,106.3078550505452,106.90498538315296,107.86534554790704,107.93186516966672,4.125964406001217,4.13431161558073,4.275411563724572,4.290373462489715,4.125964406001217,1158.4287785808556,1158.5778663866222,1196.6824237024412,1197.2284921212122,800.0,256.0,a6
lfm25,66,cap24_chunk8192_pollpm_mem0.85,24,8192,lpm,0.85,0,R_short_decode,0,8,8,0,4.780872393399477,1.6733347685758952,167.33347685758952,428.3737007554292,595.7071776130186,26.453094615135345,26.705869240686297,27.36954209394753,27.441847706213597,2.234034086360832,2.233572838389698,2.237089258422812,2.237877250011474,2.2340321049181897,595.8520273561589,595.6081643234938,597.2368188900873,597.4083414813504,100.0,256.0,a6
lfm25,66,cap24_chunk8192_pollpm_mem0.85,24,8192,lpm,0.85,0,R_short_decode,1,8,8,0,4.78222148725763,1.672862710628572,167.28627106285722,428.2528539209145,595.5391249837717,27.00079459464177,26.994191110134125,27.460675593465567,27.51498779281974,2.2323277114671383,2.2321368156767942,2.236467166529859,2.237508508321993,2.232325042937318,595.9646399132907,595.929904608056,596.8613925855607,596.9861057307571,100.0,256.0,a6
lfm25,66,cap24_chunk8192_pollpm_mem0.85,24,8192,lpm,0.85,0,R_short_decode,2,8,8,0,4.777917345054448,1.674369693372926,167.4369693372926,428.63864150346905,596.0756108407617,26.32860967423767,26.54420700855553,27.398828882724047,27.523779589682817,2.232981797655196,2.232852862125226,2.2365963744537085,2.237563542102866,2.232979432016962,595.4592424095608,595.796148525551,596.3036288972944,596.3074572663754,100.0,256.0,a6
lfm25,66,cap24_chunk8192_pollpm_mem0.85,24,8192,lpm,0.85,0,R_short_decode,3,8,8,0,4.77866108994931,1.674109096547138,167.41090965471378,428.5719287160673,595.9828383707811,28.254610544536263,26.260397164151076,38.07308343239128,42.68501960672437,2.2268277248635835,2.232468443210511,2.2368747265577364,2.2377689295941274,2.2268441724622945,595.5431634793058,595.3227642457932,597.7008826099336,598.0219889245927,100.0,256.0,a6
lfm25,66,cap24_chunk8192_pollpm_mem0.85,24,8192,lpm,0.85,0,R_short_decode,4,8,8,0,4.780391817912459,1.673502989864439,167.35029898644387,428.4167654052963,595.7670643917402,26.55348414555192,26.499380823224783,27.855774154886603,27.906377939507365,2.2332822304506657,2.2330364760230568,2.236627722876896,2.2375307006393186,2.2332800361325544,595.7607333548367,595.4033583402634,597.017280664295,597.0570992492139,100.0,256.0,a6
lfm25,66,cap24_chunk8192_pollpm_mem0.85,24,8192,lpm,0.85,0,R_long_prefill,0,4,4,0,0.3057407638989389,13.08297902114937,52331.91608459748,418.6553286767799,52750.57141327426,185.60694251209495,192.59672448970375,193.74452251940968,193.88269651681185,3.459189135971809,3.227480995138326,4.057300180166719,4.173821618089511,3.459189135971809,292.8418057272211,292.7086448762566,293.5106929857284,293.58901248313487,4000.0,32.0,a6
lfm25,66,cap24_chunk8192_pollpm_mem0.85,24,8192,lpm,0.85,0,R_long_prefill,1,4,4,0,0.3110600174404681,12.85925472811862,51437.01891247449,411.4961512997959,51848.515063774284,193.4387190267444,202.22329860553145,203.3521145582199,203.4843780845404,3.5071842965760056,3.219988737856188,4.242732061163311,4.386157450686779,3.507184296576006,302.16143222060055,302.0663419738412,302.80919077340513,302.8604482905939,4000.0,32.0,a6
lfm25,66,cap24_chunk8192_pollpm_mem0.85,24,8192,lpm,0.85,0,R_long_prefill,2,4,4,0,0.2819058718159795,14.189133323945418,56756.53329578167,454.0522663662534,57210.58556214793,169.35812216252089,169.82456482946873,170.29651247430593,170.3492537001148,3.180611792260841,3.1483910166688505,3.267012990169948,3.283473158916158,3.180611792260841,267.95708772260696,267.64444145374,269.12067979574203,269.2930593341589,4000.0,32.0,a6
lfm25,66,cap24_chunk8192_pollpm_mem0.85,24,8192,lpm,0.85,0,R_long_prefill,3,4,4,0,0.2797303958795964,14.299482855348003,57197.93142139202,457.58345137113616,57655.51487276315,165.39331467356533,165.89679941534996,166.41016046050936,166.4647063659504,3.17145720680034,3.141478995882696,3.252942563455191,3.268526704351027,3.17145720680034,263.70848808437586,263.5099228937179,264.61909036152065,264.7209556307644,4000.0,32.0,a6
lfm25,66,cap24_chunk8192_pollpm_mem0.85,24,8192,lpm,0.85,0,R_long_prefill,4,4,4,0,0.2750470670871436,14.542965472642807,58171.86189057123,465.3748951245698,58637.2367856958,164.8181980708614,165.35572614520788,165.73851532302797,165.77307279221714,3.183517038011022,3.158794716000557,3.2447856895986105,3.2568315659920053,3.183517038011022,263.5072262492031,263.5165706742555,263.8051603920758,263.82884161546826,4000.0,32.0,a6
lfm25,66,cap24_chunk8192_pollpm_mem0.85,24,8192,lpm,0.85,0,shared_prefix,0,128,128,0,8.677077467087656,14.751510573174755,34650.60685932939,3776.386706732738,38426.99356606213,2129.5253568678163,1705.37994033657,6344.802796212025,7372.05925669056,5.064346560102725,5.156792907555605,5.316031289232128,5.319818262175164,5.064353794659324,3420.381660809653,3019.698200281709,7669.249809812754,8386.018951633017,2348.953125,256.0,a6
lfm25,66,cap24_chunk8192_pollpm_mem0.85,24,8192,lpm,0.85,0,shared_prefix,1,128,128,0,9.010733886156231,14.205280237679045,33367.53740579693,3636.551740845835,37004.08914664277,2257.704730334808,1669.5264123845843,6646.657674014568,7677.603969415655,5.117248925910328,5.239122529861097,5.33152936592552,5.795960063863472,5.117359238066652,3562.3115010894253,3010.2024297229946,7985.394789185375,8713.470981796276,2348.953125,256.0,a6
lfm25,66,cap24_chunk8192_pollpm_mem0.85,24,8192,lpm,0.85,0,shared_prefix,2,128,128,0,8.623976927250624,14.84234026595514,34863.96155002865,3799.639108084516,38663.600658113166,2089.334183754545,1648.999952012673,6257.241306221113,7288.053496652288,5.08110346701821,5.22415265532247,5.272697130145104,5.274045013201733,5.081044909546973,3383.9685484417714,2972.517560236156,7588.694767304696,8329.182061981413,2348.953125,256.0,a6
lfm25,66,cap24_chunk8192_pollpm_mem0.85,24,8192,lpm,0.85,0,shared_prefix,3,128,128,0,8.441882038954645,15.16249568631146,35615.99162516032,3881.5988956957335,39497.59052085606,2043.5072261570892,1632.528451969847,6141.689446219243,7145.303767765878,5.02065973729562,5.175727524970636,5.279527901142251,5.280808981508017,5.020566671144113,3322.692701516644,2947.3207774572074,7452.502536051907,8153.354030461054,2348.953125,256.0,a6
lfm25,66,cap24_chunk8192_pollpm_mem0.85,24,8192,lpm,0.85,0,shared_prefix,4,128,128,0,8.34356542211026,15.3411633425685,36035.67357466173,3927.337815697536,39963.01139035927,2057.130508950649,1644.5190387312325,6175.766210607253,7155.900352746254,5.010418087422101,5.189240805614065,5.312276686833916,5.313299539206805,5.010301304270518,3333.622195150383,2942.6813926547766,7450.060808425769,8092.301165228713,2348.953125,256.0,a6
lfm25,66,cap24_chunk8192_pollpm_mem0.85,24,8192,lpm,0.85,0,R_concurrent_decode,0,32,32,0,2.331338365096599,13.726021275626406,2745.204255125281,3513.86144656036,6259.065701685641,429.9088919360656,120.29759050346912,1364.5128713920712,1364.812583848834,4.501789945631982,4.7566012068487264,4.761625515735325,4.8481673954931255,4.501789945631981,1577.865328072221,1333.2595778629184,2313.2041529519483,2313.487989534624,200.0,256.0,a6
lfm25,66,cap24_chunk8192_pollpm_mem0.85,24,8192,lpm,0.85,0,R_concurrent_decode,1,32,32,0,2.351356292143464,13.609166805949789,2721.833361189957,3483.946702323145,6205.780063513103,413.2359596842434,105.25642847642304,1340.152559010312,1340.3981274040416,4.516239761427392,4.723931106683963,4.727079741675041,4.766674502515325,4.516239761427392,1564.8770988482283,1310.153482714668,2330.4861075710505,2330.91690805275,200.0,256.0,a6
lfm25,66,cap24_chunk8192_pollpm_mem0.85,24,8192,lpm,0.85,0,R_concurrent_decode,2,32,32,0,2.346152842976153,13.639350094262063,2727.8700188524126,3491.673624131088,6219.543642983501,423.31709814607166,113.75971301458776,1357.3962988331914,1357.7111859200522,4.514000282848857,4.756678990544934,4.761726273789856,4.845025275085195,4.514000282848856,1574.38717027253,1327.2726086433977,2318.809639895335,2319.04374522157,200.0,256.0,a6
lfm25,66,cap24_chunk8192_pollpm_mem0.85,24,8192,lpm,0.85,0,R_concurrent_decode,3,32,32,0,2.3320069680921733,13.722085927633124,2744.417185526625,3512.85399747408,6257.271183000705,432.1959420776693,123.11360891908409,1366.140757361427,1366.3388651190326,4.493482364626948,4.746148712458272,4.75213734926108,4.850720137156839,4.493482364626948,1578.0339450575411,1333.4669878240677,2314.996888116002,2315.262752776034,200.0,256.0,a6
lfm25,66,cap24_chunk8192_pollpm_mem0.85,24,8192,lpm,0.85,0,R_concurrent_decode,4,32,32,0,2.3768149549141526,13.46339559747334,2692.679119494668,3446.629272953175,6139.308392447843,441.9292830716586,135.91066538356245,1366.3552704267204,1366.4890241064131,4.50616750304642,4.704434611816325,4.708472743959111,4.822966830841467,4.50616750304642,1591.0019963484956,1336.2864600494504,2357.6122439233586,2357.666830071248,200.0,256.0,a6
lfm25,78,cap32_chunk-1_polfcfs_mem0.85,32,-1,fcfs,0.85,0,tool_agent,0,200,200,0,38.07026111101732,5.25344439894375,14008.572162003458,1089.1178255670236,15097.68998757048,319.4584608124569,323.83107184432447,531.5426598070189,551.3367383228615,7.524590745954237,3.2911185968529293,34.22025041654703,100.40966372936964,3.1762917672241624,906.2307204306126,542.7879740018398,2086.221981770359,2621.6980983223707,2666.55,207.315,a6
lfm25,78,cap32_chunk-1_polfcfs_mem0.85,32,-1,fcfs,0.85,0,tool_agent,1,200,200,0,38.07298067910597,5.253069143329716,14007.571524145853,1089.0400294494,15096.611553595254,312.0984090748243,312.23437399603426,524.586398829706,531.0632760776207,7.314689132573197,3.2418741132406628,36.79325841367244,97.73118244484068,3.132305390676976,890.7291838945821,496.06831185519695,2077.937197010033,2546.961887986396,2666.55,207.315,a6
lfm25,78,cap32_chunk-1_polfcfs_mem0.85,32,-1,fcfs,0.85,0,tool_agent,2,200,200,0,38.08069110708311,5.25200552263085,14004.735326371292,1088.8195249242146,15093.554851295508,311.02184750838205,306.8953270558268,520.2435358660296,529.6018532617018,7.322364447596047,3.292348887771368,37.05437467433512,97.06150458194315,3.131179158099749,889.4602292799391,495.6024128478021,2077.55257030949,2528.9716920955066,2666.55,207.315,a6
lfm25,78,cap32_chunk-1_polfcfs_mem0.85,32,-1,fcfs,0.85,0,tool_agent,3,200,200,0,38.02480443008244,5.259724619169235,14025.318683245723,1090.41980942307,15115.738492668794,314.5358620607294,309.5982619561255,531.307348026894,535.1299628941342,7.348252995955877,3.2932551444641183,37.86923908628523,97.43564778007568,3.121913381331066,891.2469209940173,502.7187874075025,2080.879887845367,2545.059553864408,2666.55,207.315,a6
lfm25,78,cap32_chunk-1_polfcfs_mem0.85,32,-1,fcfs,0.85,0,tool_agent,4,200,200,0,38.090926439967006,5.250594267251779,14000.972143340232,1088.5269505153026,15089.499093855537,314.34623560868204,322.0371489878744,527.8543186374009,531.488410285674,7.3884097982780546,3.31528961065818,37.46291408315301,99.23846785910428,3.135076745356325,893.4889627783559,493.58674697577953,2077.7973441639915,2531.842343197198,2666.55,207.315,a6
lfm25,78,cap32_chunk-1_polfcfs_mem0.85,32,-1,fcfs,0.85,0,R_long_prefill,0,4,4,0,0.3293766099959612,12.144153162694364,48576.61265077745,388.6129012062197,48965.22555198368,217.65148104168475,218.39721826836467,218.83471759501845,218.88035364914683,3.275511786341667,3.2435978252080178,3.3537851233455926,3.3692413401759924,3.275511786341667,319.19234641827643,319.2353826016188,319.4828694453463,319.4853676436469,4000.0,32.0,a6
lfm25,78,cap32_chunk-1_polfcfs_mem0.85,32,-1,fcfs,0.85,0,R_long_prefill,1,4,4,0,0.3249761238694191,12.308596558949874,49234.386235799495,393.875089886396,49628.26132568589,217.135998304002,217.68042724579573,218.0303096305579,218.0589177366346,3.230605372077515,3.2048550689773214,3.3023473123208644,3.3158252269570383,3.230605372077515,317.2847648384049,317.152997944504,317.8964256308973,317.98896899446845,4000.0,32.0,a6
lfm25,78,cap32_chunk-1_polfcfs_mem0.85,32,-1,fcfs,0.85,0,R_long_prefill,2,4,4,0,0.3298480352386832,12.1267965022303,48507.18600892119,388.0574880713696,48895.24349699257,221.44499991554767,222.05631318502128,222.49591555446383,222.54109647125009,3.2316568840835846,3.2038103954325763,3.308922731347623,3.3235870457945333,3.231656884083584,321.6263633221388,321.5626892633736,322.1956647699699,322.24699571263045,4000.0,32.0,a6
lfm25,78,cap32_chunk-1_polfcfs_mem0.85,32,-1,fcfs,0.85,0,R_long_prefill,3,4,4,0,0.3350706011988222,11.937782621598911,47751.13048639565,382.0090438911652,48133.13953028681,220.49666428938508,220.50648415461183,220.9921422880143,221.04646674357355,3.304594252709179,3.2718810478165263,3.3927873610669086,3.4094162187689254,3.304594252709179,322.93908612336963,322.1611485350877,325.262010213919,325.6399359786883,4000.0,32.0,a6
lfm25,78,cap32_chunk-1_polfcfs_mem0.85,32,-1,fcfs,0.85,0,R_long_prefill,4,4,4,0,0.3309135092422366,12.087750690987669,48351.00276395067,386.8080221116054,48737.81078606229,219.99252156820148,220.58538300916555,220.98389577586204,221.01995857898143,3.262349415660626,3.233932266612688,3.3395861012620798,3.354139105837432,3.2623494156606254,321.1253534536809,321.0127130150795,321.7412308556959,321.8374014040455,4000.0,32.0,a6
lfm25,78,cap32_chunk-1_polfcfs_mem0.85,32,-1,fcfs,0.85,0,R_concurrent_decode,0,32,32,0,1.4680716879665852,21.7973006783633,4359.46013567266,5580.108973661005,9939.569109333665,133.5113905952312,134.61000402458012,136.4386908011511,136.56564407981932,5.170960732799608,5.168447845305006,5.171371752889279,5.269604324892748,5.170960732799608,1452.1063774591312,1452.1312124561518,1454.8570978688076,1455.860081827268,200.0,256.0,a6
lfm25,78,cap32_chunk-1_polfcfs_mem0.85,32,-1,fcfs,0.85,0,R_concurrent_decode,1,32,32,0,1.4725141250528395,21.73154026542986,4346.308053085972,5563.274307950044,9909.582361036017,136.0394892981276,136.93158654496074,139.91087153553963,140.05046667531133,5.177591842948459,5.177185950143372,5.180363384367642,5.289713534453482,5.177591842948459,1456.325409249985,1456.502276472747,1458.903781278059,1459.0564469620583,200.0,256.0,a6
lfm25,78,cap32_chunk-1_polfcfs_mem0.85,32,-1,fcfs,0.85,0,R_concurrent_decode,2,32,32,0,1.4699317030608654,21.76971891508008,4353.943783016017,5573.048042260501,9926.991825276518,138.25216722034384,139.574374537915,141.40239362604916,141.76285027060658,5.166729703127845,5.164584281909115,5.167221168384833,5.267885025024561,5.166729703127845,1455.7682415179445,1455.9111269190907,1458.6972828721628,1459.2568238824606,200.0,256.0,a6
lfm25,78,cap32_chunk-1_polfcfs_mem0.85,32,-1,fcfs,0.85,0,R_concurrent_decode,3,32,32,0,1.469091705046594,21.782166416210945,4356.43328324219,5576.234602550002,9932.66788579219,134.65315059875138,135.50576986745,138.44129461795092,138.72418369166553,5.174417951710376,5.172570583903614,5.178729163154083,5.289269320045909,5.174417951710376,1454.1297282848973,1454.2594980448484,1457.2553317761049,1457.64701991342,200.0,256.0,a6
lfm25,78,cap32_chunk-1_polfcfs_mem0.85,32,-1,fcfs,0.85,0,R_concurrent_decode,4,32,32,0,1.4714640625752509,21.747048272450428,4349.409654490086,5567.24435774731,9916.654012237395,138.74593409127556,139.90449020639062,141.9976772973314,142.12067477870733,5.171928316407253,5.168553272846575,5.174457185043424,5.2919601154166696,5.171928316407253,1457.587654775125,1457.3893228080124,1460.1355177583173,1461.1769232526422,200.0,256.0,a6
lfm25,78,cap32_chunk-1_polfcfs_mem0.85,32,-1,fcfs,0.85,0,R_short_decode,0,8,8,0,4.7812679768539965,1.6731963233869778,167.31963233869777,428.3382587870663,595.6578911257641,27.18684123829007,26.65532450191677,30.613446305505928,32.01387406792492,2.2320174037460387,2.2309578818214293,2.240396029954241,2.24243396675454,2.2320156147801278,596.071821055375,595.0550423003733,599.722028337419,600.9111863747239,100.0,256.0,a6
lfm25,78,cap32_chunk-1_polfcfs_mem0.85,32,-1,fcfs,0.85,0,R_short_decode,1,8,8,0,4.770734908990562,1.6768904901682573,167.68904901682572,429.2839654830738,596.9730144998996,25.882780377287418,25.480065029114485,27.89263934828341,28.17710143513977,2.231138492602073,2.2307480055400557,2.234916713460662,2.235754772385268,2.231136125856357,594.5436004549265,594.3333029281348,596.6330882161856,596.6385711729527,100.0,256.0,a6
lfm25,78,cap32_chunk-1_polfcfs_mem0.85,32,-1,fcfs,0.85,0,R_short_decode,2,8,8,0,4.816766319796443,1.660865291953395,166.08652919533952,425.18151474006913,591.2680439354086,25.72648919885978,25.892737554386255,26.637743785977364,26.70683853328228,2.2550940160940893,2.23061291902673,2.358509440422423,2.412165131830774,2.255104385113573,600.4962193546817,594.2503628320992,627.7120374375954,641.7398244189098,100.0,256.0,a6
lfm25,78,cap32_chunk-1_polfcfs_mem0.85,32,-1,fcfs,0.85,0,R_short_decode,3,8,8,0,4.770403274800628,1.677007066102676,167.70070661026762,429.3138089222851,597.0145155325527,26.008646294940263,25.93587222509086,26.904985611326996,26.943193809129298,2.231171673225385,2.2306072142194298,2.2340897644366864,2.234807401613984,2.2311698021426567,594.67804961605,594.7215687483549,595.9243568358943,595.9315560525283,100.0,256.0,a6
lfm25,78,cap32_chunk-1_polfcfs_mem0.85,32,-1,fcfs,0.85,0,R_short_decode,4,8,8,0,4.763478076085448,1.6794451180878058,167.9445118087806,429.9379502304783,597.8824620392589,25.038775173015893,25.100138736888766,26.090270979329944,26.10201111994684,2.2310920926361284,2.2305882672834043,2.234495765808452,2.2355278807699994,2.2310897906170637,593.6877855565399,593.5991797596216,594.8981806868687,594.9246703879908,100.0,256.0,a6
lfm25,78,cap32_chunk-1_polfcfs_mem0.85,32,-1,fcfs,0.85,0,shared_prefix,0,128,128,0,8.87272151792422,14.42623886497744,33886.55886388521,3693.1171494342248,37579.67601331943,2259.2095636646263,2709.7028270363808,3064.5274344133213,3066.1625883355737,6.33734689990353,6.221847326549537,7.611060247062614,7.658447979292011,6.33734689990353,3875.2330231400265,4381.461057113484,4439.02702992782,4440.307372277603,2348.953125,256.0,a6
lfm25,78,cap32_chunk-1_polfcfs_mem0.85,32,-1,fcfs,0.85,0,shared_prefix,1,128,128,0,9.254370372742414,13.83130292440077,32489.082227092826,3540.813548646597,36029.895775739424,2414.289946340432,2736.6549142170697,3385.0971878971905,3389.191594193689,6.433889177255575,6.399206982414221,7.674036173003853,8.474920477115495,6.433940509077343,4054.8945109949273,4398.323969915509,4820.009692804888,4821.254621888511,2348.953125,256.0,a6
lfm25,78,cap32_chunk-1_polfcfs_mem0.85,32,-1,fcfs,0.85,0,shared_prefix,2,128,128,0,8.891966990195215,14.395015202051471,33813.21594328131,3685.123891725177,37498.33983500649,2269.06980406784,2710.50086338073,3067.9262193618342,3069.5163450483237,6.331483430189752,6.214990319830237,7.60063653656592,7.682116865253477,6.331483430189752,3883.5980787662265,4379.576066508889,4458.027007663623,4459.421660657972,2348.953125,256.0,a6
lfm25,78,cap32_chunk-1_polfcfs_mem0.85,32,-1,fcfs,0.85,0,shared_prefix,3,128,128,0,8.891897482797503,14.395127726970776,33813.48025904215,3685.152698104519,37498.63295714667,2268.516352025472,2713.7168075423688,3065.8812805777416,3067.845048364252,6.334631880086175,6.227459011635944,7.607134113216079,7.654214515624678,6.334631880086175,3883.847481447447,4383.340019732714,4457.423496292904,4458.347958303057,2348.953125,256.0,a6
lfm25,78,cap32_chunk-1_polfcfs_mem0.85,32,-1,fcfs,0.85,0,shared_prefix,4,128,128,0,8.895889967214316,14.388667179084084,33798.30473489449,3683.498797845525,37481.803532740014,2266.977332623356,2710.0561822298914,3062.362373084761,3064.1476539336145,6.336473262447672,6.2291200674485925,7.608024605787268,7.642756050123888,6.336473262447671,3882.778014547512,4383.323376532644,4456.086110090837,4456.669983910397,2348.953125,256.0,a6
lfm25,78,cap32_chunk-1_polfcfs_mem0.85,32,-1,fcfs,0.85,0,R_medium_balanced,0,16,16,0,2.2830400159582496,7.008199544537723,5606.5596356301785,1794.099083401657,7400.658719031835,94.45663107908332,94.5674953982234,97.8324938332662,98.09649779926986,4.072891387006487,4.080456192148667,4.146083983976175,4.15808675755911,4.072891387006487,1133.0439347657375,1134.7394199110568,1148.8920433912426,1148.9950966555623,800.0,256.0,a6
lfm25,78,cap32_chunk-1_polfcfs_mem0.85,32,-1,fcfs,0.85,0,R_medium_balanced,1,16,16,0,2.27264164108783,7.04026526256088,5632.212210048704,1802.3079072155847,7434.520117264289,91.6769499599468,91.6481630410999,93.44273630995303,93.6483513796702,4.065252878753396,4.073504476314959,4.14370974416242,4.155883427490206,4.065252878753396,1128.3164340420626,1129.9596924800426,1147.1457011066375,1147.4107380025089,800.0,256.0,a6
lfm25,78,cap32_chunk-1_polfcfs_mem0.85,32,-1,fcfs,0.85,0,R_medium_balanced,2,16,16,0,2.279047437012196,7.020476950219084,5616.381560175268,1797.2420992560856,7413.623659431353,93.87344820424914,93.34221039898694,101.79449513088912,101.87089757528156,4.0689843963585135,4.078729546574109,4.150556483050334,4.164897953342719,4.068984396358514,1131.46446927567,1132.8888633288443,1147.9658135212958,1148.3475689776242,800.0,256.0,a6
lfm25,78,cap32_chunk-1_polfcfs_mem0.85,32,-1,fcfs,0.85,0,R_medium_balanced,3,16,16,0,2.276897381991148,7.027106327474447,5621.685061979558,1798.9392198334583,7420.624281813017,94.10441530053504,94.59486603736876,95.5192360561341,95.58440311811864,4.070545798829556,4.079485628936514,4.147518509724999,4.161717785686692,4.070545798829556,1132.0935940020718,1132.2425992693752,1151.0638063773513,1151.4013869687917,800.0,256.0,a6
lfm25,78,cap32_chunk-1_polfcfs_mem0.85,32,-1,fcfs,0.85,0,R_medium_balanced,4,16,16,0,2.2693706885911524,7.050412733555203,5640.330186844162,1804.905659790132,7445.235846634294,92.04582311213017,92.23631490021944,93.43033982440828,93.48697690293191,4.057664702208164,4.066338202934347,4.134093508051306,4.147476771225532,4.057664702208164,1126.7503221752122,1126.6821229364723,1146.3147825561464,1148.6569891683755,800.0,256.0,a6
lfm25,100,cap48_chunk-1_polfcfs_mem0.75,48,-1,fcfs,0.75,0,shared_prefix,0,128,128,0,8.365896769799292,15.300212699501296,35939.48243365825,3916.854451072332,39856.33688473059,1543.088991631521,1063.581159338355,3606.2458590138704,3662.6621011272073,8.133334131393806,7.886980647476864,10.733848238071683,10.832302489464045,8.133334131393804,3617.089195136941,3134.525678353384,6133.565986528993,6154.0290107904,2348.953125,256.0,a6
lfm25,100,cap48_chunk-1_polfcfs_mem0.75,48,-1,fcfs,0.75,0,shared_prefix,1,128,128,0,8.290890506003052,15.4386310984714,36264.620764476575,3952.289561208679,40216.91032568525,1514.6341860381654,1019.583530491218,3595.0991057790816,3613.878890979104,8.110054261416343,7.795140126208756,10.693277504258589,10.727219080077663,8.110054261416344,3582.698022699333,3071.3278464972973,6072.030970221385,6084.430722319521,2348.953125,256.0,a6
lfm25,100,cap48_chunk-1_polfcfs_mem0.75,48,-1,fcfs,0.75,0,shared_prefix,2,128,128,0,8.319328701123595,15.385856791872223,36140.656392070734,3938.7793387192896,40079.43573079003,1522.4377186641505,1017.391235101968,3592.3624050803483,3635.369858830236,8.134472672214079,7.881361961036044,10.718622251742463,10.834483535759444,8.134472672214079,3596.7282500787405,3104.5734714716677,6096.695873374119,6111.038621664047,2348.953125,256.0,a6
lfm25,100,cap48_chunk-1_polfcfs_mem0.75,48,-1,fcfs,0.75,0,shared_prefix,3,128,128,0,8.307490940671414,15.407780870797437,36192.15502577485,3944.3919029241433,40136.546928699,1524.3572295221384,1023.5091790091246,3511.7590779671445,3618.6491956887767,8.097513788408262,7.793102247238743,10.7057466664735,10.742799966303886,8.09751378840826,3589.223245566245,3079.1494124569,6080.657937237993,6094.812401230447,2348.953125,256.0,a6
lfm25,100,cap48_chunk-1_polfcfs_mem0.75,48,-1,fcfs,0.75,0,shared_prefix,4,128,128,0,8.30938863568008,15.404262047676372,36183.88947520832,3943.4910842051513,40127.38055941347,1521.5528478838678,1042.981987586245,3602.4393433937803,3633.364928034134,8.127203343767677,7.876048613266619,10.746303648121804,10.827548329170574,8.127203343767677,3593.989700544625,3087.2995185200125,6094.501611427404,6106.799041330814,2348.953125,256.0,a6
lfm25,100,cap48_chunk-1_polfcfs_mem0.75,48,-1,fcfs,0.75,0,tool_agent,0,200,200,0,38.06868898496032,5.253661350907393,14009.150675262108,1089.1628029633662,15098.313478225477,317.69302031956613,309.3314424622804,535.8055990887806,542.5909208599478,7.416141255316499,3.312773758634215,38.035415438935146,100.81679267808796,3.1813111710718323,905.3766329516656,502.54121515899897,2121.7600450618197,2551.973416334943,2666.55,207.315,a6
lfm25,100,cap48_chunk-1_polfcfs_mem0.75,48,-1,fcfs,0.75,0,tool_agent,1,200,200,0,38.07467052526772,5.252835999388959,14006.949834170628,1088.991695213322,15095.94152938395,314.58342452999204,309.04825264588,526.8707600189373,531.2343321088701,7.347756559276465,3.2707846639309563,37.43736096657811,98.3461577259004,3.12878394665086,892.5636829948053,498.594741569832,2079.40000675153,2547.1495829243177,2666.55,207.315,a6
lfm25,100,cap48_chunk-1_polfcfs_mem0.75,48,-1,fcfs,0.75,0,tool_agent,2,200,200,0,38.07103204494342,5.253338017311877,14008.288490062983,1089.0957710590117,15097.384261121995,313.4693279978819,310.72094943374395,525.5094247171655,528.9176340959966,7.381582685977939,3.260001166546274,37.397540546953664,99.28101509809494,3.1521999936639684,895.7909938273951,499.01278666220605,2093.34149309434,2596.4017847040614,2666.55,207.315,a6
lfm25,100,cap48_chunk-1_polfcfs_mem0.75,48,-1,fcfs,0.75,0,tool_agent,3,200,200,0,38.07986473292112,5.252119496818861,14005.039244242334,1088.8431534830022,15093.882397725338,316.21897533303127,318.2438288349658,523.0366815347224,537.3346645897254,7.394183207383231,3.348524326342761,38.16258916631341,97.2850557602942,3.162063650234022,900.3469934407622,499.973407946527,2081.9491312606256,2519.6159105142506,2666.55,207.315,a6
lfm25,100,cap48_chunk-1_polfcfs_mem0.75,48,-1,fcfs,0.75,0,tool_agent,4,200,200,0,38.0803057490848,5.252058670899896,14004.877048888118,1088.830543357612,15093.707592245732,314.42002944648266,310.6358046643436,527.5304797571152,530.2361830882728,7.483038717326206,3.326798151982458,37.993188854306936,98.56490209698676,3.1676037223007856,899.5873030857183,497.6566624827683,2095.4285033745687,2519.96170872356,2666.55,207.315,a6
lfm25,100,cap48_chunk-1_polfcfs_mem0.75,48,-1,fcfs,0.75,0,R_medium_balanced,0,16,16,0,2.318742934148758,6.900290568809351,5520.2324550474805,1766.4743856151938,7286.706840662674,102.02303942060098,102.3796119261533,103.64796337671578,103.88135747052728,4.115306002352679,4.122647493347233,4.267413712417087,4.279769060621951,4.115306002352678,1151.426070020534,1152.087193215266,1190.3496916638687,1190.9707160899416,800.0,256.0,a6
lfm25,100,cap48_chunk-1_polfcfs_mem0.75,48,-1,fcfs,0.75,0,R_medium_balanced,1,16,16,0,2.317779023200273,6.9031602408360735,5522.528192668859,1767.2090216540348,7289.737214322894,102.193550177617,102.58235852234066,103.8652203278616,103.97401771042496,4.115659149030369,4.124260400695835,4.270781664287343,4.284223006928668,4.115659149030369,1151.6866331803612,1152.0364738535136,1190.580218215473,1191.0417070845142,800.0,256.0,a6
lfm25,100,cap48_chunk-1_polfcfs_mem0.75,48,-1,fcfs,0.75,0,R_medium_balanced,2,16,16,0,2.351344550028444,6.80461738361843,5443.693906894744,1741.982050206318,7185.675957101062,114.05954780639148,104.73910253494978,129.98658348806202,130.04299202002585,4.127032857150862,4.125832331677279,4.306124900832918,4.377786319465468,4.127032857150862,1166.4529263798613,1166.795128956437,1218.5238503152505,1218.77939470578,800.0,256.0,a6
lfm25,100,cap48_chunk-1_polfcfs_mem0.75,48,-1,fcfs,0.75,0,R_medium_balanced,3,16,16,0,2.3270421461202204,6.8756812276374655,5500.544982109973,1760.1743942751912,7260.719376385164,105.82677656202576,105.85816111415625,108.04389882832766,108.1467693671584,4.120768956022848,4.128607461119399,4.266271843374068,4.280212210564344,4.120768956022848,1156.622860347852,1157.0490705780685,1192.4628084525466,1192.6164185628295,800.0,256.0,a6
lfm25,100,cap48_chunk-1_polfcfs_mem0.75,48,-1,fcfs,0.75,0,R_medium_balanced,4,16,16,0,2.3212048108689487,6.8929721001269,5514.377680101519,1764.6008576324864,7278.978537734006,102.57756823557428,102.86041721701622,103.68609835859388,103.8364828331396,4.118493686466678,4.125276115704693,4.27140608731219,4.28055846488432,4.118493686466679,1152.7934582845774,1153.0030351132154,1191.6833424475044,1191.9415592681617,800.0,256.0,a6
lfm25,100,cap48_chunk-1_polfcfs_mem0.75,48,-1,fcfs,0.75,0,R_short_decode,0,8,8,0,4.78201040904969,1.6729365508825416,167.29365508825416,428.2717570259306,595.5654121141848,27.24045334616676,27.11477014236152,28.315007127821445,28.442113362252712,2.22885872315336,2.228361419310757,2.232553043420489,2.233488337498219,2.2288563379459725,595.3202124801464,595.4505086410791,596.3206905638799,596.3614989025518,100.0,256.0,a6
lfm25,100,cap48_chunk-1_polfcfs_mem0.75,48,-1,fcfs,0.75,0,R_short_decode,1,8,8,0,4.78209979319945,1.6729052813529062,167.29052813529063,428.263752026344,595.5542801616346,26.64173487573862,26.28939226269722,28.92256160266697,29.437498757615685,2.233052168733849,2.232641860952272,2.2354957177168573,2.235911525030095,2.233050715419417,595.7905359682627,595.4407847020775,598.502042517066,598.9197188615799,100.0,256.0,a6
lfm25,100,cap48_chunk-1_polfcfs_mem0.75,48,-1,fcfs,0.75,0,R_short_decode,2,8,8,0,4.785536073613912,1.6717040425438918,167.17040425438918,427.9562348912363,595.1266391456255,27.436644537374377,27.35665487125516,28.91580183058977,29.120767824351788,2.2323758616746283,2.2325381755317544,2.2360543252289715,2.236792133250273,2.232373605311911,596.4128671912476,596.4743164367974,598.0906970333308,598.4993588086218,100.0,256.0,a6
lfm25,100,cap48_chunk-1_polfcfs_mem0.75,48,-1,fcfs,0.75,0,R_short_decode,3,8,8,0,4.800305329728872,1.666560656143065,166.6560656143065,426.6395279726247,593.2955935869311,28.01694464869797,27.51482487656176,30.80257698893547,30.83211913704872,2.236255765126528,2.2337039969131056,2.2495740791027843,2.2519365443117767,2.236247785040463,597.980598860886,597.2764072939754,602.0017138216645,602.701059402898,100.0,256.0,a6
lfm25,100,cap48_chunk-1_polfcfs_mem0.75,48,-1,fcfs,0.75,0,R_short_decode,4,8,8,0,4.783507709857076,1.6724128997461212,167.2412899746121,428.137702335007,595.3789923096191,29.587806027848277,26.984268566593528,42.259843857027576,47.93440696317702,2.2221417602809685,2.2316326085916334,2.2359096294811627,2.2369403477875505,2.2221683319822554,595.6851886003278,595.6413587555289,597.6011232938617,598.2056021969765,100.0,256.0,a6
lfm25,100,cap48_chunk-1_polfcfs_mem0.75,48,-1,fcfs,0.75,0,R_long_prefill,0,4,4,0,0.3220017058774829,12.422294438160348,49689.17775264139,397.51342202113113,50086.69117466253,207.57026330102235,208.31517851911485,208.7473574560136,208.7834947463125,3.203404635461348,3.170028381470231,3.292800286304085,3.3098671642402486,3.2034046354613475,306.87580700032413,306.91283685155213,307.50763213727623,307.5785804213956,4000.0,32.0,a6
lfm25,100,cap48_chunk-1_polfcfs_mem0.75,48,-1,fcfs,0.75,0,R_long_prefill,1,4,4,0,0.3139694919809699,12.740091321491978,50960.36528596791,407.6829222877433,51368.048208255655,204.97131650336087,205.719392048195,206.16980325430632,206.21531207114455,3.204851854412305,3.169902179750704,3.297016618683213,3.314817515201866,3.204851854412305,304.32172399014235,304.17597969062626,305.02834231592715,305.0993425119668,4000.0,32.0,a6
lfm25,100,cap48_chunk-1_polfcfs_mem0.75,48,-1,fcfs,0.75,0,R_long_prefill,2,4,4,0,0.3164641819894314,12.63966106639387,50558.64426557548,404.4691541246039,50963.11341970009,206.69765246566385,207.39029976539317,207.72121257614344,207.75010616984216,3.213272249746707,3.183172001773792,3.2875651651392537,3.3021834872723104,3.213272249746707,306.3090922078118,306.2670389190316,306.6784283844754,306.72261436935514,4000.0,32.0,a6
lfm25,100,cap48_chunk-1_polfcfs_mem0.75,48,-1,fcfs,0.75,0,R_long_prefill,3,4,4,0,0.3073058691807091,13.016347558425014,52065.390233700055,416.52312186960046,52481.91335556965,201.12317777238783,201.60527992993596,201.90468677319583,201.9317926187068,3.1552273637404844,3.130253667252198,3.2198277444789007,3.2320774921907054,3.1552273637404844,298.9352260483429,298.7426458857953,299.51123651117086,299.60858326405287,4000.0,32.0,a6
lfm25,100,cap48_chunk-1_polfcfs_mem0.75,48,-1,fcfs,0.75,0,R_long_prefill,4,4,4,0,0.3123811557888984,12.80486971084494,51219.47884337975,409.755830747038,51629.23467412679,204.5814509037882,205.14682889916003,205.5551200406626,205.59742814395577,3.177509027262849,3.151955173140572,3.247365922546915,3.26076167290129,3.177509027262849,303.08423074893653,303.03372303023934,303.56518900953233,303.60229345969856,4000.0,32.0,a6
lfm25,100,cap48_chunk-1_polfcfs_mem0.75,48,-1,fcfs,0.75,0,R_concurrent_decode,0,32,32,0,1.4396569659002123,22.227517219694423,4445.503443938885,5690.244408241772,10135.747852180655,134.25064767943695,135.26549120433629,137.84115619491786,137.97031546477228,5.066057053387768,5.064656782676192,5.070373241004406,5.186016468258173,5.066057053387768,1426.0951962933177,1426.192532060668,1428.3740303944796,1429.7300086775797,200.0,256.0,a6
lfm25,100,cap48_chunk-1_polfcfs_mem0.75,48,-1,fcfs,0.75,0,R_concurrent_decode,1,32,32,0,1.4342858898453414,22.310754241227706,4462.15084824554,5711.553085754292,10173.703933999832,128.978958906373,130.0615998916328,132.64105806592852,132.74245792534202,5.0579750939505175,5.058609329017938,5.06217819172889,5.175131141500292,5.0579750939505175,1418.762607863755,1419.325562659651,1421.2482512695717,1421.6686211433262,200.0,256.0,a6
lfm25,100,cap48_chunk-1_polfcfs_mem0.75,48,-1,fcfs,0.75,0,R_concurrent_decode,2,32,32,0,1.4343730211257937,22.309398969930587,4461.879793986117,5711.20613630223,10173.085930288347,123.52697693859228,124.25332958810031,127.22337539307772,127.32978817075492,5.091135377434137,5.091005365601649,5.094339203765141,5.202321991616604,5.091135377434137,1421.7664981842972,1421.619278145954,1424.1676047910005,1424.708651411347,200.0,256.0,a6
lfm25,100,cap48_chunk-1_polfcfs_mem0.75,48,-1,fcfs,0.75,0,R_concurrent_decode,3,32,32,0,1.4340049610473216,22.31512503041056,4463.025006082111,5712.672007785102,10175.697013867211,129.75321937119588,131.5044069197029,133.47813477739692,133.65440105553716,5.0510153070539605,5.04084860029466,5.106464031006337,5.108292172863788,5.0510153070539605,1417.7621226699555,1417.6560081541538,1420.6969243008643,1421.3272327696905,200.0,256.0,a6
lfm25,100,cap48_chunk-1_polfcfs_mem0.75,48,-1,fcfs,0.75,0,R_concurrent_decode,4,32,32,0,1.426794399973005,22.427898511940786,4485.579702388156,5741.54201905684,10227.121721444995,123.1877903046552,123.73159802518784,127.7859415858984,127.89729829877616,5.061905843881416,5.063337030108361,5.069599733414019,5.18839994785102,5.061905843881416,1413.973780494416,1413.926362292841,1416.196622652933,1417.4371951119974,200.0,256.0,a6
lfm25,125,cap64_chunk-1_polfcfs_mem0.8,64,-1,fcfs,0.8,0,R_short_decode,0,8,8,0,4.754752242937684,1.68252720462618,168.252720462618,430.7269643843021,598.97968484692,24.516739358659837,23.66052567958832,29.138096608221527,30.67381214350462,2.227788839776225,2.227413755677202,2.231986241581795,2.233527938430125,2.2277858360867366,592.3236543312669,591.3674982730299,596.8136480543762,598.1849210429937,100.0,256.0,a6
lfm25,125,cap64_chunk-1_polfcfs_mem0.8,64,-1,fcfs,0.8,0,R_short_decode,1,8,8,0,4.742719797883183,1.686795834653913,168.6795834653913,431.8197336714017,600.4993171367929,23.58325698878616,23.56209210120141,24.2009783629328,24.220565082505345,2.227738918453492,2.227082094360216,2.2312634052852967,2.232035688739368,2.227736716471565,591.3776525994763,591.3796927779913,591.9672696152702,591.9869005354121,100.0,256.0,a6
lfm25,125,cap64_chunk-1_polfcfs_mem0.8,64,-1,fcfs,0.8,0,R_short_decode,2,8,8,0,4.744787483941764,1.6860607618518555,168.60607618518557,431.6315550340751,600.2376312192607,23.922841588500887,23.71131721884012,25.25428591761738,25.42810980696231,2.228182354023043,2.227928637362578,2.231004769448766,2.231954566978297,2.228180387538327,591.8303178623319,591.8342017102987,592.9007670842111,593.2954179309309,100.0,256.0,a6
lfm25,125,cap64_chunk-1_polfcfs_mem0.8,64,-1,fcfs,0.8,0,R_short_decode,3,8,8,0,4.751557524781674,1.6836584547858515,168.3658454785852,431.0165644251781,599.3824099037632,24.48145439848304,23.72277225367725,27.97985849902033,29.58702301606536,2.2288015713822915,2.2287761290356807,2.2313800254049867,2.232182978397911,2.228799814567547,592.5468071363866,592.0233512297273,596.1776504758745,597.8705893922597,100.0,256.0,a6
lfm25,125,cap64_chunk-1_polfcfs_mem0.8,64,-1,fcfs,0.8,0,R_short_decode,4,8,8,0,4.739997533150017,1.6877645914476906,168.77645914476906,432.0677354106088,600.8441945553778,23.276702442672104,23.243709933012724,24.376421491615474,24.71891553606838,2.228132735026965,2.227801477134812,2.231146790237411,2.2317195168461392,2.228130905716778,591.171567037236,591.1009011324495,591.7997480835766,591.8437225650996,100.0,256.0,a6
lfm25,125,cap64_chunk-1_polfcfs_mem0.8,64,-1,fcfs,0.8,0,R_medium_balanced,0,16,16,0,2.247185477986932,7.120017531589373,5696.014025271498,1822.7244880868795,7518.738513358378,98.62102527404204,98.72130095027389,100.66815465688704,100.72435922920704,3.990631295121549,3.997297723795853,4.279050571551802,4.293349307286096,3.990631295121549,1116.232005530037,1116.446716710925,1190.2439098339528,1190.5280401464552,800.0,256.0,a6
lfm25,125,cap64_chunk-1_polfcfs_mem0.8,64,-1,fcfs,0.8,0,R_medium_balanced,1,16,16,0,2.2362880730070174,7.154713291693969,5723.770633355175,1831.606602673656,7555.377236028831,96.39652699115686,96.1256108712405,98.58978376723826,98.71757593937218,3.985256466936941,3.993206514118641,4.275654057296468,4.2881775848275305,3.985256466936941,1112.6369260600768,1112.7792801707983,1187.6214747317135,1188.1152962334454,800.0,256.0,a6
lfm25,125,cap64_chunk-1_polfcfs_mem0.8,64,-1,fcfs,0.8,0,R_medium_balanced,2,16,16,0,2.2321661738678813,7.167925124622472,5734.340099697978,1834.9888319033528,7569.328931601331,94.79440428549424,94.81953363865614,96.56170301605016,96.71467191074044,3.983881592741419,3.989947825560675,4.276053846229379,4.286245231370569,3.9838815927414175,1110.684210434556,1110.805033007637,1185.9308840939775,1186.050855112262,800.0,256.0,a6
lfm25,125,cap64_chunk-1_polfcfs_mem0.8,64,-1,fcfs,0.8,0,R_medium_balanced,3,16,16,0,2.242692400701344,7.134281988469045,5707.425590775236,1826.3761890480755,7533.801779823311,97.55101939663292,97.45654463768004,99.55295105464756,99.745716387406,3.987893087369408,3.996536186804958,4.270029745941215,4.282420176519629,3.987893087369408,1114.463756675832,1114.6282581612468,1187.5946862855926,1188.2179101230577,800.0,256.0,a6
lfm25,125,cap64_chunk-1_polfcfs_mem0.8,64,-1,fcfs,0.8,0,R_medium_balanced,4,16,16,0,2.2346771429292858,7.159870968665609,5727.896774932487,1832.926967978396,7560.823742910883,95.49721714574844,94.99200154095888,97.93794841971248,98.09718418400736,3.987479826444577,3.992966864732843,4.274857323616743,4.2871203218751095,3.987479826444577,1112.3045728891157,1112.32752725482,1187.020954093896,1187.256842921488,800.0,256.0,a6
lfm25,125,cap64_chunk-1_polfcfs_mem0.8,64,-1,fcfs,0.8,0,R_long_prefill,0,4,4,0,0.3035643598996103,13.176777409979264,52707.10963991706,421.65687711933646,53128.76651703639,196.21945801191032,196.71678123995665,197.09684667177495,197.13010706938803,3.2433046876723246,3.217543114817912,3.311836144946996,3.325048416342226,3.2433046876723246,296.7619033297524,296.63430619984865,297.358277044259,297.4594501359388,4000.0,32.0,a6
lfm25,125,cap64_chunk-1_polfcfs_mem0.8,64,-1,fcfs,0.8,0,R_long_prefill,1,4,4,0,0.3109635980799794,12.863241950818969,51452.96780327588,411.623742426207,51864.59154570208,202.75625516660511,203.21575948037207,203.5244233207777,203.5491037229076,3.238380458506365,3.216350203259818,3.303643447467156,3.315882783593429,3.238380458506365,303.14604938030243,303.02545079030097,303.8231707410887,303.9049933711067,4000.0,32.0,a6
lfm25,125,cap64_chunk-1_polfcfs_mem0.8,64,-1,fcfs,0.8,0,R_long_prefill,2,4,4,0,0.3061727122403681,13.064521559516724,52258.086238066906,418.0646899045352,52676.15092797144,198.41958954930303,199.01698851026595,199.4355091825128,199.4776851311326,3.2413309935720696,3.214194927544844,3.30854180163794,3.321761211170064,3.24133099357207,298.9008503500372,298.9054766949266,299.214162142016,299.22939245123416,4000.0,32.0,a6
lfm25,125,cap64_chunk-1_polfcfs_mem0.8,64,-1,fcfs,0.8,0,R_long_prefill,3,4,4,0,0.3092466020025313,12.934661121894102,51738.64448757641,413.90915590061127,52152.55364347702,201.9015469122678,202.3476094473153,202.82207471318543,202.86553957499564,3.234665942258172,3.210403190384949,3.303028243563829,3.315921132002146,3.234665942258172,302.1761911222711,302.0567602943629,302.85471493843943,302.91337334085256,4000.0,32.0,a6
lfm25,125,cap64_chunk-1_polfcfs_mem0.8,64,-1,fcfs,0.8,0,R_long_prefill,4,4,4,0,0.3086994728073478,12.9575861067191,51830.3444268764,414.6427554150112,52244.98718229141,199.904948938638,200.58743166737256,200.91311431024224,200.9398318501189,3.240708246706955,3.209259976903277,3.3217133826486047,3.3370837579751687,3.240708246706955,300.3669045865536,300.28670001775026,300.9553526295349,301.04478099849075,4000.0,32.0,a6
lfm25,125,cap64_chunk-1_polfcfs_mem0.8,64,-1,fcfs,0.8,0,shared_prefix,0,128,128,0,7.241847690194845,17.675047235984618,41517.85743948868,4524.812092412062,46042.66953190075,1061.997748001886,1075.3983980976045,1632.4281782843173,1635.5480889370665,9.94839187197595,9.805461808162576,12.691571487698193,12.730873091675926,9.948391871975948,3598.837675355753,3582.341044908389,3633.1568766152486,3636.360086654313,2348.953125,256.0,a6
lfm25,125,cap64_chunk-1_polfcfs_mem0.8,64,-1,fcfs,0.8,0,shared_prefix,1,128,128,0,7.191645335871726,17.798430542943986,41807.679043943725,4556.3982189936605,46364.07726293738,1044.7186539604445,1097.2988305147735,1616.8399261310697,1619.1996616404504,9.935537512843869,9.743394431493735,12.6645212371231,12.827694453426874,9.935537512843869,3578.2807197356306,3575.7679648231715,3595.5205685226247,3596.3844565162435,2348.953125,256.0,a6
lfm25,125,cap64_chunk-1_polfcfs_mem0.8,64,-1,fcfs,0.8,0,shared_prefix,2,128,128,0,7.205915540922433,17.763183494600696,41724.88537959072,4547.374974617778,46272.2603542085,1053.818291573407,1090.6215435825288,1624.259171145968,1655.043383552693,9.913786118419262,9.812457664121014,12.627489089819733,12.64368813928655,9.913786118419262,3581.8337517703185,3567.2622167039663,3611.7046954575926,3615.099271838553,2348.953125,256.0,a6
lfm25,125,cap64_chunk-1_polfcfs_mem0.8,64,-1,fcfs,0.8,0,shared_prefix,3,128,128,0,7.381597131956369,17.340420739823788,40731.835485623895,4439.14770939489,45170.98319501879,1144.1866479108285,1150.5321769509465,1787.898921011947,1792.2632026998326,9.83831589989298,9.89500192706199,12.12718251590416,12.720323841343175,9.83823974308306,3652.7840599010233,3599.606056697666,3755.982443667017,3757.813148172572,2348.953125,256.0,a6
lfm25,125,cap64_chunk-1_polfcfs_mem0.8,64,-1,fcfs,0.8,0,shared_prefix,4,128,128,0,7.208238007966429,17.757460264011325,41711.44177921272,4545.909827586899,46257.35160679962,1049.6790561737726,1078.8255925290289,1629.103146144189,1632.2841796372086,9.94310669393242,9.792979046081502,12.728529149282943,12.746500967746126,9.943106693932425,3585.17126312654,3582.127392990514,3600.458527519368,3602.03295562882,2348.953125,256.0,a6
lfm25,125,cap64_chunk-1_polfcfs_mem0.8,64,-1,fcfs,0.8,0,R_concurrent_decode,0,32,32,0,1.4480213848873973,22.099121141424597,4419.824228284919,5657.375012204696,10077.199240489615,131.2300012941705,132.07732397131622,135.61118128709495,135.6942167133093,5.11578317365253,5.114832485788593,5.12123197490605,5.2472684162066265,5.11578317365253,1435.7547105755657,1436.0182438977065,1438.2895742543042,1438.9244700782,200.0,256.0,a6
lfm25,125,cap64_chunk-1_polfcfs_mem0.8,64,-1,fcfs,0.8,0,R_concurrent_decode,1,32,32,0,1.4375189961865544,22.260575397535263,4452.1150795070525,5698.707301769027,10150.82238127608,121.1374897393398,121.94514810107648,124.9105418799445,125.07049968466164,5.111665854415418,5.111182778708491,5.116782623124035,5.222060231510184,5.111665854415418,1424.6122826152714,1424.5686433278024,1427.358820545487,1427.523494414054,200.0,256.0,a6
lfm25,125,cap64_chunk-1_polfcfs_mem0.8,64,-1,fcfs,0.8,0,R_concurrent_decode,2,32,32,0,1.4439486521296203,22.161452869397067,4432.290573879413,5673.331934565649,10105.622508445062,127.65286897774786,128.88341676443815,130.33299720846117,130.44835261069238,5.111868758217943,5.108523102221536,5.1141803035987365,5.220161001837137,5.111868758217943,1431.1794023233233,1431.0414753854277,1433.708603004925,1434.5062117185444,200.0,256.0,a6
lfm25,125,cap64_chunk-1_polfcfs_mem0.8,64,-1,fcfs,0.8,0,R_concurrent_decode,3,32,32,0,1.4633687301538885,21.867352595838828,4373.470519167765,5598.04226453474,9971.512783702505,144.75050386681687,145.79939167015254,148.01518565509468,148.4538517612964,5.118331611418969,5.112539026338388,5.1178628693827815,5.229385064093068,5.118331611418968,1449.925064778654,1449.6089494787157,1452.833805186674,1453.5797693161294,200.0,256.0,a6
lfm25,125,cap64_chunk-1_polfcfs_mem0.8,64,-1,fcfs,0.8,0,R_concurrent_decode,4,32,32,0,1.4514767928048968,22.04651163465164,4409.302326930328,5643.906978470819,10053.209305401146,131.04628048313316,132.1286871097982,134.33833704330027,134.45308468304574,5.125678534957343,5.1228678584391,5.1290513470075005,5.235152969209879,5.125678534957343,1438.0943068972556,1437.912323512137,1440.5906004831195,1441.739814374596,200.0,256.0,a6
lfm25,125,cap64_chunk-1_polfcfs_mem0.8,64,-1,fcfs,0.8,0,tool_agent,0,200,200,0,38.07596185803413,5.252657851315697,14006.474793425872,1088.9547624455138,15095.429555871386,320.04328711889684,311.4189635962248,528.8351343711838,570.2799535822123,7.327282032579468,3.265178028405422,37.87929485552012,98.73221804387867,3.1443015837477555,900.8901186846196,499.5849500410259,2082.574068754911,2547.996032419608,2666.55,207.315,a6
lfm25,125,cap64_chunk-1_polfcfs_mem0.8,64,-1,fcfs,0.8,0,tool_agent,1,200,200,0,38.075087326113135,5.252778497577693,14006.796502715795,1088.9797742253193,15095.776276941117,313.72885168297216,313.14637046307325,523.4027849743143,532.7367880195379,7.420197861982098,3.2660287926860505,37.64817053452134,97.4201625213027,3.156332437209756,896.8139244709164,493.7867373228073,2080.420496244915,2527.765048961149,2666.55,207.315,a6
lfm25,125,cap64_chunk-1_polfcfs_mem0.8,64,-1,fcfs,0.8,0,tool_agent,2,200,200,0,38.075208445079625,5.252761788250842,14006.751946460285,1088.9763101312233,15095.728256591505,313.6956449598074,306.07771035283804,526.4581501483917,534.4007606524974,7.409031279040588,3.324443046369602,37.32650810852645,98.8900342117995,3.181885008352377,901.485262552742,509.9153260234744,2091.111382143572,2520.458564152934,2666.55,207.315,a6
lfm25,125,cap64_chunk-1_polfcfs_mem0.8,64,-1,fcfs,0.8,0,tool_agent,3,200,200,0,38.08100466802716,5.251962277348216,14004.620010662888,1088.8105595284455,15093.430570191333,313.18411510437727,309.8110547289252,527.0387541269884,532.7779131801799,7.400975539976408,3.290351459079168,37.53151805140077,98.66526222787796,3.1532774932472987,895.6890664319508,496.5383317321539,2077.5108525995165,2605.051380875517,2666.55,207.315,a6
lfm25,125,cap64_chunk-1_polfcfs_mem0.8,64,-1,fcfs,0.8,0,tool_agent,4,200,200,0,38.06985834101215,5.253499979130279,14008.720369349843,1089.1293481733935,15097.84971752324,311.04550312273204,304.06150687485933,523.6748683964834,530.720326974988,7.42739299459778,3.286486467052447,37.26294343359768,99.89151964895429,3.176413984526573,897.8403405542485,495.4091387335211,2089.678933355025,2560.6867232266754,2666.55,207.315,a6
qwen,154,cap96_chunk2048_pollpm_mem0.85,96,2048,lpm,0.85,0,R_medium_balanced,0,16,16,0,3.408751039765775,4.693801281861701,3755.04102548936,1201.6131281565954,4956.654153645955,91.91521938191728,91.8602622114122,94.94577336590736,95.14553060289472,6.301769498375007,6.304133292652812,6.663372053527365,6.667292443852799,6.301769498375006,1698.866441467544,1698.8672998268155,1794.035331811756,1794.2670031450689,800.0,256.0,a6
qwen,154,cap96_chunk2048_pollpm_mem0.85,96,2048,lpm,0.85,0,R_medium_balanced,1,16,16,0,3.4236071058548987,4.67343345930014,3738.746767440112,1196.398965580836,4935.145733020948,90.02284670714289,89.97624297626317,92.59839111473411,92.76826854329556,6.338660345029305,6.33987050558276,6.667405372832482,6.671399625803471,6.338660345029305,1706.3812346896157,1706.379587063566,1792.5213088747114,1792.773349909112,800.0,256.0,a6
qwen,154,cap96_chunk2048_pollpm_mem0.85,96,2048,lpm,0.85,0,R_medium_balanced,2,16,16,0,3.4234331748448312,4.673670897848096,3738.9367182784767,1196.4597498491123,4935.396468127589,96.88124703825451,96.36084642261268,107.06533526536076,107.17921822797508,6.300375768435462,6.300252571008077,6.663638728159461,6.670307735182053,6.300375768435462,1703.4770679892972,1703.211807878688,1805.6984754512089,1805.976073187776,800.0,256.0,a6
qwen,154,cap96_chunk2048_pollpm_mem0.85,96,2048,lpm,0.85,0,R_medium_balanced,3,16,16,0,3.427451400086284,4.668191648055815,3734.553318444652,1195.0570619022888,4929.6103803469405,101.1086574580986,100.93961865641177,112.1737927896902,112.32912817504256,6.30165349621344,6.302990396415778,6.664212215143968,6.669497396249105,6.30165349621344,1708.0302989925258,1707.967110676691,1811.2765619298443,1811.5070472238583,800.0,256.0,a6
qwen,154,cap96_chunk2048_pollpm_mem0.85,96,2048,lpm,0.85,0,R_medium_balanced,4,16,16,0,3.410814010538161,4.690962318838226,3752.769855070581,1200.8863536225858,4953.656208693166,93.0842601810582,93.06374192237854,96.02267586160453,96.09871006105097,6.30134115527457,6.303863362500481,6.665590696730742,6.6700883032571445,6.30134115527457,1699.9262547760736,1700.1141868531704,1790.6278915470466,1790.973733062856,800.0,256.0,a6
qwen,154,cap96_chunk2048_pollpm_mem0.85,96,2048,lpm,0.85,0,R_short_decode,0,8,8,0,9.06701550912112,0.8823189937143333,88.23189937143333,225.87366239086933,314.10556176230267,47.96284670010209,47.09699843078852,51.57024909276515,51.610332229174674,4.250602953263796,4.249697609567175,4.256205385386505,4.256364222634218,4.250602953263796,1131.86659978237,1132.0201568305492,1135.2493712911382,1135.6596079887822,100.0,256.0,a6
qwen,154,cap96_chunk2048_pollpm_mem0.85,96,2048,lpm,0.85,0,R_short_decode,1,8,8,0,9.049945700913668,0.8839832043624674,88.39832043624673,226.29970031679164,314.6980207530384,45.86281470255926,43.55753888376057,52.60407899040729,52.71467337850481,4.250500879168291,4.250730827049004,4.257332236122559,4.258754443705958,4.250500879168291,1129.7405388904735,1128.846823470667,1134.841960389167,1135.1402894593775,100.0,256.0,a6
qwen,154,cap96_chunk2048_pollpm_mem0.85,96,2048,lpm,0.85,0,R_short_decode,2,8,8,0,9.051282693631949,0.8838526284930224,88.38526284930224,226.26627289421373,314.651535743516,46.288194542285055,46.41187144443393,50.07138892542571,50.20070271100849,4.249455015786796,4.249975268783816,4.255246398970485,4.255411319325075,4.249455015786795,1129.899223567918,1130.5944172199816,1133.6977178929374,1133.846500790678,100.0,256.0,a6
qwen,154,cap96_chunk2048_pollpm_mem0.85,96,2048,lpm,0.85,0,R_short_decode,3,8,8,0,9.068934230599552,0.8821323207976463,88.21323207976464,225.82587412419744,314.0391062039621,47.36573598347604,45.04961986094713,54.88464517984539,55.47608491498977,4.250529918399658,4.249965429634733,4.257423893877251,4.258643164372473,4.250529918399658,1131.2508651753888,1129.1958945803344,1138.6728615034372,1140.0128728244454,100.0,256.0,a6
qwen,154,cap96_chunk2048_pollpm_mem0.85,96,2048,lpm,0.85,0,R_short_decode,4,8,8,0,9.038507499732075,0.8851018821677294,88.51018821677295,226.58608183493877,315.0962700517117,43.922234675846994,42.38014994189143,49.41357125062496,50.96466245595366,4.251697312300915,4.250562564451613,4.25714842326866,4.257553988099828,4.251697312300916,1128.1050493125804,1126.9814597908407,1133.7238905252889,1135.4473743820563,100.0,256.0,a6
qwen,154,cap96_chunk2048_pollpm_mem0.85,96,2048,lpm,0.85,0,shared_prefix,0,128,128,0,7.050902663730085,18.153704015577084,41667.71461919117,4647.3482279877335,46315.0628471789,447.5659891686519,445.0798735488206,505.62801177147776,523.7968170223758,12.004878289572138,11.96256051862649,12.296577660439938,12.298932688639445,12.004916120924053,3508.4444463755062,3495.590869570151,3558.802452427335,3561.066664396785,2295.2734375,256.0,a6
qwen,154,cap96_chunk2048_pollpm_mem0.85,96,2048,lpm,0.85,0,shared_prefix,1,128,128,0,7.090293829794973,18.052848453489453,41436.223526507296,4621.5292040933,46057.7527306006,434.3813512750785,442.41304718889296,494.09762704744935,522.0542214764283,12.137734359389892,12.028400226859516,12.57158402663966,12.574086383532952,12.137785358841285,3529.1373119871423,3513.8772397767752,3651.576484087855,3653.85094776284,2295.2734375,256.0,a6
qwen,154,cap96_chunk2048_pollpm_mem0.85,96,2048,lpm,0.85,0,shared_prefix,2,128,128,0,6.988617123104632,18.31549757917445,42039.07508807467,4688.76738026866,46727.842468343326,418.1502839091991,413.6148551478982,481.1370721552521,499.8674348928034,12.003815622004028,11.974735495944817,12.26933472552428,12.271279809119948,12.003853118908582,3478.757708820922,3465.3848682064563,3525.1148605253547,3527.391389408149,2295.2734375,256.0,a6
qwen,154,cap96_chunk2048_pollpm_mem0.85,96,2048,lpm,0.85,0,shared_prefix,3,128,128,0,7.218671347014606,17.73179493106254,40699.317904465,4539.339502352011,45238.65740681701,470.3375638382568,463.687086943537,530.1580546889454,548.3940445352346,12.193297486028827,12.09794560133012,12.582611558301483,12.585644458402314,12.193344712439677,3579.2594234881108,3566.2997029721737,3654.65005049482,3657.18081345316,2295.2734375,256.0,a6
qwen,154,cap96_chunk2048_pollpm_mem0.85,96,2048,lpm,0.85,0,shared_prefix,4,128,128,0,7.19438535021618,17.7916519298141,40836.70608374792,4554.66289403241,45391.36897778033,484.23969126451993,476.5125713311136,540.1042947545648,560.4910061322153,12.13520597376486,12.035411220515956,12.55809114022436,12.561834794706574,12.13525506169086,3578.3505052750115,3562.840956496075,3663.572956505232,3666.157800112851,2295.2734375,256.0,a6
qwen,154,cap96_chunk2048_pollpm_mem0.85,96,2048,lpm,0.85,0,tool_agent,0,200,200,0,41.39250412397087,4.83179271785535,13045.574589609963,1001.703107302182,14047.277696912146,247.0400527794845,207.5794714037329,602.3202279349788,748.3014019019894,41.88341211937136,13.64333603459482,186.92898475565016,351.70154824852943,11.582261571113596,2386.6891441191547,855.2362737245858,6927.514293766577,9912.91908652987,2699.945,207.315,a6
qwen,154,cap96_chunk2048_pollpm_mem0.85,96,2048,lpm,0.85,0,tool_agent,1,200,200,0,41.24976378120482,4.848512613571103,13090.71738844823,1005.1693924824932,14095.886780930725,173.3642425108701,165.58238700963557,424.736186186783,427.1372835105285,11.393534510424354,9.955263599944631,14.226163583605178,47.965886732563376,9.43840288363386,1916.873215190135,493.3838597498834,5631.511123501696,8033.105825413945,2699.945,207.315,a6
qwen,154,cap96_chunk2048_pollpm_mem0.85,96,2048,lpm,0.85,0,tool_agent,2,200,200,0,41.22105003008619,4.851889989556916,13099.836117854247,1005.869573184992,14105.70569103924,150.46433629002422,165.5902152415365,220.3271109610796,228.7696838518605,10.716318022790263,9.894649516791103,13.74047860989104,36.548486882820725,9.400756887695602,1887.0661561540328,446.0722063668072,5589.108225773088,8009.526999220247,2699.945,207.315,a6
qwen,154,cap96_chunk2048_pollpm_mem0.85,96,2048,lpm,0.85,0,tool_agent,3,200,200,0,41.19196108775213,4.855316297612916,13109.086961158506,1006.5798982396216,14115.666859398129,154.2778544081375,160.57805996388197,222.29223859030756,253.44776026904583,10.407935024981088,9.847974758595228,13.756875567138191,35.62145313248039,9.364975188489158,1884.129246349912,446.6810252051801,5664.211578201503,7947.125958632672,2699.945,207.315,a6
qwen,154,cap96_chunk2048_pollpm_mem0.85,96,2048,lpm,0.85,0,tool_agent,4,200,200,0,41.18812237912789,4.855768810217728,13110.308720303305,1006.6737108902882,14116.982431193592,157.92693121824414,164.64990703389049,242.6493977662176,245.0050143757835,10.572121156724313,9.988700110216532,13.122274123969069,37.1215461473912,9.423288090451171,1898.6909401672888,450.89314016513526,5630.105472612193,8007.637599692674,2699.945,207.315,a6
qwen,154,cap96_chunk2048_pollpm_mem0.85,96,2048,lpm,0.85,0,R_long_prefill,0,4,4,0,0.317525340244174,12.597419774195147,50389.679096780594,403.1174327742447,50792.79652955484,120.59373036026956,121.08195945620535,121.43146300222725,121.46095495205373,6.088004364902455,6.063121070544566,6.156528204859745,6.169578568529218,6.088004364902454,309.3218656722456,309.15929027833045,309.9670320050791,310.0740068266168,4000.0,32.0,a6
qwen,154,cap96_chunk2048_pollpm_mem0.85,96,2048,lpm,0.85,0,R_long_prefill,1,4,4,0,0.3567085801623761,11.213635506550396,44854.54202620159,358.8363362096127,45213.3783624112,145.36707603838295,156.28454415127635,157.01358150690794,157.0936682447791,6.513714677684249,6.163991311745297,7.390327551101725,7.563395085143706,6.513714677684249,347.2922310465947,347.3682748153806,347.5847961846739,347.59059679694474,4000.0,32.0,a6
qwen,154,cap96_chunk2048_pollpm_mem0.85,96,2048,lpm,0.85,0,R_long_prefill,2,4,4,0,0.369963145814836,10.811887738682955,43247.55095473182,345.98040763785457,43593.53136236968,155.28732526581734,166.52251756750047,168.44508240465075,168.69548857677728,6.531438317089792,6.164477462129247,7.481993936122424,7.667017068954244,6.531438317089792,357.7619130956009,357.6213188935071,358.34211092442274,358.4345295652747,4000.0,32.0,a6
qwen,154,cap96_chunk2048_pollpm_mem0.85,96,2048,lpm,0.85,0,R_long_prefill,3,4,4,0,0.3026352822780609,13.21722956388411,52868.918255536446,422.95134604429154,53291.869601580736,105.10652419179678,105.3310544230044,105.68157215602696,105.7110879663378,6.090891724001736,6.078084269838948,6.127078221329758,6.133889085462978,6.090891724001736,293.9241676358506,294.0160967409611,294.22890967689455,294.244875414297,4000.0,32.0,a6
qwen,154,cap96_chunk2048_pollpm_mem0.85,96,2048,lpm,0.85,0,R_long_prefill,4,4,4,0,0.3053787462413311,13.09848851379764,52393.95405519057,419.1516324415245,52813.10568763209,109.33781904168428,109.62602333165704,109.9478711374104,109.97613402083516,6.073245782435181,6.056591417760618,6.121842299527939,6.13079187385137,6.073245782435181,297.60843829717487,297.43875563144684,298.1206079479307,298.2160712312907,4000.0,32.0,a6
qwen,154,cap96_chunk2048_pollpm_mem0.85,96,2048,lpm,0.85,0,R_concurrent_decode,0,32,32,0,2.6506106951273978,12.072689534840183,2414.5379069680366,3090.608520919087,5505.146427887124,97.10148265003228,97.0801196526736,99.50455685611814,99.72489525564016,9.965277968234766,9.96577318885601,9.968403665275844,9.981170071873304,9.965277968234766,2638.2473645498976,2638.1325745023787,2641.23303659726,2642.107468447648,200.0,256.0,a6
qwen,154,cap96_chunk2048_pollpm_mem0.85,96,2048,lpm,0.85,0,R_concurrent_decode,1,32,32,0,2.654053683858365,12.057028158330086,2411.405631666017,3086.599208532502,5498.004840198519,101.0494462097995,101.01684788241982,103.22048191446812,103.46989002544431,9.961747311057945,9.960458284316983,9.96504340311695,9.97893456141373,9.961747311057945,2641.295010529575,2641.054581385106,2644.370276480913,2644.9466281104837,200.0,256.0,a6
qwen,154,cap96_chunk2048_pollpm_mem0.85,96,2048,lpm,0.85,0,R_concurrent_decode,2,32,32,0,2.665467730723321,12.00539763852862,2401.079527705724,3073.3817954633264,5474.46132316905,147.575874303584,148.82159535773098,151.00413179025054,151.35732564143836,9.82853015451053,9.82418316872973,9.8263094945829,9.945529519142037,9.82853015451053,2653.851063703769,2653.6084203980863,2656.388705270365,2656.9970536231995,200.0,256.0,a6
qwen,154,cap96_chunk2048_pollpm_mem0.85,96,2048,lpm,0.85,0,R_concurrent_decode,3,32,32,0,2.6601271047256887,12.029500373554454,2405.9000747108907,3079.55209562994,5485.452170340831,107.91028241510504,107.87921445444226,110.13437905348836,110.1900195516646,9.955812372637036,9.954611291451489,9.958914068125772,9.97141570910154,9.955812372637036,2646.642437437549,2646.567770279944,2649.2400154005736,2649.539230475202,200.0,256.0,a6
qwen,154,cap96_chunk2048_pollpm_mem0.85,96,2048,lpm,0.85,0,R_concurrent_decode,4,32,32,0,2.661676272749901,12.022498876972488,2404.4997753944976,3077.759712504957,5482.259487899454,105.30877263227012,105.31826154328884,107.27337629068644,107.73339395411313,9.958060086344132,9.956554943403486,9.961007199998871,9.972776017151771,9.958060086344132,2644.614094650024,2644.630338065326,2647.2135670948774,2647.605069903657,200.0,256.0,a6
qwen,174,cap128_chunk-1_polfcfs_mem0.85,128,-1,fcfs,0.85,0,R_short_decode,0,8,8,0,9.070232647005469,0.8820060423302587,88.20060423302587,225.79354683654623,313.9941510695721,52.72360233357176,53.42173692770302,56.9401205284521,57.6059473445639,4.231929601690568,4.231569079645709,4.237041654448737,4.2373419120432985,4.231929601690568,1131.8656507646665,1132.0389662869277,1136.72872944735,1137.233666582033,100.0,256.0,a6
qwen,174,cap128_chunk-1_polfcfs_mem0.85,128,-1,fcfs,0.85,0,R_short_decode,1,8,8,0,9.035771546885371,0.885369883300956,88.5369883300956,226.65469012504477,315.19167845514033,48.80005243467167,47.85848222672939,52.99085122533143,53.42548885382712,4.232132981083922,4.231088366542084,4.23731977448744,4.237714282145688,4.232132981083922,1127.9939626110718,1126.77359348163,1132.002582680434,1132.1952231042087,100.0,256.0,a6
qwen,174,cap128_chunk-1_polfcfs_mem0.85,128,-1,fcfs,0.85,0,R_short_decode,2,8,8,0,9.035905743949115,0.8853567341997997,88.53567341997997,226.6513239551487,315.18699737512867,48.065851209685206,47.73982940241695,52.14521670714021,52.62980723753572,4.232483492552431,4.231205862928547,4.237931292851036,4.237967485215004,4.232483492552431,1127.349141810555,1127.0599430426955,1131.994521804154,1132.8041729703546,100.0,256.0,a6
qwen,174,cap128_chunk-1_polfcfs_mem0.85,128,-1,fcfs,0.85,0,R_short_decode,3,8,8,0,9.048052378930151,0.8841681795111277,88.41681795111276,226.3470539548487,314.7638719059615,50.20906921708957,50.21178885363042,53.55235121678561,53.91532355453819,4.232741224433424,4.231049235471907,4.237873129564903,4.238431896448281,4.232741224433423,1129.5580814476125,1129.2761575896293,1132.9349517822266,1132.994590997696,100.0,256.0,a6
qwen,174,cap128_chunk-1_polfcfs_mem0.85,128,-1,fcfs,0.85,0,R_short_decode,4,8,8,0,9.052549235988408,0.8837289686529405,88.37289686529404,226.2346159751528,314.6075128404468,50.74499192414805,49.87139161676168,55.7949009584263,57.63810812029988,4.233427405958148,4.233512086063331,4.238788066797104,4.238966438809738,4.233425505260163,1129.7393175773325,1129.2092248331755,1133.7053491501138,1134.2401529615745,100.0,256.0,a6
qwen,174,cap128_chunk-1_polfcfs_mem0.85,128,-1,fcfs,0.85,0,R_medium_balanced,0,16,16,0,3.402430715970695,4.702520443663255,3762.016354930605,1203.8452335777934,4965.861588508397,88.77882597153075,88.7315939180553,89.40506691578776,89.47017893660814,6.302745436322784,6.3044172154702975,6.666465974686776,6.66927667115541,6.302745436322784,1695.978912233841,1696.1475093849003,1789.0906570246443,1789.2176146386191,800.0,256.0,a6
qwen,174,cap128_chunk-1_polfcfs_mem0.85,128,-1,fcfs,0.85,0,R_medium_balanced,1,16,16,0,3.408033142331988,4.694790024562909,3755.8320196503273,1201.8662462881048,4957.698265938432,89.30336422054097,89.222147827968,89.98812560457736,90.0177531177178,6.306829818583769,6.309136957404952,6.672880184087976,6.673796081769408,6.306829818583769,1697.544967959402,1697.829608572647,1791.2675843108443,1791.374776000157,800.0,256.0,a6
qwen,174,cap128_chunk-1_polfcfs_mem0.85,128,-1,fcfs,0.85,0,R_medium_balanced,2,16,16,0,3.409849057905376,4.692289813505289,3753.831850804231,1201.226192257354,4955.058043061585,90.71256921743044,90.86911915801466,92.26699254941197,92.29555220808834,6.304847088519155,6.304861264595506,6.668978506315718,6.672720859539421,6.304847088519155,1698.448576789815,1698.30201449804,1790.513806510717,1790.9424134530127,800.0,256.0,a6
qwen,174,cap128_chunk-1_polfcfs_mem0.85,128,-1,fcfs,0.85,0,R_medium_balanced,3,16,16,0,3.422537957318127,4.674893368469014,3739.914694775212,1196.7727023280677,4936.687397103279,95.1651589712128,95.3311324119568,102.64843667391688,102.73219451773912,6.30470977196762,6.308519003876285,6.667363960021997,6.66851820944644,6.304709771967621,1702.866150822956,1702.9634546488523,1789.046841673553,1789.8709258064628,800.0,256.0,a6
qwen,174,cap128_chunk-1_polfcfs_mem0.85,128,-1,fcfs,0.85,0,R_medium_balanced,4,16,16,0,3.407484177965671,4.695546380952615,3756.437104762092,1202.059873523869,4958.496978285961,90.50203894730656,90.6219994649291,92.97476871870458,93.11107131652534,6.303576923400054,6.305401032680974,6.666791726214191,6.670434544063813,6.303576923400055,1697.9141544143204,1697.8758545592427,1789.004913996905,1789.2512078396976,800.0,256.0,a6
qwen,174,cap128_chunk-1_polfcfs_mem0.85,128,-1,fcfs,0.85,0,R_concurrent_decode,0,32,32,0,2.646582300774753,12.091065518964744,2418.213103792949,3095.312772854975,5513.525876647924,102.57156833540648,102.54901507869364,104.71443943679331,104.8556684376672,9.92783492872738,9.926910389799112,9.930119180467493,9.94397407625893,9.92783492872738,2634.1694751608884,2634.162183851004,2636.425739596598,2636.986180767417,200.0,256.0,a6
qwen,174,cap128_chunk-1_polfcfs_mem0.85,128,-1,fcfs,0.85,0,R_concurrent_decode,1,32,32,0,2.6532003902830184,12.06090580914868,2412.181161829736,3087.591887142062,5499.773048971798,107.25768582778984,107.13722370564938,109.73189864307642,110.02673567272724,9.930938743705422,9.929194359802732,9.933792650425698,9.949872462864162,9.930938743705422,2639.6470654726727,2639.7048449143767,2642.724939924665,2643.6646191962063,200.0,256.0,a6
qwen,174,cap128_chunk-1_polfcfs_mem0.85,128,-1,fcfs,0.85,0,R_concurrent_decode,2,32,32,0,2.645404996816069,12.096446494398496,2419.2892988797,3096.690302566015,5515.979601445714,97.87029318977147,97.65470516867936,99.77866776753216,100.06970376241952,9.933654111399152,9.93302928959476,9.93515329782431,9.94800883821924,9.93365411139915,2630.952091596555,2630.8895472902805,2633.324439381249,2633.560408027842,200.0,256.0,a6
qwen,174,cap128_chunk-1_polfcfs_mem0.85,128,-1,fcfs,0.85,0,R_concurrent_decode,3,32,32,0,2.6601134929805994,12.029561928256188,2405.9123856512374,3079.567853633584,5485.480239284821,110.47829659946728,110.45814165845512,112.94722214806824,113.23114378843457,9.9380244684118,9.936431652921089,9.941461537690724,9.958839114810177,9.9380244684118,2644.674536044477,2644.238052656874,2647.894819383509,2648.742682915181,200.0,256.0,a6
qwen,174,cap128_chunk-1_polfcfs_mem0.85,128,-1,fcfs,0.85,0,R_concurrent_decode,4,32,32,0,2.646566206589341,12.091139046636112,2418.2278093272225,3095.3315959388447,5513.559405266067,104.255801110412,104.08625192940237,106.44413302652538,106.67288155294956,9.922326966097542,9.921637754522116,9.923745251406787,9.94023707960093,9.922326966097543,2634.449177465285,2634.152776794508,2636.867816792801,2637.6528402604163,200.0,256.0,a6
qwen,174,cap128_chunk-1_polfcfs_mem0.85,128,-1,fcfs,0.85,0,tool_agent,0,200,200,0,41.390579408966005,4.832017402411045,13046.18122555269,1001.7496877808458,14047.930913333535,288.1713704252616,270.4268710222095,658.1611565081403,666.5387179050595,20.431842414387457,11.297963027443204,70.42927136644711,199.39275336451828,10.744885279472024,2273.127752528526,693.9516421407461,6786.955090076662,9456.79804472252,2699.945,207.315,a6
qwen,174,cap128_chunk-1_polfcfs_mem0.85,128,-1,fcfs,0.85,0,tool_agent,1,200,200,0,41.18907655961812,4.855656322144414,13110.0050086922,1006.6503904253692,14116.65539911757,139.68240096233785,142.40214857272804,224.40787688829005,228.3715644897893,10.05823683076437,9.713418396382496,12.281485637649894,34.06064755283296,9.331378652433262,1863.5146363195963,446.8468017876148,5554.94359859731,7986.6950472025155,2699.945,207.315,a6
qwen,174,cap128_chunk-1_polfcfs_mem0.85,128,-1,fcfs,0.85,0,tool_agent,2,200,200,0,41.23040501959622,4.850789118005095,13096.863825212267,1005.6413459992264,14102.505171211493,144.7534020198509,154.0088914334774,229.36375851277265,230.032697878778,10.271491191844474,9.90647278572816,12.289620975620652,32.26464850828052,9.404481019459544,1882.0902031497096,441.8998514302075,5619.455630914307,8080.492253690021,2699.945,207.315,a6
qwen,174,cap128_chunk-1_polfcfs_mem0.85,128,-1,fcfs,0.85,0,tool_agent,3,200,200,0,41.24683417193592,4.848856985394499,13091.64717343095,1005.2407859270606,14096.887959358011,146.07166913570836,144.7896643076092,220.68851415533567,221.88073405530304,11.00903885279152,9.73409111611545,24.669522318341063,35.908506121486425,9.34548776811649,1872.510351978708,448.8351524341852,5611.683439672925,7981.538249966684,2699.945,207.315,a6
qwen,174,cap128_chunk-1_polfcfs_mem0.85,128,-1,fcfs,0.85,0,tool_agent,4,200,200,0,41.28794337483123,4.844029119694983,13078.61220157487,1004.2398969495651,14082.852098524434,146.5853212424554,156.7105553112924,230.198257509619,231.39523945283145,10.594811482432856,9.826919233434246,13.25771088671425,33.3800558000803,9.441648928472958,1890.741127799265,444.7436917107552,5690.912653668784,8040.041085085827,2699.945,207.315,a6
qwen,174,cap128_chunk-1_polfcfs_mem0.85,128,-1,fcfs,0.85,0,R_long_prefill,0,4,4,0,0.3107670126482844,12.871378998410826,51485.515993643305,411.8841279491464,51897.40012159245,114.33869996108116,114.73413230851293,115.11641517281532,115.14957912266254,6.061036244875961,6.040814159918696,6.120525049646535,6.131686244099852,6.061036244875962,302.230823552236,302.0970409270376,302.78786746785045,302.8755238465965,4000.0,32.0,a6
qwen,174,cap128_chunk-1_polfcfs_mem0.85,128,-1,fcfs,0.85,0,R_long_prefill,1,4,4,0,0.3158634528517723,12.663699975055712,50654.799900222846,405.2383992017828,51060.03829942463,111.3659159746021,111.682542366907,112.02668591868132,112.05735245253892,6.06820518301139,6.049260549667862,6.121608072651489,6.131716500066461,6.068205183011389,299.4802766479552,299.3100832682103,300.0628567067906,300.16866085585207,4000.0,32.0,a6
qwen,174,cap128_chunk-1_polfcfs_mem0.85,128,-1,fcfs,0.85,0,R_long_prefill,2,4,4,0,0.3495026878081262,11.444833300383554,45779.33320153422,366.2346656122737,46145.56786714649,138.70790973305702,149.4386913254857,149.83172251377255,149.87167921382934,6.47259826186083,6.121782608510506,7.333272286210089,7.503404420079484,6.47259826186083,339.3584558507428,339.2139521893114,339.8924435954541,339.9758078809828,4000.0,32.0,a6
qwen,174,cap128_chunk-1_polfcfs_mem0.85,128,-1,fcfs,0.85,0,R_long_prefill,3,4,4,0,0.3028422272764146,13.20819766772175,52832.790670887,422.662325367096,53255.4529962541,106.56365554314108,106.84881452471018,107.18317965511233,107.21416078973562,6.06966060736487,6.054750418350581,6.114317309261571,6.122616779569897,6.069660607364869,294.72313437145203,294.6183495223522,295.1159755932167,295.1836176076904,4000.0,32.0,a6
qwen,174,cap128_chunk-1_polfcfs_mem0.85,128,-1,fcfs,0.85,0,R_long_prefill,4,4,4,0,0.2941926871426403,13.596531031584025,54386.1241263361,435.0889930106888,54821.21311934679,98.37994608096778,98.60059712082148,98.91080968081953,98.94028514623642,6.06433748673167,6.04799036837874,6.1089678487229735,6.117179489303981,6.064337486731669,286.37440816964954,286.17822960950434,286.94515365641564,287.04274309333414,4000.0,32.0,a6
qwen,174,cap128_chunk-1_polfcfs_mem0.85,128,-1,fcfs,0.85,0,shared_prefix,0,128,128,0,7.313158192206174,17.502698100584364,40173.478034853,4480.690713749597,44654.1687486026,542.3877624270972,540.3054326307029,574.8302077874541,607.0610348833725,12.14251483351005,12.058073810800096,12.583459846438,12.586490139620857,12.142562494817668,3638.361743527639,3623.788596363738,3753.354752296582,3755.374682899565,2295.2734375,256.0,a6
qwen,174,cap128_chunk-1_polfcfs_mem0.85,128,-1,fcfs,0.85,0,shared_prefix,1,128,128,0,7.657485734205693,16.715669404152976,38367.03197338378,4279.211367463162,42646.243340846944,723.3273087149428,747.7428510319442,933.8989123702048,946.8189284205438,11.824073486064409,12.023912165147165,12.537258031193678,12.539792209589743,11.824599534452515,3737.4916337939794,3736.391867976636,3895.313906134106,3896.3766837120056,2295.2734375,256.0,a6
qwen,174,cap128_chunk-1_polfcfs_mem0.85,128,-1,fcfs,0.85,0,shared_prefix,2,128,128,0,7.268205989617854,17.61094831143193,40421.94186841519,4508.402767726574,44930.34463614177,536.5091006351577,528.6922664381564,577.48751451727,595.5861682444811,12.07485477486,12.00617986786015,12.537129229372916,12.539902336749376,12.074900592448088,3615.2314110659054,3598.3587603550404,3722.696217661724,3724.21177436132,2295.2734375,256.0,a6
qwen,174,cap128_chunk-1_polfcfs_mem0.85,128,-1,fcfs,0.85,0,shared_prefix,3,128,128,0,7.146661556325853,17.91046056836161,41109.40439595156,4585.077905500572,45694.482301452124,487.3785726631468,486.9188070297241,527.6128446217626,536.4336840715259,12.035891351653792,11.991247640534002,12.456937941320824,12.459538603621516,12.035934094778844,3556.1656438912905,3539.225369459018,3667.9465405875817,3669.592228480615,2295.2734375,256.0,a6
qwen,174,cap128_chunk-1_polfcfs_mem0.85,128,-1,fcfs,0.85,0,shared_prefix,4,128,128,0,7.104920532088727,18.01568355647324,41350.91992557856,4612.01499045715,45962.93491603572,456.818107439176,468.0579213891178,489.37355135567486,515.8921371074393,12.079967005652795,12.023535692986398,12.479618826296692,12.481762180652687,12.08000891102392,3536.8428794718056,3520.552435424179,3653.753970726393,3655.60383756645,2295.2734375,256.0,a6
