model,config_id,hash,cap,chunk,policy,mem,is_cookbook,workload,request_throughput,output_throughput,total_throughput,input_throughput,ttft_p50_ms,ttft_p95_ms,ttft_p99_ms,ttft_mean_ms,tpot_p50_ms,tpot_p95_ms,tpot_mean_ms,e2e_p50_ms,e2e_p95_ms,e2e_p99_ms,e2e_mean_ms,n_rep,request_throughput_ci95
lfm25,0,cap8_chunk-1_pollpm_mem0.75,8,-1,lpm,0.75,0,R_concurrent_decode,7.87615893041105,2016.2966861852287,3591.5284722674387,1575.23178608221,1548.7883291207254,3058.9916236000136,3059.0982744982466,1557.033186647459,3.7999453726133297,3.882580958306789,3.789315439073606,2517.910677008331,4049.011174985208,4049.053779938258,2523.3086236112285,1,
lfm25,0,cap8_chunk-1_pollpm_mem0.75,8,-1,lpm,0.75,0,R_long_prefill,12.203572563260655,390.51432202434097,49204.80457506696,48814.29025304262,219.88959913142023,220.28788870666176,220.32077935058624,219.56978854723275,3.166358805291595,3.240203514935509,3.184636266181065,318.15448263660073,318.89985678717494,318.9924537949264,318.29351279884577,1,
lfm25,0,cap8_chunk-1_pollpm_mem0.75,8,-1,lpm,0.75,0,R_medium_balanced,6.864866229079233,1757.4057546442837,7249.298737907669,5491.892983263387,107.45457140728831,114.1853294102475,114.22740740235896,108.88591324328443,4.126204101953144,4.273765848255625,4.1193220811192965,1159.4274416565895,1202.7591109508649,1203.1083471374586,1159.3130439287052,1,
lfm25,0,cap8_chunk-1_pollpm_mem0.75,8,-1,lpm,0.75,0,R_short_decode,1.6601061635655254,424.9871778727745,590.997794229327,166.01061635655256,34.31221004575491,40.08454524446279,40.24352035019547,33.57569588115439,2.226427626595193,2.232529113974833,2.227336189608628,601.6781891230494,607.523226714693,607.5726519478485,600.988308317028,1,
lfm25,0,cap8_chunk-1_pollpm_mem0.75,8,-1,lpm,0.75,0,shared_prefix,6.531057732931282,1671.9507796304083,17013.09925095476,15341.148471324352,7572.756684850901,11252.174528851174,12564.21177398879,6690.464122591948,3.9714520632782406,4.283960287404411,3.927072601354404,8563.363283872604,12274.93636396248,13595.500787976198,7691.751832058799,1,
lfm25,0,cap8_chunk-1_pollpm_mem0.75,8,-1,lpm,0.75,0,tool_agent,5.230076874663045,1084.273387270769,15030.53487740351,13946.261490132742,230.2624995354563,1030.9474281501025,1752.989036445505,330.5509153800085,3.506584498126291,10.410530932963711,4.982556360638359,517.6332746632397,2382.506241463123,3650.13262990862,966.8398984079248,1,
lfm25,1,cap8_chunk-1_pollpm_mem0.8,8,-1,lpm,0.8,0,R_concurrent_decode,7.818676223306227,2001.581113166394,3565.3163578276394,1563.7352446612454,1570.3643304295838,3087.5535924220458,3087.728193886578,1575.7359964190982,3.796384920019145,3.881192046272404,3.795083927380962,2538.5671299882238,4077.1972937509418,4077.3344312096015,2543.4823979012435,1,
lfm25,1,cap8_chunk-1_pollpm_mem0.8,8,-1,lpm,0.8,0,R_long_prefill,12.944883864979216,414.2362836793349,52193.7717435962,51779.535459916864,200.29394375160336,200.6836675805971,200.71805925574157,199.51683818362653,3.164726632436917,3.283933469755275,3.1965252109653046,298.6898841336369,299.15082298684865,299.1929062316194,298.609119723551,1,
lfm25,1,cap8_chunk-1_pollpm_mem0.8,8,-1,lpm,0.8,0,R_medium_balanced,6.989876305025107,1789.4083340864274,7381.309378106513,5591.9010440200855,101.81898437440395,107.0876964367926,107.16648185625672,103.21390457102098,4.069361021267433,4.141453625269088,4.061323492993218,1139.0275317244232,1156.2894488452002,1156.3238009577617,1138.8513952842914,1,
lfm25,1,cap8_chunk-1_pollpm_mem0.8,8,-1,lpm,0.8,0,R_short_decode,1.660479481699625,425.0827473151039,591.1306954850664,166.04794816996247,33.166945446282625,38.93306693062186,39.385743867605925,32.577393925748765,2.229034022300267,2.2335763510298063,2.2298197666548987,601.6762629151344,607.144849631004,607.7257138257846,600.9021082427353,1,
lfm25,1,cap8_chunk-1_pollpm_mem0.8,8,-1,lpm,0.8,0,shared_prefix,6.398486271388609,1638.0124854754838,16667.756807923353,15029.74432244787,7567.47985095717,11261.4432817325,12841.46461599041,6882.43057938962,3.971576168402737,4.2857316119012,3.95159215618418,8562.725523486733,12269.72832668107,13878.835492790678,7890.086579216586,1,
lfm25,1,cap8_chunk-1_pollpm_mem0.8,8,-1,lpm,0.8,0,tool_agent,5.22346953244497,1082.9035861188288,15011.546267859962,13928.642681741134,225.39471904747188,1037.6042208401482,1731.3894259231158,324.7321723215282,3.487199544906616,10.80434923700016,5.036473108191126,515.294142300263,2412.0114270132017,3652.3033596063024,961.2028220575304,1,
lfm25,2,cap8_chunk-1_pollpm_mem0.85,8,-1,lpm,0.85,0,R_concurrent_decode,7.83257781836588,2005.1399215016647,3571.655485174841,1566.515563673176,1563.1197004113346,3077.8144194278866,3077.9875256400555,1569.2090333322994,3.806465222299391,3.891583180931561,3.805124415963541,2534.0386705938727,4070.098417671397,4070.347397495061,2539.5157594030024,1,
lfm25,2,cap8_chunk-1_pollpm_mem0.85,8,-1,lpm,0.85,0,R_long_prefill,12.052917515157947,385.6933604850543,48597.36342111684,48211.67006063178,223.43991976231337,223.8504156703129,223.8911128835753,222.8358545107767,3.192012641398657,3.2861504823930803,3.219016061554993,322.6546994410455,322.93380566406995,322.9419949511066,322.6253524189815,1,
lfm25,2,cap8_chunk-1_pollpm_mem0.85,8,-1,lpm,0.85,0,R_medium_balanced,6.458520325046518,1653.3812032119083,6820.197463249123,5166.816260037214,142.3708009533584,229.16329570580277,229.3099133530632,161.05276535381563,4.272131054826518,4.284495479591629,4.198556048476009,1231.725265737623,1241.4139073807746,1241.5263919625431,1231.684557715198,1,
lfm25,2,cap8_chunk-1_pollpm_mem0.85,8,-1,lpm,0.85,0,R_short_decode,1.6478078247243173,421.8388031294252,586.619585601857,164.78078247243172,36.27917915582657,41.83136536739767,41.91613319329917,35.2655898896046,2.2361765451291027,2.2402862807383803,2.236495928894783,606.6853837110102,611.1102223396301,611.3354215025902,605.0119983265176,1,
lfm25,2,cap8_chunk-1_pollpm_mem0.85,8,-1,lpm,0.85,0,shared_prefix,6.511792752404687,1667.0189446155998,16962.91487972894,15295.89593511334,7591.379523510113,11277.71485375706,12599.122054846956,6712.881998926605,3.975441221001686,4.28422108283449,3.9319195496946655,8583.407244412228,12299.924947856924,13628.669388522394,7715.405491337151,1,
lfm25,2,cap8_chunk-1_pollpm_mem0.85,8,-1,lpm,0.85,0,tool_agent,5.222977189486973,1082.801516038492,15010.13134066498,13927.329824626488,236.8096045684069,1045.5627053510389,1754.4572944147503,331.51017763186246,3.574094300415786,11.569252202957212,5.230285200736504,522.536450298503,2431.065048347225,3725.176614988595,972.8666203888132,1,
lfm25,3,cap8_chunk-1_pollpm_mem0.9,8,-1,lpm,0.9,0,R_concurrent_decode,7.701784902937148,1971.65693515191,3512.01391573934,1540.3569805874297,1632.9173198901117,3147.80043810606,3147.959113577381,1634.1136979463045,3.80578265872364,3.886939342243268,3.812018621772272,2601.26226162538,4137.368311802857,4137.761091887951,2606.178446498234,1,
lfm25,3,cap8_chunk-1_pollpm_mem0.9,8,-1,lpm,0.9,0,R_long_prefill,13.093402020471512,418.9888646550884,52792.59694654113,52373.60808188604,197.9844605084509,198.3104089507833,198.33721299190077,197.50370923429728,3.1815025309521343,3.2573895431273887,3.203402731507536,296.8417939264328,297.0676728524268,297.0883553661406,296.8091939110309,1,
lfm25,3,cap8_chunk-1_pollpm_mem0.9,8,-1,lpm,0.9,0,R_medium_balanced,7.107119156306783,1819.4225040145363,7505.117829059962,5685.695325045426,99.03010143898427,105.45631952118129,105.62802532222122,100.30299171921796,4.008082373469484,4.134092513270968,4.001350847629867,1120.7549762912097,1150.034851860255,1150.2066920511425,1120.647457864834,1,
lfm25,3,cap8_chunk-1_pollpm_mem0.9,8,-1,lpm,0.9,0,R_short_decode,1.6564899996553983,424.061439911782,589.7104398773217,165.64899996553982,34.07239029183984,41.04761970229447,41.1176957283169,33.50996057270095,2.2302845511220246,2.235500183247558,2.2308616315646117,602.7998977806419,609.2852224363014,609.4894148549065,602.1001853514463,1,
lfm25,3,cap8_chunk-1_pollpm_mem0.9,8,-1,lpm,0.9,0,shared_prefix,6.555784715869268,1678.2808872625326,17077.511882430885,15399.230995168353,7543.422907823697,11205.9258709196,12515.916546289807,6658.39889621202,3.963120908056404,4.275940924828105,3.9275591971984953,8536.31682950072,12231.022999319248,13541.331786974331,7659.838032090192,1,
lfm25,3,cap8_chunk-1_pollpm_mem0.9,8,-1,lpm,0.9,0,tool_agent,5.224622070598175,1083.1425245660607,15014.858506919623,13931.715982353564,226.85775556601584,1025.8815795183175,1710.1985183684149,325.0130807212554,3.459879825243004,10.70393725328714,4.963606920261099,514.0020542312413,2393.745888257398,3662.878445144742,957.8834922728128,1,
lfm25,4,cap8_chunk-1_polfcfs_mem0.75,8,-1,fcfs,0.75,0,R_concurrent_decode,7.835043067295356,2005.771025227611,3572.779638686682,1567.008613459071,1568.5735244769603,3077.475908375345,3077.5984729500487,1575.313228997402,3.799209614083463,3.880179721369025,3.7958144827166063,2537.448243238032,4066.941937431693,4066.9694954995066,2543.2459220901364,1,
lfm25,4,cap8_chunk-1_polfcfs_mem0.75,8,-1,fcfs,0.75,0,R_long_prefill,12.18000961076719,389.7603075445501,49109.79875061331,48720.03844306876,219.1648164298385,219.60886614397168,219.64818509295583,218.65243115462363,3.205690930988039,3.299021572926112,3.2296888455147705,318.87060473673046,319.347136374563,319.38800564035773,318.7727853655815,1,
lfm25,4,cap8_chunk-1_polfcfs_mem0.75,8,-1,fcfs,0.75,0,R_medium_balanced,7.166711016104152,1834.678020122663,7568.046833005985,5733.368812883322,97.22141874954104,99.9518921598792,100.15616808086634,97.648842347553,3.979151224827065,4.1373347375067135,3.971977044563448,1110.5932781938463,1154.0371637092903,1154.0823770919817,1110.5029887112323,1,
lfm25,4,cap8_chunk-1_polfcfs_mem0.75,8,-1,fcfs,0.75,0,R_short_decode,1.6558468723801074,423.8967993293075,589.4814865673183,165.58468723801076,33.79978192970157,43.447295227088034,44.47243251372129,34.71099346643314,2.2271734927141784,2.2320150701131114,2.227779861731165,601.669637253508,610.5635644169524,611.6904626274481,602.2369605489075,1,
lfm25,4,cap8_chunk-1_polfcfs_mem0.75,8,-1,fcfs,0.75,0,shared_prefix,6.616164178704086,1693.738029748246,17234.797552828266,15541.05952308002,8605.543514015153,8718.960979627445,8720.093435118906,6578.117271878,3.9018389768898487,4.156969313272366,3.9126823631393854,9611.5294075571,9717.213770118542,9718.019562927077,7575.763807231851,1,
lfm25,4,cap8_chunk-1_polfcfs_mem0.75,8,-1,fcfs,0.75,0,tool_agent,5.226380233325458,1083.5070180718674,15019.911229245869,13936.404211174,255.56172337383032,1437.1383551275353,1754.76008425001,355.5562130967155,3.5294071971149434,11.516042102716469,5.145986540228538,519.2093418445438,2368.609339953397,3633.69981097523,992.156193763949,1,
lfm25,5,cap8_chunk-1_polfcfs_mem0.8,8,-1,fcfs,0.8,0,R_concurrent_decode,7.853915932448568,2010.6024787068332,3581.385665196547,1570.7831864897137,1553.4207317978144,3066.367694805376,3066.6322911297902,1561.8731940194266,3.808311827699928,3.894845414084985,3.797731648356764,2524.6444495860487,4059.5742543926463,4059.861549497582,2530.294764350401,1,
lfm25,5,cap8_chunk-1_polfcfs_mem0.8,8,-1,fcfs,0.8,0,R_long_prefill,11.666930053353209,373.3417617073027,47041.06197512014,46667.72021341284,234.67871081084013,235.1625297218561,235.21307326853275,233.9243039023131,3.1451108009223976,3.2814498960731493,3.1833045537613573,332.4596802704036,333.45577525906265,333.54363112710416,332.6067450689152,1,
lfm25,5,cap8_chunk-1_polfcfs_mem0.8,8,-1,fcfs,0.8,0,R_medium_balanced,6.610796052952681,1692.3637895558863,6981.000631918031,5288.636842362145,127.24885647185148,187.21353320870548,187.39227142650637,145.98333596950397,4.220475831671672,4.280996263739379,4.146328119688905,1203.5543615929782,1209.013644605875,1209.3264281749723,1203.297006490175,1,
lfm25,5,cap8_chunk-1_polfcfs_mem0.8,8,-1,fcfs,0.8,0,R_short_decode,1.6577962592362014,424.3958423644676,590.1754682880877,165.77962592362013,34.13028595969081,40.38009431678802,40.43334948364645,33.86865626089275,2.2296594611058635,2.236664240157626,2.2278524878898125,600.0733750406653,610.5355935869738,610.7460293686017,601.6914600040764,1,
lfm25,5,cap8_chunk-1_polfcfs_mem0.8,8,-1,fcfs,0.8,0,shared_prefix,6.590800534232511,1687.244936763523,17168.726447900648,15481.481511137126,8635.33599092625,8744.91680637002,8746.272334381938,6608.5339859746455,3.908889391916056,4.163632898810594,3.918692820296391,9639.860776485875,9744.966211286372,9746.15670925472,7607.713557819807,1,
lfm25,5,cap8_chunk-1_polfcfs_mem0.8,8,-1,fcfs,0.8,0,tool_agent,5.225820228720235,1083.3909207171355,15018.30185161108,13934.910930893944,236.65325436741117,1378.2813291298214,1751.0728443460532,346.4602025761269,3.517846542668376,11.548470949198588,5.152592846401837,518.9078149851412,2356.639927159992,3623.318779971449,983.5094076907262,1,
lfm25,6,cap8_chunk-1_polfcfs_mem0.85,8,-1,fcfs,0.85,0,R_concurrent_decode,7.815881762107291,2000.8657310994663,3564.0420835209247,1563.1763524214582,1575.5125056020916,3089.814148726873,3090.00630391296,1580.8250339032384,3.800876968193288,3.8869099469636295,3.7959362227268807,2544.6180489379917,4080.903756339103,4081.181897097267,2548.788770698593,1,
lfm25,6,cap8_chunk-1_polfcfs_mem0.85,8,-1,fcfs,0.85,0,R_long_prefill,5.454225872919242,174.53522793341574,21991.438719610385,21816.903491676967,627.3424981627613,627.8154346626252,627.8655927535146,613.5961747495458,3.157908817933452,4.712057616111011,3.613044305013553,725.4580107983202,726.3038407778367,726.3749820692465,725.6005482049659,1,
lfm25,6,cap8_chunk-1_polfcfs_mem0.85,8,-1,fcfs,0.85,0,R_medium_balanced,7.141197041685971,1828.1464426716088,7541.104076020385,5712.957633348777,98.23565348051488,104.52593816444278,104.7037116251886,99.13400924415328,3.98665440140986,4.148098775276951,3.980109698878711,1114.3118550535291,1161.3202970474958,1161.7427237331867,1114.0619824582243,1,
lfm25,6,cap8_chunk-1_polfcfs_mem0.85,8,-1,fcfs,0.85,0,R_short_decode,1.6293906152521505,417.1239975045505,580.0630590297656,162.93906152521504,35.735305631533265,92.34735886566337,114.01268049143252,44.983133499044925,2.2243849385310623,2.22773224318438,2.224887828898182,602.409039856866,659.429887519218,681.1753932805732,612.0509137981571,1,
lfm25,6,cap8_chunk-1_polfcfs_mem0.85,8,-1,fcfs,0.85,0,shared_prefix,6.601346187951473,1689.9446241155772,17196.19738151103,15506.252757395452,8629.54462855123,8738.663342641667,8740.044949152507,6597.639124418492,3.904697757360398,4.162665439550491,3.910393218066429,9630.653420696037,9737.97116484493,9739.46280177217,7594.675351047044,1,
lfm25,6,cap8_chunk-1_polfcfs_mem0.85,8,-1,fcfs,0.85,0,tool_agent,5.22656377999109,1083.545070048853,15020.438717584097,13936.893647535242,236.026612110436,1418.8208907144135,1731.6307683056214,348.3019092469476,3.528252418618649,11.536637076029647,5.170923241189531,525.2082110382617,2400.968332216142,3663.949033529497,987.471630082,1,
lfm25,7,cap8_chunk-1_polfcfs_mem0.9,8,-1,fcfs,0.9,0,R_concurrent_decode,6.969807873696752,1784.2708156663684,3178.2323904057184,1393.9615747393502,1854.765293886885,3587.838368862868,3587.9342867434025,1858.0311924743,3.812674555343156,3.901225301875349,3.8128154896149486,2824.793055187911,4578.332412731834,4578.41608769726,2830.299142326112,1,
lfm25,7,cap8_chunk-1_polfcfs_mem0.9,8,-1,fcfs,0.9,0,R_long_prefill,12.837617323190605,410.8037543420993,51761.273047104514,51350.46929276241,200.89224446564916,201.24624690506607,201.2725804420188,200.48409618902951,3.1676871416669696,3.241606125037276,3.1891995627853658,299.3626515381038,299.7173318872228,299.7548104496673,299.34928263537586,1,
lfm25,7,cap8_chunk-1_polfcfs_mem0.9,8,-1,fcfs,0.9,0,R_medium_balanced,7.053622239383151,1805.7272932820867,7448.625084788608,5642.897791506522,104.2726703453809,109.27934292703868,109.375518001616,105.36888416390866,4.010130021282855,4.138272267528901,4.004054358594265,1126.394834369421,1157.3608437320215,1157.8437897143883,1126.4027456054464,1,
lfm25,7,cap8_chunk-1_polfcfs_mem0.9,8,-1,fcfs,0.9,0,R_short_decode,1.6116168934908297,412.5739247336524,573.7356140827353,161.16168934908293,35.46148003078997,57.068016659468405,60.983441825956106,38.17072696983814,2.2285013550929,2.43499910952982,2.279397756124345,605.9037090744823,669.938626489602,675.3817645413801,618.8362203538418,1,
lfm25,7,cap8_chunk-1_polfcfs_mem0.9,8,-1,fcfs,0.9,0,shared_prefix,6.610754213772919,1692.3530787258671,17220.704847774683,15528.351769048815,8614.308569813147,8727.282579266466,8728.5840507783,6589.047054636467,3.898669147462237,4.160037632830734,3.8998981921786378,9617.345922160894,9725.101468432696,9726.270588887855,7583.409378577926,1,
lfm25,7,cap8_chunk-1_polfcfs_mem0.9,8,-1,fcfs,0.9,0,tool_agent,5.226653758278752,1083.5637238975596,15020.697303035766,13937.133579138206,238.76187577843663,1422.9633939918126,1732.9863270465278,349.10191123140976,3.603084944188595,12.109321402483864,5.234958238243884,526.5988414175808,2403.762624273075,3690.324340118095,987.9929977981374,1,
lfm25,8,cap8_chunk2048_pollpm_mem0.75,8,2048,lpm,0.75,0,R_concurrent_decode,7.899606696693257,2022.2993143534736,3602.2206536921253,1579.9213393386517,1523.5942585859448,3038.2721993373707,3038.4305034950376,1538.6313002672978,3.8097264774728057,3.8932246512130777,3.772785638084672,2495.03510678187,4030.922022787854,4031.053456407972,2500.691637978889,1,
lfm25,8,cap8_chunk2048_pollpm_mem0.75,8,2048,lpm,0.75,0,R_long_prefill,8.898955401271174,284.76657284067755,35880.58817792537,35595.82160508469,197.82018288969996,335.6332289054989,350.7988939806819,203.72659899294376,7.355110509501349,11.190198904143706,7.195638960492747,425.96972291357815,426.9851176533848,427.12789197452366,426.1966123012826,1,
lfm25,8,cap8_chunk2048_pollpm_mem0.75,8,2048,lpm,0.75,0,R_medium_balanced,6.851651937704975,1754.0228960524737,7235.344446216453,5481.32155016398,129.16980404406786,150.3035674104467,150.40318940300494,122.03244853299113,4.1370388394331234,4.50899734426582,4.080248903597285,1162.7883634064349,1250.3902185708284,1250.5861338227987,1162.4959189502988,1,
lfm25,8,cap8_chunk2048_pollpm_mem0.75,8,2048,lpm,0.75,0,R_short_decode,1.6509261489845248,422.6370941400384,587.7297090384908,165.09261489845247,34.1129032894969,48.569400398992,51.9306269614026,36.387303785886616,2.2268227493280874,2.2292680695586244,2.227020929040169,601.8423973582685,616.1021313862875,619.94761234615,603.9988963166252,1,
lfm25,8,cap8_chunk2048_pollpm_mem0.75,8,2048,lpm,0.75,0,shared_prefix,7.386436784192665,1890.9278167533223,19241.321583597637,17350.39376684431,5422.787330346182,14510.144828981702,15278.079363894649,5827.865650400781,3.835640036884477,4.1246302738128335,3.80808154754554,6434.229889884591,15524.333975929749,16329.585757255554,6798.9005502458895,1,
lfm25,8,cap8_chunk2048_pollpm_mem0.75,8,2048,lpm,0.75,0,tool_agent,5.22612272151079,1083.4536320100094,15019.171175054606,13935.717543044597,166.3213379215449,980.3048348519912,1938.6192935286083,287.4577616504393,4.055847921832042,20.19551792182028,7.147446617234022,461.1147611867637,2615.221037901935,3771.009918637571,957.8169508627616,1,
lfm25,9,cap8_chunk2048_pollpm_mem0.8,8,2048,lpm,0.8,0,R_concurrent_decode,7.67983680013326,1966.0382208341143,3502.0055808607663,1535.967360026652,1638.8755273073912,3161.5856733405963,3161.725818803534,1642.9687216732418,3.807095933121209,3.883584330095818,3.806517108380064,2609.38393487595,4151.815865677781,4151.987109784968,2613.630584310158,1,
lfm25,9,cap8_chunk2048_pollpm_mem0.8,8,2048,lpm,0.8,0,R_long_prefill,11.843882100147187,379.0042272047101,47754.532627793466,47375.52840058876,166.58837907016277,222.2947455011308,225.85287122055888,158.49980246275663,5.188542906375181,7.897016728266832,5.457620898772391,327.5407070759684,328.1971456948668,328.28568999655545,327.6860503247008,1,
lfm25,9,cap8_chunk2048_pollpm_mem0.8,8,2048,lpm,0.8,0,R_medium_balanced,6.831305903935911,1748.814311407593,7213.859034556322,5465.044723148729,127.54185264930128,128.79811215680093,129.51490876730531,113.17617155145854,4.110271129391941,4.2879357591600105,4.123610001075647,1164.6690440829843,1176.5189740108326,1177.0356795052066,1164.696721825749,1,
lfm25,9,cap8_chunk2048_pollpm_mem0.8,8,2048,lpm,0.8,0,R_short_decode,1.658530288158267,424.5837537685164,590.4367825843431,165.85302881582672,33.0038764514029,39.42863896954805,39.5740175107494,31.730084854643792,2.233363204069581,2.2379453431801104,2.234066699382613,602.5084357243031,608.5907394299284,608.6287760408595,601.1372793582268,1,
lfm25,9,cap8_chunk2048_pollpm_mem0.8,8,2048,lpm,0.8,0,shared_prefix,7.218534153767154,1847.9447433643916,18803.943101774978,16955.998358410587,5110.949660418555,14910.71333375292,15672.509982050397,5982.787614371773,3.901755229076918,4.266416932748375,3.888726685889434,6086.68495924212,15871.112859924306,16670.126980189234,6974.3821378360735,1,
lfm25,9,cap8_chunk2048_pollpm_mem0.8,8,2048,lpm,0.8,0,tool_agent,5.201433719700885,1078.335231599789,14948.218316868186,13869.883085268397,177.96987714245915,1031.7834816640216,1896.7432010779148,295.46806713333353,4.15731565133387,19.465290429070592,7.394032418445152,465.4150321148336,2662.107356963678,3845.686909859068,988.6871941806749,1,
lfm25,10,cap8_chunk2048_pollpm_mem0.85,8,2048,lpm,0.85,0,R_concurrent_decode,7.092205697429816,1815.604658542033,3234.045798027996,1418.441139485963,1823.0097340419888,3509.142974228598,3509.3084850162268,1824.6339546021773,3.805540518506485,3.914615057007063,3.8120816917131273,2792.0953277498484,4500.087035633624,4500.265264543705,2796.7147859890247,1,
lfm25,10,cap8_chunk2048_pollpm_mem0.85,8,2048,lpm,0.85,0,R_long_prefill,12.05692026974144,385.82144863172607,48613.50252759749,48227.68107896576,162.81042783521116,217.0022482750937,220.45361732598397,154.49014585465193,5.138256902536077,7.826961864597134,5.414955839965373,322.34630174934864,322.9654664639384,323.02903291769326,322.35377689357847,1,
lfm25,10,cap8_chunk2048_pollpm_mem0.85,8,2048,lpm,0.85,0,R_medium_balanced,6.871312209149848,1759.0559255423611,7256.105692862239,5497.049767319879,136.36223901994526,148.82575580850244,149.35201527550817,126.17006711661816,4.114266896766482,4.270497524617788,4.050191541946512,1158.8685913011432,1186.634628335014,1186.8261218536643,1158.9689103129786,1,
lfm25,10,cap8_chunk2048_pollpm_mem0.85,8,2048,lpm,0.85,0,R_short_decode,1.6569834084524042,424.1877525638155,589.8860934090559,165.6983408452404,32.576970057561994,39.92911125533283,41.06718203984201,32.43252635002136,2.232530946825065,2.238232798613257,2.2328179026346366,602.1254356019199,608.0714104231447,609.232184914872,601.5212284983136,1,
lfm25,10,cap8_chunk2048_pollpm_mem0.85,8,2048,lpm,0.85,0,shared_prefix,7.383190336309979,1890.0967260953544,19232.86473904048,17342.768012945126,5313.209643121809,14511.927497293782,15281.771939089522,5823.1242650945205,3.8326843312996273,4.115413718802087,3.838817394940389,6333.835189463571,15523.86951474471,16330.668363766745,6801.995801539306,1,
lfm25,10,cap8_chunk2048_pollpm_mem0.85,8,2048,lpm,0.85,0,tool_agent,5.197767775474638,1077.5752263725244,14937.68288806442,13860.107661691894,155.44050768949091,973.7667616689544,1890.660692038945,285.9486295329407,4.179173252175833,16.03509909473359,7.171924851802879,463.0663814023137,2744.8297217022623,3940.859853248112,982.000232974533,1,
lfm25,11,cap8_chunk2048_pollpm_mem0.9,8,2048,lpm,0.9,0,R_concurrent_decode,7.950189575628605,2035.248531360923,3625.286446486644,1590.037915125721,1515.447698533535,3021.384538966231,3021.4958822121844,1529.6934148936998,3.794102252954069,3.882935940945412,3.758120410174004,2483.114337548613,4011.482858308591,4011.5365394577375,2488.0141194880707,1,
lfm25,11,cap8_chunk2048_pollpm_mem0.9,8,2048,lpm,0.9,0,R_long_prefill,11.477191338924266,367.2701228455765,46276.03547854264,45908.76535569706,165.34550627693534,233.4262408548966,238.58524330426008,160.42651410680264,5.558639644615113,8.328587270431939,5.728785004917412,338.0306432954967,338.7264037039131,338.80889649502933,338.0188492592424,1,
lfm25,11,cap8_chunk2048_pollpm_mem0.9,8,2048,lpm,0.9,0,R_medium_balanced,6.441331021176837,1648.9807414212703,6802.04555836274,5153.064816941469,140.23388409987092,248.09980276040733,248.52714180015028,146.15375534049235,4.308699689549851,4.491073552372993,4.271778678886738,1235.3910757228732,1239.6308660972863,1239.928291225806,1235.457318456611,1,
lfm25,11,cap8_chunk2048_pollpm_mem0.9,8,2048,lpm,0.9,0,R_short_decode,1.6478835744024407,421.8581950470248,586.6465524872689,164.78835744024408,36.91199538297951,42.18872978817672,42.26414182689041,36.61726810969412,2.230230499716366,2.233296450236414,2.2306634818514475,605.6483769789338,610.7713062083349,610.7764557702467,605.1571153220721,1,
lfm25,11,cap8_chunk2048_pollpm_mem0.9,8,2048,lpm,0.9,0,shared_prefix,7.379478585221278,1889.1465178166472,19223.195801442747,17334.0492836261,5303.137253969908,14526.1813220335,15303.295338451862,5836.22266013117,3.823901243580907,4.115777541061535,3.833983036461437,6322.709584841505,15537.940268800576,16352.632763232104,6813.86172436396,1,
lfm25,11,cap8_chunk2048_pollpm_mem0.9,8,2048,lpm,0.9,0,tool_agent,5.206265909120765,1079.3370169493712,14962.105376915346,13882.768359965976,161.93473618477583,1025.6593014346408,1918.633413198403,296.1982104671188,4.173675925648284,15.675737013054244,7.171840680375524,469.8126974981278,2774.391585937701,4016.337858610786,996.2935101077892,1,
lfm25,12,cap8_chunk2048_polfcfs_mem0.75,8,2048,fcfs,0.75,0,R_concurrent_decode,7.631610974824343,1953.692409555032,3480.0146045199003,1526.322194964869,1664.098987588659,3185.858192690648,3186.081462907605,1663.3025310293306,3.8249639228132426,3.946880960526566,3.831343496830075,2636.7817744612694,4178.196717053652,4178.5851843468845,2640.295122721,1,
lfm25,12,cap8_chunk2048_polfcfs_mem0.75,8,2048,fcfs,0.75,0,R_long_prefill,11.733764431023156,375.480461792741,47310.538185885365,46935.05772409262,184.7177145536989,231.7777641583234,232.0534321013838,169.4601938361302,4.752127048108847,7.954609626153063,5.2434730065626,332.03365304507315,332.3749929200858,332.4071793165058,332.0078570395708,1,
lfm25,12,cap8_chunk2048_polfcfs_mem0.75,8,2048,fcfs,0.75,0,R_medium_balanced,6.810107396954662,1743.3874936203936,7191.473411184124,5448.08591756373,134.75662004202604,139.84556798823178,139.9408216122538,118.5077001573518,4.180210353076166,4.404105231914596,4.10709765331144,1166.2120709661394,1223.5906952992082,1223.9479197189212,1165.817601751769,1,
lfm25,12,cap8_chunk2048_polfcfs_mem0.75,8,2048,fcfs,0.75,0,R_short_decode,1.6526009414691458,423.0658410161013,588.3259351630159,165.26009414691458,35.09056544862688,42.09576207213104,42.73706122301519,34.812080033589154,2.2301110913794417,2.2338645449232453,2.230559377874082,603.4748090896755,610.5122597655281,611.4211479900405,603.3252987544984,1,
lfm25,12,cap8_chunk2048_polfcfs_mem0.75,8,2048,fcfs,0.75,0,shared_prefix,7.199092876192898,1842.967776305382,18753.29948500393,16910.331708698544,7569.186481647193,8183.721020002848,8215.238341013901,6022.327647828206,3.975334120731728,4.352867624211107,4.012486532459139,8544.083825545385,9209.101418196224,9223.377102180384,7045.38403704646,1,
lfm25,12,cap8_chunk2048_polfcfs_mem0.75,8,2048,fcfs,0.75,0,tool_agent,5.197586845965625,1077.5377169713636,14937.162921081,13859.625204109638,206.6450009588152,1544.606908713467,1886.362862102687,349.6618631435558,3.896747948601842,20.513646071776744,7.238180167010346,529.2323350440711,2510.719857038926,3750.938621135427,1030.2827419224195,1,
lfm25,13,cap8_chunk2048_polfcfs_mem0.8,8,2048,fcfs,0.8,0,R_concurrent_decode,7.893127659219709,2020.6406807602452,3599.266212604188,1578.625531843942,1531.5265473909676,3045.2380050439388,3045.3511057375,1543.210258023464,3.8047040328748674,3.890665797242785,3.783713249654016,2501.657105749473,4037.2195683419695,4037.3465791437775,2508.057136685238,1,
lfm25,13,cap8_chunk2048_polfcfs_mem0.8,8,2048,fcfs,0.8,0,R_long_prefill,11.337127454007891,362.7880785282526,45711.29789455982,45348.509816031576,189.1005120705813,241.5107377106324,244.63837631512436,172.42877779062837,5.016983306455996,8.558373458142722,5.560573855144602,344.6269945707172,345.3178178751841,345.4144749091938,344.80656730011106,1,
lfm25,13,cap8_chunk2048_polfcfs_mem0.8,8,2048,fcfs,0.8,0,R_medium_balanced,6.7195096175620455,1720.1944620958836,7095.80215614552,5375.607694049636,129.30510635487735,131.62128964904696,132.3305129306391,114.45761186769232,4.25081080391857,4.407665977144943,4.191251481111691,1183.428835589439,1221.501965657808,1221.947812777944,1183.2267395511735,1,
lfm25,13,cap8_chunk2048_polfcfs_mem0.8,8,2048,fcfs,0.8,0,R_short_decode,1.6584591238053803,424.5655356941774,590.4114480747155,165.84591238053807,33.69615343399346,42.59357843548059,45.99002685397864,32.14674792252481,2.232824316175253,2.2372502673333785,2.233303280704387,602.6017153635621,611.7227538023144,615.0009817350656,601.3592587551102,1,
lfm25,13,cap8_chunk2048_polfcfs_mem0.8,8,2048,fcfs,0.8,0,shared_prefix,7.362758179943824,1884.8660940656189,19179.639929463978,17294.77383539836,7426.493100589141,7905.015030130744,7908.092851457186,5844.542256567365,3.899823807581675,4.125108603004585,3.894617701996687,8409.309254260734,8905.152966990136,8906.092131109908,6837.608566045674,1,
lfm25,13,cap8_chunk2048_polfcfs_mem0.8,8,2048,fcfs,0.8,0,tool_agent,5.194581050008674,1076.9145703825482,14928.524669283175,13851.610098900628,213.3977208286524,1526.9837786676346,1894.4583526765923,353.7572281085886,3.89814400476032,33.97003747522829,7.854587683169452,520.6268944311887,2510.2815486025024,3764.3129359418513,1038.0365371191874,1,
lfm25,14,cap8_chunk2048_polfcfs_mem0.85,8,2048,fcfs,0.85,0,R_concurrent_decode,7.883630366808686,2018.209373903024,3594.935447264761,1576.7260733617372,1535.6188756413758,3050.7495545083657,3050.875636348501,1547.438908019103,3.808941813551036,3.894090586451485,3.786653579628168,2507.172947982326,4043.591069220565,4043.893565163016,2513.035570824286,1,
lfm25,14,cap8_chunk2048_polfcfs_mem0.85,8,2048,fcfs,0.85,0,R_long_prefill,10.789763374341378,345.2724279789241,43504.32592534444,43159.05349736552,196.1845881305635,250.86046271026132,254.17736373841765,179.61769131943583,5.112690355388388,8.708404674525221,5.644580905115412,354.6779891476035,355.1418093033135,355.1912140287459,354.5996993780136,1,
lfm25,14,cap8_chunk2048_polfcfs_mem0.85,8,2048,fcfs,0.85,0,R_medium_balanced,6.7366663880888815,1724.5865953507537,7113.919705821859,5389.333110471105,125.95971394330265,129.30726364720613,129.38336378429085,111.70037044212222,4.252363670179072,4.4090574255724455,4.1927298681591365,1181.1415839474648,1216.9272885657847,1217.002131137997,1180.846486822702,1,
lfm25,14,cap8_chunk2048_polfcfs_mem0.85,8,2048,fcfs,0.85,0,R_short_decode,1.6495368225870826,422.28142658229314,587.2351088410014,164.95368225870826,36.9772429112345,42.86221778020263,44.12986038252711,35.397993051446974,2.232563313936778,2.2354868298137798,2.2327298071785484,606.2876384239644,611.6179701639339,613.0137661239132,604.4645071378909,1,
lfm25,14,cap8_chunk2048_polfcfs_mem0.85,8,2048,fcfs,0.85,0,shared_prefix,7.227182174738453,1850.158636733044,18826.47079102923,16976.312154296185,7466.31083637476,8166.494679590687,8168.970411163755,5992.327513416967,3.9044946486897327,4.349008328281343,3.920680228432449,8448.592079104856,9167.976074875332,9169.047832749784,6992.1009716672415,1,
lfm25,14,cap8_chunk2048_polfcfs_mem0.85,8,2048,fcfs,0.85,0,tool_agent,5.224450071637678,1083.1068666015651,15014.364205127016,13931.25733852545,224.7636758256704,1542.2894145129244,1876.470644255168,359.3617346417159,3.884189346525152,19.704166901133508,7.357093491081454,545.3698972705752,2513.7885562842675,3760.9821700863527,1035.7695001061074,1,
lfm25,15,cap8_chunk2048_polfcfs_mem0.9,8,2048,fcfs,0.9,0,R_concurrent_decode,7.887045232042683,2019.083579402927,3596.492625811464,1577.4090464085366,1536.2342945300045,3054.411491053179,3054.5481126662344,1551.1422932322605,3.8033219556525055,3.8852896123174943,3.764931163773416,2505.981988506392,4045.033372566104,4045.204970831983,2511.199739994481,1,
lfm25,15,cap8_chunk2048_polfcfs_mem0.9,8,2048,fcfs,0.9,0,R_long_prefill,8.654202046452475,276.9344654864792,34893.74265129638,34616.8081858099,212.2765474487096,339.0088582178577,352.4963542399928,213.26926082838327,7.7949672667009215,11.800342575166251,7.768962607388534,453.99518380872905,454.73008200060576,454.801718830131,454.1071016574279,1,
lfm25,15,cap8_chunk2048_polfcfs_mem0.9,8,2048,fcfs,0.9,0,R_medium_balanced,6.937137858835248,1775.9072918618235,7325.617578930022,5549.710287068198,120.4551535192877,130.91775553766638,131.60381347406656,110.0242419342976,4.118994777729991,4.406040126238676,4.066023984741347,1146.7895316891372,1219.3149974336848,1219.478082167916,1146.860358043341,1,
lfm25,15,cap8_chunk2048_polfcfs_mem0.9,8,2048,fcfs,0.9,0,R_short_decode,1.6529655124414988,423.1591711850237,588.4557224291735,165.29655124414987,36.41024604439736,42.28107291273773,42.36819080077112,36.22676077065989,2.223870415678796,2.2314009136485526,2.224714921665556,603.7316047586501,609.4417961779982,609.8427772242576,603.2497581909411,1,
lfm25,15,cap8_chunk2048_polfcfs_mem0.9,8,2048,fcfs,0.9,0,shared_prefix,7.354836990023395,1882.8382694459888,19159.00560102704,17276.167331581048,7428.823658032343,7935.894804424606,7939.315278441645,5853.319545756676,3.899900158684628,4.125202177092433,3.899748671728664,8412.206820445135,8936.085490719415,8936.950706783682,6847.574978059129,1,
lfm25,15,cap8_chunk2048_polfcfs_mem0.9,8,2048,fcfs,0.9,0,tool_agent,5.1972284735724985,1077.4634209986823,14936.133007203429,13858.669586204744,198.34706839174032,1505.5602030828588,1872.261196202598,342.5650086114183,3.8820642262234895,18.27769692548934,7.384446143445549,526.9807241857052,2485.857523651789,3709.912975342011,1019.233806070406,1,
lfm25,16,cap8_chunk8192_pollpm_mem0.75,8,8192,lpm,0.75,0,R_concurrent_decode,7.836892005335747,2006.2443533659512,3573.6227544331005,1567.3784010671493,1562.352045904845,3077.329152310267,3077.5075519504026,1569.1155066306237,3.80598152348516,3.8915505100443375,3.800892009052868,2532.9104708507657,4069.5786560419942,4069.693764396943,2538.342968939105,1,
lfm25,16,cap8_chunk8192_pollpm_mem0.75,8,8192,lpm,0.75,0,R_long_prefill,11.710951097916023,374.7504351333128,47218.55482679741,46843.804391664096,231.5750329289585,232.97066891100255,232.99816641490904,215.0676399469376,3.241783195746041,5.12379931451212,3.77879558777016,332.1270633023232,332.8920395579189,332.94561500661075,332.2103031678125,1,
lfm25,16,cap8_chunk8192_pollpm_mem0.75,8,8192,lpm,0.75,0,R_medium_balanced,7.044383979050384,1803.3622986368985,7438.869481877205,5635.507183240307,101.48373222909868,126.26335711684078,126.40169847290964,110.7346249918919,4.062912192232176,4.139915906239812,3.9954202224537,1129.9502451438457,1155.9662473155186,1155.985522060655,1129.5667817175854,1,
lfm25,16,cap8_chunk8192_pollpm_mem0.75,8,8192,lpm,0.75,0,R_short_decode,1.6567291078156905,424.1226516008168,589.7955623823858,165.67291078156904,34.40272551961243,40.8361223526299,41.15823628380895,33.865961187984794,2.2277425554599244,2.231670635356169,2.2278380338366075,602.1295536775142,608.8049593847245,608.8211837317795,601.6856114729308,1,
lfm25,16,cap8_chunk8192_pollpm_mem0.75,8,8192,lpm,0.75,0,shared_prefix,7.008461555915377,1794.1661583143366,18256.713831524125,16462.54767320979,4904.610364697874,15045.010133972391,16178.849469493143,6191.28418998298,3.8387743610085225,4.268080843247327,3.842221545232414,5865.047040395439,16038.71229402721,17162.941230782308,7171.050684017246,1,
lfm25,16,cap8_chunk8192_pollpm_mem0.75,8,8192,lpm,0.75,0,tool_agent,5.22914449992505,1084.0800920019617,15027.855358277102,13943.77526627514,207.6500109396875,1037.0292380219323,1702.2347117541349,309.80703781126067,3.6811781666563967,9.64366720492641,4.85661272391499,495.03096379339695,2439.748501894064,3678.127534086816,941.4643390313722,1,
lfm25,17,cap8_chunk8192_pollpm_mem0.8,8,8192,lpm,0.8,0,R_concurrent_decode,7.858590277857891,2011.79911113162,3583.517166703198,1571.718055571578,1556.5089124720544,3066.8272657319903,3067.014351002872,1562.71543011826,3.799836933795436,3.8841935517449007,3.799049911207939,2525.382331106812,4057.21222164575,4057.360155619681,2531.4731574762845,1,
lfm25,17,cap8_chunk8192_pollpm_mem0.8,8,8192,lpm,0.8,0,R_long_prefill,9.450506222420753,302.4161991174641,38104.44108880047,37802.02488968301,285.62554297968745,317.1555236913264,317.18328231945634,266.03587670251727,4.163210618219549,7.349751678655944,4.797973617490742,414.6850721444935,415.3329989640042,415.3868239140138,414.7730588447303,1,
lfm25,17,cap8_chunk8192_pollpm_mem0.8,8,8192,lpm,0.8,0,R_medium_balanced,6.876496301240264,1760.3830531175076,7261.580094109719,5501.197040992211,105.1875101402402,111.70113377738744,111.71930825803427,106.9383045542054,4.12548994462864,4.2690794768871045,4.1167678844466735,1157.0713298860935,1191.602659295313,1191.953426017426,1156.714115088107,1,
lfm25,17,cap8_chunk8192_pollpm_mem0.8,8,8192,lpm,0.8,0,R_short_decode,1.6509779886290603,422.6503650890394,587.7481639519455,165.09779886290602,33.92223035916686,40.748481010086834,41.42349033150822,33.74762600287795,2.236740498383548,2.2406437259721166,2.237215017504558,604.2673115152866,610.8413208974525,611.5082111349329,603.9571712026373,1,
lfm25,17,cap8_chunk8192_pollpm_mem0.8,8,8192,lpm,0.8,0,shared_prefix,7.067025803891411,1809.1586057962013,18409.27095230257,16600.11234650637,4754.589334828779,14902.896461170169,16037.882626261562,6122.512928151991,3.836556912089388,4.094385135024056,3.830638031256864,5714.230430545285,15895.711172302254,17021.312000323087,7099.198079464259,1,
lfm25,17,cap8_chunk8192_pollpm_mem0.8,8,8192,lpm,0.8,0,tool_agent,5.223378333167439,1082.8846791406077,15011.284173448244,13928.399494307634,207.4256199412048,1033.452604920603,1698.125158455222,312.46382125420496,3.691488083097197,9.149775696232131,4.597783354743124,486.8745631538332,2431.5108201932157,3682.0537819666783,944.2926588468254,1,
lfm25,18,cap8_chunk8192_pollpm_mem0.85,8,8192,lpm,0.85,0,R_concurrent_decode,7.867165851452111,2013.9944579717403,3587.427628262162,1573.433170290422,1553.8578720297664,3063.260468374938,3063.380731646903,1562.0600235124584,3.797250135126067,3.879048510491117,3.7857527430876905,2522.1566564869136,4052.364094508812,4052.410660702735,2527.42697299982,1,
lfm25,18,cap8_chunk8192_pollpm_mem0.85,8,8192,lpm,0.85,0,R_long_prefill,12.278188658475306,392.9020370712098,49505.65667097244,49112.754633901226,218.38148729875684,219.67915552668276,219.81195046566427,206.41033514402807,3.191096422773215,4.568829364143311,3.5811039513998453,317.3095870297402,318.1227232562378,318.17889569792897,317.4245576374233,1,
lfm25,18,cap8_chunk8192_pollpm_mem0.85,8,8192,lpm,0.85,0,R_medium_balanced,6.593955854245931,1688.0526986869584,6963.217382083703,5275.164683396745,123.0548529420048,190.16654253937304,190.2528308797628,150.24396125227213,4.243779523919026,4.270654633257757,4.1357065354674765,1204.8923175316304,1207.6162331504747,1207.8520336886868,1204.8491277964786,1,
lfm25,18,cap8_chunk8192_pollpm_mem0.85,8,8192,lpm,0.85,0,R_short_decode,1.6557252290508233,423.8656586370108,589.438181542093,165.57252290508234,35.57182406075299,39.16041359771043,39.78001287672669,33.22102245874703,2.231918007829318,2.235901321273185,2.232366518040165,604.8014336265624,607.6271882746369,608.2838191557676,602.1948455600068,1,
lfm25,18,cap8_chunk8192_pollpm_mem0.85,8,8192,lpm,0.85,0,shared_prefix,7.103229718657058,1818.4268079762069,18503.58045320857,16685.153645232367,4552.62063886039,14187.947887298642,15590.002373415044,6015.434153297974,3.8592722778226816,4.167727282197744,3.8534170461621127,5513.3390529081225,15200.9294936899,16649.848071197048,6998.055500069313,1,
lfm25,18,cap8_chunk8192_pollpm_mem0.85,8,8192,lpm,0.85,0,tool_agent,5.225092583622587,1083.2400689737167,15016.210697832526,13932.97062885881,215.13576060533524,1041.8747250689194,1725.8578345039853,314.9415562301874,3.6521130241453648,8.972509453694023,4.540137300153222,490.057552466169,2429.1577325901007,3670.701360572129,945.7291898783296,1,
lfm25,19,cap8_chunk8192_pollpm_mem0.9,8,8192,lpm,0.9,0,R_concurrent_decode,7.864451255790628,2013.299521482401,3586.189772640526,1572.8902511581257,1550.088209565729,3062.375932536088,3062.623871555552,1558.5555048310198,3.802426407734553,3.890016672986688,3.7920976788097738,2519.766631303355,4054.287216253578,4054.56845278386,2525.540412927512,1,
lfm25,19,cap8_chunk8192_pollpm_mem0.9,8,8192,lpm,0.9,0,R_long_prefill,12.279911035355603,392.9571531313793,49512.60129455379,49119.64414142241,215.61397681944072,217.94132727663964,218.2314966386184,203.9662488969043,3.2534288212416635,4.62548826040039,3.6360738055420017,316.57469691708684,317.10581548977643,317.1767910430208,316.68453686870635,1,
lfm25,19,cap8_chunk8192_pollpm_mem0.9,8,8192,lpm,0.9,0,R_medium_balanced,6.804794398127967,1742.0273659207596,7185.862884423133,5443.835518502374,106.90094833262263,130.16631559003145,130.42137047741562,115.569774992764,4.193789279088378,4.272786530611269,4.1318474499527,1169.299989705905,1195.3082159161568,1195.732220634818,1169.1908747307025,1,
lfm25,19,cap8_chunk8192_pollpm_mem0.9,8,8192,lpm,0.9,0,R_short_decode,1.6503550282153503,422.4908872231297,587.5263900446648,165.03550282153506,35.95165302976966,44.05699463095516,45.05662727635354,35.60579940676689,2.230965441056326,2.233981299799647,2.2308427004741542,604.9266890622675,612.1263520792127,612.8891057893634,604.1912720538676,1,
lfm25,19,cap8_chunk8192_pollpm_mem0.9,8,8192,lpm,0.9,0,shared_prefix,7.146622426238299,1829.5353411170045,18616.61642242454,16787.081081307533,4800.176533870399,14627.640274493024,16475.997681901794,5991.250000530272,3.752050892102952,4.237965958138161,3.814238516608975,5732.171428389847,15578.171478118747,17524.835908473473,6963.85123582877,1,
lfm25,19,cap8_chunk8192_pollpm_mem0.9,8,8192,lpm,0.9,0,tool_agent,5.225434175885312,1083.3108861736634,15017.19238788064,13933.881501706976,229.8923395574093,1085.6961401412254,1744.454969111829,334.3859633104876,3.851559323852905,13.97680907696485,5.73129060594721,529.8796140123159,2427.4880215059948,3690.185833335853,981.2540398817508,1,
lfm25,20,cap8_chunk8192_polfcfs_mem0.75,8,8192,fcfs,0.75,0,R_concurrent_decode,7.83153616293976,2004.8732577125784,3571.180490300531,1566.307232587952,1561.2410579342395,3075.7393195293844,3075.9077014401555,1566.857165656984,3.8118258072976383,3.8987465375376975,3.8107310740195,2533.433015923947,4069.91099154111,4070.055272299796,2538.593589531956,1,
lfm25,20,cap8_chunk8192_polfcfs_mem0.75,8,8192,fcfs,0.75,0,R_long_prefill,12.367264735490377,395.75247153569205,49864.8114134972,49469.05894196151,214.29643500596285,215.5188472243026,215.55781888309863,201.9526476506144,3.208996307465338,4.62584470533916,3.610811387789586,313.9377024490386,314.5063316449523,314.5752188190818,313.88780067209154,1,
lfm25,20,cap8_chunk8192_polfcfs_mem0.75,8,8192,fcfs,0.75,0,R_medium_balanced,6.565413326037532,1680.745811465608,6933.076472295634,5252.330660830025,131.50040339678526,201.42217737156895,201.62035378161815,148.56160708586685,4.234677240909899,4.2866179970659175,4.166991402641596,1210.917861200869,1214.1662810463458,1214.3120328430086,1211.144414759474,1,
lfm25,20,cap8_chunk8192_polfcfs_mem0.75,8,8192,fcfs,0.75,0,R_short_decode,1.6559786001711692,423.9305216438193,589.5283816609362,165.59786001711691,34.454726381227374,42.61295769829303,43.83330921176821,34.071627364028245,2.229666367501897,2.2357673640912914,2.2304852651616924,603.0196500942111,610.3604887612164,611.6286617703736,602.2864845581353,1,
lfm25,20,cap8_chunk8192_polfcfs_mem0.75,8,8192,fcfs,0.75,0,shared_prefix,7.124245920235375,1823.806955580256,18558.32667318564,16734.519717605384,7489.802892087027,8444.523666822352,8445.437735146843,6140.671897876018,3.889414866217504,4.091255864785875,3.885004164248878,8485.717946430668,9444.617608841509,9445.92228794936,7131.316994986264,1,
lfm25,20,cap8_chunk8192_polfcfs_mem0.75,8,8192,fcfs,0.75,0,tool_agent,5.227658758725742,1083.7720755652272,15023.585538645351,13939.813463080123,226.49799450300637,1447.8944924892855,1746.5052250912406,346.18230503518134,3.640945085680497,11.617044322576271,5.296256065089987,521.5994666796178,2410.710104508323,3701.5276647405694,988.1694572325796,1,
lfm25,21,cap8_chunk8192_polfcfs_mem0.8,8,8192,fcfs,0.8,0,R_concurrent_decode,7.859256782407976,2011.9697362964416,3583.821092778037,1571.8513564815953,1554.1655216366053,3066.767651308328,3067.0390198379755,1561.2908908951797,3.803698639111484,3.884141122849256,3.791642118948421,2524.154655169696,4057.108817365952,4057.52869757358,2528.1596312270267,1,
lfm25,21,cap8_chunk8192_polfcfs_mem0.8,8,8192,fcfs,0.8,0,R_long_prefill,12.281498141320505,393.0079405222561,49519.00050580427,49125.99256528202,216.13838523626328,217.51429319847372,217.54249109420925,202.9430470429361,3.220007559584994,4.724545624377505,3.648986934774345,316.0630534403026,316.35924177244306,316.38362841680646,316.0616420209408,1,
lfm25,21,cap8_chunk8192_polfcfs_mem0.8,8,8192,fcfs,0.8,0,R_medium_balanced,6.658331600868508,1704.532889822338,7031.198170517145,5326.665280694807,120.16836646944284,172.64541634358466,172.7341913152486,142.080171557609,4.231498168562265,4.269036195040041,4.131163373776693,1195.6849438138306,1207.6233240077272,1207.923158374615,1195.5268318706658,1,
lfm25,21,cap8_chunk8192_polfcfs_mem0.8,8,8192,fcfs,0.8,0,R_short_decode,1.6503344626911018,422.4856224489221,587.5190687180323,165.0334462691102,33.853056374937296,41.45436771214008,41.98556885123253,34.134262532461435,2.237366138975702,2.241752401553066,2.2378462781591586,604.9403315410018,612.0292221894488,612.6472028670833,604.5047456282191,1,
lfm25,21,cap8_chunk8192_polfcfs_mem0.8,8,8192,fcfs,0.8,0,shared_prefix,7.143228129822964,1828.6664012346787,18607.774439370238,16779.108038135557,7475.048493361101,8402.513101836666,8403.414130238816,6126.693882346444,3.879358760976032,4.073999361043759,3.8702858272278697,8469.582664780319,9400.309467478655,9401.541222161612,7113.586259587464,1,
lfm25,21,cap8_chunk8192_polfcfs_mem0.8,8,8192,fcfs,0.8,0,tool_agent,5.228033267941117,1083.8497169432128,15024.6618275716,13940.812110628389,205.69883496500552,1417.6201586145903,1730.0492271501564,327.93055246351287,3.620024916848966,12.546539591515764,5.303923919119393,471.7132530640811,2398.221372044643,3647.555610802956,963.4587650024332,1,
lfm25,22,cap8_chunk8192_polfcfs_mem0.85,8,8192,fcfs,0.85,0,R_concurrent_decode,7.837499078613536,2006.3997641250653,3573.899579847772,1567.4998157227071,1554.615921108052,3073.4609693754464,3073.677184046246,1563.140285492409,3.806865018080263,3.8951483031040897,3.796405656555412,2525.425515603274,4066.670717857778,4066.918344516307,2531.223727914039,1,
lfm25,22,cap8_chunk8192_polfcfs_mem0.85,8,8192,fcfs,0.85,0,R_long_prefill,12.197323670692354,390.3143574621553,49179.60904023157,48789.29468276941,216.45522746257484,217.8301076637581,217.85968265030533,203.46369734033945,3.2275008082750345,4.723278713232326,3.650442227691172,316.5077525191009,317.3307849559933,317.4142531771213,316.62740639876574,1,
lfm25,22,cap8_chunk8192_polfcfs_mem0.85,8,8192,fcfs,0.85,0,R_medium_balanced,6.269520415952784,1604.9972264839128,6620.61355924614,5015.616332762227,188.62566095776856,317.43414234369993,317.5437876954675,211.66200799052604,4.2440690611507375,4.279762186456983,4.152152961229577,1270.4532383941114,1329.172493191436,1329.5949517283589,1270.461013104068,1,
lfm25,22,cap8_chunk8192_polfcfs_mem0.85,8,8192,fcfs,0.85,0,R_short_decode,1.648910583591257,422.1211093993618,587.0121677584875,164.8910583591257,34.886374371126294,43.8038056017831,44.81945710722357,35.110000520944595,2.2350583782456086,2.23892312420908,2.235566173796668,604.6635976526886,613.615046441555,614.7813933342695,604.8993888543919,1,
lfm25,22,cap8_chunk8192_polfcfs_mem0.85,8,8192,fcfs,0.85,0,shared_prefix,6.994402303955851,1790.5669898126978,18220.090139196996,16429.523149384295,7868.911525933072,8381.103253294714,8382.373380926438,6201.085732322099,3.884064981385189,4.171959644220038,3.89917558947326,8843.754799338058,9376.779895927755,9377.925314814784,7195.346468935895,1,
lfm25,22,cap8_chunk8192_polfcfs_mem0.85,8,8192,fcfs,0.85,0,tool_agent,5.228399294540036,1083.9255997475675,15025.7137386033,13941.788138855734,205.4961305111647,1412.3670613626011,1711.89595200587,325.6794870365411,3.622404647169895,11.3863892154768,5.14592647721049,468.3992783538997,2379.485315433701,3615.3648164588953,958.9805535716004,1,
lfm25,23,cap8_chunk8192_polfcfs_mem0.9,8,8192,fcfs,0.9,0,R_concurrent_decode,7.851221224659515,2009.912633512836,3580.156878444739,1570.244244931903,1551.4279671479017,3067.888272437267,3068.0804732907563,1560.0971286621643,3.806321905451078,3.88899277850036,3.79973015823292,2522.096532396972,4059.457934158854,4059.7560906223953,2529.028319011559,1,
lfm25,23,cap8_chunk8192_polfcfs_mem0.9,8,8192,fcfs,0.9,0,R_long_prefill,9.340370125281751,298.89184400901604,37660.37234513602,37361.480501127,288.12343697063625,321.621575136669,321.6498856851831,268.6656410805881,4.221408094670022,7.462458451458763,4.857195030537343,419.0572197549045,419.8050047736615,419.9089407082647,419.23868702724576,1,
lfm25,23,cap8_chunk8192_polfcfs_mem0.9,8,8192,fcfs,0.9,0,R_medium_balanced,7.1539994874944846,1831.423868798588,7554.623458794175,5723.199589995587,98.57360436581077,100.7025591097772,100.84670772776008,98.42448504059575,3.979202511482963,4.142374456312288,3.971821589363447,1111.5807383321226,1155.9813041239977,1156.4943134784698,1111.238990328275,1,
lfm25,23,cap8_chunk8192_polfcfs_mem0.9,8,8192,fcfs,0.9,0,R_short_decode,1.653962596572964,423.4144247226788,588.8106843799751,165.39625965729638,33.84014149196446,39.39284502994269,39.42758576478809,33.145753433927894,2.2354641609697365,2.23975806950225,2.2359557146862823,603.9634286426008,608.8583005359396,608.8672370044515,603.0342435115017,1,
lfm25,23,cap8_chunk8192_polfcfs_mem0.9,8,8192,fcfs,0.9,0,shared_prefix,7.114863309130229,1821.4050071373383,18533.885411066636,16712.480403929294,7496.433228487149,8437.617228692397,8438.552008499391,6147.975298161327,3.883246070358391,4.075093538062099,3.879127127654729,8493.980235885829,9435.190630890427,9436.1769304052,7137.121477691835,1,
lfm25,23,cap8_chunk8192_polfcfs_mem0.9,8,8192,fcfs,0.9,0,tool_agent,5.228015332129004,1083.8459985803245,15024.61028246892,13940.764283888597,198.98261898197237,1411.9755533756684,1722.4412880279117,325.8801754238084,3.651094100994352,10.309262793069998,5.223005865014128,469.4067188538611,2396.196582424453,3630.3385306289415,960.3712317324243,1,
lfm25,24,cap16_chunk-1_pollpm_mem0.75,16,-1,lpm,0.75,0,R_concurrent_decode,13.108205824679386,3355.700691117923,5977.3418560538,2621.641164935877,696.0634759161621,1288.8870536582544,1289.0491210203618,695.5305061128456,4.470763521670711,4.47460628059857,4.457143718472628,1832.3232615366576,2429.64540340472,2429.833889962174,1832.1021543233653,1,
lfm25,24,cap16_chunk-1_pollpm_mem0.75,16,-1,lpm,0.75,0,R_long_prefill,12.352017805907169,395.2645697890294,49803.3357934177,49408.07122362867,217.079067369923,217.52509044017643,217.57024850230664,216.4998716907576,3.1520130803748483,3.254374528243657,3.179485800736133,314.9796314537525,315.6436829827726,315.69044215604663,315.0639315135777,1,
lfm25,24,cap16_chunk-1_pollpm_mem0.75,16,-1,lpm,0.75,0,R_medium_balanced,6.552548609950929,1677.4524441474375,6919.49133210818,5242.038887960743,129.64830035343766,206.2907558865845,206.43543424084783,156.78752309759147,4.25583013315119,4.264812359549836,4.149368319856733,1214.9551848415283,1218.2059736223891,1218.2958580786362,1214.8764446610585,1,
lfm25,24,cap16_chunk-1_pollpm_mem0.75,16,-1,lpm,0.75,0,R_short_decode,1.647873874857058,421.85571196340686,586.6430994491127,164.7873874857058,36.99192847125232,45.21251067053527,45.55226558353752,36.08780156355351,2.232949504190508,2.237023070745914,2.2331679315124786,606.2804099638015,613.8070269487798,613.8286886177957,605.2658284315839,1,
lfm25,24,cap16_chunk-1_pollpm_mem0.75,16,-1,lpm,0.75,0,shared_prefix,10.048824081092098,2572.498964759577,26176.715692616115,23604.216727856536,5008.429283974692,6609.807518031448,6708.295132271014,3968.116496671428,4.694215174508738,5.117532455124984,4.750061659105282,6291.92023887299,7880.424631782807,7962.067881091498,5179.382219743275,1,
lfm25,24,cap16_chunk-1_pollpm_mem0.75,16,-1,lpm,0.75,0,tool_agent,5.248368816119208,1088.0655811137535,15083.103447736426,13995.037866622672,319.4527660962194,470.8426349097863,569.1830168943845,314.53537301858887,3.381881352868818,22.87837611511346,6.830401680027356,502.8929694090039,2109.2408656142643,2572.6901820814164,912.7645693183875,1,
lfm25,25,cap16_chunk-1_pollpm_mem0.8,16,-1,lpm,0.8,0,R_concurrent_decode,12.48444240526134,3196.0172557469027,5692.90573679917,2496.888481052268,827.6562090031803,1415.2063691988587,1415.3850318863988,821.9074263179209,4.45498019986439,4.577202874454944,4.431623908663717,1952.6262648869304,2551.7271001823246,2551.980652874336,1951.9715230271688,1,
lfm25,25,cap16_chunk-1_pollpm_mem0.8,16,-1,lpm,0.8,0,R_long_prefill,12.83037004395327,410.57184140650463,51732.05201721958,51321.48017581308,212.23822119645772,212.7352727809921,212.7846270473674,212.255188729614,3.005330714707573,3.0125294524865844,2.9848621154244066,302.603361196816,303.1270846258849,303.1823711004108,302.5300782173872,1,
lfm25,25,cap16_chunk-1_pollpm_mem0.8,16,-1,lpm,0.8,0,R_medium_balanced,7.033085120237207,1800.469790780725,7426.93788697049,5626.468096189765,103.40619087219238,111.14874039776625,111.29165687598288,104.55739637836814,4.067131490720545,4.137289283486704,4.016171787710239,1128.712008474395,1156.994535238482,1157.43037101347,1128.6812022444792,1,
lfm25,25,cap16_chunk-1_pollpm_mem0.8,16,-1,lpm,0.8,0,R_short_decode,1.6460573997604957,421.3906943386869,585.9964343147365,164.60573997604956,37.55661635659635,41.667714272625744,42.05450928304344,36.25595715129748,2.23477868746747,2.242642741698009,2.2363298004911183,608.6145136505365,611.4912336459383,611.980526256375,606.2400734517723,1,
lfm25,25,cap16_chunk-1_pollpm_mem0.8,16,-1,lpm,0.8,0,shared_prefix,10.003627105016694,2560.9285388842736,26058.979688547937,23498.051149663665,5023.307042429224,6644.588409666903,6739.426719914191,3990.5132583880913,4.6940686975551,5.111368752778599,4.754408837427892,6309.584434144199,7901.821077940986,7978.698375332169,5202.887511932204,1,
lfm25,25,cap16_chunk-1_pollpm_mem0.8,16,-1,lpm,0.8,0,tool_agent,5.252480462117046,1088.9179870037954,15094.919763262003,14006.00177625821,322.188843972981,486.7787271272391,562.9730227310204,316.734058004804,3.3684228280825272,24.080884177237703,6.906042388508465,506.2691639177501,2116.238045296632,2552.1294607128875,910.1493793935516,1,
lfm25,26,cap16_chunk-1_pollpm_mem0.85,16,-1,lpm,0.85,0,R_concurrent_decode,13.156555565202344,3368.0782246918,5999.389337732269,2631.311113040469,683.0444168299437,1276.5915097203106,1276.8329961085692,682.510838683811,4.460116011985376,4.463925250970266,4.4550732823029415,1818.9149152021853,2414.5853271940723,2414.9316353723407,1818.554525671061,1,
lfm25,26,cap16_chunk-1_pollpm_mem0.85,16,-1,lpm,0.85,0,R_long_prefill,11.961618530600392,382.7717929792125,48229.24591538078,47846.47412240157,219.3723840173334,219.68951162416488,219.71455345395952,218.6945347348228,3.200443236217384,3.2955881583714675,3.227910041929253,318.8088240567595,318.975172797218,318.9895059634,318.75974603462964,1,
lfm25,26,cap16_chunk-1_pollpm_mem0.85,16,-1,lpm,0.85,0,R_medium_balanced,6.43973132471661,1648.5712191274522,6800.35627890074,5151.785059773288,160.31903051771224,256.26477552577853,256.41417456790805,181.75188192981292,4.223335224806386,4.282438225916349,4.136940047108367,1236.6450144909322,1268.8731662929058,1269.184119254351,1236.6715939424466,1,
lfm25,26,cap16_chunk-1_pollpm_mem0.85,16,-1,lpm,0.85,0,R_short_decode,1.6468214553302762,421.5862925645507,586.2684380975784,164.68214553302764,36.08408151194453,45.86901841685176,46.77539868280292,35.7680952292867,2.234481431215125,2.2398805108679274,2.2356858116489966,605.935909319669,615.5380971496925,616.3384167803451,605.5879007326439,1,
lfm25,26,cap16_chunk-1_pollpm_mem0.85,16,-1,lpm,0.85,0,shared_prefix,10.000522760643197,2560.1338267246583,26050.893016971124,23490.759190246463,5011.666144011542,6625.963140511885,6722.03134637326,3988.044504309073,4.711752971999493,5.142811369424796,4.760870692281934,6294.073224999011,7893.31992501393,8009.165753857233,5202.066530840966,1,
lfm25,26,cap16_chunk-1_pollpm_mem0.85,16,-1,lpm,0.85,0,tool_agent,5.251389075531868,1088.6917261938893,15091.783265553391,14003.091539359502,325.1202383544296,484.6784443128854,573.4834952885278,318.0242074094713,3.374500063193195,25.849205581471303,7.038248206908214,497.61320487596095,2121.003380068578,2559.8039269726646,914.1018539224752,1,
lfm25,27,cap16_chunk-1_pollpm_mem0.9,16,-1,lpm,0.9,0,R_concurrent_decode,13.234759435049607,3388.0984153726995,6035.050302382621,2646.9518870099214,680.5720115080476,1268.023891421035,1268.1352343270555,679.9393582768971,4.433238429619985,4.458353732365604,4.413156104262681,1805.3777520544827,2404.5065491227438,2404.5202803611755,1805.2941648638807,1,
lfm25,27,cap16_chunk-1_pollpm_mem0.9,16,-1,lpm,0.9,0,R_long_prefill,13.020909118399418,416.6690917887814,52500.30556538645,52083.63647359767,195.805806433782,196.12031464930624,196.14634856116027,195.38555818144232,3.1794115315161404,3.264425734749004,3.20165398936238,294.4067574571818,295.2781688189134,295.39801097940654,294.6368318516761,1,
lfm25,27,cap16_chunk-1_pollpm_mem0.9,16,-1,lpm,0.9,0,R_medium_balanced,6.718347747145242,1719.897023269182,7094.575220985376,5374.678197716194,143.1372354272753,192.28293397463855,192.3375476617366,162.25062232115306,4.128482264886592,4.273650051076331,4.006388509650623,1183.6313444655389,1231.952162459493,1232.5415454804895,1183.879692282062,1,
lfm25,27,cap16_chunk-1_pollpm_mem0.9,16,-1,lpm,0.9,0,R_short_decode,1.6494484880330758,422.2588129364674,587.203661739775,164.9448488033076,35.486554726958275,41.13003041129559,42.82748026307672,34.452766936738044,2.234549448807158,2.241403411562536,2.235314706294779,604.7705977689475,610.8313498087227,612.4851103313267,604.1782675310969,1,
lfm25,27,cap16_chunk-1_pollpm_mem0.9,16,-1,lpm,0.9,0,shared_prefix,10.069382101717316,2577.761818039633,26230.26837268759,23652.50655464796,4996.84869707562,6608.035737182945,6704.82370254118,3956.6598631099614,4.700989007730694,5.131709087073949,4.743959498334923,6281.82159177959,7871.626359876245,7935.65410819836,5166.369535185368,1,
lfm25,27,cap16_chunk-1_pollpm_mem0.9,16,-1,lpm,0.9,0,tool_agent,5.251122832248982,1088.6365299676977,15091.01811830122,14002.381588333525,322.4463404621929,477.7127516688778,557.825594483874,315.0893106823787,3.3262477178747454,22.6062283851206,6.788444374760612,487.8053027205169,2094.96855859179,2534.02567890472,901.9131131377072,1,
lfm25,28,cap16_chunk-1_polfcfs_mem0.75,16,-1,fcfs,0.75,0,R_concurrent_decode,13.173705447633882,3372.468594594274,6007.2096841210505,2634.7410895267767,683.2399035338312,1277.5246475357562,1277.5847560865805,682.7874991577119,4.480579188375369,4.488816622124002,4.46312994318232,1818.658298579976,2417.6382683217525,2417.7112329518422,1818.6422282888088,1,
lfm25,28,cap16_chunk-1_polfcfs_mem0.75,16,-1,fcfs,0.75,0,R_long_prefill,12.149384332403532,388.780298636913,48986.31762825104,48597.537329614126,210.7056479435414,211.17802804801613,211.2179769249633,209.96853348333389,3.326135349550074,3.3456485177720747,3.3187399160177,313.21544758975506,313.891910482198,313.9179904945195,312.8494708798826,1,
lfm25,28,cap16_chunk-1_polfcfs_mem0.75,16,-1,fcfs,0.75,0,R_medium_balanced,7.07165365351126,1810.3433352988825,7467.66625810789,5657.322922809008,101.22943646274508,104.95816520415246,105.05978572182356,102.1162522956729,4.013904836941876,4.143510787181702,4.007771446520244,1123.8553980365396,1156.6009382950142,1157.2162630269304,1124.097971158335,1,
lfm25,28,cap16_chunk-1_polfcfs_mem0.75,16,-1,fcfs,0.75,0,R_short_decode,1.653424755090926,423.27673730327706,588.6192128123696,165.3424755090926,32.73613494820893,42.69370283000171,43.51583576761186,33.3614413975738,2.23430376317279,2.2366187628905,2.2347438755567115,602.445749565959,612.3524962225929,613.2293120445684,602.9414869844913,1,
lfm25,28,cap16_chunk-1_polfcfs_mem0.75,16,-1,fcfs,0.75,0,shared_prefix,10.067371334275444,2577.2470615745133,26225.030417756232,23647.78335618172,4992.279167287052,5217.827054066584,5221.5657832007855,3946.808713568316,4.682412312603464,5.095320856472586,4.778500049053714,6230.008021229878,6376.21732482221,6386.4363850606605,5165.326226077013,1,
lfm25,28,cap16_chunk-1_polfcfs_mem0.75,16,-1,fcfs,0.75,0,tool_agent,5.254289489769049,1089.2930255714705,15100.11866451513,14010.82563894366,312.1820674277842,472.118347370997,571.3187690312036,316.6718865395524,3.311747032747572,24.80976707302031,6.946525107625212,502.2536010947079,2105.010375846177,2557.365726749405,907.497330151964,1,
lfm25,29,cap16_chunk-1_polfcfs_mem0.8,16,-1,fcfs,0.8,0,R_concurrent_decode,12.808980648406289,3279.09904599201,5840.895175673268,2561.7961296812578,750.6410351488739,1343.6814879532903,1343.773125060834,748.7451200868236,4.470010344669515,4.473773531579212,4.458456648246604,1885.3983096778395,2484.1811779653654,2484.293786999769,1885.651565389708,1,
lfm25,29,cap16_chunk-1_polfcfs_mem0.8,16,-1,fcfs,0.8,0,R_long_prefill,11.865119247746044,379.6838159278734,47840.16080691205,47460.47699098417,226.87019756995144,227.29409609455612,227.3294089967385,226.5875645680353,3.263755581311641,3.329208234865819,3.2793405285525705,328.36752315051854,328.7796947173774,328.82058342918754,328.247120953165,1,
lfm25,29,cap16_chunk-1_polfcfs_mem0.8,16,-1,fcfs,0.8,0,R_medium_balanced,7.038527527649254,1801.863047078209,7432.685069197612,5630.822022119403,95.20821156911552,99.25264737103134,99.3650757940486,96.23642449150792,4.064338908110763,4.140907169009248,4.057087071408865,1130.8745625428855,1153.8825441384688,1154.2368832277134,1130.7936277007684,1,
lfm25,29,cap16_chunk-1_polfcfs_mem0.8,16,-1,fcfs,0.8,0,R_short_decode,1.6491496252010016,422.1823040514564,587.0972665715566,164.91496252010015,34.681133925914764,44.7841873858124,45.327749298885465,35.4427924612537,2.2329549496883856,2.23678253318688,2.233537201924331,604.0912044700235,613.8046490494162,614.5218073297292,604.7149475198239,1,
lfm25,29,cap16_chunk-1_polfcfs_mem0.8,16,-1,fcfs,0.8,0,shared_prefix,10.078971643674745,2580.2167407807347,26255.24867997691,23675.03193919617,4990.528371883556,5182.263817195781,5185.080284220167,3938.776338429306,4.681159208035645,5.0947894741251485,4.76119902163833,6225.091399857774,6350.739838578738,6365.744039802812,5152.882088947081,1,
lfm25,29,cap16_chunk-1_polfcfs_mem0.8,16,-1,fcfs,0.8,0,tool_agent,5.253322905471648,1089.0926381478546,15097.340831733278,14008.248193585425,312.89338739588857,472.0138969598338,564.8620967660092,315.2670356677845,3.3373013397471776,22.516000270843485,6.926557714571446,496.9910730142146,2111.559594911523,2549.467692282044,905.4803512967192,1,
lfm25,30,cap16_chunk-1_polfcfs_mem0.85,16,-1,fcfs,0.85,0,R_concurrent_decode,12.470404077586062,3192.423443862032,5686.504259379245,2494.0808155172126,811.9655665941536,1410.786688933149,1410.953767085448,805.9479607327376,4.463305258575608,4.61874732108531,4.4739984217277895,1947.5220653694123,2549.21433320269,2549.384690062143,1946.817558273324,1,
lfm25,30,cap16_chunk-1_polfcfs_mem0.85,16,-1,fcfs,0.85,0,R_long_prefill,12.959320266256166,414.6982485201973,52251.979313544856,51837.28106502466,200.74538933113217,201.18957196827975,201.2295015109703,200.34098136238757,3.198728506122866,3.273348968415972,3.2197639135824097,300.1762118656188,300.4976605996489,300.51176477223635,300.15366268344223,1,
lfm25,30,cap16_chunk-1_polfcfs_mem0.85,16,-1,fcfs,0.85,0,R_medium_balanced,6.975006904862817,1785.6017676448812,7365.607291535135,5580.005523890254,103.61055005341768,110.70878768805414,110.80114089418204,105.21302913548423,4.066625542427394,4.139703055661099,4.057515087519207,1140.142418909818,1156.1900664819404,1156.8560542305931,1139.8793764528818,1,
lfm25,30,cap16_chunk-1_polfcfs_mem0.85,16,-1,fcfs,0.85,0,R_short_decode,1.64988658084774,422.3709646970215,587.3596227817956,164.98865808477402,33.66325981914997,44.0605245763436,45.63456252682954,34.701530006714165,2.2331301250732416,2.237828951754249,2.2335048115205667,603.3248985186219,613.292475999333,615.0651327939704,603.9653500192799,1,
lfm25,30,cap16_chunk-1_polfcfs_mem0.85,16,-1,fcfs,0.85,0,shared_prefix,10.112893387301437,2588.900707149168,26343.613232042717,23754.712524893544,4987.106283893809,5142.930360557511,5145.143214259297,3923.736311709945,4.679210207370274,5.086863653405624,4.749813699520161,6223.682971438393,6318.72229273431,6329.086351664737,5134.938805087586,1,
lfm25,30,cap16_chunk-1_polfcfs_mem0.85,16,-1,fcfs,0.85,0,tool_agent,5.252709916336072,1088.9655563052129,15095.579183711165,14006.613627405952,326.7593621276319,478.8875964470208,566.1172874178731,321.79185699205846,3.363232921670984,25.06001857109365,7.00670987878614,515.2067195158452,2113.495636708103,2584.2942190403046,913.8822363852524,1,
lfm25,31,cap16_chunk-1_polfcfs_mem0.9,16,-1,fcfs,0.9,0,R_concurrent_decode,12.5608968823427,3215.589601879731,5727.768978348271,2512.17937646854,802.4207467678934,1397.8223328478634,1397.8972143027931,801.6190481575904,4.463688162721548,4.467064854323718,4.451141136015911,1936.8547156918796,2536.3358417060226,2536.7548252036795,1936.660037841648,1,
lfm25,31,cap16_chunk-1_polfcfs_mem0.9,16,-1,fcfs,0.9,0,R_long_prefill,5.1712924701618,165.4813590451776,20850.65123969238,20685.1698806472,667.0036744326353,667.4336718162522,667.4694106308743,648.5789995640516,3.153814603724787,5.205751666348546,3.757092850132575,765.0976863224059,765.4012109385803,765.4252038011327,765.0488779181615,1,
lfm25,31,cap16_chunk-1_polfcfs_mem0.9,16,-1,fcfs,0.9,0,R_medium_balanced,6.992641643134751,1790.1162606424962,7384.229575150297,5594.113314507801,102.87675098516048,111.24358337838204,111.42578723374754,104.26324821310118,4.062024617165911,4.150124430638172,4.053960662841907,1138.3733262773603,1156.5615579020232,1156.7084999289364,1138.023217237787,1,
lfm25,31,cap16_chunk-1_polfcfs_mem0.9,16,-1,fcfs,0.9,0,R_short_decode,1.647039577506029,421.6421318415434,586.3460895921463,164.70395775060288,38.08870096690953,43.93319608643651,44.70375517383218,37.50025684712455,2.229508268190365,2.2333080396575973,2.227314948149436,605.370532721281,611.9655479444191,612.4934929748997,605.1861743908376,1,
lfm25,31,cap16_chunk-1_polfcfs_mem0.9,16,-1,fcfs,0.9,0,shared_prefix,10.117810921528454,2590.159595911284,26356.423178194676,23766.26358228339,4986.471461364999,5148.284114687704,5151.471365606412,3918.701611746656,4.682054797954419,5.097499020105484,4.753914001490807,6229.37457007356,6314.863921678625,6323.282292066142,5130.949682126811,1,
lfm25,31,cap16_chunk-1_polfcfs_mem0.9,16,-1,fcfs,0.9,0,tool_agent,5.246909248092097,1087.762990768213,15078.908846268192,13991.14585549998,317.88304913789034,473.63267878536135,581.5101712383323,315.9944393974729,3.338518897416415,21.96348961442707,6.910882030215322,496.5838857460767,2106.8315136944875,2540.556070231825,907.8791116783397,1,
lfm25,32,cap16_chunk2048_pollpm_mem0.75,16,2048,lpm,0.75,0,R_concurrent_decode,13.067397411539934,3345.253737354223,5958.73321966221,2613.479482307987,702.6164310518652,1295.926957228221,1296.1460560699925,701.0882646281971,4.462609934054461,4.4813113659620285,4.428636174998246,1830.6492154952136,2435.763609292917,2436.2592621613294,1830.3904892527496,1,
lfm25,32,cap16_chunk2048_pollpm_mem0.75,16,2048,lpm,0.75,0,R_long_prefill,11.076099100127015,354.43517120406455,44658.83157171213,44304.39640050807,190.53013273514807,246.7318371636793,250.45782753732053,175.85450818296522,5.176842047442351,8.617967077260536,5.64922304117992,351.012236205861,351.5882842242718,351.6581016778946,350.98042245954275,1,
lfm25,32,cap16_chunk2048_pollpm_mem0.75,16,2048,lpm,0.75,0,R_medium_balanced,7.053961958328678,1805.814261332141,7448.983827995084,5643.169566662942,129.5019902754575,133.67336324881762,133.8882772019133,116.35217154980636,4.0298800038940765,4.26417498338018,3.9663795592929874,1128.11325234361,1183.0096173798663,1183.493020455353,1127.7789591695182,1,
lfm25,32,cap16_chunk2048_pollpm_mem0.75,16,2048,lpm,0.75,0,R_short_decode,1.6458514998390044,421.3379839587851,585.9231339426855,164.58514998390044,36.01057222113013,41.36364907026291,41.47123768925667,35.74894735356793,2.2338526880405114,2.249555300616153,2.2366456537792825,606.3353575300425,614.2166011268273,616.1106939660385,605.813714209944,1,
lfm25,32,cap16_chunk2048_pollpm_mem0.75,16,2048,lpm,0.75,0,shared_prefix,12.02134800909227,3077.465090327621,31315.04806299744,28237.58297266981,2769.875166937709,8942.836062191043,9420.475156717002,3161.2351419971674,4.590170849662494,4.938194098170189,4.579619996837506,3966.7374005075535,10139.840103127051,10626.858526729047,4329.005299801793,1,
lfm25,32,cap16_chunk2048_pollpm_mem0.75,16,2048,lpm,0.75,0,tool_agent,5.273091974552411,1093.1910627043333,15154.154467447066,14060.963404742732,178.08880540542305,558.2715020515025,692.8444217890493,227.5150066264905,6.400108083405279,167.04186820425085,32.1596312620892,633.9366862084717,2265.99960133899,2827.966070934189,971.5322432806717,1,
lfm25,33,cap16_chunk2048_pollpm_mem0.8,16,2048,lpm,0.8,0,R_concurrent_decode,13.161645609449607,3369.3812760191,6001.710397909022,2632.3291218899217,690.6635004561394,1277.2281647892669,1277.3749444866553,690.013360363082,4.450563382466926,4.471720699768733,4.397816965801587,1811.6370087955147,2413.7624339433387,2414.0812420425937,1811.4566866424864,1,
lfm25,33,cap16_chunk2048_pollpm_mem0.8,16,2048,lpm,0.8,0,R_long_prefill,11.25599737538019,360.1919160121661,45384.18141753292,45023.98950152076,182.57107958197597,245.36541907582432,249.8236284824088,175.07048370316625,5.261989761023752,8.139220445657209,5.512830538434848,346.0376965813339,346.5905479155481,346.63998840376735,345.9682303946465,1,
lfm25,33,cap16_chunk2048_pollpm_mem0.8,16,2048,lpm,0.8,0,R_medium_balanced,6.352989420751358,1626.3652917123477,6708.756828313434,5082.391536601087,145.4381262883544,246.3210909627378,246.4591878466308,148.80757124046795,4.306793783553967,4.528994574302844,4.333672909906097,1253.930070437491,1266.8883403530344,1267.0592146692798,1253.8941632665228,1,
lfm25,33,cap16_chunk2048_pollpm_mem0.8,16,2048,lpm,0.8,0,R_short_decode,1.644527220356009,420.9989684111383,585.4516904467392,164.4527220356009,37.98564849421382,44.32809543795884,44.38327365554869,37.18504268908873,2.231982835185001,2.238863444841736,2.2331869133901754,606.9544784259051,613.0149292526767,613.1145261740312,606.3678907812573,1,
lfm25,33,cap16_chunk2048_pollpm_mem0.8,16,2048,lpm,0.8,0,shared_prefix,12.08881571729932,3094.7368236286256,31490.798280327977,28396.061456699357,2743.4190979693085,8897.524764412072,9369.807536248118,3141.8561812133703,4.5764685562793535,4.865981409709682,4.561999859016034,3933.4973581135273,10090.793476719398,10572.041197302751,4305.132957862952,1,
lfm25,33,cap16_chunk2048_pollpm_mem0.8,16,2048,lpm,0.8,0,tool_agent,5.276222503682788,1093.8400683509972,15163.151185546334,14069.311117195335,175.15188409015536,547.7467708289622,683.5528174554921,222.4166308506392,6.121998751592455,165.8110267017036,31.80586240230231,625.4897164180875,2237.320291879587,2791.315631004972,961.9952275813556,1,
lfm25,34,cap16_chunk2048_pollpm_mem0.85,16,2048,lpm,0.85,0,R_concurrent_decode,13.233350496258186,3387.737727042096,6034.407826293734,2646.6700992516376,681.1347955372185,1262.2543659061191,1262.3555754125118,680.2718042454217,4.439247891708624,4.476222795178639,4.383349472796088,1798.0182920582592,2401.1317340657115,2401.393181742169,1798.025919808424,1,
lfm25,34,cap16_chunk2048_pollpm_mem0.85,16,2048,lpm,0.85,0,R_long_prefill,9.046494791898557,289.4878333407538,36475.46700093498,36185.97916759423,197.61873758398,316.5432572131976,329.0737473173067,198.24380066711456,7.536908559080574,11.31223055774406,7.514811098395336,431.26290291547775,431.4985797274858,431.508504236117,431.20294471737,1,
lfm25,34,cap16_chunk2048_pollpm_mem0.85,16,2048,lpm,0.85,0,R_medium_balanced,6.666749787207989,1706.6879455252451,7040.087775291637,5333.399829766391,130.53806452080607,135.94896788708866,136.10024503432214,115.45131300226784,4.287075993659742,4.480548174686584,4.22090354818376,1191.9265219476074,1230.9586071642116,1231.0676884138957,1191.7817177891266,1,
lfm25,34,cap16_chunk2048_pollpm_mem0.85,16,2048,lpm,0.85,0,R_short_decode,1.6449912143069574,421.1177508625811,585.6168722932769,164.49912143069574,35.82883230410516,45.01046291552484,45.493979854509234,37.01301419641823,2.232583929035885,2.2364016515372493,2.232711508918689,604.8933598212898,613.9252431923524,614.5459976838902,606.0747485025786,1,
lfm25,34,cap16_chunk2048_pollpm_mem0.85,16,2048,lpm,0.85,0,shared_prefix,11.803144823649392,3021.6050748542443,30746.638993193057,27725.033918338813,2844.5929610170424,9132.758202962566,9618.70326373726,3244.619277997117,4.584921207096354,5.111154833918108,4.613722421318678,4068.5663574840873,10325.390514358867,10825.050310008228,4421.019666304346,1,
lfm25,34,cap16_chunk2048_pollpm_mem0.85,16,2048,lpm,0.85,0,tool_agent,5.275023983183246,1093.5915970736346,15159.70679943092,14066.115202357283,175.15017185360193,556.13826054614,707.7573358966029,215.3418150660582,5.852461179816409,158.74601085670292,29.207209621922868,612.9788942635059,2238.256816216744,2777.8905224380933,941.3441510265692,1,
lfm25,35,cap16_chunk2048_pollpm_mem0.9,16,2048,lpm,0.9,0,R_concurrent_decode,13.126049984981773,3360.2687961553333,5985.478793151688,2625.209996996354,695.3440115321428,1288.1973148789257,1288.4162342222407,694.7261342575075,4.452860329811479,4.473917960810164,4.417042418636436,1821.6922571882608,2424.922234960832,2425.1011744327843,1821.0719510097988,1,
lfm25,35,cap16_chunk2048_pollpm_mem0.9,16,2048,lpm,0.9,0,R_long_prefill,11.816897791218995,378.1407293190079,47645.73189419499,47267.59116487598,168.20755158551037,224.7184925712645,228.4258727170527,160.4431242449209,5.18585724996463,7.872918254936173,5.438541820753486,329.0617521852255,329.35802354477346,329.3688146304339,329.037920688279,1,
lfm25,35,cap16_chunk2048_pollpm_mem0.9,16,2048,lpm,0.9,0,R_medium_balanced,6.763297991278666,1731.4042857673385,7142.042678790272,5410.638393022933,130.70526695810258,134.21357923652977,134.30400628130883,116.11381883267312,4.222589582387431,4.477516628400076,4.158598706628397,1176.9099379889667,1234.1223590774462,1234.6235340228304,1176.5564890229143,1,
lfm25,35,cap16_chunk2048_pollpm_mem0.9,16,2048,lpm,0.9,0,R_short_decode,1.6497359524735755,422.3324038332353,587.3059990805929,164.97359524735754,36.379120545461774,40.774295246228576,40.78649434261024,35.39605613332242,2.2325935883118824,2.236386472260085,2.233063162609869,605.6403110269457,610.0973537191749,610.1313805952668,604.5474368729629,1,
lfm25,35,cap16_chunk2048_pollpm_mem0.9,16,2048,lpm,0.9,0,shared_prefix,12.155408299739417,3111.7845247332903,31664.268836057123,28552.484311323835,2721.8183744698763,8841.344899823878,9307.370896153152,3115.362218948576,4.585902341732792,4.8088140707170846,4.563556861779931,3876.455939374864,10037.17079644556,10512.651364332996,4279.002465471422,1,
lfm25,35,cap16_chunk2048_pollpm_mem0.9,16,2048,lpm,0.9,0,tool_agent,5.235587904993595,1085.4159065237473,15046.37283458442,13960.956928060672,175.1475587952882,586.8208195082843,772.8929489664732,223.244016780518,6.211493220744711,164.12966218777,31.28144183733308,627.2738818079233,2255.1425436977297,3061.805592360902,974.0767201548442,1,
lfm25,36,cap16_chunk2048_polfcfs_mem0.75,16,2048,fcfs,0.75,0,R_concurrent_decode,12.369057486343545,3166.478716503947,5640.290213772655,2473.8114972687085,829.5212558005005,1432.7000117860734,1432.8985059261322,802.9670868854737,4.478810490200333,4.801986807062491,4.559508107280742,1966.0486388020215,2571.915109315887,2572.5566081982106,1965.641654242063,1,
lfm25,36,cap16_chunk2048_polfcfs_mem0.75,16,2048,fcfs,0.75,0,R_long_prefill,10.806446877899246,345.80630009277587,43571.59381168976,43225.78751159699,197.54234654828903,257.7103212242946,261.80279857944697,182.45382979512212,5.294269168629281,8.912817279868307,5.784830476547922,361.696784151718,362.3707505874336,362.4201123975217,361.7835745681077,1,
lfm25,36,cap16_chunk2048_polfcfs_mem0.75,16,2048,fcfs,0.75,0,R_medium_balanced,6.698361006543049,1714.7804176750203,7073.46922290946,5358.688805234439,126.72724318690598,138.0924981785938,138.45173397567123,115.1876685617026,4.250198577110673,4.407666376609282,4.197587169405511,1185.9868534374982,1222.7500551380217,1222.8761133737862,1185.572396760108,1,
lfm25,36,cap16_chunk2048_polfcfs_mem0.75,16,2048,fcfs,0.75,0,R_short_decode,1.653909768125657,423.4009006401682,588.7918774527338,165.3909768125657,35.000365460291505,40.61224688775837,41.05187357403338,33.53352792328224,2.233678119841452,2.236862218799221,2.233979808414408,604.433125583455,609.4313223613426,610.0412509730086,602.9186429805122,1,
lfm25,36,cap16_chunk2048_polfcfs_mem0.75,16,2048,fcfs,0.75,0,shared_prefix,12.06888005588067,3089.633294305452,31438.86681681653,28349.23352251108,3853.825942380354,4378.21270856075,4394.167124968953,3171.961998923507,4.53494072745682,4.848166104479163,4.574316915686188,5026.379047892988,5530.857777199708,5548.454907690175,4338.412812423485,1,
lfm25,36,cap16_chunk2048_polfcfs_mem0.75,16,2048,fcfs,0.75,0,tool_agent,5.233575841695608,1084.9987756211249,15040.590436294548,13955.591660673424,196.34245545603332,570.493139885366,679.563052966259,236.43929385812956,4.08018748941166,110.6271111406386,18.51168995730125,577.976091299206,2209.941389830782,2689.662075252266,933.2883955375293,1,
lfm25,37,cap16_chunk2048_polfcfs_mem0.8,16,2048,fcfs,0.8,0,R_concurrent_decode,12.965834027571738,3319.253511058365,5912.420316572712,2593.1668055143477,711.5425195079297,1315.6880578259006,1315.86539094802,709.8239808692597,4.464775288258405,4.4786744705383095,4.468262092981889,1849.2234773002565,2454.107071901672,2454.393215980381,1849.2308145796412,1,
lfm25,37,cap16_chunk2048_polfcfs_mem0.8,16,2048,fcfs,0.8,0,R_long_prefill,11.097660722562306,355.1251431219938,44745.76803337122,44390.642890249226,189.44916408509016,248.03510853089392,251.98873278684917,174.60005776956675,5.231554409669291,8.77537455544957,5.716193812869249,351.7230816651136,352.4128693854436,352.4737572623417,351.8020659685135,1,
lfm25,37,cap16_chunk2048_polfcfs_mem0.8,16,2048,fcfs,0.8,0,R_medium_balanced,6.823318110595285,1746.769436312393,7205.423924788621,5458.654488476228,124.70659846439958,134.76177584379911,135.07303837686777,112.9775877634529,4.181807484550803,4.403634908536047,4.12983785043288,1166.1496814340353,1219.3460781127214,1220.2653259038923,1166.0862396238372,1,
lfm25,37,cap16_chunk2048_polfcfs_mem0.8,16,2048,fcfs,0.8,0,R_short_decode,1.6490446339401807,422.1554262886863,587.0598896827044,164.90446339401808,33.78032590262592,43.93150226678699,44.59207977633923,34.84154486795887,2.233813473881752,2.240395905978484,2.2348202515522693,603.4217095002532,613.689523213543,613.7356452690437,604.4407034059986,1,
lfm25,37,cap16_chunk2048_polfcfs_mem0.8,16,2048,fcfs,0.8,0,shared_prefix,11.964694753518724,3062.961856900793,31167.4689878497,28104.50713094891,3871.586179593578,4442.127164429985,4444.779193550348,3202.331106094789,4.593984818305163,5.252100384757653,4.656993149789439,5048.197217751294,5620.833252533339,5635.107677155174,4389.864359291096,1,
lfm25,37,cap16_chunk2048_polfcfs_mem0.8,16,2048,fcfs,0.8,0,tool_agent,5.242541146253948,1086.8574177356372,15066.355511279102,13979.498093543463,197.28526356630027,547.0374017255381,654.9443730246269,235.15644104685637,4.214075179673912,109.43205216899511,18.446275200194982,558.838153956458,2187.4845231883223,2818.69568901136,931.9515094324016,1,
lfm25,38,cap16_chunk2048_polfcfs_mem0.85,16,2048,fcfs,0.85,0,R_concurrent_decode,13.056751216924273,3342.5283115326138,5953.878554917468,2611.3502433848544,698.5747548751533,1292.3203281126916,1292.4699265137317,697.7666914754082,4.465706613572205,4.484033317159058,4.434842023400444,1829.2760057374835,2432.620588317513,2432.871274002828,1828.6514074425213,1,
lfm25,38,cap16_chunk2048_polfcfs_mem0.85,16,2048,fcfs,0.85,0,R_long_prefill,8.148970492590328,260.7670557628905,32856.64902612421,32595.881970361315,242.95564997009933,360.1775638991966,372.4868056224659,242.98398080281916,7.450952772952376,11.248225794594374,7.448733626534381,473.935185931623,474.5250605046749,474.5776552706957,473.89472322538495,1,
lfm25,38,cap16_chunk2048_polfcfs_mem0.85,16,2048,fcfs,0.85,0,R_medium_balanced,6.812215503129853,1743.9271688012425,7193.699571305125,5449.772402503882,128.0724578537047,132.18242372386158,132.28961653076112,111.7150611244142,4.195945195890232,4.476261883061014,4.142551467977647,1167.95854549855,1231.7504431121051,1232.050373312086,1168.065685458714,1,
lfm25,38,cap16_chunk2048_polfcfs_mem0.85,16,2048,fcfs,0.85,0,R_short_decode,1.6474910977306096,421.75772101903607,586.506830792097,164.74910977306098,36.114641930907965,42.80224076937884,43.48955193068832,35.31910217134282,2.2358183155530225,2.2415045237187936,2.236726851252802,605.5267893243581,613.4649174520746,614.0502828033641,605.4044933407567,1,
lfm25,38,cap16_chunk2048_polfcfs_mem0.85,16,2048,fcfs,0.85,0,shared_prefix,12.069085154070232,3089.6857994419797,31439.401087986356,28349.715288544376,3863.805837929249,4344.656935124658,4348.426017537713,3165.471025091392,4.599180272506441,4.897507494772035,4.595680950377804,5033.719453494996,5524.269858701155,5540.118815456517,4337.198836448806,1,
lfm25,38,cap16_chunk2048_polfcfs_mem0.85,16,2048,fcfs,0.85,0,tool_agent,5.2437269768693335,1087.103258209666,15069.763428380587,13982.66017017092,179.62555191479623,559.4158889958635,673.622617698274,237.24120788741857,4.153270999708603,114.70551495440304,19.032125730156384,577.6666500605643,2211.3365173107013,2686.7626615567065,933.267527197022,1,
lfm25,39,cap16_chunk2048_polfcfs_mem0.9,16,2048,fcfs,0.9,0,R_concurrent_decode,12.451576576272954,3187.603603525876,5677.918918780467,2490.3153152545906,814.5224414765835,1419.9724355246872,1420.1028937194496,787.1494472055929,4.474644157487679,4.860609766808064,4.558858327857474,1949.8353749513624,2557.3758735787123,2558.0023236572742,1949.6583208092488,1,
lfm25,39,cap16_chunk2048_polfcfs_mem0.9,16,2048,fcfs,0.9,0,R_long_prefill,11.681518555014362,373.8085937604596,47099.88281381791,46726.07422005745,185.1007246877998,232.27422735653815,232.44860368780792,169.8901845375076,4.758285936869441,7.9736891683311235,5.252844041904375,332.61146978475153,333.3957497263327,333.4527836041525,332.7283498365432,1,
lfm25,39,cap16_chunk2048_polfcfs_mem0.9,16,2048,fcfs,0.9,0,R_medium_balanced,6.733054664239973,1723.6619940454332,7110.105725437412,5386.443731391979,131.9873109459877,133.13869864214212,133.42153003904969,114.92281616665424,4.247595632777495,4.420432837807811,4.183774553901315,1181.5978572703898,1223.8997872918844,1224.3384469300508,1181.7853274114896,1,
lfm25,39,cap16_chunk2048_polfcfs_mem0.9,16,2048,fcfs,0.9,0,R_short_decode,1.657043465761549,424.2031272349565,589.9074738111113,165.70434657615488,33.5394567809999,41.12534422893077,42.41135457996279,33.47424254752696,2.229873260811848,2.233543394938524,2.2299694031413995,602.1030561532825,608.6436495417729,609.9247996555641,601.837144291494,1,
lfm25,39,cap16_chunk2048_polfcfs_mem0.9,16,2048,fcfs,0.9,0,shared_prefix,12.136054865378226,3106.8300455368258,31613.854046738463,28507.02400120164,3832.1087749209255,4321.479427837767,4326.934947147965,3138.9138368685963,4.593542550562644,4.840175897595199,4.600163400926463,5006.620274856687,5497.106667049229,5510.271417321637,4311.955504104844,1,
lfm25,39,cap16_chunk2048_polfcfs_mem0.9,16,2048,fcfs,0.9,0,tool_agent,5.244488974326619,1087.261231712523,15071.95330620317,13984.692074490646,191.6289208456874,560.5207929620519,674.9754723953077,235.11591804912317,4.250054717837757,115.91789475642142,19.21018213363603,574.4014109950513,2201.107741612941,2792.861665259109,935.5249528004788,1,
lfm25,40,cap16_chunk8192_pollpm_mem0.75,16,8192,lpm,0.75,0,R_concurrent_decode,13.026594616412453,3334.808221801588,5940.127145084078,2605.3189232824902,710.0186659954488,1306.324842502363,1306.507666944526,709.3484538490884,4.461349866480804,4.4652007793204165,4.450397029708541,1844.661597860977,2444.5094760274515,2444.9432834610343,1844.1996964247664,1,
lfm25,40,cap16_chunk8192_pollpm_mem0.75,16,8192,lpm,0.75,0,R_long_prefill,9.306083463199506,297.7946708223842,37522.12852362041,37224.33385279803,290.0859545916319,322.80881186015904,322.8452102188021,270.1662009349093,4.227537459002868,7.481463275279008,4.873282261072628,421.2912756484002,421.5612964238972,421.5817070286721,421.2379510281608,1,
lfm25,40,cap16_chunk8192_pollpm_mem0.75,16,8192,lpm,0.75,0,R_medium_balanced,6.989575600647482,1789.3313537657557,7380.991834283742,5591.660480517986,101.24921682290731,104.6020892681554,104.70103065017612,101.76617017714308,4.079352409633643,4.148009033672803,4.068975080850114,1139.671363402158,1160.9641519607976,1161.4508334780112,1139.3548157939222,1,
lfm25,40,cap16_chunk8192_pollpm_mem0.75,16,8192,lpm,0.75,0,R_short_decode,1.660225251336244,425.0176643420785,591.040189475703,166.0225251336244,32.51341381110251,37.14955823961645,37.17842668760568,31.149747024755925,2.2326580440515977,2.2459265634454058,2.2356671460401136,603.8559016305953,606.2353409361094,606.5632530953735,600.9651490021497,1,
lfm25,40,cap16_chunk8192_pollpm_mem0.75,16,8192,lpm,0.75,0,shared_prefix,10.900427121955428,2790.509343220589,28395.101695172547,25604.59235195196,3142.48551055789,8885.595670249313,9036.818091776222,3552.3344463435933,4.6840833883513415,5.176005409847869,4.728401496629208,4345.988256158307,10083.953327359632,10294.031213475391,4758.076827984041,1,
lfm25,40,cap16_chunk8192_pollpm_mem0.75,16,8192,lpm,0.75,0,tool_agent,5.257998116014765,1090.061879421601,15110.776755680772,14020.714876259171,231.93819704465568,461.54632836114615,582.4936245102429,248.3664438757114,3.867790234558608,64.36884012073278,11.53279645288069,466.67333669029176,2096.6710814274848,2578.6816163547264,866.6085915989242,1,
lfm25,41,cap16_chunk8192_pollpm_mem0.8,16,8192,lpm,0.8,0,R_concurrent_decode,13.017365346471449,3332.445528696691,5935.918597990981,2603.47306929429,708.6493705864996,1303.086668602191,1303.3093006256968,707.2699322889093,4.461836141041096,4.466147728757385,4.46122378052678,1844.891263637692,2441.7215660680085,2441.950008594431,1844.881996323238,1,
lfm25,41,cap16_chunk8192_pollpm_mem0.8,16,8192,lpm,0.8,0,R_long_prefill,12.177150888299302,389.66882842557766,49098.27238162278,48708.6035531972,217.45920670218769,219.7062482358888,219.97724170330912,205.75387740973383,3.2637492272882693,4.631292073416613,3.644989720816093,318.8234905246645,319.08235119190067,319.0915178088472,318.7485587550327,1,
lfm25,41,cap16_chunk8192_pollpm_mem0.8,16,8192,lpm,0.8,0,R_medium_balanced,6.939828696097386,1776.596146200931,7328.45910307884,5551.862956877909,103.3419519662857,121.52187782339752,121.69500603340566,108.0560470581986,4.1363631119476825,4.16466237648445,4.072297092381062,1146.6676185373217,1158.9230376994235,1159.1657080454752,1146.4918056153692,1,
lfm25,41,cap16_chunk8192_pollpm_mem0.8,16,8192,lpm,0.8,0,R_short_decode,1.6461327311736762,421.4099791804611,586.0232522978288,164.6132731173676,37.19768347218633,45.80276804044843,46.65667036548257,36.8469973327592,2.2314285055971617,2.235802301599749,2.232087181635874,605.9555963147432,614.3887320766225,615.4493476869538,605.7496488792822,1,
lfm25,41,cap16_chunk8192_pollpm_mem0.8,16,8192,lpm,0.8,0,shared_prefix,11.152861852133332,2855.132634146133,29052.68233440801,26197.54970026188,3059.4652735162526,8582.823854195885,9054.613470612094,3530.609142173489,4.660041123519049,5.19248203620972,4.677574098890296,4239.563086535782,9721.816848940216,10152.367914766071,4723.3905373905145,1,
lfm25,41,cap16_chunk8192_pollpm_mem0.8,16,8192,lpm,0.8,0,tool_agent,5.257894024278415,1090.0402996432797,15110.477610082888,14020.437310439607,233.86969859711823,461.9960308307782,576.2323667295269,253.5650539933704,4.002060201999389,69.87674189731477,11.966350825046398,471.6604824643582,2092.2531800810248,2591.121133812696,874.9731343053281,1,
lfm25,42,cap16_chunk8192_pollpm_mem0.85,16,8192,lpm,0.85,0,R_concurrent_decode,13.22667990687424,3386.0300561598056,6031.3660375346535,2645.3359813748484,678.0867499765009,1265.4720873571932,1265.548659726046,677.5763634941541,4.439980607918081,4.458803457627986,4.421659789787715,1805.343658896163,2402.1785794757307,2402.312979432754,1805.0996098900212,1,
lfm25,42,cap16_chunk8192_pollpm_mem0.85,16,8192,lpm,0.85,0,R_long_prefill,8.588654109558806,274.8369315058818,34629.4533697411,34354.61643823522,298.7892283126712,332.5723675079644,332.5997662730515,279.36242485884577,4.596773595098526,7.847486253106785,5.229624453932047,441.3375398144126,442.227031220682,442.3073871294037,441.4807829307392,1,
lfm25,42,cap16_chunk8192_pollpm_mem0.85,16,8192,lpm,0.85,0,R_medium_balanced,6.846203014613201,1752.6279717409795,7229.590383431541,5476.962411690562,123.7329391296953,133.2172096008435,133.3468209253624,125.0635368633084,4.114615367542879,4.272510316770743,4.055303424327433,1159.1425586957484,1212.081082747318,1213.2612818153575,1159.165910066804,1,
lfm25,42,cap16_chunk8192_pollpm_mem0.85,16,8192,lpm,0.85,0,R_short_decode,1.646375839284244,421.47221485676647,586.109798785191,164.63758392842442,34.55328498966992,45.592330722138286,47.42714433930814,36.01380257168785,2.2337508040900325,2.2476584383512863,2.236029430940425,603.5732650198042,616.5565593633801,616.8873076606542,605.9215362765826,1,
lfm25,42,cap16_chunk8192_pollpm_mem0.85,16,8192,lpm,0.85,0,shared_prefix,11.172159898953623,2860.072934132128,29102.95284177893,26242.8799076468,3139.932108577341,8614.631171245128,8801.99616015423,3484.416803810745,4.641334183842821,4.92674117615702,4.656120039013046,4311.475844588131,9815.638794377446,9966.527691953816,4671.727413759072,1,
lfm25,42,cap16_chunk8192_pollpm_mem0.85,16,8192,lpm,0.85,0,tool_agent,5.245903380101614,1087.554459245766,15076.018117455726,13988.46365820996,227.60773915797472,444.03478282038105,570.6967898970463,251.57114406116307,3.784218145166199,66.21259483508763,11.648574544883887,504.29140077903867,2096.315783192404,2568.683316484087,874.2204705625772,1,
lfm25,43,cap16_chunk8192_pollpm_mem0.9,16,8192,lpm,0.9,0,R_concurrent_decode,13.152161664870686,3366.953386206896,5997.385719181033,2630.4323329741374,698.4747981186956,1282.4491160688922,1282.6575101912022,696.5280523727415,4.459537137482389,4.462641450010386,4.418817981986292,1823.7719091121107,2420.385041716509,2420.485353525728,1823.326637779246,1,
lfm25,43,cap16_chunk8192_pollpm_mem0.9,16,8192,lpm,0.9,0,R_long_prefill,11.981746302382968,383.41588167625497,48310.40109120812,47926.98520953187,224.33854453265667,226.04540926404297,226.1294443253428,209.00459145195785,3.202846919697139,4.962886274311571,3.705409573270909,323.97694513201714,324.388518393971,324.42647953052074,323.872288223356,1,
lfm25,43,cap16_chunk8192_pollpm_mem0.9,16,8192,lpm,0.9,0,R_medium_balanced,6.765002892655359,1731.8407405197718,7143.843054644059,5412.002314124286,131.58377492800355,167.96689573675394,168.2108113542199,131.17404305376112,4.101423247187745,4.139794830570188,4.097701092043589,1174.7563173994422,1219.203755259514,1219.5438593626022,1174.5356952014845,1,
lfm25,43,cap16_chunk8192_pollpm_mem0.9,16,8192,lpm,0.9,0,R_short_decode,1.6420142519240049,420.3556484925453,584.5570736849457,164.20142519240048,38.22517697699368,44.66965976171196,45.55958881042898,38.35814516060054,2.231579046586857,2.237186206741092,2.231951463218492,608.3010686561465,613.2839173544198,614.5513203088194,607.2263696696609,1,
lfm25,43,cap16_chunk8192_pollpm_mem0.9,16,8192,lpm,0.9,0,shared_prefix,10.908943467461054,2792.6895276700297,28417.286376011005,25624.596848340974,3137.803753837943,8886.583379213698,9025.305527746676,3545.8253128890647,4.686608327114406,5.182321593713231,4.728547085388152,4351.69907216914,10083.305929182095,10282.71429196,4751.604819663044,1,
lfm25,43,cap16_chunk8192_pollpm_mem0.9,16,8192,lpm,0.9,0,tool_agent,5.244348232557337,1087.2320538326244,15071.548833358393,13984.316779525769,232.7682543545961,462.41637901402976,592.6794647006311,253.8767329254188,3.942589863742653,65.77054657973349,11.972457676108212,513.9953950420022,2101.597339706495,2691.0532753774837,882.8052865923382,1,
lfm25,44,cap16_chunk8192_polfcfs_mem0.75,16,8192,fcfs,0.75,0,R_concurrent_decode,13.155130541786498,3367.7134186973435,5998.739527054643,2631.0261083573,680.889236042276,1270.797483017668,1270.839167656377,679.380022775149,4.463411215692759,4.468175906815803,4.4499625942633285,1815.577658591792,2409.483987558633,2409.935844358988,1814.1204843122975,1,
lfm25,44,cap16_chunk8192_polfcfs_mem0.75,16,8192,fcfs,0.75,0,R_long_prefill,11.938340766135108,382.0269045163234,48135.38996905676,47753.36306454043,221.6914147138596,222.8889228543267,222.93212759774175,207.158548058942,3.3058378875495924,4.972985019576885,3.782343217021515,324.3524089921266,325.2446955535561,325.3292487282306,324.41118778660893,1,
lfm25,44,cap16_chunk8192_polfcfs_mem0.75,16,8192,fcfs,0.75,0,R_medium_balanced,7.007928707927306,1794.0297492293903,7400.372715571235,5606.342966341845,99.40225095488132,105.95359117724,106.0833838302642,100.70417693350464,4.064406061033701,4.145119573884443,4.056589348885395,1135.0649467203766,1161.7983827600256,1162.0257706614211,1135.1344608992804,1,
lfm25,44,cap16_chunk8192_polfcfs_mem0.75,16,8192,fcfs,0.75,0,R_short_decode,1.6507396577102686,422.5893523738288,587.6633181448556,165.07396577102685,35.2869734633714,45.9639802807942,45.99508978892118,35.361586371436715,2.231616725889491,2.235587878322112,2.2316953258283934,604.0043095126748,614.0201615635306,614.0371598768979,604.1643231292255,1,
lfm25,44,cap16_chunk8192_polfcfs_mem0.75,16,8192,fcfs,0.75,0,shared_prefix,11.245509717461513,2878.8504876701472,29294.025680719235,26415.17519304909,4205.054228659719,4846.41809721943,4849.091206961311,3510.9010690357536,4.625518872019123,5.363895917566966,4.690175098506848,5344.80756893754,6057.326884730719,6074.907762943767,4706.895719155,1,
lfm25,44,cap16_chunk8192_polfcfs_mem0.75,16,8192,fcfs,0.75,0,tool_agent,5.258081260872904,1090.0791165978662,15111.01570277851,14020.936586180644,222.81772084534168,451.4714719494804,542.4001889489584,249.06134941149503,3.5304902772867925,35.96065901219845,9.598694685773914,476.2404076755047,2082.807141612284,2565.170593769283,863.3044109260663,1,
lfm25,45,cap16_chunk8192_polfcfs_mem0.8,16,8192,fcfs,0.8,0,R_concurrent_decode,12.77655768023432,3270.798766139986,5826.11030218685,2555.311536046864,759.0391174890101,1355.3674063179642,1355.5345121398568,753.9725271053612,4.477549105970644,4.647951935253599,4.475891903911127,1892.972108675167,2493.059910135344,2493.3547602547333,1893.0857843806732,1,
lfm25,45,cap16_chunk8192_polfcfs_mem0.8,16,8192,fcfs,0.8,0,R_long_prefill,12.41661409272262,397.33165096712384,50063.7880218576,49666.45637089048,213.83713581599292,215.1631132233888,215.1953320298344,201.90860226284715,3.184990762102027,4.5644177980120135,3.578047662402593,312.70609446801245,313.46417386084795,313.5650425776839,312.8280797973275,1,
lfm25,45,cap16_chunk8192_polfcfs_mem0.8,16,8192,fcfs,0.8,0,R_medium_balanced,7.050107240837019,1804.827453654277,7444.913246323893,5640.085792669615,93.14861916936934,96.53113910462709,96.7195852426812,93.89714457211085,4.066163621039367,4.142579836223056,4.059192213782237,1129.135002847761,1151.8645855830982,1152.006506011821,1128.991159086581,1,
lfm25,45,cap16_chunk8192_polfcfs_mem0.8,16,8192,fcfs,0.8,0,R_short_decode,1.6472559488548462,421.6975229068406,586.4231177923252,164.7255948854846,36.82480938732624,43.43459755182266,43.877338618040085,35.625808290205896,2.23489162950393,2.2391755156762096,2.235302903626141,606.5996855031699,613.0782491061836,613.7029512692243,605.3479201509617,1,
lfm25,45,cap16_chunk8192_polfcfs_mem0.8,16,8192,fcfs,0.8,0,shared_prefix,11.342785450097155,2903.753075224872,29547.42440443512,26643.671329210247,4225.3521422389895,4788.980159256607,4826.494125570171,3483.3644774953427,4.644754739003439,5.2253629300999,4.647194446771013,5342.040082672611,5997.52154215239,6013.301130542532,4668.399061421951,1,
lfm25,45,cap16_chunk8192_polfcfs_mem0.8,16,8192,fcfs,0.8,0,tool_agent,5.258158083909861,1090.0950431657727,15111.236481815611,14021.14143864984,223.672210238874,467.6213158527389,553.0437040422105,252.66433471115303,3.516371635039552,26.456743478775014,9.684118633172949,475.49963369965553,2084.944667527452,2722.9181034769813,873.1073196325451,1,
lfm25,46,cap16_chunk8192_polfcfs_mem0.85,16,8192,fcfs,0.85,0,R_concurrent_decode,13.168749776670186,3371.199942827568,6004.949898161605,2633.749955334037,682.8081931453198,1275.8888656273484,1276.1189845437184,682.2969400382135,4.46871897004837,4.47272995569031,4.452104051996881,1817.6138859707864,2416.2492021685466,2416.5810649096966,1817.583473297418,1,
lfm25,46,cap16_chunk8192_polfcfs_mem0.85,16,8192,fcfs,0.85,0,R_long_prefill,12.330432357170404,394.5738354294529,49716.30326411107,49321.72942868162,215.7943896017969,217.15667934622616,217.1848541079089,203.7390710320324,3.181625007381362,4.55900188310132,3.57242392361044,314.4892069976777,314.7730750963092,314.78614393621683,314.484212663956,1,
lfm25,46,cap16_chunk8192_polfcfs_mem0.85,16,8192,fcfs,0.85,0,R_medium_balanced,7.093092880465076,1815.8317773990595,7490.306081771119,5674.47430437206,98.7467970699072,104.27709447685628,104.44084585178643,100.21142355981284,4.00711130898665,4.139532252470506,4.004569401092572,1121.5671068057418,1158.8209328474477,1159.1994609916585,1121.3766208384186,1,
lfm25,46,cap16_chunk8192_polfcfs_mem0.85,16,8192,fcfs,0.85,0,R_short_decode,1.6495122209376534,422.27512856003926,587.2263506538046,164.95122209376532,36.669525085017085,43.86312381830066,44.15522191207856,35.655484127346426,2.230943753110135,2.2362396859346623,2.2313790936251623,605.447028297931,612.2010214719921,612.3883127141744,604.3773394194432,1,
lfm25,46,cap16_chunk8192_polfcfs_mem0.85,16,8192,fcfs,0.85,0,shared_prefix,11.241097471766004,2877.720952772097,29282.53198750645,26404.81103473436,4210.902518592775,4866.842395346612,4868.350561335683,3513.013427131227,4.62283960397483,5.375595828244351,4.691579183689136,5351.29948053509,6063.515594950877,6073.210758538917,4709.366118971957,1,
lfm25,46,cap16_chunk8192_polfcfs_mem0.85,16,8192,fcfs,0.85,0,tool_agent,5.257006900134805,1089.8563855014472,15107.928135055912,14018.071749554463,227.27673850022256,456.5033643273636,572.2739793406793,254.3155180010945,3.554187444669585,32.29855243116612,9.637595374938362,489.9004807230085,2147.5140374852344,2571.749103134492,870.9164815815166,1,
lfm25,47,cap16_chunk8192_polfcfs_mem0.9,16,8192,fcfs,0.9,0,R_concurrent_decode,13.291264752540291,3402.563776650315,6060.816727158373,2658.252950508059,672.2945319488645,1256.2901474302637,1256.4253673981875,671.7347891972167,4.432231700960912,4.464959183835662,4.41328820318221,1797.4987882189453,2394.691663235426,2395.05419629626,1797.1232810086804,1,
lfm25,47,cap16_chunk8192_polfcfs_mem0.9,16,8192,fcfs,0.9,0,R_long_prefill,12.151529229469244,388.8489353430158,48994.96585321999,48606.11691787697,219.5207083132118,221.21501257643104,221.2424075417221,207.471635309048,3.2288002436079326,4.633824714279222,3.6265856601418025,319.67360549606383,320.515041728504,320.630576373078,319.8957907734439,1,
lfm25,47,cap16_chunk8192_polfcfs_mem0.9,16,8192,fcfs,0.9,0,R_medium_balanced,6.685607401540077,1711.5154947942597,7060.001416026322,5348.485921232062,124.49437705799936,225.14815093018117,225.3006171900779,143.8800726318732,4.200752823631845,4.279869818585176,4.104131200309733,1190.6742446590215,1214.7061366122216,1214.940336486325,1190.4335287108552,1,
lfm25,47,cap16_chunk8192_polfcfs_mem0.9,16,8192,fcfs,0.9,0,R_short_decode,1.65267517171743,423.08484395966207,588.3523611314051,165.267517171743,35.0368469953537,42.41163881961256,43.49311970639974,35.65370052820072,2.2258029775876627,2.231350480817889,2.22696808424598,602.8472871985286,609.8659315844998,610.5687476275489,603.2514718244784,1,
lfm25,47,cap16_chunk8192_polfcfs_mem0.9,16,8192,fcfs,0.9,0,shared_prefix,11.2763919231304,2886.7563323213826,29374.472378883296,26487.716046561916,4245.506970677525,4835.5718814069405,4869.021029565483,3510.3634763945597,4.64806522735778,5.231576678525729,4.652791379068695,5362.67141578719,6042.217010492459,6055.790579919703,4696.8252780570765,1,
lfm25,47,cap16_chunk8192_polfcfs_mem0.9,16,8192,fcfs,0.9,0,tool_agent,5.252675538346753,1088.958429232357,15095.480386010891,14006.521956778532,235.0682383403182,455.13808103278274,562.8872248344117,256.2236453965306,3.652505436411468,32.64029594138262,9.716038353806738,483.1651120912284,2093.623745534569,2715.8060339325984,875.6213594065048,1,
lfm25,48,cap24_chunk-1_pollpm_mem0.75,24,-1,lpm,0.75,0,R_concurrent_decode,13.283848348695097,3400.6651772659447,6057.434847004964,2656.7696697390197,126.3124744873494,1395.8025871776044,1395.938355405815,440.5205439688871,4.836130338520103,4.863052483575016,4.615157067161692,1360.837569925934,2388.810348021798,2388.840754381381,1617.385596095119,1,
lfm25,48,cap24_chunk-1_pollpm_mem0.75,24,-1,lpm,0.75,0,R_long_prefill,13.008383821832329,416.2682822986345,52449.80356962796,52033.53528732932,198.85174953378737,199.20602906495333,199.23789147287607,198.28037463594228,3.172149205760609,3.260896324871048,3.197881385623928,297.418896574527,297.7117379195988,297.7359839715064,297.41469759028405,1,
lfm25,48,cap24_chunk-1_pollpm_mem0.75,24,-1,lpm,0.75,0,R_medium_balanced,7.063005511244937,1808.129410878704,7458.533819874653,5650.40440899595,102.4966104887426,109.44787377957256,109.62277979124336,103.71422584285028,4.014938522824178,4.145815849358984,4.008099658862122,1125.927194720134,1155.855365213938,1156.1857633525506,1125.7796388526913,1,
lfm25,48,cap24_chunk-1_pollpm_mem0.75,24,-1,lpm,0.75,0,R_short_decode,1.6462060106255112,421.42873872013087,586.0493397826821,164.62060106255112,36.13628703169525,44.62024716194719,44.960227902047336,35.717040358576924,2.2313277045374407,2.2371776817346065,2.232705332181792,605.6898895185441,613.4885119507089,613.8162273587659,604.7771761659533,1,
lfm25,48,cap24_chunk-1_pollpm_mem0.75,24,-1,lpm,0.75,0,shared_prefix,11.6495813023922,2982.292813412404,30346.61321860813,27364.32040519573,2654.455695068464,4531.677712243982,6224.938195566648,2942.51318402894,5.410430835121694,6.5286027164399325,5.544707527316824,3961.58830774948,5898.743149964139,7716.031529186293,4356.41360349473,1,
lfm25,48,cap24_chunk-1_pollpm_mem0.75,24,-1,lpm,0.75,0,tool_agent,5.247858289223231,1087.9597412303142,15081.63626235852,13993.676521128207,315.38474606350064,540.5953421490267,545.7335652969778,323.42023723293096,3.304003970697522,36.26608857885003,7.552522596013234,551.2089931871742,2087.5082909595217,2639.026561346831,912.3464808380232,1,
lfm25,49,cap24_chunk-1_pollpm_mem0.8,24,-1,lpm,0.8,0,R_concurrent_decode,13.345210425942073,3416.3738690411706,6085.415954229585,2669.0420851884146,126.27663020975888,1392.2949621919545,1392.38016536925,439.2780028574634,4.829001129038778,4.870763477577152,4.608507780985925,1358.9363978244364,2382.915669772774,2383.2190181175247,1614.4474870088743,1,
lfm25,49,cap24_chunk-1_pollpm_mem0.8,24,-1,lpm,0.8,0,R_long_prefill,11.835647090210806,378.7407068867458,47721.32906772997,47342.58836084322,227.82026487402615,228.2421454554424,228.27787242364136,227.3430994246155,3.233631336761098,3.317256704453499,3.257638425566256,328.351859934628,328.6936881020665,328.72685719281435,328.32989061716944,1,
lfm25,49,cap24_chunk-1_pollpm_mem0.8,24,-1,lpm,0.8,0,R_medium_balanced,7.111068552177732,1820.4335493574995,7509.288391099685,5688.854841742186,97.61921525932848,99.44748762063682,99.48774143122137,97.49098913744092,4.012424382837672,4.139793926265601,4.003853428145578,1118.9273151103407,1153.9887411054224,1154.359709052369,1118.4736133145634,1,
lfm25,49,cap24_chunk-1_pollpm_mem0.8,24,-1,lpm,0.8,0,R_short_decode,1.6486718921010677,422.0600043778733,586.92719358798,164.86718921010674,38.15609961748123,42.75221151765436,42.79339119326323,37.2453176532872,2.23014343475156,2.2345355651895686,2.227677709469162,603.5122442990541,610.7469921000302,611.1796549148858,604.7482137219049,1,
lfm25,49,cap24_chunk-1_pollpm_mem0.8,24,-1,lpm,0.8,0,shared_prefix,11.624430921134056,2975.8543158103184,30281.09765435479,27305.24333854447,2676.887209294364,4544.259269954637,6231.317509529182,2952.558907625644,5.4064870054157925,6.4641935496097975,5.543806838307087,3993.823294294998,5925.746995513327,7720.946085276082,4366.229651393951,1,
lfm25,49,cap24_chunk-1_pollpm_mem0.8,24,-1,lpm,0.8,0,tool_agent,5.254341987734429,1089.303909187163,15100.269536580405,14010.96562739324,328.45672545954585,536.9809162337333,550.010230219923,325.4689378547482,3.3621221082285047,40.18618520349264,7.708451916729753,547.3223563749343,2109.4087438657875,2641.318730921479,912.5907096895388,1,
lfm25,50,cap24_chunk-1_pollpm_mem0.85,24,-1,lpm,0.85,0,R_concurrent_decode,13.28075373885406,3399.87295714664,6056.023704917452,2656.1507477708124,130.64519758336246,1406.313769891858,1406.4026997890323,448.172363860067,4.834547127578773,4.888722017297851,4.602646748546748,1364.3749000038952,2396.628401451744,2396.7321904283017,1621.8472847394878,1,
lfm25,50,cap24_chunk-1_pollpm_mem0.85,24,-1,lpm,0.85,0,R_long_prefill,9.393328055708094,300.586497782659,37873.89872061504,37573.31222283239,317.2767127398401,317.72872519213706,317.7787059778348,298.7674612086266,3.1869604117086814,5.249461934210792,3.793299986770557,416.3740547373891,416.7184355901554,416.7339703300968,416.3597607985139,1,
lfm25,50,cap24_chunk-1_pollpm_mem0.85,24,-1,lpm,0.85,0,R_medium_balanced,6.938556726041167,1776.2705218665387,7327.115902699472,5550.845380832933,107.19138733111322,115.53812585771084,115.68010300397872,109.03756562038323,4.059260162324006,4.153237213818904,4.049610252167993,1142.004317138344,1162.1036358410493,1162.7050063805657,1141.6881799232217,1,
lfm25,50,cap24_chunk-1_pollpm_mem0.85,24,-1,lpm,0.85,0,R_short_decode,1.6325198066600737,417.92507050497886,581.1770511709863,163.25198066600737,37.934834603220224,48.370609479025006,49.76590358652175,38.81316108163446,2.2350640748353565,2.2725081984247044,2.24184560531725,611.6067057009786,617.5161338411272,618.8349813036621,609.9175149574876,1,
lfm25,50,cap24_chunk-1_pollpm_mem0.85,24,-1,lpm,0.85,0,shared_prefix,11.62000958094079,2974.7224527208423,30269.580270401653,27294.85781768081,2672.2505677025765,4553.581628808752,6232.800329942257,2953.418500517728,5.518926923875423,6.515123301879593,5.559679096953843,3967.7861931268126,5916.539079672657,7725.611452148296,4371.136670240958,1,
lfm25,50,cap24_chunk-1_pollpm_mem0.85,24,-1,lpm,0.85,0,tool_agent,5.246493578683047,1087.676816264676,15077.714268501955,13990.03745223728,330.0003067124635,534.884006739594,557.1300917677581,327.3845094302669,3.356846682727337,38.48344245925546,7.6936333094145875,532.0271078962833,2131.869889725931,2630.584920863614,921.667956202291,1,
lfm25,51,cap24_chunk-1_pollpm_mem0.9,24,-1,lpm,0.9,0,R_concurrent_decode,13.246241876381058,3391.037920353551,6040.286295629762,2649.2483752762114,130.82814449444413,1400.5329362116754,1400.7341220742092,446.55531317403074,4.850357325345863,4.853412444776326,4.616727011321642,1367.6726431585848,2394.419185514562,2394.6930534532294,1623.8207010610497,1,
lfm25,51,cap24_chunk-1_pollpm_mem0.9,24,-1,lpm,0.9,0,R_long_prefill,12.079322904781192,386.5383329529982,48703.829952077765,48317.29161912477,218.3677558787167,218.86438434012237,218.9088223967701,217.9613374173641,3.2236698353963518,3.3167605904201345,3.248570299136542,318.6685382388532,319.41898819059134,319.4939313456416,318.66701669059694,1,
lfm25,51,cap24_chunk-1_pollpm_mem0.9,24,-1,lpm,0.9,0,R_medium_balanced,6.9960176289641485,1790.980513014822,7387.794616186141,5596.814103171319,103.78134483471511,113.52150503080338,113.70242421980949,105.57091375812888,4.059829029674623,4.15057760581155,4.050759921608237,1138.646750012413,1156.8720755167303,1157.165087852627,1138.514693768229,1,
lfm25,51,cap24_chunk-1_pollpm_mem0.9,24,-1,lpm,0.9,0,R_short_decode,1.6338892475708349,418.2756473781337,581.6645721352172,163.3889247570835,36.95697383955121,47.59494597092271,47.8645652718842,37.65451500657946,2.232325692460233,2.301505078640041,2.245583322327632,609.6358932554722,620.0341727118939,621.7649201955646,609.9986931076273,1,
lfm25,51,cap24_chunk-1_pollpm_mem0.9,24,-1,lpm,0.9,0,shared_prefix,11.64563279799184,2981.2819962859107,30336.327549731333,27355.045553445423,2645.077608060092,4536.222193646245,6235.136234262028,2940.225602087594,5.332226745382535,6.521091819284301,5.544470657075769,3950.4129784181714,5887.289926572703,7728.378330743872,4354.065619641915,1,
lfm25,51,cap24_chunk-1_pollpm_mem0.9,24,-1,lpm,0.9,0,tool_agent,5.242532093487878,1086.8555409614394,15066.32949485154,13979.4739538901,324.9712635297328,535.1448073517531,546.1653088219464,322.1355679212138,3.290912675622262,38.21403202600776,7.514509284547667,546.7074250336736,2096.67241461575,2621.4347085962017,909.0257749287412,1,
lfm25,52,cap24_chunk-1_polfcfs_mem0.75,24,-1,fcfs,0.75,0,R_concurrent_decode,13.124277752146153,3359.815104549415,5984.670654978646,2624.855550429231,163.57769607566297,1432.5572728645056,1432.7476887777448,477.2129108023364,4.817437333986163,4.882999554495601,4.601504362482742,1393.2161058764905,2424.543091002852,2424.701154585928,1650.5965232354356,1,
lfm25,52,cap24_chunk-1_polfcfs_mem0.75,24,-1,fcfs,0.75,0,R_long_prefill,7.742723125407537,247.7671400130412,31218.659641643186,30970.892501630147,406.70608449727297,407.1319072507322,407.1702462993562,392.1803197590634,3.165654034443921,4.799971098621045,3.64319660941199,505.1553600933403,505.78596584964544,505.8428908744827,505.1194146508351,1,
lfm25,52,cap24_chunk-1_polfcfs_mem0.75,24,-1,fcfs,0.75,0,R_medium_balanced,6.67021794699117,1707.5757944297395,7043.750152022675,5336.174357592936,137.82923412509265,154.71214067656547,154.75690478924662,140.05875200382434,4.136100212367726,4.253108624606302,4.128686614978292,1192.8193331696093,1193.8762383069843,1194.0359666477889,1192.873838823289,1,
lfm25,52,cap24_chunk-1_polfcfs_mem0.75,24,-1,fcfs,0.75,0,R_short_decode,1.65076668175157,422.59627052840193,587.672938703559,165.076668175157,36.606971407309175,46.175195695832365,48.44506287015975,36.056862969417125,2.228281051650935,2.2331930798982693,2.2286787963401418,605.0366933923215,613.6465732008219,615.8587326854467,604.090694221668,1,
lfm25,52,cap24_chunk-1_polfcfs_mem0.75,24,-1,fcfs,0.75,0,shared_prefix,11.794649217358,3019.430199643648,30724.508337035528,27705.07813739188,2628.9718931075186,4398.607328557409,4466.366399745457,2893.718118790275,5.308178749264163,6.470774741131155,5.513707372658389,3928.577019367367,5791.337847686373,5807.628033296205,4299.713498818164,1,
lfm25,52,cap24_chunk-1_polfcfs_mem0.75,24,-1,fcfs,0.75,0,tool_agent,5.253392592325351,1089.1070852779303,15097.541102343095,14008.434017065165,311.1963320989162,535.0567312678322,541.729175131768,317.49990795506164,3.3057070458712783,37.68733320757746,7.413171061120267,505.3815336432308,2092.656697053462,2534.055735468858,899.5401260233484,1,
lfm25,53,cap24_chunk-1_polfcfs_mem0.8,24,-1,fcfs,0.8,0,R_concurrent_decode,13.4161677530828,3434.5389447891966,6117.772495405757,2683.23355061656,126.7866468988359,1379.1017512558028,1379.2790352227166,437.9748564242618,4.768801907844403,4.775901536968554,4.552760201919477,1342.6998406648636,2369.61570084095,2369.7413147054613,1598.9287079137284,1,
lfm25,53,cap24_chunk-1_polfcfs_mem0.8,24,-1,fcfs,0.8,0,R_long_prefill,8.985509771877478,287.5363127000793,36229.57540020999,35942.03908750991,337.44089491665363,337.8760999068618,337.92339373379946,316.50433444883674,3.16345015720975,5.503311218513597,3.8510246292477657,435.7585059478879,436.50725826155394,436.58136607613415,435.8860979555175,1,
lfm25,53,cap24_chunk-1_polfcfs_mem0.8,24,-1,fcfs,0.8,0,R_medium_balanced,6.998488886627575,1791.6131549766592,7390.404264278719,5598.79110930206,111.77914869040252,131.18358748033643,131.4126425422728,118.58460324583577,4.053639213317165,4.274961823487983,3.993502130284541,1137.0542927179486,1200.3858785610646,1200.9563816245643,1136.9276464683935,1,
lfm25,53,cap24_chunk-1_polfcfs_mem0.8,24,-1,fcfs,0.8,0,R_short_decode,1.5064152050253707,385.6422924864949,536.283812989032,150.64152050253708,40.84436665289104,300.189187307842,375.441621155478,93.15713227260858,2.233362607840522,2.2365634649842736,2.2331959011122477,609.7231218591332,869.0997330006211,944.440491972491,662.342369207181,1,
lfm25,53,cap24_chunk-1_polfcfs_mem0.8,24,-1,fcfs,0.8,0,shared_prefix,11.791636283592988,3018.658888599805,30716.65978580894,27698.00089720913,2616.7008185293525,4404.831738001667,4458.953610723838,2889.3374507460976,5.399055504148789,6.464976127460306,5.519260630906358,3917.546029901132,5785.1994884666055,5799.589531002566,4296.748911627219,1,
lfm25,53,cap24_chunk-1_polfcfs_mem0.8,24,-1,fcfs,0.8,0,tool_agent,5.2491380881710965,1088.2250627491908,15085.314231761828,13997.089169012635,313.1772470660508,551.3919936027378,554.0575644001365,322.8981052734889,3.344961457736211,39.68653175979853,7.572670867911722,507.3888781480491,2134.317241190001,2555.81062688026,912.4064838490448,1,
lfm25,54,cap24_chunk-1_polfcfs_mem0.85,24,-1,fcfs,0.85,0,R_concurrent_decode,12.888643559501231,3299.492751232315,5877.221463132561,2577.7287119002463,143.48755008541048,1475.8313270751387,1476.0414192499593,483.2297595712589,5.068473551678014,5.072821199108718,4.746290945445699,1435.633800458163,2469.365780428052,2469.655557554215,1693.533950659912,1,
lfm25,54,cap24_chunk-1_polfcfs_mem0.85,24,-1,fcfs,0.85,0,R_long_prefill,12.01216886440665,384.3894036610128,48433.06486128761,48048.6754576266,224.5657010935247,224.98823455534875,225.03195020370185,224.0300690755248,3.236951464186272,3.3368522774488216,3.2637016847729683,325.0933450181037,325.8346075657755,325.90623606927693,325.2048213034868,1,
lfm25,54,cap24_chunk-1_polfcfs_mem0.85,24,-1,fcfs,0.85,0,R_medium_balanced,7.022146241494519,1797.6694378225968,7415.386431018212,5617.716993195615,98.04801852442324,99.81329832226038,99.88002609461546,97.86794421961532,4.067978579733594,4.14481442558634,4.059775497001943,1133.415333693847,1155.4284325102344,1155.465115350671,1133.1106959551107,1,
lfm25,54,cap24_chunk-1_polfcfs_mem0.85,24,-1,fcfs,0.85,0,R_short_decode,1.6423812098600594,420.4495897241752,584.6877107101811,164.23812098600595,37.69875504076481,48.382676765322685,50.316120237112045,37.11820568423718,2.23488972577102,2.2484590766001857,2.235868380479815,608.4034827072173,614.554605865851,614.948315070942,606.9869619677775,1,
lfm25,54,cap24_chunk-1_polfcfs_mem0.85,24,-1,fcfs,0.85,0,shared_prefix,11.810033957609509,3023.368693148034,30764.584864231005,27741.21617108297,2611.2940867897123,4396.190189779736,4454.07795001287,2884.737999458593,5.422882133108728,6.46838904751063,5.522141161282871,3914.061389863491,5779.061977332458,5793.005941053852,4292.883995585726,1,
lfm25,54,cap24_chunk-1_polfcfs_mem0.85,24,-1,fcfs,0.85,0,tool_agent,5.248178734288843,1088.0261742990915,15082.557178217008,13994.531003917917,316.17182842455804,534.6847463632002,557.1559501811862,320.2403971483,3.262221477925777,33.73583727516227,7.510387243178888,504.2807958088815,2098.313295119442,2570.5640827398684,909.3719273502938,1,
lfm25,55,cap24_chunk-1_polfcfs_mem0.9,24,-1,fcfs,0.9,0,R_concurrent_decode,13.265611600709702,3395.996569781684,6049.118889923624,2653.1223201419407,147.68927334807813,1403.741949237883,1403.925347216427,458.5362165671541,4.768367697868277,4.814384609789533,4.563447777478609,1364.5377738866955,2397.6062065688893,2397.906426130794,1622.2153998241993,1,
lfm25,55,cap24_chunk-1_polfcfs_mem0.9,24,-1,fcfs,0.9,0,R_long_prefill,12.374695928248173,395.9902697039415,49894.77398269663,49498.783712992685,214.6840610075742,215.03297379240396,215.06460262462497,213.80157896783203,3.226934248701699,3.3618452425505363,3.2642946255603627,314.809603150934,315.57908593676984,315.6849204283208,314.99471236020327,1,
lfm25,55,cap24_chunk-1_polfcfs_mem0.9,24,-1,fcfs,0.9,0,R_medium_balanced,6.993053636620591,1790.2217309748712,7384.664640271344,5594.442909296473,96.4700081385672,132.5763383647427,132.64365594368428,110.85680034011602,4.017520305134502,4.184289920764665,4.0220592719931885,1136.283443076536,1188.920360640623,1189.169676718302,1136.4819146983791,1,
lfm25,55,cap24_chunk-1_polfcfs_mem0.9,24,-1,fcfs,0.9,0,R_short_decode,1.6423158446865678,420.43285623976135,584.664440708418,164.23158446865676,40.60894018039107,49.92211270146071,52.98316746018827,39.36179575975984,2.227949716296851,2.2316725222887497,2.2281703468511305,608.240089379251,617.6933707669377,620.6496806070209,607.2661668877117,1,
lfm25,55,cap24_chunk-1_polfcfs_mem0.9,24,-1,fcfs,0.9,0,shared_prefix,11.631011765940148,2977.539012080678,30298.24044659756,27320.70143451688,2752.8242748230696,4443.78427087795,4591.677869264968,2947.1658696966188,5.588985082930794,6.552215463244448,5.583236825623317,4053.196822293103,5920.985744893551,5938.293775632046,4370.8912602305645,1,
lfm25,55,cap24_chunk-1_polfcfs_mem0.9,24,-1,fcfs,0.9,0,tool_agent,5.252747252949115,1088.9732967451455,15095.686484096608,14006.713187351465,312.0249605271965,543.4629294788465,619.0461601130664,322.147437511012,3.352047146662421,37.100871512666345,8.126346857084657,500.3079159650952,2124.67700021807,2685.2957132039533,922.6060675410554,1,
lfm25,56,cap24_chunk2048_pollpm_mem0.75,24,2048,lpm,0.75,0,R_concurrent_decode,12.600313609891844,3225.680284132312,5745.743006110681,2520.0627219783687,186.2024161964655,1534.1110490961,1534.234191388823,511.2399288336746,5.100057755286494,5.407522918163415,4.847869378350237,1488.4771138895303,2526.950518670492,2526.97195218876,1747.446620312985,1,
lfm25,56,cap24_chunk2048_pollpm_mem0.75,24,2048,lpm,0.75,0,R_long_prefill,10.57310313758954,338.33930040286526,42630.75185076102,42292.41255035816,198.19582952186465,261.6228027269244,266.0732853040099,183.43016074504703,5.486535103691201,9.165931456241632,5.96030312590301,368.2784177362919,368.7651489395648,368.8076562527567,368.1995576480404,1,
lfm25,56,cap24_chunk2048_pollpm_mem0.75,24,2048,lpm,0.75,0,R_medium_balanced,6.813767850744696,1744.324569790642,7195.338850386398,5451.014280595757,132.34246685169637,133.82954231929034,134.71961410250515,117.56103482912296,4.095033099692241,4.296369112425429,4.11567180371825,1167.3452763352543,1177.290162188001,1177.5816057110203,1167.0573447772767,1,
lfm25,56,cap24_chunk2048_pollpm_mem0.75,24,2048,lpm,0.75,0,R_short_decode,1.6501420826038316,422.4363731465809,587.450581406964,165.01420826038316,35.27871239930391,42.919759708456695,43.15009174402803,35.61573603656143,2.231745630064431,2.235315410590761,2.231910758895983,604.1063929442316,612.1364272432402,612.4736044416204,604.4734682072885,1,
lfm25,56,cap24_chunk2048_pollpm_mem0.75,24,2048,lpm,0.75,0,shared_prefix,14.453026140207331,3699.974691893077,37649.45560963977,33949.480917746696,1725.8343638386575,6428.740727854892,6507.255366067402,2155.5182828888064,5.200289657302931,5.770079331545561,5.187897635197871,3163.7734083924443,7781.070727249607,7785.71295585949,3478.2025748936576,1,
lfm25,56,cap24_chunk2048_pollpm_mem0.75,24,2048,lpm,0.75,0,tool_agent,5.274726114617546,1093.5298444519365,15158.850765385354,14065.320920933416,163.56212040409446,566.4393938612186,666.8125258572397,213.9574977988377,5.091633780726364,149.00561016984284,30.64268281129549,665.7269818242639,2198.0595759581765,2780.9702389221584,931.1703733494504,1,
lfm25,57,cap24_chunk2048_pollpm_mem0.8,24,2048,lpm,0.8,0,R_concurrent_decode,13.140274617688222,3363.910302128185,5991.965225665829,2628.0549235376448,143.36507651023567,1426.1248779017478,1426.2222730042413,451.3520411128411,4.891985831964835,5.049122450690644,4.693919445351496,1392.510762438178,2418.630139832385,2418.7045286176726,1648.3014996774727,1,
lfm25,57,cap24_chunk2048_pollpm_mem0.8,24,2048,lpm,0.8,0,R_long_prefill,10.484751840939316,335.51205891005816,42274.51942266733,41939.00736375727,208.67264945991337,265.3323062462732,268.8757830252871,191.7994220275432,5.233355407272615,8.935085168829367,5.778264107873604,370.90666708536446,371.69438009150326,371.7760711256415,370.9256093716249,1,
lfm25,57,cap24_chunk2048_pollpm_mem0.8,24,2048,lpm,0.8,0,R_medium_balanced,6.776569660721118,1734.8018331446062,7156.057561721501,5421.255728576894,127.48389737680554,130.3447085665539,130.99978028330952,113.69733995525166,4.1617501727944495,4.315285417981738,4.156996343654635,1173.7143597565591,1190.2480507269502,1190.7667541876435,1173.7314075871836,1,
lfm25,57,cap24_chunk2048_pollpm_mem0.8,24,2048,lpm,0.8,0,R_short_decode,1.644252270351557,420.9285812099986,585.3538082451543,164.4252270351557,38.13479351811111,45.48545088618994,46.59553710371256,37.20309416530654,2.232468465123983,2.238078370211312,2.2336380679516017,607.4755352456123,614.5298281917349,615.7038950594142,606.5008330624551,1,
lfm25,57,cap24_chunk2048_pollpm_mem0.8,24,2048,lpm,0.8,0,shared_prefix,14.384501271785789,3682.4323255771615,37470.95153950486,33788.5192139277,1715.6960766296834,6522.1083935583,6596.726780831814,2178.381979378173,5.349412188846983,5.96346913964725,5.235841179047914,3200.5814402364194,7891.00652707275,7894.792794799432,3513.331661975826,1,
lfm25,57,cap24_chunk2048_pollpm_mem0.8,24,2048,lpm,0.8,0,tool_agent,5.237248672594739,1085.7602085589783,15051.14565646648,13965.385447907502,179.8509401269257,595.7329058321192,698.3478329004718,223.40865834616125,6.039244082889386,163.1086126435548,32.05554649567528,707.2072431910783,2256.195622845553,2885.73196664452,977.193632486742,1,
lfm25,58,cap24_chunk2048_pollpm_mem0.85,24,2048,lpm,0.85,0,R_concurrent_decode,13.181247886510254,3374.399458946625,6010.649036248677,2636.249577302051,134.7275876905769,1422.618856607005,1422.8507813857868,445.0851600704482,4.89359786094842,5.0364618896342375,4.689387925934758,1384.076392510906,2414.064729656093,2414.3361241091043,1640.8790811838116,1,
lfm25,58,cap24_chunk2048_pollpm_mem0.85,24,2048,lpm,0.85,0,R_long_prefill,11.596892876319536,371.1005720422251,46758.67207732036,46387.57150527814,169.72495801746845,229.79326059576124,233.80864165257665,161.6435992764309,5.366256009907492,8.207711626234794,5.63214709531636,336.2592803314328,336.61909613292664,336.65321064647287,336.24015923123807,1,
lfm25,58,cap24_chunk2048_pollpm_mem0.85,24,2048,lpm,0.85,0,R_medium_balanced,6.902868728927795,1767.1343946055156,7289.429377747752,5522.294983142237,123.71406145393848,135.0769669516012,135.09952628519386,114.43709649029188,4.132303448540031,4.311591315576258,4.069793176170731,1152.6406274642795,1196.2239226559177,1196.706168469973,1152.2343564138282,1,
lfm25,58,cap24_chunk2048_pollpm_mem0.85,24,2048,lpm,0.85,0,R_short_decode,1.6513895579394515,422.7557268324996,587.8946826264447,165.13895579394514,35.953879822045565,39.61895548272878,39.66552867088467,34.564729779958725,2.2378990454051424,2.241536206891839,2.2351681740407185,603.5085751209408,610.188091150485,610.2999124629423,603.9758074330166,1,
lfm25,58,cap24_chunk2048_pollpm_mem0.85,24,2048,lpm,0.85,0,shared_prefix,14.458732621339228,3701.435551062842,37664.32072549706,33962.88517443422,1736.9543095119298,6429.975927341729,6482.276195501909,2159.782884929882,5.31899725251338,5.891276206455978,5.266273422460597,3241.390207782388,7805.340775474906,7820.804546582513,3502.6826076573343,1,
lfm25,58,cap24_chunk2048_pollpm_mem0.85,24,2048,lpm,0.85,0,tool_agent,5.273313370520748,1093.236961409509,15154.79072957161,14061.5537681621,169.97072705999017,569.6351891150695,680.6269509764386,212.698521851562,5.395251774014189,151.47828902117908,30.893003596620165,669.677997706458,2174.09795266576,2861.187777593727,935.6038667471148,1,
lfm25,59,cap24_chunk2048_pollpm_mem0.9,24,2048,lpm,0.9,0,R_concurrent_decode,13.044230800006924,3339.323084801773,5948.169244803158,2608.846160001385,152.95456373132765,1447.0759574323893,1447.240559286438,463.2212140713818,4.903124293823744,5.063599792820419,4.702406181033938,1404.0277048479766,2439.207492978312,2439.496632697992,1662.334790235036,1,
lfm25,59,cap24_chunk2048_pollpm_mem0.9,24,2048,lpm,0.9,0,R_long_prefill,8.405880039473178,268.9881612631417,33892.50831915585,33623.520157892715,221.1413644254208,348.12106087338174,361.5840041777119,220.96042963676155,7.808207939829557,11.94510232251618,7.82002696031404,463.2288559805602,463.8765824958682,463.95766992121935,463.3812654064968,1,
lfm25,59,cap24_chunk2048_pollpm_mem0.9,24,2048,lpm,0.9,0,R_medium_balanced,6.760678086347462,1730.7335901049505,7139.27605918292,5408.542469077969,118.63106209784746,132.75463331956416,133.05574285332114,109.03157194843516,4.158492137988409,4.346299955767451,4.1906203222050165,1177.8781472239643,1192.9910980397835,1193.279120628722,1177.6397541107144,1,
lfm25,59,cap24_chunk2048_pollpm_mem0.9,24,2048,lpm,0.9,0,R_short_decode,1.6557128485904369,423.86248923915184,589.4337740981955,165.5712848590437,34.62446643970907,40.56410142220557,40.67064565606415,32.925021601840854,2.2330025813597087,2.2386019566130586,2.234046233458498,604.0671120863408,609.5053380122408,609.8257249919698,602.3270646692254,1,
lfm25,59,cap24_chunk2048_pollpm_mem0.9,24,2048,lpm,0.9,0,shared_prefix,14.4784099422777,3706.472945223091,37715.57922416736,34009.106278944266,1727.9144739732146,6416.647959081455,6490.627289591357,2150.9491766628344,5.245684747419813,5.644193880588693,5.188692518063095,3132.049744948745,7769.4563693366945,7772.43981111329,3474.065768768924,1,
lfm25,59,cap24_chunk2048_pollpm_mem0.9,24,2048,lpm,0.9,0,tool_agent,5.24951859523585,1088.30394757132,15086.407757697476,13998.103810126157,163.70899905450642,574.5284828590227,649.0231592673806,210.75559478951615,5.97513688262552,156.02588923648,30.96151038617496,653.5658577922732,2295.149176823906,2755.7191975740648,953.3763763378374,1,
lfm25,60,cap24_chunk2048_polfcfs_mem0.75,24,2048,fcfs,0.75,0,R_concurrent_decode,13.19313496199834,3377.442550271575,6016.069542671243,2638.626992399668,144.13615432567894,1420.2505360124633,1420.5221129674464,449.7619327303255,4.842118717109164,4.993107218441426,4.658003086931821,1380.649003200233,2411.0623471206054,2411.379898153245,1637.5527198979398,1,
lfm25,60,cap24_chunk2048_polfcfs_mem0.75,24,2048,fcfs,0.75,0,R_long_prefill,11.61930195120122,371.817662438439,46849.02546724332,46477.20780480488,182.9608345869929,235.41606115177277,235.73710748925805,167.74812212679535,4.861112263414167,8.2520910516201,5.35780148610713,333.6952212266624,334.5972082577646,334.6762643568218,333.8399681961164,1,
lfm25,60,cap24_chunk2048_polfcfs_mem0.75,24,2048,fcfs,0.75,0,R_medium_balanced,6.60761972108491,1691.5506485977369,6977.646425465664,5286.095776867927,140.01781796105206,232.62232262641191,232.7037924900651,148.16645896644332,4.2896775346176295,4.476468748066063,4.147033159981719,1205.8410628233105,1239.057985250838,1239.4449768820778,1205.6599147617817,1,
lfm25,60,cap24_chunk2048_polfcfs_mem0.75,24,2048,fcfs,0.75,0,R_short_decode,1.6551891000548302,423.7284096140365,589.2473196195195,165.51891000548304,33.92279683612287,43.45565971452743,44.35470464173704,33.871532476041466,2.2307554625120813,2.2346500991463323,2.23138536160978,602.9125221539289,611.9207364274189,613.0596063425764,602.5953172356822,1,
lfm25,60,cap24_chunk2048_polfcfs_mem0.75,24,2048,fcfs,0.75,0,shared_prefix,14.13809458256827,3619.352213137477,36829.07366440679,33209.72145126931,2128.800645004958,3618.8407683046535,3620.370872849599,2241.5157300201827,5.37948532157815,5.9190562002214735,5.301377842574855,3470.3109425026923,5012.790415436029,5025.763764274307,3593.3670798767707,1,
lfm25,60,cap24_chunk2048_polfcfs_mem0.75,24,2048,fcfs,0.75,0,tool_agent,5.233686086000929,1085.0216309192826,15040.90726354506,13955.885632625776,196.04587112553415,546.4169718790797,640.3752597142009,237.0637534395792,3.880238044075668,114.24774071201682,19.24992853392474,603.2429717015475,2177.0051988540213,2689.51110712252,931.115155403968,1,
lfm25,61,cap24_chunk2048_polfcfs_mem0.8,24,2048,fcfs,0.8,0,R_concurrent_decode,12.67678362919798,3245.2566090746827,5780.613334914278,2535.356725839596,173.2608878519386,1512.0013400679454,1512.19266992528,496.7011887929402,5.085059535671391,5.380681740649629,4.833132562777667,1471.8170184642076,2503.486538305878,2503.6684654513374,1729.1499923012452,1,
lfm25,61,cap24_chunk2048_polfcfs_mem0.8,24,2048,fcfs,0.8,0,R_long_prefill,11.964958673268256,382.8786775445842,48242.71337061761,47859.83469307303,175.47489888966084,221.84306671842933,222.01910188421607,160.44420888647437,4.739993499712117,7.909661953547789,5.229903186010497,322.41469738073647,323.2160592218861,323.3225321350619,322.5712076527998,1,
lfm25,61,cap24_chunk2048_polfcfs_mem0.8,24,2048,fcfs,0.8,0,R_medium_balanced,6.7222258325984345,1720.8898131451992,7098.670479223947,5377.780666078747,127.31185741722584,139.02208814397454,139.83009131625295,114.84933333122171,4.247475307726978,4.435372610083397,4.190466291152452,1183.6280215065926,1229.57206715364,1230.0416831159964,1183.418237575097,1,
lfm25,61,cap24_chunk2048_polfcfs_mem0.8,24,2048,fcfs,0.8,0,R_short_decode,1.6565513891396064,424.0771556197392,589.7322945336998,165.65513891396063,31.836862675845623,44.658633088693016,47.02528568916023,33.03342836443335,2.2326399033487423,2.238329491619454,2.2335890158992195,601.3630535453558,613.2487341761589,615.6259075552225,602.3188214749098,1,
lfm25,61,cap24_chunk2048_polfcfs_mem0.8,24,2048,fcfs,0.8,0,shared_prefix,14.285800306671767,3657.164878507973,37213.840151990575,33556.67527348261,2104.037062963471,3564.547461131588,3583.812963287346,2216.865060869168,5.3408430980554975,5.831713372951046,5.278494316079042,3443.813028745353,4973.704914352857,4987.153717637993,3562.8811114693235,1,
lfm25,61,cap24_chunk2048_polfcfs_mem0.8,24,2048,fcfs,0.8,0,tool_agent,5.244057936591778,1087.1718711245244,15070.71456194333,13983.542690818806,187.7309854608029,536.6248524049295,630.6440856168047,234.649054761976,4.024180123346976,110.75950833037494,19.091828579036616,596.1640330497175,2193.930100183934,2673.4580541076075,925.5127848195845,1,
lfm25,62,cap24_chunk2048_polfcfs_mem0.85,24,2048,fcfs,0.85,0,R_concurrent_decode,13.130927407603494,3361.5174163464944,5987.702897867193,2626.185481520699,162.08377829752862,1429.6269769081846,1430.307247173041,463.675528211752,4.840981182368363,5.054536990310047,4.665053056041692,1398.117459146306,2421.7206561472267,2422.423280728981,1653.2640575023834,1,
lfm25,62,cap24_chunk2048_polfcfs_mem0.85,24,2048,fcfs,0.85,0,R_long_prefill,11.777263773916491,376.8724407653278,47485.9275364313,47109.05509566597,182.8763750381768,231.8589264294133,232.08408217411488,167.9719319799915,4.767123452057281,7.9911692916686015,5.247253924608231,330.6572020519525,330.944965290837,330.9573454177007,330.63680364284664,1,
lfm25,62,cap24_chunk2048_polfcfs_mem0.85,24,2048,fcfs,0.85,0,R_medium_balanced,6.244121904161276,1598.4952074652867,6593.792730794308,4995.297523329021,141.05896279215813,269.4650334306061,269.60229771211743,153.98557743174024,4.373245262632183,4.682844058227013,4.3954100298887,1275.0589391216636,1309.117300901562,1309.2321273870766,1274.815135053359,1,
lfm25,62,cap24_chunk2048_polfcfs_mem0.85,24,2048,fcfs,0.85,0,R_short_decode,1.6508414110240033,422.6154012221448,587.6995423245452,165.08414110240034,35.29234789311886,41.01136215031147,41.51756219565869,34.77325476706028,2.2316756366076422,2.2357945309393856,2.2322980960931624,604.1780584491789,609.6084772143513,609.8726988304406,603.7295967107639,1,
lfm25,62,cap24_chunk2048_polfcfs_mem0.85,24,2048,fcfs,0.85,0,shared_prefix,14.20089989892913,3635.430374125857,36992.67856952762,33357.248195401764,2106.023073429242,3587.6360319089144,3603.489981894381,2228.01858051389,5.368690147046365,5.951456902548671,5.310176359389694,3447.7379887830466,4990.949217043817,5000.658012628555,3582.113552158262,1,
lfm25,62,cap24_chunk2048_polfcfs_mem0.85,24,2048,fcfs,0.85,0,tool_agent,5.230816827834313,1084.4267906624705,15032.661402924055,13948.234612261587,200.6911605130881,565.2295113308354,641.1344616627318,241.27594258869067,3.9255330339074135,111.5303948055952,19.54236199285818,623.0557058006525,2194.4334849249567,2688.348842165427,936.5521311713384,1,
lfm25,63,cap24_chunk2048_polfcfs_mem0.9,24,2048,fcfs,0.9,0,R_concurrent_decode,13.460773970258762,3445.958136386243,6138.112930437996,2692.154794051753,137.21906812861562,1371.0741406073794,1371.2082326924428,438.6161030270159,4.707892254615823,4.861930669741888,4.531435866773987,1338.474843883887,2362.4813742935658,2362.5435485877097,1594.1322490543826,1,
lfm25,63,cap24_chunk2048_polfcfs_mem0.9,24,2048,fcfs,0.9,0,R_long_prefill,11.624067262144877,371.97015238863605,46868.23920096814,46496.26904857951,186.19838124141097,234.85629139468077,235.0569230876863,170.75131938327104,4.752456052829661,8.045645927890174,5.256169580764348,333.5400235373527,334.4354845350608,334.51243102084845,333.6925763869658,1,
lfm25,63,cap24_chunk2048_polfcfs_mem0.9,24,2048,fcfs,0.9,0,R_medium_balanced,6.545289709989612,1675.5941657573403,6911.82593374903,5236.23176799169,137.14977516792715,239.9740176042542,240.1120113907382,149.00894640595652,4.292841714934683,4.476616666287038,4.15994597646846,1210.1164844352752,1236.9869763497263,1237.424621777609,1209.795170405414,1,
lfm25,63,cap24_chunk2048_polfcfs_mem0.9,24,2048,fcfs,0.9,0,R_short_decode,1.657744710522054,424.3826458936458,590.1571169458513,165.7744710522054,32.823409186676145,41.11304364632815,41.51236945297569,33.10131293255836,2.231170893555471,2.2343323264306685,2.2313452892308696,601.6308981925249,609.3794590560719,609.9551323568448,601.8149044830352,1,
lfm25,63,cap24_chunk2048_polfcfs_mem0.9,24,2048,fcfs,0.9,0,shared_prefix,14.178771614851588,3629.7655334020064,36935.03542676894,33305.26989336693,2114.3462404143065,3593.947769352235,3600.905411345884,2228.0907518688764,5.367549166412038,5.980086555960131,5.3079609950894815,3454.717200482264,4993.984465161338,5006.0244317865,3581.6208056166943,1,
lfm25,63,cap24_chunk2048_polfcfs_mem0.9,24,2048,fcfs,0.9,0,tool_agent,5.24253221750342,1086.8555666717216,15066.329851255468,13979.474284583746,194.33013908565044,547.8158982004969,644.9078853568062,238.31496156286448,3.9021921499321857,113.94552034325898,19.443246486164703,606.1575748026371,2217.387759429402,2685.934072942466,933.3677938277832,1,
lfm25,64,cap24_chunk8192_pollpm_mem0.75,24,8192,lpm,0.75,0,R_concurrent_decode,13.35464595121744,3418.7893635116643,6089.718553755152,2670.929190243488,122.94687004759908,1392.2914578579366,1392.5077024800703,436.9080960168503,4.826268072550496,4.85762316395766,4.607607881988253,1355.5614065844566,2383.3424993092194,2383.667121892795,1611.8481059238547,1,
lfm25,64,cap24_chunk8192_pollpm_mem0.75,24,8192,lpm,0.75,0,R_long_prefill,11.644260765383034,372.6163444922571,46949.6594060244,46577.04306153214,228.18352817557752,230.3600310580805,230.42460641358048,212.62619807384908,3.271222046966995,5.082672211762157,3.787985022720551,329.90149897523224,330.7679677149281,330.8543374715373,330.05373377818614,1,
lfm25,64,cap24_chunk8192_pollpm_mem0.75,24,8192,lpm,0.75,0,R_medium_balanced,7.081591938564988,1812.887536272637,7478.161087124627,5665.27355085199,101.95108712650836,102.49351942911744,102.58541190996766,100.5661380768288,4.010430606556874,4.135421527020049,4.002592789566181,1122.1064645797014,1155.7496554451063,1156.1790516832843,1121.227299416205,1,
lfm25,64,cap24_chunk8192_pollpm_mem0.75,24,8192,lpm,0.75,0,R_short_decode,1.6478050718218205,421.8380983863861,586.6186055685681,164.78050718218205,37.46822685934603,45.76786446850747,46.05819923337549,36.22129908762872,2.232699863174383,2.2361140223772864,2.2332411250704536,606.2619092408568,615.1032789144665,615.5187358427793,605.4181017680094,1,
lfm25,64,cap24_chunk8192_pollpm_mem0.75,24,8192,lpm,0.75,0,shared_prefix,13.388740925379006,3427.517676897025,34877.042513381435,31449.52483648441,1761.761256726459,7074.725026334636,7208.702915264294,2433.028461437061,5.244586217746723,6.119556118295912,5.334643859960659,3260.381628992036,8530.97423017025,8532.695702877827,3793.362645727029,1,
lfm25,64,cap24_chunk8192_pollpm_mem0.75,24,8192,lpm,0.75,0,tool_agent,5.2571529231154726,1089.8866582556843,15108.34778538925,14018.461127133563,226.7245033290237,532.7143841888756,579.0222823247313,258.0251547694206,3.820322901640393,70.80388227477668,13.37879882075788,506.32942328229547,2075.9362827520818,2582.2440960723843,877.9375114780851,1,
lfm25,65,cap24_chunk8192_pollpm_mem0.8,24,8192,lpm,0.8,0,R_concurrent_decode,12.82479479605205,3283.1474677893248,5848.106426999735,2564.95895921041,148.2969974167645,1489.8324040230364,1489.9782815296203,487.71888729243074,5.08893017803191,5.093295267399619,4.771231155609712,1445.8599037025124,2481.4601061167195,2481.7285358626395,1704.3828319729073,1,
lfm25,65,cap24_chunk8192_pollpm_mem0.8,24,8192,lpm,0.8,0,R_long_prefill,12.32821331607642,394.50282611444544,49707.35609042013,49312.85326430568,211.41134994104505,213.39471607934684,213.63424019422385,199.8935429146513,3.265662997540447,4.617478642913122,3.6457972000202825,312.7576175611466,313.44249225221574,313.5326235275716,312.9132561152801,1,
lfm25,65,cap24_chunk8192_pollpm_mem0.8,24,8192,lpm,0.8,0,R_medium_balanced,7.0398743037017,1802.2078217476355,7434.107264708996,5631.89944296136,106.746734585613,116.23706028331073,116.363106505014,108.33204849041068,4.010722970626518,4.137936861290797,4.001172637571489,1128.8924210239202,1156.7287985235453,1156.8655375391245,1128.6310710711405,1,
lfm25,65,cap24_chunk8192_pollpm_mem0.8,24,8192,lpm,0.8,0,R_short_decode,1.634743008817018,418.4942102571566,581.9685111388584,163.4743008817018,34.027111483737826,72.37922376953063,86.65517191402613,40.00486200675368,2.229262604469469,2.2790725929589253,2.2386599948734127,605.9755145106465,644.1052146721631,656.2929876241833,610.2960369316861,1,
lfm25,65,cap24_chunk8192_pollpm_mem0.8,24,8192,lpm,0.8,0,shared_prefix,13.22085569676624,3384.539058372158,34439.70936246528,31055.17030409312,1955.525540979579,7105.791119066998,7165.582659463398,2435.660209186608,5.194758086045291,5.90519573548626,5.264322016520572,3327.092053834349,8465.829752827995,8484.740046556108,3778.0623233993538,1,
lfm25,65,cap24_chunk8192_pollpm_mem0.8,24,8192,lpm,0.8,0,tool_agent,5.209967984177863,1080.1045126398335,14972.744640849312,13892.64012820948,262.12249882519245,546.6356906108558,579.1567315068096,277.4255956313573,3.815361886824432,75.6751130335033,15.13112948395426,520.8357577212155,2182.975381729193,2565.516679454587,918.8757560029626,1,
lfm25,66,cap24_chunk8192_pollpm_mem0.85,24,8192,lpm,0.85,0,R_concurrent_decode,13.623336005771662,3487.5740174775456,6212.241218631878,2724.667201154333,112.85159992985427,1344.9474482797086,1345.1274380041286,417.3621050576912,4.697772609435168,4.734070665458692,4.508751676607347,1312.1998484712094,2334.150597313419,2334.415510389954,1567.0937825925648,1,
lfm25,66,cap24_chunk8192_pollpm_mem0.85,24,8192,lpm,0.85,0,R_long_prefill,12.563316293797568,402.0261214015222,50655.29129659179,50253.265175190274,211.65023534558716,213.1013409467414,213.2656068587676,200.0791725004092,3.196307247684848,4.523056572783858,3.57376855813087,310.92283641919494,311.15853644441813,311.1761522432789,310.8659978024661,1,
lfm25,66,cap24_chunk8192_pollpm_mem0.85,24,8192,lpm,0.85,0,R_medium_balanced,6.888032727476974,1763.3363782341053,7273.762560215684,5510.426181981579,106.69712186791004,109.67267607338728,109.751238534227,107.13078832486644,4.12120587448133,4.265281421077602,4.112784742085519,1156.1204323079437,1195.930483401753,1196.464413148351,1155.8908975566735,1,
lfm25,66,cap24_chunk8192_pollpm_mem0.85,24,8192,lpm,0.85,0,R_short_decode,1.6523138991431654,422.9923581806504,588.2237480949668,165.23138991431654,32.43865189142525,44.6848607622087,46.349015068262815,33.966641465667635,2.234089109754445,2.23803893655584,2.2348052216305527,602.2500859107822,613.7696287827566,615.2218656102195,603.5620419424959,1,
lfm25,66,cap24_chunk8192_pollpm_mem0.85,24,8192,lpm,0.85,0,shared_prefix,13.763567884543308,3523.473378443087,35853.44917199073,32329.975793547645,2002.6713067200037,7023.957254760899,7072.52247213386,2397.798664245784,5.2174431025324495,5.877455703950688,5.224543172145929,3327.719781314954,8346.460405434482,8381.870922432281,3730.057173142996,1,
lfm25,66,cap24_chunk8192_pollpm_mem0.85,24,8192,lpm,0.85,0,tool_agent,5.224362987083463,1083.0888126672082,15014.11393587462,13931.02512320741,250.85447821766135,551.2117099016905,567.4042943958187,271.4986695931293,3.903842492339512,78.34172723814844,13.818758896465503,564.5625060424209,2196.144241467118,2757.3105238983344,923.0854084482417,1,
lfm25,67,cap24_chunk8192_pollpm_mem0.9,24,8192,lpm,0.9,0,R_concurrent_decode,13.270017804255064,3397.1245578892967,6051.12811874031,2654.003560851013,128.63592989742756,1410.3368780110031,1410.5099842790514,447.4385921639623,4.916975974087038,4.921494948622935,4.664679142953059,1382.200519554317,2399.240760365501,2399.4368189154197,1635.9584931778954,1,
lfm25,67,cap24_chunk8192_pollpm_mem0.9,24,8192,lpm,0.9,0,R_long_prefill,10.901971203341914,348.86307850694124,43956.7478918746,43607.88481336766,237.1696508489549,256.912927585654,257.15045993682,217.6037939498201,3.893235856066308,6.696651124155088,4.527093865157616,357.85996238701046,358.49864550400525,358.58349232468754,357.9437037697062,1,
lfm25,67,cap24_chunk8192_pollpm_mem0.9,24,8192,lpm,0.9,0,R_medium_balanced,7.102532500649152,1818.2483201661828,7500.274320685504,5682.026000519321,96.90546290948988,103.15125656779855,103.44075381290168,98.10552137787454,4.019103251288042,4.146801601803185,4.009851437020937,1120.9498322568834,1159.4967618584633,1159.6666026860476,1120.6176378182136,1,
lfm25,67,cap24_chunk8192_pollpm_mem0.9,24,8192,lpm,0.9,0,R_short_decode,1.629326558911156,417.107599081256,580.0402549723716,162.93265589111562,37.98208455555141,45.39983232971281,46.7475777072832,37.13869763305411,2.233467318628933,2.347309279888385,2.255381070836914,607.3723677545786,639.8252392886207,649.859991944395,611.981161753647,1,
lfm25,67,cap24_chunk8192_pollpm_mem0.9,24,8192,lpm,0.9,0,shared_prefix,13.182218290589285,3374.647882390857,34339.060730502715,30964.41284811186,1974.703174317256,7296.873183338903,7355.304434667341,2514.083280646446,5.295151356132884,6.113109925360072,5.318236793719538,3287.872895365581,8619.643274880946,8621.377879739739,3870.233663044928,1,
lfm25,67,cap24_chunk8192_pollpm_mem0.9,24,8192,lpm,0.9,0,tool_agent,5.254849133186649,1089.4090480465902,15101.727004145449,14012.31795609886,273.47451518289745,545.7258281996474,587.3061362700537,280.3625044086948,4.001321503892541,71.480232803151,16.134874043965635,510.6238678563386,2188.5237658862025,2576.391495899289,925.8971192711032,1,
lfm25,68,cap24_chunk8192_polfcfs_mem0.75,24,8192,fcfs,0.75,0,R_concurrent_decode,13.222859335834372,3385.0519899736,6029.623857140475,2644.5718671668747,141.6294756345451,1413.59097850509,1413.7632701639086,457.8006923256908,4.845253435675712,4.848451058508134,4.6132056823219445,1377.504289383069,2405.9668824542314,2406.228720415384,1634.1681413177866,1,
lfm25,68,cap24_chunk8192_polfcfs_mem0.75,24,8192,fcfs,0.75,0,R_long_prefill,12.33444707872651,394.70230651924834,49732.49062142529,49337.78831490604,216.12748270854357,217.77255358174443,217.79641004279256,203.61402491107583,3.2366503165253717,4.681484258523391,3.64263421450291,316.46364252083004,317.0626673381776,317.1136991586536,316.535685560666,1,
lfm25,68,cap24_chunk8192_polfcfs_mem0.75,24,8192,fcfs,0.75,0,R_medium_balanced,6.813351028774464,1744.2178633662627,7194.898686385834,5450.680823019571,114.00716076605022,121.46641104482114,121.59726652316748,114.00448199128732,4.199049851911909,4.269810563282055,4.130142723328854,1167.2680778428912,1201.5948262996972,1202.3391068913045,1167.190876440145,1,
lfm25,68,cap24_chunk8192_polfcfs_mem0.75,24,8192,fcfs,0.75,0,R_short_decode,1.645910156683051,421.35300011086105,585.9440157791661,164.5910156683051,37.81485254876316,45.02940371166915,45.18093356397003,36.84103552950546,2.2314770138073783,2.2352601297602197,2.232076854683766,606.6882230807096,613.3325442671776,613.7376019358635,605.7412463705987,1,
lfm25,68,cap24_chunk8192_polfcfs_mem0.75,24,8192,fcfs,0.75,0,shared_prefix,13.2122535223213,3382.3369017142527,34417.301101263125,31034.964199548875,2332.164961611852,3931.1494434019546,3975.88915807195,2494.4264329897123,5.335855502270016,6.189981810565962,5.383281651116775,3671.621464891359,5348.629412217997,5366.310039544478,3867.16325402449,1,
lfm25,68,cap24_chunk8192_polfcfs_mem0.75,24,8192,fcfs,0.75,0,tool_agent,5.213939530979572,1080.92787386503,14984.158330198608,13903.230456333578,229.7527510672808,506.8479775683954,561.5919502032921,258.82468502037227,3.4518625546732675,36.444729939103055,10.759121861845305,554.9478519242257,2241.301806061528,2697.2009063698297,884.8160662385635,1,
lfm25,69,cap24_chunk8192_polfcfs_mem0.8,24,8192,fcfs,0.8,0,R_concurrent_decode,13.366560140037864,3421.839395849693,6095.151423857266,2673.3120280075727,119.05911518260837,1387.6287850318477,1387.839983701706,434.5675568038132,4.861519259272837,4.881969694340346,4.62610744266296,1360.904349712655,2378.844148060307,2379.1271537728608,1614.224954682868,1,
lfm25,69,cap24_chunk8192_polfcfs_mem0.8,24,8192,fcfs,0.8,0,R_long_prefill,12.235108426113134,391.5234696356203,49331.95717408816,48940.43370445254,217.127236770466,218.77343938685956,218.80862561054528,205.1224180031568,3.2081118214034268,4.599236209516323,3.5982798717375246,316.72531249932945,317.2409728402272,317.2967141168192,316.66909402702004,1,
lfm25,69,cap24_chunk8192_polfcfs_mem0.8,24,8192,fcfs,0.8,0,R_medium_balanced,6.584538746769916,1685.6419191730984,6953.272916589031,5267.630997415932,125.30036945827304,192.458935896866,192.52714642789212,153.55612526764162,4.26697247643389,4.278416043677021,4.138494746681924,1208.9667536783963,1215.1686813449487,1215.5480549437923,1208.8722856715322,1,
lfm25,69,cap24_chunk8192_polfcfs_mem0.8,24,8192,fcfs,0.8,0,R_short_decode,1.6456923836606223,421.29725021711937,585.8664885831816,164.56923836606225,37.38762345165014,45.95982867758721,47.16550899203867,37.257487361785024,2.22814143909251,2.233133446118569,2.228768036110135,605.7439693249762,613.7803088407964,615.0352657493204,605.3139536525123,1,
lfm25,69,cap24_chunk8192_polfcfs_mem0.8,24,8192,fcfs,0.8,0,shared_prefix,13.24757310266025,3391.378714281024,34509.30695244076,31117.928238159737,2327.698695007712,3928.3901460235934,3980.712513071485,2487.956986307836,5.346580502558864,6.203126762993632,5.389186387344357,3665.1904457248743,5352.091838116758,5365.377779230475,3861.9942466866632,1,
lfm25,69,cap24_chunk8192_polfcfs_mem0.8,24,8192,fcfs,0.8,0,tool_agent,5.25209339013553,1088.8377411759473,15093.807370641844,14004.969629465895,230.89828598313036,531.030760332942,562.5509546790272,264.3948562769219,3.377839432735192,30.313172191381437,10.371685444401049,553.2958114054054,2079.970899154431,2674.40889042336,877.4448933778331,1,
lfm25,70,cap24_chunk8192_polfcfs_mem0.85,24,8192,fcfs,0.85,0,R_concurrent_decode,12.757389590354752,3265.891735130817,5817.369653201768,2551.47791807095,251.5007713809609,1505.9453712543473,1506.1083423020318,559.6516876248643,4.7574466176550185,4.908281653096863,4.559978971305742,1465.2062382083386,2495.875278301537,2496.014752853662,1722.4463253078284,1,
lfm25,70,cap24_chunk8192_polfcfs_mem0.85,24,8192,fcfs,0.85,0,R_long_prefill,12.053930509636372,385.725776308364,48601.447814853855,48215.72203854549,221.9237342942506,223.51046158000827,223.53790750727055,206.70646510552612,3.261554993749145,5.009043524642625,3.756667919186575,323.1462971307337,323.8786410307512,323.9649546844885,323.16317060031,1,
lfm25,70,cap24_chunk8192_polfcfs_mem0.85,24,8192,fcfs,0.85,0,R_medium_balanced,7.049712172381367,1804.72631612963,7444.496054034724,5639.769737905093,100.26798001490532,121.13452889025211,121.26312740147114,105.13673594687134,4.02640341325987,4.148111490064219,4.019316803260533,1128.4309329930693,1172.6557492511347,1172.957724914886,1128.2521498796996,1,
lfm25,70,cap24_chunk8192_polfcfs_mem0.85,24,8192,fcfs,0.85,0,R_short_decode,1.6498197382232505,422.3538529851521,587.3358268074771,164.98197382232505,33.90106954611838,40.30162934213877,40.761576034128666,34.18533562216908,2.236025412475654,2.240454767552006,2.236605887763908,603.9863980840892,610.1927764713764,610.6829287111759,604.2395690456033,1,
lfm25,70,cap24_chunk8192_polfcfs_mem0.85,24,8192,fcfs,0.85,0,shared_prefix,13.666584647707564,3498.6456698131365,35600.812386122845,32102.166716309708,2358.6809132248163,3912.555226171389,3951.158869983629,2410.707720577193,5.143919932272505,6.197129435764221,5.232101353641494,3673.8544809632,5263.8116795104,5278.007428939454,3744.893565755774,1,
lfm25,70,cap24_chunk8192_polfcfs_mem0.85,24,8192,fcfs,0.85,0,tool_agent,5.255671321509364,1089.5795000187138,15104.089862389508,14014.510362370793,222.35288540832696,523.5164382727817,547.6564919296652,258.6647236836143,3.3471295186741785,53.378765657544,9.947062236683836,489.46715076453984,2071.6791967162862,2546.7194861546104,860.4738457105123,1,
lfm25,71,cap24_chunk8192_polfcfs_mem0.9,24,8192,fcfs,0.9,0,R_concurrent_decode,12.97206587504417,3320.848864011308,5915.262039020141,2594.413175008834,190.02482085488737,1463.0394537001848,1463.2459849817678,503.9514490053989,4.828914209250726,4.946597685087837,4.609819203638015,1422.0844442024827,2453.939554421231,2454.2753050569445,1679.4553459330928,1,
lfm25,71,cap24_chunk8192_polfcfs_mem0.9,24,8192,fcfs,0.9,0,R_long_prefill,11.92876037290511,381.7203319329635,48096.7618235534,47715.04149162044,224.89286493510008,226.2194404378533,226.2615987285972,209.41672893241048,3.2849934688138385,5.055422631783351,3.793877872428106,326.903322013095,327.67761719878763,327.78124071192,327.02694297768176,1,
lfm25,71,cap24_chunk8192_polfcfs_mem0.9,24,8192,fcfs,0.9,0,R_medium_balanced,7.037298881332314,1801.5485136210723,7431.387618686923,5629.839105065851,95.1649600174278,100.73667240794748,100.90257122647016,96.58029311685824,4.062345312616112,4.138366692681231,4.055014251407199,1130.9863696806133,1154.7941933386028,1155.1338995806873,1130.608927225694,1,
lfm25,71,cap24_chunk8192_polfcfs_mem0.9,24,8192,fcfs,0.9,0,R_short_decode,1.6505745182091,422.5470766615296,587.6045284824396,165.05745182091002,36.408108891919255,40.404026908800006,40.4741211887449,34.79104646248743,2.232385130927843,2.235708707369912,2.232895435259643,606.0009975917637,609.1883191373199,609.4537110906094,603.8998152362183,1,
lfm25,71,cap24_chunk8192_polfcfs_mem0.9,24,8192,fcfs,0.9,0,shared_prefix,13.669375413684726,3499.36010590329,35608.082200676195,32108.722094772904,2354.369336972013,3910.938505618833,3948.189940066077,2413.2886909574154,5.141460980453036,6.190840366259945,5.234417200214618,3668.010550085455,5260.249488800764,5272.553536603227,3748.065077012143,1,
lfm25,71,cap24_chunk8192_polfcfs_mem0.9,24,8192,fcfs,0.9,0,tool_agent,5.222643751553805,1082.732389353377,15009.173085059176,13926.440695705798,229.9762463662773,500.7438097381964,534.4189306208864,254.68915534904227,3.410571847449649,37.01947517693042,9.798689419341056,514.6196142304689,2133.436078415252,2652.033219691361,872.1654019225389,1,
lfm25,72,cap32_chunk-1_pollpm_mem0.75,32,-1,lpm,0.75,0,R_concurrent_decode,21.838212141583803,5590.5823082454535,9958.224736562212,4367.642428316761,147.7202265523374,149.5401605265215,149.64603146072477,143.24048261914868,5.114803192041376,5.1561329153129,5.134759391041691,1452.3217636160553,1455.6903259363023,1456.4081565104425,1452.60412733478,1,
lfm25,72,cap32_chunk-1_pollpm_mem0.75,32,-1,lpm,0.75,0,R_long_prefill,12.53211147068608,401.0275670619545,50529.47344980628,50128.44588274432,210.6185224838555,211.00780703127384,211.0423232614994,210.05496429279447,3.19931004947472,3.3013318642793643,3.226970112131488,309.9682666361332,310.69786625448614,310.7978682266548,310.0910377688706,1,
lfm25,72,cap32_chunk-1_pollpm_mem0.75,32,-1,lpm,0.75,0,R_medium_balanced,7.083805478026913,1813.4542023748895,7480.49858479642,5667.044382421531,98.34492905065416,103.13490824773908,103.21790585294366,99.50841145473532,4.020705236596804,4.146083784928801,4.014636488065269,1123.339481651783,1159.205722506158,1159.6381781389937,1123.240715911379,1,
lfm25,72,cap32_chunk-1_pollpm_mem0.75,32,-1,lpm,0.75,0,R_short_decode,1.653297124482794,423.2440638675952,588.5737763158746,165.32971244827937,35.11624340899289,42.02564663719386,42.28812539484352,34.67436617938802,2.231478064740989,2.235458796220632,2.2316990012570947,603.7794144358486,610.3654224425554,610.6940947473049,603.4779923502356,1,
lfm25,72,cap32_chunk-1_pollpm_mem0.75,32,-1,lpm,0.75,0,shared_prefix,14.171512185519068,3627.9071194928815,36916.12495364348,33288.21783415059,2752.4815385695547,4758.921866910532,5016.909023262561,2319.4730824252474,6.267545978520431,7.76031759987567,6.397237731703083,4470.250924816355,6664.993162918836,6773.012980567291,3950.768704009533,1,
lfm25,72,cap32_chunk-1_pollpm_mem0.75,32,-1,lpm,0.75,0,tool_agent,5.2525509767895135,1088.9326057531182,15095.122412911196,14006.189807158078,322.4175185896456,541.7777522234246,547.6108009601012,328.4267504513264,3.334357161074877,38.00510894507169,7.691376321222617,570.1055498793721,2135.103392996825,2698.865319490427,923.6951951915398,1,
lfm25,73,cap32_chunk-1_pollpm_mem0.8,32,-1,lpm,0.8,0,R_concurrent_decode,21.775133639444125,5574.434211697696,9929.46093958652,4355.026727888825,135.5495871976018,141.51474845129997,142.06142317969352,135.87007884052582,5.148022896701507,5.153220320284805,5.144710247016822,1446.7041690368203,1454.9878964200616,1455.414497954771,1447.7711918298155,1,
lfm25,73,cap32_chunk-1_pollpm_mem0.8,32,-1,lpm,0.8,0,R_long_prefill,12.767291836264052,408.55333876044966,51477.72068381666,51069.16734505621,204.6572139952332,205.0916170002893,205.12807274702936,203.9586884202436,3.233535290365258,3.3575029765826563,3.267501837634031,305.22488174028695,306.02114133071154,306.1157320579514,305.2512453868985,1,
lfm25,73,cap32_chunk-1_pollpm_mem0.8,32,-1,lpm,0.8,0,R_medium_balanced,6.757848393789248,1730.0091888100474,7136.287903841445,5406.278715031398,124.4591234717518,201.0653129545972,201.1622722959146,156.55732032610103,4.133057093941698,4.280206889790647,4.004504725647469,1177.9838725924492,1213.1588166812437,1213.1979112746194,1177.7060253662055,1,
lfm25,73,cap32_chunk-1_pollpm_mem0.8,32,-1,lpm,0.8,0,R_short_decode,1.6509835546972442,422.6517900024945,587.750145472219,165.09835546972442,36.12541570328176,43.587770848535,44.149573254399,36.260285414755344,2.228179276354757,2.2313312160739667,2.2285050816638203,604.1565074119717,611.1511137569323,611.959236417897,604.250049975235,1,
lfm25,73,cap32_chunk-1_pollpm_mem0.8,32,-1,lpm,0.8,0,shared_prefix,14.139716908055716,3619.7675284622633,36833.29974625508,33213.53221779281,2790.3038198128343,4783.541374420746,4943.338363403454,2317.918660239229,6.408522928170129,7.700532134622335,6.412751720185328,4472.034314181656,6683.636258775368,6766.187550015748,3953.170348886488,1,
lfm25,73,cap32_chunk-1_pollpm_mem0.8,32,-1,lpm,0.8,0,tool_agent,5.249431230003952,1088.2858354482694,15086.156681815308,13997.87084636704,325.2906850539148,537.8979264292866,541.6146960947663,321.9862644583918,3.4001278690993786,37.59529497474431,7.5860554563786895,505.1135187968612,2150.0109335174784,2539.6669962629594,918.569442308508,1,
lfm25,74,cap32_chunk-1_pollpm_mem0.85,32,-1,lpm,0.85,1,R_concurrent_decode,21.63839233084194,5539.428436695536,9867.106902863923,4327.678466168388,163.78626390360296,168.2436929550022,168.4619480418041,163.13195596740115,5.1095272733957735,5.11646719037683,5.109432208586904,1465.9985729958862,1468.2578661711889,1468.950864863582,1466.0371691570615,1,
lfm25,74,cap32_chunk-1_pollpm_mem0.85,32,-1,lpm,0.85,1,R_long_prefill,13.031892440731331,417.02055810340266,52544.590321028736,52127.569762925326,199.28753189742565,199.64489175472409,199.67591133434323,198.8085223129019,3.1844027295348143,3.2749108797419937,3.2086196325479017,298.15024812705815,298.8650680752471,298.96039540413767,298.27573092188686,1,
lfm25,74,cap32_chunk-1_pollpm_mem0.85,32,-1,lpm,0.85,1,R_medium_balanced,7.107930076440851,1819.6300995688575,7505.974160721538,5686.34406115268,96.90979775041342,98.67754578590392,98.86153861880302,96.7610620718915,4.01985521665683,4.1449455941534215,4.012254123375112,1119.944051140919,1152.789230342023,1152.9612803598866,1119.885863532545,1,
lfm25,74,cap32_chunk-1_pollpm_mem0.85,32,-1,lpm,0.85,1,R_short_decode,1.6595665442470775,424.84903532725184,590.8056897519596,165.95665442470775,35.232610534876585,39.65186944697052,40.67404281813651,34.19998928438872,2.2243438863798097,2.2284911221555554,2.2251381145167466,602.2430504672229,607.1112114703283,608.2577861053869,601.331475423649,1,
lfm25,74,cap32_chunk-1_pollpm_mem0.85,32,-1,lpm,0.85,1,shared_prefix,14.158935722433858,3624.687544943068,36883.36385682821,33258.676311885145,2797.878721030429,4773.120607272722,4931.534535251558,2318.400451709749,6.39238450128366,7.678148074568633,6.398097770522559,4462.751722894609,6670.38326903712,6747.184900306165,3949.9153831930016,1,
lfm25,74,cap32_chunk-1_pollpm_mem0.85,32,-1,lpm,0.85,1,tool_agent,5.253129053314359,1089.0524496878663,15096.783726803267,14007.731277115405,328.0017883516848,535.1618672022596,548.7330533890054,326.9152325647883,3.3545091189444065,37.83289627172052,7.857925811048534,555.8245768770576,2138.5437866207208,2632.648762702005,916.9603979820386,1,
lfm25,75,cap32_chunk-1_pollpm_mem0.9,32,-1,lpm,0.9,0,R_concurrent_decode,22.02668208347852,5638.8306133705,10044.167030066204,4405.336416695704,129.77485707961023,134.0767958201468,134.2661224026233,129.2524508025963,5.127327302105579,5.134732786419929,5.126928563079084,1436.6375184617937,1438.807478570379,1438.8611623644829,1436.6192343877628,1,
lfm25,75,cap32_chunk-1_pollpm_mem0.9,32,-1,lpm,0.9,0,R_long_prefill,12.447864341764674,398.3316589364696,50189.78902599517,49791.4573670587,208.823797525838,209.21199144795537,209.24276174977425,208.4281345596537,3.233929788092932,3.321965190491849,3.255016793827376,309.12840249948204,310.12234170921147,310.2335305605084,309.3336551683024,1,
lfm25,75,cap32_chunk-1_pollpm_mem0.9,32,-1,lpm,0.9,0,R_medium_balanced,7.04821953072245,1804.3441998649475,7442.919824442907,5638.57562457796,111.89802130684257,118.89591556973755,118.95319581963122,113.56746361707336,3.9906517940336,4.2742326933269705,3.9818936586836537,1129.3129173573109,1199.0429408615455,1199.4688440812752,1128.950346581405,1,
lfm25,75,cap32_chunk-1_pollpm_mem0.9,32,-1,lpm,0.9,0,R_short_decode,1.6504011418707911,422.5026923189226,587.5428065060017,165.04011418707913,36.655066069215536,43.73867108952254,44.06597995664925,35.952834761701524,2.2285845340686103,2.233692624498925,2.2294387471098185,605.3112940862775,611.7059029173106,611.9538023974746,604.180354217533,1,
lfm25,75,cap32_chunk-1_pollpm_mem0.9,32,-1,lpm,0.9,0,shared_prefix,14.163075149087838,3625.747238166487,36894.146869226206,33268.39963105972,2749.102630186826,4754.582472564653,5013.322730548681,2321.129858442873,6.258979787611786,7.708419915471299,6.390600789583985,4461.651710094884,6663.850223366171,6767.114125709049,3950.5132135818712,1,
lfm25,75,cap32_chunk-1_pollpm_mem0.9,32,-1,lpm,0.9,0,tool_agent,5.253042631113631,1089.0345330693224,15096.535361065376,14007.500827996051,325.3541237208992,536.9053948670626,552.1278762212023,325.7257292140275,3.351912833750248,42.977646365761714,7.699483122128556,547.6691354997456,2157.795676169917,2620.98690440412,913.2770328456536,1,
lfm25,76,cap32_chunk-1_polfcfs_mem0.75,32,-1,fcfs,0.75,0,R_concurrent_decode,21.175516752347253,5420.932288600897,9656.035639070347,4235.103350469451,166.90299892798066,177.34999160747975,177.55890008527786,166.35859293455724,5.141098315224928,5.206255203971238,5.162502714037877,1479.2326788883656,1489.8441754747182,1490.996623649262,1482.796785014216,1,
lfm25,76,cap32_chunk-1_polfcfs_mem0.75,32,-1,fcfs,0.75,0,R_long_prefill,12.058978501141368,385.8873120365238,48621.801316602,48235.91400456547,219.44588492624464,219.8811318492517,219.92021046113223,218.91800803132355,3.139944837218331,3.226835417350934,3.1637973527634338,317.1054425183684,317.34413478989154,317.3516262555495,316.99572596699,1,
lfm25,76,cap32_chunk-1_polfcfs_mem0.75,32,-1,fcfs,0.75,0,R_medium_balanced,6.874201116466711,1759.795485815478,7259.156378988847,5499.360893173369,106.86361021362244,110.29541597235948,110.33052301499993,107.52144450088964,4.125453938967457,4.269098435236397,4.118091574819832,1157.8854196704924,1197.5773010635749,1197.9697945760563,1157.634796079947,1,
lfm25,76,cap32_chunk-1_polfcfs_mem0.75,32,-1,fcfs,0.75,0,R_short_decode,1.6539960954548552,423.4230004364429,588.8226099819284,165.39960954548553,36.81733994744718,44.53118285164237,45.061738323420286,36.75354004371911,2.2207512584167954,2.225862872992151,2.2219294167092243,602.9629388358444,609.9236506503075,610.333699202165,602.7891045087017,1,
lfm25,76,cap32_chunk-1_polfcfs_mem0.75,32,-1,fcfs,0.75,0,shared_prefix,14.34223265135624,3671.611558747197,37360.84376462747,33689.232205880275,2722.3046536091715,3090.4933435376734,3092.526737828739,2279.125919332728,6.250256817678318,7.6333483963218685,6.350518206040849,4398.117948090658,4475.100775947794,4476.59438024275,3898.508061873145,1,
lfm25,76,cap32_chunk-1_polfcfs_mem0.75,32,-1,fcfs,0.75,0,tool_agent,5.253743373347521,1089.1798074455414,15098.549199645377,14009.369392199833,326.09768328256905,546.2625890271738,586.8408973468468,328.5069942707196,3.338043484836817,41.2055089138448,7.868613202953263,574.9881665688008,2108.9507388649504,2712.171938652167,919.7567483922468,1,
lfm25,77,cap32_chunk-1_polfcfs_mem0.8,32,-1,fcfs,0.8,0,R_concurrent_decode,19.887721012263157,5091.256579139367,9068.800781591995,3977.544202452631,279.9185246694833,282.0664091734216,282.3889272939414,274.62383116653655,5.14929580739608,5.312213019887899,5.172551267006544,1593.637194717303,1596.5420444030317,1597.5735546695068,1593.6244042532053,1,
lfm25,77,cap32_chunk-1_polfcfs_mem0.8,32,-1,fcfs,0.8,0,R_long_prefill,13.055085039176571,417.7627212536503,52638.10287795994,52220.34015670629,197.63186923228204,198.06820526719093,198.11262264847755,197.05052964854983,3.186901122511875,3.294808559510256,3.216024206560706,296.61087645217776,297.4347924347967,297.5149930547923,296.74728005193174,1,
lfm25,77,cap32_chunk-1_polfcfs_mem0.8,32,-1,fcfs,0.8,0,R_medium_balanced,6.896805196823555,1765.5821303868302,7283.026287845674,5517.4441574588445,101.8547855783254,131.47077476605773,131.57284064218402,113.4978303743992,4.1362093862000044,4.149936268781769,4.078275969425472,1153.428760357201,1158.9052280178294,1159.15950674098,1153.4582025778946,1,
lfm25,77,cap32_chunk-1_polfcfs_mem0.8,32,-1,fcfs,0.8,0,R_short_decode,1.6568420163958142,424.1515561973284,589.8357578369098,165.6842016395814,34.91762652993202,42.76965521275997,43.275957480072975,34.611306560691446,2.22606096672369,2.229791812441112,2.2264416101099616,602.5631730444729,609.7971797455102,609.9711649212986,602.0750725874677,1,
lfm25,77,cap32_chunk-1_polfcfs_mem0.8,32,-1,fcfs,0.8,0,shared_prefix,14.373247878741893,3679.551456957925,37441.63697812832,33762.08552117039,2715.048264944926,3071.365236560814,3073.2329135155305,2266.52060552442,6.272306190986258,7.618758819595564,6.34442921292765,4390.75119048357,4445.823242911138,4447.206751704216,3884.3500548209695,1,
lfm25,77,cap32_chunk-1_polfcfs_mem0.8,32,-1,fcfs,0.8,0,tool_agent,5.250503684112744,1088.5081712718336,15089.238770142672,14000.73059887084,317.94715858995914,535.7932216487825,575.2467723982409,324.45632064249367,3.3329890220094534,39.66474286280572,7.538042322340873,509.7027823794633,2122.08029278554,2546.020485237232,913.6555646103808,1,
lfm25,78,cap32_chunk-1_polfcfs_mem0.85,32,-1,fcfs,0.85,0,R_concurrent_decode,21.810813038556343,5583.568137870424,9945.730745581692,4362.162607711269,136.09929126687348,141.3391154492274,141.55114389490336,136.00056312861852,5.170619193756697,5.176722526038978,5.167569612168853,1453.3564329613,1456.8621853599325,1457.004509898834,1453.730814231676,1,
lfm25,78,cap32_chunk-1_polfcfs_mem0.85,32,-1,fcfs,0.85,0,R_long_prefill,12.051785871570935,385.6571478902699,48592.80063417401,48207.14348628374,219.0679225604981,219.479136983864,219.5161254843697,218.54888321831825,3.338003711354348,3.43332074642662,3.362652699222728,322.70015636459,323.4159169020131,323.4678496653214,322.7911168942228,1,
lfm25,78,cap32_chunk-1_polfcfs_mem0.85,32,-1,fcfs,0.85,0,R_medium_balanced,6.960451150562292,1781.8754945439466,7350.236414993779,5568.3609204498325,104.41955644637346,110.34345929510891,110.49957000650464,105.79676248016769,4.075392648833347,4.145034953641395,4.067838594532006,1143.4651259332895,1159.0795592637733,1159.5972638810051,1143.095604085829,1,
lfm25,78,cap32_chunk-1_polfcfs_mem0.85,32,-1,fcfs,0.85,0,R_short_decode,1.6575921659252777,424.34359447687103,590.1028110693987,165.75921659252774,35.099094500765204,43.03306683432311,43.35316227283329,34.728866012301296,2.2233788709284044,2.2263768609551065,2.223158031330706,602.1139090880752,608.8476317469031,609.078724058345,601.355766702909,1,
lfm25,78,cap32_chunk-1_polfcfs_mem0.85,32,-1,fcfs,0.85,0,shared_prefix,14.35153113950686,3673.991971713756,37385.065890393205,33711.073918679445,2722.458550473675,3078.5071207676083,3080.0935878045857,2275.8413549781835,6.242694632679809,7.610686252569305,6.339267579545883,4393.8655206002295,4468.449499248527,4468.798480927944,3892.354587762384,1,
lfm25,78,cap32_chunk-1_polfcfs_mem0.85,32,-1,fcfs,0.85,0,tool_agent,5.2546306713667335,1089.3637576343942,15101.099174367357,14011.73541673296,323.2438552659005,530.1405910169706,553.06671298109,322.1706219483167,3.32847011141982,37.63251113705336,7.500964443595736,555.2670701872557,2109.311823220923,2667.46428524609,912.508445638232,1,
lfm25,79,cap32_chunk-1_polfcfs_mem0.9,32,-1,fcfs,0.9,0,R_concurrent_decode,20.708868357101007,5301.470299417858,9443.24397083806,4141.773671420202,162.58344752714038,219.88784298300743,220.07675870787352,181.7258866649354,5.369781825107102,5.376358416168859,5.290837665476526,1530.975157627836,1533.3825200796127,1534.1602806560695,1530.8894913614497,1,
lfm25,79,cap32_chunk-1_polfcfs_mem0.9,32,-1,fcfs,0.9,0,R_long_prefill,11.829263603027206,378.5364352968706,47695.59084740569,47317.05441210882,228.9808241184801,229.348849109374,229.38252754043788,228.24271256104112,3.235003790788112,3.3570183065509607,3.26784489481079,329.5357378665358,330.2468783920631,330.32974518369883,329.5459043001756,1,
lfm25,79,cap32_chunk-1_polfcfs_mem0.9,32,-1,fcfs,0.9,0,R_medium_balanced,6.967365520047886,1783.6455731322587,7357.537989170568,5573.8924160383085,104.788682423532,117.64739046338946,117.82197237480432,108.5016697179526,4.110429178485099,4.127379182233091,4.054520444547319,1142.5941530615091,1155.8536038501188,1156.1575973173603,1142.404383077519,1,
lfm25,79,cap32_chunk-1_polfcfs_mem0.9,32,-1,fcfs,0.9,0,R_short_decode,1.6506562130551887,422.5679905421283,587.6336118476472,165.06562130551887,35.31814063899219,42.91193305980414,43.732098354958,34.85008276766166,2.2341444841859976,2.238168282704596,2.23408010385742,604.9047578126192,611.80650817696,612.4360334174708,604.2606020346284,1,
lfm25,79,cap32_chunk-1_polfcfs_mem0.9,32,-1,fcfs,0.9,0,shared_prefix,14.34882538302952,3673.299298055557,37378.01752160207,33704.71822354651,2711.847853846848,3082.648288924247,3084.619967387989,2274.4216007340583,6.260784652412815,7.632119016831412,6.349954847603073,4395.066230557859,4464.208902744576,4466.505713360384,3893.660086872842,1,
lfm25,79,cap32_chunk-1_polfcfs_mem0.9,32,-1,fcfs,0.9,0,tool_agent,5.253840973495231,1089.200041420164,15098.829689293874,14009.62964787371,308.66118147969246,533.9273952646181,562.1561155980453,317.1354181319475,3.353728362443772,34.94082591496406,7.448787395360498,498.9622237626463,2135.481869801878,2533.643023674369,910.2086547762156,1,
lfm25,80,cap32_chunk2048_pollpm_mem0.75,32,2048,lpm,0.75,0,R_concurrent_decode,20.890545083836937,5347.979541462256,9526.088558229643,4178.109016767387,146.28168661147356,187.35916479490697,187.93329823762176,148.3599880739348,5.3776278653565575,5.534653543385074,5.369432528580849,1517.6533535122871,1520.7834696164357,1521.288128257729,1517.5652828620514,1,
lfm25,80,cap32_chunk2048_pollpm_mem0.75,32,2048,lpm,0.75,0,R_long_prefill,10.710387043867076,342.73238540374643,43184.28056087205,42841.54817546831,199.2050965782255,259.9365456029773,264.0861929580569,184.25889348145571,5.328600925783958,8.9391392220052,5.8074601730632205,364.39172527752817,364.7698729066178,364.8061068123207,364.2901588464156,1,
lfm25,80,cap32_chunk2048_pollpm_mem0.75,32,2048,lpm,0.75,0,R_medium_balanced,6.751394219402901,1728.3569201671426,7129.472295689463,5401.11537552232,129.1835941374302,140.71868965402246,141.4419618435204,118.9570949645713,4.153745820490169,4.321735238145088,4.154762655368769,1178.4648310858756,1201.0585330426693,1201.3273686170578,1178.421572083607,1,
lfm25,80,cap32_chunk2048_pollpm_mem0.75,32,2048,lpm,0.75,0,R_short_decode,1.6477178360660345,421.8157660329048,586.5875496395082,164.77178360660344,36.99647192843258,49.543396988883615,49.9106849450618,37.63446724042296,2.227793571849664,2.232211639033997,2.2285025388571658,604.8199327196926,616.589412279427,616.6244071349502,605.3446414880455,1,
lfm25,80,cap32_chunk2048_pollpm_mem0.75,32,2048,lpm,0.75,0,shared_prefix,17.923689687764696,4588.464560067762,46690.37146367291,42101.90690360515,422.5474391132593,5613.4112188592535,5709.600419108756,1612.4167515372392,5.9487867086906645,6.20421434542639,5.890762945446811,1900.8059240877628,7115.068663330749,7118.0333409504965,3114.516999212356,1,
lfm25,80,cap32_chunk2048_pollpm_mem0.75,32,2048,lpm,0.75,0,tool_agent,5.273864971436924,1093.351316553446,15156.375956138576,14063.02463958513,175.04563578404486,586.5592458983882,683.4877245454118,218.9774911548011,6.182038707525602,160.36294791847467,31.24482693254931,671.231581363827,2225.0528943724926,2748.107901634642,944.4170732982456,1,
lfm25,81,cap32_chunk2048_pollpm_mem0.8,32,2048,lpm,0.8,0,R_concurrent_decode,20.31642591702428,5201.005034758215,9264.29021816307,4063.285183404855,171.35310848243537,239.6137604722753,239.76232982240617,170.1270219637081,5.375777415967748,5.538880684522583,5.380125732649592,1541.8990850448608,1545.0331365223974,1545.5624306108805,1542.0590837893542,1,
lfm25,81,cap32_chunk2048_pollpm_mem0.8,32,2048,lpm,0.8,0,R_long_prefill,10.792905348884252,345.3729711642961,43516.9943667013,43171.62139553701,193.8493326306343,255.4023357341066,259.7620110632852,179.78014005348086,5.369104955705904,8.903615831607771,5.818747791401561,360.2915862575173,360.4731655446813,360.48274678643793,360.16132158692926,1,
lfm25,81,cap32_chunk2048_pollpm_mem0.8,32,2048,lpm,0.8,0,R_medium_balanced,6.844909773471464,1752.2969020086948,7228.224720785866,5475.927818777172,132.31291458941996,149.7364710085094,150.30432706698775,125.27837936067954,4.112562270579385,4.275095306665582,4.062993697109906,1161.804045084864,1199.6261335443703,1199.945824360475,1161.3417721237056,1,
lfm25,81,cap32_chunk2048_pollpm_mem0.8,32,2048,lpm,0.8,0,R_short_decode,1.6496391827597492,422.3076307864958,587.2715490624707,164.96391827597492,34.819460241124034,44.92307212203741,45.16364473849535,36.868653958663344,2.22661801266904,2.2296019306528456,2.22715527101038,602.5872470345348,612.7767409430817,612.9777762154117,604.5144174713641,1,
lfm25,81,cap32_chunk2048_pollpm_mem0.8,32,2048,lpm,0.8,0,shared_prefix,18.33954275844495,4694.922946161907,47773.649219682295,43078.726273520384,376.7286045476794,5489.934616186655,5562.41567265708,1595.9806747705445,5.750717561436343,6.406184926665588,5.754873334095179,1810.4561064392328,6955.380219221115,6959.403611836024,3063.473374964815,1,
lfm25,81,cap32_chunk2048_pollpm_mem0.8,32,2048,lpm,0.8,0,tool_agent,5.232485679461388,1084.7727686375376,15037.457457205302,13952.684688567764,173.21981815621257,583.4005464101207,669.2073537781832,217.15192101430148,6.215995643287897,158.04000804200768,31.13755945461673,646.3591144420207,2240.0933905271813,2847.4966907594294,952.5773012591526,1,
lfm25,82,cap32_chunk2048_pollpm_mem0.85,32,2048,lpm,0.85,0,R_concurrent_decode,21.74290170508909,5566.182836502807,9914.763177520625,4348.580341017818,152.6432354003191,159.01538690086454,159.03319159522653,137.59041151206475,5.119720451972064,5.27092058211565,5.180293018758461,1458.6651145946234,1461.532998085022,1462.149995174259,1458.5651312954724,1,
lfm25,82,cap32_chunk2048_pollpm_mem0.85,32,2048,lpm,0.85,0,R_long_prefill,11.70294349553513,374.4941918571242,47186.26817399765,46811.77398214053,169.84845558181405,227.93011995963752,232.33356564305723,163.1438775220886,5.092668677529981,7.8322543071643,5.371455553798906,331.58451691269875,331.7711093230173,331.7740608146414,329.6589996898547,1,
lfm25,82,cap32_chunk2048_pollpm_mem0.85,32,2048,lpm,0.85,0,R_medium_balanced,6.701585156087275,1715.6057999583425,7076.873924828163,5361.26812486982,143.1131805293262,147.04714599065483,147.4928883370012,125.7940999348648,4.240299905559011,4.485730445195062,4.168380273154517,1188.925350550562,1242.8828572155908,1243.1238271528855,1188.7310695892666,1,
lfm25,82,cap32_chunk2048_pollpm_mem0.85,32,2048,lpm,0.85,0,R_short_decode,1.6576038546419636,424.3465867883427,590.1069722525391,165.76038546419636,34.713977947831154,42.651380924507976,44.06652330420911,34.61214917479083,2.225282167394956,2.229350230351947,2.2256862008562037,602.2666804492474,609.7554960986599,611.3641374884173,601.8832647823729,1,
lfm25,82,cap32_chunk2048_pollpm_mem0.85,32,2048,lpm,0.85,0,shared_prefix,18.108161164956417,4635.689258228843,47170.911014656864,42535.221756428014,430.3975880611688,5573.275859607383,5641.324844136834,1623.7330563126309,5.840865458708768,6.448317586590408,5.814382974081216,1922.558632679284,7046.8262046109885,7050.89381203521,3106.400714703341,1,
lfm25,82,cap32_chunk2048_pollpm_mem0.85,32,2048,lpm,0.85,0,tool_agent,5.23782279015288,1085.8792317405444,15052.795592822707,13966.916361082163,174.9563121702522,572.8252200409767,661.8947795312849,215.00240413704887,5.925145196287256,153.5678489599377,30.88205138482908,648.9198608323932,2236.6750167682767,2911.6753122024197,958.1651411601342,1,
lfm25,83,cap32_chunk2048_pollpm_mem0.9,32,2048,lpm,0.9,0,R_concurrent_decode,19.7716300747433,5061.537299134285,9015.863314082946,3954.32601494866,185.6326460838318,230.58994573075324,274.83401444274944,187.77781928656623,5.566300701021271,5.798752757209335,5.560650599392259,1605.5759857408702,1608.42318511568,1609.2205786751583,1605.7437221315922,1,
lfm25,83,cap32_chunk2048_pollpm_mem0.9,32,2048,lpm,0.9,0,R_long_prefill,11.706910443558794,374.6211341938814,47202.26290842905,46827.64177423518,167.28808591142297,225.27182491030544,229.19385771732777,159.7187821753323,5.295435011747383,8.016606574998265,5.542040224217119,331.44657127559185,332.08351803477854,332.1372837526724,331.522029126063,1,
lfm25,83,cap32_chunk2048_pollpm_mem0.9,32,2048,lpm,0.9,0,R_medium_balanced,6.935377705984168,1775.456692731947,7323.758857519281,5548.302164787334,132.5680164154619,141.199336736463,141.66176829021424,120.48369075637312,4.064359463860884,4.2312347069930505,4.027939799319332,1147.548062261194,1178.854581550695,1179.2516661109405,1147.6083395828027,1,
lfm25,83,cap32_chunk2048_pollpm_mem0.9,32,2048,lpm,0.9,0,R_short_decode,1.6436397261178022,420.77176988615736,585.1357424979376,164.3639726117802,38.34150242619216,43.16435062792152,43.83848506491631,36.78812930593267,2.234218302456772,2.2448865329823446,2.235534349437018,608.2552908919752,612.9120761761442,612.9239053698257,606.5682441112585,1,
lfm25,83,cap32_chunk2048_pollpm_mem0.9,32,2048,lpm,0.9,0,shared_prefix,18.81165131824635,4815.782737471066,49003.46988787621,44187.68715040514,392.8594309836626,5310.307027795351,5383.386561442167,1541.5413663940851,5.609147478004589,6.074225744232535,5.609390077391735,1746.348143555224,6782.014135690406,6784.844192578457,2971.935836128978,1,
lfm25,83,cap32_chunk2048_pollpm_mem0.9,32,2048,lpm,0.9,0,tool_agent,5.2715372873716735,1092.8687527314585,15149.686506372394,14056.817753640937,180.23711862042543,597.5320200435816,693.293164963834,220.9917762386613,5.190588174653905,154.5478102285415,30.16487608263532,663.0123767536134,2243.1938925758004,2759.84588716644,948.7888981122524,1,
lfm25,84,cap32_chunk2048_polfcfs_mem0.75,32,2048,fcfs,0.75,0,R_concurrent_decode,20.952569836723796,5363.857878201291,9554.37184554605,4190.513967344758,148.484114324674,184.91119265090677,186.0081672621891,149.04617148567922,5.356316472056742,5.509471461341224,5.355189846572923,1514.3473497591913,1517.299498198554,1518.3129149349406,1514.6195823617743,1,
lfm25,84,cap32_chunk2048_polfcfs_mem0.75,32,2048,fcfs,0.75,0,R_long_prefill,8.532292751486876,273.03336804758004,34402.20437399508,34129.1710059475,216.45995578728616,343.7772993696853,357.271924703382,216.0576531896368,7.828069753163765,12.0057609014874,7.846051973531082,459.13011813536286,459.9590574624017,460.0734083587304,459.28526436910033,1,
lfm25,84,cap32_chunk2048_polfcfs_mem0.75,32,2048,fcfs,0.75,0,R_medium_balanced,6.673127944419714,1708.3207537714468,7046.823109307218,5338.502355535771,115.6981997191906,134.36826539691538,135.03618657123295,111.3191734184511,4.253712338486723,4.41703320910022,4.243768462865595,1193.537978688255,1220.316129270941,1220.6898738630116,1193.480131449178,1,
lfm25,84,cap32_chunk2048_polfcfs_mem0.75,32,2048,fcfs,0.75,0,R_short_decode,1.6590197012907493,424.7090435304318,590.6110136595067,165.90197012907493,35.79058009199798,41.78858019877225,42.03637993428856,34.451589337550104,2.221409405819049,2.235221234549246,2.223665673618666,603.2739630900323,607.7050839085132,608.0719812307507,601.2082556844689,1,
lfm25,84,cap32_chunk2048_polfcfs_mem0.75,32,2048,fcfs,0.75,0,shared_prefix,18.317326508194864,4689.235586097885,47715.77692916754,43026.54134306966,1809.633651049808,2351.006337371655,2371.2838914757594,1615.7134495733771,5.61481079944939,6.765711852897177,5.780800893148362,3206.4604749903083,3831.7310467828074,3833.5105018038303,3089.8176773262094,1,
lfm25,84,cap32_chunk2048_polfcfs_mem0.75,32,2048,fcfs,0.75,0,tool_agent,5.247103268712612,1087.803214153155,15079.46643533877,13991.663221185616,179.8049067147076,548.2941502705216,643.0096520110965,233.916210711468,3.903461987838933,116.57334086485204,19.62968687526921,605.5454378947616,2176.673690672032,2669.81185826938,925.3853375394827,1,
lfm25,85,cap32_chunk2048_polfcfs_mem0.8,32,2048,fcfs,0.8,0,R_concurrent_decode,21.261974613132764,5443.065500961988,9695.460423588542,4252.394922626553,142.03675207681954,173.1183360563591,173.2942972658202,140.39511572627816,5.28088126276784,5.435748074897656,5.287873575249321,1488.5119474492967,1491.616059653461,1491.9901811750606,1488.8028774148552,1,
lfm25,85,cap32_chunk2048_polfcfs_mem0.8,32,2048,fcfs,0.8,0,R_long_prefill,7.679253919989269,245.7361254396566,30962.75180539673,30717.01567995708,256.6712081898004,389.6902967244386,403.5481497645378,248.50165494717655,8.079767242194183,13.29167936778357,8.344473535074822,507.14399269782007,507.9176990315318,508.0144838616252,507.18033453449607,1,
lfm25,85,cap32_chunk2048_polfcfs_mem0.8,32,2048,fcfs,0.8,0,R_medium_balanced,6.607264763500132,1691.459779456034,6977.27159025614,5285.811810800106,132.95380235649645,153.35735154803842,155.55202073883265,122.94705066597088,4.288605837078364,4.48192259954179,4.244958502856795,1205.522771924734,1234.0414476348087,1234.3850092729554,1205.4114688944535,1,
lfm25,85,cap32_chunk2048_polfcfs_mem0.8,32,2048,fcfs,0.8,0,R_short_decode,1.6543821998718693,423.52184316719854,588.9600631543855,165.43821998718693,36.20926290750504,42.12726214900613,43.17449541762471,35.23083357140422,2.223146378117449,2.226876719893667,2.223750937398316,603.0602497048676,608.1628479063511,608.9762828499079,602.008905611001,1,
lfm25,85,cap32_chunk2048_polfcfs_mem0.8,32,2048,fcfs,0.8,0,shared_prefix,17.636302490385624,4514.89343753872,45941.74128577532,41426.84784823659,1916.7911990080029,2463.139938469976,2485.443219700828,1695.7876246306114,5.9351988045462205,6.84800184432271,5.950805290283326,3385.867941658944,3949.9491637339815,3950.762647278607,3213.193378855067,1,
lfm25,85,cap32_chunk2048_polfcfs_mem0.8,32,2048,fcfs,0.8,0,tool_agent,5.242251913332558,1086.7974554125392,15065.52429490947,13978.72683949693,189.8306761868298,560.0041606463492,639.568252377212,237.8579344484024,3.9690546112357024,114.563144557178,19.623329653187778,623.8364311866462,2196.678904606959,2726.511119646015,934.4049581186846,1,
lfm25,86,cap32_chunk2048_polfcfs_mem0.85,32,2048,fcfs,0.85,0,R_concurrent_decode,19.640214110224694,5027.894812217522,8955.93763426246,3928.0428220449385,187.3489674180746,229.67047037091103,277.6983097335325,188.4432295046281,5.5846065821527855,5.81842274313756,5.580110482211846,1611.3816539291292,1614.250523247756,1614.806832545437,1611.3714024686487,1,
lfm25,86,cap32_chunk2048_polfcfs_mem0.85,32,2048,fcfs,0.85,0,R_long_prefill,10.665598141908037,341.2991405410572,43003.6917081732,42662.39256763215,209.23999813385308,259.49781846720725,260.0312730157748,194.2668779520318,4.811493274305136,8.094043926816553,5.3191892231904685,358.3962896373123,358.9889309136197,359.06257247086614,358.350382768549,1,
lfm25,86,cap32_chunk2048_polfcfs_mem0.85,32,2048,fcfs,0.85,0,R_medium_balanced,6.786854358342422,1737.43471573566,7166.918202409598,5429.483486673938,132.06122908741236,148.2459066901356,148.86838202364743,120.86671296856366,4.176206401932765,4.4463612979241445,4.120541564828041,1171.761817065999,1238.3624512003737,1238.3980510989204,1171.604811999714,1,
lfm25,86,cap32_chunk2048_polfcfs_mem0.85,32,2048,fcfs,0.85,0,R_short_decode,1.656176431691695,423.9811665130739,589.5988096822433,165.6176431691695,35.87213298305869,43.26206371188164,44.165556728839874,34.83534470433369,2.223516667407809,2.229776974428176,2.224626902325173,602.8087809681892,610.0484699010849,611.0153076797724,601.8363468465395,1,
lfm25,86,cap32_chunk2048_polfcfs_mem0.85,32,2048,fcfs,0.85,0,shared_prefix,18.415201268474718,4714.291524729527,47970.736091817176,43256.444567087645,1798.3378896024078,2342.448839801364,2346.797163719312,1596.1581864285108,5.631211337030811,6.775768052001356,5.787914616381635,3202.3131484165788,3796.785776596517,3797.9841966414815,3072.076413605828,1,
lfm25,86,cap32_chunk2048_polfcfs_mem0.85,32,2048,fcfs,0.85,0,tool_agent,5.242544742271539,1086.858163244024,15066.365845748198,13979.507682504174,197.9125621728599,557.389398268424,641.7214132286607,239.29308887338263,3.9843515066119535,111.444339947775,19.727393362758605,617.4087857361883,2200.646912818773,2692.5517542753314,935.169393857941,1,
lfm25,87,cap32_chunk2048_polfcfs_mem0.9,32,2048,fcfs,0.9,0,R_concurrent_decode,19.384546149734906,4962.443814332136,8839.353044279118,3876.909229946981,187.4236434232444,260.2636179886758,305.5675253504887,193.1888225662988,5.675463515388615,5.820521395379568,5.651345229239714,1634.0867991093546,1636.9931149063632,1637.5719821127132,1634.281856022426,1,
lfm25,87,cap32_chunk2048_polfcfs_mem0.9,32,2048,fcfs,0.9,0,R_long_prefill,11.657302920400808,373.0336934528258,47002.24537505606,46629.21168160324,184.67660178430376,233.1010348862037,233.3954606903717,169.165744446218,4.801186680373165,8.087520196192687,5.304971938922761,333.5133888758719,334.2457426479086,334.3409630237147,333.6198745528236,1,
lfm25,87,cap32_chunk2048_polfcfs_mem0.9,32,2048,fcfs,0.9,0,R_medium_balanced,6.832367585072225,1749.0861017784896,7214.98016983627,5465.89406805778,137.29783287271857,141.10511518083513,141.2066764663905,119.48551758541726,4.164275837441286,4.405462684785472,4.0977211015107216,1164.2618880141526,1222.577280481346,1222.911615879275,1164.4043984706514,1,
lfm25,87,cap32_chunk2048_polfcfs_mem0.9,32,2048,fcfs,0.9,0,R_short_decode,1.635507579353497,418.6899403144952,582.240698249845,163.5507579353497,35.909959115087986,47.94034003280103,50.10231922380626,37.211215356364846,2.2247002052528,2.370187172195498,2.246886334732556,603.4243872854859,648.332447046414,665.4856853652745,609.5841981587,1,
lfm25,87,cap32_chunk2048_polfcfs_mem0.9,32,2048,fcfs,0.9,0,shared_prefix,18.279697766033003,4679.602628104449,47617.75581968319,42938.15319157874,1785.3927784599364,2398.1648180633783,2401.607796261087,1620.6222297114437,5.623275703549678,6.821834813328643,5.798501832317675,3188.8537276536226,3861.8919955100864,3863.3154518250376,3099.240196952451,1,
lfm25,87,cap32_chunk2048_polfcfs_mem0.9,32,2048,fcfs,0.9,0,tool_agent,5.243556385361401,1087.0678920311989,15069.273171416644,13982.205279385444,187.0970230083913,540.2870157500729,622.154429629445,231.9985796418041,3.939901036210359,111.62192681804297,19.10876861577469,598.8108152523637,2196.7817340046163,2656.643342631862,921.616767765954,1,
lfm25,88,cap32_chunk8192_pollpm_mem0.75,32,8192,lpm,0.75,0,R_concurrent_decode,21.821665849987568,5586.346457596817,9950.67962759433,4364.333169997513,134.7550819627941,139.37746838200837,139.57291731610894,134.38374802353792,5.172919763215617,5.1801943152631615,5.171839082351083,1453.246848890558,1456.0227838577705,1456.3989123422652,1453.202714023064,1,
lfm25,88,cap32_chunk8192_pollpm_mem0.75,32,8192,lpm,0.75,0,R_long_prefill,12.366910876432383,395.7411480458363,49863.38465377538,49467.64350572954,213.52429455146196,216.12185563426465,216.43919823225588,201.77703897934407,3.2483510853302096,4.634712789688379,3.632624979100881,314.4506586249918,314.7670763079077,314.7917938698083,314.3884133314714,1,
lfm25,88,cap32_chunk8192_pollpm_mem0.75,32,8192,lpm,0.75,0,R_medium_balanced,6.821907011411408,1746.4081949213205,7203.933804050447,5457.525609129127,114.79303054511549,115.69680389948188,115.89682237245142,114.3008716753684,4.1246758006951385,4.270192471734595,4.11756102671372,1164.4841621164232,1203.6386271938682,1203.7943260744214,1164.2789334873669,1,
lfm25,88,cap32_chunk8192_pollpm_mem0.75,32,8192,lpm,0.75,0,R_short_decode,1.6482157861628,421.9432412576768,586.7648198739568,164.82157861628,36.23807802796364,45.55841272231192,46.53367533814162,36.72957938397303,2.229010037091725,2.232640575046637,2.2289725343882765,604.7575129196048,612.8781314473599,613.4754141326994,604.8383606830612,1,
lfm25,88,cap32_chunk8192_pollpm_mem0.75,32,8192,lpm,0.75,0,shared_prefix,16.938429874860773,4336.238047964358,44123.81583511193,39787.57778714757,1972.948356764391,5890.823642513714,6059.570707706735,1817.0444851130012,5.759274850909908,6.597284614108503,5.795857373011006,3491.377257741988,7518.80861367099,7533.841606299393,3294.988115230808,1,
lfm25,88,cap32_chunk8192_pollpm_mem0.75,32,8192,lpm,0.75,0,tool_agent,5.247913580384901,1087.9712039174956,15081.795161692851,13993.823957775356,257.97248794697225,539.665603544563,587.9461864521727,264.6196948061697,3.9134480309887576,69.35731638222933,13.669849683793087,510.626420378685,2078.963080747053,2644.575585406268,887.9744700621814,1,
lfm25,89,cap32_chunk8192_pollpm_mem0.8,32,8192,lpm,0.8,0,R_concurrent_decode,22.17268696333663,5676.207862614177,10110.745255281505,4434.537392667326,127.47697508893908,132.1895906003192,132.32829879969358,127.18789458449464,5.111782933019248,5.1163181497295405,5.108659781741581,1429.8345155548304,1432.319266512059,1432.773724407889,1429.8961389285978,1,
lfm25,89,cap32_chunk8192_pollpm_mem0.8,32,8192,lpm,0.8,0,R_long_prefill,12.061327010079506,385.9624643225442,48631.27050464057,48245.30804031802,221.7873940244317,223.68147510569543,223.76142946537584,207.10814651101828,3.234268421487462,4.939949006262806,3.723191266368714,322.3828582558781,323.2282041106373,323.2977053988725,322.5270757684484,1,
lfm25,89,cap32_chunk8192_pollpm_mem0.8,32,8192,lpm,0.8,0,R_medium_balanced,7.126114415938779,1824.2852904803276,7525.17682323135,5700.891532751023,93.64187787286936,94.70951883122324,94.82780313119292,93.3131342753768,4.018731723886495,4.143704171749015,4.011550073867992,1116.2858156021684,1149.5308699086308,1150.064610503614,1116.2584031117149,1,
lfm25,89,cap32_chunk8192_pollpm_mem0.8,32,8192,lpm,0.8,0,R_short_decode,1.6556474802889076,423.8457549539604,589.4105029828511,165.56474802889076,37.25758846849203,45.35596426576376,46.71907123178244,35.84628936368972,2.223493081207077,2.2276394176109244,2.224079656677966,604.0182942524552,611.0544448951259,611.8277009995654,602.4300359422341,1,
lfm25,89,cap32_chunk8192_pollpm_mem0.8,32,8192,lpm,0.8,0,shared_prefix,17.268488005764645,4420.732929475749,44983.60179464163,40562.86886516588,670.3099885489792,5806.734180217609,5921.615075250156,1754.4768776133424,5.664263945072889,6.600559840581434,5.747618989484823,2087.6560856122524,7389.493634481914,7394.199251583777,3220.119719931972,1,
lfm25,89,cap32_chunk8192_pollpm_mem0.8,32,8192,lpm,0.8,0,tool_agent,5.246918921521191,1087.764996215166,15078.936646397498,13991.171650182332,259.75192757323384,537.5222805421799,562.646309430711,281.5733316820115,3.583539693959449,80.03189414739609,14.967146784580716,572.0657468773425,2118.416798673569,2705.962441726581,914.5988337765448,1,
lfm25,90,cap32_chunk8192_pollpm_mem0.85,32,8192,lpm,0.85,0,R_concurrent_decode,21.73201132268422,5563.39489860716,9909.797163144003,4346.402264536843,141.6472636628896,146.47520524449646,146.51973756961524,141.21640619123357,5.1680304612233945,5.174707223697767,5.166755706943827,1458.7594396434724,1461.325422115624,1462.1111072134229,1458.7391114619095,1,
lfm25,90,cap32_chunk8192_pollpm_mem0.85,32,8192,lpm,0.85,0,R_long_prefill,12.293265984270146,393.3845114966447,49566.448448577234,49173.06393708059,215.4251914471388,217.705110902898,217.98455545213076,202.95781258028,3.249018550700238,4.71597617011397,3.6594785502060287,316.43321621231735,317.04160128720105,317.0956762973219,316.4016476366669,1,
lfm25,90,cap32_chunk8192_pollpm_mem0.85,32,8192,lpm,0.85,0,R_medium_balanced,7.067046274535491,1809.1638462810856,7462.8008659094785,5653.637019628392,102.21726959571242,104.529487201944,104.69369594939052,102.23565547494218,4.023454019653738,4.146661261078336,4.012764921507744,1125.8452904876322,1160.8298417413607,1161.006202851422,1125.4907104594167,1,
lfm25,90,cap32_chunk8192_pollpm_mem0.85,32,8192,lpm,0.85,0,R_short_decode,1.6473601324253508,421.7241939008898,586.4602071434249,164.73601324253508,36.357791628688574,47.79860170092434,48.35149567108601,37.38068463280797,2.225512693471768,2.229006609130868,2.225979458727532,603.9311571512371,615.0281487731263,615.5700564896688,604.7266592504457,1,
lfm25,90,cap32_chunk8192_pollpm_mem0.85,32,8192,lpm,0.85,0,shared_prefix,16.62287321371064,4255.455542709924,43301.80552453433,39046.3499818244,739.9463970214128,6227.817195956595,6357.344686253928,1874.4203174464928,5.814726447102194,6.815991952887498,5.8887422800672935,2176.5993707813323,7678.483751905151,7681.263877139427,3376.009550425806,1,
lfm25,90,cap32_chunk8192_pollpm_mem0.85,32,8192,lpm,0.85,0,tool_agent,5.265668042868402,1091.651970307263,15132.819090018,14041.167119710735,263.5790803469717,540.7139292219653,592.2640760149807,279.57505783531815,4.02226936268179,82.29013201780609,16.458054651891416,518.3397463988513,2178.686527814716,2585.44302376452,923.804877998773,1,
lfm25,91,cap32_chunk8192_pollpm_mem0.9,32,8192,lpm,0.9,0,R_concurrent_decode,21.86293057355366,5596.9102268297365,9969.496341540467,4372.586114710732,133.13104631379247,138.0810993956402,138.1290694978088,132.8335441503441,5.1669644940571455,5.173506298212006,5.163932069748019,1449.7216830495745,1452.0157019374892,1452.3079891875386,1449.636221936089,1,
lfm25,91,cap32_chunk8192_pollpm_mem0.9,32,8192,lpm,0.9,0,R_long_prefill,9.158692383934758,293.07815628591226,36927.84769202495,36634.76953573903,296.2654014118016,330.50671957898885,330.5460765818134,275.42692061979324,4.24454458087923,7.661688689803402,4.925015615299344,427.9223824851215,428.6855979356915,428.79027237184346,428.1024046940729,1,
lfm25,91,cap32_chunk8192_pollpm_mem0.9,32,8192,lpm,0.9,0,R_medium_balanced,6.856134286454705,1755.1703773324043,7240.077806496169,5484.907429163764,110.68991711363196,118.09773766435684,118.21059887297451,111.6263891744893,4.122944849123265,4.265533742385314,4.113756903611562,1160.5730820447206,1204.759984044358,1205.1293795462698,1160.6343995954376,1,
lfm25,91,cap32_chunk8192_pollpm_mem0.9,32,8192,lpm,0.9,0,R_short_decode,1.6501820180041928,422.44659660907337,587.4647984094927,165.0182018004193,36.25012305565178,42.62878226581961,43.42183553148061,35.54736910155043,2.229331389033035,2.234180557960479,2.230167346335544,605.1634147297591,611.0000883229077,611.7504397965968,603.9606700651348,1,
lfm25,91,cap32_chunk8192_pollpm_mem0.9,32,8192,lpm,0.9,0,shared_prefix,16.893469691270067,4324.728240965137,44006.69666436675,39681.96842340161,685.8179478440434,6037.503003329039,6130.87443432305,1832.2488623707611,5.624260515997223,6.504248078163786,5.824261881863611,2059.689791407436,7548.720941902138,7552.022073841654,3317.4356422459823,1,
lfm25,91,cap32_chunk8192_pollpm_mem0.9,32,8192,lpm,0.9,0,tool_agent,5.257507264520284,1089.9601185440226,15109.366114750586,14019.405996206564,235.1236802060157,511.0842530149966,542.9720304673538,251.43033631378785,3.619268264931937,48.30795344896615,11.42129636828177,506.3854607287794,2041.127682151273,2565.024132411921,857.8003470646217,1,
lfm25,92,cap32_chunk8192_polfcfs_mem0.75,32,8192,fcfs,0.75,0,R_concurrent_decode,21.79206086776467,5578.767582147755,9937.17975570069,4358.412173552934,145.72334429249167,150.25307030882686,150.38918409962207,145.01124477828853,5.119705462243919,5.125649862046189,5.119008776405369,1450.3413429483771,1452.930050692521,1453.5921510169285,1450.3584827616578,1,
lfm25,92,cap32_chunk8192_polfcfs_mem0.75,32,8192,fcfs,0.75,0,R_long_prefill,12.353499882751594,395.311996248051,49809.31152725442,49413.999531006375,213.10656564310196,214.38756128773093,214.41498978063464,201.0107057867572,3.245878386341276,4.624506844688327,3.637301867016621,313.84308100678027,314.0593586722389,314.0721631469205,313.7670636642724,1,
lfm25,92,cap32_chunk8192_polfcfs_mem0.75,32,8192,fcfs,0.75,0,R_medium_balanced,7.098298599819861,1817.1644415538844,7495.803321409773,5678.638879855888,104.99428142793477,105.73116736486554,105.89885907247664,104.45040892227551,3.99235230231402,4.275685031989625,3.984916357519836,1120.7114038988948,1194.9214726919308,1195.0272280024365,1120.6040800898336,1,
lfm25,92,cap32_chunk8192_polfcfs_mem0.75,32,8192,fcfs,0.75,0,R_short_decode,1.634556296852704,418.4464119942922,581.9020416795626,163.4556296852704,38.707194151356816,44.606276764534414,44.76897958200425,37.82207780750469,2.2359415030508654,2.2866507007767614,2.245715605411005,608.7116070557386,627.0076730754226,632.3315409105271,610.1994957425632,1,
lfm25,92,cap32_chunk8192_polfcfs_mem0.75,32,8192,fcfs,0.75,0,shared_prefix,17.117788804382073,4382.153933921811,44591.0374390651,40208.88350514328,1987.2693817596885,2746.322920336388,2747.341467901133,1831.057052451797,5.66955364364035,7.286586714086725,5.821136666139972,3432.9433157108724,4111.709055211395,4113.769782660529,3315.4469023174897,1,
lfm25,92,cap32_chunk8192_polfcfs_mem0.75,32,8192,fcfs,0.75,0,tool_agent,5.256071775816984,1089.662520203498,15105.240714008274,14015.578193804777,231.94344760850072,530.5258755804971,540.5855047004297,259.6602898160927,3.3227638714015484,40.61951539479191,10.74019593926137,550.7230563089252,2053.221297636628,2703.379309922452,869.7112236614339,1,
lfm25,93,cap32_chunk8192_polfcfs_mem0.8,32,8192,fcfs,0.8,0,R_concurrent_decode,21.623242475971,5535.550073848576,9860.198569042775,4324.6484951942,149.62510159239173,154.60321959108114,154.78591335006058,149.11799888068344,5.16777414755494,5.170626228985687,5.166318381545317,1466.147079365328,1468.5797397978604,1469.698676788248,1466.5291861747392,1,
lfm25,93,cap32_chunk8192_polfcfs_mem0.8,32,8192,fcfs,0.8,0,R_long_prefill,12.278397490259293,392.9087196882973,49506.49868072546,49113.58996103716,215.15097748488188,216.92503800150007,216.9687595171854,202.5273817125708,3.1919431827601885,4.660870594483229,3.603873571621314,314.2833891324699,314.9436797713861,315.0025336397812,314.2474624328315,1,
lfm25,93,cap32_chunk8192_polfcfs_mem0.8,32,8192,fcfs,0.8,0,R_medium_balanced,6.604708543030037,1690.8053870156896,6974.572221439719,5283.76683442403,126.1138131376356,188.84930026251823,188.98673134390265,148.21221469901502,4.235566533444559,4.277327174649519,4.147269831075534,1205.97840892151,1213.5358511004597,1213.7192834634334,1205.7660216232762,1,
lfm25,93,cap32_chunk8192_polfcfs_mem0.8,32,8192,fcfs,0.8,0,R_short_decode,1.6598198692296262,424.9138865227843,590.8958734457469,165.98198692296262,34.20856944285333,43.3444102993235,43.66726468782872,34.75428867386654,2.2212272117316143,2.2253706229338617,2.221507731074282,600.5865640472621,609.2410896671936,609.5635680248961,600.960441865027,1,
lfm25,93,cap32_chunk8192_polfcfs_mem0.8,32,8192,fcfs,0.8,0,shared_prefix,17.188597999893606,4400.281087972763,44775.4920741916,40375.21098621884,2015.3983044438064,2713.502278993837,2715.585207110271,1832.4979099161285,5.549564253648414,7.153135173881022,5.787198311322843,3458.5796629544348,4084.137428412214,4084.837253745645,3308.2334793034534,1,
lfm25,93,cap32_chunk8192_polfcfs_mem0.8,32,8192,fcfs,0.8,0,tool_agent,5.255938604984399,1089.6349118923406,15104.85799901349,14015.223087121149,230.20661296322945,521.5502260020003,527.2937592631206,256.3326335628517,3.40306805446744,37.1896347496658,9.925126423162183,501.4368013944477,2116.481298487633,2571.5465295035333,867.5006378558464,1,
lfm25,94,cap32_chunk8192_polfcfs_mem0.85,32,8192,fcfs,0.85,0,R_concurrent_decode,21.864213031743464,5597.238536126327,9970.08114247502,4372.842606348693,132.54316803067923,135.85936557501554,136.04261114262044,131.7682293447433,5.163381105361909,5.1693447519495495,5.165150995519213,1448.819026350975,1451.010959688574,1451.9860220886767,1448.8817332021426,1,
lfm25,94,cap32_chunk8192_polfcfs_mem0.85,32,8192,fcfs,0.85,0,R_long_prefill,11.343366905196689,362.987740966294,45736.45536175305,45373.46762078675,228.0047384556383,229.28899920079857,229.32775360066444,216.0433997632936,3.204345935955644,4.579415695080834,3.594482542886849,327.500939136371,328.0138127040118,328.0683658178896,327.4723585927859,1,
lfm25,94,cap32_chunk8192_polfcfs_mem0.85,32,8192,fcfs,0.85,0,R_medium_balanced,6.643716537793617,1700.791433675166,7015.764663910059,5314.973230234894,122.75892891921104,176.5052431728691,176.620503840968,145.66268122871406,4.224388047541473,4.263997693801774,4.12891214181596,1198.7086578737944,1209.6975258318707,1209.819171554409,1198.535277391784,1,
lfm25,94,cap32_chunk8192_polfcfs_mem0.85,32,8192,fcfs,0.85,0,R_short_decode,1.6566609920156967,424.1052139560184,589.771313157588,165.66609920156966,36.10283462330699,41.96543318685144,42.690419922582805,35.23406386375427,2.221545100431232,2.232799634392209,2.223169869297793,604.8268799204379,607.8763416269794,608.7865136237815,601.8640926340595,1,
lfm25,94,cap32_chunk8192_polfcfs_mem0.85,32,8192,fcfs,0.85,0,shared_prefix,16.585928929759223,4245.997806018361,43205.567396604194,38959.56959058584,2272.453476209193,2650.692548439838,2673.127787527628,1881.4803175228008,5.745233117840161,7.201957303172376,5.989271836491146,3695.718379225582,4034.684260748327,4035.534771108069,3408.744635828043,1,
lfm25,94,cap32_chunk8192_polfcfs_mem0.85,32,8192,fcfs,0.85,0,tool_agent,5.26616354886399,1091.7546961327382,15134.243107356013,14042.488411223274,229.75894808769223,502.9883732553567,532.1109007624909,255.1269219792448,3.343115557182693,36.7802148219198,10.252663363372651,538.3265933487564,2049.167491262778,2606.11632933374,857.6432393467985,1,
lfm25,95,cap32_chunk8192_polfcfs_mem0.9,32,8192,fcfs,0.9,0,R_concurrent_decode,22.171846785569706,5675.992777105845,10110.362134219786,4434.369357113941,125.37198117934167,130.648532230407,130.8110255142674,125.38593642238992,5.116537523766359,5.121376207737509,5.111354242213636,1428.535612532869,1431.0962348012254,1431.5052899811417,1428.7812681868672,1,
lfm25,95,cap32_chunk8192_polfcfs_mem0.9,32,8192,fcfs,0.9,0,R_long_prefill,8.957861416208942,286.6515653186861,36118.09723015445,35831.44566483577,299.4902557693422,340.3210728196427,340.36506143864244,283.26541709247977,4.474043545703735,7.583495665852341,5.000382545404136,438.3688915986568,438.583352859132,438.5946820070967,438.277276000008,1,
lfm25,95,cap32_chunk8192_polfcfs_mem0.9,32,8192,fcfs,0.9,0,R_medium_balanced,7.047250058273725,1804.0960149180737,7441.896061537054,5637.800046618981,111.13913846202196,117.52584867645056,117.72800034377724,112.39544043201022,3.9934219628134193,4.2709952886855485,3.983655978592259,1128.645091317594,1205.5649997200817,1205.9589486103505,1128.2277149730362,1,
lfm25,95,cap32_chunk8192_polfcfs_mem0.9,32,8192,fcfs,0.9,0,R_short_decode,1.6536660745700682,423.3385150899375,588.7051225469443,165.36660745700684,35.4278942104429,40.56592364795506,40.68839677609503,34.408170089591295,2.230737939038697,2.235752647483161,2.231330370454601,604.725630255416,609.2227841028944,609.4380902918056,603.1178333214484,1,
lfm25,95,cap32_chunk8192_polfcfs_mem0.9,32,8192,fcfs,0.9,0,shared_prefix,16.905159687178134,4327.720879917602,44037.14855573871,39709.42767582111,2023.163482313976,2826.343020587228,2828.635513749905,1888.01250760298,5.546731958348378,7.501827215721057,5.816163501046557,3464.5214329939336,4206.1620752559975,4207.756760297343,3371.134200369852,1,
lfm25,95,cap32_chunk8192_polfcfs_mem0.9,32,8192,fcfs,0.9,0,tool_agent,5.259371927795352,1090.3466912108936,15114.724905273592,14024.378214062695,223.38987584225836,515.1133571751416,524.3196417251602,252.81705038854847,3.3316851008038983,36.959749553352594,9.97328225995875,498.8611142616719,2087.438414013013,2554.926180038595,858.1258786842227,1,
lfm25,96,cap48_chunk-1_pollpm_mem0.75,48,-1,lpm,0.75,0,R_concurrent_decode,21.90325910128964,5607.234329930148,9987.886150188076,4380.651820257928,137.2319320216775,141.582434438169,141.79808613378555,136.6467233019648,5.130728966939976,5.135914890698212,5.13016759508116,1444.7775336448103,1447.5460433866829,1448.1130691757426,1444.8394600476604,1,
lfm25,96,cap48_chunk-1_pollpm_mem0.75,48,-1,lpm,0.75,0,R_long_prefill,11.675553344127598,373.6177070120832,47075.83108352248,46702.21337651039,229.981109732762,230.3928991081193,230.4364110762253,229.3863028753549,3.271618099402516,3.375103710699946,3.299886278147178,331.6861502826214,332.2606559144333,332.31065212283283,331.6827774979174,1,
lfm25,96,cap48_chunk-1_pollpm_mem0.75,48,-1,lpm,0.75,0,R_medium_balanced,7.119072464632967,1822.4825509460395,7517.740522652412,5695.257971706374,99.8361969832331,104.49410288129002,104.5881749363616,101.036401320016,3.992305290611351,4.276408041443895,3.9849306441907424,1117.2833475284278,1193.6661092331633,1194.1880377708003,1117.193715588655,1,
lfm25,96,cap48_chunk-1_pollpm_mem0.75,48,-1,lpm,0.75,0,R_short_decode,1.6489238448757135,422.12450428818266,587.016888775754,164.89238448757135,33.732624258846045,44.23421714454889,44.82391532510519,34.979197138454765,2.2296497452200628,2.2608601159844777,2.23557972432085,605.0067057367414,613.2280790479854,613.4011660004035,604.7726616961882,1,
lfm25,96,cap48_chunk-1_pollpm_mem0.75,48,-1,lpm,0.75,0,shared_prefix,15.191470611016497,3889.016476420223,39573.06884151308,35684.05236509286,1072.5890030153096,3703.063705493696,3866.842981278897,1564.431230770424,7.899671194015765,10.893544735496535,8.17144958243315,3140.350638423115,6191.00076018367,6207.791092377156,3648.150874290877,1,
lfm25,96,cap48_chunk-1_pollpm_mem0.75,48,-1,lpm,0.75,0,tool_agent,5.248617840599727,1088.1172076239325,15083.819110475137,13995.701902851204,329.4412735849619,793.7439674744383,832.3128865007311,351.31276769330725,3.290696460325485,38.19560520350933,7.610105951806328,576.9006120972335,2183.2085650879885,3056.2519326154124,941.0533679649234,1,
lfm25,97,cap48_chunk-1_pollpm_mem0.8,48,-1,lpm,0.8,0,R_concurrent_decode,21.731181029532276,5563.182343560262,9909.418549466716,4346.236205906454,136.49408402852714,141.12297156825662,141.3213667506352,136.12943424959667,5.176367835306069,5.181382439537521,5.174157647279037,1455.534131033346,1457.8599429223686,1458.5566076170653,1455.539634305751,1,
lfm25,97,cap48_chunk-1_pollpm_mem0.8,48,-1,lpm,0.8,0,R_long_prefill,11.853438973844142,379.3100471630125,47793.06594253958,47413.75589537657,225.85152694955468,226.3274461496621,226.36651151813567,225.5393798695877,3.217817284166813,3.292176457152011,3.2377527245590763,325.96584130078554,326.4803714118898,326.52367344126105,325.9097143309191,1,
lfm25,97,cap48_chunk-1_pollpm_mem0.8,48,-1,lpm,0.8,0,R_medium_balanced,6.853936844898269,1754.6078322939568,7237.757308212572,5483.149475918615,106.99337930418552,111.04019079357386,111.20848823338748,108.00717683741824,4.131424620601477,4.276055252343855,4.123838667817158,1159.7402824554592,1200.1645343843848,1200.7986303884536,1159.5860371307936,1,
lfm25,97,cap48_chunk-1_pollpm_mem0.8,48,-1,lpm,0.8,0,R_short_decode,1.6547951861191474,423.62756764650175,589.1070862584165,165.47951861191473,36.08586615882814,44.22385066282004,45.58081479277462,35.32134834676981,2.224915574176931,2.22861018691109,2.225214453399416,603.6704776342958,611.1546093830839,612.4781513633206,602.4723573937081,1,
lfm25,97,cap48_chunk-1_pollpm_mem0.8,48,-1,lpm,0.8,0,shared_prefix,15.198891479872234,3890.916218847292,39592.39985702905,35701.48363818176,1082.413601689041,3702.749659214169,3844.695217506961,1557.8556464570283,7.910299722981804,10.892682774175032,8.18494085688144,3136.9167242664844,6188.813505577855,6204.039726275951,3645.015564961796,1,
lfm25,97,cap48_chunk-1_pollpm_mem0.8,48,-1,lpm,0.8,0,tool_agent,5.2539160835425065,1089.2156128596148,15099.045545429886,14009.829932570272,324.168112128973,537.0058475527912,555.4585201432928,325.6423120899126,3.3746580593287945,39.818073622882345,7.867581076145444,547.4187687505037,2162.430626270361,2629.7320556594,913.5470405733212,1,
lfm25,98,cap48_chunk-1_pollpm_mem0.85,48,-1,lpm,0.85,0,R_concurrent_decode,20.437474787913693,5231.9935457059055,9319.488503288643,4087.494957582739,237.2532826848328,239.33366851415485,239.48286735918373,221.98021873191465,5.148121286366209,5.493031580585475,5.212540056627225,1550.998248858377,1554.566155327484,1555.149290887639,1551.1779331718571,1,
lfm25,98,cap48_chunk-1_pollpm_mem0.85,48,-1,lpm,0.85,0,R_long_prefill,11.851168068227883,379.2373781832923,47783.90965109483,47404.672272911535,226.09398677013812,226.57098055351528,226.6194928297773,225.77924106735736,3.242211836961008,3.3223030885921854,3.2627653375628496,326.8046882003546,327.63890323694795,327.7006286336109,326.9249665318057,1,
lfm25,98,cap48_chunk-1_pollpm_mem0.85,48,-1,lpm,0.85,0,R_medium_balanced,7.1097707773286585,1820.1013189961368,7507.917940859063,5687.816621862927,98.79890945740044,100.64431896898896,100.7552643539384,98.6773778568022,4.009058909928974,4.132194246859381,4.00090983831415,1118.8789133448154,1153.1772844027728,1153.55959138833,1118.9093866269104,1,
lfm25,98,cap48_chunk-1_pollpm_mem0.85,48,-1,lpm,0.85,0,R_short_decode,1.6513591706077342,422.74794767558,587.8838647363534,165.1359170607734,34.0379779227078,49.11337906960397,53.17888394463807,35.36847949726507,2.233822358881726,2.2366706027921963,2.230533404272252,604.0068690199405,612.1167821343988,613.4744596015662,603.5994534031488,1,
lfm25,98,cap48_chunk-1_pollpm_mem0.85,48,-1,lpm,0.85,0,shared_prefix,15.214431799024505,3894.894540550273,39632.881659968254,35737.98711941798,1083.4179313387722,3697.453993163072,3835.897287307308,1559.5276268868474,7.903190511370114,10.871026464464032,8.160552150394663,3138.9084779657423,6184.120100201108,6198.269026582129,3640.4684252374864,1,
lfm25,98,cap48_chunk-1_pollpm_mem0.85,48,-1,lpm,0.85,0,tool_agent,5.254178216042751,1089.269956858903,15099.798878847703,14010.5289219888,326.29394554533064,535.8145060716197,542.5912882294506,322.45838708011433,3.2729459965948835,38.03064050152896,7.398448260586077,513.6855544988066,2101.277922233566,2674.693710054266,907.6740621146746,1,
lfm25,99,cap48_chunk-1_pollpm_mem0.9,48,-1,lpm,0.9,0,R_concurrent_decode,21.932932016134988,5614.830596130557,10001.416999357554,4386.586403226997,136.75467856228352,142.23265927284956,142.40716340951622,136.54484917060472,5.132212873329134,5.141078980603054,5.12842905528469,1444.1591016948223,1446.9930683029816,1447.0698365941644,1444.2942582682008,1,
lfm25,99,cap48_chunk-1_pollpm_mem0.9,48,-1,lpm,0.9,0,R_long_prefill,9.487916577908685,303.6133304930779,38255.27964212782,37951.66631163474,310.9319116920233,311.26525928266346,311.2927390728146,296.5167697984725,3.144882724530274,4.7566674965163385,3.615342159455101,408.6764743551612,409.11973351612687,409.16558967903256,408.5923767415807,1,
lfm25,99,cap48_chunk-1_pollpm_mem0.9,48,-1,lpm,0.9,0,R_medium_balanced,6.8372648517817085,1750.3398020561174,7220.151683481484,5469.811881425367,118.75299457460642,125.365296844393,125.4830569960177,120.17167592421174,4.096214608380608,4.266373690345563,4.087683605372577,1162.6255770679563,1203.9317545713857,1204.4867027783766,1162.5309952942189,1,
lfm25,99,cap48_chunk-1_pollpm_mem0.9,48,-1,lpm,0.9,0,R_short_decode,1.6430484014116349,420.6203907613785,584.9252309025419,164.30484014116345,36.18512349203229,44.539483450353146,44.95126534253359,37.13464440079406,2.235055812543221,2.2388632276071867,2.2356299458718136,606.2061255797744,614.3251354107633,614.7392998309806,606.9402028806508,1,
lfm25,99,cap48_chunk-1_pollpm_mem0.9,48,-1,lpm,0.9,0,shared_prefix,15.153071117898444,3879.1862061820016,39473.0399619168,35593.85375573479,1067.756915697828,3726.783906971104,3858.633775673807,1568.5964562362642,7.92317043204664,10.876126335203356,8.184081868496245,3164.753700140864,6210.922418837436,6228.104091929272,3655.5373327028074,1,
lfm25,99,cap48_chunk-1_pollpm_mem0.9,48,-1,lpm,0.9,0,tool_agent,5.253985402434186,1089.2299837056432,15099.24475856652,14010.014774860878,328.3535693772137,538.2003737380728,623.6066242866218,324.06794196693227,3.3888652881917856,39.77078879252076,7.856822374140484,505.9757351409644,2103.450776147656,2541.196355288841,913.1765219639057,1,
lfm25,100,cap48_chunk-1_polfcfs_mem0.75,48,-1,fcfs,0.75,0,R_concurrent_decode,21.85919697321665,5595.954425143463,9967.793819786792,4371.839394643331,151.056649396196,153.46847863402218,153.98699732031673,147.3323956161039,5.071562935835591,5.0758886898813,5.070632688847242,1444.7506945580244,1447.765588806942,1448.6361328931523,1440.3437312721508,1,
lfm25,100,cap48_chunk-1_polfcfs_mem0.75,48,-1,fcfs,0.75,0,R_long_prefill,12.272047874437622,392.7055319820039,49480.89702973249,49088.191497750486,219.06802151352167,219.47628958150744,219.51180091127756,218.4834040235728,3.160316684854126,3.264908905651781,3.188983634895375,317.34253210015595,317.962878360413,318.03557220380753,317.3418967053294,1,
lfm25,100,cap48_chunk-1_polfcfs_mem0.75,48,-1,fcfs,0.75,0,R_medium_balanced,6.876386155317792,1760.3548557613549,7261.463780015588,5501.108924254233,105.2255635149777,108.9072385802865,109.05277412384748,106.10787384212016,4.1270995941743545,4.276219166030049,4.120874260301136,1157.0678483694792,1198.3311217045411,1198.4452818287537,1156.9308102189098,1,
lfm25,100,cap48_chunk-1_polfcfs_mem0.75,48,-1,fcfs,0.75,0,R_short_decode,1.6479107896935183,421.8651621615407,586.6562411308926,164.79107896935184,36.279232474043965,44.86778581049293,45.27760188560933,36.09639115165919,2.23283367048876,2.2355970249580177,2.233085065979225,605.7295585051179,613.2681573973969,613.4533602604643,605.2534965565428,1,
lfm25,100,cap48_chunk-1_polfcfs_mem0.75,48,-1,fcfs,0.75,0,shared_prefix,15.103456011345497,3866.484738904447,39343.79493505448,35477.31019615004,1093.5701441485437,3658.4218384930864,3805.2121646376327,1565.1201712462353,8.166696614238854,10.849650111414638,8.295051763602553,3261.9702324736863,6258.945604367182,6291.11534376163,3680.272805060668,1,
lfm25,100,cap48_chunk-1_polfcfs_mem0.75,48,-1,fcfs,0.75,0,tool_agent,5.247934890964108,1087.975621920224,15081.856405420567,13993.880783500344,316.153796389699,542.0442951610312,555.7231950061396,323.21429919451475,3.308296639231905,37.53355601802468,7.459028985259827,509.5676565542817,2096.3974277023226,2570.225411844434,904.9212056281976,1,
lfm25,101,cap48_chunk-1_polfcfs_mem0.8,48,-1,fcfs,0.8,0,R_concurrent_decode,21.772226374971247,5573.689951992639,9928.135226986888,4354.445274994249,136.984558776021,141.26873451750726,141.44924448803067,136.42932774382643,5.172574253497171,5.179427198371759,5.170668103599775,1454.6502192970363,1457.2845672024414,1457.975753173232,1454.949694161769,1,
lfm25,101,cap48_chunk-1_polfcfs_mem0.8,48,-1,fcfs,0.8,0,R_long_prefill,12.943238247085915,414.1836239067493,52187.13661225041,51772.95298834366,201.59954437986016,201.9463744945824,201.97462933138013,201.10154489520937,3.159281624961765,3.252795889162489,3.18458013521928,299.67958736233413,300.4401960875839,300.5434431415051,299.82352908700705,1,
lfm25,101,cap48_chunk-1_polfcfs_mem0.8,48,-1,fcfs,0.8,0,R_medium_balanced,7.040658238462196,1802.4085090463225,7434.93509981608,5632.526590769758,108.40394836850464,116.4783580461517,116.56132128555328,110.20969078526832,4.007345892708091,4.136843688092103,3.9979460193802985,1129.8034337814895,1159.845124813728,1160.175895667635,1129.6859257272445,1,
lfm25,101,cap48_chunk-1_polfcfs_mem0.8,48,-1,fcfs,0.8,0,R_short_decode,1.649896934100814,422.3736151298084,587.3633085398898,164.9896934100814,37.02622768469155,47.21338280942291,47.81846474390477,37.51498641213402,2.221311534773193,2.229783412763081,2.223205374808055,603.6149207502604,612.980432389304,613.1542637106031,603.8752722670324,1,
lfm25,101,cap48_chunk-1_polfcfs_mem0.8,48,-1,fcfs,0.8,0,shared_prefix,15.383592493769028,3938.199678404871,40073.53734037017,36135.3376619653,1036.7527632042766,3600.300634466112,3638.410166581161,1524.372557312745,7.785517357143702,10.674217959555488,8.12556453734835,3089.5364489406347,6095.530794514343,6106.914184438065,3596.391514336574,1,
lfm25,101,cap48_chunk-1_polfcfs_mem0.8,48,-1,fcfs,0.8,0,tool_agent,5.253009558262164,1089.0276765711203,15096.440314155094,14007.412637583971,313.4673456661403,541.627010400407,545.1633567456156,327.21692404011264,3.28482105396688,38.32190800458192,7.580765005522712,557.761853095144,2092.2726344084367,2673.135318756098,913.1198919913732,1,
lfm25,102,cap48_chunk-1_polfcfs_mem0.85,48,-1,fcfs,0.85,0,R_concurrent_decode,22.099821745635467,5657.55436688268,10077.518716009772,4419.964349127094,145.7188508938998,148.82963423151523,148.9818538725376,144.6175471501192,5.059276259157295,5.064403202622106,5.060638749615892,1434.918171260506,1437.6434027217329,1437.754349349998,1435.0804283021716,1,
lfm25,102,cap48_chunk-1_polfcfs_mem0.85,48,-1,fcfs,0.85,0,R_long_prefill,9.80825747636037,313.8642392435318,39546.89414468501,39233.02990544148,299.4372283574194,299.7909824596718,299.8290882119909,284.5792998559773,3.16135341962499,4.811707277962516,3.646096639004686,397.6186329964548,397.81153481453657,397.8144371882081,397.60829566512257,1,
lfm25,102,cap48_chunk-1_polfcfs_mem0.85,48,-1,fcfs,0.85,0,R_medium_balanced,6.816039813174164,1744.906192172586,7197.738042711917,5452.831850539331,115.84517592564224,124.9804311664775,125.1078766072169,117.22095526056364,4.1316968607990185,4.277555621229112,4.122912274404228,1168.689724523574,1214.443041360937,1214.8268651915714,1168.5635852336418,1,
lfm25,102,cap48_chunk-1_polfcfs_mem0.85,48,-1,fcfs,0.85,0,R_short_decode,1.6508748898804853,422.6239718094042,587.7114607974528,165.08748898804853,36.76800755783916,44.97916465625167,45.07692797109485,36.12673218594864,2.228647076031741,2.233167933097395,2.229148951066554,604.8690415918827,613.0443804198876,613.2361943321303,604.2803376913071,1,
lfm25,102,cap48_chunk-1_polfcfs_mem0.85,48,-1,fcfs,0.85,0,shared_prefix,15.275766107987035,3910.596123644681,39792.65465976991,35882.05853612524,1032.7350918669254,3623.264164174907,3662.8160934569314,1541.3293364690617,7.896558166134591,10.77115290131712,8.16470927832187,3124.5356902945787,6140.206067636609,6155.995516604744,3623.330202441138,1,
lfm25,102,cap48_chunk-1_polfcfs_mem0.85,48,-1,fcfs,0.85,0,tool_agent,5.254795969315888,1089.3980263787232,15101.574218358002,14012.17619197928,315.90588041581213,537.6979776658118,553.4180088853464,317.2585221193731,3.2723267460084062,38.6636679060757,7.540349268155541,504.2935030069202,2088.754934351891,2557.536155511619,901.4175948500632,1,
lfm25,103,cap48_chunk-1_polfcfs_mem0.9,48,-1,fcfs,0.9,0,R_concurrent_decode,21.43122769549902,5486.39429004775,9772.639829147554,4286.245539099805,173.18402510136366,176.45254416856915,176.68077905196697,171.9943481439259,5.131177669025812,5.137544019677329,5.1349618497268095,1481.239180546254,1484.674339229241,1485.122541342862,1481.4096198242623,1,
lfm25,103,cap48_chunk-1_polfcfs_mem0.9,48,-1,fcfs,0.9,0,R_long_prefill,10.04004255663984,321.2813618124749,40481.45158837184,40160.17022655936,291.05899133719504,291.4407151285559,291.48127716965973,278.9480516221374,3.1767740860701568,4.545110598536988,3.5768991351247794,389.7079965099692,390.46839580405504,390.54285465274006,389.8319248110056,1,
lfm25,103,cap48_chunk-1_polfcfs_mem0.9,48,-1,fcfs,0.9,0,R_medium_balanced,7.187598332535362,1840.0251731290527,7590.103839157342,5750.078666028289,93.76945765689015,99.8031550552696,99.88408791832626,95.18945298623294,3.979284245995622,4.136011373324721,3.971450815465776,1108.2950895652175,1153.2059932360426,1153.6201779963449,1107.9094109300058,1,
lfm25,103,cap48_chunk-1_polfcfs_mem0.9,48,-1,fcfs,0.9,0,R_short_decode,1.6527855263458844,423.1130947445464,588.3916473791348,165.27855263458844,33.52028806693852,42.58424444124103,43.820285852998495,34.659723576623946,2.232245141275081,2.236607440245712,2.2328363922913854,602.6543753687292,611.2335353391245,612.322478950955,603.753247007262,1,
lfm25,103,cap48_chunk-1_polfcfs_mem0.9,48,-1,fcfs,0.9,0,shared_prefix,15.35388265141476,3930.5939587621774,39996.14459368616,36065.55063492398,1049.2848213762045,3601.7309410497546,3641.059186873026,1528.5976836566988,7.884339559092826,10.744963586056496,8.13790233245099,3106.915589654818,6110.358592635021,6125.816385634244,3603.762778431701,1,
lfm25,103,cap48_chunk-1_polfcfs_mem0.9,48,-1,fcfs,0.9,0,tool_agent,5.254155506547684,1089.265248839933,15099.733614824658,14010.468365984723,316.8016897980124,529.9342408310622,532.4082799674943,313.7078646104783,3.320896739347113,33.773435233160804,7.586947321462326,503.21425683796406,2103.8761950330804,2561.607073908665,906.6355059784836,1,
lfm25,104,cap48_chunk2048_pollpm_mem0.75,48,2048,lpm,0.75,0,R_concurrent_decode,21.339984761600803,5463.036098969806,9731.033051289967,4267.996952320161,147.3025749437511,181.68572057038543,181.9627335248515,143.3823374536587,5.253993765469275,5.404361650877285,5.269968828389549,1487.2050383128226,1489.0336729353294,1490.5126422178,1487.2243886929937,1,
lfm25,104,cap48_chunk2048_pollpm_mem0.75,48,2048,lpm,0.75,0,R_long_prefill,11.549000968516816,369.56803099253807,46565.57190505979,46196.00387406725,168.83941320702434,228.25964377261695,232.30985929258168,161.71875386498868,5.20476936963537,7.948325612702436,5.450865497902757,330.4211592767388,331.6504724789411,331.8035813514143,330.69558429997414,1,
lfm25,104,cap48_chunk2048_pollpm_mem0.75,48,2048,lpm,0.75,0,R_medium_balanced,6.905260636865197,1767.7467230374905,7291.955232529648,5524.208509492158,128.06019792333245,138.90990521758795,139.05886169523,117.47904968797228,4.107275785987868,4.270882824636704,4.058733874676275,1152.412415947765,1187.175242928788,1187.4415656086055,1152.4561877304222,1,
lfm25,104,cap48_chunk2048_pollpm_mem0.75,48,2048,lpm,0.75,0,R_short_decode,1.6543562599424944,423.51520254527856,588.9508285395281,165.43562599424945,36.02103050798178,41.88864193856716,42.88155935704708,34.05460005160421,2.2328639959953,2.235898848397504,2.232970288647218,605.3103781305254,610.637708962895,611.6222849907354,603.1824183883145,1,
lfm25,104,cap48_chunk2048_pollpm_mem0.75,48,2048,lpm,0.75,0,shared_prefix,19.6355593886175,5026.70320348608,51149.71179050225,46123.00858701617,452.2608905099332,4313.937785848958,5097.1730234334245,968.8765576574953,7.547940101985837,9.054845741621271,7.34143023052157,2753.190519055352,5863.147034659038,6493.681038268842,2840.9412664404954,1,
lfm25,104,cap48_chunk2048_pollpm_mem0.75,48,2048,lpm,0.75,0,tool_agent,5.276633557041751,1093.9252858781106,15164.332497407791,14070.40721152968,163.53712952695787,555.4895858280353,662.9521013563497,211.91363574936983,5.095012682991532,150.94863949343562,30.331885684705423,650.083500193432,2175.7892199326297,2786.5744143864085,927.1585011761636,1,
lfm25,105,cap48_chunk2048_pollpm_mem0.8,48,2048,lpm,0.8,0,R_concurrent_decode,21.953459408069683,5620.085608465839,10010.777490079776,4390.691881613937,140.4757960699499,146.8100108904764,146.95689089596272,128.3417183731217,5.11294076693993,5.235381490167449,5.160804125240675,1444.2314219195396,1446.9029372557998,1447.429134156555,1444.346770309494,1,
lfm25,105,cap48_chunk2048_pollpm_mem0.8,48,2048,lpm,0.8,0,R_long_prefill,11.835595492701412,378.7390557664452,47721.121026572095,47342.38197080565,168.01274847239256,229.12887930870056,233.38622316718104,160.7366162352264,5.1991897710268535,7.9992428662315485,5.444158277955027,329.3647584505379,330.13734985142946,330.24498488754034,329.5055228518322,1,
lfm25,105,cap48_chunk2048_pollpm_mem0.8,48,2048,lpm,0.8,0,R_medium_balanced,6.355559944542523,1627.0233458028858,6711.4713014369045,5084.447955634018,140.67818457260728,242.45241994503888,242.5954981939867,143.8357318402268,4.326355001688295,4.543553263076818,4.3485510788456185,1252.7216167654842,1263.538598897867,1263.7592695420608,1252.7162569458596,1,
lfm25,105,cap48_chunk2048_pollpm_mem0.8,48,2048,lpm,0.8,0,R_short_decode,1.655144219610864,423.7169202203812,589.2313421814675,165.5144219610864,36.6713865660131,39.51008887961507,40.077787432819605,34.41343200393021,2.2293478880515867,2.233891250963297,2.23019132284484,604.6372461132705,608.129699761048,608.3734670747072,602.8329114778899,1,
lfm25,105,cap48_chunk2048_pollpm_mem0.8,48,2048,lpm,0.8,0,shared_prefix,19.89974847835293,5094.33561045835,51837.911985399456,46743.57637494111,365.7369990833104,4241.305878525584,4953.268553996459,941.1604275301216,7.628314011711992,8.504264200763668,7.285532025465121,2525.7169725373387,5828.974535525763,6409.814536701888,2798.971094023728,1,
lfm25,105,cap48_chunk2048_pollpm_mem0.8,48,2048,lpm,0.8,0,tool_agent,5.273456002071242,1093.2665310693997,15155.200633392473,14061.93410232307,178.72263654135168,547.1466229762873,658.5891427937893,213.1826095446013,5.06970722760473,145.27590665966272,29.37698773532469,647.0159064047039,2175.181487947701,2756.1885836720407,927.3526224843226,1,
lfm25,106,cap48_chunk2048_pollpm_mem0.85,48,2048,lpm,0.85,0,R_concurrent_decode,21.12873759656601,5408.956824720899,9634.7043440341,4225.747519313202,138.69201834313571,171.1246098158881,171.7263607447967,137.9341406718595,5.348032374190641,5.50182421874328,5.351545740838857,1502.536735497415,1505.6032844120637,1505.7782752532512,1502.578304585768,1,
lfm25,106,cap48_chunk2048_pollpm_mem0.85,48,2048,lpm,0.85,0,R_long_prefill,10.70666843397425,342.613389887176,43169.287125784176,42826.673735897006,195.5677275545895,257.2381014470011,261.65308845229447,181.6718319896609,5.370129598304629,8.900596329852217,5.8161572575749405,362.041745102033,362.56979496683925,362.6178292511031,361.972706974484,1,
lfm25,106,cap48_chunk2048_pollpm_mem0.85,48,2048,lpm,0.85,0,R_medium_balanced,6.754797028030004,1729.228039175681,7133.065661599684,5403.837622424003,116.96995748206972,135.18331293016672,135.3425243869424,110.4565455170814,4.1553344723640695,4.335614484186997,4.183829869212144,1177.5139938108623,1194.699431071058,1194.914471032098,1177.3331621661782,1,
lfm25,106,cap48_chunk2048_pollpm_mem0.85,48,2048,lpm,0.85,0,R_short_decode,1.6459741787919335,421.369389770735,585.9668076499283,164.59741787919336,36.53639066033065,44.745638105086975,46.8522517150268,35.32606945373118,2.235574348300111,2.248812678883087,2.238310031767442,606.3216566108167,615.0368004804477,617.3186559183523,605.8146726572886,1,
lfm25,106,cap48_chunk2048_pollpm_mem0.85,48,2048,lpm,0.85,0,shared_prefix,19.696576171648644,5042.323499942053,51308.65765013667,46266.33415019462,389.2466824036092,4244.063030160016,5030.031064385548,929.7997986614064,7.663247667654764,8.751095704478669,7.403220446947528,2615.84300827235,5859.31924874893,6479.722858099267,2817.621012633026,1,
lfm25,106,cap48_chunk2048_pollpm_mem0.85,48,2048,lpm,0.85,0,tool_agent,5.274023949717342,1093.3842751356508,15156.832838254428,14063.448563118778,167.61818435043097,554.3096673442046,650.5576026067135,211.64698235224927,5.088315824312823,150.41741793975234,29.987138061609205,656.1342068016529,2217.6686894614245,2775.768352351146,928.9802529476584,1,
lfm25,107,cap48_chunk2048_pollpm_mem0.9,48,2048,lpm,0.9,0,R_concurrent_decode,19.982908119821712,5115.624478674358,9112.206102638702,3996.581623964343,200.74990740977228,274.05549082905054,274.1534481011331,203.3765705418773,5.426556732980352,5.782182666418308,5.41848858228346,1584.9437424913049,1587.786611658521,1587.921024383977,1585.0911590241594,1,
lfm25,107,cap48_chunk2048_pollpm_mem0.9,48,2048,lpm,0.9,0,R_long_prefill,10.62971055853638,340.1507378731642,42858.992972018685,42518.84223414552,201.4923389069736,263.0731310462579,267.2762083960697,186.4515703637153,5.353162313000329,9.014474540468184,5.842393568356431,367.4403706099838,368.2216444751248,368.2851117430255,367.5657709827647,1,
lfm25,107,cap48_chunk2048_pollpm_mem0.9,48,2048,lpm,0.9,0,R_medium_balanced,6.794207987077676,1739.317244691885,7174.683634354025,5435.36638966214,130.62639744020998,138.50415800698102,138.90629881061614,118.77677144366316,4.106228447099235,4.302190112260481,4.12728006029319,1171.2254073936492,1185.350808664225,1185.506440210156,1171.2331868184265,1,
lfm25,107,cap48_chunk2048_pollpm_mem0.9,48,2048,lpm,0.9,0,R_short_decode,1.644398093756602,420.9659120016901,585.4057213773503,164.43980937566022,36.63115948438645,54.22408338636159,56.72639053314924,37.89243055507541,2.231190725247941,2.241823452401757,2.2308574736458957,603.5208033863455,624.1067360155284,627.2036584280431,606.4802664914168,1,
lfm25,107,cap48_chunk2048_pollpm_mem0.9,48,2048,lpm,0.9,0,shared_prefix,19.850883502517064,5081.826176644368,51710.62101389277,46628.7948372484,359.141833614558,4225.556534389017,4970.70695775561,918.5494866869705,7.857583572759348,8.531002187188351,7.40485572721571,2524.7405734844506,5842.292987182723,6427.79190717265,2806.723118730588,1,
lfm25,107,cap48_chunk2048_pollpm_mem0.9,48,2048,lpm,0.9,0,tool_agent,5.251679790239172,1088.751995713434,15092.618740375698,14003.866744662264,178.84354759007692,585.5806303443385,660.9029181860385,218.61553781665864,5.86279896309688,156.2034161761403,30.73598544885079,661.5105627570301,2239.6109083900224,2852.542491066264,947.7697951276788,1,
lfm25,108,cap48_chunk2048_polfcfs_mem0.75,48,2048,fcfs,0.75,0,R_concurrent_decode,21.00958469596536,5378.453682167133,9580.370621360204,4201.916939193073,145.41561203077435,180.51761195529247,181.2767104525119,145.89340233942494,5.357354578982089,5.505641199301417,5.355254824583729,1511.446080636233,1514.3210710957646,1514.3580710422248,1511.483382608276,1,
lfm25,108,cap48_chunk2048_polfcfs_mem0.75,48,2048,fcfs,0.75,0,R_long_prefill,8.83726402827197,282.79244890470306,35631.848561992585,35349.056113087885,214.41651252098384,328.0598744051531,339.8470140853897,212.07936096470803,7.313814855390979,11.260595835084397,7.394319719394609,441.1447730381042,441.91078695002943,442.0163509296253,441.3032722659409,1,
lfm25,108,cap48_chunk2048_polfcfs_mem0.75,48,2048,fcfs,0.75,0,R_medium_balanced,6.659248134368358,1704.7675223982997,7032.166029892986,5327.398507494687,121.20141298510134,143.0783442920074,143.23349527549,118.549301114399,4.2398098700990285,4.395401402029629,4.2084944275819565,1191.7123310267923,1225.8039005100727,1226.4844171702862,1191.715380147798,1,
lfm25,108,cap48_chunk2048_polfcfs_mem0.75,48,2048,fcfs,0.75,0,R_short_decode,1.6511425014384984,422.6924803682556,587.8067305121054,165.11425014384986,34.725411562249064,41.72496711835265,42.44752047583461,33.94049417693168,2.235945276733415,2.2384871638447428,2.235974854848916,604.8584235832095,610.9731561271474,611.301310933195,603.8341829553246,1,
lfm25,108,cap48_chunk2048_polfcfs_mem0.75,48,2048,fcfs,0.75,0,shared_prefix,19.28603195842515,4937.224181356838,50239.20921894946,45301.98503759262,498.0464039836079,3005.322529631667,3050.91451110784,1012.5672918475176,7.626743805503436,9.370601186528802,7.427427999758652,2816.577407065779,4992.1933418139815,5037.022891426459,2906.48999336554,1,
lfm25,108,cap48_chunk2048_polfcfs_mem0.75,48,2048,fcfs,0.75,0,tool_agent,5.242822688434497,1086.915785652798,15067.164625497808,13980.24883984501,191.78687897510827,555.927203479223,641.2010561814532,236.28349878359583,3.856948111206293,115.5179664492607,19.751909690413825,614.9183043744415,2213.5939692612733,2675.215588863933,931.2316866219044,1,
lfm25,109,cap48_chunk2048_polfcfs_mem0.8,48,2048,fcfs,0.8,0,R_concurrent_decode,21.79118559047515,5578.543511161638,9936.78062925667,4358.23711809503,141.40654145739973,146.91537751350552,147.1054264716804,126.33474168251269,5.13524823895126,5.283230281818439,5.196044934906668,1451.129590626806,1454.355862736702,1454.7260110313073,1451.326200083713,1,
lfm25,109,cap48_chunk2048_polfcfs_mem0.8,48,2048,fcfs,0.8,0,R_long_prefill,10.892548140579054,348.5615404985297,43918.754102814746,43570.19256231622,192.99791613593695,254.35111082624644,258.7360269716009,179.12130407057705,5.337901728888673,8.858737659700694,5.789270936211031,358.47286973148584,359.1010473202914,359.1822302993387,358.58870309311897,1,
lfm25,109,cap48_chunk2048_polfcfs_mem0.8,48,2048,fcfs,0.8,0,R_medium_balanced,6.912208680496335,1769.525422207062,7299.29236660413,5529.766944397068,124.49581455439328,133.28769674990326,134.1625699074939,111.83538183104248,4.134378203318692,4.427598896619005,4.079859284113399,1152.3425094783306,1224.5454625226555,1224.7748986817896,1152.1994992799591,1,
lfm25,109,cap48_chunk2048_polfcfs_mem0.8,48,2048,fcfs,0.8,0,R_short_decode,1.6547838866827422,423.624674990782,589.1030636590561,165.47838866827422,36.95003082975745,38.83656938560307,39.29232523776591,34.17089121649042,2.230578472874328,2.2349652840236223,2.2310411321839783,605.3059487603605,607.4819892412052,607.8713557077572,602.8068244922906,1,
lfm25,109,cap48_chunk2048_polfcfs_mem0.8,48,2048,fcfs,0.8,0,shared_prefix,19.44108536608356,4976.91785371739,50643.116077771134,45666.19822405374,479.693764122203,2963.497805339284,2977.188792368397,996.5655778833024,7.657144072593427,9.39015858797539,7.390532840052437,2751.5050400979817,4972.134544723667,4987.286094119772,2881.151452096674,1,
lfm25,109,cap48_chunk2048_polfcfs_mem0.8,48,2048,fcfs,0.8,0,tool_agent,5.244940144429999,1087.3547660425054,15073.24990817232,13985.895142129815,186.5742146037519,548.1356156989932,623.9650566969067,229.716556686908,3.934107402241544,109.69125553965569,19.035920312301855,607.1914995554835,2153.2045884989197,2678.619016893202,917.9195609153248,1,
lfm25,110,cap48_chunk2048_polfcfs_mem0.85,48,2048,fcfs,0.85,0,R_concurrent_decode,21.048666787524876,5388.458697606367,9598.192055111344,4209.733357504975,139.74392041563988,175.3456396749243,175.91656834818423,140.25618811137974,5.358442887846453,5.510905847117743,5.3567240244649605,1506.119771162048,1509.5072705997154,1509.7772320639342,1506.2208143499447,1,
lfm25,110,cap48_chunk2048_polfcfs_mem0.85,48,2048,fcfs,0.85,0,R_long_prefill,10.633701028057455,340.27843289783857,42875.08254512766,42534.804112229824,200.3071065992117,260.90674363076687,265.0206910073757,185.028747539036,5.330585769467777,8.971719803558962,5.823042112282447,365.5552654527128,365.8843626733869,365.89837129227817,365.54305301979184,1,
lfm25,110,cap48_chunk2048_polfcfs_mem0.85,48,2048,fcfs,0.85,0,R_medium_balanced,6.678493720170563,1709.694392363664,7052.489368500114,5342.794976136451,116.9286584481597,132.2497867513448,132.31238783337176,113.00161233521068,4.247245043698771,4.394128464856276,4.228733430785474,1191.4470065385103,1215.8026240067557,1216.03938175831,1191.3286371855063,1,
lfm25,110,cap48_chunk2048_polfcfs_mem0.85,48,2048,fcfs,0.85,0,R_short_decode,1.6369050846172628,419.0477016620193,582.7382101237455,163.69050846172627,41.29950958304107,46.01837280206382,47.474289229139686,39.20697909779847,2.2317914118734645,2.242119169449432,2.2337461724919847,610.8419049996883,614.9012561654672,616.2108675343916,608.5315854288638,1,
lfm25,110,cap48_chunk2048_polfcfs_mem0.85,48,2048,fcfs,0.85,0,shared_prefix,19.52910154198732,4999.449994748754,50872.39409024219,45872.94409549343,490.1667789090425,2905.910996557213,2921.950681330636,997.7564933142276,7.503204312467692,9.109792766508226,7.314419903260012,2693.033891962841,4930.248412885703,4947.493661525659,2862.9335686455306,1,
lfm25,110,cap48_chunk2048_polfcfs_mem0.85,48,2048,fcfs,0.85,0,tool_agent,5.240627856491662,1086.460764068569,15060.85697479641,13974.396210727842,203.0528534669429,587.1112234424795,751.0520781204104,246.1942992825061,3.9844894210898105,116.5924227796495,20.561827947254283,661.5463609341532,2195.9526766091585,2891.97646560147,948.5173668083736,1,
lfm25,111,cap48_chunk2048_polfcfs_mem0.9,48,2048,fcfs,0.9,0,R_concurrent_decode,20.94604839574149,5362.188389309821,9551.39806845812,4189.209679148298,143.29565363004804,184.3857948901132,184.95924832765013,145.42288520897273,5.374108239387473,5.533190135314476,5.3670254628420535,1513.8985884841532,1516.6685690870509,1517.867753827013,1514.0143782336963,1,
lfm25,111,cap48_chunk2048_polfcfs_mem0.9,48,2048,fcfs,0.9,0,R_long_prefill,11.396681293509666,364.6938013923093,45951.41897543098,45586.72517403866,187.81746202148497,237.89309186395255,238.17160322796556,172.23347001709044,4.868714386717446,8.20130903138629,5.3700405480940985,338.7476080097258,338.9968393370509,339.0201439335942,338.70472700800747,1,
lfm25,111,cap48_chunk2048_polfcfs_mem0.9,48,2048,fcfs,0.9,0,R_medium_balanced,6.680285064438066,1710.152976496145,7054.381028046598,5344.2280515504535,140.85817406885326,190.51701261196283,190.96529048401865,141.23211905825883,4.164393623268195,4.452769764169466,4.113031064808442,1190.236485330388,1273.6668499419466,1274.2163029732185,1190.0550405844117,1,
lfm25,111,cap48_chunk2048_polfcfs_mem0.9,48,2048,fcfs,0.9,0,R_short_decode,1.6416852401593058,420.2714214807823,584.4399454967129,164.1685240159306,37.41393354721368,45.99197404459119,47.09337504580617,37.10205893730745,2.2343954664892425,2.2375978080755523,2.2344493563809995,607.1873086038977,615.1046955026686,615.8745254762471,606.6067736246623,1,
lfm25,111,cap48_chunk2048_polfcfs_mem0.9,48,2048,fcfs,0.9,0,shared_prefix,19.20333500531862,4916.053761361567,50023.78753252664,45107.73377116507,486.0909373965114,3014.342624414712,3031.575550516136,1026.5397020120872,7.63830327081914,9.222849566288584,7.3965642755616035,2731.523313326761,5016.874305834062,5035.904655582272,2912.663592280296,1,
lfm25,111,cap48_chunk2048_polfcfs_mem0.9,48,2048,fcfs,0.9,0,tool_agent,5.243414900455205,1087.0385600878708,15068.8665628967,13981.828002808828,196.5241970028728,546.6362296836448,639.52993218787,237.51774791860956,3.9817161247214328,112.67959955148396,19.29885993324083,604.3416026514024,2187.1594632044425,2684.189195879729,929.7736912942491,1,
lfm25,112,cap48_chunk8192_pollpm_mem0.75,48,8192,lpm,0.75,0,R_concurrent_decode,20.164784752428154,5162.184896621608,9195.14184710724,4032.956950485631,260.3985958267004,262.2546792961657,262.79143462423235,226.1071207904024,5.112606503398103,5.4275977102966575,5.254440067915757,1564.8968524765223,1573.7530539743602,1574.7585615050048,1565.9893381089205,1,
lfm25,112,cap48_chunk8192_pollpm_mem0.75,48,8192,lpm,0.75,0,R_long_prefill,12.383609535100188,396.275505123206,49930.71364552396,49534.43814040075,213.2689084392041,214.6113036898896,214.75276065524668,201.6887671779841,3.2341215053513164,4.576010748954309,3.6168408489996384,313.8271209318191,314.51248864177614,314.5767776714638,313.8108334969729,1,
lfm25,112,cap48_chunk8192_pollpm_mem0.75,48,8192,lpm,0.75,0,R_medium_balanced,7.033084282389988,1800.469576291837,7426.937002203827,5626.46742591199,108.99959178641438,110.13282695785163,110.27216548100114,108.44338382594287,4.024496917411977,4.143938835819855,4.015124864036254,1132.2401973884553,1164.396216161549,1164.4497217610478,1132.3002241551876,1,
lfm25,112,cap48_chunk8192_pollpm_mem0.75,48,8192,lpm,0.75,0,R_short_decode,1.661162266151934,425.2575401348951,591.3737667500885,166.1162266151934,32.650000881403685,38.58300591818988,38.82452904246748,33.1414281972684,2.226445617555988,2.2301301827258246,2.2266272773551505,600.3936333581805,605.9508133446798,605.9645782364532,600.6524100084789,1,
lfm25,112,cap48_chunk8192_pollpm_mem0.75,48,8192,lpm,0.75,0,shared_prefix,19.106611306925068,4891.292494572817,49771.82683213479,44880.53433756197,497.2317239735276,3033.084337692708,5288.339018560946,1078.627526305354,7.301130143049008,9.175149584554283,7.1924600055710615,2732.930904021486,5002.773356763646,6677.725271303207,2912.7048277259746,1,
lfm25,112,cap48_chunk8192_pollpm_mem0.75,48,8192,lpm,0.75,0,tool_agent,5.258528223914128,1090.1717787407574,15112.300214218974,14022.128435478218,228.2732054591179,531.1962216161191,589.1043347585946,257.8120562178083,3.598630347329637,68.45498103648424,13.045027235400369,511.60646695643663,2078.258823812939,2714.2839225567827,879.3443250330165,1,
lfm25,113,cap48_chunk8192_pollpm_mem0.8,48,8192,lpm,0.8,0,R_concurrent_decode,19.301144196128444,4941.092914208882,8801.32175343457,3860.2288392256887,325.8441903162748,328.53130276780576,328.7387783266604,322.3141827329528,5.144276988564753,5.264931885598629,5.160675796693848,1638.2933312561363,1640.7175262225792,1641.6323823248968,1638.286510889884,1,
lfm25,113,cap48_chunk8192_pollpm_mem0.8,48,8192,lpm,0.8,0,R_long_prefill,11.24894341235512,359.9661891953639,45355.73983861585,44995.77364942049,245.5652761273086,248.20149005390704,248.2741733361036,230.32600106671453,3.2844277279030893,5.058159134651143,3.784061447086353,347.68538270145655,347.9743212228641,347.9888249887153,347.6319059263915,1,
lfm25,113,cap48_chunk8192_pollpm_mem0.8,48,8192,lpm,0.8,0,R_medium_balanced,7.111497171485086,1820.543275900182,7509.741013088251,5689.1977371880685,98.27646496705712,99.50093331281096,99.68872957397252,97.94419311219826,4.008402235294675,4.132039131888864,4.000234607305816,1118.177057011053,1151.113486965187,1151.4480011770502,1118.0040179751811,1,
lfm25,113,cap48_chunk8192_pollpm_mem0.8,48,8192,lpm,0.8,0,R_short_decode,1.6552029890955304,423.7319652084558,589.2522641180088,165.52029890955305,37.529726047068834,43.57154523022473,45.431678080931306,35.99014657083899,2.221354335436926,2.2261959693255986,2.222293252732712,604.4264365918934,609.4822905026376,611.1390326730907,602.396551752463,1,
lfm25,113,cap48_chunk8192_pollpm_mem0.8,48,8192,lpm,0.8,0,shared_prefix,18.435481673682983,4719.483308462844,48023.56559674072,43304.08228827788,564.4092799630016,3050.8061196887866,5505.5682121170685,1118.3146538714936,7.38615060371219,8.927452588253015,7.344679973360982,2653.706850949675,5071.615942940116,6923.387261121534,2991.208047078544,1,
lfm25,113,cap48_chunk8192_pollpm_mem0.8,48,8192,lpm,0.8,0,tool_agent,5.257298438358812,1089.9168257483573,15108.765976554048,14018.84915080569,232.74337965995076,540.5680066440254,585.6766623584554,258.22603683918715,3.68333742708752,69.91572943516076,13.255770212507697,513.599329162389,2085.007302230224,2569.443167056882,875.5257294164039,1,
lfm25,114,cap48_chunk8192_pollpm_mem0.85,48,8192,lpm,0.85,0,R_concurrent_decode,22.065701760474493,5648.81965068147,10061.96000277637,4413.140352094899,129.93639218620956,135.00835720915347,135.12459838297218,128.2281485182466,5.113867179070618,5.141270777539296,5.121034362887525,1433.8508534710854,1437.8284093458203,1438.0289238551632,1434.0919110545656,1,
lfm25,114,cap48_chunk8192_pollpm_mem0.85,48,8192,lpm,0.85,0,R_long_prefill,12.042477464003614,385.3592788481157,48555.269134862574,48169.909856014456,221.87444707378745,223.1108090607449,223.2424104725942,210.36199177615345,3.2497209031134844,4.580758506762645,3.630027272588303,322.6989316754043,323.53475561831146,323.6477830680087,322.89283722639084,1,
lfm25,114,cap48_chunk8192_pollpm_mem0.85,48,8192,lpm,0.85,0,R_medium_balanced,7.093151762217153,1815.8468511275912,7490.368260901314,5674.521409773723,95.65521543845534,103.88869664166124,104.0525296004489,97.57086509489454,4.018374391849719,4.140508045241528,4.01082081028589,1121.9030141364783,1158.3409230224788,1158.728717919439,1120.3301717177965,1,
lfm25,114,cap48_chunk8192_pollpm_mem0.85,48,8192,lpm,0.85,0,R_short_decode,1.64732243904607,421.7145443957939,586.4467883004008,164.732243904607,35.64778668805957,42.87071507424116,43.94422616809607,35.25714168790728,2.236062314763081,2.2423313921500068,2.237610461577531,605.9149000793695,612.4625735916197,613.5618394054472,605.5675769457594,1,
lfm25,114,cap48_chunk8192_pollpm_mem0.85,48,8192,lpm,0.85,0,shared_prefix,18.778155018476163,4807.207684729898,48916.21359711392,44109.00591238402,477.1656962111592,4485.25895397177,5395.363760413602,1101.9686781874043,7.319789823582944,9.127856912639208,7.241792320450722,2726.8180353567004,6145.36375587339,6797.859352231026,2948.6257199023385,1,
lfm25,114,cap48_chunk8192_pollpm_mem0.85,48,8192,lpm,0.85,0,tool_agent,5.258413166665397,1090.147925647237,15111.969555218851,14021.821629571616,239.8445219732821,532.646312774159,605.3129626298323,261.448001335375,3.615420637652278,85.63675261102617,13.913732054068866,544.1536884754896,2094.454263406805,2654.713109517464,884.2877088510431,1,
lfm25,115,cap48_chunk8192_pollpm_mem0.9,48,8192,lpm,0.9,0,R_concurrent_decode,20.25713990632585,5185.827816019418,9237.255797284588,4051.42798126517,250.66108698956668,252.95917696785185,253.53921573609117,246.74577625410168,5.1449353605800985,5.266272968831745,5.162028366569704,1563.2171740289778,1566.261480934918,1567.015351895243,1563.063009729376,1,
lfm25,115,cap48_chunk8192_pollpm_mem0.9,48,8192,lpm,0.9,0,R_long_prefill,12.476286620754491,399.2411718641438,50304.38765488211,49905.14648301797,210.6109713204205,211.9918572017923,212.14469064492727,199.1005013696849,3.2374298109883264,4.567492937278602,3.613203121799856,310.9712954610586,311.7762633599341,311.8449884839356,311.10979814548045,1,
lfm25,115,cap48_chunk8192_pollpm_mem0.9,48,8192,lpm,0.9,0,R_medium_balanced,7.116332652025798,1821.781158918604,7514.847280539242,5693.066121620638,95.67547077313066,101.67366708628832,101.86500302515924,96.81289407308212,4.013505704043543,4.145395414739409,4.00777695741614,1118.7416445463896,1157.8022666508332,1158.2542593823746,1118.7960182141978,1,
lfm25,115,cap48_chunk8192_pollpm_mem0.9,48,8192,lpm,0.9,0,R_short_decode,1.6528227805111777,423.12263181086144,588.4049098619793,165.28227805111774,35.664472030475736,41.09654079657048,41.26527992542833,34.460101916920394,2.231672413501085,2.2348672373396323,2.231930008386928,604.7492625657469,610.1323113311082,610.1421395037323,603.3227672451176,1,
lfm25,115,cap48_chunk8192_pollpm_mem0.9,48,8192,lpm,0.9,0,shared_prefix,18.053479318444555,4621.690705521806,47028.467367705016,42406.77666218321,583.8552955538034,3604.433021438308,5598.623712421395,1170.9910255558498,8.09093570227132,9.62530620560488,7.62017664410272,2848.543941276148,5411.735920747742,7067.529827342369,3114.1360698020435,1,
lfm25,115,cap48_chunk8192_pollpm_mem0.9,48,8192,lpm,0.9,0,tool_agent,5.256079042336467,1089.6640266619847,15105.261597004292,14015.597570342306,239.23843167722225,509.8339250776917,558.8427501404658,258.721705195494,3.648406360298395,48.30057257786393,11.824107542276284,541.8820704799145,2046.6113794595003,2667.6540145603885,868.2208261266351,1,
lfm25,116,cap48_chunk8192_polfcfs_mem0.75,48,8192,fcfs,0.75,0,R_concurrent_decode,21.892345789670863,5604.440522155741,9982.909680089911,4378.4691579341725,131.1884275637567,135.5392734054476,135.64042643178254,130.6489845737815,5.170779684375899,5.177372105912689,5.169351510909002,1448.7659947481006,1451.701968209818,1451.8553155008703,1448.8336198555771,1,
lfm25,116,cap48_chunk8192_polfcfs_mem0.75,48,8192,fcfs,0.75,0,R_long_prefill,11.526256690633698,368.84021410027833,46473.86697663507,46105.02676253479,228.99037646129727,230.7782801333815,230.8181553054601,216.82271175086495,3.2308557100834383,4.6437901895373095,3.6216491698137214,329.14690347388387,329.7899086493999,329.84378003515303,329.09383601509035,1,
lfm25,116,cap48_chunk8192_polfcfs_mem0.75,48,8192,fcfs,0.75,0,R_medium_balanced,6.914721621563928,1770.1687351203657,7301.946032371508,5531.777297251143,104.78175058960916,122.25052702706309,122.456569573842,109.41420833114536,4.133484182952374,4.163167048154362,4.074824370521431,1148.354047909379,1159.7428284585476,1160.1330518722534,1148.4944228141103,1,
lfm25,116,cap48_chunk8192_polfcfs_mem0.75,48,8192,fcfs,0.75,0,R_short_decode,1.6487150274803617,422.0710470349726,586.9425497830088,164.87150274803616,37.42985054850578,42.61681321077049,43.14346364699304,36.27166076330468,2.2265865157047906,2.2447781024772637,2.230239821302555,605.5327991489321,613.4492879267782,615.1480368059129,604.7011726768687,1,
lfm25,116,cap48_chunk8192_polfcfs_mem0.75,48,8192,fcfs,0.75,0,shared_prefix,17.819535118314676,4561.800990288557,46419.05369250106,41857.2527022125,673.0436170473695,3294.661682611332,3317.3797124484554,1221.3322691350186,7.606378930858245,10.051457451875592,7.583625876371885,2982.751477742568,5466.569645097479,5480.675773550756,3155.114129247522,1,
lfm25,116,cap48_chunk8192_polfcfs_mem0.75,48,8192,fcfs,0.75,0,tool_agent,5.247830095941651,1087.9538963401433,15081.55523867335,13993.601342333208,224.8699066694826,520.5967413494363,531.9297950481996,253.49039694527164,3.335672803223133,30.662570055574147,10.060589004067168,499.944759067148,2124.850965035148,2562.8713290253586,865.542225590907,1,
lfm25,117,cap48_chunk8192_polfcfs_mem0.8,48,8192,fcfs,0.8,0,R_concurrent_decode,22.021861438154808,5637.596528167631,10041.968815798591,4404.372287630962,122.92812904343008,129.50327876023948,129.5690968632698,123.63447052484844,5.15955581019322,5.168827076844286,5.153550053364597,1437.6629833132029,1439.7850037319586,1440.2124362485483,1437.7897341328207,1,
lfm25,117,cap48_chunk8192_polfcfs_mem0.8,48,8192,fcfs,0.8,0,R_long_prefill,9.22493557863775,295.197938516408,37194.940253067405,36899.742314551,295.8214252721518,328.02696221042424,328.0551732936874,275.48164140898734,4.187832323593959,7.478594840804655,4.846538638605947,425.64422730356455,426.2970632640645,426.3447352265939,425.7243392057717,1,
lfm25,117,cap48_chunk8192_polfcfs_mem0.8,48,8192,fcfs,0.8,0,R_medium_balanced,7.16554625056387,1834.3798401443507,7566.816840595447,5732.437000451096,95.88567563332616,100.2766186138615,100.39412926416844,96.89205451286398,3.982433976203788,4.135964684389239,3.974330952555379,1110.4344523046166,1154.0036641526967,1154.2183621320871,1110.3464474144855,1,
lfm25,117,cap48_chunk8192_polfcfs_mem0.8,48,8192,fcfs,0.8,0,R_short_decode,1.6490841708397932,422.1655477349871,587.0739648189664,164.90841708397932,35.803561797365546,53.47029224503785,57.8159416327253,38.65522606065497,2.2258350214756586,2.235271036231285,2.2223234267977823,604.1575465351343,612.3389976564795,612.9320193547755,604.7958989511244,1,
lfm25,117,cap48_chunk8192_polfcfs_mem0.8,48,8192,fcfs,0.8,0,shared_prefix,18.860029267338128,4828.167492438561,49129.49217754392,44301.32468510535,630.282023223117,3050.162795302458,3073.448206144385,1119.5028169531724,7.343807132622483,9.506714510658352,7.275506033229427,2807.210153667256,5137.153616640717,5150.686147059314,2974.7568554266763,1,
lfm25,117,cap48_chunk8192_polfcfs_mem0.8,48,8192,fcfs,0.8,0,tool_agent,5.255821735782557,1089.6106831537606,15104.522132704737,14014.911449550977,228.61168859526515,494.0560512943189,529.3458900786936,253.314746664837,3.281412998476646,35.42864597402511,9.717370511259718,498.967859428376,2052.1667233202606,2561.8654895247832,858.5455833096057,1,
lfm25,118,cap48_chunk8192_polfcfs_mem0.85,48,8192,fcfs,0.85,0,R_concurrent_decode,21.579178192649508,5524.269617318274,9840.105255848175,4315.835638529901,161.50577552616596,164.01448992546648,164.20240689069033,153.34321283444297,5.124007396436497,5.2815226411593015,5.157527729170397,1467.9793089162558,1471.019010222517,1471.6996653517708,1468.5127837728942,1,
lfm25,118,cap48_chunk8192_polfcfs_mem0.85,48,8192,fcfs,0.85,0,R_long_prefill,9.041813070331044,289.3380182505934,36456.59029957477,36167.252281324174,300.8336005732417,334.9502947879955,334.9749916186556,279.91421171464026,4.253022763277254,7.6705842624388385,4.930464363086128,432.6773062348366,433.379096374847,433.4437734307721,432.7586069703102,1,
lfm25,118,cap48_chunk8192_polfcfs_mem0.85,48,8192,fcfs,0.85,0,R_medium_balanced,7.147340034186487,1829.7190487517407,7547.59107610093,5717.87202734919,97.66185516491532,99.54742074478418,99.6806329349056,97.53792465198784,3.984965829580438,4.139716542946796,3.975232718306977,1111.6961878724396,1153.9220343111083,1154.074602550827,1111.222267820267,1,
lfm25,118,cap48_chunk8192_polfcfs_mem0.85,48,8192,fcfs,0.85,0,R_short_decode,1.6521202003311315,422.9427712847697,588.1547913178829,165.21202003311316,35.32252786681056,43.53223908692598,45.09509351104498,35.52876610774547,2.23006585923334,2.23226090380505,2.230119243803156,604.082047007978,611.1681779613718,612.3372894106433,603.9300670963712,1,
lfm25,118,cap48_chunk8192_polfcfs_mem0.85,48,8192,fcfs,0.85,0,shared_prefix,18.80630097082417,4814.413048530988,48989.53248363896,44175.11943510797,643.4719399549067,3058.6915092542768,3086.229285453446,1128.5721912317968,7.348115476505722,9.381200509949348,7.269239535840005,2823.011689586565,5153.0675129033625,5168.73677124735,2982.228272870998,1,
lfm25,118,cap48_chunk8192_polfcfs_mem0.85,48,8192,fcfs,0.85,0,tool_agent,5.256181659031877,1089.6853006421934,15105.556503533644,14015.87120289145,230.14473333023489,523.1034392723814,534.6707615954801,259.23313861945644,3.307782832517885,30.06348758935925,9.969266681473648,504.2247006203979,2056.129970983601,2563.8744216971045,862.6215550070629,1,
lfm25,119,cap48_chunk8192_polfcfs_mem0.9,48,8192,fcfs,0.9,0,R_concurrent_decode,20.786541639280543,5321.35465965582,9478.662987511929,4157.30832785611,212.23640791140497,214.5146230934188,215.03404658753425,208.24244429240932,5.152699457225847,5.278935601806962,5.1690684471681125,1526.56909939833,1529.3256617384031,1529.8011503228918,1526.3548983202782,1,
lfm25,119,cap48_chunk8192_polfcfs_mem0.9,48,8192,fcfs,0.9,0,R_long_prefill,12.480533803382196,399.3770817082303,50321.512295237015,49922.13521352878,211.39322756789625,212.63034490402788,212.6626507146284,199.59370500873771,3.22023589133976,4.572811540997316,3.60417154227053,311.3551477435976,311.7948913015425,311.8333092518151,311.32302281912416,1,
lfm25,119,cap48_chunk8192_polfcfs_mem0.9,48,8192,fcfs,0.9,0,R_medium_balanced,6.903531226790303,1767.3039940583176,7290.12897549056,5522.824981432243,116.04516999796031,134.44719987455755,134.59372252691537,118.27363903285004,4.069111227770062,4.14035983255827,4.058054936753002,1153.100113151595,1159.086529049091,1159.2382468050346,1153.0776479048654,1,
lfm25,119,cap48_chunk8192_polfcfs_mem0.9,48,8192,fcfs,0.9,0,R_short_decode,1.6517836786401516,422.8566217318788,588.034989595894,165.17836786401517,34.52251176349819,42.13613094761968,42.65621492639184,34.03755376348272,2.2341417450019545,2.2382432942458994,2.234683796050837,603.8543917238712,611.7354780901223,612.6496885064989,603.6020573810674,1,
lfm25,119,cap48_chunk8192_polfcfs_mem0.9,48,8192,fcfs,0.9,0,shared_prefix,18.27221901422691,4677.688067642089,47598.27402179481,42920.58595415272,817.2099641524255,3216.8318873737007,3240.5634729983285,1201.350561404979,7.377030579008016,9.764880827244584,7.311679247390666,2983.859660802409,5301.924943109042,5325.283608203754,3065.828769489599,1,
lfm25,119,cap48_chunk8192_polfcfs_mem0.9,48,8192,fcfs,0.9,0,tool_agent,5.250825373072394,1088.5748622185033,15090.163260784697,14001.588398566191,222.5023990031332,521.4282093802467,532.0065547013655,254.27798589225856,3.310879599303007,29.67479117214676,9.955081476263512,496.20538926683366,2052.9826432699338,2564.7588581126133,855.9970847750083,1,
lfm25,120,cap64_chunk-1_pollpm_mem0.75,64,-1,lpm,0.75,0,R_concurrent_decode,21.73257639428862,5563.539556937887,9910.05483579561,4346.515278857724,138.9928727876395,144.8174765566364,144.94608137290925,138.8081286859233,5.179209728706994,5.18536450715699,5.17593248771257,1458.2896393258125,1461.419820203446,1461.7269571404904,1458.6709130526287,1,
lfm25,120,cap64_chunk-1_pollpm_mem0.75,64,-1,lpm,0.75,0,R_long_prefill,12.515271795833783,400.48869746668106,50461.57588080181,50061.087183335134,210.946686565876,211.39441030099988,211.44206108525395,210.50523850135505,3.173209569086471,3.2617422729550354,3.195861395778916,309.5147281419486,310.2046725573018,310.25507914368063,309.57694177050143,1,
lfm25,120,cap64_chunk-1_pollpm_mem0.75,64,-1,lpm,0.75,0,R_medium_balanced,6.861829111974583,1756.6282526654932,7246.091542245159,5489.463289579666,110.03786674700676,112.34944604802875,112.64417304191738,109.53213402535766,4.129088499272863,4.267652045136068,4.124589935052139,1159.837327897549,1196.288809995167,1196.8909265240654,1159.4356943969617,1,
lfm25,120,cap64_chunk-1_pollpm_mem0.75,64,-1,lpm,0.75,0,R_short_decode,1.654718999081204,423.6080637647882,589.0799636729085,165.4718999081204,35.1712005212903,41.56956777442247,41.84619514737278,34.28197139874101,2.231499627597776,2.2343318197319464,2.230832985232709,603.7928559817374,609.4361630268395,609.6065952070057,602.8649860527366,1,
lfm25,120,cap64_chunk-1_pollpm_mem0.75,64,-1,lpm,0.75,0,shared_prefix,17.547453866135555,4492.148189730702,45710.29478438315,41218.14659465245,1094.3523314781487,1668.7264026841149,1695.9432826424018,1078.2471579950652,9.98753057884089,12.80466437778052,10.002294242725588,3625.627188012004,3647.6282205199823,3648.762699970976,3628.8321898900895,1,
lfm25,120,cap64_chunk-1_pollpm_mem0.75,64,-1,lpm,0.75,0,tool_agent,5.253762163359815,1089.1837028969398,15098.603199604053,14009.419496707113,323.6546078696847,540.8973538782448,555.3479960886762,323.3608244964853,3.2951470769556432,37.54387376829981,7.7112134284616864,551.9006564281881,2087.5155106419697,2663.176536513487,912.536205907818,1,
lfm25,121,cap64_chunk-1_pollpm_mem0.8,64,-1,lpm,0.8,0,R_concurrent_decode,21.75945214723464,5570.419749692068,9922.310179138996,4351.890429446928,136.39837759546936,140.39779279846698,140.4946405859664,135.79484120418783,5.175857024048181,5.181936798343325,5.175400710397619,1455.4606194142252,1457.9508265014738,1458.5466474061832,1455.5220223555807,1,
lfm25,121,cap64_chunk-1_pollpm_mem0.8,64,-1,lpm,0.8,0,R_long_prefill,8.930034936849784,285.7611179791931,36005.90086537833,35720.13974739914,342.99980383366346,343.365148617886,343.3967241970822,327.1533466177061,3.1264278542010056,4.902049262947852,3.646245038497352,440.0722261052578,440.7625369960442,440.8543591247872,440.186942811124,1,
lfm25,121,cap64_chunk-1_pollpm_mem0.8,64,-1,lpm,0.8,0,R_medium_balanced,6.755066803536686,1729.2971017053917,7133.350544534741,5404.053442829349,124.4583185762167,137.2336152708158,137.2855716152117,125.08098300895654,4.1325628328337976,4.279148728385859,4.129772843660641,1178.0018790159374,1205.9845147887245,1206.303418544121,1178.17305814242,1,
lfm25,121,cap64_chunk-1_pollpm_mem0.8,64,-1,lpm,0.8,0,R_short_decode,1.6541762242721456,423.4691134136693,588.8867358408838,165.41762242721455,35.78893397934735,42.25247709546238,42.521824282594025,34.67429819284007,2.2297280685355263,2.232960859748641,2.229874211624148,603.7565304432064,610.6007155030966,611.0386896878481,603.0130284489132,1,
lfm25,121,cap64_chunk-1_pollpm_mem0.8,64,-1,lpm,0.8,0,shared_prefix,17.537618090866594,4489.630231261848,45684.67305085946,41195.04281959762,1098.1570780277252,1673.413214017637,1694.8326047835872,1084.1913186995953,9.963826853416714,12.814763058159574,9.98733294515713,3630.550319794565,3646.271765115671,3647.946099918336,3630.961219714664,1,
lfm25,121,cap64_chunk-1_pollpm_mem0.8,64,-1,lpm,0.8,0,tool_agent,5.250814286577691,1088.572563821854,15090.131399695596,14001.558835873742,323.573716217652,533.8291233638301,547.772481860593,317.8797555458732,3.328330814838409,36.69637553393841,7.508119529920751,495.283126598224,2080.14432801865,2565.566831543104,901.7534231580794,1,
lfm25,122,cap64_chunk-1_pollpm_mem0.85,64,-1,lpm,0.85,0,R_concurrent_decode,20.11977030224011,5150.661197373468,9174.61525782149,4023.9540604480217,259.05529083684087,260.92815769370645,261.0964542487636,221.39570616127455,5.155984318687343,5.473042639958508,5.309279764975038,1575.1953232102096,1577.7644410729408,1578.5729252872989,1575.2620462299092,1,
lfm25,122,cap64_chunk-1_pollpm_mem0.85,64,-1,lpm,0.85,0,R_long_prefill,11.522860439271176,368.7315340566777,46460.173291141386,46091.44175708471,236.62613844498992,237.0904104085639,237.1286719525233,235.34342064522207,3.266175660575109,3.4492136993175078,3.317071402805948,338.2302597165108,338.8265395537019,338.89080818742514,338.17263413220644,1,
lfm25,122,cap64_chunk-1_pollpm_mem0.85,64,-1,lpm,0.85,0,R_medium_balanced,7.102673703324202,1818.284468050996,7500.423430710357,5682.138962659361,98.61378045752645,101.216790266335,101.30298864096405,98.83987763896585,4.0166403742178405,4.13921841000225,4.007369452430045,1120.9770401474088,1155.3813487989828,1155.7464329292998,1120.7190880086273,1,
lfm25,122,cap64_chunk-1_pollpm_mem0.85,64,-1,lpm,0.85,0,R_short_decode,1.650388465467766,422.4994471597481,587.5382937065248,165.0388465467766,33.44592801295221,41.21577951591462,41.38137219008058,33.63185457419604,2.239268567120912,2.242960306821267,2.239703569375468,604.2805570177734,612.1830327436328,612.4928508326411,604.4757302151993,1,
lfm25,122,cap64_chunk-1_pollpm_mem0.85,64,-1,lpm,0.85,0,shared_prefix,17.53603350693209,4489.224577774615,45680.54528398745,41191.32070621284,1100.2358929254117,1672.3345540929586,1697.4770865263415,1083.9365108367929,9.96022535688883,12.810728938830104,9.984831695585266,3628.156237537041,3646.773987892084,3649.493951499462,3630.068593211036,1,
lfm25,122,cap64_chunk-1_pollpm_mem0.85,64,-1,lpm,0.85,0,tool_agent,5.252217262724114,1088.8634218216498,15094.16336373864,14005.299941916988,327.31992984190583,533.3782511297613,558.5124507872388,322.77123369043693,3.314480047955665,37.22012573853135,7.539321369736549,506.1125026550144,2090.006819344125,2581.21727838646,906.927156187594,1,
lfm25,123,cap64_chunk-1_pollpm_mem0.9,64,-1,lpm,0.9,0,R_concurrent_decode,20.608182683147028,5275.694766885639,9397.331303515044,4121.636536629405,219.78474990464747,221.9056876609102,222.19476781319827,211.2224293377949,5.155538652530488,5.448134740832828,5.190228060168653,1534.499104367569,1539.0873041702434,1540.6109862029552,1534.7305846808013,1,
lfm25,123,cap64_chunk-1_pollpm_mem0.9,64,-1,lpm,0.9,0,R_long_prefill,11.28656853154044,361.17019300929405,45507.444319171045,45146.27412616176,245.8017966710031,246.20321874972436,246.2448092503473,245.3625811031088,3.2593994626715297,3.34552334726698,3.2823330332194605,347.0164737664163,347.7023003622889,347.7520052716136,347.1149051329121,1,
lfm25,123,cap64_chunk-1_pollpm_mem0.9,64,-1,lpm,0.9,0,R_medium_balanced,7.015817534467392,1796.0492888236524,7408.703316397566,5612.6540275739135,100.50553642213345,109.08240836579353,109.7486391896382,100.2794235246256,4.057178129533342,4.1253951494582,4.0532898775050095,1132.2565423324704,1156.867716112174,1157.8202302800491,1132.063891593134,1,
lfm25,123,cap64_chunk-1_pollpm_mem0.9,64,-1,lpm,0.9,0,R_short_decode,1.6486478005271972,422.0538369349625,586.9186169876822,164.86478005271974,35.85259895771742,40.51541469525546,40.73042595293373,34.52670876868069,2.2370437214917995,2.2410302978632024,2.237768351974156,606.7875965964049,610.5865699937567,610.7613793341443,604.877406032756,1,
lfm25,123,cap64_chunk-1_pollpm_mem0.9,64,-1,lpm,0.9,0,shared_prefix,17.480667397877333,4475.050853856597,45536.31916518618,41061.26831132958,1111.5794570650903,1678.0109451618046,1715.166803477332,1091.755326688144,9.99777854109804,12.794662202233631,9.997696738148578,3632.0709756109854,3667.409977526404,3669.604733823799,3641.167994916032,1,
lfm25,123,cap64_chunk-1_pollpm_mem0.9,64,-1,lpm,0.9,0,tool_agent,5.252673139392729,1088.9579318932035,15095.473491740886,14006.515559847683,326.73112908378243,545.3946989029646,546.0425063176081,320.8603138872422,3.262434013025916,38.377508148550966,7.56205810225814,508.32207896746695,2092.164070042781,2568.687668358901,903.823500557337,1,
lfm25,124,cap64_chunk-1_polfcfs_mem0.75,64,-1,fcfs,0.75,0,R_concurrent_decode,20.95233059241641,5363.7966316586,9554.26275014188,4190.466118483281,201.2176588177681,203.47696263343096,203.8929753191769,197.49651811434887,5.141561341417186,5.262220035416677,5.15854876127788,1512.914715334773,1516.379004344344,1516.8646018533036,1512.9264522402082,1,
lfm25,124,cap64_chunk-1_polfcfs_mem0.75,64,-1,fcfs,0.75,0,R_long_prefill,11.802420172696278,377.6774455262809,47587.35813631139,47209.68069078511,228.2531731761992,228.631985350512,228.667552950792,227.5533403735608,3.266673850556536,3.3779857041794927,3.296535191757064,329.6076995320618,330.24396607652307,330.3313502110541,329.74593131802976,1,
lfm25,124,cap64_chunk-1_polfcfs_mem0.75,64,-1,fcfs,0.75,0,R_medium_balanced,7.016659742669,1796.264894123264,7409.592688258464,5613.3277941352,95.33614804968238,101.19286086410284,101.33954416960478,96.54290525941178,4.071148437466107,4.147125007675998,4.063008809873067,1132.6946001499891,1157.6082862447947,1157.9616846051067,1132.610151777044,1,
lfm25,124,cap64_chunk-1_polfcfs_mem0.75,64,-1,fcfs,0.75,0,R_short_decode,1.652649412474538,423.07824959348176,588.3431908409356,165.2649412474538,33.92420755699277,44.3394721718505,44.749363088049,34.57304212497547,2.230622005813262,2.2345228763487004,2.231038447545465,602.3282099049538,612.8925191704184,613.2291979063302,603.2084101461805,1,
lfm25,124,cap64_chunk-1_polfcfs_mem0.75,64,-1,fcfs,0.75,0,shared_prefix,17.64474359804697,4517.054361100024,45963.7299755562,41446.67561445617,1081.5534780267626,1648.5324845649302,1649.3246755516157,1063.9017770845385,9.841196505608512,12.77850570476742,9.979901412032843,3595.917401602492,3636.4272142527625,3639.2763124452895,3608.776637152914,1,
lfm25,124,cap64_chunk-1_polfcfs_mem0.75,64,-1,fcfs,0.75,0,tool_agent,5.253212667117125,1089.0697840833866,15097.024021584555,14007.954237501168,314.63884259574115,534.6355139743537,552.917827158235,319.158690283075,3.2642713747918606,37.95315958559512,7.416856673975679,503.1396518461406,2087.712983554229,2561.024384126061,900.6985750491731,1,
lfm25,125,cap64_chunk-1_polfcfs_mem0.8,64,-1,fcfs,0.8,0,R_concurrent_decode,22.03205538230442,5640.206177869932,10046.617254330817,4406.411076460884,133.61322251148522,136.59593053162098,136.78888934664428,132.6617679442279,5.122743488526812,5.127600688651642,5.123880660040395,1439.334032824263,1441.6565247345716,1442.0672979392111,1439.2513362545287,1,
lfm25,125,cap64_chunk-1_polfcfs_mem0.8,64,-1,fcfs,0.8,0,R_long_prefill,12.234387055311483,391.5003857699675,49329.04860701591,48937.54822124594,213.38142291642723,213.73339910060167,213.76456949859855,212.0548270177096,3.338784527694506,3.511594217120399,3.3682562380788785,316.88374327495694,317.4095650902018,317.46915231924504,316.47077039815485,1,
lfm25,125,cap64_chunk-1_polfcfs_mem0.8,64,-1,fcfs,0.8,0,R_medium_balanced,6.62130150455785,1695.0531851668095,6992.09438881309,5297.041203646279,149.39159201458097,256.3950413605198,256.51941287796944,179.02851194958205,4.1338933083940965,4.2691886251536655,4.01635824202779,1203.4669073764237,1210.35413374193,1210.360253090039,1203.1998636666683,1,
lfm25,125,cap64_chunk-1_polfcfs_mem0.8,64,-1,fcfs,0.8,0,R_short_decode,1.643827482451594,420.8198355076081,585.2025837527674,164.3827482451594,36.915455013513565,46.61606529261917,47.61743936222047,37.35563554801047,2.232034606676476,2.2480795903203834,2.23507279851824,607.7583751175553,615.4096190584823,616.0159459104761,607.0195261854678,1,
lfm25,125,cap64_chunk-1_polfcfs_mem0.8,64,-1,fcfs,0.8,0,shared_prefix,17.6525859846217,4519.062012063156,45984.1590249715,41465.09701290834,1087.4328843783587,1656.8059812765568,1673.3269268274307,1069.6132957091322,9.892649566937312,12.783650996291316,9.95327860795192,3606.194268213585,3621.568977693096,3624.161233929917,3607.699340736872,1,
lfm25,125,cap64_chunk-1_polfcfs_mem0.8,64,-1,fcfs,0.8,0,tool_agent,5.253716002623492,1089.174133083889,15098.47053987956,14009.296406795673,308.546079788357,537.6106287352741,575.4996974952519,321.132365076337,3.291679461571303,37.6323092728853,7.339330249340133,507.0637352764607,2088.408279698342,2531.470951926888,900.9049909841268,1,
lfm25,126,cap64_chunk-1_polfcfs_mem0.85,64,-1,fcfs,0.85,0,R_concurrent_decode,21.80678606258756,5582.537232022415,9943.894444539928,4361.357212517512,134.65557200834155,140.41653519961983,140.47123688273132,132.3370184400119,5.148279602073279,5.199760834540369,5.169638485291644,1451.644541695714,1454.1889712680131,1454.6484102774411,1450.5948321893811,1,
lfm25,126,cap64_chunk-1_polfcfs_mem0.85,64,-1,fcfs,0.85,0,R_long_prefill,12.22589070971046,391.22850271073474,49294.791341552576,48903.56283884184,218.55013770982623,218.94893646240237,218.9902462810278,217.9764872416854,3.2012301286862743,3.305248367870527,3.229616033363967,317.96039594337344,318.73788232915103,318.81270132027566,318.0945842759684,1,
lfm25,126,cap64_chunk-1_polfcfs_mem0.85,64,-1,fcfs,0.85,0,R_medium_balanced,6.651812294212685,1702.8639473184471,7024.313782688595,5321.449835370147,119.70095569267868,173.11047948896885,173.32735508680344,142.36373474705033,4.225064066293485,4.272533934928623,4.13215955863159,1196.1505899671463,1208.0802025739104,1208.452181937173,1196.0644221981056,1,
lfm25,126,cap64_chunk-1_polfcfs_mem0.85,64,-1,fcfs,0.85,0,R_short_decode,1.6343400746313608,418.3910591056284,581.8250665687644,163.43400746313608,34.21468962915242,39.87363637425005,40.11404496617615,34.02159595862031,2.239400813100385,2.339272143538384,2.260037116079702,606.7212764173746,631.9663350004703,641.064894432202,610.0500748143531,1,
lfm25,126,cap64_chunk-1_polfcfs_mem0.85,64,-1,fcfs,0.85,0,shared_prefix,17.503304761332075,4480.846018901011,45595.288435859366,41114.44241695836,1101.9607465714216,1680.3363147191703,1684.4928285339847,1070.4955837682064,9.795158245034662,12.742869131467945,10.05700670342657,3590.3838553931564,3701.020808564499,3702.786695668474,3634.934755882568,1,
lfm25,126,cap64_chunk-1_polfcfs_mem0.85,64,-1,fcfs,0.85,0,tool_agent,5.253710197331274,1089.1729295597331,15098.453856253442,14009.280926693707,306.5072998870164,537.7869684947655,542.5345453526825,315.85251696640626,3.2397299871913026,37.10844521410762,7.3629252706417905,503.0951860826463,2087.1449730126187,2531.9676077272684,896.3355783023871,1,
lfm25,127,cap64_chunk-1_polfcfs_mem0.9,64,-1,fcfs,0.9,0,R_concurrent_decode,21.743337383955136,5566.294370292515,9914.96184708354,4348.667476791027,141.50533801876009,143.7665287638083,143.888907157816,140.4553326428868,5.164629301311924,5.169478635139325,5.168071940915622,1457.980644190684,1460.6426226673648,1461.3824851205572,1458.3136775763703,1,
lfm25,127,cap64_chunk-1_polfcfs_mem0.9,64,-1,fcfs,0.9,0,R_long_prefill,11.66483111931546,373.2745958180947,47032.59907307993,46659.32447726184,214.7561279125512,215.30730391386896,215.3584847645834,214.3712603719905,3.3865489531308413,3.4579736849052773,3.353514182831972,318.8340258784592,322.395471483469,322.4279637634754,318.33020003978163,1,
lfm25,127,cap64_chunk-1_polfcfs_mem0.9,64,-1,fcfs,0.9,0,R_medium_balanced,6.667910981814788,1706.9852113445857,7041.313996796415,5334.32878545183,113.56053920462728,175.40254583582282,175.5727923475206,139.76188615197316,4.2400524001933775,4.276207949527922,4.1355219251914495,1194.3689570762217,1202.2515556309372,1202.7766399551183,1194.3199770757928,1,
lfm25,127,cap64_chunk-1_polfcfs_mem0.9,64,-1,fcfs,0.9,0,R_short_decode,1.653420412475071,423.2756255936182,588.6176668411252,165.3420412475071,36.42089408822358,41.35696443263441,42.23802246619016,33.886409422848374,2.232759236814637,2.244058999251856,2.233922920028286,605.4248183500022,609.5275848172605,610.3559499047697,603.2569772214629,1,
lfm25,127,cap64_chunk-1_polfcfs_mem0.9,64,-1,fcfs,0.9,0,shared_prefix,17.63210464183268,4513.818788309166,45930.806087069046,41416.98729875988,1086.0257921740413,1644.8096316307783,1682.2650877991691,1069.4613418672816,9.969538349804342,12.718063225586189,9.962181000089773,3600.3787473309785,3634.269411652349,3637.0439365226775,3609.817496890173,1,
lfm25,127,cap64_chunk-1_polfcfs_mem0.9,64,-1,fcfs,0.9,0,tool_agent,5.247008021367882,1087.7834679498824,15079.192707328408,13991.409239378523,308.07451414875686,539.5655170781538,549.0384685387835,319.86904978519306,3.3090609258839065,38.579085143283,7.416763036496712,507.7820743899792,2090.893173031509,2542.93598945252,902.7146132732742,1,
lfm25,128,cap64_chunk2048_pollpm_mem0.75,64,2048,lpm,0.75,0,R_concurrent_decode,20.03523865423595,5129.021095484403,9136.068826331591,4007.04773084719,193.94489470869303,270.11005638632923,270.3100338811055,202.45933541445996,5.444638911342504,5.807522707892692,5.411477618926095,1582.5993129983544,1584.7522171679884,1585.800096904859,1582.3861282406142,1,
lfm25,128,cap64_chunk2048_pollpm_mem0.75,64,2048,lpm,0.75,0,R_long_prefill,11.11306704995474,355.6181455985517,44807.88634541751,44452.26819981896,188.4983261115849,246.28988890908656,250.21927292458716,173.905955045484,5.217974149291554,8.7067975632606,5.693145674623309,350.3265930339694,351.0034261504188,351.0525839449838,350.3934709588066,1,
lfm25,128,cap64_chunk2048_pollpm_mem0.75,64,2048,lpm,0.75,0,R_medium_balanced,6.84369344279054,1751.9855213543783,7226.94027558681,5474.954754232432,122.54513381049036,132.22625816706568,132.50427276361734,112.66227322630584,4.115922794695578,4.280000427902182,4.120547725367086,1163.5446504224092,1181.8480681395158,1182.1227920008823,1163.4019431949127,1,
lfm25,128,cap64_chunk2048_pollpm_mem0.75,64,2048,lpm,0.75,0,R_short_decode,1.655999694333673,423.9359217494203,589.5358911827876,165.5999694333673,34.48744001798332,42.96065352391452,43.745520426891744,33.98202278185636,2.230094847105005,2.233046370540683,2.230242690268922,602.8559189289808,611.3585178740323,612.0728653110564,602.4147314019501,1,
lfm25,128,cap64_chunk2048_pollpm_mem0.75,64,2048,lpm,0.75,0,shared_prefix,24.61401023987766,6301.186621408681,64118.34289315131,57817.15627174264,379.7663261648268,783.926816261373,840.5399025278166,460.7856419534073,7.980607639012091,9.366806600991564,8.29363109196671,2563.785882666707,2760.307066445239,2763.005827087909,2575.661570404918,1,
lfm25,128,cap64_chunk2048_pollpm_mem0.75,64,2048,lpm,0.75,0,tool_agent,5.247023924124772,1087.786764829927,15079.238409704838,13991.451644874913,175.52951886318624,587.2269455809145,653.2240471150724,215.75277410680428,5.97462368064693,160.59706630185246,30.907967322470576,649.7991492506117,2246.6958597069606,3048.62813999876,952.243914171122,1,
lfm25,129,cap64_chunk2048_pollpm_mem0.8,64,2048,lpm,0.8,0,R_concurrent_decode,19.67488721894855,5036.771128050829,8971.74857184054,3934.9774437897104,182.67887691035867,226.2114114360884,270.88127032388013,184.7597192536341,5.571885522929769,5.802953569309822,5.564594601552623,1603.4079999662936,1606.9056011270732,1608.0144245596605,1603.731342649553,1,
lfm25,129,cap64_chunk2048_pollpm_mem0.8,64,2048,lpm,0.8,0,R_long_prefill,10.943560488424737,350.1939356295915,44124.43588932853,43774.24195369894,190.4385816305876,251.1181449284777,255.3816953627393,176.3080912642181,5.3794412543216055,8.911870866863715,5.8409080863179215,357.20126051455736,357.9889828339219,358.097538985312,357.37624194007367,1,
lfm25,129,cap64_chunk2048_pollpm_mem0.8,64,2048,lpm,0.8,0,R_medium_balanced,6.903491321535288,1767.2937783130335,7290.086835541264,5522.79305722823,136.37509453110397,147.35120872501284,147.89844893384725,124.02984654181635,4.065837767705613,4.245480384641127,4.034925234394477,1153.3047349657863,1185.5186829343438,1185.761702246964,1152.935781312408,1,
lfm25,129,cap64_chunk2048_pollpm_mem0.8,64,2048,lpm,0.8,0,R_short_decode,1.657777545668284,424.3910516910807,590.1688062579091,165.7777545668284,34.97051796875894,37.56185113452375,37.859131125733256,32.72458084393293,2.2329403534896817,2.238344156282301,2.2338676874591483,604.4627553783357,606.4189949305728,606.5491366619244,601.8013010034338,1,
lfm25,129,cap64_chunk2048_pollpm_mem0.8,64,2048,lpm,0.8,0,shared_prefix,24.185168641399667,6191.403172198315,63001.230631066064,56809.82745886775,386.16251200437546,922.474257601425,988.4369226964192,471.768133706064,8.002890282146195,9.93249685275277,8.444966606575512,2594.5845688693225,2917.3027168260887,2919.1974142286927,2625.2346183828195,1,
lfm25,129,cap64_chunk2048_pollpm_mem0.8,64,2048,lpm,0.8,0,tool_agent,5.2733695699173975,1093.2486123874253,15154.95223905066,14061.703626663237,179.6629277523607,541.7045614682131,639.3506849510593,215.52674885373565,5.096089703818927,144.84289339743555,29.300313051744016,638.145828153938,2166.838194685987,2751.763417082832,927.3903720430098,1,
lfm25,130,cap64_chunk2048_pollpm_mem0.85,64,2048,lpm,0.85,0,R_concurrent_decode,18.391016878798183,4708.100320972335,8386.303696731971,3678.203375759637,202.3938789498061,338.1923145148903,386.54651326593023,236.14579513377976,5.958058717934525,6.190562372132406,5.825857674148317,1721.6822712216526,1724.2925689555705,1724.9250571941957,1721.7395020416006,1,
lfm25,130,cap64_chunk2048_pollpm_mem0.85,64,2048,lpm,0.85,0,R_long_prefill,11.389570118908829,364.46624380508246,45922.74671944039,45558.28047563531,173.63383807241917,235.88909623213112,240.2802520338446,166.76941723562777,5.468792988047484,8.256042245475035,5.697691204747366,343.4162475168705,343.97685867734253,344.02798370458186,343.3978445827961,1,
lfm25,130,cap64_chunk2048_pollpm_mem0.85,64,2048,lpm,0.85,0,R_medium_balanced,6.7951222927629145,1739.551306947306,7175.649141157637,5436.097834210332,136.14552468061447,141.483134473674,142.7246963372454,121.41283170785756,4.071966557781778,4.313044272837978,4.115076976663926,1171.74594826065,1175.0902191270145,1175.357490638271,1170.7574607571587,1,
lfm25,130,cap64_chunk2048_pollpm_mem0.85,64,2048,lpm,0.85,0,R_short_decode,1.647426042881525,421.7410669776704,586.4836712658229,164.7426042881525,36.16101830266416,47.2733800066635,49.17512410786003,37.22652303986251,2.2326537006187674,2.2415559308312085,2.2302913583152013,605.088290059939,612.7364698564634,612.8411830915138,605.3949542692862,1,
lfm25,130,cap64_chunk2048_pollpm_mem0.85,64,2048,lpm,0.85,0,shared_prefix,23.88864371195196,6115.492790259701,62228.79708946085,56113.304299201154,374.8889877460897,812.1218933723865,892.4556975113228,453.1571660663758,8.223285870261344,9.96113583938602,8.654060223074383,2667.27264598012,2899.698207108304,2903.827356202528,2659.867625163315,1,
lfm25,130,cap64_chunk2048_pollpm_mem0.85,64,2048,lpm,0.85,0,tool_agent,5.2456073152116325,1087.4930805530996,15075.16726693068,13987.67418637758,176.58748221583664,583.1238514976575,656.5112953213974,216.15681318566203,5.886886424074571,156.361145619303,30.05616743378317,650.1864725723863,2232.8326949151237,2780.6543140765216,944.5894251391292,1,
lfm25,131,cap64_chunk2048_pollpm_mem0.9,64,2048,lpm,0.9,0,R_concurrent_decode,21.173655966041032,5420.455927306504,9655.18712051471,4234.731193208207,152.71853795275092,191.32453587371856,192.1825209353119,153.9982518152101,5.269512058436579,5.423220155541511,5.2645300925303,1496.4750274084508,1498.912856657989,1499.721502144821,1496.4534254104365,1,
lfm25,131,cap64_chunk2048_pollpm_mem0.9,64,2048,lpm,0.9,0,R_long_prefill,11.82919507068758,378.5342422620026,47695.31452501233,47316.78028275032,168.78648661077025,225.32344989012927,228.9708171179518,160.6054820585996,5.111026157054209,7.855754960778981,5.380802814127698,327.3991325404495,327.9625116381794,328.0089056957513,327.4103692965582,1,
lfm25,131,cap64_chunk2048_pollpm_mem0.9,64,2048,lpm,0.9,0,R_medium_balanced,6.308863585524619,1615.0690778943024,6662.159946313997,5047.090868419695,157.12311444804072,237.74652113206685,237.88415477611125,150.1061575836502,4.31199710012651,4.55291908891762,4.344750606390995,1257.6087261550128,1262.4153810320422,1263.7076411163434,1258.0175622133538,1,
lfm25,131,cap64_chunk2048_pollpm_mem0.9,64,2048,lpm,0.9,0,R_short_decode,1.644294067942642,420.9392813933164,585.3686881875806,164.42940679426422,39.48198049329221,46.08143342193216,46.32665335666388,37.84582600928843,2.2311485062042875,2.2339663096969318,2.230964169588743,607.9100121278316,614.7897942224517,615.2834998490289,606.4623109414242,1,
lfm25,131,cap64_chunk2048_pollpm_mem0.9,64,2048,lpm,0.9,0,shared_prefix,24.055578562830416,6158.228112084586,62663.6545509281,56505.42643884351,380.1496105734259,916.441549360752,964.029550049454,466.1520448644296,8.119089453134174,9.992837227753126,8.524977137915581,2623.349491506815,2897.06679712981,2898.526049219072,2640.0212150329025,1,
lfm25,131,cap64_chunk2048_pollpm_mem0.9,64,2048,lpm,0.9,0,tool_agent,5.2742761782694245,1093.4365658979257,15157.55770906226,14064.121143164331,178.59855387359858,569.0691036870699,654.940392328426,214.463925473392,5.17696228164893,149.22583550214767,30.285964063613804,639.6623365581036,2167.729634582064,2769.8234343714958,928.748281484004,1,
lfm25,132,cap64_chunk2048_polfcfs_mem0.75,64,2048,fcfs,0.75,0,R_concurrent_decode,22.095211153059196,5656.374055183153,10075.416285794992,4419.042230611839,141.1721205804497,147.3276659147814,147.59233688469976,128.9714442245895,5.074259372172403,5.19861724556369,5.123457766489546,1435.322014382109,1438.578702742234,1439.4609677325934,1435.4531746794237,1,
lfm25,132,cap64_chunk2048_polfcfs_mem0.75,64,2048,fcfs,0.75,0,R_long_prefill,11.587580948603833,370.8025903553226,46721.12638477064,46350.32379441532,188.44854016788304,239.4488648511469,239.7755259461701,173.2671728823334,4.763625975277636,8.09484244729843,5.257506501830874,336.12094540148973,336.8086594855413,336.88834763597697,336.2498744390905,1,
lfm25,132,cap64_chunk2048_polfcfs_mem0.75,64,2048,fcfs,0.75,0,R_medium_balanced,6.323152858806634,1618.7271318544983,6677.249418899806,5058.522287045307,146.3077289517969,249.13201306480917,249.2850411916152,148.90520836343055,4.32417287089515,4.551233984438666,4.350984417696429,1258.333915611729,1271.0695965215564,1271.175060980022,1258.40623487602,1,
lfm25,132,cap64_chunk2048_polfcfs_mem0.75,64,2048,fcfs,0.75,0,R_short_decode,1.6464126471151377,421.4816376614752,586.122902372989,164.64126471151374,40.20466795191169,42.03883896116167,42.171250958926976,37.08613174967468,2.2301344767066777,2.2376943086220766,2.2310354288001912,608.430047519505,611.0541183501482,611.1861108988523,605.7201384101063,1,
lfm25,132,cap64_chunk2048_polfcfs_mem0.75,64,2048,fcfs,0.75,0,shared_prefix,23.469698776659992,6008.242886824958,61137.465171069125,55129.22228424417,481.9570288527757,931.070138933137,939.7483224235476,536.3116658445506,8.470361518180546,9.878729447612868,8.515334305768334,2694.9958107434213,2929.323254781775,2930.712867700495,2707.721913815476,1,
lfm25,132,cap64_chunk2048_polfcfs_mem0.75,64,2048,fcfs,0.75,0,tool_agent,5.243826520544737,1087.1238951067323,15070.049503465303,13982.92560835857,188.4763145353645,534.227493451908,622.3054285999385,232.02039777999744,4.082670271219243,111.8761139921844,19.29797908642795,592.1636286657304,2213.586266245693,2662.8540186723626,924.8075413494372,1,
lfm25,133,cap64_chunk2048_polfcfs_mem0.8,64,2048,fcfs,0.8,0,R_concurrent_decode,21.127417244043585,5408.618814475158,9634.102263283874,4225.483448808716,144.1967044956982,181.77486571948972,182.9872988210991,142.9012371954741,5.314257503578476,5.475409384542967,5.3226210775570575,1499.9487346503884,1502.7599490480495,1503.3381261117756,1500.169611972524,1,
lfm25,133,cap64_chunk2048_polfcfs_mem0.8,64,2048,fcfs,0.8,0,R_long_prefill,11.464236442860628,366.8555661715401,46223.80133761405,45856.94577144252,186.15576159209013,235.3843011660501,235.5429647257552,170.41527922265232,4.787764098915842,8.135935836171189,5.303500062455573,334.8075083922595,335.62359288334846,335.68685814738274,334.8237811587751,1,
lfm25,133,cap64_chunk2048_polfcfs_mem0.8,64,2048,fcfs,0.8,0,R_medium_balanced,6.299862354220075,1612.7647626803391,6652.6546460564,5039.88988337606,142.65084639191628,241.50940019171685,241.67665464337915,145.67154640099034,4.342444687533905,4.627472096962817,4.38347247614087,1263.546468457207,1284.2508089961484,1284.7907826537266,1263.4570278169122,1,
lfm25,133,cap64_chunk2048_polfcfs_mem0.8,64,2048,fcfs,0.8,0,R_short_decode,1.649413309548912,422.24980724452143,587.1911381994126,164.9413309548912,35.54540663026273,44.88759522791952,46.44129022490233,35.67565855337307,2.2315527266804494,2.236027612635368,2.2318668670089084,604.7946780454367,613.5865540476516,615.0208290154114,604.5220389496535,1,
lfm25,133,cap64_chunk2048_polfcfs_mem0.8,64,2048,fcfs,0.8,0,shared_prefix,23.3879203798062,5987.307617230387,60924.43628062734,54937.12866339696,480.7785309385508,960.9160866355523,968.610721193254,542.9002990531444,8.464682153334804,10.160538512921216,8.529457898739743,2704.294803319499,2955.141916987486,2956.652567642741,2717.912063231779,1,
lfm25,133,cap64_chunk2048_polfcfs_mem0.8,64,2048,fcfs,0.8,0,tool_agent,5.2493126471526885,1088.2612514444595,15085.81589070946,13997.554639265,192.7408946212381,537.7219760324804,630.9444159036502,232.24641516106203,3.815119971170441,114.31075423024596,19.53148004834642,594.024954829365,2159.8291561705983,2674.340811124997,920.8083615149372,1,
lfm25,134,cap64_chunk2048_polfcfs_mem0.85,64,2048,fcfs,0.85,0,R_concurrent_decode,21.072093692354223,5394.455985242681,9608.874723713525,4214.418738470845,140.23782988078892,172.42320799268782,173.5423283278942,139.09654860617593,5.342269943588796,5.497638220424015,5.346703141592169,1502.5921231135726,1505.2670000120995,1506.0062750801444,1502.505849712179,1,
lfm25,134,cap64_chunk2048_polfcfs_mem0.85,64,2048,fcfs,0.85,0,R_long_prefill,9.177881580586927,293.69221057878167,37005.21853292649,36711.52632234771,200.27836388908327,311.41960478853434,322.8757859161124,198.1903447303921,7.23526841630378,11.076121136636262,7.309092989852352,424.7098902706057,425.3976130858064,425.4607042297721,424.772227415815,1,
lfm25,134,cap64_chunk2048_polfcfs_mem0.85,64,2048,fcfs,0.85,0,R_medium_balanced,6.611284601880644,1692.488858081445,6981.51653958596,5289.027681504515,132.369140163064,152.710618567653,153.135646157898,123.30330268014222,4.274729728771776,4.4765681443809,4.231080092266019,1202.1537199616432,1233.968804241158,1234.582279366441,1202.2287262079772,1,
lfm25,134,cap64_chunk2048_polfcfs_mem0.85,64,2048,fcfs,0.85,0,R_short_decode,1.6428892685336536,420.5796527446153,584.8685795979807,164.28892685336538,37.61630901135504,47.49375362880527,49.834610829129815,37.144297384656966,2.2340361868926126,2.240375622942174,2.2349498294002275,607.4415284674615,616.9890383491293,619.476282489486,606.7763832979836,1,
lfm25,134,cap64_chunk2048_polfcfs_mem0.85,64,2048,fcfs,0.85,0,shared_prefix,23.331291449869315,5972.810611166545,60776.92057262285,54804.10996145631,482.4495310895145,955.659756064415,960.8732501696796,546.0179654837702,8.458676931503065,10.117611690497428,8.528022551934768,2702.771737007424,2953.114198590629,2956.6422796901315,2720.6637162271363,1,
lfm25,134,cap64_chunk2048_polfcfs_mem0.85,64,2048,fcfs,0.85,0,tool_agent,5.270661798017609,1092.6872506560208,15147.170468159877,14054.483217503855,197.30234052985907,555.1918947137888,651.6200621472672,239.96723271673545,3.8219092326063313,113.45360232517122,19.293071516128972,600.2733954228461,2152.075134031474,2676.992061901832,912.985013970174,1,
lfm25,135,cap64_chunk2048_polfcfs_mem0.9,64,2048,fcfs,0.9,0,R_concurrent_decode,18.18392766281119,4655.085481679665,8291.871014241902,3636.7855325622377,139.07061773352325,455.6935208849609,456.4476198935881,223.94408103718888,6.297657925489486,6.443032059252408,5.966707835357417,1745.0864005368203,1748.1587601825595,1748.3652430586517,1745.4545790533302,1,
lfm25,135,cap64_chunk2048_polfcfs_mem0.9,64,2048,fcfs,0.9,0,R_long_prefill,11.9716300422564,383.0921613522048,48269.6123303778,47886.52016902559,176.7497560940683,225.1077615190297,225.29197641648352,161.82939161080867,4.712162321553596,7.943603047920811,5.201927420022266,322.90096720680594,323.9142059115693,324.0223326301202,323.08914163149893,1,
lfm25,135,cap64_chunk2048_polfcfs_mem0.9,64,2048,fcfs,0.9,0,R_medium_balanced,6.3105902395974365,1615.5111013369435,6663.983293014893,5048.472191677949,136.69062545523047,247.217136900872,247.33732445165515,145.90981072979048,4.3422404813635005,4.619911526256772,4.378390013623764,1262.1654220856726,1289.0459191985428,1289.400687161833,1262.3992642038502,1,
lfm25,135,cap64_chunk2048_polfcfs_mem0.9,64,2048,fcfs,0.9,0,R_short_decode,1.6597187464833778,424.8879990997447,590.8598737480825,165.97187464833775,32.54987206310034,38.05992817506194,38.07143284007907,32.443924399558455,2.2302562334373883,2.233762372162835,2.230648715376688,601.2652115896344,606.5032670740038,606.7975033540279,600.97992408555,1,
lfm25,135,cap64_chunk2048_polfcfs_mem0.9,64,2048,fcfs,0.9,0,shared_prefix,23.31704301528717,5969.163011913515,60739.80406843174,54770.64105651822,497.9404921177775,933.4856998873876,938.8069236883894,541.8143134629645,8.493296993786798,10.099365540195768,8.554994053402504,2709.550227271393,2932.761045754887,2934.6002709539607,2723.337797080603,1,
lfm25,135,cap64_chunk2048_polfcfs_mem0.9,64,2048,fcfs,0.9,0,tool_agent,5.24289826335962,1086.9314534683997,15067.381817629992,13980.450364161594,191.2003164179623,554.8467885935679,628.0028305714949,234.75455937208608,3.954404965043068,113.73456530272958,19.316599281303617,613.4845290798694,2150.172479823232,2692.209356031375,922.0384332234972,1,
lfm25,136,cap64_chunk8192_pollpm_mem0.75,64,8192,lpm,0.75,0,R_concurrent_decode,21.458045894369626,5493.259748958623,9784.868927832547,4291.609178873925,166.47628042846918,168.40231297537684,168.45387881621718,155.85004561580718,5.146964029500298,5.3241174758466725,5.19180547123017,1479.498895118013,1482.482199231163,1483.019295767881,1479.7604407795006,1,
lfm25,136,cap64_chunk8192_pollpm_mem0.75,64,8192,lpm,0.75,0,R_long_prefill,9.221955274823214,295.10256879434286,37182.9236680872,36887.82109929286,293.66272152401507,328.07098457124084,328.1087799696252,273.64103542640805,4.249644555872487,7.580136950878845,4.903977642947387,425.55918358266354,426.1745847063139,426.2569408724085,425.66434235777706,1,
lfm25,136,cap64_chunk8192_pollpm_mem0.75,64,8192,lpm,0.75,0,R_medium_balanced,7.029467677186826,1799.5437253598277,7423.117867109288,5623.574141749461,99.10048148594797,102.7043922804296,102.83115124329925,99.99927674653009,4.0578510475290175,4.14215848580295,4.0495427724832265,1132.7941834460944,1157.9231991199777,1158.3705577766525,1132.632683729753,1,
lfm25,136,cap64_chunk8192_pollpm_mem0.75,64,8192,lpm,0.75,0,R_short_decode,1.6477255177353936,421.8177325402608,586.5902843138001,164.77255177353936,38.65980147384107,46.16922924760729,48.1797017948702,37.11820574244484,2.226477777402775,2.2318873150754843,2.227447296754847,605.9853667393327,613.7972739292309,615.2653147419915,604.8382160952315,1,
lfm25,136,cap64_chunk8192_pollpm_mem0.75,64,8192,lpm,0.75,0,shared_prefix,21.76106084211132,5570.831575580498,56686.543443973016,51115.71186839252,620.0303954537958,1173.3179359231142,1232.2486909106374,676.6097865802294,8.775590407643833,10.713103313053791,8.781609786363369,2879.417066229508,3161.383726540953,3163.611027328297,2915.9202821028885,1,
lfm25,136,cap64_chunk8192_pollpm_mem0.75,64,8192,lpm,0.75,0,tool_agent,5.276417538380813,1093.8805019694182,15163.711688938774,14069.831186969355,250.7172308396548,537.7293581375852,551.1478552501649,270.7081181765534,3.481722045839132,80.42308553121984,12.62026852332755,528.7437874358147,2062.089790240861,2587.5250969733984,875.3982831258327,1,
lfm25,137,cap64_chunk8192_pollpm_mem0.8,64,8192,lpm,0.8,0,R_concurrent_decode,21.6941873574923,5553.711963518029,9892.54943501649,4338.83747149846,145.62403177842498,147.794299852103,148.22305611800402,144.9607898684917,5.153576413388638,5.18713903412515,5.157944452880389,1460.0294737610966,1462.7808218123391,1463.1143268290907,1460.2366253529908,1,
lfm25,137,cap64_chunk8192_pollpm_mem0.8,64,8192,lpm,0.8,0,R_long_prefill,8.626920616219506,276.0614597190242,34783.743924597045,34507.682464878024,309.6016792114824,352.2092542843893,352.23440697882324,288.0830983631313,4.525684376036929,8.287030481733382,5.229016916165429,450.0026977621019,450.748432520777,450.8445088006556,450.1826227642596,1,
lfm25,137,cap64_chunk8192_pollpm_mem0.8,64,8192,lpm,0.8,0,R_medium_balanced,6.982554035967672,1787.533833207724,7373.577061981862,5586.043228774138,103.19940792396665,109.95228576939552,110.01760286744684,104.45941737270914,4.068031815775469,4.147558851971054,4.05877865360155,1139.6197751164436,1166.2917140638456,1166.3080763770267,1139.4479740411043,1,
lfm25,137,cap64_chunk8192_pollpm_mem0.8,64,8192,lpm,0.8,0,R_short_decode,1.6516763480876069,422.8291451104273,587.996779919188,165.16763480876068,36.76213184371591,40.540934284217656,40.73331406805664,34.34461128199473,2.2328033632434465,2.239510456136557,2.2337041067347947,606.9338032975793,609.0211360249668,609.4167905766517,603.659269574564,1,
lfm25,137,cap64_chunk8192_pollpm_mem0.8,64,8192,lpm,0.8,0,shared_prefix,20.86838417277443,5342.306348230254,54361.16256456929,49018.85621633904,654.1331245098263,1371.4350121095777,1377.6602907571942,711.8823310665903,8.938873151098104,11.5242067809381,9.16008995039852,3030.407003359869,3366.862831148319,3368.6452539125457,3047.7052684182127,1,
lfm25,137,cap64_chunk8192_pollpm_mem0.8,64,8192,lpm,0.8,0,tool_agent,5.254212909764318,1089.2771493877894,15099.89858391983,14010.62143453204,229.73536467179656,531.452049058862,589.5925716031343,256.3363939477131,3.646950359995428,69.25997859798372,13.136428712830414,508.8851267937571,2081.624160683714,2570.8187408372696,875.382189839147,1,
lfm25,138,cap64_chunk8192_pollpm_mem0.85,64,8192,lpm,0.85,0,R_concurrent_decode,21.783430205067496,5576.558132497279,9933.24417351078,4356.6860410135,134.5988535322249,138.85313984937966,139.00306208524853,134.06958436826244,5.179512801160123,5.183135473406782,5.178929390340094,1454.4933263678104,1457.4614704819396,1457.927651135251,1454.6965789049864,1,
lfm25,138,cap64_chunk8192_pollpm_mem0.85,64,8192,lpm,0.85,0,R_long_prefill,12.429687827272083,397.7500104727067,50116.501319561045,49718.75130908834,212.02490711584687,213.84333004243672,214.0615573618561,200.49266738351437,3.228763846920863,4.563656002433309,3.605055956981115,312.3190694022924,312.5519989989698,312.567154597491,312.2494020499289,1,
lfm25,138,cap64_chunk8192_pollpm_mem0.85,64,8192,lpm,0.85,0,R_medium_balanced,6.852309864884453,1754.19132541042,7236.039217317983,5481.847891907562,108.61560399644075,109.7567129181698,109.88646394107492,108.26858563814312,4.1317786318341305,4.274842584067407,4.123204282608212,1159.9604366347194,1197.7338475408033,1197.747603082098,1159.6856777032372,1,
lfm25,138,cap64_chunk8192_pollpm_mem0.85,64,8192,lpm,0.85,0,R_short_decode,1.651778781968492,422.85536818393393,588.0332463807831,165.1778781968492,34.88939697854221,43.8025773037225,45.64221152104437,34.37592851696536,2.232998458887724,2.2387785780746405,2.2342801868108326,604.1653724387288,613.2011262932792,615.2587294252589,603.8374093477614,1,
lfm25,138,cap64_chunk8192_pollpm_mem0.85,64,8192,lpm,0.85,0,shared_prefix,21.83899119074545,5590.781744830835,56889.54834917983,51298.766604349,593.9838069025427,1243.6853480758143,1294.4372553005817,644.5946757085039,8.714240169444796,10.995947931272283,8.885820900810787,2891.0432138945907,3212.015873542987,3213.3753806119785,2910.4790054152545,1,
lfm25,138,cap64_chunk8192_pollpm_mem0.85,64,8192,lpm,0.85,0,tool_agent,5.270673991919492,1092.6897786347895,15147.20551178771,14054.51573315292,248.86406701989472,528.7998023908585,556.4056624332443,268.08434223756194,3.5825435876507647,80.1258908584714,13.233267684035525,544.4390270859003,2080.012337025255,2665.761183183635,881.3519094907679,1,
lfm25,139,cap64_chunk8192_pollpm_mem0.9,64,8192,lpm,0.9,0,R_concurrent_decode,21.88667797636877,5602.989561950404,9980.32515722416,4377.335595273754,130.46797714196146,134.27158806007355,134.41596336197108,129.82989965530578,5.175928010002656,5.181115830828454,5.17558362112408,1449.5494121219965,1451.7542102374136,1452.4668205017224,1449.603723041946,1,
lfm25,139,cap64_chunk8192_pollpm_mem0.9,64,8192,lpm,0.9,0,R_long_prefill,12.040813752143778,385.3060400686009,48548.561048643714,48163.25500857511,205.64333209767935,207.44278302881867,207.65904602129007,194.54240798950195,3.260658595771078,4.558177350179082,3.626389793240495,307.0256425999105,307.4845134746284,307.52569555304945,306.9604915799573,1,
lfm25,139,cap64_chunk8192_pollpm_mem0.9,64,8192,lpm,0.9,0,R_medium_balanced,6.854049109823723,1754.6365721148732,7237.875859973852,5483.239287858979,109.06489798799156,110.63222808297724,110.94371050130576,108.83601839304902,4.131396585052797,4.276299802586436,4.124831496144408,1160.9217119403183,1198.4155884711072,1198.6336964881048,1160.668049909873,1,
lfm25,139,cap64_chunk8192_pollpm_mem0.9,64,8192,lpm,0.9,0,R_short_decode,1.6545319930417828,423.5601902186964,589.0133895228747,165.4531993041783,32.51473023556173,42.024629400111735,43.47547371406108,33.0354020697996,2.2359129854057933,2.238841402984699,2.2363889402519668,602.5409922003746,611.2139507895336,612.2915574116632,603.0346985789947,1,
lfm25,139,cap64_chunk8192_pollpm_mem0.9,64,8192,lpm,0.9,0,shared_prefix,21.420207963024893,5483.573238534373,55798.63767143158,50315.064432897205,590.783923631534,1323.862735973671,1361.6691860789433,668.5046998463804,8.847054558824382,11.468847494974147,9.030881731550656,2956.087575526908,3299.525800603442,3300.890077203512,2971.379541391798,1,
lfm25,139,cap64_chunk8192_pollpm_mem0.9,64,8192,lpm,0.9,0,tool_agent,5.272203338970762,1093.0068352187234,15151.600648751208,14058.593813532483,254.9679244402796,533.2694323267788,551.7555791698396,273.05787139572203,3.62985050466297,81.99726841412485,14.257159293220656,560.9351645689458,2120.574343157932,2677.534624030808,895.7319037872367,1,
lfm25,140,cap64_chunk8192_polfcfs_mem0.75,64,8192,fcfs,0.75,0,R_concurrent_decode,22.271841937022455,5701.591535877749,10155.959923282242,4454.368387404492,130.46961766667664,136.17885664571077,136.3507488137111,130.35432586912066,5.069003372873161,5.073266563042267,5.066084001765714,1422.171097015962,1424.6184018673375,1424.8437652783468,1422.2057463193778,1,
lfm25,140,cap64_chunk8192_polfcfs_mem0.75,64,8192,fcfs,0.75,0,R_long_prefill,9.30860219951808,297.8752703845785,37532.284068456895,37234.40879807231,288.5900652036071,319.99596452806145,320.0224840315059,268.4751335764304,4.161494611311824,7.405611889947565,4.813553371106185,417.7068960852921,418.3673669351265,418.4457014640793,417.6952880807221,1,
lfm25,140,cap64_chunk8192_polfcfs_mem0.75,64,8192,fcfs,0.75,0,R_medium_balanced,6.822993519316521,1746.686340945029,7205.081156398246,5458.394815453217,111.17388145066798,116.70004879124464,116.83994666673244,111.16972746094687,4.187276338537535,4.278248787273233,4.133914861207207,1165.491265011951,1200.921985320747,1200.930323638022,1165.318017068785,1,
lfm25,140,cap64_chunk8192_polfcfs_mem0.75,64,8192,fcfs,0.75,0,R_short_decode,1.658043736640571,424.45919657998616,590.2635702440433,165.8043736640571,32.11044194176793,39.93082030210644,40.47764014918357,32.506540534086525,2.2326425959666567,2.236048831168093,2.233021194473856,601.3139162678272,609.1061557177454,609.6256704349071,601.6473257332109,1,
lfm25,140,cap64_chunk8192_polfcfs_mem0.75,64,8192,fcfs,0.75,0,shared_prefix,21.931218385614866,5614.391906717405,57129.79586866489,51515.403961947486,688.7889679055661,1151.8727062968535,1180.5442913575098,699.1009234043304,8.366782810794664,10.788127305168729,8.62645274023902,2884.906917344779,3149.857242568396,3152.2649959288538,2898.8463721652806,1,
lfm25,140,cap64_chunk8192_polfcfs_mem0.75,64,8192,fcfs,0.75,0,tool_agent,5.215275323808211,1081.2048037552993,14987.997218456085,13906.792414700783,224.72621710039675,495.15483288560057,517.5863984925672,249.18505381559956,3.419035863455223,34.8709947895258,9.587922780330487,507.3567074723542,2134.8426304059103,2585.211263387459,861.0896220756695,1,
lfm25,141,cap64_chunk8192_polfcfs_mem0.8,64,8192,fcfs,0.8,0,R_concurrent_decode,21.79321307349529,5579.062546814796,9937.705161513852,4358.642614699059,136.18082739412785,141.89130058512092,141.98117141611874,136.06765784788877,5.173917153083226,5.182197364412394,5.170584589701749,1454.4521146453917,1456.9989477051422,1457.2875501494857,1454.5667282218346,1,
lfm25,141,cap64_chunk8192_polfcfs_mem0.8,64,8192,fcfs,0.8,0,R_long_prefill,11.625634267258322,372.0202965522663,46874.55736558556,46502.537069033286,232.99868940375745,235.09078389033675,235.12678092345595,215.48073727171868,3.290924453927625,5.310260705018956,3.86239422650467,335.1673351135105,335.963639523834,336.0730463825166,335.21495829336345,1,
lfm25,141,cap64_chunk8192_polfcfs_mem0.8,64,8192,fcfs,0.8,0,R_medium_balanced,7.045886838361898,1803.747030620646,7440.456501310165,5636.709470689519,98.1864221394062,103.11051330063492,103.20610080379991,99.30043856729752,4.052669666342291,4.1381793617106535,4.04327235335265,1130.553010618314,1157.1889269398523,1157.6209796825424,1130.334888672223,1,
lfm25,141,cap64_chunk8192_polfcfs_mem0.8,64,8192,fcfs,0.8,0,R_short_decode,1.6526158768688044,423.0696644784139,588.3312521652944,165.26158768688046,33.84153335355222,41.55921847559512,42.47793239541352,33.64727017469704,2.236015974160503,2.239935360773773,2.23618879980265,604.0256067644805,611.1426717136055,611.9229452777654,603.5951838712208,1,
lfm25,141,cap64_chunk8192_polfcfs_mem0.8,64,8192,fcfs,0.8,0,shared_prefix,20.6924849645231,5297.276150917914,53902.95337234996,48605.67722143205,789.7212377283722,1328.504106681794,1349.6676032664254,812.8037654059881,8.626713253119412,11.022342329059596,8.86218740574002,3052.947566146031,3359.2747683404014,3361.5777776157483,3072.6615538696933,1,
lfm25,141,cap64_chunk8192_polfcfs_mem0.8,64,8192,fcfs,0.8,0,tool_agent,5.258014315839909,1090.0652378883508,15110.82331179126,14020.758073902907,229.86838640645144,525.6931329146028,534.0717448852956,265.4656265024096,3.3240890758854102,67.38709220662713,10.943361492053294,498.052992625162,2088.5252483654763,2573.3677754644245,872.868042436894,1,
lfm25,142,cap64_chunk8192_polfcfs_mem0.85,64,8192,fcfs,0.85,0,R_concurrent_decode,21.855327994269917,5594.963966533098,9966.02956538708,4371.065598853982,130.35942637361586,134.20553100295365,134.36193799134344,129.7089833096834,5.169416209865435,5.1717990972832135,5.167109918992912,1447.3188382107764,1450.1774961594492,1450.2544029289857,1447.322012652876,1,
lfm25,142,cap64_chunk8192_polfcfs_mem0.85,64,8192,fcfs,0.85,0,R_long_prefill,12.502611675011089,400.0835736003549,50410.53027364471,50010.44670004436,212.55588834173977,213.61931739374995,213.65079982206225,200.72565227746964,3.172448963948315,4.52329081017524,3.5568028801090774,311.03298300877213,311.4916717866436,311.54128533322364,310.98654156085104,1,
lfm25,142,cap64_chunk8192_polfcfs_mem0.85,64,8192,fcfs,0.85,0,R_medium_balanced,6.773819673747662,1734.0978364794014,7153.1535754775305,5419.055738998129,111.05076922103764,135.58455859310925,135.6588999275118,120.03490663482808,4.200286156150932,4.26997930158441,4.129631176942448,1173.6376569606364,1198.9642271073535,1199.0820568287745,1173.0908567551523,1,
lfm25,142,cap64_chunk8192_polfcfs_mem0.85,64,8192,fcfs,0.85,0,R_short_decode,1.651667710137159,422.8269337951127,587.9937048088286,165.1667710137159,34.50681013055146,43.40302939526737,44.53955850563944,34.4145210692659,2.2323353115615308,2.23775063941026,2.233082256248612,603.4869987051934,612.2707850066945,613.2439567660913,603.5706422990188,1,
lfm25,142,cap64_chunk8192_polfcfs_mem0.85,64,8192,fcfs,0.85,0,shared_prefix,21.41313851625407,5481.763460161042,55780.2220939739,50298.45863381286,731.2394615728408,1282.7593544265255,1287.3250807449222,722.8977097729512,8.634956949847002,11.215293552434323,8.81160130173906,2954.142205649987,3260.062996041961,3262.2181061981246,2969.856041716412,1,
lfm25,142,cap64_chunk8192_polfcfs_mem0.85,64,8192,fcfs,0.85,0,tool_agent,5.27205788289378,1092.976679992124,15151.182627622533,14058.20594763041,227.42373496294024,494.2545644240453,521.5704319113865,249.3192500737496,3.347962002906591,32.99159114249045,10.2237554698124,531.7608502227813,2037.086878204718,2661.7325099557597,854.8107382166199,1,
lfm25,143,cap64_chunk8192_polfcfs_mem0.9,64,8192,fcfs,0.9,0,R_concurrent_decode,21.77562730286459,5574.560589533335,9929.686050106253,4355.125460572917,138.24914582073689,142.6962306490168,142.80699057504535,137.56337638187688,5.172262472264906,5.176968774210443,5.171087634402747,1456.0787656810137,1458.5865320637822,1459.7873588558286,1456.1907231545774,1,
lfm25,143,cap64_chunk8192_polfcfs_mem0.9,64,8192,fcfs,0.9,0,R_long_prefill,11.775158869898556,376.8050838367538,47477.44056343097,47100.635479594224,225.044199032709,227.0951089914888,227.13055360130969,211.09753102064133,3.2325365370319736,4.848309235286809,3.686558627974122,325.3754854667932,325.87220412679017,325.9042152855545,325.3808484878391,1,
lfm25,143,cap64_chunk8192_polfcfs_mem0.9,64,8192,fcfs,0.9,0,R_medium_balanced,6.349041281276295,1625.3545680067316,6704.587593027768,5079.233025021036,195.0381223578006,202.12723303120583,202.19551061745733,190.3850990056526,4.254744033895287,4.290473698090543,4.164581228956106,1252.7092243544755,1288.096972275525,1288.290899340063,1252.3533123894597,1,
lfm25,143,cap64_chunk8192_polfcfs_mem0.9,64,8192,fcfs,0.9,0,R_short_decode,1.6498261579056994,422.3554964238591,587.338112214429,164.98261579056995,36.574744153767824,45.86751707829535,46.94234271533787,36.23714332934469,2.2313696989680043,2.2360580373488994,2.2294342382753856,605.5293427780271,611.8337757186964,611.8724793801084,604.1869249893352,1,
lfm25,143,cap64_chunk8192_polfcfs_mem0.9,64,8192,fcfs,0.9,0,shared_prefix,21.167368481664724,5418.846331306169,55140.00267433903,49721.15634303285,786.4581034518778,1197.862667450681,1227.4788182694465,761.896020903805,8.678124263407845,10.804676701150392,8.77879112759176,2985.591126140207,3199.267498310656,3201.6142710717395,3000.487758439704,1,
lfm25,143,cap64_chunk8192_polfcfs_mem0.9,64,8192,fcfs,0.9,0,tool_agent,5.257449481804731,1089.9481393203478,15109.200055026751,14019.251915706403,221.8545640353113,517.7281202282757,528.1879056151956,251.0157699836418,3.3058366850139453,43.256216123700085,9.942351142835406,498.2061467599124,2047.7051856694743,2544.155591684389,849.4186156685464,1,
lfm25,144,cap96_chunk-1_pollpm_mem0.75,96,-1,lpm,0.75,0,R_concurrent_decode,21.73530565865311,5564.238248615196,9911.29938034582,4347.061131730622,142.0727230142802,143.68002461269498,144.01938552502543,137.1911555470433,5.157139305682744,5.20477194859482,5.180524158811964,1458.085497142747,1460.798126156442,1461.0554711334407,1458.224816044094,1,
lfm25,144,cap96_chunk-1_pollpm_mem0.75,96,-1,lpm,0.75,0,R_long_prefill,11.82147989381197,378.2873566019831,47664.20693184987,47285.919575247884,227.8423300012946,228.24331801384687,228.27991630882025,227.35197050496936,3.2397973756756517,3.323556964976653,3.2626755287750595,328.5702916327864,328.8926585111767,328.91301904805005,328.4949118969962,1,
lfm25,144,cap96_chunk-1_pollpm_mem0.75,96,-1,lpm,0.75,0,R_medium_balanced,6.978248363705077,1786.4315811084998,7369.030272072561,5582.5986909640615,101.27108823508024,107.64621128328145,107.7852396760136,101.68886158498935,4.121988761585717,4.138829196145868,4.067974359335779,1139.166503213346,1155.6656769244,1155.708908266388,1139.0223232156131,1,
lfm25,144,cap96_chunk-1_pollpm_mem0.75,96,-1,lpm,0.75,0,R_short_decode,1.646624749260212,421.5359358106143,586.1984107366354,164.6624749260212,37.04707231372595,43.43358199112117,43.58031666837633,36.221026559360325,2.233518772375058,2.235876989047051,2.2334740169853764,606.4179972745478,612.1052833041176,612.2620864538476,605.4773121722974,1,
lfm25,144,cap96_chunk-1_pollpm_mem0.75,96,-1,lpm,0.75,0,shared_prefix,17.1055250856579,4379.014421928422,44559.09102665044,40180.07660472202,1157.80964307487,1808.3551721414551,1848.9388387696815,1139.859802129649,10.064973621903096,12.970863027479863,10.128372060460284,3710.778242908418,3823.275207867846,3824.706972814165,3722.594677547022,1,
lfm25,144,cap96_chunk-1_pollpm_mem0.75,96,-1,lpm,0.75,0,tool_agent,5.253983728292898,1089.229636631042,15099.239947310469,14010.010310679423,324.2501695640385,539.2834028229117,540.8381932089105,320.7843350968324,3.283681279862167,38.30268499441444,7.336009276581112,512.9072065465152,2095.328729529865,2540.1510624680604,900.1710219727829,1,
lfm25,145,cap96_chunk-1_pollpm_mem0.8,96,-1,lpm,0.8,0,R_concurrent_decode,21.851980320507423,5594.106962049901,9964.503026151386,4370.3960641014855,132.42436153814197,136.54562297742814,136.74222600180656,131.86530106759164,5.177923738408614,5.184051811183784,5.177638797984257,1451.90435834229,1454.3035617563874,1454.9291717354208,1452.1631945535771,1,
lfm25,145,cap96_chunk-1_pollpm_mem0.8,96,-1,lpm,0.8,0,R_long_prefill,12.186587028638732,389.9707849164394,49136.31889947136,48746.34811455492,222.78368240222332,223.25626786332575,223.2990894978866,222.18542045447973,3.1469774342352346,3.2466130962054573,3.175949670314308,320.6876718904823,321.0263190092519,321.0466998303309,320.6398602342233,1,
lfm25,145,cap96_chunk-1_pollpm_mem0.8,96,-1,lpm,0.8,0,R_medium_balanced,6.81669437925328,1745.0737610888395,7198.429264491463,5453.355503402623,105.96894123591484,115.1877010706812,115.32847066409886,107.88187480648048,4.184404887514664,4.270752125839685,4.132965953755832,1161.7182032205164,1193.9381301635876,1194.0966188209131,1161.7881930142175,1,
lfm25,145,cap96_chunk-1_pollpm_mem0.8,96,-1,lpm,0.8,0,R_short_decode,1.6525760543992625,423.0594699262112,588.3170753661375,165.25760543992627,34.63090839795768,43.96982707548887,46.039261356927454,33.93384738592431,2.2343492290625973,2.2422911859781323,2.2352724479948787,604.3956077191979,613.1901621818542,615.1073763519526,603.6480196053162,1,
lfm25,145,cap96_chunk-1_pollpm_mem0.8,96,-1,lpm,0.8,0,shared_prefix,17.535350175638495,4489.049644963455,45678.76523799879,41189.71559303534,1079.7569840215149,1695.4407354583964,1699.337335950695,1085.2622662787326,9.902059768929202,12.73178861923881,9.981612046591607,3622.25616700016,3661.457697465085,3662.480046194978,3630.573338159593,1,
lfm25,145,cap96_chunk-1_pollpm_mem0.8,96,-1,lpm,0.8,0,tool_agent,5.253313682680863,1089.0907261249831,15097.31432667764,14008.223600552656,322.8645652998239,532.970998971723,546.6532497899607,322.13016727473587,3.3087762758920065,37.221811292693005,7.441562195883144,543.8797329552472,2090.195538336411,2629.6897061029395,906.1730748857372,1,
lfm25,146,cap96_chunk-1_pollpm_mem0.85,96,-1,lpm,0.85,0,R_concurrent_decode,22.071486051055697,5650.300429070258,10064.597639281395,4414.297210211139,128.35092190653086,132.47093146201223,132.7151387091726,126.60415470600128,5.122519838715009,5.146535179559507,5.129480507058164,1434.522503055632,1436.7643869947642,1438.0856355139986,1434.6216840058332,1,
lfm25,146,cap96_chunk-1_pollpm_mem0.85,96,-1,lpm,0.85,0,R_long_prefill,8.357414863115672,267.4372756197015,33697.09672808239,33429.659452462685,367.3022298607975,367.7956737112254,367.8344956692308,347.2816306166351,3.1398321246548044,5.386312642405109,3.797690124971973,465.0172388646752,465.8204636070877,465.91480751521885,465.0100244907662,1,
lfm25,146,cap96_chunk-1_pollpm_mem0.85,96,-1,lpm,0.85,0,R_medium_balanced,6.917511561054221,1770.8829596298806,7304.892208473257,5534.009248843377,113.91404550522566,154.3479422107339,154.42976634949446,129.80252839042805,4.003012474334123,4.321515234187245,4.003346055933256,1150.8511579595506,1246.5224398765713,1246.8632441479713,1150.6557726534083,1,
lfm25,146,cap96_chunk-1_pollpm_mem0.85,96,-1,lpm,0.85,0,R_short_decode,1.6532397943433446,423.2293873518962,588.5533667862306,165.32397943433446,36.2615967169404,41.8747273972258,42.16118085663766,36.15366778103635,2.2230126639353296,2.22873427567741,2.223658461534008,603.2235792372376,608.1140264403075,608.5476543661207,602.9078238643706,1,
lfm25,146,cap96_chunk-1_pollpm_mem0.85,96,-1,lpm,0.85,0,shared_prefix,17.503141002876568,4480.804096736401,45594.86185275894,41114.05775602254,1111.1733529251069,1677.964784647338,1701.6217933315784,1088.7932384757733,9.916228451309545,12.904071646158163,9.995844309157167,3639.7277375217527,3649.611560278572,3652.2637684550136,3637.733537310851,1,
lfm25,146,cap96_chunk-1_pollpm_mem0.85,96,-1,lpm,0.85,0,tool_agent,5.252410051018495,1088.9033897268994,15094.717411270269,14005.814021543369,328.81956454366446,542.0575635973364,544.9796837056056,325.05100801121444,3.3151539973914623,29.497450991007177,7.128062159388819,505.5940537713468,2104.475612472743,2542.249442534514,906.641764654778,1,
lfm25,147,cap96_chunk-1_pollpm_mem0.9,96,-1,lpm,0.9,0,R_concurrent_decode,21.75507334231148,5569.298775631738,9920.313444094034,4351.014668462295,138.5337933897972,140.6367517542094,140.77970647253096,133.87171998328995,5.15877521122057,5.206689997941402,5.1805599239385485,1454.8386740498245,1457.9044088488445,1458.425665446557,1454.9145005876198,1,
lfm25,147,cap96_chunk-1_pollpm_mem0.9,96,-1,lpm,0.9,0,R_long_prefill,11.662265644376443,373.1925006200463,47022.25507812583,46649.06257750578,228.787065949291,229.22419786918908,229.26898455712944,228.23928180150688,3.23928975980849,3.3380405774580373,3.265371613745247,329.3916597031057,330.0521867349744,330.10522071272135,329.46580182760954,1,
lfm25,147,cap96_chunk-1_pollpm_mem0.9,96,-1,lpm,0.9,0,R_medium_balanced,7.086828013696246,1814.2279715062389,7483.690382463235,5669.462410956997,108.6207355838269,120.71600602939724,120.90879874303936,108.202229894232,3.990001357434427,4.096266279624056,3.986029534104728,1122.9951945133507,1161.1165199428797,1161.4661112427711,1122.84795960295,1,
lfm25,147,cap96_chunk-1_pollpm_mem0.9,96,-1,lpm,0.9,0,R_short_decode,1.6486263170562938,422.0483371664112,586.9109688720406,164.86263170562938,34.79720698669553,42.23301336169243,42.47039310634136,34.38839840237051,2.2328693291866317,2.236173281553797,2.2335196166368734,604.5501960907131,611.8072450859472,611.8387001147494,603.6563355010003,1,
lfm25,147,cap96_chunk-1_pollpm_mem0.9,96,-1,lpm,0.9,0,shared_prefix,16.54714646217663,4236.0694943172175,43104.540886479714,38868.47139216249,1273.6268963199109,2011.6970306495205,2037.338165007532,1255.827599336044,10.16621991133719,12.957785300928736,10.151550608148396,3821.6304322704673,4036.227299459279,4038.948526270688,3844.473004413885,1,
lfm25,147,cap96_chunk-1_pollpm_mem0.9,96,-1,lpm,0.9,0,tool_agent,5.252205463394705,1088.860975643673,15094.129454058822,14005.26847841515,326.3732953928411,537.5212707789615,540.831706142053,321.7346082581207,3.283054728355616,37.88287127390503,7.25032408319931,511.1119577195496,2095.081966486759,2545.823338641779,904.293363422621,1,
lfm25,148,cap96_chunk-1_polfcfs_mem0.75,96,-1,fcfs,0.75,0,R_concurrent_decode,21.372961098767963,5471.478041284599,9746.07026103819,4274.592219753593,183.0264136660844,184.76730254478755,185.00814685598016,177.5196728121955,5.0999706391902535,5.152990714025994,5.125647827619961,1484.5384133514017,1486.8812748230994,1487.4104206683114,1484.5598688552857,1,
lfm25,148,cap96_chunk-1_polfcfs_mem0.75,96,-1,fcfs,0.75,0,R_long_prefill,12.426688244383914,397.65402382028526,50104.40700135594,49706.75297753566,212.92790048755705,213.1778655340895,213.20672671776265,212.91244600433856,3.207087006059385,3.225370871293689,3.2092746827871568,312.4678526073694,312.99600563943386,313.04373890161514,312.3999611707404,1,
lfm25,148,cap96_chunk-1_polfcfs_mem0.75,96,-1,fcfs,0.75,0,R_medium_balanced,7.102212851654206,1818.1664900234769,7499.936771346841,5681.7702813233645,95.92905989848076,101.20124672539532,101.35731720365584,96.96476452518256,4.009389819796471,4.141797502433844,4.003506494736226,1117.793979588896,1156.3834099797532,1156.7676819628105,1117.85892068292,1,
lfm25,148,cap96_chunk-1_polfcfs_mem0.75,96,-1,fcfs,0.75,0,R_short_decode,1.6432138143134942,420.6627364642545,584.984117895604,164.3213814313494,36.544934613630176,47.97851198818535,48.79142473917455,37.42669912753627,2.2329027636670595,2.2377907960870203,2.233472864588722,605.351556558162,617.1577324159443,618.2269616611302,606.6824645386077,1,
lfm25,148,cap96_chunk-1_polfcfs_mem0.75,96,-1,fcfs,0.75,0,shared_prefix,17.723520937113772,4537.221359901126,46168.941251137454,41631.71989123632,1072.7942795492709,1627.3609454743564,1663.6408991646022,1056.1393482421408,9.927083980109469,12.671012014661937,9.945001123360628,3588.2669361308217,3610.523845930584,3612.623440874741,3592.114634699101,1,
lfm25,148,cap96_chunk-1_polfcfs_mem0.75,96,-1,fcfs,0.75,0,tool_agent,5.254228516775977,1089.2803849554116,15099.943436364392,14010.66305140898,325.4531226120889,552.5933132506907,579.2845396324992,331.37123440857977,3.329683095216751,37.091328203678096,7.6341024871538385,564.5211648661643,2106.9463294697925,2626.154806697735,918.9631504798308,1,
lfm25,149,cap96_chunk-1_polfcfs_mem0.8,96,-1,fcfs,0.8,0,R_concurrent_decode,21.805925731186704,5582.316987183796,9943.502133421138,4361.185146237341,149.6520102955401,155.66633762791753,155.81443464849144,149.72898790438194,5.128202683237546,5.135692795373353,5.120825680205599,1455.3201980888844,1458.5159314097837,1458.748054075986,1455.5395363568095,1,
lfm25,149,cap96_chunk-1_polfcfs_mem0.8,96,-1,fcfs,0.8,0,R_long_prefill,9.104756724050771,291.3522151696247,36710.37911137271,36419.02689620308,333.2286183722317,333.54673886206,333.5727899847552,317.0935391681269,3.1510653545058545,4.9587100646608775,3.680439406795608,431.0236636083573,431.81131810415536,431.91668136511,431.1871607787907,1,
lfm25,149,cap96_chunk-1_polfcfs_mem0.8,96,-1,fcfs,0.8,0,R_medium_balanced,7.065002761214712,1808.640706870966,7460.642915842735,5652.002208971769,95.3703022096306,114.79776666965336,114.81331314425915,102.63764765113592,4.057098461278514,4.148768135529084,4.008500958683298,1124.887268524617,1152.0568181294948,1152.4079410824925,1124.805392115377,1,
lfm25,149,cap96_chunk-1_polfcfs_mem0.8,96,-1,fcfs,0.8,0,R_short_decode,1.661024825330056,425.2223552844944,591.3248378175,166.10248253300563,34.29759480059147,46.59518925473093,50.47127930447459,33.27089257072657,2.2298784451741795,2.233749489974037,2.226437643090266,602.8474243357778,607.8122936189175,608.9396824687719,600.4586631897837,1,
lfm25,149,cap96_chunk-1_polfcfs_mem0.8,96,-1,fcfs,0.8,0,shared_prefix,17.631802219187893,4513.741368112101,45930.01829025544,41416.27692214333,1100.5834590177983,1647.4523068638518,1667.022607862018,1064.3317960166314,9.851394217534391,12.724393914618036,9.964833869390514,3605.593105079606,3619.711101357825,3622.268520197831,3605.364432711213,1,
lfm25,149,cap96_chunk-1_polfcfs_mem0.8,96,-1,fcfs,0.8,0,tool_agent,5.252893128233803,1089.003538879791,15096.105709971638,14007.102171091849,313.6206513736397,526.1541166342795,535.7798351021484,314.7844134946354,3.296057765646545,36.25156935304403,7.422362515598317,502.60078231804073,2087.854385212995,2522.139004720371,893.5940438089892,1,
lfm25,150,cap96_chunk-1_polfcfs_mem0.85,96,-1,fcfs,0.85,0,R_concurrent_decode,22.25229706768453,5696.58804932724,10147.047462864146,4450.459413536906,131.7233166191727,139.77591085713357,139.81773590669036,132.96198649914004,5.072497237729383,5.082280207060132,5.064852644036543,1424.7067482210696,1426.310483040288,1426.4722126489503,1424.4994107284583,1,
lfm25,150,cap96_chunk-1_polfcfs_mem0.85,96,-1,fcfs,0.85,0,R_long_prefill,12.288144189191918,393.2206140541414,49545.79737082181,49152.57675676767,217.01198583468795,217.4317907774821,217.470373515971,216.71789523679763,3.177561016092377,3.2449779175822777,3.1969701052613315,315.79036032781005,316.26878320239484,316.3158312719316,315.8239684998989,1,
lfm25,150,cap96_chunk-1_polfcfs_mem0.85,96,-1,fcfs,0.85,0,R_medium_balanced,6.466130625625409,1655.3294401601047,6828.233940660432,5172.904500500327,144.81758954934776,228.07858185842636,228.29733164981008,165.45152658363804,4.257372009805312,4.27906157302798,4.174457414888357,1230.2423401270062,1241.3410671288148,1241.7067050235346,1229.938167380169,1,
lfm25,150,cap96_chunk-1_polfcfs_mem0.85,96,-1,fcfs,0.85,0,R_short_decode,1.6693137207960371,427.3443125237855,594.2756846033892,166.9313720796037,30.874551041051745,37.124114972539246,37.19249273184687,30.896962736733258,2.2232887042942,2.226077830875475,2.223591533414683,598.2632560189813,603.2209428492934,603.4026640374213,597.6346913375892,1,
lfm25,150,cap96_chunk-1_polfcfs_mem0.85,96,-1,fcfs,0.85,0,shared_prefix,17.68153753237892,4526.473608289003,46059.57644977525,41533.10284148625,1079.4418959412724,1633.893353235908,1654.1017808625477,1058.5612973482057,9.896144882648017,12.852465352591349,9.96632538554681,3602.824653033167,3613.7012710794806,3615.415517934598,3599.974270662642,1,
lfm25,150,cap96_chunk-1_polfcfs_mem0.85,96,-1,fcfs,0.85,0,tool_agent,5.254391625005719,1089.3141997380606,15100.41218739706,14011.097987659,314.6896809339524,534.7093083662912,545.4328153189272,316.82640250306576,3.27152934183214,36.72730620019137,7.355258668405044,504.7668660990894,2103.448428330012,2558.213626509526,900.1186418673024,1,
lfm25,151,cap96_chunk-1_polfcfs_mem0.9,96,-1,fcfs,0.9,0,R_concurrent_decode,21.95162178824824,5619.615177791549,10009.939535441195,4390.324357649648,135.10227063670754,137.89069652557373,137.96009886544198,133.47802429052535,5.122976655177041,5.131992713420415,5.118414478698362,1437.791816657409,1443.4099223231897,1443.6770938243717,1438.6737163586076,1,
lfm25,151,cap96_chunk-1_polfcfs_mem0.9,96,-1,fcfs,0.9,0,R_long_prefill,12.608215962987773,403.4629108156087,50836.3267627667,50432.86385195109,206.446026917547,206.8866595160216,206.93262464366853,205.72702877689156,3.2478051650668345,3.368176108286266,3.2797043189226143,307.3195083998144,308.06623029056937,308.122536172159,307.39786266349256,1,
lfm25,151,cap96_chunk-1_polfcfs_mem0.9,96,-1,fcfs,0.9,0,R_medium_balanced,6.665892431980113,1706.468462586909,7039.182408171,5332.713945584091,135.88296039961278,225.5954067222774,225.6268366239965,169.3029818998184,4.146933286249929,4.28931875674821,4.013574090284094,1193.21324583143,1216.927222441882,1217.7129621617496,1192.7643749222625,1,
lfm25,151,cap96_chunk-1_polfcfs_mem0.9,96,-1,fcfs,0.9,0,R_short_decode,1.624270369700603,415.8132146433544,578.2402516134147,162.4270369700603,38.20341499522328,85.26374956127253,104.72650192212312,45.00920919235796,2.2307984667884955,2.235893666422432,2.231511039552545,607.183396583423,653.6362339975312,672.9180459165946,613.7648666044697,1,
lfm25,151,cap96_chunk-1_polfcfs_mem0.9,96,-1,fcfs,0.9,0,shared_prefix,17.60318021454817,4506.414134924332,45855.45930982543,41349.0451749011,1080.8858606033027,1654.573249677196,1680.2197438292203,1071.8575723585673,9.926653391334648,12.82194137436283,9.966026339637155,3608.372531831265,3631.8489290308207,3634.111074367538,3613.194288966042,1,
lfm25,151,cap96_chunk-1_polfcfs_mem0.9,96,-1,fcfs,0.9,0,tool_agent,5.250546944018919,1088.5171396992823,15089.363093272932,14000.84595357365,307.7175235375762,536.7925921920687,549.288666783832,319.36265629483387,3.3061917790252227,39.22399790026248,7.484548170426359,503.908327780664,2098.3712319750334,2556.94169899448,904.3667247472332,1,
lfm25,152,cap96_chunk2048_pollpm_mem0.75,96,2048,lpm,0.75,0,R_concurrent_decode,21.57636493499885,5523.5494233597055,9838.822410359477,4315.272986999769,137.67100032418966,164.74774947855622,165.61487934086472,133.72810395958368,5.231261933587637,5.374526766256667,5.245593701051,1471.4398994110525,1474.079510010779,1474.9163786089048,1471.3544977275888,1,
lfm25,152,cap96_chunk2048_pollpm_mem0.75,96,2048,lpm,0.75,0,R_long_prefill,11.800937425249284,377.6299976079771,47581.37969860512,47203.74970099714,169.48170377872884,227.48685835395008,231.39674220699817,161.93572361953557,5.153066681457624,7.874227537503165,5.3997243897268365,329.2267709039152,329.9212703248486,329.97827391605824,329.3271797010675,1,
lfm25,152,cap96_chunk2048_pollpm_mem0.75,96,2048,lpm,0.75,0,R_medium_balanced,6.894689282200955,1765.0404562434444,7280.791882004208,5515.751425760764,130.95228257589042,133.72208608780056,133.81468516308814,115.25729583809152,4.140696622540846,4.482172552824897,4.075764680358891,1154.8884538933637,1233.137381146662,1233.4819530835375,1154.577289329609,1,
lfm25,152,cap96_chunk2048_pollpm_mem0.75,96,2048,lpm,0.75,0,R_short_decode,1.6513902171760655,422.7558955970728,587.8949173146794,165.13902171760657,35.27284855954349,45.26427418459207,46.519114137627184,35.24403419578448,2.228838745869842,2.234589195223167,2.2302711338149317,603.8670560810715,613.4594397619367,614.8103922232985,603.6836595158093,1,
lfm25,152,cap96_chunk2048_pollpm_mem0.75,96,2048,lpm,0.75,0,shared_prefix,24.57218614029067,6290.479651914411,64009.39307423187,57718.913422317455,336.705693975091,859.2672426253553,916.2686785729602,425.0186278586625,8.133960001207159,9.803792684631167,8.478367440165682,2571.106912568212,2833.958912361413,2835.393650960177,2587.0023251009115,1,
lfm25,152,cap96_chunk2048_pollpm_mem0.75,96,2048,lpm,0.75,0,tool_agent,5.27436284929058,1093.4545341006765,15157.806789876471,14064.352255775795,169.0320319030434,588.6941772885618,691.8839784106236,215.55684027262032,5.210768036154467,153.88523479923606,31.85131048596908,669.6574003435671,2203.3474099123846,2880.405771397049,942.1970107359812,1,
lfm25,153,cap96_chunk2048_pollpm_mem0.8,96,2048,lpm,0.8,0,R_concurrent_decode,21.69361686368193,5553.565917102575,9892.289289838962,4338.723372736386,151.31577919237316,158.23639524169266,158.44981977716088,136.93382221390493,5.1271985869343375,5.272164883859017,5.184856114632852,1458.8993825018406,1462.0104674249887,1462.4994730344042,1459.072131445282,1,
lfm25,153,cap96_chunk2048_pollpm_mem0.8,96,2048,lpm,0.8,0,R_long_prefill,10.692181810656384,342.1498179410043,43110.87706056654,42768.72724262554,191.24214723706243,252.99158417619765,257.4585968721658,177.8223868459463,5.389593211152861,8.871880012954916,5.821090443210016,358.31953678280115,358.8938053697348,358.9637687802315,358.2761905854568,1,
lfm25,153,cap96_chunk2048_pollpm_mem0.8,96,2048,lpm,0.8,0,R_medium_balanced,6.856855204574139,1755.3549323709797,7240.839096030291,5485.484163659312,120.50879397429526,149.4932232890278,149.55596295185387,118.52367807296103,4.124682573784216,4.50238922163479,4.073393110793047,1157.2879799641669,1250.182551331818,1250.5936400964856,1157.238921325188,1,
lfm25,153,cap96_chunk2048_pollpm_mem0.8,96,2048,lpm,0.8,0,R_short_decode,1.6504617198312077,422.5182002767891,587.5643722599099,165.04617198312076,32.42269204929471,48.07168459519743,50.21637758240104,35.159081453457475,2.23136101027622,2.241317316725412,2.232083024483734,602.4620637763292,615.9646378131583,618.4868178749457,604.0612090728246,1,
lfm25,153,cap96_chunk2048_pollpm_mem0.8,96,2048,lpm,0.8,0,shared_prefix,23.6626687103826,6057.643189857945,61640.14280295087,55582.49961309292,375.59141335077584,881.1197976348918,965.921889478341,457.9067643389863,8.357744957959536,10.180519138572407,8.742262971103557,2674.736328423023,2939.5392297767103,2941.0889687761664,2687.183821970393,1,
lfm25,153,cap96_chunk2048_pollpm_mem0.8,96,2048,lpm,0.8,0,tool_agent,5.247882771861255,1087.964816848416,15081.706622155045,13993.741805306629,172.9748109355569,576.7065417021512,645.1052726944906,214.97314541600645,5.975143260959732,155.06057059392333,30.53817995665636,649.7726005036384,2228.5982485860586,2805.006987941445,942.5146974204108,1,
lfm25,154,cap96_chunk2048_pollpm_mem0.85,96,2048,lpm,0.85,0,R_concurrent_decode,21.948331322782845,5618.772818632408,10008.439083188978,4389.666264556569,147.17030222527683,153.2459226436913,153.3926490182057,134.98248779796995,5.07885553673202,5.201111400463417,5.127198710711216,1442.3273724969476,1445.1596934581175,1445.2999078063294,1442.41815902933,1,
lfm25,154,cap96_chunk2048_pollpm_mem0.85,96,2048,lpm,0.85,0,R_long_prefill,11.61570616132077,371.7025971622646,46834.52724244534,46462.82464528308,172.03349038027227,234.0505185769871,238.44621977303177,165.4363664565608,5.243438326062695,7.993975564867498,5.465163522580219,334.92887672036886,335.3994833538309,335.4484232189134,334.85643565654755,1,
lfm25,154,cap96_chunk2048_pollpm_mem0.85,96,2048,lpm,0.85,0,R_medium_balanced,6.347640625763195,1624.996000195378,6703.108500805934,5078.112500610557,149.62228131480515,238.9120787847787,239.0485277865082,147.06309427856468,4.319820875375002,4.546816998124853,4.343996773697619,1254.92249452509,1259.0761536266657,1259.512613294646,1254.7822715714574,1,
lfm25,154,cap96_chunk2048_pollpm_mem0.85,96,2048,lpm,0.85,0,R_short_decode,1.6504489362646635,422.5149276837539,587.5598213102203,165.04489362646638,34.854949451982975,56.37489596847443,62.63476379681378,38.04067231249064,2.2229033969707936,2.226195189039907,2.2226671289701976,601.8500465434045,622.9819904081523,629.5960639975965,604.542352783028,1,
lfm25,154,cap96_chunk2048_pollpm_mem0.85,96,2048,lpm,0.85,0,shared_prefix,23.99047154821594,6141.560716343281,62494.0538297487,56352.49311340542,409.7059154883027,877.817691955715,940.1935994019732,459.14504883330665,8.389234694414863,9.898122587405584,8.58092763219782,2630.8826657477766,2866.5279808454216,2868.5040765069425,2647.2815950437507,1,
lfm25,154,cap96_chunk2048_pollpm_mem0.85,96,2048,lpm,0.85,0,tool_agent,5.274980973209996,1093.5826804610303,15159.583194574148,14066.000514113117,164.6265620365739,561.9501496199512,664.0185843175275,212.20950504299253,5.095719431455319,210.08553006686267,34.204030573798015,648.5763364471495,2182.644925802014,2776.7077408311825,947.341886155773,1,
lfm25,155,cap96_chunk2048_pollpm_mem0.9,96,2048,lpm,0.9,0,R_concurrent_decode,19.450841131083585,4979.415329557398,8869.583555774114,3890.168226216717,179.7461260575801,251.19533310644323,292.4693410238251,185.69863445009105,5.667749741205983,5.821463788731718,5.645876849245956,1624.5956849306822,1631.7933802958578,1633.133774232119,1625.3972310078098,1,
lfm25,155,cap96_chunk2048_pollpm_mem0.9,96,2048,lpm,0.9,0,R_long_prefill,11.968469572242428,382.9910263117577,48256.869315281474,47873.87828896971,163.641412043944,219.41536949016157,222.97786419279876,155.45247052796185,5.198314034890744,7.90908761217349,5.466017030900525,324.88742796704173,325.20676942076534,325.2359106717631,324.8989984858781,1,
lfm25,155,cap96_chunk2048_pollpm_mem0.9,96,2048,lpm,0.9,0,R_medium_balanced,6.789515401256013,1738.115942721539,7169.728263726351,5431.612321004811,125.98015763796866,127.29474168736488,127.68683845642954,111.78171672509052,4.158417926188193,4.306451991821328,4.150898255722816,1170.582732884213,1187.559454003349,1187.5851534772664,1170.2607719344087,1,
lfm25,155,cap96_chunk2048_pollpm_mem0.9,96,2048,lpm,0.9,0,R_short_decode,1.6516873288223115,422.83195617851175,588.000689060743,165.16873288223115,34.654800314456224,44.70205164980143,44.932116656564176,35.28900048695505,2.231833472957506,2.23515832868228,2.231852109783388,603.7723359186202,612.8349374048412,612.9733177833259,604.1317519266158,1,
lfm25,155,cap96_chunk2048_pollpm_mem0.9,96,2048,lpm,0.9,0,shared_prefix,25.288215643711176,6473.783204790061,65874.61636675932,59400.83316196925,340.5382614582777,761.8441926548254,810.1848391909152,407.9259678510425,7.991113281790533,9.328722832450532,8.256840228597296,2499.3075048550963,2714.098326931708,2715.707907611504,2513.420226143353,1,
lfm25,155,cap96_chunk2048_pollpm_mem0.9,96,2048,lpm,0.9,0,tool_agent,5.236181037778418,1085.5388718470326,15048.077418135072,13962.53854628804,174.39491976983845,583.8634091662241,686.4171041548246,217.6216118480079,5.8381312393716405,147.00306421145797,30.20777620588954,648.8574447575957,2224.6127497171983,2750.0253643281694,945.0807508267462,1,
lfm25,156,cap96_chunk2048_polfcfs_mem0.75,96,2048,fcfs,0.75,0,R_concurrent_decode,22.020888239222163,5637.347389240874,10041.525037085306,4404.177647844433,142.33329822309315,148.4566735336557,148.57902540825307,128.3233644790016,5.071900847057501,5.212584539207027,5.128464720545191,1435.9797982033342,1439.3449077848345,1439.5747189503163,1436.0818682180252,1,
lfm25,156,cap96_chunk2048_polfcfs_mem0.75,96,2048,fcfs,0.75,0,R_long_prefill,8.293747982076647,265.3999354264527,33440.39186373304,33174.99192830659,220.35366017371416,352.7559904847293,367.1657291520387,221.47705196402967,8.079611576132235,12.25248778449191,8.038314739091982,470.8216190338135,471.5979832690209,471.65115303359926,470.66480887588114,1,
lfm25,156,cap96_chunk2048_polfcfs_mem0.75,96,2048,fcfs,0.75,0,R_medium_balanced,6.610297214217527,1692.236086839687,6980.47385821371,5288.237771374023,129.4119532685727,149.39261716790497,150.41615539230406,120.38274717633612,4.278155801562118,4.47089316359922,4.234927495160853,1200.2875295002011,1231.0485917842016,1231.5148398978636,1200.2892584423537,1,
lfm25,156,cap96_chunk2048_polfcfs_mem0.75,96,2048,fcfs,0.75,0,R_short_decode,1.6488913332444035,422.1161813105673,587.0053146350076,164.88913332444037,36.14829108119011,43.16021574195474,43.79582084249705,35.43961560353637,2.232871511403252,2.236854547949044,2.2330527648415863,605.6233390700072,611.9589041685686,612.4033041251823,604.58826640388,1,
lfm25,156,cap96_chunk2048_polfcfs_mem0.75,96,2048,fcfs,0.75,0,shared_prefix,23.334364181145748,5973.597230373312,60784.92489356368,54811.32766319037,478.60842291265726,966.3490684702992,986.2250657053664,561.4785520556325,8.33611062764391,10.161918738729083,8.461571030855731,2692.561623174697,2995.86550493259,2998.12275162898,2719.179164923844,1,
lfm25,156,cap96_chunk2048_polfcfs_mem0.75,96,2048,fcfs,0.75,0,tool_agent,5.240201843437294,1086.3724451722026,15059.63267078992,13973.260225617716,197.68593879416585,539.348290930502,633.8591567799448,235.67809633677825,3.7875433689457374,111.13791922107336,19.252033511063072,591.5371463634074,2150.341119850053,2654.041765802534,923.0730945034884,1,
lfm25,157,cap96_chunk2048_polfcfs_mem0.8,96,2048,fcfs,0.8,0,R_concurrent_decode,21.688136215901523,5552.16287127079,9889.790114451094,4337.6272431803045,153.90665805898607,161.3870753441006,161.56870359554887,141.43917280307505,5.11507248031158,5.256458447205231,5.165829396847745,1458.5798957850784,1461.9362686760724,1462.1674828696996,1458.72566899925,1,
lfm25,157,cap96_chunk2048_polfcfs_mem0.8,96,2048,fcfs,0.8,0,R_long_prefill,10.725667051700237,343.2213456544075,43245.88955245535,42902.66820680094,199.880039319396,258.5311706876382,262.481377418153,184.2225939035416,5.258091132066422,8.895289964012559,5.769175789018552,362.9296144936234,363.74758242163807,363.8252482982352,363.0670433631167,1,
lfm25,157,cap96_chunk2048_polfcfs_mem0.8,96,2048,fcfs,0.8,0,R_medium_balanced,6.871213292065771,1759.0306027688373,7256.001236421453,5496.970633652617,128.26004065573215,139.8191535845399,139.90583810955286,117.75960607337764,4.136964467847172,4.475141102539411,4.078608593908047,1157.861051382497,1238.0737074417991,1238.28608894255,1157.8047975199297,1,
lfm25,157,cap96_chunk2048_polfcfs_mem0.8,96,2048,fcfs,0.8,0,R_short_decode,1.6542267751047677,423.4820544268205,588.9047319372972,165.42267751047677,36.869100062176585,37.47448653448373,37.50388538930565,33.656178624369204,2.23241193110452,2.236184882262073,2.2327246194398667,605.5413747671992,606.6884118597955,606.7378912027925,602.7213199413382,1,
lfm25,157,cap96_chunk2048_polfcfs_mem0.8,96,2048,fcfs,0.8,0,shared_prefix,23.49679773849689,6015.180221055205,61208.05669639042,55192.876475335215,472.41354547441006,931.0239017708228,1001.0328517155722,532.3456957521557,8.425861940372222,10.182102265146872,8.519656830150565,2693.351987982169,2951.334185618907,2953.753085271456,2704.85818744055,1,
lfm25,157,cap96_chunk2048_polfcfs_mem0.8,96,2048,fcfs,0.8,0,tool_agent,5.242281211051454,1086.8035292691322,15065.608492598389,13978.804963329256,194.5076051633805,543.0652185808866,638.7074530869721,235.689533543773,3.831509623284403,113.0572209134698,19.333245705333148,600.1418023370206,2161.02033292409,2667.0126269292027,925.2774581243284,1,
lfm25,158,cap96_chunk2048_polfcfs_mem0.85,96,2048,fcfs,0.85,0,R_concurrent_decode,21.060796554628496,5391.563917984895,9603.723228910594,4212.159310925699,138.39037623256445,173.8766536815092,175.13258854858577,138.60291385208257,5.354136484218579,5.508949805927627,5.354140841746794,1503.627529134974,1506.7900941707194,1506.9188867835328,1503.908828497515,1,
lfm25,158,cap96_chunk2048_polfcfs_mem0.85,96,2048,fcfs,0.85,0,R_long_prefill,11.898113476166891,380.7396312373405,47973.19353590491,47592.45390466756,181.8368211388588,229.2567854747176,229.52588591724637,166.4459278108552,4.709338033271413,7.938707366796029,5.207103628274655,327.8367039747536,328.1877478584647,328.2043742015958,327.8661402873695,1,
lfm25,158,cap96_chunk2048_polfcfs_mem0.85,96,2048,fcfs,0.85,0,R_medium_balanced,6.343561047917518,1623.9516282668849,6698.800466600899,5074.848838334015,142.5138625781983,220.47774493694305,220.6097275018692,139.19389754300937,4.3311640035872365,4.581945337464704,4.373611537305931,1254.5192611869425,1262.7448763232678,1263.2205632980913,1254.4648395560216,1,
lfm25,158,cap96_chunk2048_polfcfs_mem0.85,96,2048,fcfs,0.85,0,R_short_decode,1.663272431750638,425.7977425281633,592.1249857032271,166.3272431750638,32.681965036317706,41.8997231638059,42.84495025407523,33.4364547743462,2.2204797249287367,2.2250523564791957,2.220978644942049,599.2978783324361,607.4178282637149,608.3405090216547,599.5077169500291,1,
lfm25,158,cap96_chunk2048_polfcfs_mem0.85,96,2048,fcfs,0.85,0,shared_prefix,23.516330342239204,6020.180567613236,61258.93821354833,55238.7576459351,487.5536479521543,927.6256774319336,933.2514257822186,530.5118362339272,8.446500912381737,10.103090675639026,8.51877914970186,2688.220116076991,2919.499871204607,2921.20937211439,2702.800519407901,1,
lfm25,158,cap96_chunk2048_polfcfs_mem0.85,96,2048,fcfs,0.85,0,tool_agent,5.2436597501275095,1087.089321097685,15069.570227800194,13982.480906702507,189.2599572893232,551.7628232948482,631.2901115324348,233.4667248884216,3.836918944205514,111.75315747968853,18.996177410441263,610.4719643481076,2158.3092088578264,2680.718039292836,920.4737885389476,1,
lfm25,159,cap96_chunk2048_polfcfs_mem0.9,96,2048,fcfs,0.9,0,R_concurrent_decode,19.16063986837348,4905.12380630361,8737.251779978305,3832.127973674695,211.7167429532856,272.44095818605274,322.7117482898758,218.97144585091155,5.669123180867995,5.910850006027841,5.639085042982034,1656.844918616116,1659.7556975437328,1660.087705636397,1656.93813181133,1,
lfm25,159,cap96_chunk2048_polfcfs_mem0.9,96,2048,fcfs,0.9,0,R_long_prefill,10.968889589041664,351.00446684933326,44226.56282301599,43875.55835616665,190.78206503763795,251.72719389665872,256.03492266032845,176.73587542958558,5.330430922068415,8.844503935336345,5.7826156975821625,356.0254236217588,356.2595135066658,356.28297400660813,355.9969620546326,1,
lfm25,159,cap96_chunk2048_polfcfs_mem0.9,96,2048,fcfs,0.9,0,R_medium_balanced,6.698168791001356,1714.731210496347,7073.266243297432,5358.5350328010845,123.15550306811927,143.8962696120143,144.52134612947702,116.34876867174172,4.252722596420961,4.411876686921745,4.205722229295026,1189.019665820524,1229.3257192941385,1229.6499639982358,1188.8079371419735,1,
lfm25,159,cap96_chunk2048_polfcfs_mem0.9,96,2048,fcfs,0.9,0,R_short_decode,1.6514345432755746,422.7672430785471,587.9106974061045,165.14345432755746,34.68350204639137,41.39876286499202,41.72192274592817,34.53160572098568,2.231433040772875,2.2341063133069503,2.2312550210293747,603.5510015208274,610.0842024898157,610.7896716101095,603.2222827197984,1,
lfm25,159,cap96_chunk2048_polfcfs_mem0.9,96,2048,fcfs,0.9,0,shared_prefix,23.267140023813724,5956.387846096313,60609.80911484613,54653.42126874982,494.8312451597303,956.9682307075708,966.2373598478734,549.419924562244,8.502715997690078,10.214128640169898,8.561571636742242,2719.1160034853965,2957.338517671451,2959.6520594740286,2732.6206919315155,1,
lfm25,159,cap96_chunk2048_polfcfs_mem0.9,96,2048,fcfs,0.9,0,tool_agent,5.24450152208658,1087.2638330513792,15071.989366771348,13984.72553371997,196.28557562828064,540.936966263689,630.6161767058074,235.78290725825357,3.893954260274768,113.39402012526988,18.975663188779286,591.2606716156006,2159.1130463406444,2662.3824814893246,921.5902456641196,1,
lfm25,160,cap96_chunk8192_pollpm_mem0.75,96,8192,lpm,0.75,0,R_concurrent_decode,21.848406918496217,5593.192171135032,9962.873554834276,4369.681383699243,133.00502044148743,136.72626046463847,136.81638605426997,132.3308033606736,5.174717060564195,5.178618543580467,5.1728614024457285,1451.291698263958,1454.3664359953254,1454.870420023799,1451.4104609843343,1,
lfm25,160,cap96_chunk8192_pollpm_mem0.75,96,8192,lpm,0.75,0,R_long_prefill,9.34606623965322,299.074119668903,37683.33907828177,37384.26495861287,287.9446102306247,318.2532914215699,318.2759239571169,268.41603871434927,4.1939550860514565,7.337637099197073,4.831722933768986,418.0035346653312,418.7194309895858,418.81465941201895,418.1994496611878,1,
lfm25,160,cap96_chunk8192_pollpm_mem0.75,96,8192,lpm,0.75,0,R_medium_balanced,7.074932003568845,1811.1825929136244,7471.128195768701,5659.945602855076,94.8060154914856,95.71175137534738,95.89069606736302,94.40093825105578,4.052541227828638,4.139768685141177,4.043482680343931,1125.5962715949863,1149.5353555073962,1149.7234183130786,1125.4890217387583,1,
lfm25,160,cap96_chunk8192_pollpm_mem0.75,96,8192,lpm,0.75,0,R_short_decode,1.6444582143545314,420.9813028747601,585.4271243102132,164.44582143545315,35.88752797804773,54.51296074315905,58.20450259372592,37.19271084992215,2.233376112017853,2.235607398872033,2.233382781147347,605.5146355647594,623.4781310195103,626.991571043618,606.4257581019774,1,
lfm25,160,cap96_chunk8192_pollpm_mem0.75,96,8192,lpm,0.75,0,shared_prefix,21.75442996984998,5569.134072281595,56669.27033255436,51100.13626027276,631.6438529174775,1302.7499050367624,1339.2417666921392,689.0803417409188,8.474950299726107,11.1042158038118,8.746124910776773,2903.9168243762106,3264.869605517015,3267.881273771636,2919.342193988996,1,
lfm25,160,cap96_chunk8192_pollpm_mem0.75,96,8192,lpm,0.75,0,tool_agent,5.257380058154905,1089.9337467563844,15109.000540829347,14019.066794072964,235.45847786590457,501.307664392516,546.4213930442929,253.90895508229733,3.70935434565524,45.84922296926379,11.463430643390442,497.3354991525412,2039.5174758974456,2554.821228822687,858.4078924986534,1,
lfm25,161,cap96_chunk8192_pollpm_mem0.8,96,8192,lpm,0.8,0,R_concurrent_decode,21.757092588369016,5569.815702622468,9921.23422029627,4351.418517673803,138.16848653368652,143.95512326154858,144.04444752261043,136.4525148528628,5.176121791751653,5.205801384359161,5.183644126301777,1458.2823787350208,1460.5402934132144,1460.8742464333773,1458.281767059816,1,
lfm25,161,cap96_chunk8192_pollpm_mem0.8,96,8192,lpm,0.8,0,R_long_prefill,8.279749963103024,264.9519988192968,33383.95185123139,33118.99985241209,340.55648115463555,375.3153673373163,375.3527088277042,320.1299578649923,4.280539785301493,7.667613283340488,4.948163352486107,473.3572311233729,474.0597235970199,474.1512302868068,473.5230217920616,1,
lfm25,161,cap96_chunk8192_pollpm_mem0.8,96,8192,lpm,0.8,0,R_medium_balanced,6.837727123574551,1750.458143635085,7220.639842494726,5470.18169885964,122.12871783412992,145.95484582241625,146.14203132223338,123.01419535651804,4.064555888009422,4.133145862678979,4.060104702754567,1158.718441380188,1162.4918753514066,1162.7178416820243,1158.3408945589326,1,
lfm25,161,cap96_chunk8192_pollpm_mem0.8,96,8192,lpm,0.8,0,R_short_decode,1.6373294505916651,419.15633935146633,582.8892844106329,163.73294505916655,39.543252903968096,54.2614216916263,58.41064935550094,40.28892598580569,2.2311186956643474,2.234328058653597,2.2312625083076685,608.1922689918429,622.2308734199032,626.0500950692222,608.9815560844727,1,
lfm25,161,cap96_chunk8192_pollpm_mem0.8,96,8192,lpm,0.8,0,shared_prefix,21.75866620974608,5570.218549694996,56680.30553890995,51110.08698921496,597.9934625793248,1189.4068890949711,1230.5067314580083,654.6601691661635,8.795240647433435,10.865392607235004,8.898981308704927,2909.5379228238016,3166.41807933338,3167.81799999997,2923.90040288592,1,
lfm25,161,cap96_chunk8192_pollpm_mem0.8,96,8192,lpm,0.8,0,tool_agent,5.269906320932174,1092.5306289240536,15144.999329005745,14052.46870008169,265.38290455937386,545.1536536216736,582.245552255772,274.1914921347052,3.7883067718492094,70.90786532498896,14.551870875952009,544.2253416404128,2165.313881076872,2608.906508074135,903.2047771010548,1,
lfm25,162,cap96_chunk8192_pollpm_mem0.85,96,8192,lpm,0.85,0,R_concurrent_decode,20.20094123792353,5171.440956908424,9211.629204493129,4040.1882475847056,181.3631309196353,251.79885539691892,251.8951500812545,198.95527299377136,5.432331424169973,5.438917000668452,5.3604168593700905,1565.7970672473311,1569.7031792486086,1570.1930885901677,1565.8615721331444,1,
lfm25,162,cap96_chunk8192_pollpm_mem0.85,96,8192,lpm,0.85,0,R_long_prefill,12.542235814494791,401.3515460638333,50570.294804043,50168.94325797916,209.11194733344016,210.400143195875,210.53998759482056,197.80964241363108,3.249253506862348,4.547527184589736,3.614111033628785,309.838806046173,310.4585468769073,310.50282947719097,309.8470844561234,1,
lfm25,162,cap96_chunk8192_pollpm_mem0.85,96,8192,lpm,0.85,0,R_medium_balanced,7.066064562830266,1808.912528084548,7461.764178348761,5652.851650264213,103.1605270691216,112.6381092472002,112.82694877590984,105.38465494755656,4.016705209791076,4.144436719042121,4.006146554556657,1127.1672232542187,1155.8768986724317,1156.2196101062,1126.952026359504,1,
lfm25,162,cap96_chunk8192_pollpm_mem0.85,96,8192,lpm,0.85,0,R_short_decode,1.6456918885009448,421.2971234562419,585.8663123063365,164.5691888500945,34.42758438177407,45.09407214354724,45.48833431210369,35.87292728479952,2.234732762307805,2.238808016363423,2.2351103383786124,604.4240572955459,614.3798396922648,614.5485966838896,605.5460419738665,1,
lfm25,162,cap96_chunk8192_pollpm_mem0.85,96,8192,lpm,0.85,0,shared_prefix,21.9161791764452,5610.541869169971,57090.619433740845,51480.07756457088,612.8944554366171,1231.8093687528744,1278.0143804010004,650.8189025480533,8.556854021826796,10.98545030060717,8.808563815103957,2883.572844788432,3214.7016366012394,3216.7018749564886,2897.0026753995626,1,
lfm25,162,cap96_chunk8192_pollpm_mem0.85,96,8192,lpm,0.85,0,tool_agent,5.258717263387131,1090.210969459103,15112.843488144055,14022.632518684954,263.78295198082924,516.4417596766722,553.6249430757016,268.50508138071746,3.9382545549674455,74.32221020571887,14.672117027966356,504.2774307075888,2090.961683681234,2564.88890291191,895.8653960190713,1,
lfm25,163,cap96_chunk8192_pollpm_mem0.9,96,8192,lpm,0.9,0,R_concurrent_decode,21.756912470517964,5569.769592452599,9921.152086556192,4351.382494103593,133.54147295467556,140.55626096669585,140.65292958170176,134.0064311370952,5.20030489355764,5.203681928836101,5.194128279610738,1458.5747143719343,1460.8067283406854,1461.1978876916692,1458.5091424378334,1,
lfm25,163,cap96_chunk8192_pollpm_mem0.9,96,8192,lpm,0.9,0,R_long_prefill,12.52386073081477,400.7635433860726,50496.20646664515,50095.44292325908,210.3002609219402,212.246693787165,212.4824971193448,199.02116910088807,3.2283402303413995,4.545386219697613,3.598343130321272,310.6532134115696,310.9947364544496,311.020558248274,310.5698061408475,1,
lfm25,163,cap96_chunk8192_pollpm_mem0.9,96,8192,lpm,0.9,0,R_medium_balanced,6.304689792845783,1614.0005869685203,6657.752421245146,5043.751834276626,154.95349490083754,299.39637635834515,299.5069599244744,175.99924441310577,4.275176811086781,4.420772664175899,4.2643814628450745,1263.472476042807,1312.9336225101724,1313.2447568001226,1263.4165174385998,1,
lfm25,163,cap96_chunk8192_pollpm_mem0.9,96,8192,lpm,0.9,0,R_short_decode,1.6512233242515175,422.7131710083885,587.8355034335402,165.12233242515177,35.9886041842401,47.12393952067941,50.35420931410045,35.50247638486326,2.228604977512184,2.2442466526829894,2.231553267977546,603.7633463274688,615.1035898830742,618.2717842143029,603.9884792407975,1,
lfm25,163,cap96_chunk8192_pollpm_mem0.9,96,8192,lpm,0.9,0,shared_prefix,22.015491748178977,5635.965887533818,57349.32402783055,51713.358140296725,597.2391639370471,1207.9756740946325,1237.1655602520332,654.3019799391914,8.568985903562577,10.89090133770643,8.76740842035289,2880.4227029904723,3173.663564864546,3176.0772972088307,2889.9911271291785,1,
lfm25,163,cap96_chunk8192_pollpm_mem0.9,96,8192,lpm,0.9,0,tool_agent,5.25710494543832,1089.8767117635452,15108.209904022096,14018.333192258551,237.5077744945884,501.5714552253484,571.8461608234793,253.91400841530407,3.743907902389765,48.13936483114958,12.152812800961854,515.2544321026653,2063.533539976924,2744.951776526864,869.0048190602101,1,
lfm25,164,cap96_chunk8192_polfcfs_mem0.75,96,8192,fcfs,0.75,0,R_concurrent_decode,20.838440597763952,5334.640793027572,9502.328912580362,4167.68811955279,206.46500983275476,208.74679815024135,209.00395287200809,202.5836986722425,5.155360317040308,5.277797907463037,5.171995566742422,1521.2188696023077,1524.1250328021124,1524.3544150190428,1521.44256819156,1,
lfm25,164,cap96_chunk8192_polfcfs_mem0.75,96,8192,fcfs,0.75,0,R_long_prefill,11.274904849185278,360.7969551739289,45460.41635191504,45099.61939674111,243.91328683122995,245.30404689721763,245.3401108738035,228.8545835763216,3.2726469705061567,4.996092531890157,3.767928762000896,345.5156094860285,346.2236419087276,346.3133228523657,345.66037519834936,1,
lfm25,164,cap96_chunk8192_polfcfs_mem0.75,96,8192,fcfs,0.75,0,R_medium_balanced,7.078251764206503,1812.0324516368648,7474.633863002067,5662.601411365203,98.02808240056038,104.21191179193556,104.32627615518868,99.20775759383103,4.021144763329158,4.14118077103779,4.011980569054026,1122.3361901938915,1159.1400699689984,1159.4604117795825,1122.2628027026076,1,
lfm25,164,cap96_chunk8192_polfcfs_mem0.75,96,8192,fcfs,0.75,0,R_short_decode,1.6494707071796475,422.2645010379898,587.2115717559545,164.94707071796478,35.421680426225066,42.05676047131419,42.18947118148208,34.81998882489279,2.2339936053636027,2.2379712673984424,2.2342205454324127,605.3202713374048,611.1144626280293,611.219965997152,604.2663819971494,1,
lfm25,164,cap96_chunk8192_polfcfs_mem0.75,96,8192,fcfs,0.75,0,shared_prefix,21.877288165811777,5600.585770447815,56989.3101740569,51388.72440360909,674.4663389399648,1167.4215094419196,1169.2694615153596,706.5324861105182,8.360220867154354,10.790636571142455,8.586838702212164,2889.048599638045,3139.068609988317,3140.877272617072,2895.87931954884,1,
lfm25,164,cap96_chunk8192_polfcfs_mem0.75,96,8192,fcfs,0.75,0,tool_agent,5.256430683492253,1089.7369271481964,15106.272166214463,14016.535239066268,224.55354896374047,522.7551286341622,531.2799790455028,254.57900806330144,3.3513454254716635,36.78350313566625,9.898490048110368,498.8605349790305,2111.1857402138407,2574.8517519468382,865.5089220544323,1,
lfm25,165,cap96_chunk8192_polfcfs_mem0.8,96,8192,fcfs,0.8,0,R_concurrent_decode,21.74463280082511,5566.625997011228,9915.552557176248,4348.926560165021,145.87418595328927,147.60394557379186,147.74489170871675,141.19634446979035,5.1482559063051845,5.188979379942312,5.170490067194253,1459.747033426538,1462.399946548976,1462.888095518574,1459.6713116043247,1,
lfm25,165,cap96_chunk8192_polfcfs_mem0.8,96,8192,fcfs,0.8,0,R_long_prefill,12.4454707897165,398.255065270928,50180.13822413692,49781.88315886599,220.39123135618863,220.7176435738802,220.7436500489712,205.86450141854584,3.036008301811913,4.577481595033238,3.4664928994482,311.8356221821159,312.22209751140326,312.24884846713394,311.8077771505341,1,
lfm25,165,cap96_chunk8192_polfcfs_mem0.8,96,8192,fcfs,0.8,0,R_medium_balanced,7.039080860076677,1802.0047001796293,7433.26938824097,5631.264688061341,93.46305788494648,101.12442402169108,101.27297034487128,94.7721624688711,4.069310948983127,4.144733280911312,4.063428058996614,1130.9281783178449,1156.9938715547323,1157.2039254009724,1130.9463175130077,1,
lfm25,165,cap96_chunk8192_polfcfs_mem0.8,96,8192,fcfs,0.8,0,R_short_decode,1.6581714432429573,424.49188947019707,590.3090337944928,165.81714432429573,32.09039312787354,40.87424036115408,41.6889875009656,33.01087726140395,2.2306615541524746,2.2343416747582308,2.231283138469592,601.0551247745752,608.8714411947876,609.8249893356115,601.7087099608034,1,
lfm25,165,cap96_chunk8192_polfcfs_mem0.8,96,8192,fcfs,0.8,0,shared_prefix,20.31348853742405,5200.253065580557,52915.68544521446,47715.4323796339,802.1884968038648,1437.7046649344263,1446.7992751579732,810.3471080430609,8.864939003708024,11.503941733024863,9.106412434573263,3117.438964545727,3489.3642232287675,3493.412019596435,3132.482278859243,1,
lfm25,165,cap96_chunk8192_polfcfs_mem0.8,96,8192,fcfs,0.8,0,tool_agent,5.256923559544515,1089.8391077469712,15107.6886254504,14017.849517703427,220.1628410257399,510.4394421214238,515.0461306702346,245.5366930924356,3.283733234998617,35.26351866312325,9.851672746927662,500.0440396834165,2043.057523900643,2574.141625496555,845.5238346848637,1,
lfm25,166,cap96_chunk8192_polfcfs_mem0.85,96,8192,fcfs,0.85,0,R_concurrent_decode,22.15268834916576,5671.088217386435,10101.625887219589,4430.537669833152,124.85247221775352,130.67378816194832,130.83070287946612,125.12958313163836,5.131202601992031,5.13894387584764,5.127341939106712,1432.5602590106428,1435.027279751375,1435.4648908320814,1432.6017776038498,1,
lfm25,166,cap96_chunk8192_polfcfs_mem0.85,96,8192,fcfs,0.85,0,R_long_prefill,12.324592282847131,394.38695305110826,49692.75608443964,49298.369131388536,212.96335896477103,214.84674960374832,214.87374022603035,202.85840868018568,3.2345906290556155,4.424594341957521,3.5624701957849245,313.2356684654951,313.8855619588867,313.93301744479686,313.29498474951833,1,
lfm25,166,cap96_chunk8192_polfcfs_mem0.85,96,8192,fcfs,0.85,0,R_medium_balanced,7.098894173632764,1817.3169084499875,7496.432247356198,5679.115338906211,96.50078392587602,101.199783035554,101.28726803231984,97.68999082734808,4.018093485786927,4.141991793671076,4.0112311336641,1120.8493451122197,1156.134733115323,1156.6299876431003,1120.5539299116936,1,
lfm25,166,cap96_chunk8192_polfcfs_mem0.85,96,8192,fcfs,0.85,0,R_short_decode,1.65491566315592,423.6584097679155,589.1499760835075,165.491566315592,35.108520882204175,38.62043088302016,39.17697889730334,33.41680584708229,2.2337195171298934,2.2407402198335227,2.234888745711999,605.4587096441537,607.692713290453,607.8917634487152,602.7539622737095,1,
lfm25,166,cap96_chunk8192_polfcfs_mem0.85,96,8192,fcfs,0.85,0,shared_prefix,21.28200955879726,5448.194447052098,55438.63730646879,49990.44285941669,698.5978628508747,1303.990249405615,1313.5062034754085,734.621721017902,8.597686989963348,11.266463229651835,8.830327612026046,2975.2192990854383,3287.882698699832,3289.708560765721,2986.355262084544,1,
lfm25,166,cap96_chunk8192_polfcfs_mem0.85,96,8192,fcfs,0.85,0,tool_agent,5.257533171739134,1089.9654894990986,15109.440568600086,14019.475079100988,229.27173366770148,509.4621686264872,519.5991608081385,254.31164223933592,3.320767246186733,36.83801018632944,10.248399344404282,538.8222329784185,2048.318247171119,2668.8752066343977,860.1284774625674,1,
lfm25,167,cap96_chunk8192_polfcfs_mem0.9,96,8192,fcfs,0.9,0,R_concurrent_decode,21.743467205585432,5566.327604629871,9915.021045746957,4348.693441117086,154.0687880478799,156.454800022766,156.60930213984102,152.63825700094458,5.122898371123216,5.127863588596823,5.128055669746234,1459.8990448284894,1463.2147659081966,1463.3813001215458,1460.2924527862342,1,
lfm25,167,cap96_chunk8192_polfcfs_mem0.9,96,8192,fcfs,0.9,0,R_long_prefill,12.569955855573925,402.2385873783656,50682.06200967406,50279.823422295696,209.5117531716824,211.4174840738997,211.45199108403176,197.8553872322664,3.21902452607549,4.582162984767027,3.598539684448512,309.4452926889062,310.0214306032285,310.0855082971975,309.4101174501702,1,
lfm25,167,cap96_chunk8192_polfcfs_mem0.9,96,8192,fcfs,0.9,0,R_medium_balanced,6.556653744773847,1678.5033586621048,6923.826354481183,5245.322995819078,162.56222617812455,235.97489355597645,236.13118280190972,189.2941115074791,4.125321254718537,4.269649439454809,4.019361560680338,1214.3937796354294,1249.4062419282272,1249.9856094131246,1214.2313094809651,1,
lfm25,167,cap96_chunk8192_polfcfs_mem0.9,96,8192,fcfs,0.9,0,R_short_decode,1.6540964886027325,423.44870108229946,588.8583499425728,165.40964886027325,35.21729027852416,41.42615015152842,42.92372763622552,35.121269698720425,2.228005662304806,2.232556893961956,2.2286188256215724,603.1845021061599,608.7801923509687,610.0221295189112,603.1399362254888,1,
lfm25,167,cap96_chunk8192_polfcfs_mem0.9,96,8192,fcfs,0.9,0,shared_prefix,21.33073617516491,5460.6684608422165,55565.56785804637,50104.89939720416,711.72751695849,1292.315855436027,1293.5091410996392,736.6852376217139,8.603006963818972,11.228748706589432,8.80416376108484,2968.0497196968645,3268.2303335517645,3270.107469581999,2981.746996698348,1,
lfm25,167,cap96_chunk8192_polfcfs_mem0.9,96,8192,fcfs,0.9,0,tool_agent,5.256938845888761,1089.8422768354285,15107.732556340105,14017.890279504674,227.09162556566295,517.5275621935725,521.0113574750721,251.89820619300008,3.294569725387788,35.30718372203406,9.706609549152992,487.0866846758872,2050.21695389878,2549.5018944377025,853.7398117291741,1,
lfm25,168,cap128_chunk-1_pollpm_mem0.75,128,-1,lpm,0.75,0,R_concurrent_decode,20.115874794986112,5149.663947516445,9172.838906513667,4023.1749589972223,205.39535768330097,280.92679302208126,281.1290672281757,233.52053402049933,5.390116808862955,5.398412289956182,5.27560357301149,1578.5601735115051,1582.0922174258158,1582.7438385551795,1578.7994451384293,1,
lfm25,168,cap128_chunk-1_pollpm_mem0.75,128,-1,lpm,0.75,0,R_long_prefill,12.397426952317645,396.71766247416457,49986.42547174474,49589.70780927057,213.972045108676,214.43680415395647,214.4771544681862,213.25975202489644,3.227690610313608,3.3448404902892728,3.2594323781649432,314.37752465717494,314.8796659661457,314.9240026017651,314.3021557480097,1,
lfm25,168,cap128_chunk-1_pollpm_mem0.75,128,-1,lpm,0.75,0,R_medium_balanced,7.089927538304744,1815.0214498060143,7486.96348044981,5671.942030643796,98.15837326459588,104.41703186370432,104.51013301499188,99.37768807867542,4.009713358519708,4.129906835071012,4.001907342656826,1119.768087286502,1156.3411116367206,1156.6832651151344,1119.864060456166,1,
lfm25,168,cap128_chunk-1_pollpm_mem0.75,128,-1,lpm,0.75,0,R_short_decode,1.6558852800743578,423.9066316990356,589.4951597064714,165.5885280074358,28.32575677894056,43.67647052276879,47.29917331133038,30.64041509060189,2.237671980743899,2.2457472647294248,2.2385749322126,598.9590166136622,613.668595906347,616.8526823632419,601.1960709583946,1,
lfm25,168,cap128_chunk-1_pollpm_mem0.75,128,-1,lpm,0.75,0,shared_prefix,17.524940663342946,4486.384809815794,45651.64894641478,41165.26413659899,1111.5815022494644,1676.903106411919,1711.4741824613884,1088.2861387071898,9.90298946077625,12.895989664921574,9.981503720065994,3623.9961674436927,3658.2789530511945,3660.298232510686,3633.5695873240174,1,
lfm25,168,cap128_chunk-1_pollpm_mem0.75,128,-1,lpm,0.75,0,tool_agent,5.246564768559491,1087.691574993911,15077.918858596222,13990.227283602311,324.8164451215416,538.3986039087176,542.0981833012775,319.62060135323554,3.2924912825581574,36.929867370054126,7.304288247671812,496.15555070340633,2083.2760710269213,2550.7934785308253,900.4103756463155,1,
lfm25,169,cap128_chunk-1_pollpm_mem0.8,128,-1,lpm,0.8,0,R_concurrent_decode,21.871884244806544,5599.202366670475,9973.579215631784,4374.3768489613085,129.11149859428406,133.9085200568661,134.0918475529179,128.88078222749755,5.178378552527112,5.1847256353015405,5.176565998151679,1448.8289824221283,1451.0960015002638,1451.5997013868764,1448.9051117561758,1,
lfm25,169,cap128_chunk-1_pollpm_mem0.8,128,-1,lpm,0.8,0,R_long_prefill,12.176489324979055,389.64765839932977,49095.60495831555,48705.95729991622,220.72790539823472,221.12409935798496,221.16716797929257,219.7582140797749,3.2104402254786217,3.3597099354430555,3.252811008884061,320.4310049768537,321.23924556653947,321.3281846558675,320.5953553551808,1,
lfm25,169,cap128_chunk-1_pollpm_mem0.8,128,-1,lpm,0.8,0,R_medium_balanced,6.813751170022544,1744.3202995257711,7195.321235543806,5451.000936018035,112.11328255012631,118.15686849877238,118.29434735700488,113.46094569307752,4.13651727231256,4.275688421273348,4.129857252644119,1168.1006266735494,1207.3669098317623,1207.5975373387337,1166.574545117328,1,
lfm25,169,cap128_chunk-1_pollpm_mem0.8,128,-1,lpm,0.8,0,R_short_decode,1.6614356955767822,425.3275380676562,591.4711076253344,166.1435695576782,27.23171329125762,39.17408874258399,39.18954720720649,29.826699465047568,2.2335285120004533,2.24734915137364,2.237097196131164,597.9222950991243,608.6363675771281,608.7024445598945,600.0066472915933,1,
lfm25,169,cap128_chunk-1_pollpm_mem0.8,128,-1,lpm,0.8,0,shared_prefix,17.278377374259907,4423.264607810536,45009.36313600764,40586.0985281971,1104.6330414246768,1697.8531799046325,1705.0280482554808,1105.3874265890045,9.956155387757748,12.995043797327169,10.112376161323123,3667.803968070075,3743.21378939785,3744.50255880598,3684.0433477264014,1,
lfm25,169,cap128_chunk-1_pollpm_mem0.8,128,-1,lpm,0.8,0,tool_agent,5.25470538830234,1089.3792475758996,15101.313900753505,14011.934653177605,327.78451312333345,536.3185898633674,545.4549291078001,321.48326876107603,3.311069682240486,37.63913521543143,7.280776784186532,511.7293610237539,2094.201013562269,2553.8728271052178,903.7457393598744,1,
lfm25,170,cap128_chunk-1_pollpm_mem0.85,128,-1,lpm,0.85,0,R_concurrent_decode,20.91914136326213,5355.300188995106,9539.128461647531,4183.828272652426,201.201600022614,203.53758544661105,203.70026228018105,197.58819231356028,5.153439756409794,5.266188209072924,5.168650582816233,1515.6610866542906,1517.9786984808743,1518.4307735506443,1515.5940909316996,1,
lfm25,170,cap128_chunk-1_pollpm_mem0.85,128,-1,lpm,0.85,0,R_long_prefill,12.937205658539485,413.99058107326346,52162.8132152312,51748.822634157936,199.9842810910195,200.3786378307268,200.41212738957256,199.27167147397995,3.171021066185447,3.2931587846589183,3.2042076721066426,298.5826130025089,299.33468664530665,299.4255342381075,298.6021093092859,1,
lfm25,170,cap128_chunk-1_pollpm_mem0.85,128,-1,lpm,0.85,0,R_medium_balanced,7.041752087696239,1802.6885344502373,7436.09020460723,5633.401670156992,105.41980294510722,106.06603452470154,106.18209231179208,105.10700207669288,4.019293447445128,4.140653932814066,4.009881099074276,1128.623925615102,1160.9154774341732,1161.6044156719,1127.6266823406331,1,
lfm25,170,cap128_chunk-1_pollpm_mem0.85,128,-1,lpm,0.85,0,R_short_decode,1.6673934320914334,426.85271861540696,593.5920618245503,166.73934320914333,25.347616989165545,33.30820300616324,34.34211325831711,26.90515259746462,2.23882557258156,2.2430787638769587,2.2395305141262503,596.6823725029826,604.0014114929363,605.027335002087,597.7049419889227,1,
lfm25,170,cap128_chunk-1_pollpm_mem0.85,128,-1,lpm,0.85,0,shared_prefix,17.470104214871018,4472.346679006981,45508.80256860393,41036.45588959695,1107.7667770441622,1680.9238302754238,1707.4361327197405,1096.175489416055,9.992329462193975,12.777693700684488,9.98853838993419,3641.792601440102,3660.0139821413904,3661.397648784332,3643.2527788492735,1,
lfm25,170,cap128_chunk-1_pollpm_mem0.85,128,-1,lpm,0.85,0,tool_agent,5.247841953206934,1087.9563545290955,15081.589314853043,13993.63296032395,325.8360819891095,533.1973209744319,555.5022539431229,322.20723705831915,3.2809946165120194,30.987668968737022,7.315723952171069,506.5141613595188,2089.4815149949864,2545.904619540082,901.0648057144136,1,
lfm25,171,cap128_chunk-1_pollpm_mem0.9,128,-1,lpm,0.9,0,R_concurrent_decode,22.232298037092256,5691.468297495618,10137.92790491407,4446.459607418451,135.99208369851112,139.90188986063004,140.05655399058014,135.20859721757006,5.058163881995807,5.063472625744693,5.058513810931175,1424.8982991557568,1427.458488731645,1428.6255787545815,1425.1296190050198,1,
lfm25,171,cap128_chunk-1_pollpm_mem0.9,128,-1,lpm,0.9,0,R_long_prefill,12.210036440100694,390.7211660832222,49230.86692648599,48840.145760402775,219.23644607886672,219.6184933418408,219.64935131836685,218.7231929274276,3.167923945452898,3.249421993631028,3.190714441570303,317.7329576574266,317.9306791396812,317.9309612745419,317.635340616107,1,
lfm25,171,cap128_chunk-1_pollpm_mem0.9,128,-1,lpm,0.9,0,R_medium_balanced,6.572238969148496,1682.493176102015,6940.284351420812,5257.791175318796,127.6166697498411,206.24709490220997,206.3757948344573,153.04660750553012,4.254332024092768,4.275239923256724,4.153241049018963,1212.1156759094447,1218.1062590098009,1218.3950007660314,1212.1230750053655,1,
lfm25,171,cap128_chunk-1_pollpm_mem0.9,128,-1,lpm,0.9,0,R_short_decode,1.6719781678754786,428.0264109761225,595.2242277636703,167.19781678754785,26.85073669999838,37.598021305166185,38.18981386255473,27.96950668562204,2.232026821915426,2.235298855125246,2.23201539217573,595.2229162212461,606.5316620282829,607.4792346172035,596.8539735185914,1,
lfm25,171,cap128_chunk-1_pollpm_mem0.9,128,-1,lpm,0.9,0,shared_prefix,17.561669822554645,4495.787474573989,45747.32668448192,41251.539209907925,1101.1752872727811,1661.7824672721326,1698.7790175201371,1079.6661116255564,9.901099889447876,12.911266387604616,9.97749199561761,3615.596864139661,3646.652204543352,3648.8923167530447,3623.926570508047,1,
lfm25,171,cap128_chunk-1_pollpm_mem0.9,128,-1,lpm,0.9,0,tool_agent,5.252848739058416,1088.9943363378957,15095.978141474116,14006.98380513622,320.560074178502,537.2953636338934,588.5114946728572,320.4116018395871,3.317044480987217,39.05174597166477,7.56520596098323,538.9988219831139,2105.9179921401665,2603.558826423244,911.1617814330384,1,
lfm25,172,cap128_chunk-1_polfcfs_mem0.75,128,-1,fcfs,0.75,0,R_concurrent_decode,22.078788030835295,5652.169735893836,10067.927342060895,4415.75760616706,144.9517454020679,150.8820489514619,150.96395725850016,144.94999236194417,5.063262705088539,5.07069709235985,5.0595261186233484,1434.736501192674,1437.7834694227204,1437.9206431936473,1435.129152610898,1,
lfm25,172,cap128_chunk-1_polfcfs_mem0.75,128,-1,fcfs,0.75,0,R_long_prefill,9.817004378760148,314.1441401203247,39582.16165516091,39268.017515040585,307.19375098124146,307.51745612360537,307.545317010954,289.63820077478886,2.8856555620829263,4.769307430983791,3.4365916164011083,393.79095612093806,394.6124289184809,394.7247891128063,394.0112707205117,1,
lfm25,172,cap128_chunk-1_polfcfs_mem0.75,128,-1,fcfs,0.75,0,R_medium_balanced,6.7632847371484095,1731.4008927099928,7142.0286824287205,5410.627789718727,125.43132901191711,126.32799718994649,126.42623449210078,125.03979078610428,4.127019430127214,4.280395249324833,4.12661760860561,1177.4214962497354,1216.362125123851,1216.7288990458474,1177.3272809805349,1,
lfm25,172,cap128_chunk-1_polfcfs_mem0.75,128,-1,fcfs,0.75,0,R_short_decode,1.673928233581842,428.52562779695154,595.9184511551357,167.3928233581842,26.626404374837875,33.02019755356014,33.22819865308702,27.96552010113373,2.228211807817513,2.231988624710376,2.2283249269851786,594.2767914384604,600.8236489258707,600.9372295252979,595.9091855329461,1,
lfm25,172,cap128_chunk-1_polfcfs_mem0.75,128,-1,fcfs,0.75,0,shared_prefix,17.386353877936013,4450.906592751619,45290.63686668529,40839.73027393367,1123.4123066533357,1685.3699868544936,1690.968480054289,1107.0032216484833,9.941710766368343,12.73177528489089,9.988888730417695,3655.776296043769,3670.790988416411,3673.244041414,3654.169847904996,1,
lfm25,172,cap128_chunk-1_polfcfs_mem0.75,128,-1,fcfs,0.75,0,tool_agent,5.252533170990074,1088.9289143438073,15095.071241447393,14006.142327103584,313.25821042992175,533.9068353176117,544.4996613636613,317.40166511852294,3.3058098051697016,39.15031324140726,7.40929963923277,508.2720688078553,2087.8333612577985,2551.2236856436293,901.5551023301668,1,
lfm25,173,cap128_chunk-1_polfcfs_mem0.8,128,-1,fcfs,0.8,0,R_concurrent_decode,21.30848271363743,5454.971574691183,9716.668117418669,4261.696542727486,179.8645972739905,181.51371588464824,181.9303711457178,171.4876382611692,5.116525096088356,5.28982005858173,5.15104937418501,1484.9064981099218,1487.463347404264,1487.9820914566517,1485.0052286783466,1,
lfm25,173,cap128_chunk-1_polfcfs_mem0.8,128,-1,fcfs,0.8,0,R_long_prefill,8.981563996051502,287.41004787364807,36213.66603207966,35926.255984206015,337.3500523157418,337.7692269627005,337.81426918692887,316.0223461454734,3.1765846820968773,5.554980874782608,3.872647629900565,436.0118533950299,436.7074242560193,436.75667201634496,436.0744226723909,1,
lfm25,173,cap128_chunk-1_polfcfs_mem0.8,128,-1,fcfs,0.8,0,R_medium_balanced,7.0500474846883785,1804.812156080225,7444.850143830928,5640.037987750703,99.44591065868735,103.9368222700432,104.0837628999725,100.57470225729048,4.039219744941767,4.139678636291886,4.02991050619212,1128.3580479212103,1158.3443940617144,1158.5237276740372,1128.201881336281,1,
lfm25,173,cap128_chunk-1_polfcfs_mem0.8,128,-1,fcfs,0.8,0,R_short_decode,1.6554622714349074,423.7983414873363,589.344568630827,165.54622714349074,31.584843061864376,39.63193008676171,40.14540927484632,31.73630626406521,2.2323683817304816,2.253602315455411,2.238462456882594,602.6087959762663,610.384907014668,611.004248522222,602.2633039974608,1,
lfm25,173,cap128_chunk-1_polfcfs_mem0.8,128,-1,fcfs,0.8,0,shared_prefix,17.653570874977678,4519.314143994286,45986.72461818209,41467.4104741878,1087.8057356458155,1642.6003186730668,1667.0316922664645,1068.8585146563128,9.877910103429766,12.798774145707926,9.94580334917569,3602.138317655772,3622.7016715798527,3623.6178895179182,3605.038368696114,1,
lfm25,173,cap128_chunk-1_polfcfs_mem0.8,128,-1,fcfs,0.8,0,tool_agent,5.244339557570979,1087.2302553778277,15071.52390261872,13984.293647240893,317.8212407510728,531.815486238338,554.4574045808986,320.4057120671496,3.2748075978209576,37.18755654990673,7.414083384842216,502.5543258525431,2086.728259478696,2550.2259583352075,900.1165229966864,1,
lfm25,174,cap128_chunk-1_polfcfs_mem0.85,128,-1,fcfs,0.85,0,R_concurrent_decode,21.71939719101251,5560.165680899203,9904.045119101704,4343.879438202503,149.15286260657012,151.86093614902347,152.06118085421622,147.9901439306559,5.135101372120428,5.138068562921356,5.137855258048969,1458.285248838365,1460.579925402999,1461.1976217618212,1458.143234733143,1,
lfm25,174,cap128_chunk-1_polfcfs_mem0.85,128,-1,fcfs,0.85,0,R_long_prefill,12.745881885120196,407.86822032384623,51391.39576080463,50983.52754048078,200.37027052603665,201.4604542404413,201.50579877197745,200.07151109166443,3.234432664729895,3.3184163760574115,3.243481188321546,300.74994219467044,301.24255947303027,301.2609618296847,300.6194279296324,1,
lfm25,174,cap128_chunk-1_polfcfs_mem0.85,128,-1,fcfs,0.85,0,R_medium_balanced,6.67677363548669,1709.2540506845926,7050.672959073945,5341.4189083893525,133.79713986068964,220.35244933795184,220.51230648066849,168.4451361943502,4.140801953297912,4.27241069949506,4.002553260287124,1189.14649146609,1216.3370344787836,1216.8552126735449,1189.0962175675668,1,
lfm25,174,cap128_chunk-1_polfcfs_mem0.85,128,-1,fcfs,0.85,0,R_short_decode,1.6497856334186252,422.345122155168,587.3236854970305,164.9785633418625,32.57646062411368,41.226279153488576,42.23691265564412,32.32616087188944,2.239897200703001,2.249172094424128,2.241369246215861,605.6131066288799,611.5629787789658,612.5200477102771,603.5950247896835,1,
lfm25,174,cap128_chunk-1_polfcfs_mem0.85,128,-1,fcfs,0.85,0,shared_prefix,17.660941451498488,4521.201011583613,46005.924624523024,41484.72361293941,1072.262626606971,1643.8268836122006,1668.2938964478672,1070.9635528364745,9.972681582667956,12.598322249821146,9.923429571177158,3597.2040919587016,3618.9913164824247,3621.139031187631,3601.438093486649,1,
lfm25,174,cap128_chunk-1_polfcfs_mem0.85,128,-1,fcfs,0.85,0,tool_agent,5.2411685749681896,1086.5728631195302,15062.410926700955,13975.838063581426,313.8780943118036,532.1702152257785,599.873039573431,324.21670794487,3.329444676637649,39.34330577030776,7.445725508517392,509.1688269749284,2111.82346676942,2562.011966980056,909.0068708732724,1,
lfm25,175,cap128_chunk-1_polfcfs_mem0.9,128,-1,fcfs,0.9,0,R_concurrent_decode,21.768118793471896,5572.638411128805,9926.262169823183,4353.62375869438,130.3098953794688,135.5102168628946,135.69519888609648,130.23964321473613,5.209018920055208,5.216787382595094,5.205110434497542,1457.1091474499551,1460.466945101507,1460.8125193417072,1457.5428040116094,1,
lfm25,175,cap128_chunk-1_polfcfs_mem0.9,128,-1,fcfs,0.9,0,R_long_prefill,12.78981341107344,409.2740291543501,51568.5276734481,51159.25364429376,203.94225581549108,204.5299620833248,204.58400445990264,203.61601165495813,3.172880827238964,3.263145546248603,3.196354189346875,302.7316441293806,303.5318561363965,303.61041703261435,302.70299152471125,1,
lfm25,175,cap128_chunk-1_polfcfs_mem0.9,128,-1,fcfs,0.9,0,R_medium_balanced,7.053095074992443,1805.5923391980652,7448.06839919202,5642.476059993955,102.90534398518504,110.42486969381572,110.5739189311862,104.24152101040818,4.021974128908386,4.154658272369381,4.014934531376496,1128.303482895717,1157.971250358969,1158.3056670613587,1128.0498265114147,1,
lfm25,175,cap128_chunk-1_polfcfs_mem0.9,128,-1,fcfs,0.9,0,R_short_decode,1.6694207442870916,427.37171053749546,594.3137849662047,166.94207442870916,27.22617844119668,37.27232413366436,39.98867521062493,28.913099435158077,2.2299837275389947,2.2338404278992003,2.230657654079228,595.3351049683988,606.333039700985,609.0387638658285,597.4514276022092,1,
lfm25,175,cap128_chunk-1_polfcfs_mem0.9,128,-1,fcfs,0.9,0,shared_prefix,17.64680566140443,4517.582249319534,45969.101553943154,41451.51930462362,1102.9189040418714,1640.3599542565644,1663.3901223307478,1063.9223596699594,9.859735145251832,12.738482360454167,9.970989846952566,3605.9285735245794,3622.577084135264,3624.30914117489,3606.524770642864,1,
lfm25,175,cap128_chunk-1_polfcfs_mem0.9,128,-1,fcfs,0.9,0,tool_agent,5.252674439660998,1088.9582014583198,15095.477228536354,14006.519027078037,319.21456451527774,532.5718647567555,539.4615824287757,324.66506831813604,3.304330762475729,33.76761754043397,7.24251202416961,566.75840402022,2093.0740135489027,2717.9337725928003,913.2856193929912,1,
lfm25,176,cap128_chunk2048_pollpm_mem0.75,128,2048,lpm,0.75,0,R_concurrent_decode,21.903816706650147,5607.377076902438,9988.140418232468,4380.76334133003,149.00072803720832,154.79930599685758,154.9517595069483,134.90842188184615,5.051811179146171,5.212173402017238,5.110658969794053,1437.420642003417,1446.8997105257586,1447.6039347751066,1438.1264591793297,1,
lfm25,176,cap128_chunk2048_pollpm_mem0.75,128,2048,lpm,0.75,0,R_long_prefill,11.893080892614334,380.5785885636587,47952.902159021,47572.32357045734,168.18611696362495,224.4974041590467,228.1100254924968,159.93074316065758,5.116071762336839,7.852626813485497,5.386256361230006,326.9607338588685,327.23799005616456,327.2534233191982,326.9046903587878,1,
lfm25,176,cap128_chunk2048_pollpm_mem0.75,128,2048,lpm,0.75,0,R_medium_balanced,6.8170956883156855,1745.1764962088157,7198.853046861364,5453.676550652548,141.64952747523785,152.20111410599202,152.31608112808317,127.65954749193044,4.152131221238889,4.4818374013309095,4.078045090450448,1167.8213272243738,1241.923826164566,1242.192179779522,1167.5610455567949,1,
lfm25,176,cap128_chunk2048_pollpm_mem0.75,128,2048,lpm,0.75,0,R_short_decode,1.656537751395146,424.0736643571574,589.727439496672,165.6537751395146,28.540077852085236,41.435707779601216,42.84009755589068,31.520433723926544,2.2281201072402443,2.2693611109295397,2.2350265285251405,599.1957150399685,611.3386526471004,612.1031977189705,601.1732018087059,1,
lfm25,176,cap128_chunk2048_pollpm_mem0.75,128,2048,lpm,0.75,0,shared_prefix,22.14718787230404,5669.680095309834,57692.38625792051,52022.70616261067,411.0718492884189,942.1736860414964,1083.2487775711345,504.6429586473096,9.270897972415767,10.773128738590316,9.27523970787628,2853.512431960553,3061.859683040529,3064.261334598996,2869.76904378389,1,
lfm25,176,cap128_chunk2048_pollpm_mem0.75,128,2048,lpm,0.75,0,tool_agent,5.274536499917342,1093.4905344803635,15158.30583833495,14064.815303854586,168.463567038998,566.0492422757663,670.1869543455539,216.16806951351464,5.092000854866845,150.5508540198207,30.7349089996028,667.580925161019,2196.2531885132184,2767.060677180992,932.698706893716,1,
lfm25,177,cap128_chunk2048_pollpm_mem0.8,128,2048,lpm,0.8,0,R_concurrent_decode,21.486539123533632,5500.55401562461,9797.861840331336,4297.307824706727,164.3159855157137,170.97411148715764,171.15444620605558,150.77433758415282,5.07925310281708,5.237051481746284,5.143500433540812,1460.0799542386085,1468.5172910802066,1469.21698378399,1462.3669481370598,1,
lfm25,177,cap128_chunk2048_pollpm_mem0.8,128,2048,lpm,0.8,0,R_long_prefill,12.29437672538543,393.42005521233375,49570.92695675405,49177.50690154172,159.64331780560315,215.25154900737107,218.94110643304884,152.44258509483188,5.0595226292047775,7.655124279159692,5.294102724761732,316.57219026237726,316.8614480411634,316.8755671335384,316.5597695624456,1,
lfm25,177,cap128_chunk2048_pollpm_mem0.8,128,2048,lpm,0.8,0,R_medium_balanced,6.904698271821706,1767.6027575863568,7291.361375043722,5523.758617457365,126.51711725629866,136.40509394463152,136.45828187000006,114.81212516082452,4.1266106653447245,4.476809545931425,4.067809962183603,1152.265266980976,1235.7610700419173,1235.9201269922778,1152.103665517643,1,
lfm25,177,cap128_chunk2048_pollpm_mem0.8,128,2048,lpm,0.8,0,R_short_decode,1.6700851396133798,427.5417957410252,594.5503097023633,167.008513961338,25.78763198107481,33.022187440656126,33.65956317167729,27.476776216644797,2.234163472209783,2.237349729807419,2.2341636031999363,594.8787843808532,602.2953585954383,602.7687543863431,596.9086744007654,1,
lfm25,177,cap128_chunk2048_pollpm_mem0.8,128,2048,lpm,0.8,0,shared_prefix,23.82587936756537,6099.425118096736,62065.29891441245,55965.8737963157,376.9745191093534,884.4185997033486,911.66312310379,471.0617000055208,8.260192722082138,10.065338576267308,8.616532592656998,2654.896251158789,2915.899315290153,2918.3009866718203,2668.277511133056,1,
lfm25,177,cap128_chunk2048_pollpm_mem0.8,128,2048,lpm,0.8,0,tool_agent,5.274342030699791,1093.4502180945271,15157.746960057057,14064.296741962527,170.4702782444656,571.2307569105176,665.0247840676456,213.7522686086595,5.958755165338516,153.71963046491146,30.20070873280299,664.4030390307307,2239.03559311293,2784.6431587776106,939.2805425822736,1,
lfm25,178,cap128_chunk2048_pollpm_mem0.85,128,2048,lpm,0.85,0,R_concurrent_decode,21.496065490464343,5502.992765558873,9802.205863651743,4299.21309809287,140.29277744702995,172.40009950473905,172.90524729061872,140.0435216637561,5.243753280271502,5.3891153732205135,5.245062171004475,1477.4159085936844,1479.7692256513983,1480.168306203559,1477.5343752698973,1,
lfm25,178,cap128_chunk2048_pollpm_mem0.85,128,2048,lpm,0.85,0,R_long_prefill,11.97031954088818,383.0502253084217,48264.32838886113,47881.27816355271,163.2781932130456,219.21823383308947,222.99519483931363,155.93453915789723,5.107390791958859,7.751807233979626,5.3519650001920045,321.849997388199,322.67575305886567,322.73181782104075,321.8454541638493,1,
lfm25,178,cap128_chunk2048_pollpm_mem0.85,128,2048,lpm,0.85,0,R_medium_balanced,6.321127142406354,1618.2085484560266,6675.110262381109,5056.901713925083,145.87107207626104,247.8043910814449,247.9448558529839,149.12314058165066,4.349171780232413,4.547017439743321,4.356808877805722,1260.0673367269335,1268.4125785017386,1268.43275569845,1260.10940442211,1,
lfm25,178,cap128_chunk2048_pollpm_mem0.85,128,2048,lpm,0.85,0,R_short_decode,1.6700290656375592,427.5274408032152,594.530347366971,167.00290656375591,25.362482527270917,30.837207450531423,30.91558131854981,26.517630496528,2.2390127255051744,2.2427212524904903,2.2392126125161607,595.5366692505777,601.7455418361351,601.7634149035439,597.2364351619035,1,
lfm25,178,cap128_chunk2048_pollpm_mem0.85,128,2048,lpm,0.85,0,shared_prefix,24.116047069815885,6173.7080498728665,62821.17217716399,56647.46412729112,360.0695230998099,864.5853343419725,974.9492555717006,432.70776349527296,7.862464532110037,10.274743081673105,8.618587984286327,2615.867678076029,2938.8354539638385,2940.3387788683176,2630.447699488286,1,
lfm25,178,cap128_chunk2048_pollpm_mem0.85,128,2048,lpm,0.85,0,tool_agent,5.274462982971879,1093.475293314815,15158.094560558478,14064.619267243665,164.9217561352998,540.8316748682402,651.0565599612889,203.8151711132377,5.022962404681103,151.19152013212442,28.683505959063176,626.7453061882406,2160.4025779059148,2758.410626174876,914.1072223009542,1,
lfm25,179,cap128_chunk2048_pollpm_mem0.9,128,2048,lpm,0.9,0,R_concurrent_decode,21.69596320142645,5554.1665795651725,9893.359219850465,4339.1926402852905,147.2541114781052,154.34073803480717,154.41788639873266,134.7649926901795,5.123145535003905,5.2530611846048165,5.175483312546824,1454.5628719497472,1457.2107791434971,1457.9878135258332,1454.5132373896197,1,
lfm25,179,cap128_chunk2048_pollpm_mem0.9,128,2048,lpm,0.9,0,R_long_prefill,11.730983026962836,375.39145686281074,47299.32356471416,46923.93210785135,171.21480777859688,228.03246094845235,231.7602378409356,163.17729756701738,5.169947819423772,7.909378476230607,5.433913369122292,331.5505834762007,332.26035265251994,332.3139807395637,331.6286120098084,1,
lfm25,179,cap128_chunk2048_pollpm_mem0.9,128,2048,lpm,0.9,0,R_medium_balanced,6.724459281079589,1721.4615759563749,7101.029000820047,5379.567424863672,128.30791343003511,144.04374989680946,144.1535612102598,119.3571998446714,4.2184607838006585,4.493079470543593,4.1615305753771725,1180.871954653412,1243.513734312728,1243.797258893028,1180.5474965658505,1,
lfm25,179,cap128_chunk2048_pollpm_mem0.9,128,2048,lpm,0.9,0,R_short_decode,1.6710479113151515,427.7882652966788,594.893056428194,167.10479113151516,26.295028626918796,35.766372992657125,35.814027595333755,28.26930145965889,2.230038728528455,2.2353137744365896,2.2310181820544925,594.7849741205573,604.4274111511186,604.4600816303864,596.8993370770477,1,
lfm25,179,cap128_chunk2048_pollpm_mem0.9,128,2048,lpm,0.9,0,shared_prefix,24.10049093602545,6169.7256796225165,62780.649177833686,56610.92349821117,372.5740103982389,836.8057382525873,908.1327392300592,454.40472797781695,8.359915386045387,9.692244079310958,8.555079521305736,2624.626556877047,2835.6489674421027,2837.056216276251,2635.8101069563418,1,
lfm25,179,cap128_chunk2048_pollpm_mem0.9,128,2048,lpm,0.9,0,tool_agent,5.20955663505236,1080.01923379588,14971.56247899475,13891.54324519887,183.52537625469267,602.2967318771406,696.7030070070176,222.43351792218164,6.149119923689536,161.01538352668285,32.25600212125988,686.0357210971415,2275.992868980393,2861.5470949606915,968.4130478231236,1,
lfm25,180,cap128_chunk2048_polfcfs_mem0.75,128,2048,fcfs,0.75,0,R_concurrent_decode,21.492812652078957,5502.160038932212,9800.722569348003,4298.562530415791,142.34922151081264,173.4477172838524,173.61289060674608,142.88944799045566,5.222066584061466,5.379492112563229,5.220333799576004,1474.3244464043528,1476.8851958913729,1477.2914988920093,1474.0745668823365,1,
lfm25,180,cap128_chunk2048_polfcfs_mem0.75,128,2048,fcfs,0.75,0,R_long_prefill,9.080946403988936,290.59028492764594,36614.37590088339,36323.78561595574,203.84826231747863,317.90583431720734,329.7631420940161,202.32113415841013,7.337092369374249,11.205560224311006,7.391108136113373,431.2981257680804,431.9780572783202,432.0706425514072,431.4454863779247,1,
lfm25,180,cap128_chunk2048_polfcfs_mem0.75,128,2048,fcfs,0.75,0,R_medium_balanced,6.6946054973096425,1713.8190073112685,7069.503405158982,5355.684397847714,111.63409450091422,129.45713580120355,130.11009192559868,108.77476990572175,4.268130365138252,4.4123915508024245,4.233335670741165,1188.6147730983794,1218.6500078532845,1218.7208589632064,1188.275365944719,1,
lfm25,180,cap128_chunk2048_polfcfs_mem0.75,128,2048,fcfs,0.75,0,R_short_decode,1.6625363379357,425.6093025115392,591.8629363051091,166.25363379356995,27.68993284553289,35.31240040902048,36.78154558409005,29.050813463982195,2.23739853621844,2.2460537103708744,2.2394475194478387,598.2934446074069,606.0787746915594,607.7278571249917,599.5485514285974,1,
lfm25,180,cap128_chunk2048_polfcfs_mem0.75,128,2048,fcfs,0.75,0,shared_prefix,23.40706605582371,5992.208910290869,60974.3098691994,54982.10095890853,479.9861954525113,935.2216240251436,958.0248089320958,540.9965022954566,8.436812088806548,10.129223904188942,8.518883518805595,2687.8397092223167,2952.3284442024305,2953.6817531846464,2713.3117995908838,1,
lfm25,180,cap128_chunk2048_polfcfs_mem0.75,128,2048,fcfs,0.75,0,tool_agent,5.241991270483595,1086.7434202403065,15064.775242548336,13978.03182230803,195.94200351275504,534.9648697301745,619.7248128382488,233.6766778375022,3.799778715388211,110.95676287077364,19.22407417877824,593.5014372225851,2153.9755843346934,2669.2655032640264,921.7952415719628,1,
lfm25,181,cap128_chunk2048_polfcfs_mem0.8,128,2048,fcfs,0.8,0,R_concurrent_decode,19.653004908689653,5031.169256624551,8961.770238362482,3930.6009817379295,169.11046067252755,238.5291060432791,277.9232034040615,178.66163737198804,5.6535225352455,5.74389765331266,5.615404830257153,1610.6108429376036,1612.7581800566986,1613.4648191183803,1610.589869087562,1,
lfm25,181,cap128_chunk2048_polfcfs_mem0.8,128,2048,fcfs,0.8,0,R_long_prefill,11.664174348574088,373.2535791543708,47029.95097345072,46656.69739429635,183.23684763163328,229.88977569621056,229.902479252778,167.38933988381177,4.792434058242267,8.062576717366614,5.297434095653795,331.8552349228412,332.65663308557123,332.7630132390186,331.60979684907943,1,
lfm25,181,cap128_chunk2048_polfcfs_mem0.8,128,2048,fcfs,0.8,0,R_medium_balanced,6.776289559963395,1734.7301273506291,7155.761775321345,5421.031647970716,134.4397710636258,149.24147399142385,150.33179866150022,123.14080956275576,4.160844005059962,4.416145376094123,4.103161926454335,1173.6676928121597,1232.0579568622634,1232.0749707287175,1169.4471008086111,1,
lfm25,181,cap128_chunk2048_polfcfs_mem0.8,128,2048,fcfs,0.8,0,R_short_decode,1.674002164670046,428.5445541555318,595.9447706225363,167.4002164670046,26.05738490819931,34.09008635208011,35.48219567164779,28.115132066886872,2.2266093248903167,2.231666680677899,2.2271767661649253,593.9556951634586,601.666466658935,602.8328607510775,595.766069192905,1,
lfm25,181,cap128_chunk2048_polfcfs_mem0.8,128,2048,fcfs,0.8,0,shared_prefix,23.220557389517115,5944.462691716381,60488.463536064446,54544.00084434807,496.47473846562207,971.12156287767,976.8763502500952,551.9451906402537,8.49607908714782,10.153329005994488,8.56184516629654,2716.8215236160904,2973.0898728128523,2975.024682828225,2735.215708045871,1,
lfm25,181,cap128_chunk2048_polfcfs_mem0.8,128,2048,fcfs,0.8,0,tool_agent,5.243764790124273,1087.1110974646135,15069.872098570491,13982.76100110588,199.3507461156696,590.2926859213035,655.1278608059511,244.86358762718737,3.970010904595256,112.32534898445006,19.576017883954677,656.3009237870574,2177.219217526726,2784.587672697375,936.4177460223436,1,
lfm25,182,cap128_chunk2048_polfcfs_mem0.85,128,2048,fcfs,0.85,0,R_concurrent_decode,21.42175545859476,5483.9693974002585,9768.32048911921,4284.351091718952,177.83755343407393,184.7279167966917,184.87596911843863,161.06093749112915,5.090579272740904,5.326226964757285,5.1626574591614816,1476.5478598419577,1482.3148411232978,1483.2915127789602,1477.538589577307,1,
lfm25,182,cap128_chunk2048_polfcfs_mem0.85,128,2048,fcfs,0.85,0,R_long_prefill,11.814353621125653,378.0593158760208,47635.47380037863,47257.4144845026,183.13238047994676,229.37381973024455,229.53082389663905,167.47899819165468,4.665581021277655,7.887237591128195,5.171873340112788,327.7687751688063,328.17380677443,328.19300105329603,327.8070717351511,1,
lfm25,182,cap128_chunk2048_polfcfs_mem0.85,128,2048,fcfs,0.85,0,R_medium_balanced,6.37061962720416,1630.878624564265,6727.374326327594,5096.495701763329,146.17811795324087,229.4718557968736,229.57660052925348,143.6858091619797,4.320454542689463,4.524492753633098,4.335616293303924,1249.392239842564,1251.3333066599444,1251.337173790671,1249.2679639544804,1,
lfm25,182,cap128_chunk2048_polfcfs_mem0.85,128,2048,fcfs,0.85,0,R_short_decode,1.6681003948880344,427.0337010913368,593.8437405801402,166.81003948880343,27.550366707146168,38.30217744689434,40.43469389434904,29.398764891084284,2.230928750599132,2.2345415519796896,2.231079401711576,596.3245967868716,606.8760267226025,608.7151139741763,598.0445486493409,1,
lfm25,182,cap128_chunk2048_polfcfs_mem0.85,128,2048,fcfs,0.85,0,shared_prefix,23.395808935051956,5989.3270873733,60944.98559726651,54955.65850989321,492.46140103787184,932.5156047707424,939.5734757790342,536.13738553031,8.472041301794496,10.160616469277324,8.549512376011275,2701.499692397192,2931.406534370035,2932.8083819756284,2716.2630414131854,1,
lfm25,182,cap128_chunk2048_polfcfs_mem0.85,128,2048,fcfs,0.85,0,tool_agent,5.246287660763578,1087.634126391201,15077.12248820032,13989.48836180912,190.5283930245787,546.6269278898835,640.4938114667311,234.57469248445705,3.8470782106742254,112.19504969194531,19.174412484491278,589.8190659936517,2159.9681615596637,2658.821421628812,921.3452848559244,1,
lfm25,183,cap128_chunk2048_polfcfs_mem0.9,128,2048,fcfs,0.9,0,R_concurrent_decode,21.75674985176154,5569.727962050954,9921.077932403265,4351.349970352308,147.13217550888658,154.30067917332053,154.51617338694632,131.08998707321007,5.14013745146347,5.300952617316415,5.204998049942101,1458.1911745481193,1461.2142267636957,1461.59631726332,1458.3644898084458,1,
lfm25,183,cap128_chunk2048_polfcfs_mem0.9,128,2048,fcfs,0.9,0,R_long_prefill,10.504314784706471,336.13807311060714,42353.3972119365,42017.259138825895,203.68376350961623,267.9400761378929,272.6087559154257,190.1355140144005,5.443338402396728,9.01603736734438,5.877877288918581,372.42725398391485,372.86056098528206,372.9083234164864,372.3497099708766,1,
lfm25,183,cap128_chunk2048_polfcfs_mem0.9,128,2048,fcfs,0.9,0,R_medium_balanced,6.688096357662415,1712.1526675615785,7062.629753691511,5350.477086129932,117.0807396993041,131.51963369455189,131.57348099630326,111.5183913789224,4.278728224373624,4.423477304825449,4.227937734914104,1189.9255618918687,1223.2282896293327,1223.4776945551855,1189.6425137820188,1,
lfm25,183,cap128_chunk2048_polfcfs_mem0.9,128,2048,fcfs,0.9,0,R_short_decode,1.6695974063589123,427.4169360278816,594.3766766637727,166.95974063589122,28.047350933775306,35.62659944873303,35.810660920105875,28.767939598765224,2.230364550818123,2.2356373344708227,2.23115057214668,596.5005534235388,604.5972413849086,604.8784652259201,597.431791597046,1,
lfm25,183,cap128_chunk2048_polfcfs_mem0.9,128,2048,fcfs,0.9,0,shared_prefix,22.679865120062622,5806.045470736031,59079.985519085625,53273.94004834959,496.0851715877652,1005.2593645406888,1095.5308413365856,567.6258767853142,8.670879529752568,10.59239425258163,8.76191947877398,2785.719169536605,3093.2936403900385,3095.1043916260824,2801.915343872679,1,
lfm25,183,cap128_chunk2048_polfcfs_mem0.9,128,2048,fcfs,0.9,0,tool_agent,5.244438872836066,1087.250844922009,15071.80932128302,13984.558476361011,195.93056477606297,546.4140839641914,625.4264479409902,233.15536445006728,3.838276397436857,110.1386823225766,19.24469758824094,604.9426330719143,2162.919017998501,2674.668868337752,921.3842270616442,1,
lfm25,184,cap128_chunk8192_pollpm_mem0.75,128,8192,lpm,0.75,0,R_concurrent_decode,21.836006497669693,5590.0176634034415,9957.21896293738,4367.201299533938,130.1717977039516,136.12871144432577,136.2417245004326,130.2973339188611,5.1766346071792,5.184665294455401,5.172209259106632,1449.5095449965447,1450.844618328847,1451.1640775529668,1449.2106949910522,1,
lfm25,184,cap128_chunk8192_pollpm_mem0.75,128,8192,lpm,0.75,0,R_long_prefill,12.210536792945245,390.7371773742478,49232.88434915522,48842.14717178097,217.64806704595685,219.5773433195427,219.63739602360877,203.2073293812573,3.2634815922187217,4.934309615993932,3.736233642895616,319.0662160050124,319.620030769147,319.68120463658124,319.0305723110214,1,
lfm25,184,cap128_chunk8192_pollpm_mem0.75,128,8192,lpm,0.75,0,R_medium_balanced,7.014435534690896,1795.695496880869,7407.243924633586,5611.548427752717,96.08018188737331,109.25125505309552,109.39144936855882,100.31313955551012,4.102728428209529,4.131115034368693,4.055804372125981,1134.6196895465257,1148.411495028995,1148.8634614972398,1134.5432544476353,1,
lfm25,184,cap128_chunk8192_pollpm_mem0.75,128,8192,lpm,0.75,0,R_short_decode,1.6745203365642105,428.6772061604378,596.1292398168589,167.45203365642104,24.70069145783782,34.029421070590615,34.837973611429334,26.59606386441737,2.231311957881439,2.236552207030601,2.2319883563393583,593.1389634497464,603.0383961740881,603.8014083076268,595.4734398983419,1,
lfm25,184,cap128_chunk8192_pollpm_mem0.75,128,8192,lpm,0.75,0,shared_prefix,21.8333244506764,5589.331059373159,56874.7867569284,51285.45569755524,597.4678806960583,1189.1619296977296,1287.38282521721,645.8625696031959,8.764082303855057,11.07080301525546,8.894865608282785,2899.066214449704,3223.8006182713434,3224.5981031330302,2914.053299715306,1,
lfm25,184,cap128_chunk8192_pollpm_mem0.75,128,8192,lpm,0.75,0,tool_agent,5.249724721566094,1088.3466806514746,15087.00013694354,13998.653456292066,260.2201602421701,531.8650167202577,628.5035723960027,278.41292436933145,3.665117242445166,74.74720892496407,15.29707145068983,499.11290337331593,2090.4227208578955,2558.543248311609,902.2775784763508,1,
lfm25,185,cap128_chunk8192_pollpm_mem0.8,128,8192,lpm,0.8,0,R_concurrent_decode,20.860746855886383,5340.351195106914,9512.50056628419,4172.149371177276,202.9955273028463,205.01877996139228,205.25745743419972,197.60586314077955,5.1509893983237305,5.390985437267113,5.172836602444066,1516.888401005417,1518.987207324244,1519.1116560716182,1516.6791967640163,1,
lfm25,185,cap128_chunk8192_pollpm_mem0.8,128,8192,lpm,0.8,0,R_long_prefill,11.962192682715582,382.7901658468986,48231.56089670923,47848.77073086233,224.76716618984935,226.59537997096777,226.6590384021401,209.86860536504537,3.260588258384697,4.971927079191851,3.750677862685294,326.1106456629932,326.49447112344205,326.5105942171067,326.1396191082895,1,
lfm25,185,cap128_chunk8192_pollpm_mem0.8,128,8192,lpm,0.8,0,R_medium_balanced,7.098377517611529,1817.1846445085516,7495.886658597775,5678.702014089223,95.35173000767828,102.00693865772335,102.1841776324436,96.22095755185,4.021959559188462,4.145626905009005,4.012534819433794,1119.5543776266277,1158.32029201556,1158.5483649978414,1119.4173365074676,1,
lfm25,185,cap128_chunk8192_pollpm_mem0.8,128,8192,lpm,0.8,0,R_short_decode,1.6632211534734036,425.7846152891913,592.1067306365317,166.32211534734034,28.98428961634636,35.2004588348791,35.486843972466886,29.515759088099003,2.2342094594576194,2.2388942164071426,2.235098894668899,598.5737810842693,604.7327186679468,605.1178184105083,599.1860093781725,1,
lfm25,185,cap128_chunk8192_pollpm_mem0.8,128,8192,lpm,0.8,0,shared_prefix,21.79918962492705,5580.5925439813245,56785.86713592129,51205.27459193997,648.5650120303035,1250.7241449551657,1288.769527003169,682.682509694132,8.531568741754572,10.875666293991255,8.765462475803718,2903.989734593779,3223.4454835765064,3225.794951072894,2917.87544102408,1,
lfm25,185,cap128_chunk8192_pollpm_mem0.8,128,8192,lpm,0.8,0,tool_agent,5.256965720649744,1089.8478483765016,15107.809790775074,14017.961942398571,226.04871541261676,497.2978140693157,539.4117512740195,246.84435815550387,3.590825736700069,47.95652078464627,11.808251835464612,506.7836761008948,2040.6980117084456,2567.8965083835583,855.9873802214861,1,
lfm25,186,cap128_chunk8192_pollpm_mem0.85,128,8192,lpm,0.85,0,R_concurrent_decode,21.77546393502013,5574.5187673651535,9929.61155436918,4355.092787004026,131.44494500011206,137.33436395414174,137.49572058673948,131.54457065684255,5.188517442301793,5.193835878836028,5.18288028194779,1452.697556000203,1456.2054019188508,1456.2977423565462,1453.1790425535291,1,
lfm25,186,cap128_chunk8192_pollpm_mem0.85,128,8192,lpm,0.85,0,R_long_prefill,12.181090115779677,389.7948837049496,49114.15534682365,48724.36046311871,219.1119380295277,220.6543315667659,220.82380549050868,207.6906473375857,3.2153814550369018,4.542133691270024,3.588149744656778,318.7887631356716,319.64588654227555,319.7111463639885,318.9232894219458,1,
lfm25,186,cap128_chunk8192_pollpm_mem0.85,128,8192,lpm,0.85,0,R_medium_balanced,6.771695374029069,1733.5540157514415,7150.910314974697,5417.356299223256,110.37744442000984,140.78102284111085,140.93855400569737,121.3175501616206,4.21992287624116,4.275927856546261,4.132494300389297,1175.270304782316,1199.4849732145667,1199.8180633410811,1175.1035967608914,1,
lfm25,186,cap128_chunk8192_pollpm_mem0.85,128,8192,lpm,0.85,0,R_short_decode,1.662517838486529,425.60456665255134,591.8563505012042,166.25178384865288,27.37392787821591,34.693510620854795,34.79967478197068,28.784190071746707,2.240015967182961,2.243476639285636,2.2402669209782022,598.1859918683767,605.8194235898554,606.0891086049378,599.7716464335099,1,
lfm25,186,cap128_chunk8192_pollpm_mem0.85,128,8192,lpm,0.85,0,shared_prefix,21.12986154367311,5409.244555180316,55042.29885900859,49633.05430382828,633.2828574813902,1220.5591453704983,1329.6436076611285,698.4158176128403,8.89172216457333,11.146810780662824,9.004269058912577,2976.539408322424,3277.688894281164,3279.1330733476207,2994.5044276355475,1,
lfm25,186,cap128_chunk8192_pollpm_mem0.85,128,8192,lpm,0.85,0,tool_agent,5.2772013028702816,1094.0429881045525,15165.9641222733,14071.921134168748,228.46382204443216,526.1729878839105,570.9423034405336,255.0103187165223,3.578996913426596,69.08329902216792,13.360112705255226,503.7374428939074,2079.022610024549,2568.385699288913,870.6486001354642,1,
lfm25,187,cap128_chunk8192_pollpm_mem0.9,128,8192,lpm,0.9,0,R_concurrent_decode,21.804112539247924,5581.852810047469,9942.675317897054,4360.822507849584,134.67032765038311,140.9912487259135,141.14399473648518,134.83924831962213,5.178407139564847,5.188734835452016,5.173077718777052,1453.7094493862242,1456.798225035891,1457.1960526704788,1453.9740666077705,1,
lfm25,187,cap128_chunk8192_pollpm_mem0.9,128,8192,lpm,0.9,0,R_long_prefill,12.67935543068567,405.7393737819414,51123.161096524615,50717.42172274268,205.97155392169952,206.87973583117127,206.9646918959916,194.61162691004571,3.208088207869761,4.509757345752609,3.584685765447155,305.76632521115243,306.33402082603425,306.4024586742744,305.73688563890755,1,
lfm25,187,cap128_chunk8192_pollpm_mem0.9,128,8192,lpm,0.9,0,R_medium_balanced,7.129685215199005,1825.1994150909447,7528.947587250149,5703.748172159204,92.60637406259777,96.98628983460368,97.10271055810152,93.8057126768399,4.0194768586433405,4.149459160444345,4.011396779085272,1117.0012129005045,1154.003074276261,1154.1430998360738,1116.7118913435845,1,
lfm25,187,cap128_chunk8192_pollpm_mem0.9,128,8192,lpm,0.9,0,R_short_decode,1.6703972340518929,427.6216919172845,594.6614153224738,167.03972340518928,24.794717784971,33.18223236128688,33.21894308552146,26.92912390921265,2.2361980130275088,2.24189342324554,2.23755322898256,595.684444764629,603.7159478990361,603.7937423354015,597.225122677628,1,
lfm25,187,cap128_chunk8192_pollpm_mem0.9,128,8192,lpm,0.9,0,shared_prefix,21.62734983409421,5536.601557528118,56338.23253579194,50801.63097826383,532.6393954455853,1325.3089488251137,1360.0789245869964,643.921308532299,8.589485568889215,11.476134916073551,9.007638773290832,2928.30878472887,3298.733976669609,3300.717874513939,2940.869195721461,1,
lfm25,187,cap128_chunk8192_pollpm_mem0.9,128,8192,lpm,0.9,0,tool_agent,5.272679545704709,1093.1055600177715,15152.969202616663,14059.863642598892,262.33144546858966,539.2183027230203,564.3070605536923,281.9602118432522,3.606062994471618,80.79741378314793,15.099128656199898,561.8696422316134,2082.7570867957547,2678.25269422959,902.962550073862,1,
lfm25,188,cap128_chunk8192_polfcfs_mem0.75,128,8192,fcfs,0.75,0,R_concurrent_decode,21.546718811828924,5515.960015828205,9825.30377819399,4309.343762365785,145.47364343889058,151.13106938079,151.26826259307563,144.8354353196919,5.188312837123578,5.194574680051529,5.182906370279014,1465.9736100584269,1470.34157612361,1470.5684620747345,1466.4765597408405,1,
lfm25,188,cap128_chunk8192_polfcfs_mem0.75,128,8192,fcfs,0.75,0,R_long_prefill,11.624960380946924,371.9987321903016,46871.840255978,46499.8415237877,229.50708982534707,230.19208523910493,230.23384091909972,212.64204487670213,3.2610298254557195,5.1761806319137245,3.8082674633891833,330.7729964144528,331.9425411755219,331.99620351661,330.6983362417668,1,
lfm25,188,cap128_chunk8192_polfcfs_mem0.75,128,8192,fcfs,0.75,0,R_medium_balanced,6.828086479585166,1747.9901387738023,7210.459322441936,5462.469183668133,111.86759755946696,117.3282207455486,117.42862085811794,113.33127992111258,4.125784190517722,4.271019684771696,4.118152289975471,1163.5395977646112,1205.180072458461,1205.3718174342066,1163.4601138648577,1,
lfm25,188,cap128_chunk8192_polfcfs_mem0.75,128,8192,fcfs,0.75,0,R_short_decode,1.6595240919727932,424.8381675450351,590.7905767423144,165.9524091972793,28.66226783953607,37.75498205795884,38.80482302978635,30.62000928912312,2.236850198139163,2.2403051608659945,2.237097126790625,598.4468793030828,608.259522379376,609.2336764605716,600.7995807449333,1,
lfm25,188,cap128_chunk8192_polfcfs_mem0.75,128,8192,fcfs,0.75,0,shared_prefix,20.8129593609968,5328.11759641518,54216.78352792661,48888.66593151142,714.4834499340504,1338.739867391996,1362.0922972355038,763.6258593302045,8.60645535730702,11.565249381751258,8.966347183370232,3025.2290964126587,3419.240664993413,3420.523756146431,3050.044391089614,1,
lfm25,188,cap128_chunk8192_polfcfs_mem0.75,128,8192,fcfs,0.75,0,tool_agent,5.218200330884768,1081.8112015973757,14996.403293918154,13914.592092320778,219.29387748241425,506.7270301980897,531.2769777141511,249.7393222991377,3.382317166529253,31.963811442255903,9.592111573300407,520.3913687728345,2143.7005628831685,2581.457710335957,860.3329621255398,1,
lfm25,189,cap128_chunk8192_polfcfs_mem0.8,128,8192,fcfs,0.8,0,R_concurrent_decode,21.63269393193955,5537.969646576525,9864.508432964434,4326.53878638791,150.03495197743177,153.01562873646617,153.15374560188502,148.93113414291292,5.170323682364588,5.175015596472019,5.173566045328592,1468.1374405045062,1471.0921801626682,1471.2690224638209,1468.1904757017037,1,
lfm25,189,cap128_chunk8192_polfcfs_mem0.8,128,8192,fcfs,0.8,0,R_long_prefill,8.587992228621669,274.8157513158934,34626.78466580257,34351.96891448667,323.965975549072,356.16658164653927,356.1915257992223,304.6834262786433,4.2008703138919605,7.372801445965323,4.823540739204374,454.2968892492354,454.7615467570722,454.8044824413955,454.2131891939789,1,
lfm25,189,cap128_chunk8192_polfcfs_mem0.8,128,8192,fcfs,0.8,0,R_medium_balanced,7.074166609860327,1810.986652124244,7470.319940012505,5659.333287888261,93.80209841765463,96.21406777296215,96.34821985382588,94.04804074438287,4.050526925928744,4.142975750123607,4.043546144384891,1125.1931560691446,1151.6059675486758,1151.7928675049916,1125.15230756253,1,
lfm25,189,cap128_chunk8192_polfcfs_mem0.8,128,8192,fcfs,0.8,0,R_short_decode,1.6636346847637065,425.89047929950885,592.2539477758795,166.36346847637063,26.99322788976133,35.72126436047256,37.37664661370218,28.7287860410288,2.236859935938436,2.242135198339167,2.2378074207997907,597.3528244066983,606.7361964611337,608.7439019745216,599.0893351263367,1,
lfm25,189,cap128_chunk8192_polfcfs_mem0.8,128,8192,fcfs,0.8,0,shared_prefix,21.321075395504163,5458.195301249066,55540.40197987919,50082.20667863012,710.8998796902597,1292.6860748557374,1300.9423183603212,727.8502306653536,8.677301927487932,11.295245693558275,8.83853579718704,2963.80873513408,3288.5919178836048,3290.1788649801165,2981.676858948049,1,
lfm25,189,cap128_chunk8192_polfcfs_mem0.8,128,8192,fcfs,0.8,0,tool_agent,5.256329844962631,1089.7160218084275,15105.98236989353,14016.266348085102,228.73404808342457,506.5773973008613,537.9297477891669,252.88253139471635,3.3324573987296646,30.40111172012982,10.011766857080582,485.6987474486232,2100.051379599608,2548.4002718422503,862.6284746266901,1,
lfm25,190,cap128_chunk8192_polfcfs_mem0.85,128,8192,fcfs,0.85,0,R_concurrent_decode,22.05467703462233,5645.997320863316,10056.932727787782,4410.9354069244655,132.96533096581695,135.91268968302757,135.97002609167248,131.5216991933994,5.118313378782249,5.122141598942963,5.117299979639368,1435.8685603365302,1439.3003941047937,1439.827195466496,1436.433194001438,1,
lfm25,190,cap128_chunk8192_polfcfs_mem0.85,128,8192,fcfs,0.85,0,R_long_prefill,12.17403229999162,389.5690335997318,49085.69823356621,48696.12919996648,218.97100191563368,220.5876064253971,220.61509878840295,206.0527232242748,3.2419971520862267,4.736563770641242,3.664145002051467,319.5874651428312,320.26572674512863,320.339132770896,319.6412182878703,1,
lfm25,190,cap128_chunk8192_polfcfs_mem0.85,128,8192,fcfs,0.85,0,R_medium_balanced,6.674151162870997,1708.5826976949752,7047.903627991773,5339.320930296798,114.36734488233924,232.45623405091465,232.5990298297256,144.95226190774702,4.232143183403156,4.279883942274632,4.099267638087565,1190.6300813425332,1204.8888033023104,1205.727776768617,1190.265509620076,1,
lfm25,190,cap128_chunk8192_polfcfs_mem0.85,128,8192,fcfs,0.85,0,R_short_decode,1.6657896253706113,426.4421440948765,593.0211066319376,166.57896253706113,28.74937793239951,36.25071467831731,36.713501159101725,29.01708672288805,2.2324172980791213,2.241412587555881,2.2344227393710794,597.9663056787103,607.670008810237,608.5889063123614,598.515099438373,1,
lfm25,190,cap128_chunk8192_polfcfs_mem0.85,128,8192,fcfs,0.85,0,shared_prefix,21.63771276536956,5539.254467934607,56365.227486001815,50825.97301806721,720.4701188020408,1148.181759356521,1175.6494705518708,706.9773191542481,8.614385272284933,10.79764219055719,8.75487805125315,2927.122345659882,3139.07298380509,3141.186846513301,2939.4712222238013,1,
lfm25,190,cap128_chunk8192_polfcfs_mem0.85,128,8192,fcfs,0.85,0,tool_agent,5.2521255872916965,1088.844416129378,15093.899900922052,14005.055484792674,229.93606515228748,523.2661925256252,530.414441684261,255.9135773731396,3.292445391995338,34.54076917842028,9.83792630138357,501.2360191904008,2052.372179273516,2566.197117888363,857.465237530414,1,
lfm25,191,cap128_chunk8192_polfcfs_mem0.9,128,8192,fcfs,0.9,0,R_concurrent_decode,21.593439967309195,5527.920631631154,9846.608625092991,4318.687993461839,146.0628060158342,148.04614142049104,148.21993401739746,144.91013930819463,5.186640013776281,5.190696580445064,5.19018931121465,1468.2170879095793,1470.8921123761684,1471.9121349602938,1468.4084136679303,1,
lfm25,191,cap128_chunk8192_polfcfs_mem0.9,128,8192,fcfs,0.9,0,R_long_prefill,11.97488354581037,383.1962734659318,48282.73045670741,47899.53418324148,227.7442505583167,229.28641168400645,229.32053765282035,215.73746774811295,3.1794172396222438,4.56853729086898,3.570267671508895,326.4483765233308,327.00368389487267,327.05241180956364,326.4157655648887,1,
lfm25,191,cap128_chunk8192_polfcfs_mem0.9,128,8192,fcfs,0.9,0,R_medium_balanced,6.634027024737359,1698.310918332764,7005.532538122651,5307.221619789887,125.0499584712088,182.3102852795273,182.4362859595567,140.21822332870215,4.212802172839349,4.284873473234327,4.15837980292251,1198.8518068101257,1205.370482057333,1205.68076223135,1198.7307940144092,1,
lfm25,191,cap128_chunk8192_polfcfs_mem0.9,128,8192,fcfs,0.9,0,R_short_decode,1.6837352135614474,431.0362146717305,599.4097360278753,168.37352135614475,23.156773997470737,29.41812344361097,29.599092439748347,24.600349890533835,2.2291512392899566,2.2323715013871883,2.229058031248404,591.653916053474,597.6619865512475,597.7505586249754,592.7309247781523,1,
lfm25,191,cap128_chunk8192_polfcfs_mem0.9,128,8192,fcfs,0.9,0,shared_prefix,21.311013517868904,5455.61946057444,55514.191260289845,50058.571799715406,727.5533976498991,1292.0449063647538,1292.5648905755952,732.9036056689802,8.678182461025084,11.24280132554179,8.831548034404655,2973.8954161293805,3266.2348043639213,3268.0571917723864,2984.948354442168,1,
lfm25,191,cap128_chunk8192_polfcfs_mem0.9,128,8192,fcfs,0.9,0,tool_agent,5.247551091461696,1087.8960545263817,15080.753417463566,13992.857362937184,224.5004177093506,512.7384975086898,528.104035211727,251.868449493777,3.2838173184312334,34.1788197867572,9.583436189558476,489.723214879632,2068.2420070050284,2535.578462081026,851.5368416369893,1,
qwen,0,cap8_chunk-1_pollpm_mem0.75,8,-1,lpm,0.75,0,R_concurrent_decode,4.297292460501166,1100.1068698882984,1959.5653619885315,859.4584921002332,3055.4104605689645,5563.859006785788,5564.036920676008,3039.3358784203883,6.592237470786998,7.329479075201294,6.679961392841232,4672.939721960574,7432.728059380315,7432.950223954394,4742.523421373335,1,
qwen,0,cap8_chunk-1_pollpm_mem0.75,8,-1,lpm,0.75,0,R_long_prefill,9.144304300177822,292.6177376056903,36869.83493831698,36577.21720071129,236.94036598317325,237.3467776691541,237.3827420128509,202.09376071579757,6.1162229206773535,9.983513646218324,7.250122617058937,426.6282257158309,427.5899186963216,427.7155878441408,426.8475618446246,1,
qwen,0,cap8_chunk-1_pollpm_mem0.75,8,-1,lpm,0.75,0,R_medium_balanced,4.5555553815904695,1166.2221776871602,4810.666482959536,3644.444305272376,142.1174150891602,143.6196092981845,143.77044499851763,135.94506919616833,6.392804094060672,6.717822889286076,6.3286384370168856,1749.4457149878144,1842.293661669828,1842.54535373766,1749.747870635474,1,
qwen,0,cap8_chunk-1_pollpm_mem0.75,8,-1,lpm,0.75,0,R_short_decode,0.883149822673012,226.08635460429107,314.40133687159226,88.31498226730119,45.305918203666806,53.330171667039394,53.56158498674631,46.85630107996985,4.247133752477228,4.253885916105526,4.2484318499690765,1128.6423450801522,1137.0369860669598,1137.226273375563,1130.2064228220845,1,
qwen,0,cap8_chunk-1_pollpm_mem0.75,8,-1,lpm,0.75,0,shared_prefix,5.272963323249385,1349.8786107518426,13452.771263517883,12102.89265276604,6320.338280871511,20112.230454804376,22502.65656010248,8165.293732752616,5.503699485755656,6.437942116451634,5.578108484556316,7693.293739110231,21467.519508767877,23844.409738564867,9584.702538697456,1,
qwen,0,cap8_chunk-1_pollpm_mem0.75,8,-1,lpm,0.75,0,tool_agent,3.694274352031396,765.8784872913888,10740.216052686796,9974.337565395406,1646.8139528296888,37822.614332987,44274.24094621557,5820.71285815211,9.319046095484836,23.187381384502103,12.062011826823095,2435.34361384809,41094.01170606723,48033.835348058485,7732.334083192982,1,
qwen,1,cap8_chunk-1_pollpm_mem0.8,8,-1,lpm,0.8,0,R_concurrent_decode,4.518206385288275,1156.6608346337985,2060.3021116914533,903.641277057655,2681.8286913912743,5200.156892556697,5200.310998042114,2667.0947152742883,6.570645022203564,7.326899785913673,6.673567279952873,4302.232684800401,7068.481342121959,7068.646219209768,4368.651694749133,1,
qwen,1,cap8_chunk-1_pollpm_mem0.8,8,-1,lpm,0.8,0,R_long_prefill,8.793090587802016,281.3788988096645,35453.74125001773,35172.36235120807,214.5370538346469,250.05036992952228,255.04061399027705,196.5179566759616,7.490101210292309,10.627314847172988,8.074693607106324,446.8141419347376,447.25529386196285,447.2847139509395,446.83345849625766,1,
qwen,1,cap8_chunk-1_pollpm_mem0.8,8,-1,lpm,0.8,0,R_medium_balanced,4.5956316113114655,1176.4816924957352,4852.986981544907,3676.505289049173,126.0428458917886,130.8127553202212,130.94851421192288,123.78784400061704,6.365752694032648,6.69653098208501,6.320773375074507,1735.6279068626463,1829.3630994157863,1829.7037134179843,1735.5850546446163,1,
qwen,1,cap8_chunk-1_pollpm_mem0.8,8,-1,lpm,0.8,0,R_short_decode,0.8807083812334024,225.46134559575103,313.5321837190913,88.07083812334024,48.399918945506215,53.01797329448164,53.06409548036754,48.91979368403554,4.2545217618930575,4.2621973327671485,4.255367019076777,1133.8629825040698,1137.3407838866117,1137.7677566930652,1134.0383835486136,1,
qwen,1,cap8_chunk-1_pollpm_mem0.8,8,-1,lpm,0.8,0,shared_prefix,5.2849494647247175,1352.9470629695277,13483.351187882014,12130.404124912486,6312.502202112228,20059.431789140217,22453.87345315889,8133.462952224363,5.531417585468509,6.472342783475623,5.584922449238589,7712.73110085167,21414.815158071,23795.67931899336,9557.286374103567,1,
qwen,1,cap8_chunk-1_pollpm_mem0.8,8,-1,lpm,0.8,0,tool_agent,4.120911883361252,854.3268470990379,11980.562282020834,11126.235434921797,1410.9680969268084,7335.717596299944,38638.16221754066,3081.604156617541,9.482708019964912,13.322747057597883,9.755938267738376,2057.619271567092,11829.726125812153,42356.588158830986,4863.806633490603,1,
qwen,2,cap8_chunk-1_pollpm_mem0.85,8,-1,lpm,0.85,0,R_concurrent_decode,4.270416061789867,1093.226511818206,1947.3097241761795,854.0832123579735,3091.113707749173,5609.76364929229,5609.847323815338,3074.48327774182,6.60359853283977,7.331854700676951,6.68929363397111,4711.6168341599405,7479.157311585732,7479.427771661431,4780.050242625293,1,
qwen,2,cap8_chunk-1_pollpm_mem0.85,8,-1,lpm,0.85,0,R_long_prefill,8.900083408093135,284.8026690589803,35885.13630143152,35600.333632372545,174.6825932059437,238.5477245552465,247.5473390659317,174.73775905091316,8.58892920997835,10.65168722247284,8.58729564013981,440.93939871527255,441.2404995411634,441.2673985213041,440.9439238952473,1,
qwen,2,cap8_chunk-1_pollpm_mem0.85,8,-1,lpm,0.85,0,R_medium_balanced,3.685031072049664,943.367954444714,3891.392812084445,2948.0248576397307,515.7579143997282,976.337093859911,976.3951636850834,549.3044112226926,6.39987740410017,6.74406673996618,6.336553449235747,2165.2011377736926,2674.719861708581,2675.2513816580176,2165.125540777808,1,
qwen,2,cap8_chunk-1_pollpm_mem0.85,8,-1,lpm,0.85,0,R_short_decode,0.8784927222619496,224.8941368990591,312.74340912525406,87.84927222619496,49.252083990722895,51.775567745789886,52.63383771292865,49.17024343740195,4.2603515335084765,4.267350350798782,4.261474018487348,1135.3313301224262,1139.8616325343028,1140.9849122958258,1135.846118151676,1,
qwen,2,cap8_chunk-1_pollpm_mem0.85,8,-1,lpm,0.85,0,shared_prefix,5.299899473539745,1356.7742652261747,13521.492748262186,12164.718483036011,6309.764555422589,19986.85906154569,22388.5436299583,8111.213019394199,5.512168534169506,6.477643934621176,5.55482474943554,7712.596704019234,21344.11448610481,23731.59852354788,9525.253753887228,1,
qwen,2,cap8_chunk-1_pollpm_mem0.85,8,-1,lpm,0.85,0,tool_agent,3.767442952890524,781.0474357784989,10952.936199220503,10171.888763442004,1574.3990819901228,36223.65699922665,43412.33864265493,5339.124866267666,9.209241898770744,19.28545493366462,10.725953704674644,2755.9459533076733,39523.548240330965,47724.30397548713,7257.197546255775,1,
qwen,3,cap8_chunk-1_pollpm_mem0.9,8,-1,lpm,0.9,0,R_concurrent_decode,4.464724634992336,1142.969506558038,2035.9144335565052,892.9449269984673,2762.742507969961,5284.761707205325,5284.911836520769,2745.573662541574,6.5731724387563055,7.324507328973827,6.684943999276447,4383.7681140284985,7152.542222337797,7152.59921876248,4450.031843516626,1,
qwen,3,cap8_chunk-1_pollpm_mem0.9,8,-1,lpm,0.9,0,R_long_prefill,9.126644713055107,292.05263081776343,36798.63148303819,36506.57885222042,240.2685133274645,240.547564974986,240.572117860429,205.87967918254435,6.108144643686471,9.91260762506675,7.224893741940538,429.671473801136,430.3753002081066,430.4737720359117,429.85138518270105,1,
qwen,3,cap8_chunk-1_pollpm_mem0.9,8,-1,lpm,0.9,0,R_medium_balanced,4.600142856382083,1177.6365712338134,4857.75085633948,3680.114285105667,125.27517904527484,128.92920069862157,129.04140672180802,122.67112103290856,6.360594523778441,6.695953147102366,6.3182296415142645,1733.8915620930493,1827.8226156253368,1827.9268367681648,1733.819679619046,1,
qwen,3,cap8_chunk-1_pollpm_mem0.9,8,-1,lpm,0.9,0,R_short_decode,0.8806599767256825,225.44895404177475,313.51495171434294,88.06599767256824,48.575273249298334,50.51527570467442,50.55258502718061,48.49251237465069,4.254582240337543,4.263418210834703,4.256654174441435,1133.5956568364054,1136.763261212036,1136.8307060655206,1133.9393268572169,1,
qwen,3,cap8_chunk-1_pollpm_mem0.9,8,-1,lpm,0.9,0,shared_prefix,5.292679254380005,1354.9258891212812,13503.071994907012,12148.14610578573,6329.921526135877,20005.454852222465,22404.52868431807,8120.608055804041,5.529975999954507,6.455884243398174,5.549114713930062,7698.822246165946,21361.18208051193,23748.245452269915,9533.944780545426,1,
qwen,3,cap8_chunk-1_pollpm_mem0.9,8,-1,lpm,0.9,0,tool_agent,4.144607511843399,859.2393063178142,12049.45163488184,11190.212328564025,1203.4412613138556,6694.960260041983,38319.22929476946,2912.082590672653,9.46807883385765,14.889170690316735,9.95345535136834,1759.468498872593,11631.216532224787,42135.85035254247,4679.195394814014,1,
qwen,4,cap8_chunk-1_polfcfs_mem0.75,8,-1,fcfs,0.75,0,R_concurrent_decode,4.52841254360845,1159.2736111637632,2064.956119885453,905.68250872169,2663.249972043559,5178.431419562548,5178.628810476512,2651.7494293220807,6.575602243702024,7.339374264884813,6.680211579077428,4285.598143236712,7049.95514578186,7050.195605852641,4355.000390132773,1,
qwen,4,cap8_chunk-1_polfcfs_mem0.75,8,-1,fcfs,0.75,0,R_long_prefill,8.308351370395327,265.86724385265046,33499.272725433955,33233.40548158131,228.72315836139023,274.61196295917034,281.069415807724,209.18547885958105,7.891625661643282,11.534473334529224,8.5241055799528,473.363553872332,474.01947090402246,474.0662573464215,473.4327518381178,1,
qwen,4,cap8_chunk-1_polfcfs_mem0.75,8,-1,fcfs,0.75,0,R_medium_balanced,4.640977936552923,1188.0903517575482,4900.872700999887,3712.7823492423386,100.41062370873988,121.6965647181496,121.85558814089744,107.68914880463852,6.372565138792875,6.673978293752845,6.317359360857118,1718.7312163878232,1798.5297972336411,1798.6124550923705,1718.6157858232036,1,
qwen,4,cap8_chunk-1_polfcfs_mem0.75,8,-1,fcfs,0.75,0,R_short_decode,0.8808773899716759,225.50461183274905,313.5923508299166,88.08773899716759,47.38262994214893,52.0194057142362,53.8282274408266,47.32911480823532,4.260331558465373,4.26697049143852,4.26100488026243,1133.2160613965243,1137.9585330141708,1138.9811431756243,1133.8853592751548,1,
qwen,4,cap8_chunk-1_polfcfs_mem0.75,8,-1,fcfs,0.75,0,shared_prefix,5.297918433537468,1356.267118985592,13516.438573525753,12160.17145454016,10267.533869482577,10800.43414265383,10801.618113238364,8064.585468669975,5.498730793924016,6.35570377841884,5.596221118227497,11718.946722568944,12383.708154945634,12384.980930816382,9489.277793494692,1,
qwen,4,cap8_chunk-1_polfcfs_mem0.75,8,-1,fcfs,0.75,0,tool_agent,4.197358439584064,870.1753649023702,12202.812297065166,11332.636932162795,5749.757975107059,9163.02470942028,9652.30536997784,5276.416973269079,9.459146358682936,12.049112522526451,9.55473991637348,6902.853048639372,12287.587166321464,13483.668345925393,7046.059544978198,1,
qwen,5,cap8_chunk-1_polfcfs_mem0.8,8,-1,fcfs,0.8,0,R_concurrent_decode,4.512312029179286,1155.1518794698973,2057.6142853057545,902.4624058358572,2680.7288927957416,5201.878984807991,5202.129894727841,2668.3296280243667,6.576581223937859,7.347297670191847,6.688045708011583,4305.813969112933,7075.370050803758,7075.668963654898,4373.578347614966,1,
qwen,5,cap8_chunk-1_polfcfs_mem0.8,8,-1,fcfs,0.8,0,R_long_prefill,8.739154083670085,279.6529306774427,35236.26926535778,34956.616334680344,216.09294298104945,251.8027377082035,256.8222971400246,197.74050917476416,7.49667067711632,10.686130042848806,8.096103207208216,448.6007713712752,449.3012792663649,449.3850181112066,448.71970859821886,1,
qwen,5,cap8_chunk-1_polfcfs_mem0.8,8,-1,fcfs,0.8,0,R_medium_balanced,4.4812374290910055,1147.1967818472974,4732.186725120101,3584.9899432728043,146.50692441500723,193.1350858649239,193.1792403338477,161.093740753131,6.401832766063949,6.741792192755669,6.33747153196429,1777.380933985114,1891.0379211883992,1891.586515074596,1777.148981404025,1,
qwen,5,cap8_chunk-1_polfcfs_mem0.8,8,-1,fcfs,0.8,0,R_short_decode,0.8854508160021437,226.6754088965488,315.22049049676315,88.54508160021437,45.93805642798543,50.732784694992006,52.67202756833285,46.32394947111607,4.23850564870472,4.248464596640392,4.240571458449624,1126.5952405519783,1133.1473222235218,1134.5826366217807,1127.66967137577,1,
qwen,5,cap8_chunk-1_polfcfs_mem0.8,8,-1,fcfs,0.8,0,shared_prefix,5.29713710935471,1356.067099994806,13514.445201892206,12158.3781018974,10287.122177658604,10808.188034128398,10809.173558307812,8064.924744703603,5.498462978421766,6.348849846342323,5.580206013097138,11735.583996865898,12384.773595491424,12385.508538843133,9485.546364532638,1,
qwen,5,cap8_chunk-1_polfcfs_mem0.8,8,-1,fcfs,0.8,0,tool_agent,4.156779883833071,861.7628216168531,12084.839885072532,11223.07706345568,6066.398264141753,9409.762598597445,9906.17565057706,5484.458605193067,9.64650214212922,12.06665172834288,9.637404966842883,7265.403266297653,12662.895856751127,13899.47824617382,7273.510814525653,1,
qwen,6,cap8_chunk-1_polfcfs_mem0.85,8,-1,fcfs,0.85,0,R_concurrent_decode,4.491124541807314,1149.7278827026723,2047.9527910641352,898.2249083614629,2708.0465615727007,5242.143903742544,5242.338956180029,2694.523096186458,6.5757260378716165,7.328730883332444,6.677369987924749,4328.254605876282,7110.88916643057,7111.202153703198,4397.049831270124,1,
qwen,6,cap8_chunk-1_polfcfs_mem0.85,8,-1,fcfs,0.85,0,R_long_prefill,7.435226264690311,237.92724047008997,29978.832299231333,29740.905058761244,257.9980855807662,328.0675093177706,337.9354737419635,241.9125159503892,8.742007922621504,12.789921615002374,9.266055361818404,529.0997338015586,529.7766978852451,529.8295937292278,529.1602321667597,1,
qwen,6,cap8_chunk-1_polfcfs_mem0.85,8,-1,fcfs,0.85,0,R_medium_balanced,4.6111809007113145,1180.4623105820965,4869.407031151148,3688.944720569052,117.176977917552,126.41278561204672,126.5580115839839,119.23860741080716,6.359470894048903,6.677431036608622,6.315564322650578,1729.7475528903306,1818.0244916584345,1818.0799524765464,1729.7075096867047,1,
qwen,6,cap8_chunk-1_polfcfs_mem0.85,8,-1,fcfs,0.85,0,R_short_decode,0.8784946950491208,224.89464193257493,312.74411143748705,87.84946950491208,51.48978158831597,57.85067558754236,59.455329538322985,52.015584777109325,4.253673402811675,4.259265789524743,4.254053622557252,1136.6240428760648,1141.6819687001407,1142.8592449985445,1136.7992585292086,1,
qwen,6,cap8_chunk-1_polfcfs_mem0.85,8,-1,fcfs,0.85,0,shared_prefix,5.297835534428384,1356.2458968136664,13516.227075230754,12159.981178417089,10289.721701992676,10806.678019929675,10807.204371970149,8064.807239952643,5.495091910273128,6.343276746498019,5.5875282020654575,11737.207697704434,12387.66304536257,12388.600268475711,9487.322572058474,1,
qwen,6,cap8_chunk-1_polfcfs_mem0.85,8,-1,fcfs,0.85,0,tool_agent,4.172746693887085,865.0729808432009,12131.259553270163,11266.186572426965,5850.919869029895,9222.899920353666,9682.049982128665,5353.65465571871,9.483424139787155,12.170026800350138,9.61952869186982,7054.803002392873,12486.42156526912,13726.34796759579,7135.037208499853,1,
qwen,7,cap8_chunk-1_polfcfs_mem0.9,8,-1,fcfs,0.9,0,R_concurrent_decode,3.5511924960890675,909.1052789988012,1619.3437782166147,710.2384992178135,4597.215316258371,7121.769274165854,7121.907345191576,4371.618003671756,6.567886535029974,7.327295116276717,6.680079542149911,6217.195300152525,8990.165582019836,8990.243498804048,6074.835583989625,1,
qwen,7,cap8_chunk-1_polfcfs_mem0.9,8,-1,fcfs,0.9,0,R_long_prefill,8.8194923608569,282.2237555474208,35560.19319897502,35277.9694434276,173.91450726427138,239.1956496518105,248.3905369695276,173.45461272634566,8.613098495369478,10.7958794038202,8.634498504350983,440.9205606207252,441.7426074622199,441.858368194662,441.1240663612261,1,
qwen,7,cap8_chunk-1_polfcfs_mem0.9,8,-1,fcfs,0.9,0,R_medium_balanced,4.597831180843971,1177.0447822960566,4855.309726971233,3678.2649446751766,125.0706184655428,131.02530664764345,131.14549810998142,123.54635674273597,6.353506762716992,6.692398589688773,6.313837310025359,1733.8070415426046,1822.2170427907256,1822.674565622583,1733.5748707992025,1,
qwen,7,cap8_chunk-1_polfcfs_mem0.9,8,-1,fcfs,0.9,0,R_short_decode,0.881104845702645,225.56284049987715,313.67332507014163,88.1104845702645,47.11025161668658,52.03930546995253,52.74421289097518,47.7176676504314,4.25832542116005,4.263596365995267,4.258236370058548,1132.966835051775,1137.5926670152694,1137.8203547094015,1133.567942015361,1,
qwen,7,cap8_chunk-1_polfcfs_mem0.9,8,-1,fcfs,0.9,0,shared_prefix,5.300965032546778,1357.0470483319752,13524.211280652917,12167.164232320942,10266.187041066589,10789.892494515516,10790.950409020295,8049.817613435152,5.492343393830108,6.338470674065106,5.613819596749404,11713.47116632387,12382.540944684297,12383.81513256114,9479.623874638492,1,
qwen,7,cap8_chunk-1_polfcfs_mem0.9,8,-1,fcfs,0.9,0,tool_agent,3.848389155093775,797.828797688266,11188.26785503793,10390.439057349664,9930.760501185432,13233.00993205048,13803.13442937564,8762.178754063789,9.663109209966558,13.740550964696949,10.001118940837118,10816.829215968028,16408.66386252455,17778.768146294165,10652.276741780806,1,
qwen,8,cap8_chunk2048_pollpm_mem0.75,8,2048,lpm,0.75,0,R_concurrent_decode,4.517790333100812,1156.5543252738078,2060.1123918939697,903.5580666201622,2687.7944639418274,5198.999478924088,5199.128949525766,2671.236185866292,6.585456368597378,7.3220960707312415,6.67375874277341,4304.218253353611,7066.147042601369,7066.193212629296,4372.84220874426,1,
qwen,8,cap8_chunk2048_pollpm_mem0.75,8,2048,lpm,0.75,0,R_long_prefill,6.221803988906701,199.09772764501443,25086.31368327182,24887.215955626805,254.7975080087781,423.766024201177,442.1596761373803,261.259417864494,12.234209608587046,17.00130697159517,12.033619347118565,634.1065224260092,634.8436982836574,634.9460304807872,634.3016176251695,1,
qwen,8,cap8_chunk2048_pollpm_mem0.75,8,2048,lpm,0.75,0,R_medium_balanced,4.502710349553984,1152.69384948582,4754.862129129007,3602.168279643188,143.0997543502599,182.75107129011303,182.81746294815093,148.70589115889743,6.464047488920829,6.719617659737375,6.360684747821377,1770.8292664028704,1843.233594670892,1843.3131914585829,1770.6805018533487,1,
qwen,8,cap8_chunk2048_pollpm_mem0.75,8,2048,lpm,0.75,0,R_short_decode,0.8782276074830321,224.8262675156562,312.64902826395945,87.82276074830321,49.94222242385149,54.06501344405115,54.15811653248966,49.69667625846341,4.261044969818755,4.268457689870368,4.262844106757685,1137.1847074478865,1141.909583285451,1142.4083279073238,1136.721923481673,1,
qwen,8,cap8_chunk2048_pollpm_mem0.75,8,2048,lpm,0.75,0,shared_prefix,5.292677069254286,1354.9253297290973,13503.066420053809,12148.14109032471,6872.358896071091,20273.858707072188,21413.38160829153,8098.505038469739,5.497890672147802,6.18519384523525,5.515065897859269,8359.766420442611,21659.90809889042,22757.963911686093,9502.624160515552,1,
qwen,8,cap8_chunk2048_pollpm_mem0.75,8,2048,lpm,0.75,0,tool_agent,3.9866080702383817,826.48365208147,11590.106178281238,10763.622526199768,2009.0806940570476,40491.14412365014,44085.530601753846,7890.842860052362,9.659308538010174,14.47863614999269,15.54118304246298,5810.586399631575,41594.00246385485,44910.17054924741,9737.885399921795,1,
qwen,9,cap8_chunk2048_pollpm_mem0.8,8,2048,lpm,0.8,0,R_concurrent_decode,4.451905508376958,1139.687810144501,2030.068911819893,890.3811016753916,2779.9669697415084,5305.990679329261,5306.208829870448,2761.974492867012,6.570610368171538,7.323191952435117,6.683023285914182,4400.249831611291,7173.333916882984,7173.610591054894,4465.942949376768,1,
qwen,9,cap8_chunk2048_pollpm_mem0.8,8,2048,lpm,0.8,0,R_long_prefill,7.554333029832102,241.7386569546273,30459.070776283035,30217.332119328406,233.64471038803455,320.7443851279095,327.37371309194714,227.37564204726368,9.167789691878903,12.689890642650424,9.37982764275324,518.2544230483472,518.801377271302,518.8493734458461,518.1502989726141,1,
qwen,9,cap8_chunk2048_pollpm_mem0.8,8,2048,lpm,0.8,0,R_medium_balanced,4.469959709819345,1144.3096857137523,4720.277453569228,3575.967767855476,163.2736010942608,186.15879502613095,186.82635019067675,151.85996529180557,6.4676603859327,6.84793090319955,6.397077604767629,1782.950694207102,1864.2225820804013,1864.3236602889372,1783.114754507551,1,
qwen,9,cap8_chunk2048_pollpm_mem0.8,8,2048,lpm,0.8,0,R_short_decode,0.8788293844451924,224.9803224179693,312.8632608624885,87.88293844451924,49.62152848020196,54.90544869098812,55.31522904057056,50.26582407299429,4.257067582369142,4.263671446755967,4.25824334310806,1134.7780984360725,1139.7865102859214,1139.8678702348843,1136.1178765655495,1,
qwen,9,cap8_chunk2048_pollpm_mem0.8,8,2048,lpm,0.8,0,shared_prefix,5.292226143242367,1354.809892670046,13501.91598449732,12147.106091827274,6877.6471670717,20283.51322044616,21421.27178066876,8090.527516746079,5.5112653334458415,6.176025194992476,5.542848906915502,8362.06265212968,21668.616003636245,22764.5585433254,9503.386538377526,1,
qwen,9,cap8_chunk2048_pollpm_mem0.8,8,2048,lpm,0.8,0,tool_agent,3.956251554760726,820.1902910752199,11501.851895093669,10681.661604018447,2104.540982050821,41008.238949836224,44313.42274068388,8035.7438756665215,9.72222196150746,15.356754930219562,16.14326388917172,6023.936381097883,41985.00083240215,45236.3096748758,9899.199357682372,1,
qwen,10,cap8_chunk2048_pollpm_mem0.85,8,2048,lpm,0.85,0,R_concurrent_decode,3.5875979565659093,918.4250768808728,1635.9446681940549,717.5195913131819,4508.627344155684,7033.290470065549,7033.417207808234,4276.181000022916,6.579445550698912,7.339059054650659,6.695440012722316,6131.162008503452,8904.808070953004,8904.838358354755,5983.3153035870055,1,
qwen,10,cap8_chunk2048_pollpm_mem0.85,8,2048,lpm,0.85,0,R_long_prefill,7.770693712587229,248.66219880279127,31331.437049151704,31082.774850348917,213.86347897350788,306.481427885592,314.21063493937254,211.29845071118325,9.406315027585912,12.70289430995622,9.497336175803456,505.7196409907192,506.3141575781629,506.3748436188325,505.7158721610904,1,
qwen,10,cap8_chunk2048_pollpm_mem0.85,8,2048,lpm,0.85,0,R_medium_balanced,3.476536780946164,889.9934159222179,3671.2228406791487,2781.2294247569307,188.95899690687656,1184.2263180296868,1184.5100515987724,412.022734322818,6.665592414199137,10.08267074768596,7.382903277517899,2294.732344103977,2700.590420863591,2700.593124027364,2294.6630700898822,1,
qwen,10,cap8_chunk2048_pollpm_mem0.85,8,2048,lpm,0.85,0,R_short_decode,0.8784689983888121,224.8880635875359,312.7349634264171,87.84689983888121,49.33469998650253,60.105597507208586,61.93186750635505,51.18390859570354,4.254219590631477,4.264113529968787,4.255508361886457,1133.5357213392854,1144.939500465989,1146.1353681236506,1136.33854087675,1,
qwen,10,cap8_chunk2048_pollpm_mem0.85,8,2048,lpm,0.85,0,shared_prefix,5.331689488740579,1364.912509117588,13602.597769621794,12237.685260504206,6862.666359404102,20110.90760340446,21239.059643233195,8016.937045682425,5.320109540640604,6.179642923011937,5.492520038498894,8318.738918751478,21496.82787687049,22584.47540478781,9416.311858098195,1,
qwen,10,cap8_chunk2048_pollpm_mem0.85,8,2048,lpm,0.85,0,tool_agent,3.791195361935866,785.9716664597341,11021.990627941666,10236.018961481932,4311.735764844343,43730.12998325284,46888.85888351127,9546.042935592122,9.640282502660096,17.477770396816222,15.964350723651954,8153.980288887396,44455.50009447616,47956.72086215577,11495.851228262763,1,
qwen,11,cap8_chunk2048_pollpm_mem0.9,8,2048,lpm,0.9,0,R_concurrent_decode,4.267382078632939,1092.4498121300323,1945.92622785662,853.4764157265878,3103.650040458888,5612.6604065531865,5612.806060952134,3086.610306156217,6.5971916172026805,7.334785575923674,6.685429388989302,4722.078162245452,7483.057042188011,7483.104627081193,4791.192154603777,1,
qwen,11,cap8_chunk2048_pollpm_mem0.9,8,2048,lpm,0.9,0,R_long_prefill,7.633908523926575,244.2850727656504,30779.91916847195,30535.6340957063,203.71311507187784,309.9063745699823,320.1316542737186,207.3077826062217,9.93435747260528,12.983104232097826,9.820307909150518,511.6781967226416,512.3054260853678,512.3528139013797,511.7373277898878,1,
qwen,11,cap8_chunk2048_pollpm_mem0.9,8,2048,lpm,0.9,0,R_medium_balanced,4.34352937474374,1111.9435199343975,4586.76701972939,3474.8234997949926,183.23926464654505,254.453542875126,254.51517500914636,178.89812699286267,6.474739314038672,7.13931592226978,6.492075365032161,1832.754475763068,1952.5138847529888,1952.62788310647,1834.377345076064,1,
qwen,11,cap8_chunk2048_pollpm_mem0.9,8,2048,lpm,0.9,0,R_short_decode,0.8795155554204637,225.1559821876387,313.1075377296851,87.95155554204636,50.01061246730387,61.316497949883335,64.99040729366243,50.214511167723686,4.253492640404433,4.261510785869962,4.254718864446177,1134.6484022215009,1145.2258360106498,1148.593530068174,1135.1678216014989,1,
qwen,11,cap8_chunk2048_pollpm_mem0.9,8,2048,lpm,0.9,0,shared_prefix,5.329722583107055,1364.4089812754062,13597.579655524916,12233.170674249512,6872.7250304073095,20107.389900065,21245.392338815145,8021.566316991084,5.311617990135393,6.175791003522189,5.489594393234117,8321.580041432753,21494.204848119964,22590.836815130897,9419.476558236056,1,
qwen,11,cap8_chunk2048_pollpm_mem0.9,8,2048,lpm,0.9,0,tool_agent,3.9835369554463465,825.8469639183594,11581.177649090943,10755.330685172588,2073.8440291024745,40590.56970525997,44119.45429134182,7910.249409826938,9.68695903958922,14.198204527863044,15.43549574561474,5897.959522670135,41593.9840859035,45090.2638615109,9759.490895390045,1,
qwen,12,cap8_chunk2048_polfcfs_mem0.75,8,2048,fcfs,0.75,0,R_concurrent_decode,3.566695675235578,913.074092860308,1626.4132279074236,713.3391350471156,4571.116058621556,7087.621050328016,7087.899639331736,4336.789523265907,6.571912641049792,7.332560170679262,6.685673708407549,6191.743667237461,8957.375573646277,8957.737172744237,6041.433742939262,1,
qwen,12,cap8_chunk2048_polfcfs_mem0.75,8,2048,fcfs,0.75,0,R_long_prefill,3.6276964201325206,116.08628544424066,14626.871965974324,14510.785680530083,203.51064391434195,804.7510091913862,884.6343913068994,352.164956741035,28.70584993563112,31.80674369176549,23.91044628025303,1093.3919919189066,1093.703996692784,1093.7195428321138,1093.388791428879,1,
qwen,12,cap8_chunk2048_polfcfs_mem0.75,8,2048,fcfs,0.75,0,R_medium_balanced,4.48960886371652,1149.3398691114292,4741.026960084645,3591.687090973216,145.52358305081725,171.84122849721462,172.97358813229948,142.61213623103686,6.458863974822794,6.858542586183724,6.406904057047202,1775.925011606887,1865.051548695192,1865.2269165497275,1776.3726707780734,1,
qwen,12,cap8_chunk2048_polfcfs_mem0.75,8,2048,fcfs,0.75,0,R_short_decode,0.880418272970392,225.38707788042035,313.4289051774595,88.04182729703919,51.37359770014882,52.26054340600968,52.34922304749489,50.72582914726809,4.2474147133237015,4.256610190039318,4.249636126983472,1135.0189787335694,1136.3772923359647,1136.5115610184148,1134.3830415280536,1,
qwen,12,cap8_chunk2048_polfcfs_mem0.75,8,2048,fcfs,0.75,0,shared_prefix,4.917803043090579,1258.9575790311883,12546.660274693662,11287.702695662474,10391.002234769983,12684.514692425728,12685.578966960313,8986.411506706645,5.501206087356012,6.347757316486654,5.616005633028393,11859.193875221536,14248.047808627598,14249.219619818032,10417.287522970582,1,
qwen,12,cap8_chunk2048_polfcfs_mem0.75,8,2048,fcfs,0.75,0,tool_agent,3.921357394853832,812.9562083141223,11400.405499762752,10587.449291448627,8375.431535067037,12037.837658915669,12488.387556453235,7527.245799971279,9.7610348858737,12.900313528484434,10.255392706172918,9826.216993387789,15277.977426303549,16212.724469350644,9413.419007388877,1,
qwen,13,cap8_chunk2048_polfcfs_mem0.8,8,2048,fcfs,0.8,0,R_concurrent_decode,4.528170789605439,1159.2117221389924,2064.84588006008,905.6341579210878,2658.420313615352,5184.190357872285,5184.3054529465735,2650.456687828409,6.569585616040934,7.327480302374883,6.674925371437144,4280.214105034247,7052.431534440257,7052.707069432363,4352.359829703346,1,
qwen,13,cap8_chunk2048_polfcfs_mem0.8,8,2048,fcfs,0.8,0,R_long_prefill,7.465503027086374,238.896096866764,30100.90820521226,29862.01210834549,206.61658444441852,320.7072490360588,332.0451312791556,212.44090143591168,10.280720146012404,13.348779419527176,10.09375853989754,525.318908970803,526.1407596291974,526.2402551108971,525.3474161727354,1,
qwen,13,cap8_chunk2048_polfcfs_mem0.8,8,2048,fcfs,0.8,0,R_medium_balanced,4.521400495487052,1157.4785268446851,4774.598923234326,3617.1203963896414,146.54311467893422,162.08745923358947,162.1761422837153,139.1051008249633,6.452457426006303,6.709985051523237,6.363001653089134,1761.8206643965095,1846.4110067579893,1846.8042079824957,1761.6705223626925,1,
qwen,13,cap8_chunk2048_polfcfs_mem0.8,8,2048,fcfs,0.8,0,R_short_decode,0.8820879632327476,225.8145185875834,314.0233149108582,88.20879632327477,46.923266258090734,52.157734031789005,52.58456589188427,46.84446158353239,4.256076354752569,4.260615892160464,4.256212291326008,1132.369925500825,1136.3954346626997,1137.1295844763515,1132.1785958716646,1,
qwen,13,cap8_chunk2048_polfcfs_mem0.8,8,2048,fcfs,0.8,0,shared_prefix,5.30705437475454,1358.6059199371623,13539.746857679427,12181.140937742268,10229.197180829942,10823.043432785198,10824.05431154184,8050.310795391852,5.489976425636925,6.338013458138733,5.575757616718297,11687.477010767909,12371.493205986915,12372.564332201146,9469.836267813662,1,
qwen,13,cap8_chunk2048_polfcfs_mem0.8,8,2048,fcfs,0.8,0,tool_agent,3.982209323409053,825.5717258825478,11577.317877574202,10751.746151691654,7463.895905995741,11083.007674152032,11579.341304702684,6784.470555833541,9.744212334044278,14.389917464694005,10.391187211362965,9024.075509281827,14449.206535285331,15405.003551021213,8644.464005785994,1,
qwen,14,cap8_chunk2048_polfcfs_mem0.85,8,2048,fcfs,0.85,0,R_concurrent_decode,4.518316933212588,1156.6891349024224,2060.35252154494,903.6633866425176,2674.580009188503,5194.954270171002,5195.0503446301445,2664.8920904117404,6.574351079076826,7.33338513658108,6.679323639566007,4296.875339234248,7064.775013946928,7064.943329566158,4367.916776842321,1,
qwen,14,cap8_chunk2048_polfcfs_mem0.85,8,2048,fcfs,0.85,0,R_long_prefill,7.557960812436751,241.85474599797604,30473.69799574498,30231.84324974701,198.44158552587032,314.43883148022,326.19801656343043,205.54725546389815,10.336618247111478,13.33007294038731,10.115208055433486,518.8767511863261,519.8403250426054,519.9742665141821,519.1187051823363,1,
qwen,14,cap8_chunk2048_polfcfs_mem0.85,8,2048,fcfs,0.85,0,R_medium_balanced,4.523696334543337,1158.0662616430943,4777.023329277764,3618.95706763467,131.1447024345398,179.7065295977518,179.97226135339588,139.13219526875764,6.465249189960899,6.703141158191013,6.367421682179887,1762.6513864379376,1829.7141252551228,1829.85699926503,1762.8247242246289,1,
qwen,14,cap8_chunk2048_polfcfs_mem0.85,8,2048,fcfs,0.85,0,R_short_decode,0.882362526384457,225.884806754421,314.1210593928667,88.2362526384457,46.93083744496107,49.36024257913232,49.56581460312009,46.05886660283432,4.255483633674244,4.264062252169585,4.25744875329638,1132.4907077942044,1134.1598295606673,1134.5717825181782,1131.708298693411,1,
qwen,14,cap8_chunk2048_polfcfs_mem0.85,8,2048,fcfs,0.85,0,shared_prefix,5.260205331966298,1346.6125649833723,13420.222139241483,12073.609574258113,10286.932868883014,10974.354484025387,10975.25788729079,8131.492801399872,5.526346485952244,6.343462809226384,5.638883475774046,11744.771032826977,12537.427944829687,12538.197155976668,9569.24034408803,1,
qwen,14,cap8_chunk2048_polfcfs_mem0.85,8,2048,fcfs,0.85,0,tool_agent,4.026269687102,834.7061001815513,11705.412810524162,10870.70671034261,7211.407237453386,10518.312426656485,11020.481198634952,6475.317532240879,9.74435967709264,13.755773414990731,9.997553031580244,8564.372303429991,13884.547775774256,15059.116565524597,8316.37162615778,1,
qwen,15,cap8_chunk2048_polfcfs_mem0.9,8,2048,fcfs,0.9,0,R_concurrent_decode,4.508658588491951,1154.2165986539394,2055.9483163523296,901.7317176983902,2685.307937907055,5211.586859379895,5211.821916308254,2672.883441162412,6.57120636835512,7.324019635242283,6.676457616032316,4306.275006849319,7079.219744540751,7079.38358892221,4375.177665089723,1,
qwen,15,cap8_chunk2048_polfcfs_mem0.9,8,2048,fcfs,0.9,0,R_long_prefill,6.4828858521513855,207.45234726884436,26138.995755874384,25931.543408605543,245.969952782616,397.3762811860069,413.9210632024333,251.49678927846253,11.608227456529294,15.912592537971513,11.436371662233386,605.8250039350241,606.6469226730987,606.7621650686488,606.0243108076975,1,
qwen,15,cap8_chunk2048_polfcfs_mem0.9,8,2048,fcfs,0.9,0,R_medium_balanced,4.540532223715927,1162.3762492712774,4794.802028244019,3632.4257789727417,130.28889684937894,167.06607083324343,167.101516504772,133.33728091674857,6.454051954343038,6.703760699989895,6.363031817097947,1755.6216260418296,1830.1040296209976,1830.2608592202887,1755.9103942767251,1,
qwen,15,cap8_chunk2048_polfcfs_mem0.9,8,2048,fcfs,0.9,0,R_short_decode,0.880480970560166,225.4031284634025,313.4512255194191,88.0480970560166,48.86928689666093,63.81833392661064,69.36533158179373,49.74125081207603,4.259196794865763,4.266453681276271,4.253550012598036,1135.4325062129649,1137.5233249273151,1137.7717777621,1133.871365338564,1,
qwen,15,cap8_chunk2048_polfcfs_mem0.9,8,2048,fcfs,0.9,0,shared_prefix,5.293346749718358,1355.0967679278997,13504.77495803341,12149.67819010551,10251.800599042326,10868.976390524767,10869.906413266435,8081.19122462449,5.4899919431145285,6.335927379573239,5.564763480280342,11707.314238650724,12411.540169990622,12412.515015830286,9497.916966611228,1,
qwen,15,cap8_chunk2048_polfcfs_mem0.9,8,2048,fcfs,0.9,0,tool_agent,4.039615649594256,837.4729183956332,11744.212993439398,10906.740075043765,7160.622484982014,10548.201645235533,11043.087382833472,6447.308073898312,9.749855895183588,12.808213664019211,9.978669591057924,8488.068472826853,13842.433789628552,15112.34396285843,8281.175399576314,1,
qwen,16,cap8_chunk8192_pollpm_mem0.75,8,8192,lpm,0.75,0,R_concurrent_decode,4.499920793653386,1151.9797231752668,2051.963881905944,899.9841587306771,2697.6683526299894,5230.22162981797,5230.4194810194895,2684.625858673826,6.56396032024738,7.320723682824595,6.669524022890744,4317.198556149378,7096.981223579496,7097.109887734987,4385.152112212381,1,
qwen,16,cap8_chunk8192_pollpm_mem0.75,8,8192,lpm,0.75,0,R_long_prefill,8.18265713632414,261.8450283623725,32992.473573658935,32730.62854529656,260.2887649554759,288.43022568617016,288.45693294424564,227.18261915724725,7.04413108647831,11.61429791546036,8.12029468661715,478.7681088782847,479.6470522647724,479.7629462135956,478.9117544423789,1,
qwen,16,cap8_chunk8192_pollpm_mem0.75,8,8192,lpm,0.75,0,R_medium_balanced,4.62342974170644,1183.5980138768489,4882.341807242,3698.743793365152,107.09746251814067,128.0508182244375,128.1646771589294,114.46113072452135,6.361205393777174,6.673452847491147,6.311921658126783,1724.2490435019135,1805.6354911532253,1805.6679486762728,1724.0011535468511,1,
qwen,16,cap8_chunk8192_pollpm_mem0.75,8,8192,lpm,0.75,0,R_short_decode,0.8759196094249697,224.23542001279225,311.82738095528924,87.59196094249698,53.17963217385113,60.49581584520638,61.82008863426745,53.46926976926625,4.25841170180516,4.265741116330758,4.259053196109758,1139.0746161341667,1146.2880144827068,1146.8835617415607,1139.5278347772546,1,
qwen,16,cap8_chunk8192_pollpm_mem0.75,8,8192,lpm,0.75,0,shared_prefix,5.281636615292121,1352.098973514783,13474.899203122195,12122.800229607412,6444.545578444377,20072.149116639048,22466.734360847626,8147.847272655781,5.30791546437232,6.469192056387079,5.577301614697801,7808.923689182848,21426.75673365593,23807.886445363987,9569.720570867505,1,
qwen,16,cap8_chunk8192_pollpm_mem0.75,8,8192,lpm,0.75,0,tool_agent,4.257241027962242,882.5899237119921,12376.906550953508,11494.316627241516,1125.900001032278,8053.324839915143,34712.4210768519,3026.392833315768,9.301041922299191,13.263154078863169,9.825891330106003,1494.3724288605154,13031.425836170089,36702.277689971954,4789.791391827166,1,
qwen,17,cap8_chunk8192_pollpm_mem0.8,8,8192,lpm,0.8,0,R_concurrent_decode,4.500370061103135,1152.0947356424026,2052.1687478630297,900.074012220627,2712.808452313766,5224.9447115231305,5225.123781631701,2695.301090163412,6.59631155398918,7.333075754052284,6.682810959427064,4330.152180744335,7094.797667511739,7095.002587931231,4399.21527239494,1,
qwen,17,cap8_chunk8192_pollpm_mem0.8,8,8192,lpm,0.8,0,R_long_prefill,7.492787199274423,239.76919037678155,30210.917987474477,29971.14879709769,289.9249454494566,334.764912747778,334.7878407733515,255.6181228719652,7.536590324654695,12.766429141253951,8.644821137310036,523.5592455137521,524.201084766537,524.2502311058342,523.6075781285763,1,
qwen,17,cap8_chunk8192_pollpm_mem0.8,8,8192,lpm,0.8,0,R_medium_balanced,4.573401580948318,1170.7908047227695,4829.512069481424,3658.721264758655,119.65590249747038,146.8088838737458,146.8850904610008,128.62256512744352,6.398399762224917,6.686647121758,6.326835239237613,1742.0933730900288,1819.242543890141,1819.7594745783133,1741.9655511330348,1,
qwen,17,cap8_chunk8192_pollpm_mem0.8,8,8192,lpm,0.8,0,R_short_decode,0.8786484367182373,224.9339997998688,312.79884347169246,87.86484367182373,49.386206082999706,58.210563962347806,60.02014635596424,51.08538217609748,4.253182505421778,4.262598093562559,4.254326391189049,1133.7684951722622,1141.9975344091654,1142.8239452838898,1135.938611929305,1,
qwen,17,cap8_chunk8192_pollpm_mem0.8,8,8192,lpm,0.8,0,shared_prefix,5.276878087883473,1350.880790498169,13462.758898542894,12111.878108044724,7589.43425049074,18319.173878221773,19835.26023398153,8085.60530012619,5.706300082509673,6.0750515134198455,5.55069184233113,9132.750340737402,19790.201108762994,21282.73705849424,9498.660302608188,1,
qwen,17,cap8_chunk8192_pollpm_mem0.8,8,8192,lpm,0.8,0,tool_agent,4.111571502724341,852.3904460872966,11953.407367010366,11101.01692092307,1215.5129639431834,6063.934777188111,38746.561613981605,2928.529942834284,9.40313397459538,13.058751989156008,9.662228792299665,1815.47239003703,11433.448470151052,42676.92252201493,4699.72381841857,1,
qwen,18,cap8_chunk8192_pollpm_mem0.85,8,8192,lpm,0.85,0,R_concurrent_decode,4.213375492365799,1078.6241260456443,1921.2992245188043,842.6750984731598,3190.7483395189047,5703.401426738128,5703.621559417807,3174.5811827713624,6.59103269594028,7.323876594229802,6.678507273681314,4808.134191436693,7570.806680154055,7571.001269253902,4877.398014257778,1,
qwen,18,cap8_chunk8192_pollpm_mem0.85,8,8192,lpm,0.85,0,R_long_prefill,8.947302309847423,286.31367391511753,36075.52291330481,35789.2092393897,172.96599363908172,236.31765164900568,245.2450808743015,172.6155315991491,8.564327077399339,10.65189727251568,8.574468857278266,438.4601330384612,438.6518767802045,438.6693951254711,438.42406617477536,1,
qwen,18,cap8_chunk8192_pollpm_mem0.85,8,8192,lpm,0.85,0,R_medium_balanced,4.4832628254923295,1147.7152833260363,4734.3255437199,3586.6102603938634,151.83556429110467,194.2170496331528,194.28775182459503,163.97842997685075,6.390405293809724,6.743094373457864,6.333453873145011,1779.0655111894011,1890.7075475435704,1891.1716809030625,1779.0091676288284,1,
qwen,18,cap8_chunk8192_pollpm_mem0.85,8,8192,lpm,0.85,0,R_short_decode,0.8823688168906436,225.8864171240048,314.12329881306914,88.23688168906436,47.46795888058841,52.82671202439815,53.22764965239912,48.5575973871164,4.245802437813551,4.254261900342124,4.24521077679945,1130.5021478328854,1135.0355306174606,1136.4548755716532,1131.086345470976,1,
qwen,18,cap8_chunk8192_pollpm_mem0.85,8,8192,lpm,0.85,0,shared_prefix,5.318228757815155,1361.4665620006797,13568.255764362426,12206.789202361746,6299.143430776894,19897.057570097968,22295.81576839556,8074.785464774322,5.343287103391422,6.457119742134477,5.543211183813215,7661.780291236937,21252.140090055764,23637.256762902256,9486.27133487389,1,
qwen,18,cap8_chunk8192_pollpm_mem0.85,8,8192,lpm,0.85,0,tool_agent,4.241370303389034,879.2996844470974,12330.7662282308,11451.466543783705,1354.850382078439,5955.042461585247,34473.56532188598,2892.5865462142974,9.2355019490545,12.076324131339788,9.527197309049054,2008.4481230005624,11322.989466274152,37369.92352468892,4651.509006535634,1,
qwen,19,cap8_chunk8192_pollpm_mem0.9,8,8192,lpm,0.9,0,R_concurrent_decode,4.287547757578867,1097.61222594019,1955.121777455964,857.5095515157735,3067.338516470045,5580.922153941356,5581.127680237405,3052.005564590217,6.591076718743817,7.329065600117924,6.680075888795321,4685.22040033713,7449.667353159748,7449.839834696613,4755.222231193329,1,
qwen,19,cap8_chunk8192_pollpm_mem0.9,8,8192,lpm,0.9,0,R_long_prefill,8.87969997169463,284.15039909422813,35802.95028587274,35518.79988677852,199.87535499967635,244.3816772662103,250.6233691982925,187.29630287270996,7.810414618542117,10.647187741743698,8.220054941522257,441.998208174482,442.75137681979686,442.8138544643298,442.1180060598999,1,
qwen,19,cap8_chunk8192_pollpm_mem0.9,8,8192,lpm,0.9,0,R_medium_balanced,4.553676568305693,1165.7412014862573,4808.682456130811,3642.941254644554,144.8046846780926,145.8534812554717,145.96888553351164,138.65398045163602,6.39424007933806,6.712636127428827,6.3252086829914544,1751.754871569574,1843.92252471298,1844.3449949845672,1751.582194614457,1,
qwen,19,cap8_chunk8192_pollpm_mem0.9,8,8192,lpm,0.9,0,R_short_decode,0.8792738231915505,225.0940987370369,313.021481056192,87.92738231915504,49.16385072283447,51.94075261242688,52.06749298609793,49.54886436462402,4.259296367857971,4.265671042615876,4.260022754041368,1135.895322309807,1139.0228549484164,1139.412017883733,1135.854666645173,1,
qwen,19,cap8_chunk8192_pollpm_mem0.9,8,8192,lpm,0.9,0,shared_prefix,5.312931559761484,1360.11047929894,13554.741163674918,12194.630684375978,6315.331541700289,19926.82708271313,22333.981279279116,8086.032422983408,5.341749968315204,6.454930750050528,5.543258039217092,7685.256939847022,21281.516887876205,23674.799261698503,9497.858401093254,1,
qwen,19,cap8_chunk8192_pollpm_mem0.9,8,8192,lpm,0.9,0,tool_agent,4.144294515788389,859.1744175406699,12048.541673970953,11189.367256430283,1283.507211599499,6062.535939505302,38382.79945289716,2898.8826468167827,9.405348973027808,15.156964440280502,10.083420704763912,2048.435755074024,11556.438882346263,42060.99363664164,4667.380614536814,1,
qwen,20,cap8_chunk8192_polfcfs_mem0.75,8,8192,fcfs,0.75,0,R_concurrent_decode,4.518501740328596,1156.7364455241209,2060.43679358984,903.7003480657194,2677.9035583604127,5198.45344775822,5198.516576262191,2665.619374194648,6.568121344956972,7.331122849958346,6.678612295406431,4300.550280604512,7067.726301192306,7067.872062488459,4368.462930855458,1,
qwen,20,cap8_chunk8192_polfcfs_mem0.75,8,8192,fcfs,0.75,0,R_long_prefill,8.880552483660496,284.1776794771359,35806.38761411912,35522.209934641985,199.29385208524764,243.0172993103042,249.15676940698177,186.584786279127,7.810810971404276,10.617742978877596,8.218734502612103,441.39189342968166,441.6231328155845,441.6320365201682,441.3655558601022,1,
qwen,20,cap8_chunk8192_polfcfs_mem0.75,8,8192,fcfs,0.75,0,R_medium_balanced,4.481742990021597,1147.3262054455288,4732.720597462807,3585.394392017278,142.92712835595012,204.2157925898209,204.32293929625305,164.26549042807892,6.395720916014968,6.743848243472622,6.332493883411527,1779.3142646551132,1900.8032701676711,1901.1143379611892,1779.0514306980183,1,
qwen,20,cap8_chunk8192_polfcfs_mem0.75,8,8192,fcfs,0.75,0,R_short_decode,0.8796569440130226,225.1921776673338,313.15787206863604,87.96569440130226,47.58645151741803,50.973319611512125,51.71309358906001,48.17938356427476,4.260986854377038,4.2682571436150685,4.2626935657679885,1134.8991869017482,1138.83013415616,1140.1216334616763,1135.166242835112,1,
qwen,20,cap8_chunk8192_polfcfs_mem0.75,8,8192,fcfs,0.75,0,shared_prefix,5.304373908172223,1357.919720492089,13532.908254487857,12174.988533995767,10268.122190842403,10784.639003220946,10785.684349732472,8052.753864081751,5.490188851340155,6.34250166853342,5.573233401465865,11713.694417849185,12364.52806359157,12365.597187113017,9471.559832636558,1,
qwen,20,cap8_chunk8192_polfcfs_mem0.75,8,8192,fcfs,0.75,0,tool_agent,4.171959590670248,864.9098025398025,12128.971239571983,11264.061437032184,5902.293088147417,9268.351754383184,9744.060021745972,5384.924762796145,9.534196462482214,12.382658192789863,9.640355332730987,7107.412143610418,12527.58282320574,13745.132878129369,7165.966556896456,1,
qwen,21,cap8_chunk8192_polfcfs_mem0.8,8,8192,fcfs,0.8,0,R_concurrent_decode,4.515517429422809,1155.9724619322392,2059.075947816801,903.103485884562,2683.6770940572023,5206.931731430814,5207.133153248578,2670.877258584369,6.568056915336562,7.316936084671932,6.675621285711444,4306.023596553132,7072.68634987995,7072.917513237335,4372.958303618361,1,
qwen,21,cap8_chunk8192_polfcfs_mem0.8,8,8192,fcfs,0.8,0,R_long_prefill,9.016939082017345,288.54205062455503,36356.29837869393,36067.75632806938,192.36910599283877,236.83180515654385,243.08704593218863,180.68914930336177,7.8189612306173775,10.542398405772062,8.191879436884435,434.75690414197743,435.0553277647123,435.0732678873465,434.6374118467793,1,
qwen,21,cap8_chunk8192_polfcfs_mem0.8,8,8192,fcfs,0.8,0,R_medium_balanced,4.494195876706128,1150.514144436769,4745.870845801671,3595.356701364902,150.0824394170195,190.3170185396448,190.43547410983592,161.62754921242595,6.381882309877113,6.728278665219014,6.325302975978154,1774.6912746224552,1884.4992155209184,1884.8788430914285,1774.579808086855,1,
qwen,21,cap8_chunk8192_polfcfs_mem0.8,8,8192,fcfs,0.8,0,R_short_decode,0.8791182288149251,225.0542665766208,312.96608945811334,87.91182288149251,48.40845242142677,55.24132831487805,56.330545735545456,49.13765151286498,4.254412829108975,4.304800914764843,4.262282010670021,1132.436410523951,1152.4985048221424,1158.8155684480444,1136.0195642337203,1,
qwen,21,cap8_chunk8192_polfcfs_mem0.8,8,8192,fcfs,0.8,0,shared_prefix,5.31269688657195,1360.0504029624192,13554.142448199967,12194.092045237549,10247.694866266102,10777.07787360996,10778.01109474618,8039.414168535586,5.488869974243583,6.331947743983976,5.573386013120248,11692.41165393032,12353.61935608089,12354.584806091152,9458.260631887242,1,
qwen,21,cap8_chunk8192_polfcfs_mem0.8,8,8192,fcfs,0.8,0,tool_agent,4.169085993152302,864.3140626703695,12120.616944451962,11256.302881781592,5901.562083512545,9287.394531769678,9764.110720115714,5389.557198600378,9.558608269203551,12.477914989974934,9.678594169121505,7130.390549078584,12548.771261237562,13778.724695839916,7173.194923864212,1,
qwen,22,cap8_chunk8192_polfcfs_mem0.85,8,8192,fcfs,0.85,0,R_concurrent_decode,4.2672368559846,1092.4126351320576,1945.8600063289775,853.44737119692,3092.772020958364,5611.172004486434,5611.347389942966,3079.277885728516,6.572628646841831,7.336860335724173,6.682683994167777,4716.412957524881,7482.074201805517,7482.239278936759,4783.159492202685,1,
qwen,22,cap8_chunk8192_polfcfs_mem0.85,8,8192,fcfs,0.85,0,R_long_prefill,8.771467990061101,280.68697568195523,35366.55893592636,35085.8719602444,204.4220850802958,248.85809726547447,255.10747791733596,193.3016248513013,7.843815113207506,10.503636976523744,8.20187725607426,447.5803535897285,447.84012415912,447.850944804959,447.55981978960335,1,
qwen,22,cap8_chunk8192_polfcfs_mem0.85,8,8192,fcfs,0.85,0,R_medium_balanced,4.494426502577285,1150.573184659785,4746.114386721613,3595.541202061828,144.61188041605055,188.0085536977276,188.10397300403565,157.379733864218,6.397946497571526,6.740158525131204,6.334151974628114,1772.610847838223,1884.9127690773455,1884.9187967833127,1772.588487394387,1,
qwen,22,cap8_chunk8192_polfcfs_mem0.85,8,8192,fcfs,0.85,0,R_short_decode,0.8786362809804601,224.93088793099776,312.7945160290438,87.86362809804601,50.740170292556286,52.61927784886211,52.84202981274575,50.685837399214506,4.2540208719597725,4.262125418320591,4.256013838355155,1135.5395512655375,1139.094494911842,1139.109512544237,1135.9693661797792,1,
qwen,22,cap8_chunk8192_polfcfs_mem0.85,8,8192,fcfs,0.85,0,shared_prefix,5.29857055881374,1356.4340630563174,13518.102323421026,12161.668260364708,10292.55997738801,10791.3385031512,10791.993859629149,8063.407938127057,5.493312692452295,6.3405454450049525,5.586639142977264,11741.977131925523,12370.371800498106,12371.607801034115,9485.257369047758,1,
qwen,22,cap8_chunk8192_polfcfs_mem0.85,8,8192,fcfs,0.85,0,tool_agent,4.17795402747156,866.1525392052664,12146.398625906966,11280.2460867017,5821.972452336922,9210.64826680813,9698.925964748489,5336.126014986076,9.523657388148866,12.282708590291865,9.696424258596563,7032.905636820942,12470.709085534329,13662.57742991205,7116.833342164755,1,
qwen,23,cap8_chunk8192_polfcfs_mem0.9,8,8192,fcfs,0.9,0,R_concurrent_decode,4.527119432576058,1158.942574739471,2064.3664612546827,905.4238865152116,2666.066953446716,5181.247251643799,5181.42276242841,2655.056646530284,6.575789271521854,7.338001899256864,6.680299145825613,4287.852395325899,7052.375534852035,7052.6384530821815,4358.33005742461,1,
qwen,23,cap8_chunk8192_polfcfs_mem0.9,8,8192,fcfs,0.9,0,R_long_prefill,7.55278676666629,241.68917653332127,30452.83624319848,30211.14706666516,291.604837635532,332.6450959313661,332.67038726247847,255.54331962484864,7.385451692126452,12.683200706998186,8.5506534181355,520.553840091452,521.1346400203183,521.176569708623,520.6135755870491,1,
qwen,23,cap8_chunk8192_polfcfs_mem0.9,8,8192,fcfs,0.9,0,R_medium_balanced,4.628316156495314,1184.8489360628005,4887.501861259052,3702.652925196252,110.57975701987743,121.92089355085044,121.94650110322982,113.41468381579034,6.363112766149581,6.669095972114626,6.311972900385073,1723.0658831540495,1809.234835789539,1809.6246135653928,1722.967773413984,1,
qwen,23,cap8_chunk8192_polfcfs_mem0.9,8,8192,fcfs,0.9,0,R_short_decode,0.8786706018781241,224.93967408079976,312.80673426861216,87.86706018781241,50.05577742122114,59.98214886058121,63.443756089545786,50.97206524806097,4.253030786582945,4.259680667983405,4.254116438667053,1134.549260372296,1144.6276030968877,1147.8034333046526,1135.7717571081594,1,
qwen,23,cap8_chunk8192_polfcfs_mem0.9,8,8192,fcfs,0.9,0,shared_prefix,5.301489369098333,1357.181278489173,13525.54900656921,12168.367728080037,10278.692467371002,10799.238124792464,10800.26145317126,8059.699093118979,5.499863377133129,6.340387850890265,5.58529224386673,11726.762548554689,12380.653329379857,12381.824078517966,9481.572356387916,1,
qwen,23,cap8_chunk8192_polfcfs_mem0.9,8,8192,fcfs,0.9,0,tool_agent,4.166976076213132,863.8766452401254,12114.48286733139,11250.606222091264,5979.549999348819,9337.615383137016,9817.060815715233,5428.077698992565,9.594098618254066,12.287465347184074,9.656180775206328,7157.600343460217,12601.934825559149,13791.30569462664,7211.66200034786,1,
qwen,24,cap16_chunk-1_pollpm_mem0.75,16,-1,lpm,0.75,0,R_concurrent_decode,6.720426505484983,1720.4291854041558,3064.5144865011525,1344.0853010969963,1658.5972232278436,2711.7451521568,2715.3690706472844,1658.576897229068,7.980737639773711,7.983687980849223,7.972779568996219,3691.448449390009,4747.175127826631,4747.595803732984,3691.385911864927,1,
qwen,24,cap16_chunk-1_pollpm_mem0.75,16,-1,lpm,0.75,0,R_long_prefill,9.029943161057767,288.95818115384856,36408.73082538492,36119.77264423107,244.75605390034616,245.21482985001057,245.2622150396928,211.53143781702963,6.112276035691461,9.789811393185968,7.19297330285753,434.557180153206,434.91231659427285,434.9353283829987,434.5136102056131,1,
qwen,24,cap16_chunk-1_pollpm_mem0.75,16,-1,lpm,0.75,0,R_medium_balanced,4.463217464751141,1142.583670976292,4713.157642777205,3570.5739718009127,155.52900731563568,195.14301710296425,195.33642365131527,166.32237631711178,6.41130603776843,6.754232292045273,6.347346728708705,1784.8612980451437,1895.7060886314136,1895.9017666755244,1784.8957921378314,1,
qwen,24,cap16_chunk-1_pollpm_mem0.75,16,-1,lpm,0.75,0,R_short_decode,0.8840784092108357,226.32407275797397,314.7319136790575,88.40784092108358,49.33371627703309,53.728704270906746,54.7977594519034,50.02168571809307,4.231932579411888,4.238974903253656,4.233042253226992,1129.5138406567276,1132.3614411754534,1132.485461845063,1129.447460290976,1,
qwen,24,cap16_chunk-1_pollpm_mem0.75,16,-1,lpm,0.75,0,shared_prefix,8.722513916930392,2232.9635627341804,22253.51806448859,20020.55450175441,2109.6307118423283,10954.66447728686,11217.732795090416,4278.103788958106,6.366896028740435,7.32442890919235,6.429555617264198,3893.004419514909,12859.30723499041,12864.02040024288,5914.079896905605,1,
qwen,24,cap16_chunk-1_pollpm_mem0.75,16,-1,lpm,0.75,0,tool_agent,4.837397869473414,1002.8651393098808,14063.573330005278,13060.708190695395,273.171880049631,1290.1155608939005,1955.2514465479148,424.90826776018366,11.938120605107892,39.6463326178491,16.219144197159647,906.6045680083334,7369.292282266541,10111.09006709884,2499.456882106606,1,
qwen,25,cap16_chunk-1_pollpm_mem0.8,16,-1,lpm,0.8,0,R_concurrent_decode,7.385797854101527,1890.764250649991,3367.9238214702964,1477.1595708203054,1228.5352139733732,2281.661184132099,2285.9447351982817,1226.5198773820885,7.996247150916973,8.001898353957419,7.992588681442115,3264.505734667182,4321.151117119007,4321.511065661907,3264.379862230271,1,
qwen,25,cap16_chunk-1_pollpm_mem0.8,16,-1,lpm,0.8,0,R_long_prefill,8.884441725713325,284.3021352228264,35822.06903807612,35537.7669028533,177.5500786025077,240.6551922671497,249.5481720380485,175.99198105745018,8.527584464078949,10.758923412480902,8.584181181034975,441.9051969889552,442.6740590715781,442.7795718656853,442.1015976695344,1,
qwen,25,cap16_chunk-1_pollpm_mem0.8,16,-1,lpm,0.8,0,R_medium_balanced,4.590034558412915,1175.0488469537063,4847.076493684039,3672.027646730332,127.05671810545029,132.01553898397833,132.06301883328706,125.0899114238564,6.365225411148048,6.691858648121649,6.319731892333092,1736.7090051993728,1825.4351469222456,1825.6287258584048,1736.6215439687949,1,
qwen,25,cap16_chunk-1_pollpm_mem0.8,16,-1,lpm,0.8,0,R_short_decode,0.8829863605191093,226.044508292892,314.3431443448029,88.29863605191093,47.30515205301344,53.624801989644766,54.6982285939157,47.5759306573309,4.24633376464686,4.256732544916519,4.248438486327217,1130.97765436396,1136.533909291029,1136.996808424592,1130.927744670771,1,
qwen,25,cap16_chunk-1_pollpm_mem0.8,16,-1,lpm,0.8,0,shared_prefix,8.710490200890836,2229.885491428054,22222.842277136828,19992.95678570877,2259.339425014332,10935.199266695416,11208.044416108169,4251.64802162908,6.417135469703458,7.311598637833052,6.516183256567323,3845.567829441279,12851.741142896935,12857.636092579924,5909.664975293708,1,
qwen,25,cap16_chunk-1_pollpm_mem0.8,16,-1,lpm,0.8,0,tool_agent,4.839249730552487,1003.2490578894888,14068.95717164602,13065.708113756533,263.84013635106385,1256.6886600106952,1937.2869839612365,411.6851009428501,11.54950911273496,19.79169935974128,14.646394622617184,909.2392229940742,7127.484625973737,9986.418135273265,2458.4381101466715,1,
qwen,26,cap16_chunk-1_pollpm_mem0.85,16,-1,lpm,0.85,0,R_concurrent_decode,6.699292540868678,1715.0188904623817,3054.877398636117,1339.8585081737356,1672.5196465849876,2721.393762761727,2725.5672621913254,1672.4418044032063,7.982752197330781,7.995465003209664,7.98216458042131,3707.8331524971873,4759.532184805721,4759.825101681054,3707.643883055425,1,
qwen,26,cap16_chunk-1_pollpm_mem0.85,16,-1,lpm,0.85,0,R_long_prefill,9.14788021777948,292.7321669689434,36884.25303808687,36591.52087111792,239.67198748141527,240.0391913717613,240.07023967336863,205.0767272012308,6.10004955782525,9.93747052496239,7.226786035443506,429.0501701179892,429.7936729853973,429.89534183871,429.1070942999795,1,
qwen,26,cap16_chunk-1_pollpm_mem0.85,16,-1,lpm,0.85,0,R_medium_balanced,4.462884713492243,1142.4984866540142,4712.806257447809,3570.3077707937946,147.07302837632596,203.43763136770576,203.73582008760425,166.69309246935882,6.412794074847126,6.746563791096503,6.347617163898095,1785.5966491624713,1903.896265430376,1904.1031268890947,1785.335469263373,1,
qwen,26,cap16_chunk-1_pollpm_mem0.85,16,-1,lpm,0.85,0,R_short_decode,0.8824815099850009,225.91526655616025,314.1634175546603,88.2481509985001,48.15075150690973,53.31045952625573,53.659518072381616,49.05251500895247,4.244540215415113,4.250539530379077,4.245516775614199,1131.7204150836917,1134.871567110531,1135.1818268140778,1131.659292790573,1,
qwen,26,cap16_chunk-1_pollpm_mem0.85,16,-1,lpm,0.85,0,shared_prefix,8.659717597807125,2216.887705038624,22093.307483536628,19876.41977849801,2175.068804062903,11079.118595318869,11314.962924779393,4314.200323868136,6.360103602623787,7.2410236337735165,6.463119552940685,3944.63924667798,12956.401921832005,12963.35935565643,5958.698220187216,1,
qwen,26,cap16_chunk-1_pollpm_mem0.85,16,-1,lpm,0.85,0,tool_agent,4.83099787244814,1001.538323926586,14044.966874653575,13043.42855072699,270.18686290830374,1215.4428432928396,1910.213541071859,404.2900736024603,11.883844621479511,27.85684441118252,15.253233961116514,878.6835309583694,7174.142967537042,10094.783035879946,2459.106613488402,1,
qwen,27,cap16_chunk-1_pollpm_mem0.9,16,-1,lpm,0.9,0,R_concurrent_decode,7.47455530360205,1913.4861577221247,3408.3972184425347,1494.91106072041,1172.655523987487,2224.723425670527,2229.1674967342988,1172.5371329957852,7.991901085730277,7.997134181981286,7.982447206615069,3208.151149796322,4263.511292962357,4263.642876264639,3207.811124579166,1,
qwen,27,cap16_chunk-1_pollpm_mem0.9,16,-1,lpm,0.9,0,R_long_prefill,8.841954186106191,282.9425339553981,35650.75927838017,35367.81674442477,178.52571699768305,241.68844891246405,250.58375522028652,178.21152519900352,8.513855394877254,10.624367498882837,8.535502489746339,442.9777369368821,443.6964191030711,443.7423151638359,442.81210238114,1,
qwen,27,cap16_chunk-1_pollpm_mem0.9,16,-1,lpm,0.9,0,R_medium_balanced,4.470115830419304,1144.3496525873418,4720.442316922785,3576.0926643354437,155.30997444875538,191.46678876131773,191.65443275123835,165.56967876385897,6.397602004090361,6.741310899858089,6.342392091128025,1783.031950937584,1891.807654872537,1892.3007398843763,1782.8796620015055,1,
qwen,27,cap16_chunk-1_pollpm_mem0.9,16,-1,lpm,0.9,0,R_short_decode,0.8866829563815217,226.9908368336696,315.6591324718217,88.66829563815217,47.95606271363795,51.013695960864425,51.13369542174041,48.004631244111806,4.229179866538912,4.233644756798943,4.228457055447222,1126.0223903227595,1129.9547373317182,1130.733532588929,1126.2611803831533,1,
qwen,27,cap16_chunk-1_pollpm_mem0.9,16,-1,lpm,0.9,0,shared_prefix,8.738009784246893,2236.9305047672046,22293.052259164207,20056.121754397,2101.554967230186,10928.39832585305,11194.972307300195,4274.047010578215,6.340864891787683,7.280122179682011,6.396637735172988,3850.444052601233,12834.0077978326,12839.257725463249,5901.587548320094,1,
qwen,27,cap16_chunk-1_pollpm_mem0.9,16,-1,lpm,0.9,0,tool_agent,4.838224730752887,1003.0365600560348,14065.977230728638,13062.940670672604,259.44415712729096,1273.7169625936067,1981.5803153766287,412.5189872877672,11.841016240738412,23.45253476996648,15.02481118792548,897.9947690386325,7334.481034683994,10138.944973591708,2483.323645722121,1,
qwen,28,cap16_chunk-1_polfcfs_mem0.75,16,-1,fcfs,0.75,0,R_concurrent_decode,7.482457369356112,1915.509086555165,3412.0005604263874,1496.4914738712223,1173.861980671063,2226.06549654156,2230.917323022149,1173.4021978190867,7.991883956699395,7.997335952481102,7.988078393681294,3210.376186296344,4264.677200303413,4264.797209347598,3210.112238273723,1,
qwen,28,cap16_chunk-1_polfcfs_mem0.75,16,-1,fcfs,0.75,0,R_long_prefill,8.500756496393638,272.0242078845964,34275.050193459145,34003.025985574546,224.71679514274,269.4466261658817,269.4850109238177,209.1530986363068,7.5908303110589905,10.765668930065248,8.096589811987455,460.1924712769687,460.8061328297481,460.878279726021,460.1473828079179,1,
qwen,28,cap16_chunk-1_polfcfs_mem0.75,16,-1,fcfs,0.75,0,R_medium_balanced,4.567391485564457,1169.252220304501,4823.165408756066,3653.9131884515655,132.46440840885043,133.9504753705114,134.0805999469012,128.92914423719049,6.368478015978255,6.698948166369662,6.3259187133928,1741.9728278182447,1834.0883726486936,1834.7766657592729,1742.0384161523543,1,
qwen,28,cap16_chunk-1_polfcfs_mem0.75,16,-1,fcfs,0.75,0,R_short_decode,0.8852608183901142,226.62676950786923,315.15285134688065,88.52608183901143,47.17325302772224,49.70413567498326,49.72346970811486,47.62431781273335,4.233734309673309,4.240656110421553,4.235757797198626,1127.148387255147,1129.8677084036171,1130.1095139421525,1127.742556098383,1,
qwen,28,cap16_chunk-1_polfcfs_mem0.75,16,-1,fcfs,0.75,0,shared_prefix,8.766671712856779,2244.267958491336,22366.17667629413,20121.90871780279,5180.080421734601,6017.263523302972,6033.563495613635,4298.998365338775,6.453813176017766,7.317815703686838,6.631932446960495,6825.470024952665,7730.7089139241725,7746.991902552545,5986.260738169221,1,
qwen,28,cap16_chunk-1_polfcfs_mem0.75,16,-1,fcfs,0.75,0,tool_agent,4.826990234501061,1000.7074804655872,14033.315629155552,13032.608148689966,282.010082853958,1601.726662903092,2183.62544928677,480.0077745923773,11.735890321211802,24.504128887661192,16.030664612089222,1185.8235751278698,7476.043022307567,10128.1377872126,2550.040201584343,1,
qwen,29,cap16_chunk-1_polfcfs_mem0.8,16,-1,fcfs,0.8,0,R_concurrent_decode,7.3775539835704835,1888.653819794044,3364.1646165081406,1475.5107967140966,1225.7030184846371,2277.7345151640475,2281.9584608403966,1223.7275748339016,8.001869219337024,8.007357703800512,8.001557384261101,3263.95810674876,4318.550795479678,4318.6001693457365,3263.8743650895776,1,
qwen,29,cap16_chunk-1_polfcfs_mem0.8,16,-1,fcfs,0.8,0,R_long_prefill,8.485949959062685,271.5503986900059,34215.35023494075,33943.79983625074,272.6467999164015,273.02937689237297,273.06993066333234,232.7074587810785,6.140522253248961,10.557876538575414,7.437325863828582,463.17196381278336,463.8439243193716,463.89390180818737,463.2645605597645,1,
qwen,29,cap16_chunk-1_polfcfs_mem0.8,16,-1,fcfs,0.8,0,R_medium_balanced,4.608551452971888,1179.7891719608033,4866.630334338314,3686.8411623775114,105.61402002349496,135.665062116459,135.77305735088885,117.33828872093,6.374676420590749,6.6859269688161564,6.326277800790016,1730.518716853112,1807.1845786180347,1807.531680492684,1730.539127922384,1,
qwen,29,cap16_chunk-1_polfcfs_mem0.8,16,-1,fcfs,0.8,0,R_short_decode,0.8808719345016535,225.5032152324233,313.59040868258865,88.08719345016534,50.08024349808693,52.19337944872677,52.35572540201247,50.304344680625945,4.2482722294973385,4.254293208850511,4.248569260223531,1133.9280807878822,1134.664013213478,1134.7228689445185,1133.6895060376264,1,
qwen,29,cap16_chunk-1_polfcfs_mem0.8,16,-1,fcfs,0.8,0,shared_prefix,8.812968052825394,2256.1198215233007,22484.29129870952,20228.17147718622,5180.434457026422,5961.278013745323,5978.324392777868,4274.784452991298,6.465713935447674,7.3203402277374385,6.556875919823927,6830.386724090204,7642.979026492685,7659.949758127332,5944.33803069478,1,
qwen,29,cap16_chunk-1_polfcfs_mem0.8,16,-1,fcfs,0.8,0,tool_agent,4.84267273222211,1003.9586974806266,14078.90872748005,13074.950029999423,315.2595746796578,1757.234246097505,2221.007912438359,519.2217694618739,12.057842444628475,25.835949415341013,16.18945490891714,1283.5962125100195,7612.576988735235,10289.667722037972,2617.023914032616,1,
qwen,30,cap16_chunk-1_polfcfs_mem0.85,16,-1,fcfs,0.85,0,R_concurrent_decode,7.342879410900781,1879.7771291906,3348.353011370756,1468.5758821801562,1250.6588250398636,2306.146875023842,2310.4684009822085,1248.5567978292238,8.003820040075158,8.019526468443813,8.012519911519028,3292.257530381903,4344.436465436593,4344.982012202963,3291.4992739388254,1,
qwen,30,cap16_chunk-1_polfcfs_mem0.85,16,-1,fcfs,0.85,0,R_long_prefill,8.993301946051766,287.7856622736565,36260.99344648072,35973.20778420706,171.6190781444311,233.6302527459338,242.3622555518523,171.42041737679392,8.517679660731266,10.558037024231687,8.528297042263853,435.7675036881119,436.2794511020184,436.3179951161146,435.7976256869733,1,
qwen,30,cap16_chunk-1_polfcfs_mem0.85,16,-1,fcfs,0.85,0,R_medium_balanced,4.583973361323647,1173.4971804988536,4840.675869557771,3667.178689058918,129.98019298538566,132.4276855448261,132.49587875325233,126.33200461277738,6.36731429920331,6.6970533558952745,6.320476087663944,1737.762214615941,1828.3347034594044,1828.4586089430377,1738.053406967083,1,
qwen,30,cap16_chunk-1_polfcfs_mem0.85,16,-1,fcfs,0.85,0,R_short_decode,0.8832150236148621,226.1030460454047,314.4245484068909,88.32150236148621,47.5349803455174,52.66244497615844,53.167707421816885,48.39060892118141,4.240298413616769,4.248315802063136,4.242365052421376,1129.6730660833418,1134.5248928992078,1134.574733278714,1130.1936972886324,1,
qwen,30,cap16_chunk-1_polfcfs_mem0.85,16,-1,fcfs,0.85,0,shared_prefix,8.865973424356907,2269.6891966353683,22619.522495142694,20349.833298507325,5171.873474493623,5919.2508219741285,5926.074866061099,4254.811181948753,6.452423894392682,7.230050071952938,6.493156869019702,6816.09367672354,7587.315133400261,7594.0888092294335,5907.051881215011,1,
qwen,30,cap16_chunk-1_polfcfs_mem0.85,16,-1,fcfs,0.85,0,tool_agent,4.84589417461259,1004.626550809809,14088.274298084198,13083.647747274388,277.6150612626225,1678.6661123856895,2177.895673457529,498.06522029452026,11.729467854214212,25.05749110132456,14.869664915852352,1228.2238842453808,7525.748735573143,10166.80303124709,2559.015919705853,1,
qwen,31,cap16_chunk-1_polfcfs_mem0.9,16,-1,fcfs,0.9,0,R_concurrent_decode,7.4764905736539875,1913.9815868554208,3409.2797015862184,1495.2981147307974,1171.0274217184633,2225.7317629177123,2230.1955428300425,1170.9057421976468,8.000081487219123,8.008734649165882,7.996557405271612,3209.85852740705,4266.348131303676,4267.162923701108,3209.7774775029397,1,
qwen,31,cap16_chunk-1_polfcfs_mem0.9,16,-1,fcfs,0.9,0,R_long_prefill,7.459339898447652,238.69887675032487,30076.05847054093,29837.359593790607,255.9464501682669,326.1955945054069,336.0897285165265,239.577942295,8.759196404547943,12.83420595535708,9.285230628935802,527.4815387092531,527.9544722056016,527.9978372110054,527.4200917920098,1,
qwen,31,cap16_chunk-1_polfcfs_mem0.9,16,-1,fcfs,0.9,0,R_medium_balanced,4.6142515925466325,1181.248407691938,4872.649681729244,3691.401274037306,106.86384933069348,127.21935927402228,127.3689223220572,113.8524776615668,6.37027873913301,6.679343812478086,6.320596440791098,1725.4159864969552,1807.2090679779649,1807.917923294008,1725.6045700632967,1,
qwen,31,cap16_chunk-1_polfcfs_mem0.9,16,-1,fcfs,0.9,0,R_short_decode,0.8831356229614222,226.0827194781241,314.3962817742663,88.31356229614222,48.70701115578413,49.63023280724883,49.70496905967593,48.75892517156899,4.242734213852707,4.249419087964092,4.243490213126528,1131.0979656409472,1131.9011087762192,1131.90868741367,1130.8489295188338,1,
qwen,31,cap16_chunk-1_polfcfs_mem0.9,16,-1,fcfs,0.9,0,shared_prefix,8.855011835478821,2266.8830298825783,22591.55648460524,20324.67345472266,5178.662350401282,5914.436672674492,5923.2859315909445,4258.7091636851255,6.449803390441112,7.3034161272803395,6.502816158888684,6827.885409118608,7587.971945200115,7597.159482189454,5913.349079728505,1,
qwen,31,cap16_chunk-1_polfcfs_mem0.9,16,-1,fcfs,0.9,0,tool_agent,4.840538300200882,1003.516197706146,14072.703378642016,13069.18718093587,321.6793108731508,1713.6400510556984,2396.57041242346,534.459782843478,11.831549029236871,24.33938982259286,15.326778252751089,1324.6234650723636,7615.155077562667,10559.457041705007,2627.142060920596,1,
qwen,32,cap16_chunk2048_pollpm_mem0.75,16,2048,lpm,0.75,0,R_concurrent_decode,7.48888927699474,1917.1556549106533,3414.9335103096014,1497.777855398948,1158.895480679348,2219.7753922315314,2226.219911868684,1158.8423728389898,7.99516416885251,8.003849859404214,7.990310887156738,3196.5976329520345,4260.402949550189,4260.806118743494,3196.121672866866,1,
qwen,32,cap16_chunk2048_pollpm_mem0.75,16,2048,lpm,0.75,0,R_long_prefill,7.091592750572944,226.9309680183342,28593.30197031011,28366.371002291777,275.45061497949064,356.10102489590645,361.7638476192951,260.7373803621158,8.92527777731659,13.15310747933484,9.403979939018043,552.3083792068064,552.6300377910957,552.6489765895531,552.2607584716752,1,
qwen,32,cap16_chunk2048_pollpm_mem0.75,16,2048,lpm,0.75,0,R_medium_balanced,4.521565828621808,1157.520852127183,4774.77351502463,3617.252662897447,135.40985248982906,163.24647201690823,163.6133247287944,133.616893843282,6.472628696036397,6.718932705310484,6.378989425652168,1761.9205000810323,1837.5637136632577,1837.9704430000857,1760.2591973845847,1,
qwen,32,cap16_chunk2048_pollpm_mem0.75,16,2048,lpm,0.75,0,R_short_decode,0.8830948470737457,226.0722808508789,314.3817655582535,88.30948470737458,47.67087451182306,51.45550228189677,52.25873158778995,47.49662725953385,4.242258801983268,4.26870158955674,4.247115218929727,1129.9104390200227,1136.3480070140213,1136.7735437583178,1130.5110080866143,1,
qwen,32,cap16_chunk2048_pollpm_mem0.75,16,2048,lpm,0.75,0,shared_prefix,8.83370793828845,2261.429232201843,22537.20441758821,20275.775185386367,2177.9444687999785,12214.963072212397,12921.860132482834,4274.996413423651,6.359452888806248,7.13303927752171,6.411737250243347,3875.1188709866256,13853.495818516223,14460.915255150758,5909.54745916315,1,
qwen,32,cap16_chunk2048_pollpm_mem0.75,16,2048,lpm,0.75,0,tool_agent,4.822323873489101,999.7400738323933,14019.749304439923,13020.009230607531,228.2250938005745,1651.9137931289151,2403.2900315104043,483.7273783795536,12.702181212309943,79.39963284879923,23.06281225875144,1216.683727223426,7814.660199824721,10825.853235968383,2668.246074861381,1,
qwen,33,cap16_chunk2048_pollpm_mem0.8,16,2048,lpm,0.8,0,R_concurrent_decode,7.449514935916908,1907.0758235947285,3396.97881077811,1489.9029871833816,1181.0723606031388,2242.491603200324,2248.6546736815944,1181.1112155846786,7.978758910743921,7.990267747081816,7.974002844428787,3214.4801523536444,4279.680298292078,4280.010779248551,3214.232345242636,1,
qwen,33,cap16_chunk2048_pollpm_mem0.8,16,2048,lpm,0.8,0,R_long_prefill,8.164843068349375,261.27497818718,32920.64725158468,32659.3722733975,196.99738454073668,279.98453837353736,287.0877275103703,194.29602194577456,9.072296148646744,12.083880018983637,9.171959414567436,478.58278756029904,479.42587847355753,479.52960044611245,478.62676379736513,1,
qwen,33,cap16_chunk2048_pollpm_mem0.8,16,2048,lpm,0.8,0,R_medium_balanced,4.278415870911593,1095.274462953368,4518.007159682643,3422.732696729275,178.6069863010198,253.39211185928437,310.7703727437183,176.09639468719251,6.468229927122593,7.404690258679729,6.612743955110108,1862.1583140920848,2026.7675711074844,2026.9508847268296,1862.3461032402704,1,
qwen,33,cap16_chunk2048_pollpm_mem0.8,16,2048,lpm,0.8,0,R_short_decode,0.8818445350384401,225.75220096984063,313.93665447368465,88.18445350384401,52.62479349039495,54.96011248324066,55.22612546104938,52.61136521585286,4.232255623255875,4.236804556156344,4.232647067492865,1131.8274170625955,1134.9587654229254,1135.3287784289569,1131.9363674265333,1,
qwen,33,cap16_chunk2048_pollpm_mem0.8,16,2048,lpm,0.8,0,shared_prefix,8.864209061822406,2269.237519826536,22615.021123874296,20345.78360404776,2186.0825340263546,12178.2850650139,12881.517613450997,4251.217828736117,6.433394118798823,7.132739033550024,6.44724615199633,3888.358515454456,13814.85120793803,14417.329344442114,5894.91897881453,1,
qwen,33,cap16_chunk2048_pollpm_mem0.8,16,2048,lpm,0.8,0,tool_agent,4.829072683723672,1001.139203426173,14039.369850482482,13038.230647056307,228.11651858501136,1728.272732021287,2484.5492569124312,487.8421774343588,13.13581692132478,162.4413321260363,24.73208924557603,900.4457080736756,8075.601170677691,11428.540306887588,2703.811071147211,1,
qwen,34,cap16_chunk2048_pollpm_mem0.85,16,2048,lpm,0.85,0,R_concurrent_decode,6.692048639249118,1713.1644516477745,3051.574179497598,1338.4097278498236,1666.0694335587325,2722.4743620259687,2728.260241691023,1664.3815894785805,7.983799517045126,7.99739934504032,7.980529489563368,3700.897337403149,4761.621639481746,4761.949768993072,3699.1668060363736,1,
qwen,34,cap16_chunk2048_pollpm_mem0.85,16,2048,lpm,0.85,0,R_long_prefill,6.481159063760517,207.3970900403365,26132.033345082404,25924.636255042067,247.23300314508376,399.9289233470335,417.02740259934217,253.56919562909752,11.643896870795755,15.89067706673015,11.44343173326624,608.1938061397523,608.7092347908765,608.7734796199948,608.315579360351,1,
qwen,34,cap16_chunk2048_pollpm_mem0.85,16,2048,lpm,0.85,0,R_medium_balanced,4.54859225375121,1164.4396169603096,4803.313419961278,3638.873803000968,129.3300949037075,155.63028072938323,155.67993400618434,130.6042918295134,6.450741933476107,6.706910712790547,6.355484052191434,1751.1925594881177,1829.80519591365,1829.9888056935745,1751.252725138329,1,
qwen,34,cap16_chunk2048_pollpm_mem0.85,16,2048,lpm,0.85,0,R_short_decode,0.8817526446763705,225.72867703715085,313.9039415047879,88.17526446763705,50.95907929353416,52.04711256083101,52.12832569610328,50.05922395503149,4.238321993719129,4.2450273538227465,4.239431527607581,1131.1070579104123,1134.2451336793602,1134.6527797542512,1131.1142634949647,1,
qwen,34,cap16_chunk2048_pollpm_mem0.85,16,2048,lpm,0.85,0,shared_prefix,8.859688607561287,2268.080283535689,22603.48820899248,20335.407925456784,2180.58040435426,12190.437056124194,12888.034289875068,4272.00229949085,6.304836239787536,7.102452510620887,6.37806071593785,3871.8758483882993,13825.34927472005,14426.240322231317,5897.971162117756,1,
qwen,34,cap16_chunk2048_pollpm_mem0.85,16,2048,lpm,0.85,0,tool_agent,4.826468569056366,1000.5993313939204,14031.799012074807,13031.19968068089,221.7190053779632,1586.8207816267377,2323.743005329741,478.7207368342206,12.833700089582374,86.20511214248836,22.15006523370121,1155.3632381837815,7826.706314785402,11037.977359122591,2671.4162035426125,1,
qwen,35,cap16_chunk2048_pollpm_mem0.9,16,2048,lpm,0.9,0,R_concurrent_decode,6.687046337310254,1711.883862351425,3049.293129813476,1337.4092674620508,1672.0138895325365,2731.457841792144,2737.6303142961115,1671.8300513311988,7.989987004183087,8.00593004863271,7.987973435190168,3708.406011108309,4772.961853072047,4773.293173811398,3708.513174424297,1,
qwen,35,cap16_chunk2048_pollpm_mem0.9,16,2048,lpm,0.9,0,R_long_prefill,7.832955943688034,250.65459019801708,31582.47836495015,31331.82377475213,193.8940540421754,300.34235229250044,310.3454089118168,198.42096453066915,9.946949704880677,12.90470627887595,9.803156150625115,502.2494948934764,502.8831460978836,502.928370712325,502.3188052000478,1,
qwen,35,cap16_chunk2048_pollpm_mem0.9,16,2048,lpm,0.9,0,R_medium_balanced,4.50898956535967,1154.3013287320755,4761.492981019811,3607.191652287736,156.61067562177777,157.74847811553627,157.77596544940025,138.35758372442797,6.464472749069625,6.860122373601532,6.393528164035695,1768.8301573507488,1860.2423968259243,1860.5771001894027,1768.7072655535303,1,
qwen,35,cap16_chunk2048_pollpm_mem0.9,16,2048,lpm,0.9,0,R_short_decode,0.8817983237082399,225.7403708693094,313.9202032401334,88.17983237082397,50.03351205959916,56.30930704064667,56.596544766798615,50.21503788884729,4.245901962888012,4.251480908224395,4.2450790171437705,1133.353378623724,1136.5111831575632,1137.1009600907564,1132.1794423274696,1,
qwen,35,cap16_chunk2048_pollpm_mem0.9,16,2048,lpm,0.9,0,shared_prefix,8.796439080314112,2251.8884045604127,22442.12137019233,20190.232965631916,2180.1507053896785,12281.199483061191,12988.562196772546,4273.0361302164965,6.626821126715809,7.133927364084943,6.56720832143974,3932.901239022613,13921.399625227772,14530.346185895614,5947.326000292378,1,
qwen,35,cap16_chunk2048_pollpm_mem0.9,16,2048,lpm,0.9,0,tool_agent,4.828527929450054,1001.026267693938,14037.786108172966,13036.759840479028,229.09274767152965,1733.776378049515,2470.223445459269,511.518245448824,13.052312757021614,88.16195568069816,23.11211787534352,1255.4764850065112,7908.705115853805,11297.981115682049,2724.66246470809,1,
qwen,36,cap16_chunk2048_polfcfs_mem0.75,16,2048,fcfs,0.75,0,R_concurrent_decode,7.193448410453543,1841.522793076107,3280.212475166816,1438.6896820907086,1325.7673436310142,2393.305747606792,2399.68414792791,1299.8863799439275,8.006294110022925,8.277448537102078,8.088081545789901,3362.7211581915617,4435.17226416152,4435.275350478478,3362.09707413218,1,
qwen,36,cap16_chunk2048_polfcfs_mem0.75,16,2048,fcfs,0.75,0,R_long_prefill,7.244846293591785,231.8350813949371,29211.22025576208,28979.385174367137,207.94065785594285,337.9898580256849,351.0271326918155,216.8753771111369,10.82877693096957,14.067948257340298,10.541602480976332,543.6327427159995,544.3758991314098,544.4409390678629,543.6650540214032,1,
qwen,36,cap16_chunk2048_polfcfs_mem0.75,16,2048,fcfs,0.75,0,R_medium_balanced,4.499151610806997,1151.782812366591,4751.104101012189,3599.3212886455976,138.83384899236262,182.4519702931866,182.7929413644597,144.17185497586615,6.483531600850469,6.724053385265756,6.38404297265772,1772.254410199821,1842.7156588295477,1843.281910312362,1772.1028130035847,1,
qwen,36,cap16_chunk2048_polfcfs_mem0.75,16,2048,fcfs,0.75,0,R_short_decode,0.8851010852138829,226.585877814754,315.0959863361423,88.51010852138829,49.43843884393573,51.425443263724446,51.813614228740335,49.50921278214082,4.228365772823786,4.2348039546506655,4.229451510279129,1128.036989364773,1129.3672585627064,1129.4432521192357,1128.0193479033187,1,
qwen,36,cap16_chunk2048_polfcfs_mem0.75,16,2048,fcfs,0.75,0,shared_prefix,8.761240410585007,2242.8775451097617,22352.31993907712,20109.44239396736,5301.913490984589,5913.698462769389,5926.850006924942,4308.468713348702,6.401565034440639,7.253054478479659,6.500867671088276,6958.986925659701,7602.956337481737,7615.966801554896,5965.5554606433725,1,
qwen,36,cap16_chunk2048_polfcfs_mem0.75,16,2048,fcfs,0.75,0,tool_agent,4.82322613626152,999.9271264390572,14022.372416907669,13022.445290468611,333.41516298241913,2025.1599977491408,2734.372559613548,584.8480477882549,12.215192634062172,49.92648102343076,18.85051341471616,1506.5862415358424,7969.51759296935,10869.6199729014,2785.585399426054,1,
qwen,37,cap16_chunk2048_polfcfs_mem0.8,16,2048,fcfs,0.8,0,R_concurrent_decode,7.422648871320678,1900.1981110580937,3384.7278853222297,1484.5297742641358,1195.2125099487605,2255.3553372155875,2261.127079175785,1193.2321716449223,7.99886371995158,8.006283300107016,7.999356138046724,3233.7877883110195,4296.530976449139,4296.669554435648,3232.8178885072703,1,
qwen,37,cap16_chunk2048_polfcfs_mem0.8,16,2048,fcfs,0.8,0,R_long_prefill,7.0326632764599655,225.0452248467189,28355.69833068658,28130.65310583986,212.5124104786664,349.3915644474327,363.9635815657675,224.65942578855905,11.115654642062802,14.216292585666862,10.721645896292983,557.0977043826133,557.6381787192076,557.6953219529241,557.0304485736415,1,
qwen,37,cap16_chunk2048_polfcfs_mem0.8,16,2048,fcfs,0.8,0,R_medium_balanced,4.523203742183739,1157.9401579990372,4776.503151746028,3618.562993746991,147.87384727969766,158.4626561962068,158.4687984548509,136.75158019759692,6.4596613038185176,6.721685499902449,6.375923823090453,1762.6331902574748,1849.3644597474488,1849.6449769008905,1762.6121550856624,1,
qwen,37,cap16_chunk2048_polfcfs_mem0.8,16,2048,fcfs,0.8,0,R_short_decode,0.8832066562803381,226.10090400776656,314.4215696358004,88.32066562803381,46.40798084437847,50.73841423727572,51.85003978200257,46.5902392170392,4.251232314124412,4.255965007103834,4.251005509000856,1129.1388666722924,1135.9296834329143,1137.1069875033572,1130.5966440122577,1,
qwen,37,cap16_chunk2048_polfcfs_mem0.8,16,2048,fcfs,0.8,0,shared_prefix,8.442483562252995,2161.275791936767,21539.084058906443,19377.80826696968,5562.051352113485,6436.843642266467,6448.693758770824,4546.327676671353,6.471231042900506,7.293618337123418,6.674339363083958,7190.936946775764,8168.663995200768,8181.000454649329,6248.081815807382,1,
qwen,37,cap16_chunk2048_polfcfs_mem0.8,16,2048,fcfs,0.8,0,tool_agent,4.8290812186314,1001.1409728405686,14039.394663678322,13038.253690837751,315.9826055634767,1884.7791649401177,2501.029908987692,555.0060329819098,12.16115704944211,48.73575917445117,19.1499626887855,1444.0753483213484,7842.140518547966,10595.25085737461,2730.395567757077,1,
qwen,38,cap16_chunk2048_polfcfs_mem0.85,16,2048,fcfs,0.85,0,R_concurrent_decode,7.439417761539007,1904.4909469539857,3392.374499261787,1487.8835523078014,1184.7135594580325,2242.7263253135607,2248.974592820741,1184.492611544556,7.998012318549788,8.003568796386176,7.998135995942338,3224.475228926167,4283.347754157148,4283.480488932692,3223.767314193537,1,
qwen,38,cap16_chunk2048_polfcfs_mem0.85,16,2048,fcfs,0.85,0,R_long_prefill,6.236800484152496,199.57761549287983,25146.77955210286,24947.20193660998,250.53563015535477,420.3518889145925,439.1576465079561,259.2728741001338,12.319454052034883,16.845930740988305,12.036623076475676,632.4387057684362,632.649853779003,632.6702270563692,632.4081894708797,1,
qwen,38,cap16_chunk2048_polfcfs_mem0.85,16,2048,fcfs,0.85,0,R_medium_balanced,4.506186097148701,1153.5836408700677,4758.532518589029,3604.948877718961,141.14725589752197,179.43583568558097,179.53524058684707,146.44252756261267,6.471022786389963,6.717785638665744,6.36556447168593,1769.821279682219,1842.2649403801188,1842.469846340828,1769.6614678425249,1,
qwen,38,cap16_chunk2048_polfcfs_mem0.85,16,2048,fcfs,0.85,0,R_short_decode,0.8770981207121783,224.53711890231764,312.2469309735355,87.70981207121783,53.2671045511961,67.85062735434622,71.39035172294825,55.472731590271,4.243549580375353,4.252206610844416,4.246060876175761,1136.137444525957,1149.6185548836363,1153.2848548190668,1138.21825501509,1,
qwen,38,cap16_chunk2048_polfcfs_mem0.85,16,2048,fcfs,0.85,0,shared_prefix,8.453931585604554,2164.206485914766,21568.291096795158,19404.08461088039,5592.979677487165,6407.060771039687,6421.163685806096,4562.469045718899,6.397485099508399,7.261110512521483,6.555517479398996,7223.602513317019,8138.568688533269,8153.170512937941,6233.535487335757,1,
qwen,38,cap16_chunk2048_polfcfs_mem0.85,16,2048,fcfs,0.85,0,tool_agent,4.830173793198971,1001.3674799370448,14042.57106201564,13041.203582078597,342.2738374210894,2055.9021249879147,2686.7858368065204,593.3401374029927,12.187755078469452,45.35030554980031,18.920710130278177,1532.9018214251846,7984.474840643816,11105.346221970376,2792.2033096966334,1,
qwen,39,cap16_chunk2048_polfcfs_mem0.9,16,2048,fcfs,0.9,0,R_concurrent_decode,7.22428551070676,1849.4170907409305,3294.2741928822825,1444.857102141352,1308.8042219169438,2373.3177217887715,2379.079818301834,1282.3673917009728,8.00076884436695,8.293441243780155,8.092368661396945,3345.73844098486,4413.9051953097805,4414.274980779737,3345.671390197822,1,
qwen,39,cap16_chunk2048_polfcfs_mem0.9,16,2048,fcfs,0.9,0,R_long_prefill,7.92106817326887,253.47418154460385,31937.746874620087,31684.272693075483,193.24480998329815,293.92119962722063,303.52143477648497,196.50894810911268,9.749285531260314,12.659409411642098,9.643887331138457,495.4726614523679,496.1081817280501,496.1818739678711,495.4694553744048,1,
qwen,39,cap16_chunk2048_polfcfs_mem0.9,16,2048,fcfs,0.9,0,R_medium_balanced,4.467892268286208,1143.780420681269,4718.094235310236,3574.3138146289666,151.0047041811049,177.61747003532946,178.01101324148476,146.24794240808114,6.485276606262606,6.896071062039804,6.427778056640105,1785.4700461030006,1873.4745171386749,1873.6867363099009,1785.331346851308,1,
qwen,39,cap16_chunk2048_polfcfs_mem0.9,16,2048,fcfs,0.9,0,R_short_decode,0.885450745129203,226.675390753076,315.22046526599627,88.5450745129203,48.1993593275547,51.277187070809305,51.78199603687972,48.34998020669445,4.230372498140616,4.236987135829587,4.231074629534109,1127.259648637846,1130.4478995269164,1130.4536040080711,1127.2740107378922,1,
qwen,39,cap16_chunk2048_polfcfs_mem0.9,16,2048,fcfs,0.9,0,shared_prefix,8.509896370061798,2178.53347073582,21711.07256481633,19532.539094080515,5558.619572082534,6334.536774479784,6346.649261140265,4507.8703593644605,6.447033975343109,7.281639872977109,6.590899730965738,7183.973540086299,8060.503746056929,8072.586817052215,6188.052302390133,1,
qwen,39,cap16_chunk2048_polfcfs_mem0.9,16,2048,fcfs,0.9,0,tool_agent,4.821616757644764,999.5934781111242,14017.693534830316,13018.100056719191,333.9281799271703,2009.80996210128,2740.5112756229933,587.621365855448,12.239420555562264,51.576569117605615,18.98861567004656,1527.6749038603157,7985.377316409721,10897.64395150354,2790.413579219021,1,
qwen,40,cap16_chunk8192_pollpm_mem0.75,16,8192,lpm,0.75,0,R_concurrent_decode,5.198925700278106,1330.924979271195,2370.7101193268163,1039.7851400556212,2572.4259589333087,4104.261356173083,4108.191849919967,2572.3524767090566,7.987704401032305,7.993353534599437,7.982592399686724,4608.0195845570415,6141.889307508245,6142.212726119906,4607.663518298068,1,
qwen,40,cap16_chunk8192_pollpm_mem0.75,16,8192,lpm,0.75,0,R_long_prefill,2.730282814382716,87.36905006024689,11008.50030759111,10921.131257530862,1220.4522991087288,1262.2975809732452,1262.31476013083,954.904126469046,7.459019821497701,37.95734975607164,16.025854030533903,1451.6819135751575,1452.4210727075117,1452.486305651255,1451.705601415597,1,
qwen,40,cap16_chunk8192_pollpm_mem0.75,16,8192,lpm,0.75,0,R_medium_balanced,3.962025177321643,1014.2784453943406,4183.898587251655,3169.620141857314,384.6298956777901,686.532414983958,686.6840302012861,396.9408137782011,6.372100797792276,6.69985305399214,6.33011354731542,2012.1829477138815,2204.9728822894394,2205.515079665929,2011.119768343633,1,
qwen,40,cap16_chunk8192_pollpm_mem0.75,16,8192,lpm,0.75,0,R_short_decode,0.8817172787778333,225.7196233671253,313.89135124490866,88.17172787778333,50.033651990816,51.8028320511803,52.08596799056977,49.814968719147146,4.244100955296673,4.249715198233139,4.244738866063748,1132.6411310583353,1134.4264095183462,1134.7603261750191,1132.2233795654029,1,
qwen,40,cap16_chunk8192_pollpm_mem0.75,16,8192,lpm,0.75,0,shared_prefix,8.847962802905862,2265.0784775439006,22573.572475041776,20308.493997497877,2315.154931973666,10953.87030595448,11002.940603015011,4250.625628323178,6.274093269722492,6.812871874894436,6.322290148047178,3861.5478065330535,12649.429811933078,12654.491574075071,5859.189203612914,1,
qwen,40,cap16_chunk8192_pollpm_mem0.75,16,8192,lpm,0.75,0,tool_agent,4.848440749768285,1005.154494038212,14095.677854171345,13090.523360133133,481.4986260607839,4077.6572502916624,13152.52317619044,1229.3828675104303,13.17756569659397,37.78432688156427,18.513245453030773,2009.0554819907995,11381.391712720504,16441.08877722638,3744.338548346423,1,
qwen,41,cap16_chunk8192_pollpm_mem0.8,16,8192,lpm,0.8,0,R_concurrent_decode,7.489941420475779,1917.4250036417995,3415.4132877369548,1497.9882840951557,1167.1213950030506,2217.3499304801226,2221.7751878499985,1167.002208851045,7.993582829686941,7.999350835359414,7.990852271138593,3204.367871163413,4256.160071934573,4256.400766451843,3204.419493296882,1,
qwen,41,cap16_chunk8192_pollpm_mem0.8,16,8192,lpm,0.8,0,R_long_prefill,8.65877427191855,277.0807767013936,34912.17786437559,34635.09708767419,216.24771901406348,261.591679812409,261.62811656016856,201.30463188979772,7.543111986090098,10.661753026708478,8.0286932080203,450.1799519639462,450.61160582117736,450.6413898523897,450.1941213384271,1,
qwen,41,cap16_chunk8192_pollpm_mem0.8,16,8192,lpm,0.8,0,R_medium_balanced,4.576333675578527,1171.541420948103,4832.608361410925,3661.0669404628215,131.52080564759672,137.66604010015726,137.84644324332476,130.1285507506691,6.359948389524338,6.695422215624621,6.318502387091262,1741.3829409051689,1829.6925750328228,1829.746430157684,1741.3466594589408,1,
qwen,41,cap16_chunk8192_pollpm_mem0.8,16,8192,lpm,0.8,0,R_short_decode,0.8782448958443398,224.830693336151,312.655182920585,87.82448958443399,52.86352150142193,55.77699011191726,56.0303164832294,52.78145684860647,4.251812980966825,4.257797592903907,4.251767198244731,1136.6491264197975,1140.435367054306,1140.962355057709,1136.9820924010128,1,
qwen,41,cap16_chunk8192_pollpm_mem0.8,16,8192,lpm,0.8,0,shared_prefix,8.821027284542236,2258.1829848428124,22504.85260251536,20246.66961767255,2278.9228316396475,11031.997360102832,11048.546563540584,4223.175778872246,6.4285306872316,6.886743846458986,6.509336700126039,3893.171307165176,12694.208302977497,12699.372049211524,5879.6765072438575,1,
qwen,41,cap16_chunk8192_pollpm_mem0.8,16,8192,lpm,0.8,0,tool_agent,4.831606656941106,1001.6645340837454,14046.7367694586,13045.072235374852,262.7645409666002,1339.731067745015,2137.848975467494,444.7631974471733,12.402838632913154,51.278675859794,19.256492774253644,1139.1810060013086,7425.481843366287,10233.77251190598,2582.640850993339,1,
qwen,42,cap16_chunk8192_pollpm_mem0.85,16,8192,lpm,0.85,0,R_concurrent_decode,7.494953042493752,1918.7079788784008,3417.698587377151,1498.9906084987504,1169.378611491993,2220.7871098537,2225.117053645663,1169.306648953352,7.984534952351275,7.988657498020021,7.980498951784894,3204.371670493856,4257.601063349284,4257.765313554555,3204.0840716508683,1,
qwen,42,cap16_chunk8192_pollpm_mem0.85,16,8192,lpm,0.85,0,R_long_prefill,7.26740626577138,232.55700050468417,29302.182063590208,29069.62506308552,302.07969644106925,350.498427497223,350.522433379665,267.8857860155404,7.601290317853132,12.942314920045677,8.71003755263143,537.7196962945163,538.6134324595332,538.7172634527087,537.8969501471147,1,
qwen,42,cap16_chunk8192_pollpm_mem0.85,16,8192,lpm,0.85,0,R_medium_balanced,4.563521449014626,1168.2614909477445,4819.078650159446,3650.817159211701,128.14110866747797,148.26357539277524,148.31079652067274,134.42361235502176,6.40547277643254,6.67757469539841,6.324966529763176,1747.3227644804865,1829.4193060137327,1829.991251323372,1747.2900774446316,1,
qwen,42,cap16_chunk8192_pollpm_mem0.85,16,8192,lpm,0.85,0,R_short_decode,0.8812140717201948,225.59080236036988,313.7122095323893,88.12140717201947,50.7846144028008,57.32451092917472,59.51542349997908,50.71084917290136,4.244931953429592,4.252083524148546,4.24551925640188,1132.740352768451,1139.6474602399394,1141.5425223624334,1133.3182595553808,1,
qwen,42,cap16_chunk8192_pollpm_mem0.85,16,8192,lpm,0.85,0,shared_prefix,8.86734053023126,2270.0391757392026,22623.01035604618,20352.971180306977,2267.459397437051,10963.241364387795,10980.915771573782,4228.128058726725,6.268882356752737,6.803231541359541,6.357748491245196,3841.351146344096,12622.646870464088,12627.78282310348,5845.708524018846,1,
qwen,42,cap16_chunk8192_pollpm_mem0.85,16,8192,lpm,0.85,0,tool_agent,4.829647497438856,1001.2583709315364,14041.04098340409,13039.782612472553,271.3317582383752,1221.6337248915795,2067.418704233131,431.5914317034185,12.206508319026655,54.55740042962134,19.38975654821703,1053.2509903423488,7340.053500817155,10074.852187209755,2549.717266927473,1,
qwen,43,cap16_chunk8192_pollpm_mem0.9,16,8192,lpm,0.9,0,R_concurrent_decode,7.504192439364109,1921.073264477212,3421.9117523500336,1500.8384878728218,1157.623332226649,2206.122224871069,2210.779437203892,1157.6214705273742,7.988062641565122,7.995561358573682,7.982156543570852,3193.322139326483,4244.8627611855045,4245.143482387066,3192.821334800101,1,
qwen,43,cap16_chunk8192_pollpm_mem0.9,16,8192,lpm,0.9,0,R_long_prefill,8.310823955089683,265.94636656286985,33509.242186921605,33243.29582035873,238.74912201426923,281.9636979140341,281.9969436712563,215.1608398417011,7.507009919913065,11.506272642873226,8.269590772538175,471.60495352,472.0288386568427,472.0715854689479,471.5181537903845,1,
qwen,43,cap16_chunk8192_pollpm_mem0.9,16,8192,lpm,0.9,0,R_medium_balanced,4.604622392676004,1178.783332525057,4862.48124666586,3683.697914140803,113.88830048963428,135.56976174004376,135.71512349881232,122.0495993620716,6.354810739410858,6.682509654110261,6.31727137791562,1730.3494191728532,1816.166353528388,1816.344585479237,1730.3531366342213,1,
qwen,43,cap16_chunk8192_pollpm_mem0.9,16,8192,lpm,0.9,0,R_short_decode,0.8836561375051796,226.215971201326,314.5815849518439,88.36561375051795,53.286969428882,54.34726702515036,54.36504960525781,51.37972021475434,4.228162381104102,4.237017787299028,4.229568502427462,1131.0808965936303,1133.6779358563945,1134.1807713126764,1129.9196883337572,1,
qwen,43,cap16_chunk8192_pollpm_mem0.9,16,8192,lpm,0.9,0,shared_prefix,8.90525471539349,2279.7452071407333,22719.739809555034,20439.9946024143,2228.6554416641598,10884.508292353712,10916.667740079574,4193.691161352035,6.327432075883346,6.7992084852291965,6.389455354512978,3803.368611959741,12558.790800953284,12564.305903492495,5819.333972653112,1,
qwen,43,cap16_chunk8192_pollpm_mem0.9,16,8192,lpm,0.9,0,tool_agent,4.828760596196644,1001.0745030005072,14038.462530898656,13037.388027898149,308.19301353767514,1463.848118041641,2247.4339281860725,462.941502914764,12.079287991722914,41.95737388746981,18.96185897129924,1136.163856368512,7433.891721861435,10461.827678047115,2612.319141726475,1,
qwen,44,cap16_chunk8192_polfcfs_mem0.75,16,8192,fcfs,0.75,0,R_concurrent_decode,7.388904489275509,1891.5595492545303,3369.3404471096324,1477.7808978551018,1219.6373676415533,2267.915977863595,2272.312155244872,1217.424946677056,7.993749435991049,8.000709700627993,7.995809506212774,3256.9936409126967,4307.019150722772,4307.436003191397,3256.106226996053,1,
qwen,44,cap16_chunk8192_polfcfs_mem0.75,16,8192,fcfs,0.75,0,R_long_prefill,8.19627458087308,262.28078658793856,33047.379110080255,32785.09832349232,204.5820038765669,274.65945484582335,284.5273628877476,202.71015260368583,8.809323873250715,11.298109029960488,8.870152677709777,477.6710439473391,478.435569209978,478.4952489193529,477.68488561268896,1,
qwen,44,cap16_chunk8192_polfcfs_mem0.75,16,8192,fcfs,0.75,0,R_medium_balanced,4.610348127833388,1180.2491207253474,4868.527622992058,3688.2785022667113,105.23607605136932,132.00037006754428,132.15093391481787,115.52039225352928,6.375566477357757,6.681366731394448,6.321115812455651,1727.460887050256,1806.479029124603,1806.5928034018723,1727.4049244297205,1,
qwen,44,cap16_chunk8192_polfcfs_mem0.75,16,8192,fcfs,0.75,0,R_short_decode,0.8839543473933811,226.2923129327056,314.68774767204366,88.3954347393381,47.790678683668375,49.70423527993262,49.86038063652813,47.70067147910595,4.238596995927248,4.248488124953036,4.241134351639844,1128.9638865273446,1130.5611054878682,1130.6023690011352,1129.1899311472662,1,
qwen,44,cap16_chunk8192_polfcfs_mem0.75,16,8192,fcfs,0.75,0,shared_prefix,8.819524166176453,2257.798186541172,22501.01773655532,20243.21955001415,5185.157022206113,5931.392967049032,5942.692523049191,4259.33670964514,6.456915145812959,7.310485435448879,6.60654987096821,6830.054224468768,7641.200625221245,7652.790181157179,5941.520912423584,1,
qwen,44,cap16_chunk8192_polfcfs_mem0.75,16,8192,fcfs,0.75,0,tool_agent,4.82802433595746,1000.9218652090208,14036.322030955684,13035.400165746663,333.15866184420884,2092.4426784506068,2524.762920145876,561.3514317921363,12.020304722269788,27.054904121905547,15.70747130090353,1326.4809539541602,7590.617222618308,10598.716715839671,2707.674435067456,1,
qwen,45,cap16_chunk8192_polfcfs_mem0.8,16,8192,fcfs,0.8,0,R_concurrent_decode,7.228712209519958,1850.5503256371087,3296.2927675411006,1445.7424419039914,1315.7364893704653,2369.784118118696,2373.978540832177,1313.3929533796618,8.00730738533186,8.015624692980102,8.004986322471385,3354.7773328609765,4412.536770757288,4412.940736915916,3354.4138240395114,1,
qwen,45,cap16_chunk8192_polfcfs_mem0.8,16,8192,fcfs,0.8,0,R_long_prefill,8.899331795887983,284.77861746841546,35882.10580102035,35597.32718355193,195.6388526596129,240.85988514125344,247.22072415053844,184.662016807124,7.885987209456582,10.554052255446871,8.239511269024543,440.1044561527669,440.3030603658408,440.3165752347559,440.08686614688486,1,
qwen,45,cap16_chunk8192_polfcfs_mem0.8,16,8192,fcfs,0.8,0,R_medium_balanced,4.592749848035865,1175.7439610971817,4849.943839525873,3674.199878428692,127.01186304911973,129.5640900498256,129.6948005212471,123.85924661066385,6.366740384449562,6.702302463863994,6.325147421710997,1736.7090759798884,1830.125858890824,1830.4253808921203,1736.771839146968,1,
qwen,45,cap16_chunk8192_polfcfs_mem0.8,16,8192,fcfs,0.8,0,R_short_decode,0.8823368037037722,225.87822174816569,314.1119021185429,88.23368037037723,48.7578681204468,53.07066177483648,54.25423554610461,49.09647681051865,4.244891543160467,4.252816422513741,4.245239992023391,1131.1005498282611,1135.4007437359542,1136.7571632470936,1131.632674776483,1,
qwen,45,cap16_chunk8192_polfcfs_mem0.8,16,8192,fcfs,0.8,0,shared_prefix,8.854797546845296,2266.828171992396,22591.009775706567,20324.18160371417,5171.091644791886,5900.226661353372,5918.782882792875,4239.984232470306,6.458949872895198,7.332807397926409,6.576920942936762,6819.996871519834,7586.090183747001,7605.072554438375,5914.630448522075,1,
qwen,45,cap16_chunk8192_polfcfs_mem0.8,16,8192,fcfs,0.8,0,tool_agent,4.832178990736794,1001.7831874645984,14048.400692609452,13046.617505144854,333.058669930324,1700.385459815152,2153.34801795892,506.3306582719088,11.947488754272126,31.849787014564782,16.124742962616992,1232.4366245884448,7500.648333644494,10154.130350281466,2634.3023697682656,1,
qwen,46,cap16_chunk8192_polfcfs_mem0.85,16,8192,fcfs,0.85,0,R_concurrent_decode,7.489264743672146,1917.2517743800693,3415.104723114499,1497.8529487344292,1171.268932055682,2221.65802391246,2225.8712107874453,1170.9687044785824,7.984552627392844,7.992702153706827,7.979218358781539,3205.6097546592355,4258.499012188986,4258.971012760885,3205.41946029698,1,
qwen,46,cap16_chunk8192_polfcfs_mem0.85,16,8192,fcfs,0.85,0,R_long_prefill,8.833128216216988,282.6601029189436,35615.1729677869,35332.51286486795,201.9715961068869,246.66143173817545,252.95202129054812,191.23871403280648,7.815204966332644,10.454115744740252,8.165236581267129,444.2429500631988,444.8675495106727,444.9461542163044,444.3610480520874,1,
qwen,46,cap16_chunk8192_polfcfs_mem0.85,16,8192,fcfs,0.85,0,R_medium_balanced,4.591707629247978,1175.4771530874823,4848.843256485865,3673.366103398382,123.96574346348643,130.717332707718,130.85780390538275,122.79791574110276,6.361406250838556,6.699746953524357,6.317287596061314,1733.7254444137216,1829.9301700899375,1830.1503059687093,1733.706252736738,1,
qwen,46,cap16_chunk8192_polfcfs_mem0.85,16,8192,fcfs,0.85,0,R_short_decode,0.8859844597695293,226.8120217009995,315.41046767795245,88.59844597695293,47.024697065353394,48.83901022840291,49.39875489566475,46.68366501573473,4.235901608697924,4.242781082843887,4.237692896048447,1127.0406937692314,1130.5921881925317,1131.0939647909254,1127.2953535080887,1,
qwen,46,cap16_chunk8192_polfcfs_mem0.85,16,8192,fcfs,0.85,0,shared_prefix,8.807610337692752,2254.7482464493446,22470.622302405925,20215.87405595658,5175.933775724843,5936.025802674703,5951.495366157033,4265.723436928965,6.455079105445275,7.307286303234743,6.605311713165505,6821.1607141420245,7651.310954266228,7667.335434281267,5947.593538679939,1,
qwen,46,cap16_chunk8192_polfcfs_mem0.85,16,8192,fcfs,0.85,0,tool_agent,4.830966532583886,1001.5318267026285,14044.87576151983,13043.3439348172,307.83009552396834,1659.9017845001058,2122.877575000744,494.8187291668728,11.784279494057014,24.470465795191767,15.105303872450651,1225.0694448594004,7513.623212790117,10147.736949836815,2578.6477517173626,1,
qwen,47,cap16_chunk8192_polfcfs_mem0.9,16,8192,fcfs,0.9,0,R_concurrent_decode,7.504066142123594,1921.04093238364,3421.8541608083588,1500.8132284247188,1161.8209844455123,2211.814749566838,2215.912613491528,1161.8362438603071,7.985509431683549,7.997664940616518,7.980116006231712,3196.97223813273,4251.098281075247,4251.282790498808,3196.515635383548,1,
qwen,47,cap16_chunk8192_polfcfs_mem0.9,16,8192,fcfs,0.9,0,R_long_prefill,8.969573110362486,287.02633953159955,36165.31878098154,35878.29244144994,195.03284757956865,240.20069988910103,246.5619656490162,183.6895786691457,7.827730481362632,10.547792315182669,8.197378228238273,437.6924925018102,438.2794427452609,438.35140546318144,437.80830374453217,1,
qwen,47,cap16_chunk8192_polfcfs_mem0.9,16,8192,fcfs,0.9,0,R_medium_balanced,4.415637864676476,1130.4032933571775,4662.913585098358,3532.5102917411805,156.4151598140597,231.742029893212,231.9179612910375,185.76204861165024,6.403396024788711,6.748072633191066,6.346942893544431,1804.024446057156,1934.00307407137,1934.097268502228,1804.23248646548,1,
qwen,47,cap16_chunk8192_polfcfs_mem0.9,16,8192,fcfs,0.9,0,R_short_decode,0.884168013603447,226.34701148248243,314.7638128428271,88.41680136034469,47.76422772556543,59.96537667233496,62.77943382505328,49.80170930502936,4.231046430547448,4.2380734598811935,4.232483181426776,1126.6250384505838,1139.3738018581644,1141.5925547899678,1129.0849205688571,1,
qwen,47,cap16_chunk8192_polfcfs_mem0.9,16,8192,fcfs,0.9,0,shared_prefix,8.846437561355529,2264.6880157070154,22569.68116678864,20304.99315108162,5179.12979866378,5913.327515008859,5927.894778125919,4261.031330963306,6.416067890185901,7.302399152415056,6.504290554646167,6820.506575750187,7595.732862199657,7610.386338955723,5916.848686734738,1,
qwen,47,cap16_chunk8192_polfcfs_mem0.9,16,8192,fcfs,0.9,0,tool_agent,4.837289054408229,1002.842580314642,14063.25697631887,13060.414396004227,296.6486669611186,1676.896798075176,2205.959635451433,493.127355792094,11.815480675016133,24.3197445264634,15.566717163526585,1191.3400164339691,7481.1022992013,10116.911319773626,2578.334724365268,1,
qwen,48,cap24_chunk-1_pollpm_mem0.75,24,-1,lpm,0.75,0,R_concurrent_decode,7.511794347618719,1923.019352990392,3425.378222514136,1502.3588695237438,132.1478341706097,2369.755897554569,2369.955028449185,690.2429066394689,8.60477310020988,8.609202608187701,8.293594898148948,2326.544509967789,4241.61917376332,4241.861827024259,2804.8404714354547,1,
qwen,48,cap24_chunk-1_pollpm_mem0.75,24,-1,lpm,0.75,0,R_long_prefill,8.732550946384961,279.4416302843188,35209.64541582417,34930.203785539845,215.323370648548,249.350961111486,254.13951311260465,197.2070363117382,7.441167299064897,10.550548444922653,8.032144280150533,445.99955691955984,446.7672452330589,446.8724099546671,446.2035089964047,1,
qwen,48,cap24_chunk-1_pollpm_mem0.75,24,-1,lpm,0.75,0,R_medium_balanced,4.588094778568511,1174.5522633135388,4845.028086168348,3670.475822854809,128.9019009564072,130.05015312228352,130.1734746666625,124.84218087047338,6.372511253564381,6.703926272252026,6.327441093790363,1738.3915577083826,1829.263016814366,1829.7978632617744,1738.339659787016,1,
qwen,48,cap24_chunk-1_pollpm_mem0.75,24,-1,lpm,0.75,0,R_short_decode,0.8794072899898628,225.1282662374049,313.0689952363912,87.94072899898629,49.30747067555785,60.24972167797387,60.69180742837489,51.203203678596765,4.250883944697824,4.255268377270184,4.250727159281572,1133.1202569417655,1143.5982981696725,1143.8463204726577,1135.1386292953975,1,
qwen,48,cap24_chunk-1_pollpm_mem0.75,24,-1,lpm,0.75,0,shared_prefix,10.254509958531504,2625.154549384065,26162.058871780653,23536.90432239659,2374.937147833407,7893.209983641269,10544.905361556455,3031.189292723866,7.874789186679999,8.667243063705518,7.589532247485085,4260.401961859316,9480.69346873089,12062.845337530604,4960.589204591088,1,
qwen,48,cap24_chunk-1_pollpm_mem0.75,24,-1,lpm,0.75,0,tool_agent,4.838060616712969,1003.0025367538492,14065.500108544948,13062.497571791098,294.3998894188553,545.8489733049641,737.7801040746256,294.59235832327977,11.103007020947173,65.03372723236667,18.508608529278494,711.0793471802026,6723.116603842935,9763.450527670788,2276.117701416369,1,
qwen,49,cap24_chunk-1_pollpm_mem0.8,24,-1,lpm,0.8,0,R_concurrent_decode,7.498680413267305,1919.66218579643,3419.398268449891,1499.7360826534612,135.71853144094348,2384.0829284396023,2384.259195905179,696.669444849249,8.609381497965433,8.614542990031362,8.292763657621606,2331.181177403778,4252.129883598536,4252.407443337143,2811.0548592958366,1,
qwen,49,cap24_chunk-1_pollpm_mem0.8,24,-1,lpm,0.8,0,R_long_prefill,8.443904433694124,270.204941878212,34045.82267665471,33775.6177347765,272.49747491441667,272.9317519115284,272.97752967569977,232.162406318821,6.127357648144806,10.594697925262151,7.43880320430523,462.636302690953,463.44982793089,463.5177257610485,462.76530565228313,1,
qwen,49,cap24_chunk-1_pollpm_mem0.8,24,-1,lpm,0.8,0,R_medium_balanced,4.6067339396238935,1179.3238885437167,4864.711040242832,3685.387151699115,108.34308271296322,128.9873862406239,129.10555626731366,115.61963523854502,6.36145800224268,6.675677712294547,6.31376331576201,1725.7615078706294,1807.535958243534,1808.0755935516208,1725.6292807578575,1,
qwen,49,cap24_chunk-1_pollpm_mem0.8,24,-1,lpm,0.8,0,R_short_decode,0.8843755538041911,226.4001417738729,314.837697154292,88.4375553804191,49.94866857305169,54.88578544463962,55.43636742513627,50.89939630124718,4.2280807525065605,4.23379562895599,4.227994113713137,1129.491810919717,1132.983400928788,1133.7487856810912,1129.0378952980973,1,
qwen,49,cap24_chunk-1_pollpm_mem0.8,24,-1,lpm,0.8,0,shared_prefix,10.124345031508676,2591.8323280662207,25829.972550973183,23238.14022290696,2395.879919407889,8410.253281891328,9226.219594259746,3052.462249976088,7.8912442860504,8.57665988526813,7.629339733879207,4408.545775339007,10401.62780331446,11216.49753825739,4992.6338332479645,1,
qwen,49,cap24_chunk-1_pollpm_mem0.8,24,-1,lpm,0.8,0,tool_agent,4.825378001829208,1000.3732404492222,14028.628449597982,13028.25520914876,278.70836830697954,552.0335282664743,733.6173170711829,286.94423739565536,11.161227246389146,73.89765158295616,19.2625031765202,716.0975388251245,6631.750741507857,9713.997576730322,2275.1098489854485,1,
qwen,50,cap24_chunk-1_pollpm_mem0.85,24,-1,lpm,0.85,0,R_concurrent_decode,7.510658160129117,1922.728488993054,3424.8601210188776,1502.1316320258236,129.5956359244883,2375.484317354858,2375.668426337652,689.9031862267293,8.592117873623092,8.601433460747915,8.280695086077072,2320.630759000778,4244.146122736856,4244.471899364144,2801.211419675383,1,
qwen,50,cap24_chunk-1_pollpm_mem0.85,24,-1,lpm,0.85,0,R_long_prefill,7.543082014871003,241.3786244758721,30413.706683959885,30172.32805948401,253.46597470343116,319.7844174923375,329.1205275291577,237.37732891459015,8.626308832918443,12.535661498024576,9.144416890077052,520.8815485239029,521.1079416796565,521.1122620478272,520.8542525069788,1,
qwen,50,cap24_chunk-1_pollpm_mem0.85,24,-1,lpm,0.85,0,R_medium_balanced,4.622250401244086,1183.296102718486,4881.096423713755,3697.800320995269,106.93053505383432,134.32648906018585,134.48410432320088,116.49142982787453,6.349357477772761,6.670331393879857,6.309720196683581,1725.3682299051434,1802.14698438067,1802.302097924985,1725.4700799821876,1,
qwen,50,cap24_chunk-1_pollpm_mem0.85,24,-1,lpm,0.85,0,R_short_decode,0.8819190223233201,225.77126971476997,313.963171947102,88.19190223233201,49.05163822695613,53.487337031401694,53.683835421688855,49.07788598211482,4.248759984130077,4.259394090166133,4.248900457705353,1131.8026741500944,1139.2785146133974,1140.006163031794,1132.5475026969798,1,
qwen,50,cap24_chunk-1_pollpm_mem0.85,24,-1,lpm,0.85,0,shared_prefix,10.10043100646111,2585.710337654044,25768.96133408562,23183.250996431576,2393.332970328629,8434.5386886969,9263.43354019802,3048.86265996538,7.890833899246779,8.157936216393344,7.709857436806554,4404.215598478913,10437.981498916615,11244.500333084725,5009.573035691574,1,
qwen,50,cap24_chunk-1_pollpm_mem0.85,24,-1,lpm,0.85,0,tool_agent,4.837408862330336,1002.8674182940136,14063.605289098492,13060.737870804478,259.8186330869794,554.575050016865,727.5688684638573,289.52103674877435,11.740544578060508,62.02317709103227,20.48039003320213,697.2294389270246,6748.968305764717,9761.958099156613,2284.646876261104,1,
qwen,51,cap24_chunk-1_pollpm_mem0.9,24,-1,lpm,0.9,0,R_concurrent_decode,7.524007904105378,1926.1460234509768,3430.947604272053,1504.8015808210755,125.79324189573526,2365.15503495466,2365.3032197011635,684.5735028909985,8.596173987961283,8.604371348781731,8.285268138886806,2318.1332929525524,4235.691461735405,4235.809611780569,2797.047785439645,1,
qwen,51,cap24_chunk-1_pollpm_mem0.9,24,-1,lpm,0.9,0,R_long_prefill,7.935879240858876,253.94813570748403,31997.465099142988,31743.516963435504,200.8891487494111,274.6677343733609,285.0376524217427,199.176354566589,8.94969572583514,11.54929020652367,9.012389822953171,478.4113629721105,479.4125591404736,479.5037108846009,478.5604390781373,1,
qwen,51,cap24_chunk-1_pollpm_mem0.9,24,-1,lpm,0.9,0,R_medium_balanced,4.602005987414495,1178.1135327781108,4859.718322709707,3681.604789931596,112.42516036145388,132.24190985783935,132.3178476653993,118.01755233318544,6.37166486030408,6.68227267908115,6.321127931975449,1729.067018954083,1813.6882754042745,1814.067698456347,1729.905174986925,1,
qwen,51,cap24_chunk-1_pollpm_mem0.9,24,-1,lpm,0.9,0,R_short_decode,0.8813692481783697,225.63052753366264,313.7674523514996,88.13692481783697,48.94903022795916,51.35052741970867,51.36857050936669,49.20899955322966,4.249409011875589,4.256122252703005,4.250282473067808,1133.0053976271302,1135.6548454379663,1135.8822318119928,1133.0310301855206,1,
qwen,51,cap24_chunk-1_pollpm_mem0.9,24,-1,lpm,0.9,0,shared_prefix,10.261154061268892,2626.8554396848367,26179.00979461057,23552.154354925737,2342.369617894292,8342.50308170449,10530.883008441897,3016.320351594913,7.76115728461543,8.89614361301795,7.642642718587538,4178.055339725688,9682.050422369502,12049.308632444596,4960.56329170824,1,
qwen,51,cap24_chunk-1_pollpm_mem0.9,24,-1,lpm,0.9,0,tool_agent,4.836019745109626,1002.579433457402,14059.56676416741,13056.987330710008,316.5217430796474,569.6178839309136,739.3303920468301,298.4467210713774,11.264038970693946,35.70954946801066,17.77426345771566,705.1124854478985,6828.399397898464,9868.861599788064,2301.101169672329,1,
qwen,52,cap24_chunk-1_polfcfs_mem0.75,24,-1,fcfs,0.75,0,R_concurrent_decode,7.479514796732522,1914.7557879635256,3410.65874731003,1495.9029593465043,131.89491513185203,2386.7066197562963,2386.900754547678,694.8268589621875,8.61754219285121,8.625450241509569,8.300531128145638,2329.767526127398,4256.600730377249,4256.926221721806,2811.1925310076917,1,
qwen,52,cap24_chunk-1_polfcfs_mem0.75,24,-1,fcfs,0.75,0,R_long_prefill,7.587385057837372,242.7963218507959,30592.336553200283,30349.54023134949,249.49594819918275,317.34962079208344,326.90621030982584,233.13351825345308,8.657869019155061,12.668651361919697,9.193250823075012,517.8898877929896,518.7382060103118,518.8521216623485,518.1242937687784,1,
qwen,52,cap24_chunk-1_polfcfs_mem0.75,24,-1,fcfs,0.75,0,R_medium_balanced,4.597605667182921,1176.9870507988278,4855.071584545165,3678.084533746337,112.6699319574982,136.14454900380224,136.27128421794623,121.0232996090781,6.372009687965699,6.679067024321971,6.319080639571207,1732.1653957478702,1812.686140765436,1812.8826720872892,1732.388862699736,1,
qwen,52,cap24_chunk-1_polfcfs_mem0.75,24,-1,fcfs,0.75,0,R_short_decode,0.8809498470705058,225.5231608500495,313.61814555710004,88.09498470705059,49.471016973257065,51.76771504338831,52.115698303096,49.312114366330206,4.249000837843792,4.255485397800072,4.2504484466204016,1133.9112969581038,1135.351100959815,1135.6034636544064,1133.176468254533,1,
qwen,52,cap24_chunk-1_polfcfs_mem0.75,24,-1,fcfs,0.75,0,shared_prefix,10.042354138279174,2570.8426593994686,25620.79136295986,23049.94870356039,2990.589892026037,5118.782106577419,5133.447090075351,3081.311879799614,7.615950348141684,8.508214555023347,7.703233875903744,4925.248973304406,7025.326098664664,7040.521822366864,5041.275567000412,1,
qwen,52,cap24_chunk-1_polfcfs_mem0.75,24,-1,fcfs,0.75,0,tool_agent,4.830098002565176,1001.3517674017996,14042.350718937634,13040.998951535834,255.406754789874,608.344429801218,805.9369080979366,295.8879514224828,11.330846774553876,81.20863623917091,20.663215399459254,753.0242870561779,6628.189416788517,9650.07475668098,2280.3182459273376,1,
qwen,53,cap24_chunk-1_polfcfs_mem0.8,24,-1,fcfs,0.8,0,R_concurrent_decode,7.236186476861682,1852.4637380765903,3299.701033448927,1447.2372953723363,102.39976784214376,2339.498986676336,2339.6569404611364,661.3071170577314,8.606038836981444,8.612090737786952,8.484145897629677,2297.3118864465505,4408.560681762174,4408.697570003569,2824.495053195278,1,
qwen,53,cap24_chunk-1_polfcfs_mem0.8,24,-1,fcfs,0.8,0,R_long_prefill,6.982580136932886,223.44256438185235,28153.7631121134,27930.320547731542,256.29136548377573,351.8561128061264,365.3187100496143,251.99410563800484,9.696109310513542,13.306219223135662,9.84372665745116,556.8707541096956,558.670135657303,558.8929538568482,557.1496320189908,1,
qwen,53,cap24_chunk-1_polfcfs_mem0.8,24,-1,fcfs,0.8,0,R_medium_balanced,4.60241812846875,1178.219040888,4860.153543663,3681.934502775,107.49499779194592,141.30063983611765,141.4374006446451,119.96678606374188,6.400780699343658,6.681862332419875,6.322203196845401,1731.9810886401683,1807.218153728172,1807.3933930601925,1732.128601259319,1,
qwen,53,cap24_chunk-1_polfcfs_mem0.8,24,-1,fcfs,0.8,0,R_short_decode,0.8771421473866445,224.548389730981,312.26260446964545,87.71421473866445,56.33402452804148,73.82845480460672,79.27634487394243,56.76853429758921,4.238765966147184,4.253539980535268,4.239932239950433,1139.109074138105,1154.033497837372,1158.998659797944,1137.9512554849498,1,
qwen,53,cap24_chunk-1_polfcfs_mem0.8,24,-1,fcfs,0.8,0,shared_prefix,10.067858611291475,2577.3718044906177,25685.86024749358,23108.488443002963,2944.04956093058,5067.376642441377,5079.7849744791165,3052.0136926897976,7.682781388770467,8.811340890550875,7.760787152189525,4895.515378797427,7001.144888508134,7014.160464359447,5026.605868948536,1,
qwen,53,cap24_chunk-1_polfcfs_mem0.8,24,-1,fcfs,0.8,0,tool_agent,4.831294223009872,1001.5997618432916,14045.82844278768,13044.228680944389,296.4732148684561,627.3969083558768,824.8751448979591,310.2562780934386,10.972761549055576,75.50458163022985,19.78620026922852,744.0966689027846,6644.597751065155,9644.630131223232,2278.4815995767717,1,
qwen,54,cap24_chunk-1_polfcfs_mem0.85,24,-1,fcfs,0.85,0,R_concurrent_decode,7.366032817106665,1885.7044011793064,3358.910964600639,1473.206563421333,193.63149302080276,2453.152750618756,2453.3648147340864,755.7339388731634,8.616564553413614,8.623140707301957,8.307664955400355,2390.9388694446534,4325.241276598536,4325.402359124273,2873.918855388183,1,
qwen,54,cap24_chunk-1_polfcfs_mem0.85,24,-1,fcfs,0.85,0,R_long_prefill,8.257855614142427,264.25137965255766,33295.67383622227,33031.42245656971,234.38609717413783,276.4106676215306,282.32055984903127,216.30870329681784,7.752353693508813,11.11383445245484,8.340523153873942,474.7985266149044,475.4761057207361,475.5294466437772,474.86492106691,1,
qwen,54,cap24_chunk-1_polfcfs_mem0.85,24,-1,fcfs,0.85,0,R_medium_balanced,4.613596601353522,1181.0807299465016,4871.95801102932,3690.8772810828177,107.8308008145541,125.48857124056669,125.64700234215708,113.55460999766365,6.376308076741065,6.681673719511167,6.325977254206972,1726.809716317803,1808.6996205383912,1808.8587272213767,1726.6788098204415,1,
qwen,54,cap24_chunk-1_polfcfs_mem0.85,24,-1,fcfs,0.85,0,R_short_decode,0.8861647734697221,226.8581820082489,315.4746593552211,88.61647734697222,48.1663946993649,52.67286540474743,52.81250673811883,48.25523344334215,4.228345341250009,4.232314274573296,4.227991927387741,1126.4707380905747,1131.653327960521,1131.955013144761,1126.393174927216,1,
qwen,54,cap24_chunk-1_polfcfs_mem0.85,24,-1,fcfs,0.85,0,shared_prefix,10.078638471999252,2580.1314488318085,25713.36261977728,23133.23117094547,2957.04426150769,5057.8912852332,5072.975218580104,3049.760018220695,7.591798594478137,8.717698988632536,7.744043310316214,4886.107355356216,6983.151075500064,6998.6216583661735,5020.102073081944,1,
qwen,54,cap24_chunk-1_polfcfs_mem0.85,24,-1,fcfs,0.85,0,tool_agent,4.833456566923064,1002.0480481716552,14052.114938752748,13050.066890581093,287.0455340016633,606.443292670883,803.3396344399068,299.8224723665044,11.406315560974928,56.92153424024582,19.503574581903184,742.6590148825198,6796.092493180184,9775.919573716812,2307.5828950922005,1,
qwen,55,cap24_chunk-1_polfcfs_mem0.9,24,-1,fcfs,0.9,0,R_concurrent_decode,7.524938440166508,1926.384240682626,3431.371928715928,1504.9876880333018,124.86831145361066,2364.4585005240515,2364.696216620505,684.3030635645846,8.591411785021716,8.594688546807305,8.279419867123645,2315.469905501232,4236.016898998059,4236.290547531098,2795.285943779163,1,
qwen,55,cap24_chunk-1_polfcfs_mem0.9,24,-1,fcfs,0.9,0,R_long_prefill,8.368141030689275,267.7805129820568,33740.34463573916,33472.5641227571,231.85791936703023,271.5924273012206,277.1802992140874,211.22484223451465,7.659680225075252,11.22851731826461,8.331240169824131,469.3781828973442,470.1011106139049,470.1732031954453,469.4932874990627,1,
qwen,55,cap24_chunk-1_polfcfs_mem0.9,24,-1,fcfs,0.9,0,R_medium_balanced,4.62211495591013,1183.2614287129934,4880.953393441097,3697.691964728104,105.56414141319692,126.73565687146038,126.903401943855,113.088374317158,6.367712624955411,6.67404846023476,6.31740999456002,1724.064823007211,1804.500527214259,1804.8929600976408,1724.027922929963,1,
qwen,55,cap24_chunk-1_polfcfs_mem0.9,24,-1,fcfs,0.9,0,R_short_decode,0.8831719430251147,226.09201741442936,314.40921171694083,88.31719430251148,49.66949042864144,54.966373508796096,55.037827445194125,49.40454562893137,4.239142067073023,4.247428432800898,4.240613200418724,1131.595685845241,1136.479775304906,1137.1089638909325,1130.760911735706,1,
qwen,55,cap24_chunk-1_polfcfs_mem0.9,24,-1,fcfs,0.9,0,shared_prefix,10.034926221524554,2568.941112710286,25601.840716247832,23032.89960353755,2929.669961100444,5062.276852084324,5074.870609403588,3038.452506028989,7.882275988941822,8.960254512380297,7.892271694701315,4931.993528269231,7035.359259019606,7047.975813760422,5046.481114692142,1,
qwen,55,cap24_chunk-1_polfcfs_mem0.9,24,-1,fcfs,0.9,0,tool_agent,4.826700747286717,1000.6474654237456,14032.47401455678,13031.826549133031,259.99712478369474,612.8862290875984,811.0644728550676,298.9374995883554,11.73490320291856,72.97300104983148,20.761794360121417,766.5602662600577,6964.367024460807,9739.749336396337,2329.981838767417,1,
qwen,56,cap24_chunk2048_pollpm_mem0.75,24,2048,lpm,0.75,0,R_concurrent_decode,7.251495900024494,1856.3829504062703,3306.682130411169,1450.2991800048987,201.2963166926056,2525.007377169095,2525.209813560359,777.3367920162855,8.878656275862571,9.068452706103962,8.514227981962172,2466.083410661668,4395.715540926904,4396.010882193223,2948.195856093662,1,
qwen,56,cap24_chunk2048_pollpm_mem0.75,24,2048,lpm,0.75,0,R_long_prefill,7.250363077989503,232.0116184956641,29233.46393045368,29001.45231195801,232.52304969355464,342.9476745892316,350.541859799996,230.7605266105384,9.93676209491828,13.719433832973722,9.997661458328366,540.5626746360213,541.4082951378077,541.4764837082475,540.6880318187177,1,
qwen,56,cap24_chunk2048_pollpm_mem0.75,24,2048,lpm,0.75,0,R_medium_balanced,4.52382313856695,1158.0987234731392,4777.157234326699,3619.05851085356,125.779761467129,182.86521336995065,183.43286993913352,137.51759473234415,6.47533344579678,6.710953324777531,6.374213478514268,1763.088894309476,1826.277373940684,1826.3829996110871,1762.9420317534823,1,
qwen,56,cap24_chunk2048_pollpm_mem0.75,24,2048,lpm,0.75,0,R_short_decode,0.8835988552973398,226.201306956119,314.561192485853,88.35988552973399,47.286572167649865,64.04548345599322,69.64127202052623,50.41453440207988,4.246882052507763,4.252316607618887,4.237136657260113,1130.1465136930346,1132.362250634469,1132.419037153013,1130.3639028337784,1,
qwen,56,cap24_chunk2048_pollpm_mem0.75,24,2048,lpm,0.75,0,shared_prefix,9.933159194311964,2542.8887537438627,25342.20520290701,22799.31644916315,2416.396653978154,9338.907868904062,9420.313889854588,3118.7945328747446,8.01258489635645,8.368766288839135,7.863045177357505,4462.450747843832,11430.821236595511,11459.609517459758,5122.951975055912,1,
qwen,56,cap24_chunk2048_pollpm_mem0.75,24,2048,lpm,0.75,0,tool_agent,4.826058645541071,1000.5143481003472,14030.607257835734,13030.092909735387,182.302325963974,587.6589604653418,829.734253305941,237.52007182920352,13.48834017838883,191.84668767265973,38.64217434235218,763.8614238239825,7129.596020537427,10060.23629846982,2403.860875579994,1,
qwen,57,cap24_chunk2048_pollpm_mem0.8,24,2048,lpm,0.8,0,R_concurrent_decode,7.404211156387609,1895.478056035228,3376.3202873127493,1480.8422312775217,194.3733668886125,2439.87104378175,2440.141198830679,739.958329271758,8.615245114938887,8.812087433430932,8.357450050339576,2392.802406102419,4307.5057054637,4307.792013143189,2870.839116803836,1,
qwen,57,cap24_chunk2048_pollpm_mem0.8,24,2048,lpm,0.8,0,R_long_prefill,7.315020931725603,234.0806698152193,29494.164396717628,29260.08372690241,218.31059409305453,337.0896494714543,346.47596610244364,220.27344861999157,10.310556506738068,13.956001090006,10.256275350618507,538.0271628964692,538.8412778964266,538.954308363609,538.2179844891652,1,
qwen,57,cap24_chunk2048_pollpm_mem0.8,24,2048,lpm,0.8,0,R_medium_balanced,4.514989551664989,1155.8373252262372,4767.828966558229,3611.991641331992,133.61512986011803,178.3447345951572,178.39308951515704,139.65321413706988,6.466098936895529,6.728473103915652,6.372722631375141,1764.434233540669,1837.5214906409385,1837.745544500649,1764.6974851377308,1,
qwen,57,cap24_chunk2048_pollpm_mem0.8,24,2048,lpm,0.8,0,R_short_decode,0.8849762781675149,226.5539272108838,315.0515550276353,88.49762781675149,49.62651687674224,53.266204544343054,53.47752824891359,49.680835276376456,4.228228179043999,4.233653568206172,4.228713630022956,1128.44399176538,1130.7130253640937,1130.724601871334,1128.0028109322302,1,
qwen,57,cap24_chunk2048_pollpm_mem0.8,24,2048,lpm,0.8,0,shared_prefix,9.961746787118791,2550.2071775024106,25415.13996907714,22864.932791574727,2445.9377275779843,9324.704104103148,9390.348020633684,3075.92762864806,8.145468724964587,8.36723692715168,7.971580494420197,4556.696887593716,11407.221535989083,11427.15432440862,5108.388500459114,1,
qwen,57,cap24_chunk2048_pollpm_mem0.8,24,2048,lpm,0.8,0,tool_agent,4.833017855069883,1001.9570966238128,14050.839489330468,13048.882392706657,185.6122459284961,627.9572013765568,872.2946905717245,251.6749386442825,14.002920424735004,186.0413351096213,39.90313209760865,810.4075479786843,7249.918629787861,10572.588695953598,2438.9834079355933,1,
qwen,58,cap24_chunk2048_pollpm_mem0.85,24,2048,lpm,0.85,0,R_concurrent_decode,7.436485461589114,1903.7402781668127,3391.037370484636,1487.2970923178227,172.49449552036822,2414.044706546701,2414.1680709877983,719.1585681575816,8.610320583387626,8.780433826933743,8.348313270734328,2368.8980026636277,4285.155626805499,4285.161459916271,2847.709511697758,1,
qwen,58,cap24_chunk2048_pollpm_mem0.85,24,2048,lpm,0.85,0,R_long_prefill,7.932822874181356,253.85033197380335,31985.141828699223,31731.291496725426,192.92704318650067,294.63265107478946,304.1297838417813,195.61222952324897,9.756531183337492,12.771533181770671,9.680221766053188,495.52274285815656,496.3115673745051,496.4119795011357,495.6991042708978,1,
qwen,58,cap24_chunk2048_pollpm_mem0.85,24,2048,lpm,0.85,0,R_medium_balanced,4.482346648546786,1147.4807420279772,4733.358060865406,3585.877318837429,154.1688193101436,183.9459527982399,184.09049676265568,146.28944554715417,6.441049076908944,6.883878334808875,6.393372047322748,1776.0567935183644,1883.3302289713172,1883.699349546805,1776.5993176144548,1,
qwen,58,cap24_chunk2048_pollpm_mem0.85,24,2048,lpm,0.85,0,R_short_decode,0.8844739201026306,226.42532354627343,314.8727155565365,88.44739201026306,46.57301399856806,53.39058926329017,53.614121060818434,48.28881268622354,4.238366645158214,4.247934323571185,4.2398007703472045,1127.7425044681877,1133.2909723976627,1134.450219166465,1128.9089336642064,1,
qwen,58,cap24_chunk2048_pollpm_mem0.85,24,2048,lpm,0.85,0,shared_prefix,10.14445177857537,2596.9796553152946,25881.270360678973,23284.29070536368,2366.8229409959167,8359.073263593,9158.35129410494,3037.7622199084726,8.02907405202003,8.303291929757917,7.65598097859653,4475.935856578872,10404.42155110648,11198.966268445363,4988.377529032732,1,
qwen,58,cap24_chunk2048_pollpm_mem0.85,24,2048,lpm,0.85,0,tool_agent,4.830300728669887,1001.3937955641976,14042.940096432818,13041.54630086862,177.77301371097565,597.4165782798075,847.8224403131744,239.2156133824028,13.64483215307135,199.32903661392615,39.05042326951227,780.7919490151107,7033.056499576194,10171.51874994393,2388.840864584781,1,
qwen,59,cap24_chunk2048_pollpm_mem0.9,24,2048,lpm,0.9,0,R_concurrent_decode,7.397897309263024,1893.861711171334,3373.4411730239385,1479.5794618526047,176.82128702290356,2436.8062743917108,2437.012836714275,721.6164415440289,8.632968902113099,8.818741564858048,8.393198647947035,2379.933404736221,4308.6621784372255,4308.788078916259,2861.612735679955,1,
qwen,59,cap24_chunk2048_pollpm_mem0.9,24,2048,lpm,0.9,0,R_long_prefill,6.215077095235925,198.8824670475496,25059.19084799125,24860.3083809437,269.43397033028305,422.4433124065399,439.10077452659607,273.9900278393179,11.685552368421227,16.125859250314534,11.536072068397075,631.6860937513411,631.8168605444953,631.8214852875099,631.6082619596273,1,
qwen,59,cap24_chunk2048_pollpm_mem0.9,24,2048,lpm,0.9,0,R_medium_balanced,4.510682789812857,1154.7347941920914,4763.281026042378,3608.546231850286,135.02767262980342,178.8493562489748,179.18433621525764,139.53110462171026,6.481057953308611,6.723918229359769,6.384502449209856,1767.4985569901764,1837.9812146304173,1838.058076403104,1767.5792291702237,1,
qwen,59,cap24_chunk2048_pollpm_mem0.9,24,2048,lpm,0.9,0,R_short_decode,0.8803190626511133,225.361680038685,313.3935863037963,88.03190626511132,49.848024267703295,52.87096432875842,53.25246335472912,49.68796658795327,4.250697692052698,4.257043541098635,4.251960338339867,1134.1673901770264,1136.7280615260825,1136.9190417556092,1133.9378528646191,1,
qwen,59,cap24_chunk2048_pollpm_mem0.9,24,2048,lpm,0.9,0,shared_prefix,10.062455639456212,2575.9886437007904,25672.07578896671,23096.08714526592,2408.3882032427937,9192.958778562024,9255.494881668128,3066.2605950710717,8.076675060004288,8.365021725459133,7.723814821235501,4245.821281103417,11274.922771379352,11292.495998423548,5034.818653290131,1,
qwen,59,cap24_chunk2048_pollpm_mem0.9,24,2048,lpm,0.9,0,tool_agent,4.826317560938463,1000.5680251459574,14031.359992213957,13030.791967067998,202.798651997,602.8018057812004,855.9492735937228,250.67003039410335,14.757432991505734,187.37272350117564,39.149588831408224,769.6723425760865,7151.199343730693,10106.930493637914,2417.6137042744085,1,
qwen,60,cap24_chunk2048_polfcfs_mem0.75,24,2048,fcfs,0.75,0,R_concurrent_decode,7.525475420177462,1926.5217075654305,3431.6167916009226,1505.0950840354924,117.42144031450152,2369.9278339743614,2370.0695789512247,680.0728906382574,8.594837494413643,8.603649841831018,8.278977796565306,2308.99704922922,4237.851791665889,4237.878586137667,2790.9431815496646,1,
qwen,60,cap24_chunk2048_polfcfs_mem0.75,24,2048,fcfs,0.75,0,R_long_prefill,7.707751819595793,246.64805822706535,31077.65533661024,30831.00727838317,207.5700890272856,308.8507032720372,318.1824139272794,209.34893167577684,9.757659022486015,12.85355411199552,9.705719778374318,510.133235482499,510.7977172592655,510.860533756204,510.2262448053807,1,
qwen,60,cap24_chunk2048_polfcfs_mem0.75,24,2048,fcfs,0.75,0,R_medium_balanced,4.249824349625015,1087.955033504004,4487.814513204016,3399.859479700012,190.5186872463673,286.4948734641075,327.3128218948841,199.17696659103967,6.455976798144333,7.308179482488947,6.562028693231553,1872.1877082716676,2038.973716669716,2039.834777568467,1872.4942833650855,1,
qwen,60,cap24_chunk2048_polfcfs_mem0.75,24,2048,fcfs,0.75,0,R_short_decode,0.8835671818154895,226.19319854476527,314.5499167263143,88.35671818154896,47.60819650255144,50.14895829372108,50.33231711946428,47.4062732537277,4.244577411708294,4.251439130645903,4.245920350555988,1130.4651768878102,1132.48574542813,1132.756535327062,1130.1159626455046,1,
qwen,60,cap24_chunk2048_polfcfs_mem0.75,24,2048,fcfs,0.75,0,shared_prefix,10.123113880134795,2591.517153314508,25826.83154717547,23235.31439386096,2815.553710795939,4960.264619905502,4973.010651757941,3023.980697100342,7.683987110195791,8.179587974377416,7.703379804479521,4774.764860980213,6888.165983185172,6900.544849024154,4986.35628752163,1,
qwen,60,cap24_chunk2048_polfcfs_mem0.75,24,2048,fcfs,0.75,0,tool_agent,4.832016184697808,1001.749435330626,14047.927373124548,13046.177937793922,217.80105330981317,655.7981914840639,882.4399700993663,283.7188212410547,12.461179788112828,136.41544873826203,29.138641579945,825.3455811645836,6984.005198813973,10046.183542599894,2400.4677315521985,1,
qwen,61,cap24_chunk2048_polfcfs_mem0.8,24,2048,fcfs,0.8,0,R_concurrent_decode,7.228563803806117,1850.512333774366,3296.225094535589,1445.7127607612235,211.94474445655945,2538.4060019860044,2538.596652271226,785.5674569727853,8.889512717723846,9.122805942543874,8.53389197621868,2479.3343127239496,4408.89500991907,4409.224817985669,2961.440917060827,1,
qwen,61,cap24_chunk2048_polfcfs_mem0.8,24,2048,fcfs,0.8,0,R_long_prefill,7.527391520532713,240.8765286570468,30350.442610787897,30109.56608213085,219.944978132844,314.27510594949126,322.08279399201274,216.9441190781072,9.47801454833919,12.871614299083667,9.572351805775638,513.7634291313589,514.4319728016853,514.4993530213833,513.6870250571519,1,
qwen,61,cap24_chunk2048_polfcfs_mem0.8,24,2048,fcfs,0.8,0,R_medium_balanced,4.465140940248974,1143.0760807037373,4715.188832902916,3572.1127521991784,151.69581095688045,178.08208346832544,178.42083445284516,147.37338852137327,6.481778118576781,6.886599595914138,6.424920902331816,1785.4546967428178,1876.5186762902888,1876.7876957077533,1785.7282186159864,1,
qwen,61,cap24_chunk2048_polfcfs_mem0.8,24,2048,fcfs,0.8,0,R_short_decode,0.8836484102077048,226.21399301317243,314.57883403394294,88.36484102077048,51.1289241258055,52.86522114183754,53.283856990747154,50.57272862177342,4.229618056549453,4.237404994063956,4.231355116501743,1129.823227412999,1132.383682206273,1133.0320396274328,1129.5682833297178,1,
qwen,61,cap24_chunk2048_polfcfs_mem0.8,24,2048,fcfs,0.8,0,shared_prefix,10.13972019120181,2595.7683689476635,25869.1987874956,23273.43041854793,2822.101410944015,4946.787457750179,4960.816001598723,3016.7444478829566,7.6397130567142195,8.208351472447461,7.695660388445376,4770.696235122159,6877.305827615783,6891.627795272507,4977.156126573391,1,
qwen,61,cap24_chunk2048_polfcfs_mem0.8,24,2048,fcfs,0.8,0,tool_agent,4.831920286923929,1001.7295542836345,14047.64857336246,13045.919019078829,228.98036590777335,662.949597928673,903.7283714581272,289.40517069771886,12.660655916248142,133.42353417538106,29.4243225640814,825.9584673214704,7231.643797783181,10128.684397586612,2427.686483687721,1,
qwen,62,cap24_chunk2048_polfcfs_mem0.85,24,2048,fcfs,0.85,0,R_concurrent_decode,7.566587491426165,1937.0463978050984,3450.3638960903318,1513.3174982852331,103.58007834292948,2340.6348013319075,2340.8787217875943,662.4160690116696,8.604535140900634,8.613406788771366,8.29018214831348,2298.082852503285,4212.466805591248,4212.797145503573,2776.1431856197305,1,
qwen,62,cap24_chunk2048_polfcfs_mem0.85,24,2048,fcfs,0.85,0,R_long_prefill,7.705813926132806,246.5860456362498,31069.841750167478,30823.255704531224,205.7263299357146,305.81306649837643,314.7930334927514,206.8211945006624,9.697614177580803,12.828302865607604,9.66678511711859,506.3523694407195,507.0601345738396,507.1503541944549,506.49153313133866,1,
qwen,62,cap24_chunk2048_polfcfs_mem0.85,24,2048,fcfs,0.85,0,R_medium_balanced,4.294690424287218,1099.4407486175278,4535.193088047303,3435.7523394297746,180.78264640644196,248.33150207996368,297.74404615163803,175.0447483791504,6.471539213888201,7.3465551117289,6.587368186435425,1854.710121639073,2009.546211222187,2009.891375200823,1854.823635920184,1,
qwen,62,cap24_chunk2048_polfcfs_mem0.85,24,2048,fcfs,0.85,0,R_short_decode,0.8831903265405547,226.096723594382,314.4157562484375,88.31903265405548,48.1364200823009,52.58861067704856,53.31242955289781,48.57221094425768,4.242021650733317,4.248160323237672,4.243277839850634,1130.4541416466236,1135.1719199679792,1136.37738449499,1130.6080601061694,1,
qwen,62,cap24_chunk2048_polfcfs_mem0.85,24,2048,fcfs,0.85,0,shared_prefix,10.101518374404506,2585.9887038475536,25771.7355070364,23185.74680318884,2790.952967014164,4931.818996439688,4940.614878935739,3022.9637967058807,7.734153698216759,8.238371999240389,7.762777258503771,4749.262521509081,6892.165426071733,6900.990712293424,5000.592232820054,1,
qwen,62,cap24_chunk2048_polfcfs_mem0.85,24,2048,fcfs,0.85,0,tool_agent,4.82964372639471,1001.2575891375192,14041.030019998285,13039.772430860765,226.81881044991317,662.42290767841,904.7667277604332,291.2011226336472,12.581351488280191,134.28602409549055,29.463003547601947,862.161545548588,7063.258520909584,10142.846514140248,2411.317194465082,1,
qwen,63,cap24_chunk2048_polfcfs_mem0.9,24,2048,fcfs,0.9,0,R_concurrent_decode,7.589133462715115,1942.818166455069,3460.6448589980923,1517.826692543023,97.05427871085703,2330.805661017075,2331.057912535034,655.1037118333625,8.606517558698268,8.613516269426768,8.29169557835349,2291.9972804374997,4203.144931606948,4203.493064898066,2769.2167212662757,1,
qwen,63,cap24_chunk2048_polfcfs_mem0.9,24,2048,fcfs,0.9,0,R_long_prefill,7.790362827175976,249.2916104696312,31410.74291917353,31161.4513087039,197.8568930644542,303.34596827160567,313.2645505061373,201.13086164928973,9.910852926212453,12.978227455319177,9.811297126655136,505.0933337770402,505.82737852819264,505.9295889083296,505.28107257559896,1,
qwen,63,cap24_chunk2048_polfcfs_mem0.9,24,2048,fcfs,0.9,0,R_medium_balanced,4.220007819331188,1080.322001748784,4456.328257213734,3376.0062554649503,200.15210402198136,309.897696133703,352.239693608135,215.6475936935749,6.460339306652838,7.301691888064584,6.566933926432302,1890.016767429188,2063.3703568018973,2063.430852908641,1890.215744933812,1,
qwen,63,cap24_chunk2048_polfcfs_mem0.9,24,2048,fcfs,0.9,0,R_short_decode,0.885256380558668,226.625633423019,315.1512714788858,88.52563805586679,47.58486896753311,51.061859144829214,51.1022951034829,48.13288222067058,4.23505133857914,4.239712492836749,4.235832673935767,1128.0128059443086,1131.6306543769315,1131.7613301659003,1128.2702140742913,1,
qwen,63,cap24_chunk2048_polfcfs_mem0.9,24,2048,fcfs,0.9,0,shared_prefix,10.147504212365066,2597.761078365457,25889.057953926356,23291.296875560896,2795.181518653408,4932.5395287480205,4943.969765082002,2997.127373346302,7.7719775886804445,8.402718513948368,7.769529365885341,4777.068906696513,6878.359492821619,6890.259986482561,4976.486386880424,1,
qwen,63,cap24_chunk2048_polfcfs_mem0.9,24,2048,fcfs,0.9,0,tool_agent,4.832259596681271,1001.7998982859776,14048.635035047591,13046.835136761614,231.7188021261245,665.2776425937184,978.8649842329314,292.402678290382,12.680824555627822,160.6292826589196,30.63621787888396,818.7081897631288,7235.844159242697,10141.173437312236,2450.0605268822983,1,
qwen,64,cap24_chunk8192_pollpm_mem0.75,24,8192,lpm,0.75,0,R_concurrent_decode,7.478476874184448,1914.4900797912187,3410.1854546281083,1495.6953748368896,140.75711159966886,2390.51415794529,2390.6693119416013,701.9499012822052,8.610043976017657,8.616344592336224,8.294706505316185,2336.520473472774,4259.996308526024,4260.145192435011,2816.830737530836,1,
qwen,64,cap24_chunk8192_pollpm_mem0.75,24,8192,lpm,0.75,0,R_long_prefill,8.047004758178621,257.5041522617159,32445.5231849762,32188.019032714485,249.0374236367643,287.08274548407644,292.4336565239355,228.0890695983544,7.602597939811886,11.156684541023305,8.2865328482923,484.72593957558274,485.6498570181429,485.7696833647788,484.9715878954157,1,
qwen,64,cap24_chunk8192_pollpm_mem0.75,24,8192,lpm,0.75,0,R_medium_balanced,4.596872507247133,1176.799361855266,4854.297367652972,3677.498005797706,115.76986615546048,137.60621717665344,137.70771336276084,124.16643826873042,6.35715082342572,6.674800652499293,6.315430908180846,1734.4060000032189,1816.029341542162,1816.374711995013,1734.6013198548462,1,
qwen,64,cap24_chunk8192_pollpm_mem0.75,24,8192,lpm,0.75,0,R_short_decode,0.8813510619317386,225.6258718545251,313.7609780476989,88.13510619317387,50.65776640549302,53.39218929875642,53.965244204737246,50.40723743150011,4.243825667300353,4.250918511556937,4.244148713198728,1133.2596065476537,1135.173651832156,1135.399414128624,1132.6651592971757,1,
qwen,64,cap24_chunk8192_pollpm_mem0.75,24,8192,lpm,0.75,0,shared_prefix,10.126689934501291,2592.432623232331,25835.95503969176,23243.522416459436,2365.2725589927286,8437.424302706477,9260.27903959155,3023.9416070398875,8.074236982392044,8.56831668793936,7.803570584543805,4309.3259918969125,10416.72073681837,11200.310591445304,5009.245418863429,1,
qwen,64,cap24_chunk8192_pollpm_mem0.75,24,8192,lpm,0.75,0,tool_agent,4.831053477760761,1001.5498517419722,14045.12853375475,13043.57868201278,219.08405399881303,659.4422820257023,806.5871296590183,283.7339670630172,12.346295882074088,150.915055023506,33.077983578451295,873.2824355829507,7108.332815743051,10018.23948627803,2405.7866730564274,1,
qwen,65,cap24_chunk8192_pollpm_mem0.8,24,8192,lpm,0.8,0,R_concurrent_decode,7.359329659139106,1883.988392739611,3355.8543245674323,1471.8659318278212,190.64166373573244,2459.163036895916,2459.363057431765,755.1675422437256,8.61170836085198,8.620467125135477,8.299065538130181,2386.8483514525,4326.0517956689,4326.219292152673,2871.1597086512484,1,
qwen,65,cap24_chunk8192_pollpm_mem0.8,24,8192,lpm,0.8,0,R_long_prefill,8.909636494538958,285.10836782524666,35923.65434598108,35638.54597815583,198.51205102168024,243.06484877597535,249.32129794266075,187.0078330393881,7.809617766930211,10.53553587576795,8.190368373517789,440.765674225986,441.4931660052389,441.59083317033947,440.9092526184395,1,
qwen,65,cap24_chunk8192_pollpm_mem0.8,24,8192,lpm,0.8,0,R_medium_balanced,4.560767325499381,1167.5564353278414,4816.170295727346,3648.613860399504,136.6832130588591,141.0651528276503,141.16405369713902,134.5039903826546,6.360274260206257,6.702512480756815,6.321887946322415,1746.6426340397447,1837.2082426212728,1837.400323431939,1746.5854166948702,1,
qwen,65,cap24_chunk8192_pollpm_mem0.8,24,8192,lpm,0.8,0,R_short_decode,0.8819967470797423,225.79116725241403,313.99084196038825,88.19967470797422,51.07108480297029,52.83165520522744,53.05861678440124,50.51952711073682,4.237026966852593,4.2424202799870105,4.237093867998863,1131.6540639381856,1133.7011032970622,1133.7238420778883,1130.9784634504467,1,
qwen,65,cap24_chunk8192_pollpm_mem0.8,24,8192,lpm,0.8,0,shared_prefix,10.1330484734772,2594.060409210163,25852.177411282304,23258.11700207214,2383.385846856981,8430.28741318265,9264.46299964562,3047.6965661473514,7.935860114516764,8.685066494908112,7.724546328210317,4314.243100117892,10432.712873606924,11208.306332044303,5012.986970945349,1,
qwen,65,cap24_chunk8192_pollpm_mem0.8,24,8192,lpm,0.8,0,tool_agent,4.837664082278391,1002.9203292175446,14064.347279844676,13061.42695062713,224.70284649170932,638.0843339720741,807.0766300568349,271.0500685637817,12.486867611139004,150.06606131792043,32.859020458505086,851.9189527723938,7067.328013549556,9999.592257458711,2391.5888843801804,1,
qwen,66,cap24_chunk8192_pollpm_mem0.85,24,8192,lpm,0.85,0,R_concurrent_decode,7.583932480167615,1941.4867149229092,3458.273210956432,1516.786496033523,93.14620611257853,2333.3507055649534,2333.515479541384,652.8901325073093,8.608309633335939,8.614473039544894,8.292028055787132,2288.7492128647864,4204.50339296367,4204.720349712297,2767.088005814003,1,
qwen,66,cap24_chunk8192_pollpm_mem0.85,24,8192,lpm,0.85,0,R_long_prefill,8.938976496734552,286.0472478955057,36041.95323483372,35755.90598693821,196.91269984468815,241.10268584918228,247.30287635233253,184.3250074889511,7.804778074064562,10.632623735094262,8.218638016842306,439.1713021323085,439.6174866007641,439.6591145405546,439.10278601106256,1,
qwen,66,cap24_chunk8192_pollpm_mem0.85,24,8192,lpm,0.85,0,R_medium_balanced,4.53936251565265,1162.0768040070784,4793.566816529198,3631.49001252212,142.91294966824353,154.80260166805238,154.97322676237673,142.0286897337064,6.403010551288139,6.712744695901432,6.332019393619917,1756.4306734129786,1853.370782220736,1853.609418915585,1756.6936351067852,1,
qwen,66,cap24_chunk8192_pollpm_mem0.85,24,8192,lpm,0.85,0,R_short_decode,0.8823818501970625,225.889753650448,314.12793867015426,88.23818501970625,47.79398953542113,53.18834516219795,54.47568348608911,48.66745276376605,4.247519152932892,4.253907494666968,4.247515668919054,1131.851407000795,1137.1452410705388,1139.218472559005,1131.783948338125,1,
qwen,66,cap24_chunk8192_pollpm_mem0.85,24,8192,lpm,0.85,0,shared_prefix,10.258674493821918,2626.220670418411,26172.683740046617,23546.463069628204,2273.846171796322,9067.269367072731,10533.302557370633,3006.8549329735106,7.775413477426674,8.719190761501736,7.704655572083559,4174.11848413758,11069.362648203967,12052.601389582274,4967.197311645577,1,
qwen,66,cap24_chunk8192_pollpm_mem0.85,24,8192,lpm,0.85,0,tool_agent,4.835628375412588,1002.4982966486608,14058.428950702,13055.93065405334,223.47332909703252,562.6769715920091,741.565729612483,267.52954001305625,12.225781065913347,118.05697996169324,25.681458107057782,754.791725659743,6815.640874789095,9974.287621835245,2306.967243461404,1,
qwen,67,cap24_chunk8192_pollpm_mem0.9,24,8192,lpm,0.9,0,R_concurrent_decode,7.484786320877417,1916.1052981446187,3413.062562320102,1496.9572641754835,138.4383279364556,2387.2755478601903,2387.433660910465,699.4654222362442,8.593849828649386,8.601918269120047,8.282435071142261,2330.03778452985,4256.624678033404,4256.670008529909,2811.2173377303407,1,
qwen,67,cap24_chunk8192_pollpm_mem0.9,24,8192,lpm,0.9,0,R_long_prefill,8.269707534126763,264.6306410920564,33343.46077759911,33078.83013650705,234.1060684993863,274.012060998939,279.6217441884801,213.44784297980368,7.669252816647772,11.24934395775199,8.342230756346497,471.919345902279,472.7429928956553,472.8250107681379,472.0569964265451,1,
qwen,67,cap24_chunk8192_pollpm_mem0.9,24,8192,lpm,0.9,0,R_medium_balanced,4.618709031530586,1182.38951207183,4877.356737296299,3694.9672252244686,113.08442708104847,128.2989294268191,128.44494665041566,117.32740545994602,6.363660567348786,6.667392712323835,6.310309190074822,1726.517345989123,1809.4428167678416,1809.7801235504448,1726.4562489290256,1,
qwen,67,cap24_chunk8192_pollpm_mem0.9,24,8192,lpm,0.9,0,R_short_decode,0.8837601259206571,226.24259223568825,314.6186048277539,88.37601259206572,45.8404531236738,57.07054585218429,60.01610830426216,48.23501757346094,4.239358486352014,4.2533151200041175,4.241574191780505,1127.4229576811194,1139.2948309890926,1140.7739765755832,1129.8364364774898,1,
qwen,67,cap24_chunk8192_pollpm_mem0.9,24,8192,lpm,0.9,0,shared_prefix,10.15731899849037,2600.2736636135346,25914.098157062585,23313.824493449047,2331.6168254241347,8401.368589210306,9222.166953263804,3003.10615007038,8.060573805563562,8.545947956542173,7.816333954130371,4307.710505090654,10387.544060684722,11162.494712169282,4991.645207377587,1,
qwen,67,cap24_chunk8192_pollpm_mem0.9,24,8192,lpm,0.9,0,tool_agent,4.853717846208346,1006.2485152866832,14111.019745567672,13104.77123028099,227.0342325791717,604.6494032489136,759.7638966422514,267.43100858991966,12.776012998074291,98.58493003994226,26.240013801371333,691.1868918687105,6849.852500017731,9830.948942694808,2300.0646839593537,1,
qwen,68,cap24_chunk8192_polfcfs_mem0.75,24,8192,fcfs,0.75,0,R_concurrent_decode,7.538278902333618,1929.7993989974063,3437.45517946413,1507.655780466724,110.0419017020613,2357.84081898164,2358.0505825812,671.5939194546081,8.60655740469548,8.613258304680981,8.291000827933146,2304.939419729635,4229.242438147776,4229.525355082005,2785.5298094946197,1,
qwen,68,cap24_chunk8192_polfcfs_mem0.75,24,8192,fcfs,0.75,0,R_long_prefill,8.775108932646432,280.80348584468584,35381.23921643042,35100.435730585734,231.5169025678188,246.01482858415693,248.0416411114857,202.8573128627613,6.704127288333352,10.324054004834784,7.626928159997108,439.34484850615263,439.661382115446,439.6875579608604,439.29208582267165,1,
qwen,68,cap24_chunk8192_polfcfs_mem0.75,24,8192,fcfs,0.75,0,R_medium_balanced,4.533150570649872,1160.4865460863673,4787.007002606265,3626.520456519898,145.94629197381437,152.95465325471014,153.07981937658042,142.8501401678659,6.391670768532682,6.718626360902015,6.328801152994856,1756.6440543159842,1852.8127950849007,1853.0733026796952,1756.6944341815542,1,
qwen,68,cap24_chunk8192_polfcfs_mem0.75,24,8192,fcfs,0.75,0,R_short_decode,0.8845226860864926,226.4378076381421,314.8900762467913,88.45226860864926,51.20891216211021,55.07104904390872,56.494795279577374,51.24036397319287,4.227009721502078,4.231135148153293,4.227198041089829,1128.6347568966448,1133.62908156123,1135.077421697788,1129.1758644510992,1,
qwen,68,cap24_chunk8192_polfcfs_mem0.75,24,8192,fcfs,0.75,0,shared_prefix,10.137583944656315,2595.221489832017,25863.748638428133,23268.52714859612,2897.869228385389,5014.8722095415,5021.557565531693,3030.20428623131,7.541284340023115,8.501651551318812,7.678899652206088,4814.153109211475,6915.240313322283,6922.218600530177,4983.980007265927,1,
qwen,68,cap24_chunk8192_polfcfs_mem0.75,24,8192,fcfs,0.75,0,tool_agent,4.839119272541491,1003.2220119869392,14068.577896288976,13065.355884302036,230.286919279024,657.5450856704265,823.9136225264508,295.50377322593704,11.895081128982596,84.00651598349214,23.353304950809505,804.8023439478129,6917.569893994367,9903.22436071466,2344.6251628687605,1,
qwen,69,cap24_chunk8192_polfcfs_mem0.8,24,8192,fcfs,0.8,0,R_concurrent_decode,7.5313604275363,1928.0282694492928,3434.300354956553,1506.27208550726,118.85450128465892,2364.646654366516,2364.785484499298,679.9113784654764,8.604276364705726,8.610455370959633,8.285682774523902,2313.044788315892,4232.58371904958,4232.649329048581,2792.491270825849,1,
qwen,69,cap24_chunk8192_polfcfs_mem0.8,24,8192,fcfs,0.8,0,R_long_prefill,8.723282084016287,279.1450266885212,35172.273362753665,34893.12833606514,220.245422096923,252.39122959319505,256.9068769412115,200.533326016739,7.379525446242864,10.589029013569796,8.016707567167618,449.015430174768,449.3863789830357,449.40471020527184,449.0512605989352,1,
qwen,69,cap24_chunk8192_polfcfs_mem0.8,24,8192,fcfs,0.8,0,R_medium_balanced,4.432599513097992,1134.745475353086,4680.82508583148,3546.079610478394,169.693746836856,196.8458417104557,196.9683731207624,174.75623401696794,6.415748337795044,6.813809775984755,6.368244119906141,1798.7993678543717,1911.9764341739935,1912.146171904169,1798.6584845930338,1,
qwen,69,cap24_chunk8192_polfcfs_mem0.8,24,8192,fcfs,0.8,0,R_short_decode,0.8866917262173334,226.99308191163732,315.6622545333707,88.66917262173334,46.93709313869476,49.46367512457073,49.77667643688619,47.22435370786116,4.229950350617953,4.233564103898757,4.229493895956479,1125.810677651316,1128.040898614563,1128.241683547385,1125.7452971767634,1,
qwen,69,cap24_chunk8192_polfcfs_mem0.8,24,8192,fcfs,0.8,0,shared_prefix,10.132605725409094,2593.947065704728,25851.047839896644,23257.10077419192,2878.863215446472,5060.310134384781,5073.210253040306,3034.681253338931,7.643028344834356,8.553944620504682,7.680339639458548,4820.622934028506,6922.129590599798,6934.904860979877,4988.830452050024,1,
qwen,69,cap24_chunk8192_polfcfs_mem0.8,24,8192,fcfs,0.8,0,tool_agent,4.847458505064616,1004.9508599774708,14092.822213434156,13087.871353456683,234.65989623218772,623.1482806149863,818.1311698025081,293.2912679435685,11.489193653687837,82.95693108811975,21.85370289314721,758.1654086243361,6736.08619205188,9694.091577390203,2304.931848105043,1,
qwen,70,cap24_chunk8192_polfcfs_mem0.85,24,8192,fcfs,0.85,0,R_concurrent_decode,7.434899600857015,1903.334297819396,3390.314217990799,1486.9799201714031,175.50944769755006,2424.630809528753,2424.7422350151464,735.3272812033538,8.579813732820398,8.587240303079104,8.274112806484366,2363.506570691243,4290.673452848569,4290.676070800982,2844.957568711834,1,
qwen,70,cap24_chunk8192_polfcfs_mem0.85,24,8192,fcfs,0.85,0,R_long_prefill,8.272554633467081,264.7217482709466,33354.94028213927,33090.21853386833,236.2346334848553,277.2682143608108,283.0462433816865,215.75417090207335,7.687219058073335,11.281307088962246,8.354140220270041,474.5384242851287,475.3102719085291,475.4087575385347,474.7325177304447,1,
qwen,70,cap24_chunk8192_polfcfs_mem0.85,24,8192,fcfs,0.85,0,R_medium_balanced,4.6073421175291385,1179.4795820874594,4865.353276110771,3685.873694023311,109.39351189881565,133.7652007350698,133.84561587590724,118.5630519175902,6.370288473280038,6.666678191144385,6.315333514323678,1729.191061342135,1806.9419234525408,1806.9724654313177,1728.973098070128,1,
qwen,70,cap24_chunk8192_polfcfs_mem0.85,24,8192,fcfs,0.85,0,R_short_decode,0.8801453926339261,225.31722051428508,313.3317597776777,88.0145392633926,50.38661207072437,57.79840161558241,59.311928073875606,50.21730874432251,4.250797552659231,4.257280436326183,4.251844469485256,1135.3387972339988,1141.1893520271406,1142.7965675247833,1134.437648463063,1,
qwen,70,cap24_chunk8192_polfcfs_mem0.85,24,8192,fcfs,0.85,0,shared_prefix,10.122834499379426,2591.445631841133,25826.11877047534,23234.673138634207,2899.3004944641143,4985.962939145975,5003.65972361993,3022.964196425164,7.648791338676425,8.583855937855938,7.7439723266308,4834.212488494813,6928.896560613066,6946.732847699896,4993.270075741748,1,
qwen,70,cap24_chunk8192_polfcfs_mem0.85,24,8192,fcfs,0.85,0,tool_agent,4.836119387475521,1002.6000908144875,14059.856450432082,13057.256359617597,238.70946909300983,646.8862875830382,848.7053974810976,284.7367494902573,11.696122573178808,91.14596489816893,23.429602970899037,724.587514763698,6888.213930884375,9718.186106644562,2320.0719641172327,1,
qwen,71,cap24_chunk8192_polfcfs_mem0.9,24,8192,fcfs,0.9,0,R_concurrent_decode,7.42169235266359,1899.953242281879,3384.291712814597,1484.338470532718,175.53548025898635,2422.4087382433936,2422.680227928795,734.8862896033097,8.599661601999518,8.609454356911046,8.293061604099352,2368.7950097955763,4293.300021975301,4293.75076092314,2849.3477304291446,1,
qwen,71,cap24_chunk8192_polfcfs_mem0.9,24,8192,fcfs,0.9,0,R_long_prefill,8.361972414916236,267.5831172773196,33715.47277694227,33447.88965966494,232.6307143084705,270.9652743767947,276.3617958780378,211.6122297011316,7.62522392605822,11.191949418806018,8.310047038380176,469.0653411671519,469.78373855818063,469.8723894217983,469.22368789091706,1,
qwen,71,cap24_chunk8192_polfcfs_mem0.9,24,8192,fcfs,0.9,0,R_medium_balanced,4.617865519607447,1182.1735730195064,4876.465988705464,3694.2924156859576,107.97719238325952,129.08148427959532,129.18720438610762,114.95278045185842,6.3683511826264505,6.680270457439417,6.318924144736728,1725.9869002737105,1808.8255827315152,1809.347200859338,1726.2784373597242,1,
qwen,71,cap24_chunk8192_polfcfs_mem0.9,24,8192,fcfs,0.9,0,R_short_decode,0.883620312116421,226.20679990180375,314.56883111344587,88.3620312116421,50.1262154430151,56.1896394006908,57.25122129544616,50.77878519659862,4.235746684100698,4.240719904191792,4.2355307406677625,1130.684910574928,1134.3608546070757,1134.379206057638,1130.3100701770743,1,
qwen,71,cap24_chunk8192_polfcfs_mem0.9,24,8192,fcfs,0.9,0,shared_prefix,10.14355416331971,2596.7498658098457,25878.98029872011,23282.230432910263,2852.996982866898,4996.93182578776,5011.355512752198,3011.699640603183,7.704060395453565,8.602724655202644,7.745228978293449,4809.951480478048,6908.259231410921,6923.527104347013,4982.33550864461,1,
qwen,71,cap24_chunk8192_polfcfs_mem0.9,24,8192,fcfs,0.9,0,tool_agent,4.83290467206743,1001.9336320896592,14050.510436914758,13048.5768048251,233.432459179312,618.368548434227,812.6596900960419,287.26966028567404,11.788454951517169,92.77490405365816,23.12242517857817,746.0103593766689,6847.94111268129,9795.162397576489,2316.0528031899594,1,
qwen,72,cap32_chunk-1_pollpm_mem0.75,32,-1,lpm,0.75,0,R_concurrent_decode,12.011893367530574,3075.044702087827,5477.423375593941,2402.3786735061144,153.4336842596531,155.94730242155492,158.72214650269598,152.43737840501126,9.786263146602057,9.798016706493438,9.792985683619838,2649.187896866352,2652.428810298443,2652.6313632680103,2649.342283868464,1,
qwen,72,cap32_chunk-1_pollpm_mem0.75,32,-1,lpm,0.75,0,R_long_prefill,8.53318504591186,273.06192146917954,34405.80210511662,34132.74018364744,233.08528913185,261.84475128538907,265.8869655523449,213.165151886642,7.220171654837266,10.35468847896423,7.867200577992104,456.91061043180525,457.5927031924948,457.6775561599061,457.0483698043972,1,
qwen,72,cap32_chunk-1_pollpm_mem0.75,32,-1,lpm,0.75,0,R_medium_balanced,4.584276421313136,1173.574763856163,4840.995900906672,3667.421137050509,127.41022743284702,130.65205712337047,130.88758664671332,124.68817157787272,6.370107561130734,6.720103737076416,6.331905864599142,1739.1347400844095,1835.5915064457804,1835.6670883018523,1739.324167050654,1,
qwen,72,cap32_chunk-1_pollpm_mem0.75,32,-1,lpm,0.75,0,R_short_decode,0.8812509154441892,225.60023435371244,313.72532589813136,88.12509154441892,50.35470146685839,54.669316788204014,54.97427059803158,50.16295245150104,4.244748819802029,4.252310473946672,4.246011955033549,1133.5744727402923,1136.0818969085813,1136.2222247198224,1132.8960009850562,1,
qwen,72,cap32_chunk-1_pollpm_mem0.75,32,-1,lpm,0.75,0,shared_prefix,13.782296654401172,3528.2679435267,35162.40736211883,31634.139418592127,2254.0688815061003,3119.4632852450013,3122.267300598324,2055.6558096686786,7.751418872024207,9.68125437313289,7.995513723782088,4225.059625925496,5009.702446917072,5011.869493448176,4090.6613888764696,1,
qwen,72,cap32_chunk-1_pollpm_mem0.75,32,-1,lpm,0.75,0,tool_agent,4.829493897094964,1001.2265272762426,14040.594427268306,13039.367899992065,280.71355749852955,522.5568882888183,677.9604190215467,282.8065213840455,11.483930051326752,83.17486345767975,21.37736609029858,712.2122216969728,6756.262740073723,9652.26742306258,2271.826710524037,1,
qwen,73,cap32_chunk-1_pollpm_mem0.8,32,-1,lpm,0.8,0,R_concurrent_decode,12.13631343666687,3106.8962397867185,5534.158927120092,2427.262687333374,124.00870560668407,126.12461759708822,128.58181546907872,123.60434897709638,9.800468107648925,9.807167682865447,9.802536449578955,2622.931588906795,2625.554782920517,2625.936643127352,2622.944495291449,1,
qwen,73,cap32_chunk-1_pollpm_mem0.8,32,-1,lpm,0.8,0,R_long_prefill,8.992718376124886,287.76698803599635,36258.640492535545,35970.87350449955,245.4994914587587,245.9055887768045,245.9402865590528,210.87287389673293,6.148226131054182,9.976366661759393,7.272410544476682,436.3993969745934,436.7154268780723,436.7425983818248,436.3176007755101,1,
qwen,73,cap32_chunk-1_pollpm_mem0.8,32,-1,lpm,0.8,0,R_medium_balanced,4.475238155216394,1145.6609677353968,4725.851491908512,3580.190524173115,165.19072698429227,180.7370581664145,180.85131021216512,164.90041578072123,6.404785284151633,6.739013515157151,6.340532347345359,1781.3552264124155,1880.7675885036588,1880.8684227988124,1781.736164353788,1,
qwen,73,cap32_chunk-1_pollpm_mem0.8,32,-1,lpm,0.8,0,R_short_decode,0.8794086191139915,225.12860649318185,313.06946840458096,87.94086191139914,50.42276671156287,57.46400095522404,58.15752170979977,51.20598478242755,4.250638115712825,4.255826521628336,4.251514720346997,1133.6671328172088,1142.0758990338072,1143.168195891194,1135.342238470912,1,
qwen,73,cap32_chunk-1_pollpm_mem0.8,32,-1,lpm,0.8,0,shared_prefix,13.742007398078114,3517.953893907997,35059.618452645176,31541.664558737182,2285.2734681218863,3161.4330895012245,3164.2914803372696,2086.635267831298,7.694543335584342,9.47064560874566,7.914485956063508,4240.889239590615,5022.802209132351,5024.75415259134,4101.043203128938,1,
qwen,73,cap32_chunk-1_pollpm_mem0.8,32,-1,lpm,0.8,0,tool_agent,4.842584216800019,1003.940346905896,14078.651390134024,13074.711043228128,271.1391714401543,567.4175345106044,687.4285754188895,298.05688658263534,11.352471219383588,93.15232643857598,21.41433893634399,712.5577069818974,6745.873141777701,9557.707843813108,2270.764356451109,1,
qwen,74,cap32_chunk-1_pollpm_mem0.85,32,-1,lpm,0.85,1,R_concurrent_decode,12.072114734659635,3090.4613720728667,5504.884319004794,2414.422946931927,142.70456437952816,144.6770093170926,147.743502962403,141.58631366444752,9.789653255732036,9.797527462622416,9.796807401437082,2639.207829721272,2641.360785323195,2641.5543896798044,2639.46587969258,1,
qwen,74,cap32_chunk-1_pollpm_mem0.85,32,-1,lpm,0.85,1,R_long_prefill,9.214852048647078,294.8752655567065,37154.28346014502,36859.40819458832,235.9405446331948,236.21323669794947,236.234215204604,199.66443977318704,6.114586278976452,10.11625478765176,7.291363803820023,425.70169852115214,425.9911644505337,426.0221753129736,425.6967176916078,1,
qwen,74,cap32_chunk-1_pollpm_mem0.85,32,-1,lpm,0.85,1,R_medium_balanced,4.610347349620965,1180.248921502967,4868.526801199739,3688.277879696772,121.62651307880878,123.5258165979758,123.68173145223408,117.53049126127736,6.3742149137325725,6.70292023888917,6.323433714900531,1730.0366840790955,1822.912834235467,1823.2746198074888,1730.0060885609128,1,
qwen,74,cap32_chunk-1_pollpm_mem0.85,32,-1,lpm,0.85,1,R_short_decode,0.8431884891291875,215.856253217072,300.1751021299908,84.31884891291875,45.66645668819547,330.53858946077503,449.2015197779982,100.0443235388957,4.250385956473503,4.259525393866294,4.252471788055903,1129.8686098307371,1413.3928216295317,1532.4734844872728,1184.4246294931509,1,
qwen,74,cap32_chunk-1_pollpm_mem0.85,32,-1,lpm,0.85,1,shared_prefix,13.738592315824404,3517.079632851048,35050.905644004415,31533.826011153367,2239.936211844906,3115.591298416257,3119.905125866644,2036.5171342382384,7.8084023099166044,9.87542039614317,8.124049526892833,4224.725986132398,5035.883310483769,5040.087933647446,4104.246451592189,1,
qwen,74,cap32_chunk-1_pollpm_mem0.85,32,-1,lpm,0.85,1,tool_agent,4.774956467834571,989.920100129124,13882.039940676732,12892.119840547608,370.6951080821455,1924.5026379358023,2266.62377899047,654.2157183145173,12.207291554659603,84.80413393117487,22.553367758406665,1453.6463906988502,8375.071329763157,11790.102041163467,2871.4053198695183,1,
qwen,75,cap32_chunk-1_pollpm_mem0.9,32,-1,lpm,0.9,0,R_concurrent_decode,12.14887929420305,3110.113099315981,5539.888958156591,2429.77585884061,122.49172385782003,125.0426665181294,127.22851896192878,122.11732067225968,9.779052178868476,9.788178732153602,9.78194362239742,2616.2266929168254,2618.542407220229,2620.054958118126,2616.2068368284963,1,
qwen,75,cap32_chunk-1_pollpm_mem0.9,32,-1,lpm,0.9,0,R_long_prefill,9.1618473857224,293.17911634311685,36940.568659232726,36647.38954288961,235.52960250526667,235.91935066506267,235.961282979697,200.47377899754792,6.108158808802404,9.979783468729543,7.246690460540835,425.1480896491557,425.40357562247664,425.4124636249617,425.1211832743138,1,
qwen,75,cap32_chunk-1_pollpm_mem0.9,32,-1,lpm,0.9,0,R_medium_balanced,4.57232826952616,1170.516036998697,4828.378652619625,3657.862615620928,135.6597626581788,139.6516686072573,139.770499127917,131.62578269839287,6.39241090427865,6.698866907561965,6.321777471263583,1743.6702174600214,1837.173633975908,1838.2291374262425,1743.6790378706064,1,
qwen,75,cap32_chunk-1_pollpm_mem0.9,32,-1,lpm,0.9,0,R_short_decode,0.8864568738387645,226.9329597027237,315.57864708660014,88.64568738387645,46.29538510926068,50.48140303697437,50.585469561629,46.27575818449259,4.236591047625623,4.242055411541871,4.236918690103088,1126.1622151359916,1131.257515703328,1131.6970103094354,1126.69002416078,1,
qwen,75,cap32_chunk-1_pollpm_mem0.9,32,-1,lpm,0.9,0,shared_prefix,13.78981449451732,3530.1925105964337,35181.58742791453,31651.39491731809,2200.5393288563937,2915.105422004126,4537.4318477418365,2019.888337694283,8.119460937794386,8.572800206750923,8.130443330193744,4252.100175479427,5010.339009924792,6521.28852475901,4091.044834680361,1,
qwen,75,cap32_chunk-1_pollpm_mem0.9,32,-1,lpm,0.9,0,tool_agent,4.834164491898768,1002.1948116379932,14054.173060717612,13051.97824907962,301.6262592282146,589.1716910991818,671.6854988969862,290.55415453156456,11.26628967042091,54.545097751542926,19.442117998076657,693.3214096352458,6492.41804149933,9563.380857515143,2235.8682468137704,1,
qwen,76,cap32_chunk-1_polfcfs_mem0.75,32,-1,fcfs,0.75,0,R_concurrent_decode,11.998586984514189,3071.6382680356323,5471.35566493847,2399.7173969028377,150.66749695688486,153.05857353378087,153.2990691019222,148.6682059330633,9.793111275625872,9.806775985074198,9.796176119531788,2647.713747341186,2650.7702899863943,2651.0957601759583,2646.38622070197,1,
qwen,76,cap32_chunk-1_polfcfs_mem0.75,32,-1,fcfs,0.75,0,R_long_prefill,8.653353148098132,276.9073007391402,34890.319893131666,34613.412592392524,218.59846753068268,252.3912656819448,257.1462571574375,198.9424844505265,7.491716732000631,10.742759622723582,8.124156746142093,450.8416862227023,451.02062842343,451.0365952225402,450.7913435809314,1,
qwen,76,cap32_chunk-1_polfcfs_mem0.75,32,-1,fcfs,0.75,0,R_medium_balanced,4.534565352165772,1160.8487301544376,4788.501011887055,3627.6522817326177,145.45950456522405,154.69219908118248,154.88543324172497,143.38838725234382,6.404632742644525,6.712913461595628,6.333960766570788,1758.3603020757437,1853.846914600581,1854.0038696490228,1758.548382727895,1,
qwen,76,cap32_chunk-1_polfcfs_mem0.75,32,-1,fcfs,0.75,0,R_short_decode,0.8806490081743225,225.44614609262652,313.51104691005884,88.06490081743225,49.88358146511018,51.778254844248295,51.91523801535368,49.80299359885976,4.250541657172874,4.258227765140141,4.251889971212721,1133.5967197082937,1137.4929977348074,1137.5055328337476,1134.0349362581037,1,
qwen,76,cap32_chunk-1_polfcfs_mem0.75,32,-1,fcfs,0.75,0,shared_prefix,13.710011860406704,3509.763036264116,34977.98908726558,31468.226051001464,2259.869348956272,3166.8131845537573,3167.785624489188,2072.3525553730724,7.763231300346419,9.806261986914071,8.031721161903464,4223.668007645756,5066.203164565377,5067.270504957996,4116.601153178635,1,
qwen,76,cap32_chunk-1_polfcfs_mem0.75,32,-1,fcfs,0.75,0,tool_agent,4.836259049021351,1002.6290447478614,14060.262482857812,13057.633438109951,294.4009725470096,667.2031806549057,688.3921287069097,300.6378630339168,10.91148448176682,57.545226253569126,20.077251022404443,713.4945970028639,6649.794683349317,9523.868175353851,2256.3732904335484,1,
qwen,77,cap32_chunk-1_polfcfs_mem0.8,32,-1,fcfs,0.8,0,R_concurrent_decode,11.778363993824623,3015.2611824191035,5370.933981184028,2355.6727987649247,207.00697228312487,209.3888269504532,211.15059934090823,204.54625580168795,9.790271562615446,9.80097436155665,9.80170021346157,2703.5042475908995,2705.946975317784,2706.333455857821,2703.67320337391,1,
qwen,77,cap32_chunk-1_polfcfs_mem0.8,32,-1,fcfs,0.8,0,R_long_prefill,8.857897762607093,283.452728403427,35715.0437788318,35431.591050428375,209.49161448515952,244.72942685242745,249.6885871840641,192.42477603256705,7.493437665905202,10.512089364290716,8.04549773719402,441.7881821282208,442.1060668071732,442.1487116394565,441.8352058855817,1,
qwen,77,cap32_chunk-1_polfcfs_mem0.8,32,-1,fcfs,0.8,0,R_medium_balanced,4.586522724718575,1174.1498175279553,4843.367997302816,3669.21817977486,127.66028707847,130.66081528086215,130.82853744272143,124.6566289337352,6.375108805357241,6.70325844776908,6.328532352641809,1738.3840749971569,1831.8270668387413,1832.0146337151527,1738.4323788573963,1,
qwen,77,cap32_chunk-1_polfcfs_mem0.8,32,-1,fcfs,0.8,0,R_short_decode,0.8833368501736545,226.13423364445555,314.467918661821,88.33368501736544,48.77979005686939,54.35688756406307,54.79859180748463,49.86417817417532,4.236468220787013,4.242151359315304,4.237606397409942,1130.1208743825557,1134.1236074687913,1134.6750935399905,1130.4538095137104,1,
qwen,77,cap32_chunk-1_polfcfs_mem0.8,32,-1,fcfs,0.8,0,shared_prefix,13.802463657313496,3533.430696272255,35213.85890096302,31680.42820469077,2269.139985088259,3225.879012420773,3227.021813010797,2096.4406135535683,7.663386500113704,9.154115912650584,7.813072029317282,4219.243573956192,5002.566752885468,5003.750355159864,4085.0816681231663,1,
qwen,77,cap32_chunk-1_polfcfs_mem0.8,32,-1,fcfs,0.8,0,tool_agent,4.833732068097309,1002.1051636975936,14052.91589229658,13050.810728598986,294.4605159573257,628.4297036007047,688.621918526478,303.89179850695655,11.08237230218947,74.59658929146806,20.38530446379888,720.1220660936087,6672.64324929565,9532.465066621076,2261.213157104794,1,
qwen,78,cap32_chunk-1_polfcfs_mem0.85,32,-1,fcfs,0.85,0,R_concurrent_decode,12.042442310110284,3082.8652313882326,5491.353693410289,2408.488462022057,144.09380569122732,146.402444713749,149.30306796450168,142.88713230052963,9.798338692452685,9.805421280825326,9.804579707703413,2642.3058114014566,2645.339606725611,2645.7816225802526,2642.7483736915747,1,
qwen,78,cap32_chunk-1_polfcfs_mem0.85,32,-1,fcfs,0.85,0,R_long_prefill,8.321542849584686,266.28937118671,33552.46076952545,33286.17139833874,196.28686062060297,269.4171403069049,279.7153699491173,193.01613105926663,8.891711627403573,11.63589108975664,9.003698514143545,472.0054070930928,472.8040701244026,472.882368164137,472.13078499771655,1,
qwen,78,cap32_chunk-1_polfcfs_mem0.85,32,-1,fcfs,0.85,0,R_medium_balanced,4.62131711121573,1183.057180471227,4880.110869443811,3697.053688972584,106.41869506798685,126.86337099876256,126.97381402831525,113.79246728029102,6.362748755069047,6.682839546827417,6.319253291482763,1725.420187227428,1807.6181665528568,1807.93760814704,1725.2020566083957,1,
qwen,78,cap32_chunk-1_polfcfs_mem0.85,32,-1,fcfs,0.85,0,R_short_decode,0.8803990704810509,225.38216204314904,313.4220690912541,88.03990704810509,48.649374628439546,53.56414325069636,53.74955812003464,49.43299858132377,4.253842484425096,4.259908517512183,4.254032260802227,1134.8948683589697,1137.2434286167845,1137.2641670284793,1134.2112250858918,1,
qwen,78,cap32_chunk-1_polfcfs_mem0.85,32,-1,fcfs,0.85,0,shared_prefix,13.7483068097132,3519.566543286579,35075.68997422165,31556.123430935077,2281.566068297252,3180.99796443712,3181.689457949251,2088.25344575962,7.680304249782666,9.565679677488172,7.9202786897362865,4225.091129308566,5035.615421342664,5036.722034448758,4104.167919787869,1,
qwen,78,cap32_chunk-1_polfcfs_mem0.85,32,-1,fcfs,0.85,0,tool_agent,4.835587830377371,1002.4898910546846,14058.311075742911,13055.82118468823,302.13119741529226,659.2834683833644,677.7455112198368,291.2142502493225,11.124919587746264,56.17219647392631,19.80733784655852,700.8516278583556,6667.028833366929,9540.605381443162,2247.620885579381,1,
qwen,79,cap32_chunk-1_polfcfs_mem0.9,32,-1,fcfs,0.9,0,R_concurrent_decode,11.63421673432499,2978.3594839871976,5305.202830852196,2326.8433468649982,239.49343664571643,241.85683333780617,243.3559286314994,236.5131596889114,9.793454398601954,9.80354179826263,9.80730051360221,2736.959523521364,2739.5034773042426,2740.3904112661257,2737.0682134496747,1,
qwen,79,cap32_chunk-1_polfcfs_mem0.9,32,-1,fcfs,0.9,0,R_long_prefill,8.179259182286954,261.7362938331825,32978.773022981,32717.03672914781,238.57329529710117,279.73449481651187,285.5227445624769,217.8385101724416,7.701447278621696,11.309954581872349,8.369303222054675,477.31816093437374,477.5707475375384,477.577156117186,477.28691005613655,1,
qwen,79,cap32_chunk-1_polfcfs_mem0.9,32,-1,fcfs,0.9,0,R_medium_balanced,4.628550338840356,1184.9088867431312,4887.749157815416,3702.840271072285,106.08998453244568,122.43459036108106,122.5755714578554,110.90197099838406,6.371631422171406,6.67641337358338,6.317381504535054,1721.8023766763508,1805.202572257258,1805.382110667415,1721.8342546548229,1,
qwen,79,cap32_chunk-1_polfcfs_mem0.9,32,-1,fcfs,0.9,0,R_short_decode,0.8787855413763164,224.969098592337,312.8476527299686,87.87855413763164,51.69682204723358,60.63878461718559,63.23485434055328,52.46723029995337,4.24806349454265,4.255576153541458,4.249242003596224,1136.0556678846478,1144.8617775458845,1147.924385452643,1136.0239412169904,1,
qwen,79,cap32_chunk-1_polfcfs_mem0.9,32,-1,fcfs,0.9,0,shared_prefix,13.658239636109258,3496.50934684397,34845.903986615216,31349.394639771243,2253.5750563256443,3164.174758503213,3165.0220726197585,2071.1564895536867,7.789050636852442,9.82679123351095,8.078550408449054,4234.687271993607,5073.452927498147,5074.305047909729,4127.304242239916,1,
qwen,79,cap32_chunk-1_polfcfs_mem0.9,32,-1,fcfs,0.9,0,tool_agent,4.822024777495223,999.678066746422,14018.87975462076,13019.201687874338,270.4485154245049,598.4173399861902,686.9425644818693,293.61587648279965,11.313274369708129,82.5379285961388,21.15955513654257,710.6230149511248,6728.107646876012,9514.062592783006,2279.524556773249,1,
qwen,80,cap32_chunk2048_pollpm_mem0.75,32,2048,lpm,0.75,0,R_concurrent_decode,11.601543788129112,2969.9952097610526,5290.303967386874,2320.308757625822,170.45191396027803,220.08297396823764,228.8276111893356,178.32342490146402,10.042437019885757,10.194799697903148,10.013917327718996,2731.6606359090656,2733.8746504159644,2734.5909503102303,2731.564892019378,1,
qwen,80,cap32_chunk2048_pollpm_mem0.75,32,2048,lpm,0.75,0,R_long_prefill,7.135132984454128,228.32425550253208,28768.85619331904,28540.531937816508,227.07230760715905,348.16078615840524,357.5101363612339,228.44078845810145,10.380067787463627,14.1668614067678,10.345340007916093,549.168627941981,549.8093675589189,549.8740764660761,549.1463287035003,1,
qwen,80,cap32_chunk2048_pollpm_mem0.75,32,2048,lpm,0.75,0,R_medium_balanced,4.5373683001457605,1161.5662848373147,4791.460924953924,3629.894640116609,135.1921446621418,164.6734515670687,165.22057806141677,134.41312228678726,6.448393829130367,6.70183269151797,6.359993131356497,1756.1961512546986,1833.8077806402,1833.9601608458904,1756.2113707826938,1,
qwen,80,cap32_chunk2048_pollpm_mem0.75,32,2048,lpm,0.75,0,R_short_decode,0.8833216965945234,226.130354328198,314.46252398765034,88.33216965945233,50.107335206121206,53.06259987410158,53.58891613315791,50.27820053510368,4.232989227874022,4.240496749259239,4.234537826485786,1129.5796623453498,1133.1777189159766,1133.237320710905,1130.085346288979,1,
qwen,80,cap32_chunk2048_pollpm_mem0.75,32,2048,lpm,0.75,0,shared_prefix,13.490854945975252,3453.6588661696646,34418.85987283216,30965.201006662497,2407.074039336294,5275.112242437899,7517.162730912678,2094.644720076758,8.153522085836705,9.319525579556675,8.272559418461764,4404.467401094735,7383.338786032982,9463.49276364781,4203.909244632087,1,
qwen,80,cap32_chunk2048_pollpm_mem0.75,32,2048,lpm,0.75,0,tool_agent,4.82466605571502,1000.2256433405594,14026.558637138049,13026.33299379749,195.33879053778944,585.0918391020966,683.4727191552508,238.6084894090891,13.609201964837585,200.23738187737752,42.88818708635639,839.727470651269,6952.599014993755,9893.458140012805,2378.177782727871,1,
qwen,81,cap32_chunk2048_pollpm_mem0.8,32,2048,lpm,0.8,0,R_concurrent_decode,6.933111437102781,1774.876527898312,3161.498815318868,1386.6222874205562,2016.155937453732,2098.104071174748,2104.931749510579,1616.1466051271418,10.112849592833834,13.914840154386326,11.687541339536404,4595.3456715215,4602.068429673091,4602.487383889966,4596.163719732431,1,
qwen,81,cap32_chunk2048_pollpm_mem0.8,32,2048,lpm,0.8,0,R_long_prefill,2.53926103526346,81.25635312843072,10238.300494182273,10157.04414105384,235.31862464733425,1211.6462200181554,1341.7100337008012,487.3956490773708,42.81766343140794,46.69484366407438,34.69391912597442,1562.6661910209805,1563.5976622113958,1563.7270010681823,1562.9071419825775,1,
qwen,81,cap32_chunk2048_pollpm_mem0.8,32,2048,lpm,0.8,0,R_medium_balanced,4.507903527477665,1154.0233030342822,4760.346125016414,3606.322821982132,142.34305592253804,174.05834083911031,174.40249144565314,141.9830884260591,6.464229968796465,6.712066702197726,6.371933065797659,1765.3585760854185,1842.558383475989,1842.927763890475,1766.826020204462,1,
qwen,81,cap32_chunk2048_pollpm_mem0.8,32,2048,lpm,0.8,0,R_short_decode,0.834559590506724,213.64725516972132,297.10321422039374,83.4559590506724,50.3423644695431,374.8527813469988,512.8607640368863,111.13946727709845,4.2539886920256365,4.261659078354783,4.2551921244582855,1134.703895077109,1459.127170522697,1596.237284229137,1196.2134590139613,1,
qwen,81,cap32_chunk2048_pollpm_mem0.8,32,2048,lpm,0.8,0,shared_prefix,13.543253437067646,3467.0728798893174,34552.54275132126,31085.469871431946,2476.884605595842,5183.904009871185,7524.477849537507,2130.558727603784,8.108700643838002,8.691714841269832,8.102709908198065,4510.374636854976,7399.272478255443,9427.40416601766,4195.880380830204,1,
qwen,81,cap32_chunk2048_pollpm_mem0.8,32,2048,lpm,0.8,0,tool_agent,4.829647829157641,1001.2584397018162,14041.041947796844,13039.783508095026,215.3883830178529,762.3318215133622,1866.8272762466224,325.8415912510827,18.48364398665827,179.5314821880309,53.48953376886085,1647.1874720882624,9808.83469856343,14515.03342074342,3006.405641855672,1,
qwen,82,cap32_chunk2048_pollpm_mem0.85,32,2048,lpm,0.85,0,R_concurrent_decode,12.08227196199478,3093.0616222706635,5509.516014669619,2416.454392398956,133.12943722121418,135.28945506550372,141.13308178726584,132.39331931981724,9.7968164475306,9.80005813872113,9.802030587015617,2631.7873601801693,2633.512509660796,2634.320456148125,2631.6049956949428,1,
qwen,82,cap32_chunk2048_pollpm_mem0.85,32,2048,lpm,0.85,0,R_long_prefill,7.906479693584338,253.00735019469883,31878.92612453205,31625.91877433735,191.6416164021939,295.7909437827766,305.5589153431356,195.09241823107004,9.842629950012892,12.847219226551392,9.739318006341495,496.8507657758892,497.5058051524684,497.5902841752395,497.0112764276564,1,
qwen,82,cap32_chunk2048_pollpm_mem0.85,32,2048,lpm,0.85,0,R_medium_balanced,4.459296959167285,1141.580021546825,4709.017588880653,3567.4375673338286,173.5351854003966,176.36487970594317,176.46270238328725,154.4263290707022,6.453142525153417,6.889573148652619,6.395378411409682,1785.211906535551,1875.6183970253917,1876.2566392775625,1785.2478239801712,1,
qwen,82,cap32_chunk2048_pollpm_mem0.85,32,2048,lpm,0.85,0,R_short_decode,0.8797938909859571,225.227236092405,313.20662519100074,87.9793890985957,50.18774070776999,54.76082901004702,55.61804481316358,49.89329940872267,4.251927759169655,4.259445140247836,4.253606356716916,1134.5208275597545,1139.453556225635,1139.8969102324918,1134.5629203715362,1,
qwen,82,cap32_chunk2048_pollpm_mem0.85,32,2048,lpm,0.85,0,shared_prefix,13.576546830636056,3475.5959886428304,34637.48330197658,31161.88731333375,2361.6976300254464,6618.118734704312,7436.376334116794,2040.776752361125,8.23388372584447,9.01268731190951,8.315441736354556,4427.286233520135,8634.257934289035,9408.748428653926,4160.967249950772,1,
qwen,82,cap32_chunk2048_pollpm_mem0.85,32,2048,lpm,0.85,0,tool_agent,4.829816633713293,1001.2934354182712,14041.532706529306,13040.239271111035,181.86539318412545,573.5599835636093,660.0971961114544,228.27968005090952,13.404134413900062,192.70755010657007,43.03874467457817,815.9919425379485,7024.810738093219,9847.903513512569,2381.296708502341,1,
qwen,83,cap32_chunk2048_pollpm_mem0.9,32,2048,lpm,0.9,0,R_concurrent_decode,11.223918221190496,2873.323064624767,5118.106708862866,2244.7836442380994,199.20999207533896,320.4597275005653,329.6129141515121,213.80820513877552,10.29742210281684,10.461070267209672,10.242199525254158,2824.6065240819007,2833.853201754391,2834.4073164789006,2825.262685350026,1,
qwen,83,cap32_chunk2048_pollpm_mem0.9,32,2048,lpm,0.9,0,R_long_prefill,7.837808681500197,250.80987780800632,31602.0446038088,31351.234726000792,199.76823404431343,300.7684495532885,310.21058440674096,201.9524595234543,9.735278792739392,12.779926274332308,9.67235091487847,501.82162527926266,502.3720996687189,502.4218213977292,501.7953378846869,1,
qwen,83,cap32_chunk2048_pollpm_mem0.9,32,2048,lpm,0.9,0,R_medium_balanced,4.46930049248427,1144.140926075973,4719.581320063389,3575.440393987416,168.81194640882313,178.2344897510484,178.42489557806402,149.43223085720092,6.480200431656604,6.886011075374542,6.407263151863042,1783.1304385326805,1871.5831220615653,1871.589462691918,1783.2843345822766,1,
qwen,83,cap32_chunk2048_pollpm_mem0.9,32,2048,lpm,0.9,0,R_short_decode,0.8858521450415777,226.7781491306439,315.36336363480166,88.58521450415778,47.15739842504263,61.573616787791245,64.92312654852867,49.75014878436923,4.228149878555069,4.237780834767309,4.226534415279947,1125.7224502041936,1133.3687339210885,1133.9768692152577,1126.9917216850445,1,
qwen,83,cap32_chunk2048_pollpm_mem0.9,32,2048,lpm,0.9,0,shared_prefix,13.631851938320295,3489.754096209996,34778.581754169456,31288.827657959464,2495.514729758725,6625.730589870344,7466.2991000385955,2114.845158706885,8.048878034905476,8.487331724232611,8.025171334179886,4494.000576902181,8615.912435087357,9365.14544263482,4160.1464611667325,1,
qwen,83,cap32_chunk2048_pollpm_mem0.9,32,2048,lpm,0.9,0,tool_agent,4.822117848271565,999.6973617144196,14019.150335565992,13019.452973851572,189.15291130542755,589.9969808524472,701.9821465201665,240.3283875412308,13.415257805474637,233.32394268363717,44.09738925109832,848.1467908713967,7075.755663565359,10106.627625408575,2408.27918457333,1,
qwen,84,cap32_chunk2048_polfcfs_mem0.75,32,2048,fcfs,0.75,0,R_concurrent_decode,11.825005733734612,3027.2014678360606,5392.202614582983,2365.0011467469226,178.50029142573476,182.2279531508684,189.85683469567448,158.05818037188146,9.832520017802132,10.02893524217036,9.913549602576992,2685.633186949417,2688.905675103888,2691.102003287524,2685.706705786288,1,
qwen,84,cap32_chunk2048_polfcfs_mem0.75,32,2048,fcfs,0.75,0,R_long_prefill,6.225094787392045,199.20303319654545,25099.582182764723,24900.37914956818,267.17674639075994,424.62932097259903,441.7482967721298,272.2713998518884,11.816412533423112,16.356943755020055,11.655824431668847,633.4855349268764,634.1362208593637,634.2163314018399,633.6019572336227,1,
qwen,84,cap32_chunk2048_polfcfs_mem0.75,32,2048,fcfs,0.75,0,R_medium_balanced,4.477648574189335,1146.2780349924697,4728.396894343938,3582.118859351468,155.83480685018003,179.19590859673917,179.31941929273307,148.77035722020082,6.49024693331882,6.731933206045891,6.39255125481891,1779.015448177233,1859.4434005208316,1859.4455585815008,1778.8709271990228,1,
qwen,84,cap32_chunk2048_polfcfs_mem0.75,32,2048,fcfs,0.75,0,R_short_decode,0.8799735639012943,225.27323235873132,313.2705887488608,87.99735639012944,50.68175704218447,53.81865222007036,54.43724948912859,50.35477509954944,4.247688453681036,4.261947279503825,4.2510229199394285,1134.9843468051404,1138.761111162603,1139.359316714108,1134.365619684104,1,
qwen,84,cap32_chunk2048_polfcfs_mem0.75,32,2048,fcfs,0.75,0,shared_prefix,13.794431771493551,3531.374533502349,35193.36736401757,31661.99283051522,2346.178461564705,2998.6958746099845,2999.3726443499327,2052.457697358477,7.814431653467984,8.620120643583292,7.927540019068682,4329.619314987212,4895.119371102192,4896.308057415299,4073.3850157303095,1,
qwen,84,cap32_chunk2048_polfcfs_mem0.75,32,2048,fcfs,0.75,0,tool_agent,4.830885983193139,1001.5151276056856,14044.641583498083,13043.126455892398,214.4706400576979,659.3313607154412,748.6525554023677,281.48335532983765,12.435984225632184,135.92693973332644,31.354175163172272,845.5537026748061,7036.486841016448,9772.520021460943,2396.039384745527,1,
qwen,85,cap32_chunk2048_polfcfs_mem0.8,32,2048,fcfs,0.8,0,R_concurrent_decode,12.00062335330694,3072.1595784465767,5472.284249107965,2400.124670661388,142.77986506931484,145.1964867534116,150.38733195979148,141.91490146913566,9.826556175910667,9.831797639974583,9.832957063973046,2648.594532860443,2651.7751726089045,2652.069932185113,2649.0116861241404,1,
qwen,85,cap32_chunk2048_polfcfs_mem0.8,32,2048,fcfs,0.8,0,R_long_prefill,6.284211559073622,201.0947698903559,25337.941006184847,25136.84623629449,265.32706432044506,415.5050542904064,431.5715228905901,267.09433062933385,11.549068502180518,16.230291647145584,11.4999245514252,623.3481878880411,624.3066436843947,624.4373325863853,623.5919917235151,1,
qwen,85,cap32_chunk2048_polfcfs_mem0.8,32,2048,fcfs,0.8,0,R_medium_balanced,4.506671379862377,1153.7078732447685,4759.04497713467,3605.3371038899018,147.9010374750942,162.36269532237202,162.4502406688407,142.6959364907816,6.456431335605243,6.731787307516617,6.368683735661976,1765.9133179113269,1853.663896676153,1853.7677305750549,1766.7102890845854,1,
qwen,85,cap32_chunk2048_polfcfs_mem0.8,32,2048,fcfs,0.8,0,R_short_decode,0.8771557637279627,224.55187551435844,312.2674518871547,87.71557637279626,49.36664784327149,53.0680543044582,53.2691876264289,49.442165647633374,4.254262590342585,4.342158734250594,4.270240556740878,1133.7927014101297,1159.265138208866,1167.0062825083733,1138.3535076165572,1,
qwen,85,cap32_chunk2048_polfcfs_mem0.8,32,2048,fcfs,0.8,0,shared_prefix,13.831049376388147,3540.7486403553658,35286.78888673002,31746.04024637465,2360.5758105404675,2972.260260139592,2973.31048194319,2038.2605836275616,7.80071530125741,8.706272014179358,7.93561375452116,4341.516488464549,4865.983196115121,4866.806731633842,4061.2481984535407,1,
qwen,85,cap32_chunk2048_polfcfs_mem0.8,32,2048,fcfs,0.8,0,tool_agent,4.8269711966488815,1000.7035336332629,14033.260281169429,13032.556747536164,212.0083139743656,653.4432822838423,744.7373935813079,272.354137825314,12.343457780770256,136.04456079192457,30.96219126905881,842.7232240792364,6963.977653812616,9767.6585734263,2369.5145869930275,1,
qwen,86,cap32_chunk2048_polfcfs_mem0.85,32,2048,fcfs,0.85,0,R_concurrent_decode,11.4131526058859,2921.7670671067904,5204.39758828397,2282.63052117718,170.27319758199155,282.0942816324532,290.1797889592126,186.50756897113752,10.25825287398024,10.391131998222397,10.195595304327174,2786.076625110581,2788.161694351584,2788.639750145376,2786.077692246181,1,
qwen,86,cap32_chunk2048_polfcfs_mem0.85,32,2048,fcfs,0.85,0,R_long_prefill,7.707885151805428,246.6523248577737,31078.192932079484,30831.540607221712,207.59978331625464,305.65241617150605,314.4499210361392,207.43760222103447,9.635244676422689,12.842226175651431,9.646264528254829,506.292368285358,507.12809020187706,507.2350890515372,506.4718025969341,1,
qwen,86,cap32_chunk2048_polfcfs_mem0.85,32,2048,fcfs,0.85,0,R_medium_balanced,4.47191832539774,1144.8110913018213,4722.345751620012,3577.534660318191,148.40387436561286,178.63947816658765,179.0701540419832,145.31219020136632,6.486212858455438,6.885679452862664,6.424775411027904,1783.7514164857566,1871.1154873017224,1871.6251980979,1783.6299200134818,1,
qwen,86,cap32_chunk2048_polfcfs_mem0.85,32,2048,fcfs,0.85,0,R_short_decode,0.8820761018517567,225.8114820740497,314.0190922592254,88.20761018517567,51.29749118350446,52.78306449763477,52.94872744940221,49.89662428852171,4.243153969154639,4.2497842529715575,4.243527181839169,1132.6119573786857,1136.300552985631,1136.3341343356296,1131.9960556575095,1,
qwen,86,cap32_chunk2048_polfcfs_mem0.85,32,2048,fcfs,0.85,0,shared_prefix,13.82867188605937,3540.1400028311987,35280.7232588063,31740.583255975096,2353.4034094773237,2973.106964631006,2973.62087961752,2041.3861220731635,7.79383596878964,8.67090659909973,7.92928555258328,4330.421513644978,4875.36778608337,4876.990848784335,4062.759033204202,1,
qwen,86,cap32_chunk2048_polfcfs_mem0.85,32,2048,fcfs,0.85,0,tool_agent,4.829776916463022,1001.2852014365312,14041.417238156284,13040.132036719751,212.8595905378461,662.1880686143413,767.4004589254033,277.8058977657929,12.28327389207365,134.26137594506145,30.77430820177437,834.2111788224429,6976.827041688373,9809.040658511216,2365.067102038301,1,
qwen,87,cap32_chunk2048_polfcfs_mem0.9,32,2048,fcfs,0.9,0,R_concurrent_decode,11.30206039157719,2893.3274602437605,5153.739538559198,2260.4120783154376,198.2999404426664,315.58594757225364,323.2876139180735,211.6805760160787,10.275473533307805,10.43026963504506,10.221529208612909,2818.1626345030963,2820.356050087139,2820.80034267623,2817.864170356188,1,
qwen,87,cap32_chunk2048_polfcfs_mem0.9,32,2048,fcfs,0.9,0,R_long_prefill,7.715009821906498,246.88031430100796,31106.919601927,30860.03928762599,204.16516601108012,308.5710608167574,318.5217551281676,206.93828468210995,9.85593580070042,12.941985960388855,9.769280309668712,509.6991758327931,510.41005733422935,510.5007145460695,509.78597428184,1,
qwen,87,cap32_chunk2048_polfcfs_mem0.9,32,2048,fcfs,0.9,0,R_medium_balanced,4.462789026372454,1142.4739907513483,4712.705211849311,3570.231221097963,150.82765091210604,175.52680906374007,177.01896803919226,145.26873794966377,6.485092727576985,6.907877057115091,6.434279833760514,1785.9238744713366,1880.7727568782864,1880.87447071448,1786.010095558595,1,
qwen,87,cap32_chunk2048_polfcfs_mem0.9,32,2048,fcfs,0.9,0,R_short_decode,0.884270116933565,226.37314993499265,314.80016162834914,88.4270116933565,48.31399046815932,69.86532867886125,76.22262825258076,52.3392359027639,4.226245444414078,4.231784027800256,4.224366929143359,1127.1950248628857,1141.092245420441,1144.1100107412783,1129.0276785730384,1,
qwen,87,cap32_chunk2048_polfcfs_mem0.9,32,2048,fcfs,0.9,0,shared_prefix,13.790740549040208,3530.4295805542934,35183.95004622045,31653.52046566616,2347.843714756891,3010.959408967756,3011.8948448542506,2055.2176222990965,7.792344992821492,8.654852031967511,7.915397889906133,4324.892022646964,4901.509726210497,4903.154361178167,4073.050638904533,1,
qwen,87,cap32_chunk2048_polfcfs_mem0.9,32,2048,fcfs,0.9,0,tool_agent,4.824932829686896,1000.2809495865388,14027.334218435524,13027.053268848986,227.40478860214355,667.0158927328883,750.85107947234,280.4422674840316,12.314387853257358,136.16805751807985,31.038301030370707,850.440478650853,6899.912966391999,9889.93435647338,2380.4841896146536,1,
qwen,88,cap32_chunk8192_pollpm_mem0.75,32,8192,lpm,0.75,0,R_concurrent_decode,12.132104453323722,3105.8187400508727,5532.239630715617,2426.420890664744,123.46126674674451,125.87539518717676,128.66850927472117,123.29034523281734,9.806054875291151,9.817008926137095,9.809732250836698,2624.075524741784,2627.245745435357,2628.076532674022,2624.4650431908667,1,
qwen,88,cap32_chunk8192_pollpm_mem0.75,32,8192,lpm,0.75,0,R_long_prefill,8.618836213042723,275.80275881736713,34751.14761098826,34475.344852170885,224.04874744825065,256.5623910864815,261.12813908141106,204.48028715327385,7.376382367745522,10.59864146950384,8.014481702458955,452.7928330935538,453.61210296396166,453.6958643840626,452.9292199295014,1,
qwen,88,cap32_chunk8192_pollpm_mem0.75,32,8192,lpm,0.75,0,R_medium_balanced,4.525684446611617,1158.575218332574,4779.122775621868,3620.5475572892938,151.29649103619158,158.63824647385627,158.73741807881743,147.9996774578467,6.401041161049815,6.708797564565697,6.32533512931938,1760.9753890428692,1848.7116429023445,1849.1312253288925,1760.9601354342883,1,
qwen,88,cap32_chunk8192_pollpm_mem0.75,32,8192,lpm,0.75,0,R_short_decode,0.8835758281410911,226.19541200411933,314.55299481822846,88.35758281410912,49.45171996951103,51.28082656301558,51.29777793772519,49.323073762934655,4.235418737117275,4.24229110791987,4.237111805089038,1129.3690993916243,1132.3368195444343,1132.6799385249617,1129.7865840606391,1,
qwen,88,cap32_chunk8192_pollpm_mem0.75,32,8192,lpm,0.75,0,shared_prefix,13.7880330844162,3529.736469610547,35177.042563642244,31647.306094031697,2220.1373553834856,2978.7167944479734,5158.112200787291,2008.864124705724,7.966917799785733,9.27977438751316,8.153435754695641,4273.952673887834,4988.3609829237685,7102.351206168532,4085.950956996385,1,
qwen,88,cap32_chunk8192_pollpm_mem0.75,32,8192,lpm,0.75,0,tool_agent,4.838050929119149,1003.0005283703364,14065.471944190936,13062.4714158206,220.0678023509681,624.6467151679099,700.8697018539533,272.69245138624683,12.133918531663433,122.61342857964335,28.54576480756017,727.0293962210417,6816.271555959245,9665.243343450124,2301.5612191380933,1,
qwen,89,cap32_chunk8192_pollpm_mem0.8,32,8192,lpm,0.8,0,R_concurrent_decode,12.08771236360754,3094.4543650835303,5511.996837805038,2417.542472721508,140.45564900152385,142.5350784091279,145.6615398498252,139.1771414928371,9.783026609825445,9.789907684703472,9.790034781938315,2635.29832707718,2637.6886426936835,2637.969733178616,2635.329979850212,1,
qwen,89,cap32_chunk8192_pollpm_mem0.8,32,8192,lpm,0.8,0,R_long_prefill,8.40044848957099,268.8143516662717,33870.60830995024,33601.79395828397,191.7194470297545,260.99686475936323,270.75459950137883,189.86339902039617,8.809913468036441,11.26153467208027,8.867405343710656,464.82676453888416,465.2870798949152,465.3286955971271,464.7529646754265,1,
qwen,89,cap32_chunk8192_pollpm_mem0.8,32,8192,lpm,0.8,0,R_medium_balanced,4.6170943642876585,1181.9761572576406,4875.651648687767,3693.675491430127,108.05672756396234,129.40802227240056,129.61491418536752,115.81738607492298,6.360397933452737,6.666458446495965,6.312994458872423,1725.408723577857,1805.4261551005768,1805.6344842305407,1725.6309730873909,1,
qwen,89,cap32_chunk8192_pollpm_mem0.8,32,8192,lpm,0.8,0,R_short_decode,0.8850643013616035,226.5764611485705,315.08289128473086,88.50643013616036,47.27173992432654,48.99133734870702,49.06561373267323,46.19026562431827,4.243071989028477,4.2502532546938045,4.244235686172603,1129.5325385872277,1130.5584837216884,1130.68716683425,1128.470365598332,1,
qwen,89,cap32_chunk8192_pollpm_mem0.8,32,8192,lpm,0.8,0,shared_prefix,13.7443596440387,3518.556068873907,35065.61967528289,31547.06360640898,2201.1118743103,2986.397095047869,5196.601116978563,2019.5192618084548,8.032535831900496,9.15256068110466,8.167668158836035,4256.856015417725,5023.88917512726,7123.0822752043605,4100.190368219046,1,
qwen,89,cap32_chunk8192_pollpm_mem0.8,32,8192,lpm,0.8,0,tool_agent,4.830078455125737,1001.3477149243924,14042.293889448852,13040.94617452446,228.6554793827236,495.9371470613405,674.2613409832119,253.67639673640952,12.153690913692117,118.32047565840185,28.4105144780696,714.9550647009164,6765.400227881035,9741.130563640032,2294.410717377905,1,
qwen,90,cap32_chunk8192_pollpm_mem0.85,32,8192,lpm,0.85,0,R_concurrent_decode,11.994238422470676,3070.525036152493,5469.372720646628,2398.847684494135,154.91510299034417,157.23529926035553,159.6104839630425,153.41459090996068,9.808833262536163,9.81585133194139,9.815266630807418,2655.9003572911024,2658.579869545065,2658.718634638936,2656.0006464860635,1,
qwen,90,cap32_chunk8192_pollpm_mem0.85,32,8192,lpm,0.85,0,R_long_prefill,8.857581309725107,283.44260191120344,35713.76784081163,35430.32523890043,216.79141116328535,246.71159791760147,250.91184212826192,195.3635704703629,7.266026268142365,10.59377161831024,7.954691457862575,442.0382254756987,442.4740232992917,442.51120106317103,441.95900566410273,1,
qwen,90,cap32_chunk8192_pollpm_mem0.85,32,8192,lpm,0.85,0,R_medium_balanced,4.583842537292154,1173.463689546791,4840.537719380513,3667.0740298337223,128.31951258704066,132.5816574972123,132.61901228688657,126.18940926040524,6.359939848748493,6.702435530685619,6.324506629778839,1739.0349840279669,1832.6800091890616,1833.1436063861477,1738.9385998540092,1,
qwen,90,cap32_chunk8192_pollpm_mem0.85,32,8192,lpm,0.85,0,R_short_decode,0.8803381437762822,225.36656480672823,313.40037918435644,88.03381437762822,49.39534002915025,54.86722863279283,55.4983817320317,49.68011454911903,4.253860493647117,4.258421879426083,4.254237694355349,1134.5138472970575,1138.6362889781594,1138.9586537703872,1134.510726609733,1,
qwen,90,cap32_chunk8192_pollpm_mem0.85,32,8192,lpm,0.85,0,shared_prefix,13.424256411977655,3436.60964146628,34248.94880206765,30812.33916060137,2300.309266196564,3112.568787089549,3146.053155986592,2087.5642635510303,8.032477638848563,9.7536189496225,8.312439950856199,4357.973594916984,5150.47258741688,5152.959315981716,4205.08301397058,1,
qwen,90,cap32_chunk8192_pollpm_mem0.85,32,8192,lpm,0.85,0,tool_agent,4.825033609166822,1000.3018426844196,14027.627210586335,13027.325367901914,219.8730495292693,530.4195635486379,692.9361222218722,269.3092185049318,12.047203390726022,121.38856141828,28.31972515143064,733.4700804203749,6711.383879324419,9673.856546250168,2299.0930013149045,1,
qwen,91,cap32_chunk8192_pollpm_mem0.9,32,8192,lpm,0.9,0,R_concurrent_decode,12.142103898763112,3108.378598083357,5536.799377835979,2428.4207797526224,123.82644903846084,126.32916669826956,128.43600274063647,123.62495697743724,9.797530193977495,9.806870788451048,9.801193546555664,2622.1837350167334,2625.710516073741,2626.5454019233584,2622.622681796201,1,
qwen,91,cap32_chunk8192_pollpm_mem0.9,32,8192,lpm,0.9,0,R_long_prefill,7.464496963206613,238.8639028226116,30096.851755649062,29857.987852826453,294.3442869000137,334.7992562921718,334.863829636015,258.8569789659232,7.428152696980584,12.71007207011984,8.579365807705589,524.8860761057585,527.244704705663,527.314035394229,524.8173190047964,1,
qwen,91,cap32_chunk8192_pollpm_mem0.9,32,8192,lpm,0.9,0,R_medium_balanced,4.5599015542458,1167.334797886925,4815.256041283564,3647.92124339664,125.34439633600414,150.3970385529101,150.47322222962976,133.32316116429865,6.4059271157591375,6.695436629211055,6.33339131109453,1748.301789863035,1827.748627983965,1828.1420557992533,1748.3379454934038,1,
qwen,91,cap32_chunk8192_pollpm_mem0.9,32,8192,lpm,0.9,0,R_short_decode,0.8863783339256714,226.9128534849719,315.550686877539,88.63783339256715,48.75873262062669,55.48312896862626,55.70282639935613,49.38218253664672,4.226630748085239,4.233660813713191,4.227062914920344,1125.9451888035985,1131.7588560748843,1132.3357616458088,1126.7561695422046,1,
qwen,91,cap32_chunk8192_pollpm_mem0.9,32,8192,lpm,0.9,0,shared_prefix,13.750281242501933,3520.0719980804947,35080.72729214968,31560.65529406918,2208.3985307253897,3044.8758338112384,4637.6753575960265,2058.028183375427,7.916949379501005,8.928995749310536,8.013560863988944,4261.104890378192,5023.208134341985,6531.125206644655,4099.222765122249,1,
qwen,91,cap32_chunk8192_pollpm_mem0.9,32,8192,lpm,0.9,0,tool_agent,4.834464448033277,1002.2569970440188,14055.045111189223,13052.788114145204,220.854255836457,534.1518281493319,706.6919260006398,264.97073414735496,12.137292661582643,118.7655640300363,28.30878751959573,741.3523911964148,6592.251054313964,9622.3951034015,2275.077958630864,1,
qwen,92,cap32_chunk8192_polfcfs_mem0.75,32,8192,fcfs,0.75,0,R_concurrent_decode,12.174496855070815,3116.6711948981288,5551.570565912291,2434.899371014163,123.04368009790778,125.22254106588662,127.6592579856515,122.73061876476277,9.78139924141122,9.790412392850458,9.783521552319304,2617.3106452915817,2619.542683358304,2620.531037230976,2617.222406130168,1,
qwen,92,cap32_chunk8192_polfcfs_mem0.75,32,8192,fcfs,0.75,0,R_long_prefill,8.72044335193411,279.0541872618915,35160.82759499833,34881.77340773644,216.9855076353997,252.4631158215925,257.4546390166506,199.0651647793129,7.512245492468919,10.64420197714841,8.094060809291419,449.8651179019362,450.54899503011256,450.6336532020941,449.9810498673469,1,
qwen,92,cap32_chunk8192_polfcfs_mem0.75,32,8192,fcfs,0.75,0,R_medium_balanced,4.544263083623724,1163.331349407673,4798.741816306652,3635.410466898979,143.04578746668994,144.52314306981862,144.68211368657649,137.61320465710014,6.40462254922764,6.708975235347216,6.332689785973772,1752.7210770640522,1844.2949649179357,1844.7412110166624,1752.449100080412,1,
qwen,92,cap32_chunk8192_polfcfs_mem0.75,32,8192,fcfs,0.75,0,R_short_decode,0.8801771618588508,225.3253534358658,313.3430696217509,88.01771618588508,51.95734789595008,57.53696579486132,57.924554981291294,51.06932524358854,4.246750967029263,4.251908135837784,4.24747351059398,1134.878844488412,1140.5544484732673,1140.8548787003383,1134.1750704450533,1,
qwen,92,cap32_chunk8192_polfcfs_mem0.75,32,8192,fcfs,0.75,0,shared_prefix,13.849581024960846,3545.4927423899767,35334.06818948664,31788.575447096657,2277.199870441109,3123.1951957102865,3124.268105728552,2064.0700782169006,7.667739728183993,9.131172745506843,7.877944904014866,4227.880294900388,4966.398785333149,4967.627529548481,4069.18430218866,1,
qwen,92,cap32_chunk8192_polfcfs_mem0.75,32,8192,fcfs,0.75,0,tool_agent,4.831537645145456,1001.65022690333,14046.536134225578,13044.885907322248,237.8779228311032,627.0983822643751,705.9558158600703,282.0786086213775,11.807532981038094,100.63928440213203,24.4319524052536,732.2563037741929,6875.576139776968,9594.822724396356,2300.318044514861,1,
qwen,93,cap32_chunk8192_polfcfs_mem0.8,32,8192,fcfs,0.8,0,R_concurrent_decode,12.094724715002384,3096.2495270406102,5515.194470041087,2418.944943000477,126.3846221845597,128.76140971202403,130.99256542045623,125.95843599410728,9.80863752592282,9.821795732262018,9.81301965362809,2628.1655540224165,2630.338069656864,2631.2117275828496,2627.971257577883,1,
qwen,93,cap32_chunk8192_polfcfs_mem0.8,32,8192,fcfs,0.8,0,R_long_prefill,8.89682619890545,284.6984383649744,35872.00323398677,35587.30479562179,237.70296247676012,248.8208174938336,250.367104341276,204.4282410060987,6.554967813914821,10.588046610956228,7.634409376600336,440.9689917229116,441.72999635338783,441.8053340166807,441.0949316807091,1,
qwen,93,cap32_chunk8192_polfcfs_mem0.8,32,8192,fcfs,0.8,0,R_medium_balanced,4.464885977054163,1143.0108101258656,4714.919591769196,3571.9087816433303,155.69119225256145,195.30871498864144,195.41915578302,166.8561339902226,6.401299311797701,6.754981360726935,6.344852485242026,1784.582793014124,1896.2677896488456,1896.619593212381,1784.7935177269392,1,
qwen,93,cap32_chunk8192_polfcfs_mem0.8,32,8192,fcfs,0.8,0,R_short_decode,0.8839455478456456,226.29006024848528,314.68461503304985,88.39455478456456,50.05116993561387,53.31470784731209,54.180702874436975,50.37894286215305,4.230788255146905,4.236600389247577,4.231112792987522,1128.9812221657485,1132.1214689640328,1132.4524348741395,1129.3127050739713,1,
qwen,93,cap32_chunk8192_polfcfs_mem0.8,32,8192,fcfs,0.8,0,shared_prefix,13.859350774853954,3547.9937983626123,35358.993492879934,31810.99969451732,2270.508133340627,3106.9532952737063,3107.5902842357755,2053.410051896208,7.686962903594008,9.236010162652851,7.91197626981507,4226.269662613049,4961.471256706864,4962.166502410546,4067.180226160417,1,
qwen,93,cap32_chunk8192_polfcfs_mem0.8,32,8192,fcfs,0.8,0,tool_agent,4.834043212827781,1002.1696686673912,14053.820470925692,13051.650802258302,236.55282449908557,623.1378252850845,730.2505990071222,281.94940424291417,11.540180446082536,81.76258224993944,23.65289774335152,728.2615383155644,6719.954074802806,9526.896496415133,2273.5670138616115,1,
qwen,94,cap32_chunk8192_polfcfs_mem0.85,32,8192,fcfs,0.85,0,R_concurrent_decode,12.172251103359375,3116.09628246,5550.546503131875,2434.450220671875,119.46393339894712,121.96496264077724,124.28357289172708,119.14874191279524,9.791603720034749,9.803611367274584,9.795669186607345,2616.475638700649,2619.428133266046,2620.388226355426,2616.7377321980894,1,
qwen,94,cap32_chunk8192_polfcfs_mem0.85,32,8192,fcfs,0.85,0,R_long_prefill,8.84301036215682,282.97633158901823,35655.0177802163,35372.04144862728,209.6669015008956,245.3486672136933,250.360899688676,192.97139742411676,7.508308423923388,10.513753588912229,8.052702872983872,442.5569409504533,443.2003188878298,443.25527153909206,442.60518648661673,1,
qwen,94,cap32_chunk8192_polfcfs_mem0.85,32,8192,fcfs,0.85,0,R_medium_balanced,4.479248735641071,1146.687676324114,4730.086664836971,3583.3989885128567,151.8182756844908,191.8753645149991,191.90591124352068,163.06758762220852,6.399874149949527,6.741989920755811,6.33711169117733,1779.0861234534532,1889.7784710861745,1890.3120920993388,1779.0310688724276,1,
qwen,94,cap32_chunk8192_polfcfs_mem0.85,32,8192,fcfs,0.85,0,R_short_decode,0.8821228091893656,225.8234391524776,314.0357200714141,88.21228091893656,48.76092378981412,54.63590614963323,55.54913385305554,49.36011438257992,4.243734968351383,4.253368878408391,4.246250821012712,1130.634413799271,1138.8963205041364,1139.702335097827,1132.154073740821,1,
qwen,94,cap32_chunk8192_polfcfs_mem0.85,32,8192,fcfs,0.85,0,shared_prefix,13.843762040557095,3544.003082382617,35319.22236914412,31775.219286761505,2258.6984254885465,3122.4279236979783,3123.668426661752,2048.179849418375,7.727297221889044,9.317361138596691,7.930053496513596,4224.470356013626,4962.106646504253,4963.707394851372,4066.5553601320426,1,
qwen,94,cap32_chunk8192_polfcfs_mem0.85,32,8192,fcfs,0.85,0,tool_agent,4.833824958922045,1002.1244213589238,14053.185950075704,13051.06152871678,213.44924066215756,632.3943998897448,699.1522558173165,275.8860273403116,11.375040073726474,100.84902415983362,23.355841037007647,723.9723624661565,6580.994370626284,8846.146791633211,2250.8755580009893,1,
qwen,95,cap32_chunk8192_polfcfs_mem0.9,32,8192,fcfs,0.9,0,R_concurrent_decode,12.16807256535616,3115.0265767311766,5548.641089802409,2433.614513071232,119.24694268964232,121.63504126947372,123.21449630893768,118.7492136232322,9.781108844075716,9.792883162277006,9.785834893530726,2613.333121407777,2616.800755308941,2617.290591965429,2613.830858390429,1,
qwen,95,cap32_chunk8192_polfcfs_mem0.9,32,8192,fcfs,0.9,0,R_long_prefill,7.362436989519583,235.59798366462667,29685.34594174296,29449.747958078337,301.0790485423058,343.96646176464856,343.9917553309351,267.55598722957075,7.415062462490413,12.48445944530108,8.495653142041016,531.0496527235955,531.233880482614,531.2342937663198,530.9212346328422,1,
qwen,95,cap32_chunk8192_polfcfs_mem0.9,32,8192,fcfs,0.9,0,R_medium_balanced,4.568473903438775,1169.5293192803265,4824.308442031347,3654.7791227510206,128.6866634618491,144.54884233418852,144.65385780204087,132.3103006288875,6.4035979044788025,6.67567275482796,6.322877381599563,1744.5829301141202,1827.882891637273,1828.334791609086,1744.644032936776,1,
qwen,95,cap32_chunk8192_polfcfs_mem0.9,32,8192,fcfs,0.9,0,R_short_decode,0.8844114117323624,226.4093214034848,314.85046257672104,88.44114117323625,51.714163506403565,53.92630407586694,53.955871257930994,49.83134218491614,4.230904530770346,4.23830350349639,4.231673229129656,1129.2069654446095,1133.6196297081187,1134.1351764136923,1128.9080156129785,1,
qwen,95,cap32_chunk8192_polfcfs_mem0.9,32,8192,fcfs,0.9,0,shared_prefix,13.845374992052152,3544.415997965351,35323.33744944943,31778.92145148408,2291.592933004722,3097.6113924058154,3099.082833896391,2065.6355780374724,7.693938368962183,9.206940838336653,7.86123509518464,4228.105654008687,4959.548973245546,4961.485659559257,4066.495785351435,1,
qwen,95,cap32_chunk8192_polfcfs_mem0.9,32,8192,fcfs,0.9,0,tool_agent,4.837358709287476,1002.8570208159332,14063.459481163109,13060.602460347176,203.15319043584168,655.9079225175083,708.0753689492121,275.69226606283337,11.574103888347873,83.13750172965229,23.89273741609839,725.2462734468281,6720.459498441776,9470.891981529998,2271.7096135625616,1,
qwen,96,cap48_chunk-1_pollpm_mem0.75,48,-1,lpm,0.75,0,R_concurrent_decode,12.144462667285811,3108.982442825168,5537.874976282331,2428.8925334571627,126.4168662019074,130.95625499263406,131.6852194815874,126.58795012976044,9.780666599159732,9.792472098865447,9.78430376112965,2620.870795100928,2625.408538314514,2625.93544610776,2621.2790999998106,1,
qwen,96,cap48_chunk-1_pollpm_mem0.75,48,-1,lpm,0.75,0,R_long_prefill,8.385869145655457,268.3478126609746,33811.824395282805,33543.47658262183,193.85059433989227,265.4371158219874,275.52302235737443,191.1818969529122,8.863079286510905,11.477223367640567,8.947032162048403,468.6060522217304,469.01559096295387,469.0587423974648,468.5398939764127,1,
qwen,96,cap48_chunk-1_pollpm_mem0.75,48,-1,lpm,0.75,0,R_medium_balanced,4.574831726179005,1171.1569219018252,4831.022302845029,3659.865380943204,110.2861010003835,152.09403168410063,152.2764241322875,126.92902435082942,6.400009955042133,6.686661980918371,6.329984777931161,1741.1869226489216,1811.02867401205,1811.2029522191733,1741.0751427232751,1,
qwen,96,cap48_chunk-1_pollpm_mem0.75,48,-1,lpm,0.75,0,R_short_decode,0.8844421421937014,226.4171884015876,314.86140262095773,88.44421421937014,48.894604900851846,71.7695002676919,80.50601857248694,52.192713716067374,4.236850693054935,4.24291832756032,4.225755878503081,1129.1561445686966,1132.973565440625,1133.3007508330047,1129.2433897033334,1,
qwen,96,cap48_chunk-1_pollpm_mem0.75,48,-1,lpm,0.75,0,shared_prefix,14.212303332586336,3638.349653142102,36259.47197812024,32621.122324978143,599.5456844102591,4024.287760048173,4025.599156152457,1286.8084942529094,10.399509065181892,12.224013743209929,10.284005819834936,3625.023858854547,6674.981767614372,6678.43907432165,3908.6948812800974,1,
qwen,96,cap48_chunk-1_pollpm_mem0.75,48,-1,lpm,0.75,0,tool_agent,4.833450407776072,1002.0467712880964,14052.097032511065,13050.050261222968,272.1318784169853,533.9092505164444,666.4856924302875,281.8987167812884,11.30493517659443,90.81509979441762,21.297191782959523,703.8298023398966,6635.482327803035,9545.456513562236,2253.0283794016577,1,
qwen,97,cap48_chunk-1_pollpm_mem0.8,48,-1,lpm,0.8,0,R_concurrent_decode,12.150465730844695,3110.5192270962425,5540.612373265182,2430.0931461689397,119.47896890342236,121.6667732456699,124.28417870774864,119.01648277125788,9.798921535120291,9.807624506487464,9.801954617222718,2618.2390302419662,2620.708443596959,2621.278186501004,2618.2081875303998,1,
qwen,97,cap48_chunk-1_pollpm_mem0.8,48,-1,lpm,0.8,0,R_long_prefill,8.921337579909894,285.4828025571166,35970.833122196695,35685.350319639576,210.92722821049392,243.22538243141025,247.76348132174465,192.2637694515288,7.384487840857718,10.481499203090223,7.986695648381307,439.8463512770832,440.1457756292075,440.1637002732605,439.8513345513493,1,
qwen,97,cap48_chunk-1_pollpm_mem0.8,48,-1,lpm,0.8,0,R_medium_balanced,4.540082690963272,1162.2611688865975,4794.327321657215,3632.0661527706175,142.3148736357689,150.46529052779078,150.61609325930476,140.161123679718,6.402996388793577,6.706825948283806,6.332609910682282,1754.7987035941333,1849.8058542609213,1850.1552186906335,1754.9766509037,1,
qwen,97,cap48_chunk-1_pollpm_mem0.8,48,-1,lpm,0.8,0,R_short_decode,0.8838850476765789,226.2745722052042,314.6630769728621,88.38850476765789,47.27707710117102,51.19278200436384,52.3874236503616,47.54207778023556,4.240464719523694,4.2493315409942,4.242834114177408,1128.8211434148252,1133.146146684885,1133.7659758329391,1129.4647768954746,1,
qwen,97,cap48_chunk-1_pollpm_mem0.8,48,-1,lpm,0.8,0,shared_prefix,14.854653316809058,3802.791249103119,37898.28243044622,34095.4911813431,687.0766482315958,3749.579640408047,3755.1110598491514,1163.988604399492,10.419101841455582,11.781284275793416,10.127182791648137,3493.241024436429,6406.142976065166,6410.890540913679,3746.131276348024,1,
qwen,97,cap48_chunk-1_pollpm_mem0.8,48,-1,lpm,0.8,0,tool_agent,4.836193839371243,1002.6155258092492,14060.07290145044,13057.457375641192,287.2983170673251,521.9046228332445,652.5563412485642,282.879508738406,11.387347730842926,92.23246527835728,20.85658618306576,700.508517678827,6662.929703644475,9504.807251691816,2255.287988674827,1,
qwen,98,cap48_chunk-1_pollpm_mem0.85,48,-1,lpm,0.85,0,R_concurrent_decode,11.459582051095436,2933.6530050804317,5225.5694152995175,2291.916410219086,212.384402519092,267.0679494040087,277.73849807679653,217.6254806399811,10.056844695160787,10.05964880352657,10.03058501368419,2776.617772411555,2778.887031180784,2779.677976337261,2775.117708632024,1,
qwen,98,cap48_chunk-1_pollpm_mem0.85,48,-1,lpm,0.85,0,R_long_prefill,8.445441757006307,270.25413622420183,34052.021164249425,33781.76702802523,223.9396837539971,265.13478581327945,270.93485007528216,203.3527458552271,7.736007735553768,11.352009324717423,8.40774032798025,463.7559235561639,464.661281905137,464.7805169923231,463.9926960226149,1,
qwen,98,cap48_chunk-1_pollpm_mem0.85,48,-1,lpm,0.85,0,R_medium_balanced,4.612829048398918,1180.884236390123,4871.147475109258,3690.263238719135,107.52363898791371,127.00977351050824,127.10704018827528,114.079086255515,6.387927107439905,6.686633455968809,6.332532494493267,1728.9707770105451,1810.013432754204,1810.229113092646,1728.874872351298,1,
qwen,98,cap48_chunk-1_pollpm_mem0.85,48,-1,lpm,0.85,0,R_short_decode,0.8849135352750387,226.5378650304099,315.02921855791374,88.49135352750386,48.42170141637325,53.55287741404027,54.18440667446703,49.32612867560238,4.231270158882527,4.236384337019248,4.230489804382052,1127.4909423664212,1132.1328056277707,1133.526157909073,1128.1010287930258,1,
qwen,98,cap48_chunk-1_pollpm_mem0.85,48,-1,lpm,0.85,0,shared_prefix,14.299145504908807,3660.581249256655,36481.030105621365,32820.44885636471,630.0536110065877,3968.9267085399474,3986.42910735216,1259.653282839281,10.454378909814883,12.3310470823929,10.30877806204648,3654.1666532866657,6634.07368704211,6652.929803896695,3888.016263605096,1,
qwen,98,cap48_chunk-1_pollpm_mem0.85,48,-1,lpm,0.85,0,tool_agent,4.848632235766532,1005.1941919579384,14096.234553754606,13091.040361796668,271.61868498660624,530.0351885147385,676.6229479666799,287.4143227492459,11.236083083936284,75.12053833343066,20.432328135079363,703.2675875816494,6685.005972371436,9443.443233990109,2236.469074599445,1,
qwen,99,cap48_chunk-1_pollpm_mem0.9,48,-1,lpm,0.9,0,R_concurrent_decode,12.080635982470234,3092.64281151238,5508.770008006427,2416.127196494047,135.2099075447768,137.72070733830333,139.23786086030304,134.9634367506951,9.803625264698091,9.812380927175592,9.806023805831035,2634.913378860801,2637.694967072457,2638.247074112296,2635.192609508522,1,
qwen,99,cap48_chunk-1_pollpm_mem0.9,48,-1,lpm,0.9,0,R_long_prefill,7.492562558430276,239.7620018697688,30210.01223559087,29970.250233721104,253.99037497118115,321.92572213243693,331.48824201431125,237.82348923850805,8.703072127255222,12.696696367234953,9.230277283237346,523.8182228058577,524.7454531025141,524.8223338183016,523.9620850188658,1,
qwen,99,cap48_chunk-1_pollpm_mem0.9,48,-1,lpm,0.9,0,R_medium_balanced,4.564990430992419,1168.6375503340594,4820.629895127995,3651.992344793936,117.36287595704198,157.5217831414193,157.60496235452592,133.3825017500203,6.399130472438593,6.685217137576319,6.327760306086537,1746.9429802149534,1818.4743077727037,1818.5185063863173,1746.961379802087,1,
qwen,99,cap48_chunk-1_pollpm_mem0.9,48,-1,lpm,0.9,0,R_short_decode,0.8762185779306163,224.31195595023777,311.93381374329937,87.62185779306162,54.14712033234537,68.99726074188948,69.05788566917181,56.33726285304874,4.24676479990868,4.24981293122412,4.246746944080965,1136.2422455567869,1152.1704111248257,1152.5889036804438,1139.2577335936949,1,
qwen,99,cap48_chunk-1_pollpm_mem0.9,48,-1,lpm,0.9,0,shared_prefix,14.4988202024004,3711.697971814503,36990.45485747252,33278.75688565801,729.0399691555649,3895.965106529184,3900.065154368058,1247.893201889383,10.30405380160493,11.858690906334305,10.11636284797289,3527.745127910748,6522.864575521089,6526.645621554926,3826.711856152542,1,
qwen,99,cap48_chunk-1_pollpm_mem0.9,48,-1,lpm,0.9,0,tool_agent,4.830519524185261,1001.4391551564676,14043.576191882845,13042.137036726375,227.81599359586835,665.451146219857,679.6691566472873,286.3394839223474,11.48022385314107,84.98138543218363,21.819366423054703,704.1386112105101,6625.318564497864,9471.40154550783,2259.302011218388,1,
qwen,100,cap48_chunk-1_polfcfs_mem0.75,48,-1,fcfs,0.75,0,R_concurrent_decode,12.068645853532708,3089.573338504373,5503.302509210915,2413.729170706541,134.74287325516343,137.79255242552608,139.54211201518774,134.7326105751563,9.810838384517268,9.818707832368345,9.812968276825805,2636.317941360176,2639.5127832423896,2640.126316724345,2636.732471990399,1,
qwen,100,cap48_chunk-1_polfcfs_mem0.75,48,-1,fcfs,0.75,0,R_long_prefill,8.78726898223088,281.1926074313882,35430.26853635491,35149.07592892352,222.8282003197819,250.95244543626904,254.8989706672728,201.6733408672735,7.224971015426901,10.45795736624108,7.905068927474559,446.80230179801583,447.0098606543616,447.0223399112001,446.7304776189849,1,
qwen,100,cap48_chunk-1_polfcfs_mem0.75,48,-1,fcfs,0.75,0,R_medium_balanced,4.535167413666233,1161.0028578985557,4789.136788831543,3628.133930932987,141.11086609773338,154.3057489907369,154.54051464330405,141.13754438585602,6.411905478978274,6.721551857395646,6.339730044790342,1757.648368831724,1856.051373295486,1856.4014049246907,1757.7687058073934,1,
qwen,100,cap48_chunk-1_polfcfs_mem0.75,48,-1,fcfs,0.75,0,R_short_decode,0.8839886504967019,226.3010945271557,314.6999595768259,88.39886504967019,50.55328784510493,54.02917575556785,54.591327854432166,50.4837540211156,4.229563865445408,4.235903173411155,4.230172114729808,1128.191955620423,1132.6142848702148,1133.2629073644057,1129.1776432772167,1,
qwen,100,cap48_chunk-1_polfcfs_mem0.75,48,-1,fcfs,0.75,0,shared_prefix,14.330995446791665,3668.7348343786657,36562.28801633301,32893.55318195435,712.8862582612783,3953.483999567106,3969.951803027652,1246.8694203998891,10.47712340403129,12.647781253828867,10.330595740948326,3712.4579998198897,6624.215714563616,6642.246751324274,3880.8779051360034,1,
qwen,100,cap48_chunk-1_polfcfs_mem0.75,48,-1,fcfs,0.75,0,tool_agent,4.836519963810841,1002.6831362974444,14061.021029988706,13058.33789369126,233.0746129155159,612.5980989774689,673.3885034266859,290.6456070835702,11.312250392444804,82.62488506734363,21.323732625364727,701.6240828670561,6611.1106275347975,9553.73362054582,2245.265426170081,1,
qwen,101,cap48_chunk-1_polfcfs_mem0.8,48,-1,fcfs,0.8,0,R_concurrent_decode,11.979962927094844,3066.87050933628,5462.863094755249,2395.9925854189687,157.30926394462583,159.7598670516163,162.35099993646145,155.7540885405615,9.794775025882558,9.802921787980598,9.802801235333362,2655.280194478109,2658.1173724262044,2658.717522900552,2655.161935283104,1,
qwen,101,cap48_chunk-1_polfcfs_mem0.8,48,-1,fcfs,0.8,0,R_long_prefill,8.88732669946972,284.394454383031,35833.701252261904,35549.306797878875,248.9071984309703,249.3174128467217,249.35322732198983,214.19127739500252,6.0994253238482825,9.951307077801996,7.230792498786844,438.29513899981976,439.0450985636562,439.1150155942887,438.3458448573947,1,
qwen,101,cap48_chunk-1_polfcfs_mem0.8,48,-1,fcfs,0.8,0,R_medium_balanced,4.586123538381105,1174.0476258255628,4842.946456530447,3668.898830704884,127.92686629109085,130.82006270997226,130.98328127525747,124.9944211449474,6.371737139153423,6.706907829342812,6.329618310943867,1738.7902960181236,1832.645976217464,1832.817896315828,1739.0470904356334,1,
qwen,101,cap48_chunk-1_polfcfs_mem0.8,48,-1,fcfs,0.8,0,R_short_decode,0.8782049351170608,224.8204633899676,312.64095690167363,87.82049351170608,50.76876422390342,52.60750176385045,53.02915068343282,50.90492375893518,4.258153489882163,4.26289462256154,4.258707805545818,1136.2395274918526,1139.6456305170432,1140.0801412807778,1136.8754141731188,1,
qwen,101,cap48_chunk-1_polfcfs_mem0.8,48,-1,fcfs,0.8,0,shared_prefix,14.590930850332184,3735.278297685039,37225.45430685179,33490.176009166746,679.4706850778311,3842.743430123664,3855.212324284949,1198.1747664976865,10.441245743091784,12.13436399513454,10.257310215949454,3587.670885026455,6503.894512588158,6518.010194436647,3812.75998248384,1,
qwen,101,cap48_chunk-1_polfcfs_mem0.8,48,-1,fcfs,0.8,0,tool_agent,4.838588963890035,1003.1120710488626,14067.036151158944,13063.92408011008,288.56614488177,656.8600162863731,693.2316994015127,296.4089168724604,11.179012449153152,76.149183232337,20.310463279486545,718.8967340625823,6708.067760034463,9521.020962740293,2255.9247889532708,1,
qwen,102,cap48_chunk-1_polfcfs_mem0.85,48,-1,fcfs,0.85,0,R_concurrent_decode,12.164458389006311,3114.101347585616,5546.993025386878,2432.891677801262,118.74231952242552,120.96421332098544,122.81137020327152,118.3658874797402,9.802025111903454,9.812433178136788,9.806138362744775,2618.6712472699583,2621.1029838072136,2621.9084407621995,2618.624297378119,1,
qwen,102,cap48_chunk-1_polfcfs_mem0.85,48,-1,fcfs,0.85,0,R_long_prefill,7.3637276062077,235.6392833986464,29690.54970822945,29454.9104248308,265.2742019854486,332.0232779020444,341.4211668120697,247.52724776044488,8.608106516241547,12.716804372687491,9.180821467100852,532.1255039889365,532.4606260983273,532.4817493325099,532.1327132405713,1,
qwen,102,cap48_chunk-1_polfcfs_mem0.85,48,-1,fcfs,0.85,0,R_medium_balanced,4.567790170092631,1169.3542835437136,4823.586419617818,3654.232136074105,118.11656155623496,156.1893280595541,156.30529783666134,132.62486716848798,6.395712451023214,6.689460800193689,6.327983795199543,1746.3728750590235,1817.9741682251915,1818.3037287322804,1746.2607349443715,1,
qwen,102,cap48_chunk-1_polfcfs_mem0.85,48,-1,fcfs,0.85,0,R_short_decode,0.882484968541291,225.9161519465705,314.1646488006996,88.2484968541291,48.361629946157336,52.14777095243335,53.10431247577071,48.39938221266493,4.247606241637293,4.252922286224716,4.2479102079774815,1132.4658934026957,1135.488253342919,1136.1790530895814,1131.6164852469228,1,
qwen,102,cap48_chunk-1_polfcfs_mem0.85,48,-1,fcfs,0.85,0,shared_prefix,14.291928410322388,3658.7336730425313,36462.61732390711,32803.883650864576,669.9412032030523,3975.433771545067,3989.2247966397554,1280.3944485422107,10.409676295467744,12.178209794995684,10.231746302213509,3610.414608148858,6629.22361085657,6644.693507938646,3889.1157732869033,1,
qwen,102,cap48_chunk-1_polfcfs_mem0.85,48,-1,fcfs,0.85,0,tool_agent,4.834099707776659,1002.181380917718,14053.98471643077,13051.803335513052,279.7179121989757,620.7831289852038,674.0346049610523,292.4734945455566,11.186805469471784,58.57068300247192,20.18239258583841,703.2175264321268,6762.106742314061,9480.487570813852,2256.904341154732,1,
qwen,103,cap48_chunk-1_polfcfs_mem0.9,48,-1,fcfs,0.9,0,R_concurrent_decode,11.794932425127286,3019.502700832585,5378.489185858042,2358.986485025457,188.24632768519223,190.1216601021588,196.75343175884336,186.1318964365637,9.83520009573184,9.840138686693036,9.844626812152212,2696.337543893605,2698.288389807567,2698.43380569946,2696.204657942872,1,
qwen,103,cap48_chunk-1_polfcfs_mem0.9,48,-1,fcfs,0.9,0,R_long_prefill,7.327702214327678,234.4864708584857,29545.2953281692,29310.808857310712,261.5246241912246,331.467055878602,341.3205201132223,246.89093267079443,8.740219610532925,12.609693440308252,9.2113142825603,532.4714321177453,532.7604771126062,532.7860650513321,532.4416754301637,1,
qwen,103,cap48_chunk-1_polfcfs_mem0.9,48,-1,fcfs,0.9,0,R_medium_balanced,4.611690727508957,1180.592826242293,4869.945408249459,3689.3525820071663,105.6834962219,133.36322223767638,133.4903477691114,116.44820007495582,6.366568432171263,6.673427680324689,6.315892753556517,1727.3874606471509,1804.41300815437,1804.4637535931545,1727.0008522318676,1,
qwen,103,cap48_chunk-1_polfcfs_mem0.9,48,-1,fcfs,0.9,0,R_short_decode,0.8795637227502044,225.16831302405237,313.1246852990728,87.95637227502044,53.15091437660158,57.099616224877536,57.17731939163059,52.48945363564417,4.243736336117282,4.25316155632483,4.2455793958723405,1135.1401747670025,1138.3175430586562,1138.395871031098,1135.1121995830908,1,
qwen,103,cap48_chunk-1_polfcfs_mem0.9,48,-1,fcfs,0.9,0,shared_prefix,14.205813182419943,3636.688174699506,36242.913830395344,32606.22565569584,631.0531350318342,4060.320831905119,4077.343104714528,1310.70313863529,10.33654157894061,12.21384699118561,10.228265887827952,3652.145641390234,6696.416140696965,6713.486612220295,3918.375292585552,1,
qwen,103,cap48_chunk-1_polfcfs_mem0.9,48,-1,fcfs,0.9,0,tool_agent,4.845694241731235,1004.5851017245108,14087.693041215549,13083.107939491038,255.98449795506892,614.7730408702046,674.2516033677383,296.3000677525997,10.958827566355469,90.58616966940464,21.34809516088677,706.679078983143,6690.894109546204,9529.782193535932,2258.01915820688,1,
qwen,104,cap48_chunk2048_pollpm_mem0.75,48,2048,lpm,0.75,0,R_concurrent_decode,11.88953486349421,3043.720925054518,5421.62789775336,2377.9069726988423,177.8473157901317,178.9044959237799,186.4946199161932,157.4291916913353,9.80971099388804,9.996810132254137,9.891025204474266,2679.343240801245,2681.679872935638,2681.998749678023,2679.3342531163944,1,
qwen,104,cap48_chunk2048_pollpm_mem0.75,48,2048,lpm,0.75,0,R_long_prefill,7.835022581929257,250.72072262173623,31590.811050338765,31340.090327717026,197.94131605885923,300.3839374054224,310.1219264511019,201.0759875411168,9.796382709135932,12.783586184283898,9.704615635376785,501.7778116744012,502.46665603481233,502.55500744096935,501.9190722377971,1,
qwen,104,cap48_chunk2048_pollpm_mem0.75,48,2048,lpm,0.75,0,R_medium_balanced,4.457690629692527,1141.168801201287,4707.321304955309,3566.152503754022,171.96949385106564,178.14059637021273,179.19535690452904,150.15275435871445,6.484805895746046,6.89528097635975,6.421260772998828,1787.5264037866143,1883.480739314109,1883.8465725071728,1787.5742514734156,1,
qwen,104,cap48_chunk2048_pollpm_mem0.75,48,2048,lpm,0.75,0,R_short_decode,0.8859904644077796,226.8135588883916,315.41260532916954,88.59904644077795,47.702627489343286,54.488585400395095,54.50167228933424,47.34163836110383,4.2339118078862334,4.239414570414844,4.233350816146269,1126.7349966801703,1134.131654840894,1135.2802715683356,1126.8460964784026,1,
qwen,104,cap48_chunk2048_pollpm_mem0.75,48,2048,lpm,0.75,0,shared_prefix,14.723494926387868,3769.2147011552943,37563.66151285939,33794.446811704096,403.2875264529139,3767.6644907100126,6638.268727641553,1124.125005066162,10.880736316389896,12.17500015079756,10.48410961263644,3501.2664173264056,6541.914204135537,8670.026254821569,3797.308244898886,1,
qwen,104,cap48_chunk2048_pollpm_mem0.75,48,2048,lpm,0.75,0,tool_agent,4.824951474262501,1000.2848148867304,14027.388423064398,13027.103608177667,205.66974533721805,583.2121658371758,693.5722650540981,242.19923649914563,13.769457917660477,191.23079725541172,42.67652187093753,843.2383364997804,6964.579839725045,9987.449939656068,2392.266568390187,1,
qwen,105,cap48_chunk2048_pollpm_mem0.8,48,2048,lpm,0.8,0,R_concurrent_decode,11.968467604495157,3063.92770675076,5457.621227649791,2393.6935208990312,155.55574838072062,158.00466409418732,163.1779520539567,154.3390130100306,9.81349247672102,9.816451670474136,9.819835142120333,2658.011552179232,2660.593683901243,2661.481557539664,2658.0903503199806,1,
qwen,105,cap48_chunk2048_pollpm_mem0.8,48,2048,lpm,0.8,0,R_long_prefill,7.657934612153428,245.0539075889097,30876.792356202623,30631.738448613716,212.75977580808103,313.8446395052597,322.94220806565136,212.99794875085357,9.717189654287312,12.973653690348709,9.717096315486536,514.2721398733556,514.8181717144325,514.8640294978395,514.2279345309362,1,
qwen,105,cap48_chunk2048_pollpm_mem0.8,48,2048,lpm,0.8,0,R_medium_balanced,4.26946841145092,1092.9839133314356,4508.558642492171,3415.574729160736,184.19043091125783,271.0387439001352,315.80273755826056,187.4687007511966,6.4737250827545045,7.346084835373011,6.583092409624335,1866.0745604429396,2029.4760335236788,2029.5648839324715,1866.157265205402,1,
qwen,105,cap48_chunk2048_pollpm_mem0.8,48,2048,lpm,0.8,0,R_short_decode,0.8777919600829791,224.71474178124265,312.4939377895405,87.77919600829792,50.76505895704031,54.24161925911904,54.52406950294972,51.117427996359766,4.258292651388283,4.265072247031711,4.260170310005253,1136.9384690187871,1141.2477428326383,1142.0130590023473,1137.4608570476994,1,
qwen,105,cap48_chunk2048_pollpm_mem0.8,48,2048,lpm,0.8,0,shared_prefix,14.65858045764445,3752.596597156979,37398.04695304488,33645.4503558879,563.0347719416022,3836.552784545347,3840.6596330320463,1212.7325049841602,10.30353479836063,11.274755008463911,10.094455887316292,3434.835912194103,6461.725862161256,6468.323762505315,3785.953244925622,1,
qwen,105,cap48_chunk2048_pollpm_mem0.8,48,2048,lpm,0.8,0,tool_agent,4.821467156365248,999.5624635218614,14017.258605014433,13017.69614149257,190.8650421537459,596.1324651027096,690.5867963703338,241.5264264936559,13.384843701755422,198.9491141866892,42.81440529563771,845.5404187552631,6995.86396422237,9922.744914111678,2385.6634714850225,1,
qwen,106,cap48_chunk2048_pollpm_mem0.85,48,2048,lpm,0.85,0,R_concurrent_decode,11.875937736765998,3040.2400606120955,5415.427607965296,2375.1875473531995,178.27676725573838,179.95859773363918,187.43196150753647,157.09638068801723,9.818396639699738,10.01607160759615,9.905057730245066,2682.237554108724,2685.2130979765207,2685.9575199801475,2682.5795026961714,1,
qwen,106,cap48_chunk2048_pollpm_mem0.85,48,2048,lpm,0.85,0,R_long_prefill,7.14255117302084,228.5616375366669,28798.766329620023,28570.20469208336,242.1784233301878,345.7153926603496,355.5149224214256,235.87902716826648,9.872269050608718,13.932739952278713,10.07449303212906,548.2187638990581,549.1384455701336,549.2188196955249,548.1883111642674,1,
qwen,106,cap48_chunk2048_pollpm_mem0.85,48,2048,lpm,0.85,0,R_medium_balanced,4.553266664143436,1165.6362660207196,4808.249597335469,3642.613331314749,128.83572932332754,148.90488679520786,149.01470369659364,124.86190674826504,6.4539454913899,6.720595091453516,6.372328305288272,1749.8990003950894,1832.7698009088635,1834.5848025754092,1749.8056245967746,1,
qwen,106,cap48_chunk2048_pollpm_mem0.85,48,2048,lpm,0.85,0,R_short_decode,0.8821072799127334,225.81946365765972,314.0301916489331,88.21072799127334,47.99651936627925,53.83145322557538,56.05340502690524,48.70648880023509,4.248635633392077,4.253858347679032,4.248396883599972,1131.5636488143357,1137.482509855181,1139.3726972676814,1132.0476941182278,1,
qwen,106,cap48_chunk2048_pollpm_mem0.85,48,2048,lpm,0.85,0,shared_prefix,14.74444696508094,3774.578423060721,37617.11589263849,33842.53746957777,399.46396299637854,3780.236792005599,6684.120900081471,1131.475738424342,11.014563247890155,12.222342727358871,10.480208987898465,3508.4595538210124,6590.261785360053,8650.976350833662,3803.670291956223,1,
qwen,106,cap48_chunk2048_pollpm_mem0.85,48,2048,lpm,0.85,0,tool_agent,4.828148287970023,1000.9475623205052,14036.682391683727,13035.734829363222,200.8289978839457,574.0877372212706,713.8965148432171,236.22566741658372,13.70393828089748,191.18902767077088,43.05826451437322,837.7327115740627,7019.615969853474,9915.292725055471,2384.2643991927616,1,
qwen,107,cap48_chunk2048_pollpm_mem0.9,48,2048,lpm,0.9,0,R_concurrent_decode,11.213684506209882,2870.7032335897297,5113.440134831706,2242.7369012419763,219.33856047689915,331.58736494369805,339.2246274277568,232.9374654800631,10.264638138423656,10.413637680421566,10.212544490837857,2836.9426373392344,2839.620491000824,2839.912904258817,2836.82960702572,1,
qwen,107,cap48_chunk2048_pollpm_mem0.9,48,2048,lpm,0.9,0,R_long_prefill,7.208211773517372,230.6627767525559,29063.509870822047,28832.84709406949,224.63914239779115,344.70210717990994,354.2788548953831,226.64448141586035,10.358210142341353,14.04062533195341,10.302021956792284,546.0287986788899,546.6537155676633,546.7117640469223,546.0071620764211,1,
qwen,107,cap48_chunk2048_pollpm_mem0.9,48,2048,lpm,0.9,0,R_medium_balanced,4.4944152215157,1150.5702967080192,4746.10247392058,3595.5321772125603,137.2451912611723,184.27157145924863,184.5079316291958,144.0981098858174,6.491515494189134,6.738980794234164,6.393486631385909,1774.275375995785,1844.4812537636608,1844.645893899724,1774.4372008892242,1,
qwen,107,cap48_chunk2048_pollpm_mem0.9,48,2048,lpm,0.9,0,R_short_decode,0.8820674789651171,225.80927461507,314.0160225115817,88.20674789651171,48.89835603535175,52.32783337123692,52.52650515176356,49.03074359754101,4.243714796087029,4.250608582926147,4.245396956627933,1131.2341501470655,1134.3339770566672,1134.535126676783,1131.606967537664,1,
qwen,107,cap48_chunk2048_pollpm_mem0.9,48,2048,lpm,0.9,0,shared_prefix,14.64831093622328,3749.96759967316,37371.84659582721,33621.87899615405,422.2515099681914,3784.821691620164,3790.245660631917,1152.011972735636,10.693937967367033,11.874567854364276,10.381723053413632,3443.858586251736,6510.627477592789,6517.740540876985,3799.0624635967833,1,
qwen,107,cap48_chunk2048_pollpm_mem0.9,48,2048,lpm,0.9,0,tool_agent,4.821955830996804,999.6637731031022,14018.679309223766,13019.015536120663,198.19003250449896,582.2460897499692,703.1182186165814,239.5330981723964,13.641612910266437,200.2775344066321,43.25181386503189,843.7308301217854,6977.012050454504,9948.058711849148,2382.116930577904,1,
qwen,108,cap48_chunk2048_polfcfs_mem0.75,48,2048,fcfs,0.75,0,R_concurrent_decode,11.868103720961065,3038.234552566032,5411.855296758245,2373.6207441922124,173.1160213239491,176.07717111241072,183.33913705777377,153.87585615098942,9.840674333128277,10.022580970316104,9.916311715388458,2682.136874878779,2685.42295973748,2686.086951815523,2682.2282888460904,1,
qwen,108,cap48_chunk2048_polfcfs_mem0.75,48,2048,fcfs,0.75,0,R_long_prefill,6.233426038992932,199.46963324777383,25133.173789219505,24933.70415597173,267.28654303587973,423.9764004247263,441.0187169024721,273.2893107458949,11.776235585491502,16.197249321867858,11.588912592419693,632.3498461861163,633.1208248389885,633.2294041803107,632.5456011109054,1,
qwen,108,cap48_chunk2048_polfcfs_mem0.75,48,2048,fcfs,0.75,0,R_medium_balanced,4.562929775988647,1168.1100226530937,4818.453843444011,3650.3438207909176,122.25406430661678,155.50057927612215,155.64599998760968,124.33141368092038,6.451735762404461,6.703947557538163,6.363660956084655,1746.7696645762771,1822.428568964824,1822.7366357576104,1747.0649574825077,1,
qwen,108,cap48_chunk2048_polfcfs_mem0.75,48,2048,fcfs,0.75,0,R_short_decode,0.8821933689933839,225.84150246230627,314.06083936164464,88.21933689933839,46.62991943769157,51.26707842573524,51.33343977853656,47.53655969398096,4.251968551098424,4.256867723009896,4.252973420764594,1131.3862544484437,1135.4922795435414,1135.5086526600644,1132.0447819889523,1,
qwen,108,cap48_chunk2048_polfcfs_mem0.75,48,2048,fcfs,0.75,0,shared_prefix,14.124369544018224,3615.838603268665,36035.12883908768,32419.29023581901,637.5305170658976,3930.521833989769,3931.428188965656,1340.629649876064,10.750970457981332,11.056620732643731,10.206032471497611,3376.14252185449,6737.452618707903,6751.586863212287,3942.8752483363496,1,
qwen,108,cap48_chunk2048_polfcfs_mem0.75,48,2048,fcfs,0.75,0,tool_agent,4.832123810955694,1001.7717478682796,14048.24027063905,13046.46852277077,201.33995241485536,649.772269767709,729.9826256418594,268.35499056149274,12.38898143760468,135.9071226790547,30.906634498154716,829.3241462670267,6995.656408765351,9820.331376511598,2363.885953214485,1,
qwen,109,cap48_chunk2048_polfcfs_mem0.8,48,2048,fcfs,0.8,0,R_concurrent_decode,11.894200112693763,3044.915228849604,5423.7552513883575,2378.840022538753,153.94593449309468,177.74376154411584,185.340520166792,152.74430582940113,9.902823153043204,10.00394753700889,9.90683878677262,2678.237134590745,2681.643479270861,2682.2654662048444,2678.681962599512,1,
qwen,109,cap48_chunk2048_polfcfs_mem0.8,48,2048,fcfs,0.8,0,R_long_prefill,7.2048509652942005,230.5552308894144,29049.95909206622,28819.403861176805,253.0459715053439,344.089415948838,351.7807929031551,240.75775896199048,9.364389115944505,13.67226549379167,9.760741320919363,543.3420340996236,544.0628347219899,544.1364408517256,543.3407399104908,1,
qwen,109,cap48_chunk2048_polfcfs_mem0.8,48,2048,fcfs,0.8,0,R_medium_balanced,4.502466922311006,1152.6315321116176,4754.605069960423,3601.973537848805,139.61648102849722,177.54120752215383,177.6107583194971,140.79076048801653,6.488107455273469,6.741184147312215,6.393833026203199,1771.2104646489024,1845.9123036591336,1846.4670289075,1771.2181821698323,1,
qwen,109,cap48_chunk2048_polfcfs_mem0.8,48,2048,fcfs,0.8,0,R_short_decode,0.8802084080828776,225.33335246921663,313.3541932775044,88.02084080828776,47.64620028436184,50.95962549094111,51.04951471555978,47.113450011238456,4.261247218385631,4.267986054970499,4.262674732051571,1134.4708814285696,1138.305169926025,1138.781614121981,1134.095506684389,1,
qwen,109,cap48_chunk2048_polfcfs_mem0.8,48,2048,fcfs,0.8,0,shared_prefix,14.784832207330089,3784.917045076503,37720.14968845575,33935.23264337925,473.212871234864,3698.139085783623,3712.484690849669,1133.2427292654756,10.51220369397425,11.910078813431456,10.266634617006794,3437.481203349307,6378.864730615169,6393.378273081034,3750.942471906456,1,
qwen,109,cap48_chunk2048_polfcfs_mem0.8,48,2048,fcfs,0.8,0,tool_agent,4.840906951147373,1003.5926245771176,14073.775142792712,13070.182518215595,209.2916020192206,656.0588012449442,740.5418952740722,271.5019370755181,12.304886660630793,137.8938158974051,31.094764932181995,840.9070551861078,7001.005952246484,9879.448647960084,2380.113363724668,1,
qwen,110,cap48_chunk2048_polfcfs_mem0.85,48,2048,fcfs,0.85,0,R_concurrent_decode,11.890565269085409,3043.984708885864,5422.097762702945,2378.113053817081,173.57003572396934,174.38201301265508,181.59976573195308,152.48759266978595,9.821339755081665,10.013808753962318,9.904076369999572,2677.4680940434337,2680.801983829588,2680.976063986309,2677.7204495156184,1,
qwen,110,cap48_chunk2048_polfcfs_mem0.85,48,2048,fcfs,0.85,0,R_long_prefill,7.190520551570365,230.09665765025167,28992.17886393171,28762.08220628146,262.8766221459955,342.9198161466047,348.9771367749199,247.24265560507772,8.97280891395865,13.305489613764708,9.48610758003328,541.1489822436124,542.1481199329719,542.2540320409462,541.3119905861095,1,
qwen,110,cap48_chunk2048_polfcfs_mem0.85,48,2048,fcfs,0.85,0,R_medium_balanced,4.523958030796959,1158.1332558840215,4777.299680521589,3619.166424637568,142.4806045833975,162.92730486020446,163.15583465620875,137.6187933201436,6.460201064599495,6.722515072290074,6.3744760304461145,1762.8429096657785,1845.981558552012,1846.1532987188548,1763.1101810839027,1,
qwen,110,cap48_chunk2048_polfcfs_mem0.85,48,2048,fcfs,0.85,0,R_short_decode,0.8870116320895522,227.07497781492535,315.7761410238806,88.70116320895522,48.43602958135307,50.08385214023292,50.27726418338716,48.40207134839147,4.225611584443672,4.230931644674902,4.225896272178301,1126.1062962003052,1127.785113779828,1127.9129306133837,1126.0056207538582,1,
qwen,110,cap48_chunk2048_polfcfs_mem0.85,48,2048,fcfs,0.85,0,shared_prefix,14.945440147440271,3826.03267774471,38129.90445991045,34303.87178216574,501.9467989914119,3683.728032256476,3697.5427114823833,1161.0884824876848,10.244379255591944,11.09561298626895,9.995767545070008,3325.0122310128063,6294.935796526261,6309.090622705407,3709.0759559941935,1,
qwen,110,cap48_chunk2048_polfcfs_mem0.85,48,2048,fcfs,0.85,0,tool_agent,4.827948709744471,1000.9061867606752,14036.102165891713,13035.195979131038,214.52883863821623,690.6299674650652,730.7447254005813,276.98689648648724,12.39591680074993,137.00738055631513,31.260884482227794,829.7881360631436,7050.492495344951,9913.991762185464,2383.8223315170035,1,
qwen,111,cap48_chunk2048_polfcfs_mem0.9,48,2048,fcfs,0.9,0,R_concurrent_decode,11.727388429765597,3002.211438019993,5347.689123973112,2345.47768595312,152.30579860508442,205.3052534814924,212.65947714447972,162.73241939779837,10.032701960710042,10.16859198956951,9.99333835604256,2710.6980294920504,2713.2742910878733,2714.1951770614837,2710.726896431879,1,
qwen,111,cap48_chunk2048_polfcfs_mem0.9,48,2048,fcfs,0.9,0,R_long_prefill,7.587361474117376,242.79556717175603,30592.24146364126,30349.445896469504,221.18568257428703,317.18563528265804,325.5832494376227,219.5014130556956,9.538876854123608,12.847020725659544,9.596988472396568,516.8908650521189,517.716855998151,517.7854816010222,517.0080556999892,1,
qwen,111,cap48_chunk2048_polfcfs_mem0.9,48,2048,fcfs,0.9,0,R_medium_balanced,4.496848112189844,1151.1931167206,4748.671606472475,3597.4784897518757,139.98108264058828,166.24847729690373,166.33135140873492,136.97246462106705,6.467682728543878,6.87067388264718,6.416348371695837,1773.4420832712203,1861.7589480709285,1861.8037638720125,1773.1412994035054,1,
qwen,111,cap48_chunk2048_polfcfs_mem0.9,48,2048,fcfs,0.9,0,R_short_decode,0.882660915562483,225.9611943839957,314.227285940244,88.2660915562483,50.60503748245537,52.58787740021944,52.702393643558025,50.202467769850045,4.239022709867534,4.244315208520229,4.239470148732996,1131.888529052958,1134.3206618214026,1134.5709920721129,1131.2673556967638,1,
qwen,111,cap48_chunk2048_polfcfs_mem0.9,48,2048,fcfs,0.9,0,shared_prefix,14.882886012222402,3810.018819128935,37970.31175632331,34160.292937194376,454.88067460246384,3668.366099800914,3683.110731979832,1113.089166585269,10.470173048658989,11.969052403252206,10.256458641162617,3427.4608169216663,6336.917010508478,6352.453323001973,3727.372528857813,1,
qwen,111,cap48_chunk2048_polfcfs_mem0.9,48,2048,fcfs,0.9,0,tool_agent,4.833377514043125,1002.0316593238504,14051.885111477017,13049.853452153164,213.32277334295213,684.3479292932898,750.1730817975471,286.31224730983377,12.2973415315023,133.199162222445,30.71847192350159,849.2622936610132,6969.657901325261,9884.263249482025,2382.6878239633515,1,
qwen,112,cap48_chunk8192_pollpm_mem0.75,48,8192,lpm,0.75,0,R_concurrent_decode,11.833993916685316,3029.5024426714413,5396.301226008505,2366.7987833370635,190.9850724041462,193.56217894237489,195.86133270990103,188.83126336731948,9.796457468331152,9.806384308666198,9.806955605550078,2688.840894261375,2692.3161792801693,2692.538223299198,2689.298223485821,1,
qwen,112,cap48_chunk8192_pollpm_mem0.75,48,8192,lpm,0.75,0,R_long_prefill,8.984110856664419,287.4915474132614,36223.93497407094,35936.44342665768,232.5250206049532,244.15147302206609,245.75498178135604,201.17701205890623,6.580017544629593,10.420131590968415,7.601038909577314,436.79850781336427,437.4198980629444,437.4953454732895,436.809218255803,1,
qwen,112,cap48_chunk8192_pollpm_mem0.75,48,8192,lpm,0.75,0,R_medium_balanced,4.562380629035982,1167.9694410332113,4817.873944261996,3649.9045032287854,132.763069588691,139.19784990139306,139.42193225957453,131.63012184668332,6.382909211713601,6.705636010213079,6.337327735073974,1747.6336094550788,1841.343195992522,1841.738287336193,1747.6486942905467,1,
qwen,112,cap48_chunk8192_pollpm_mem0.75,48,8192,lpm,0.75,0,R_short_decode,0.8833909449283464,226.14808190165667,314.48717639449126,88.33909449283463,48.228002386167645,50.52350587211549,50.56528362445533,47.19492141157389,4.2467956796434585,4.253874548126523,4.247560175181385,1130.9610221069306,1134.2834892682731,1134.9159949831665,1130.322766082827,1,
qwen,112,cap48_chunk8192_pollpm_mem0.75,48,8192,lpm,0.75,0,shared_prefix,14.65633801850693,3752.022532737774,37392.32587763811,33640.30334490034,515.029777539894,3827.0650474587455,3830.449716267176,1216.4187810012663,10.327576292569148,11.530359215742234,10.083962373023343,3448.087946046144,6459.170402563177,6462.856570594013,3787.219401285256,1,
qwen,112,cap48_chunk8192_pollpm_mem0.75,48,8192,lpm,0.75,0,tool_agent,4.828785766153473,1001.0797211101072,14038.535706507346,13037.45598539724,201.5933895017952,618.2203551754355,690.1582342665642,256.24180478043854,12.227773542598456,119.98502723872662,28.22467371733441,716.8050466571003,6696.450592949984,9665.891477065155,2287.834877287969,1,
qwen,113,cap48_chunk8192_pollpm_mem0.8,48,8192,lpm,0.8,0,R_concurrent_decode,11.721674394516532,3000.7486449962325,5345.083523899539,2344.3348789033066,231.29957495257256,233.67776446975768,234.1315051726997,228.0674427311169,9.763111113790629,9.765563033315845,9.775472574169966,2711.507318308577,2714.2565103713423,2714.818599927239,2711.355090519646,1,
qwen,113,cap48_chunk8192_pollpm_mem0.8,48,8192,lpm,0.8,0,R_long_prefill,8.057604102141537,257.8433312685292,32488.25973983468,32230.41640856615,250.4953269381076,289.515653019771,295.0063082110137,229.05821551103145,7.627689940554481,11.263084866767448,8.32416376309289,486.9537150952965,487.7444528741762,487.850850909017,487.1072921669111,1,
qwen,113,cap48_chunk8192_pollpm_mem0.8,48,8192,lpm,0.8,0,R_medium_balanced,4.621173150425836,1183.020326509014,4879.958846849682,3696.9385203406687,107.86826023831964,126.10801018308848,126.21131183113904,113.90137588023208,6.376755614673682,6.677107539429676,6.322288183340182,1726.0896537918595,1808.189313160256,1808.610306540504,1726.0848626319785,1,
qwen,113,cap48_chunk8192_pollpm_mem0.8,48,8192,lpm,0.8,0,R_short_decode,0.8795909986667522,225.17529565868853,313.13439552536374,87.95909986667522,47.30929061770439,52.30850733350962,52.99983175005764,48.52495947852731,4.260304492587845,4.265143401628616,4.260183311085783,1134.2840236611664,1137.5681494828314,1137.7592667471615,1134.871703805402,1,
qwen,113,cap48_chunk8192_pollpm_mem0.8,48,8192,lpm,0.8,0,shared_prefix,14.628602170424935,3744.922155628784,37321.56414515999,33576.6419895312,552.683369955048,3838.0451274104416,3841.3943335972726,1223.2547249877823,10.362304381880106,11.41880410065984,10.089574601274604,3457.087657181546,6479.704556148499,6481.736969132908,3795.319412678509,1,
qwen,113,cap48_chunk8192_pollpm_mem0.8,48,8192,lpm,0.8,0,tool_agent,4.832669060913183,1001.8847863632166,14049.82545403046,13047.940667667244,207.65838352963328,618.1521406862885,717.3258507950231,264.08199914498255,12.12896241981914,122.36861065030098,27.917007289492293,736.6715548560023,6778.049822151659,9710.556139606046,2294.5829810528085,1,
qwen,114,cap48_chunk8192_pollpm_mem0.85,48,8192,lpm,0.85,0,R_concurrent_decode,12.053360853709034,3085.6603785495126,5496.332549291319,2410.672170741807,139.18392756022513,141.77554086782038,145.01369152218103,138.1381699902704,9.79796975358006,9.8047229375102,9.80401648450914,2637.6583804376423,2640.150119154714,2640.9534648340195,2637.855816908996,1,
qwen,114,cap48_chunk8192_pollpm_mem0.85,48,8192,lpm,0.85,0,R_long_prefill,8.839083873286535,282.8506839451691,35639.18617709131,35356.335493146136,234.90517446771264,250.40384328458455,252.5472960295156,206.75432321149856,6.718304533992082,10.317333484248769,7.63079768512398,443.3384956791997,443.6065698042512,443.63224793225527,443.30905145034194,1,
qwen,114,cap48_chunk8192_pollpm_mem0.85,48,8192,lpm,0.85,0,R_medium_balanced,4.593996935896498,1176.0632155895034,4851.260764306702,3675.1975487171994,125.4364859778434,126.17743550799788,126.28230708651245,121.2752987339627,6.371977192112336,6.704393853250818,6.329523194261699,1735.063724918291,1826.2624791823328,1826.448470260948,1735.303713270696,1,
qwen,114,cap48_chunk8192_pollpm_mem0.85,48,8192,lpm,0.85,0,R_short_decode,0.8873204058280956,227.15402389199247,315.886064474802,88.73204058280956,46.28394404426217,48.55694032739848,48.687760843895376,46.06042889645323,4.2323235942817785,4.238342232271736,4.232922463686954,1125.7114883046595,1128.7508546374738,1129.0238342247903,1125.4556571366263,1,
qwen,114,cap48_chunk8192_pollpm_mem0.85,48,8192,lpm,0.85,0,shared_prefix,14.747514851411935,3775.363801961456,37624.94290954403,33849.57910758258,471.66808042675257,3771.410209638998,3773.3716041361913,1184.1592990131176,10.316577702578083,11.595424744209238,10.104671282025198,3408.755532000214,6402.067670901306,6402.768786735833,3759.915027680108,1,
qwen,114,cap48_chunk8192_pollpm_mem0.85,48,8192,lpm,0.85,0,tool_agent,4.841639850750456,1003.7445656583308,14075.90587249277,13072.16130683444,229.0230775251985,531.0107359662634,699.0779846766964,263.3421611250378,12.059044942006112,118.48327904008327,28.48187897481901,726.5837544109672,6694.084774632936,9797.598174698647,2269.7355070873164,1,
qwen,115,cap48_chunk8192_pollpm_mem0.9,48,8192,lpm,0.9,0,R_concurrent_decode,11.767294145846432,3012.427301336687,5365.886130505974,2353.4588291692867,202.98582734540105,205.4059321759269,207.2732504690066,200.483388005523,9.807279249470607,9.816330752292856,9.818034638976965,2703.7309205625206,2706.3309386838228,2706.664424315095,2703.7751972820843,1,
qwen,115,cap48_chunk8192_pollpm_mem0.9,48,8192,lpm,0.9,0,R_long_prefill,8.763436088001969,280.429954816063,35334.17430682394,35053.744352007874,239.77055307477715,254.7540944768116,256.831021620892,210.06474690511823,6.697250192143743,10.468450374901291,7.666702138169879,447.5948610343039,448.37209791876376,448.4723426867277,447.7325131883845,1,
qwen,115,cap48_chunk8192_pollpm_mem0.9,48,8192,lpm,0.9,0,R_medium_balanced,4.596511288362117,1176.706889820702,4853.915920510396,3677.209030689694,123.45871794968843,125.33402617555112,125.53996031638236,119.66583764296956,6.3732708329517465,6.705972005375752,6.327871396548717,1733.202502131462,1824.2315634852275,1824.4405911071224,1733.2730437628925,1,
qwen,115,cap48_chunk8192_pollpm_mem0.9,48,8192,lpm,0.9,0,R_short_decode,0.8830145247804349,226.0517183437913,314.3531708218348,88.30145247804349,49.880654318258166,52.27778407279402,52.55434312392026,49.186165793798864,4.241207474842668,4.245630808485051,4.241167196967439,1130.5269938893616,1134.142829827033,1134.5435721380636,1130.6838010204956,1,
qwen,115,cap48_chunk8192_pollpm_mem0.9,48,8192,lpm,0.9,0,shared_prefix,14.727772052180931,3770.3096453583184,37574.57363028408,33804.263984925754,482.3503082152456,3757.308863475919,3759.0616503730416,1177.917391043593,10.356170012086046,11.503919484824236,10.135408653622813,3407.748310593888,6396.135076810606,6397.035052082501,3761.589240719331,1,
qwen,115,cap48_chunk8192_pollpm_mem0.9,48,8192,lpm,0.9,0,tool_agent,4.839209035947376,1003.2406212874304,14068.83886184837,13065.59824056094,207.59416627697647,587.0362153742454,696.495929453522,251.33806142024696,12.144503225995734,121.342348260805,28.835356535225948,721.9789659138769,6756.619353266432,9657.28662771638,2274.753599218093,1,
qwen,116,cap48_chunk8192_polfcfs_mem0.75,48,8192,fcfs,0.75,0,R_concurrent_decode,12.00619580888355,3073.586127074189,5474.8252888509,2401.2391617767103,152.20533148385584,154.69679154921323,157.34217907767743,150.85723013908137,9.8014169920455,9.812544098668004,9.80949141325815,2652.11647329852,2654.663638840429,2655.0869348132983,2651.9706653925823,1,
qwen,116,cap48_chunk8192_polfcfs_mem0.75,48,8192,fcfs,0.75,0,R_long_prefill,8.873442197125312,283.95015030801,35777.71893880926,35493.76878850125,209.1794284060597,243.45933753065765,248.27808461152017,192.6171095110476,7.421984690271558,10.368190974658052,7.963564430904244,439.3665422685445,440.0456904433668,440.1291426829994,439.4876068690792,1,
qwen,116,cap48_chunk8192_polfcfs_mem0.75,48,8192,fcfs,0.75,0,R_medium_balanced,4.58891908036739,1174.7632845740518,4845.898548867964,3671.135264293912,125.33068098127842,128.5680792061612,128.62492387648672,122.4996895471122,6.369721748884402,6.698630892160331,6.326580654793218,1735.5992076918485,1824.9049244914204,1825.0927422661332,1735.7777565193828,1,
qwen,116,cap48_chunk8192_polfcfs_mem0.75,48,8192,fcfs,0.75,0,R_short_decode,0.8798417613130979,225.23949089615303,313.22366702746285,87.98417613130978,51.34812276810408,64.25289446488023,67.42695013061166,53.55741630773991,4.244478890562759,4.2528515401314575,4.240737245726918,1134.4980420544744,1137.4954249244183,1137.657297840342,1134.419811773114,1,
qwen,116,cap48_chunk8192_polfcfs_mem0.75,48,8192,fcfs,0.75,0,shared_prefix,14.791396739974646,3786.597565433509,37736.897606221406,33950.3000407879,659.0294670313597,3738.904460216872,3752.002919255756,1158.264821617195,10.423087012753182,12.178705022852942,10.18525727940793,3498.3765922952443,6395.401455159299,6409.258730867878,3754.477546954149,1,
qwen,116,cap48_chunk8192_polfcfs_mem0.75,48,8192,fcfs,0.75,0,tool_agent,4.83426739643344,1002.2161452915984,14054.472230955082,13052.256085663485,214.89796927198768,600.8430987596503,693.7677500536665,275.61253691557795,11.528097865201772,99.3183184415102,23.63425951852833,719.7356985416263,6708.190836245193,9405.558105586091,2263.436498765368,1,
qwen,117,cap48_chunk8192_polfcfs_mem0.8,48,8192,fcfs,0.8,0,R_concurrent_decode,12.049445373780973,3084.6580156879286,5494.547090444123,2409.889074756194,144.69032711349428,146.87611060217023,147.1563173038885,143.4803081501741,9.801314221512452,9.816407150647452,9.804390669292838,2643.2530721649528,2646.5957399224862,2646.930110026151,2643.2926556735765,1,
qwen,117,cap48_chunk8192_polfcfs_mem0.8,48,8192,fcfs,0.8,0,R_long_prefill,7.458311243055247,238.6659597777679,30071.910931998755,29833.244972220986,295.8243857137859,338.79676717333496,338.8207735028118,260.8209449099377,7.439173630348618,12.692976972058172,8.577257871717936,526.518622180447,527.3233894025907,527.4366281880066,526.7159389331937,1,
qwen,117,cap48_chunk8192_polfcfs_mem0.8,48,8192,fcfs,0.8,0,R_medium_balanced,4.6168049056298015,1181.9020558412292,4875.345980345071,3693.4439245038416,108.6919349618256,122.86637700162828,122.8962596040219,112.59941518073902,6.371705516186708,6.6778598814362695,6.322431336978779,1724.5807526633143,1808.219824684784,1808.5398820694536,1724.8194061103277,1,
qwen,117,cap48_chunk8192_polfcfs_mem0.8,48,8192,fcfs,0.8,0,R_short_decode,0.8826284215078035,225.9528759059977,314.2157180567781,88.26284215078036,47.43434931151569,55.20586492493748,57.82909804955125,48.33660216536373,4.2451497861275485,4.249479955646629,4.245282107434583,1129.9269490409642,1137.0313393417746,1138.9987145084888,1130.8835395611825,1,
qwen,117,cap48_chunk8192_polfcfs_mem0.8,48,8192,fcfs,0.8,0,shared_prefix,14.468313638403547,3703.888291431308,36912.62427107795,33208.73597964664,545.4484345391393,3865.952101768925,3877.4508071457967,1238.6031267233193,10.437447176880989,11.599867907078828,10.183096405611408,3494.1255224402994,6527.193761873059,6538.962851013057,3834.917974993005,1,
qwen,117,cap48_chunk8192_polfcfs_mem0.8,48,8192,fcfs,0.8,0,tool_agent,4.828214212870805,1000.961229541311,14036.874052510777,13035.912822969469,241.47514859214425,651.3169795973226,947.7776303514838,289.76409784751013,11.575839126247391,83.87783518992364,24.57360595780407,720.0461647007614,6759.733858029358,9729.979020440946,2313.0476952553727,1,
qwen,118,cap48_chunk8192_polfcfs_mem0.85,48,8192,fcfs,0.85,0,R_concurrent_decode,11.947827399676376,3058.643814317152,5448.209294252428,2389.565479935275,151.00290020927787,153.43914201948792,159.13141156546772,149.72033168305643,9.845310475165938,9.85215617352914,9.8539863472086,2661.9497078936547,2664.966849074699,2665.8477085875347,2662.179351391387,1,
qwen,118,cap48_chunk8192_polfcfs_mem0.85,48,8192,fcfs,0.85,0,R_long_prefill,7.542642193103051,241.3645501792976,30411.9333225915,30170.5687724122,285.3305442258716,329.45417701266706,329.4857172202319,250.81416370812804,7.507784389740518,12.735565426579166,8.623086058744981,518.2032778393477,518.6537459027022,518.7013348843902,518.1298315292224,1,
qwen,118,cap48_chunk8192_polfcfs_mem0.85,48,8192,fcfs,0.85,0,R_medium_balanced,4.625413793816405,1184.1059312169996,4884.436966270123,3700.331035053124,104.35053007677196,127.77917261701076,127.7844719355926,112.8934726002626,6.362396625655831,6.676205139899371,6.316192897365374,1723.3245447278025,1803.1627336749807,1803.603078913875,1723.522661428433,1,
qwen,118,cap48_chunk8192_polfcfs_mem0.85,48,8192,fcfs,0.85,0,R_short_decode,0.8825506118174102,225.93295662525705,314.18801780699806,88.25506118174103,51.99759197421372,58.47091940231621,58.85903195478022,52.89186473237351,4.227787321068201,4.234180369450912,4.228855097693775,1130.953166866675,1136.2897566054016,1136.6339679528028,1131.249914644286,1,
qwen,118,cap48_chunk8192_polfcfs_mem0.85,48,8192,fcfs,0.85,0,shared_prefix,14.553773110078234,3725.765916180028,37130.65475114437,33404.88883496433,534.8453507758677,3848.7469058716665,3864.3121108366176,1224.871202961367,10.361996847296172,11.609656647779047,10.151280683255898,3487.9386769607663,6491.119206440635,6506.7924733273685,3812.911133558373,1,
qwen,118,cap48_chunk8192_polfcfs_mem0.85,48,8192,fcfs,0.85,0,tool_agent,4.830234101051397,1001.3799826594704,14042.746392622685,13041.366409963211,203.24555085971951,602.46276804246,687.4541215412319,274.48871864471585,11.438539229691369,101.18449246510863,23.258752726571693,713.9651817269623,6705.497926520182,9451.368841272772,2272.794680397492,1,
qwen,119,cap48_chunk8192_polfcfs_mem0.9,48,8192,fcfs,0.9,0,R_concurrent_decode,11.663163920374387,2985.769963615843,5318.40274769072,2332.6327840748777,229.6276928391308,232.19112574588507,234.3974088365212,227.0038434362505,9.803243622402936,9.810187578238247,9.81437486343795,2729.00427156128,2732.393785449676,2733.489713286981,2729.362696831231,1,
qwen,119,cap48_chunk8192_polfcfs_mem0.9,48,8192,fcfs,0.9,0,R_long_prefill,8.715570092682505,278.8982429658401,35141.178613695854,34862.28037073002,208.9441663119942,245.47876694705337,250.60087237041444,192.7633690647781,7.562033899669204,10.6832321402767,8.125737482201188,443.3672172017396,448.6509575508535,449.35997938737273,444.6612310130149,1,
qwen,119,cap48_chunk8192_polfcfs_mem0.9,48,8192,fcfs,0.9,0,R_medium_balanced,4.585745607327413,1173.9508754758178,4842.547361337748,3668.5964858619295,129.15428495034575,131.66982168331742,131.7757778801024,125.9050062217284,6.369074203950518,6.7036685689042015,6.326229867580183,1738.9044514857233,1832.1796744130552,1832.5315969996157,1739.093622454675,1,
qwen,119,cap48_chunk8192_polfcfs_mem0.9,48,8192,fcfs,0.9,0,R_short_decode,0.8835012636505466,226.17632349453996,314.5264498595945,88.35012636505465,48.26929443515837,50.65773099195212,51.03865162935108,48.134663433302194,4.241149940107968,4.248019030098529,4.242306163616697,1130.365060409531,1131.2317182309926,1131.2496540136635,1129.92273515556,1,
qwen,119,cap48_chunk8192_polfcfs_mem0.9,48,8192,fcfs,0.9,0,shared_prefix,14.704329790844836,3764.308426456278,37514.76601162236,33750.457585166085,498.458324931562,3787.364650936797,3801.322933123447,1175.752317350998,10.327990424326238,12.184425525403782,10.18803239366569,3509.161073016003,6420.360262366012,6434.925831905566,3772.5983101699967,1,
qwen,119,cap48_chunk8192_polfcfs_mem0.9,48,8192,fcfs,0.9,0,tool_agent,4.833656400053821,1002.0894765771578,14052.69590562047,13050.606429043311,221.8899973668158,626.4066460775198,711.2159705068916,279.26946037681773,11.48586268850284,83.6990918032825,23.53441133504373,726.2444898951799,6687.154964869839,9501.906643304968,2275.105407047085,1,
qwen,120,cap64_chunk-1_pollpm_mem0.75,64,-1,lpm,0.75,0,R_concurrent_decode,12.144081493336598,3108.884862294169,5537.701160961489,2428.81629866732,119.18365978635848,121.25677121803164,124.66564183589072,118.76656238746364,9.80335748845748,9.813097284978662,9.806949555871824,2619.5321234408766,2622.065982501954,2623.143004733138,2619.231860662694,1,
qwen,120,cap64_chunk-1_pollpm_mem0.75,64,-1,lpm,0.75,0,R_long_prefill,8.982664893326623,287.44527658645194,36218.10484989295,35930.65957330649,247.3961021751165,247.8678171988577,247.91746924631295,212.8586429171264,6.097736114996575,9.917859358322474,7.220999255115466,436.7352104745805,437.0487347478047,437.0610284851864,436.7096198257059,1,
qwen,120,cap64_chunk-1_pollpm_mem0.75,64,-1,lpm,0.75,0,R_medium_balanced,4.530676606129788,1159.8532111692257,4784.394496073056,3624.541284903831,147.11473952047527,154.39876017626375,154.59325916599482,144.24674762994982,6.394170904897299,6.714132219991264,6.329706343411304,1758.6879862938076,1853.385467780754,1853.7226823624223,1758.3218651998322,1,
qwen,120,cap64_chunk-1_pollpm_mem0.75,64,-1,lpm,0.75,0,R_short_decode,0.8756703554055979,224.17161098383303,311.73864652439283,87.56703554055979,48.616352025419474,52.75902315042913,52.80427592806518,48.79346047528088,4.2347485391313535,4.467765654382459,4.280424959428023,1130.2653583697977,1187.878193659708,1208.583221277222,1140.301825129427,1,
qwen,120,cap64_chunk-1_pollpm_mem0.75,64,-1,lpm,0.75,0,shared_prefix,16.72549072940341,4281.725626727273,42671.300227079424,38389.57460035215,575.5887308623642,849.1770555730909,849.9478478915989,625.4347970971139,12.241655931461093,13.694472119266935,12.482354546894884,3795.6235385499895,3991.254566819407,3993.622020590119,3808.058960472408,1,
qwen,120,cap64_chunk-1_pollpm_mem0.75,64,-1,lpm,0.75,0,tool_agent,4.8340531294864775,1002.1717245394892,14053.849301230855,13051.677576691369,277.91728312149644,532.7931509586051,677.2192589147015,291.7548351502046,11.481012510894626,55.48820104449983,20.076292358255586,711.7165736854076,6758.436769363468,9646.28455894533,2277.041731672361,1,
qwen,121,cap64_chunk-1_pollpm_mem0.8,64,-1,lpm,0.8,0,R_concurrent_decode,12.106431369489558,3099.246430589327,5520.532704487238,2421.2862738979115,128.53028695099056,130.85829177871346,133.74573672190309,128.32609329780098,9.799335060604646,9.808339466340408,9.802206268517295,2627.7136120479554,2629.884871374816,2630.679915845394,2627.581933120382,1,
qwen,121,cap64_chunk-1_pollpm_mem0.8,64,-1,lpm,0.8,0,R_long_prefill,7.569801129719907,242.23363615103705,30521.438155030664,30279.204518879626,249.39169897697863,318.6654903925956,328.4196166135371,233.84451877791437,8.716534432624616,12.681135336207523,9.22290461828872,519.6442224550992,520.4273095121607,520.4898619232699,519.7545619448647,1,
qwen,121,cap64_chunk-1_pollpm_mem0.8,64,-1,lpm,0.8,0,R_medium_balanced,4.544289190769747,1163.3380328370552,4798.7693854528525,3635.4313526157976,139.36234544962645,152.36311894841492,152.41883569397032,141.30966569064185,6.402664860783547,6.688297782823735,6.328029090803408,1754.637998295948,1839.72683432512,1840.0908363517372,1754.957083845511,1,
qwen,121,cap64_chunk-1_pollpm_mem0.8,64,-1,lpm,0.8,0,R_short_decode,0.8821252217674046,225.8240567724556,314.03657894919604,88.21252217674046,50.51740165799856,52.08050590008497,52.30554182082415,49.76166528649628,4.243186403832892,4.251615150521199,4.244721863035332,1132.0463649462909,1135.4593697702512,1135.5286573572084,1132.165740360506,1,
qwen,121,cap64_chunk-1_pollpm_mem0.8,64,-1,lpm,0.8,0,shared_prefix,16.594278149643767,4248.135206308804,42336.54105767279,38088.40585136398,542.1784478239715,939.6217853063716,942.937153596431,652.8872654016595,12.220019034325118,13.926495707721688,12.49234853970203,3827.3392994888127,4079.9025177257136,4081.342442138121,3838.059805220837,1,
qwen,121,cap64_chunk-1_pollpm_mem0.8,64,-1,lpm,0.8,0,tool_agent,4.837376636971511,1002.8607374937488,14063.511601601796,13060.650864108047,234.92986941710117,594.222396123223,687.3472532397136,286.8494303082116,11.31424803213127,76.48003729991615,21.63925954424773,703.8108131382614,6713.687367993406,9548.74429367482,2260.908991249744,1,
qwen,122,cap64_chunk-1_pollpm_mem0.85,64,-1,lpm,0.85,0,R_concurrent_decode,11.82045254931695,3026.03585262514,5390.12636248853,2364.09050986339,199.1867299657315,201.24382057692856,203.04805368650705,196.5342754556332,9.786533189060933,9.79386251491785,9.796272170411417,2694.427354261279,2696.6808760538697,2697.081951070577,2694.2774151975755,1,
qwen,122,cap64_chunk-1_pollpm_mem0.85,64,-1,lpm,0.85,0,R_long_prefill,7.994568841322317,255.8262029223141,32234.10156821158,31978.275365289268,252.8800864238292,288.681388925761,293.70718432590365,230.91463628225029,7.511491301439463,11.108587213581608,8.226589908102348,485.78638257458806,486.8230325868353,486.90826799254864,485.93892343342304,1,
qwen,122,cap64_chunk-1_pollpm_mem0.85,64,-1,lpm,0.85,0,R_medium_balanced,4.596146393138267,1176.6134766433963,4853.53059115401,3676.917114510613,114.77021989412606,129.41952014807612,129.591268976219,119.27855512476526,6.364919913603979,6.671079178340733,6.319987288146627,1730.7958588935437,1813.6173033853995,1813.954900461249,1730.875313602155,1,
qwen,122,cap64_chunk-1_pollpm_mem0.85,64,-1,lpm,0.85,0,R_short_decode,0.8827224119889215,225.97693746916391,314.24917866805606,88.27224119889216,50.14769057743251,54.08359495922923,54.206466283649206,50.67711404990405,4.236333796243166,4.244236803211857,4.2378017016887375,1131.1827530153096,1134.019603021443,1134.2636032029986,1131.316547980532,1,
qwen,122,cap64_chunk-1_pollpm_mem0.85,64,-1,lpm,0.85,0,shared_prefix,16.582156237067064,4245.031996689168,42305.61474410416,38060.582747414985,578.5259492695332,903.352625342086,904.9438346689568,644.557672461815,12.303643084733803,13.67850339094944,12.522988099027044,3818.7024279031903,4047.133053513244,4048.730417611077,3837.543437857676,1,
qwen,122,cap64_chunk-1_pollpm_mem0.85,64,-1,lpm,0.85,0,tool_agent,4.82563379618456,1000.426270456002,14029.372110295524,13028.945839839522,228.69115904904905,587.0816822163761,672.0935206860304,281.3857738976367,11.395106790587306,85.7695570215582,22.052481786481223,697.9321625549346,6710.447921417653,9540.626828763629,2266.4119797945023,1,
qwen,123,cap64_chunk-1_pollpm_mem0.9,64,-1,lpm,0.9,0,R_concurrent_decode,11.552433067965392,2957.4228653991404,5267.909478992218,2310.4866135930783,259.6730054356158,261.8116322439164,264.2724825674668,257.1406383358408,9.79506389201418,9.804671725232852,9.806125284407214,2757.5460120569915,2759.5494623761624,2760.153080429882,2757.3959005094366,1,
qwen,123,cap64_chunk-1_pollpm_mem0.9,64,-1,lpm,0.9,0,R_long_prefill,8.268927396694586,264.6056766942268,33340.31526347257,33075.70958677834,231.84588830918076,273.8553656032309,279.7592330304906,211.41776908189055,7.746960502117872,11.362154786324789,8.400654499118607,472.0016638748348,472.6647289237008,472.72945682983845,471.8380585545674,1,
qwen,123,cap64_chunk-1_pollpm_mem0.9,64,-1,lpm,0.9,0,R_medium_balanced,4.618024045104248,1182.2141555466874,4876.6333916300855,3694.419236083398,109.49373827315868,125.20951719488949,125.31187336426228,114.338126295479,6.3676640528309,6.677351245090511,6.317370484112853,1725.353620480746,1809.5576494233685,1810.065367282368,1725.2675997442566,1,
qwen,123,cap64_chunk-1_pollpm_mem0.9,64,-1,lpm,0.9,0,R_short_decode,0.8799850322769589,225.27616826290148,313.27467149059737,87.99850322769589,49.47391920723021,62.81630704179406,63.91967685893178,51.34918389376253,4.25132560708067,4.256091003364948,4.249714518393003,1133.0429648514837,1143.6400862410665,1144.9703324958682,1134.494345053099,1,
qwen,123,cap64_chunk-1_pollpm_mem0.9,64,-1,lpm,0.9,0,shared_prefix,16.845999979218735,4312.575994679996,42978.75227510632,38666.17628042632,549.1280686110258,837.0981075800955,837.8245981456712,603.1219938340655,12.233487652687757,13.424632608269652,12.450964372033775,3764.7018735297024,3974.396739783697,3977.7049148641527,3777.742364178266,1,
qwen,123,cap64_chunk-1_pollpm_mem0.9,64,-1,lpm,0.9,0,tool_agent,4.836263536285064,1002.629975024938,14060.275528500117,13057.64555347518,263.09899170883,511.57810925506055,668.1858269916847,280.3206449514255,11.455018297357755,86.68253943324083,21.387807679699907,699.2170920129865,6722.9512448888245,9549.8175616702,2263.8550307787955,1,
qwen,124,cap64_chunk-1_polfcfs_mem0.75,64,-1,fcfs,0.75,0,R_concurrent_decode,11.786328741340288,3017.3001577831137,5374.565906051172,2357.265748268057,201.5415031928569,203.63643176387995,205.9175495011732,198.85793891444337,9.80793512608929,9.820077124931956,9.820610481863213,2702.922493219376,2705.153927812353,2706.4262894913554,2702.8064270998584,1,
qwen,124,cap64_chunk-1_polfcfs_mem0.75,64,-1,fcfs,0.75,0,R_long_prefill,8.343289905398436,266.98527697274994,33640.14489856649,33373.15962159374,227.61589707806704,270.0095032574609,275.9748094761744,209.06069898046556,7.754587906322652,11.175262891206769,8.35680483930534,468.08048407547176,468.6095731332898,468.64669915288687,468.1216489989311,1,
qwen,124,cap64_chunk-1_polfcfs_mem0.75,64,-1,fcfs,0.75,0,R_medium_balanced,4.627186876427574,1184.559840365459,4886.309341507518,3701.74950114206,104.87244301475585,127.14336707722396,127.21415811683984,112.77057151892222,6.368518470074323,6.677091577747728,6.3177914270793325,1723.6427497118711,1804.10146038048,1804.5059849973768,1723.807385424152,1,
qwen,124,cap64_chunk-1_polfcfs_mem0.75,64,-1,fcfs,0.75,0,R_short_decode,0.8802585328257365,225.34618440338852,313.3720376859622,88.02585328257365,48.85865142568946,53.91514205839485,54.12271301727742,49.57299493253231,4.25312178684216,4.261676190311418,4.25511486052225,1133.161396253854,1139.5048745907843,1140.194867644459,1134.627284365706,1,
qwen,124,cap64_chunk-1_polfcfs_mem0.75,64,-1,fcfs,0.75,0,shared_prefix,16.90824535968966,4328.510812080553,43137.557260908856,38809.0464488283,429.8327311407775,915.7984980847688,916.6315977321938,582.7781219159078,12.236665864931602,14.119030905741392,12.486104200363902,3754.413225920871,4055.7346907211463,4057.4256750615314,3766.3585386108025,1,
qwen,124,cap64_chunk-1_polfcfs_mem0.75,64,-1,fcfs,0.75,0,tool_agent,4.836751074348861,1002.731048978634,14061.692928411469,13058.961879432834,286.72157297842205,667.7088989410549,680.9112720936537,293.9548778627068,11.1553344382521,80.51690501160905,20.894733801368613,705.7067009154707,6792.582805175333,9528.202321412968,2271.256102877669,1,
qwen,125,cap64_chunk-1_polfcfs_mem0.8,64,-1,fcfs,0.8,0,R_concurrent_decode,12.179888485182222,3118.0514522066487,5554.029149243093,2435.977697036444,119.02373051270844,121.28884214907885,123.04695368744432,118.593389284797,9.78856100244265,9.796519859934287,9.790736720705972,2614.667229587212,2617.2672437271103,2617.4531203741208,2614.9249019654235,1,
qwen,125,cap64_chunk-1_polfcfs_mem0.8,64,-1,fcfs,0.8,0,R_long_prefill,8.730223930200834,279.3671657664267,35200.26288656976,34920.89572080334,215.9185465425253,250.60983065050092,255.4900155728683,197.6293221814558,7.454462905204103,10.59892860451533,8.048483947922866,447.0068966038525,447.6106863468885,447.680881768465,447.13232456706464,1,
qwen,125,cap64_chunk-1_polfcfs_mem0.8,64,-1,fcfs,0.8,0,R_medium_balanced,4.491251951786692,1149.7604996573932,4742.762061086747,3593.001561429354,147.24429766647518,180.62602344434708,180.7516813045368,155.51579164457507,6.409015632508433,6.74963728113867,6.347815508442912,1774.42689682357,1881.640215520747,1881.723970011808,1774.2087462975178,1,
qwen,125,cap64_chunk-1_polfcfs_mem0.8,64,-1,fcfs,0.8,0,R_short_decode,0.8809370741683672,225.519890987102,313.6135984039387,88.09370741683672,49.257429549470544,53.74591466970742,54.59809982217848,48.82492666365579,4.251939003520152,4.258624591371593,4.252742227924732,1133.6861087474972,1138.03910757415,1138.7111103441566,1133.2741947844625,1,
qwen,125,cap64_chunk-1_polfcfs_mem0.8,64,-1,fcfs,0.8,0,shared_prefix,16.670797347506824,4267.724120961747,42531.76245463962,38264.03833367787,515.5480713583529,893.8915575388819,894.7622847883031,636.5339379772195,12.292698579018603,13.821493130743358,12.486644580156494,3808.2752965856334,4038.5316953761503,4040.295141818933,3820.2521243183583,1,
qwen,125,cap64_chunk-1_polfcfs_mem0.8,64,-1,fcfs,0.8,0,tool_agent,4.8367941453719645,1002.7399782477888,14061.818147074098,13059.078168826309,251.7384015955031,658.3021873608232,685.1273452769965,284.71367416204885,11.29937367574913,79.71294946037222,21.433422635445595,710.1223249919713,6703.53427599184,9410.75441620312,2256.641858944204,1,
qwen,126,cap64_chunk-1_polfcfs_mem0.85,64,-1,fcfs,0.85,0,R_concurrent_decode,12.198659246762428,3122.856767171181,5562.588616523667,2439.7318493524854,117.89191258139908,119.54943612217905,121.90176213160156,117.39539609698112,9.781607049608638,9.790941339133688,9.78399677881078,2612.169509287924,2613.930323300883,2614.0863786591217,2612.00831104361,1,
qwen,126,cap64_chunk-1_polfcfs_mem0.85,64,-1,fcfs,0.85,0,R_long_prefill,9.121752531419492,291.8960810054237,36778.906206683394,36487.01012567797,239.5554832182825,239.9368637241423,239.9693287350237,204.79315984994173,6.131901187942393,9.982685440580449,7.261898627715005,429.9311109352857,430.5154439527541,430.5863775406033,429.9120173091069,1,
qwen,126,cap64_chunk-1_polfcfs_mem0.85,64,-1,fcfs,0.85,0,R_medium_balanced,4.478542805337867,1146.506958166494,4729.341202436787,3582.8342442702933,152.64496975578368,191.16195652168244,191.31927785929287,163.03438888280652,6.403665954027982,6.753456727692894,6.342770163809844,1780.0759230740368,1892.1399196842683,1892.6197503926232,1780.4407806543168,1,
qwen,126,cap64_chunk-1_polfcfs_mem0.85,64,-1,fcfs,0.85,0,R_short_decode,0.8856922149947389,226.7372070386532,315.3064285381271,88.5692214994739,47.71052696742117,49.8265765607357,50.0514017790556,47.9913396993652,4.232085595710897,4.24008258015794,4.233772301471189,1128.125678282231,1129.5076234498993,1129.532435876317,1127.6032765745183,1,
qwen,126,cap64_chunk-1_polfcfs_mem0.85,64,-1,fcfs,0.85,0,shared_prefix,16.226109011818103,4153.883907025434,41397.2409158309,37243.35700880547,622.3292166832834,983.7529500946404,984.950396628119,711.9814955294714,12.336524999609182,14.256951536928469,12.591257059570802,3907.2583818342537,4125.6662965985015,4127.332606762648,3922.281888037105,1,
qwen,126,cap64_chunk-1_polfcfs_mem0.85,64,-1,fcfs,0.85,0,tool_agent,4.846411495111148,1004.7337991089676,14089.778283276835,13085.044484167867,254.58824657835063,589.1181789105758,674.1241701040417,291.0959360096604,11.24956251617826,79.92946817539621,21.188181554167244,699.4341055396944,6668.504083389415,9488.863060753789,2250.438416602556,1,
qwen,127,cap64_chunk-1_polfcfs_mem0.9,64,-1,fcfs,0.9,0,R_concurrent_decode,12.059723346758844,3087.289176770264,5499.233846122033,2411.944669351769,121.23467260971664,123.35453059058636,125.7499995548278,120.83730669110082,9.8046397288129,9.817874002810257,9.808926594213276,2621.8579462729394,2623.9800471113995,2624.4841389358044,2621.8064953864086,1,
qwen,127,cap64_chunk-1_polfcfs_mem0.9,64,-1,fcfs,0.9,0,R_long_prefill,9.028059209376504,288.8978947000481,36401.13473220606,36112.23683750601,242.67139146104452,243.0441613774747,243.08512083254757,207.69013988319784,6.194210949263746,10.052987579406508,7.328801202557741,434.90335904061794,435.125430021435,435.1330512948334,434.8829771624878,1,
qwen,127,cap64_chunk-1_polfcfs_mem0.9,64,-1,fcfs,0.9,0,R_medium_balanced,4.437280498275867,1135.943807558622,4685.768206179316,3549.824398620693,147.74674945510924,234.72791607491672,234.86974402330816,180.461636162363,6.408790005918812,6.743590672975223,6.341737969413254,1797.4030310288072,1933.5668210405856,1933.720182487741,1797.604818362743,1,
qwen,127,cap64_chunk-1_polfcfs_mem0.9,64,-1,fcfs,0.9,0,R_short_decode,0.8820530191757917,225.80557290900268,314.0108748265818,88.20530191757916,48.10278839431703,51.49707437958568,52.12791312020272,48.59793075593189,4.247560055342083,4.256675802262537,4.249558968962553,1132.0625597145408,1134.3337442260236,1134.6408031042663,1132.235467841383,1,
qwen,127,cap64_chunk-1_polfcfs_mem0.9,64,-1,fcfs,0.9,0,shared_prefix,16.84119943664889,4311.347055782116,42966.50477836227,38655.15772258016,496.5006285347045,891.1918652476743,891.927736280486,606.8492904087179,12.234876271994676,13.85888764570814,12.460183295066958,3765.879244543612,4030.460190679878,4032.530848640017,3783.8203467908897,1,
qwen,127,cap64_chunk-1_polfcfs_mem0.9,64,-1,fcfs,0.9,0,tool_agent,4.8410699602232725,1003.6264188036878,14074.24905255871,13070.622633755023,251.0129134170711,663.4888739325106,679.179177833721,291.47395910229534,11.245827423408628,89.73904317244876,21.6828841199691,703.8165188860148,6819.775249669328,9487.06328319385,2274.116319019813,1,
qwen,128,cap64_chunk2048_pollpm_mem0.75,64,2048,lpm,0.75,0,R_concurrent_decode,10.457411211766646,2677.0972702122613,4768.57951256559,2091.482242353329,428.5889323800802,542.3110559117049,549.5051787374541,443.2208540092688,10.270870213086408,10.41222209795652,10.216029500684485,3047.526887152344,3050.575570622459,3051.0990171600133,3048.001515431679,1,
qwen,128,cap64_chunk2048_pollpm_mem0.75,64,2048,lpm,0.75,0,R_long_prefill,7.358942816676685,235.48617013365396,29671.257436840395,29435.771266706743,225.62752501107752,333.3337712334469,343.5730903455988,222.17475273646411,9.964137293037869,13.83427800685768,10.077381322550918,534.5157810952514,535.1155927637592,535.1668031187728,534.5735737355426,1,
qwen,128,cap64_chunk2048_pollpm_mem0.75,64,2048,lpm,0.75,0,R_medium_balanced,4.530356696741835,1159.7713143659098,4784.056671759378,3624.285357393468,131.9087753072381,169.91854994557798,170.04641252569854,135.2903800434433,6.464461184234596,6.718655025549964,6.373555142564845,1760.59938268736,1834.0304425219076,1834.3598527135327,1760.5469413974788,1,
qwen,128,cap64_chunk2048_pollpm_mem0.75,64,2048,lpm,0.75,0,R_short_decode,0.8783772565173924,224.86457766845243,312.7023033201917,87.83772565173923,50.23826053366065,60.26586985681205,62.73778174538165,52.237883617635816,4.254625273831919,4.265532917525692,4.254150843377612,1136.2593537196517,1138.737208629027,1138.9311338681728,1136.517595034093,1,
qwen,128,cap64_chunk2048_pollpm_mem0.75,64,2048,lpm,0.75,0,shared_prefix,16.942853728883456,4337.370554594165,43225.85267394819,38888.48211935402,506.0365465469658,698.9567957585675,786.449575740844,537.6075708045391,12.234699588232472,13.35367271548831,12.620749013774718,3745.371831348166,3901.541283866391,3903.784209378064,3755.522978721274,1,
qwen,128,cap64_chunk2048_pollpm_mem0.75,64,2048,lpm,0.75,0,tool_agent,4.820460955913266,999.3538630751586,14014.3333186884,13014.97945561324,197.77886476367712,586.6133070550857,716.2311178073277,242.56155856186524,13.849394146486052,192.3351563513279,43.28780636221484,853.931954363361,7101.848761783911,9963.952708481806,2404.91945263464,1,
qwen,129,cap64_chunk2048_pollpm_mem0.8,64,2048,lpm,0.8,0,R_concurrent_decode,11.366605238905136,2909.8509411597147,5183.171988940742,2273.321047781027,181.404403410852,300.49590594135225,307.95448165852576,195.927401073277,10.283596951551004,10.43456304316208,10.227753260121796,2803.5029941238463,2806.3095196150243,2806.954349381849,2803.69797583262,1,
qwen,129,cap64_chunk2048_pollpm_mem0.8,64,2048,lpm,0.8,0,R_long_prefill,7.258971682607674,232.2870938434456,29268.17382427414,29035.8867304307,233.8957516476512,337.84346554894,347.5475033605471,228.45494002103808,9.845555181645096,13.804617410735975,10.024031785677275,539.2099639866501,539.4546396797523,539.4743015570566,539.1999253770337,1,
qwen,129,cap64_chunk2048_pollpm_mem0.8,64,2048,lpm,0.8,0,R_medium_balanced,4.522871524336647,1157.8551102301817,4776.152329699499,3618.297219469318,133.65370663814247,171.9015904236585,172.1721934620291,135.93948222114705,6.471219267148306,6.727810108614172,6.382683049271103,1763.62734567374,1837.1522289235145,1837.5587640795857,1763.523659785278,1,
qwen,129,cap64_chunk2048_pollpm_mem0.8,64,2048,lpm,0.8,0,R_short_decode,0.8847863215891919,226.50529832683316,314.9839304857523,88.47863215891918,48.43217437155545,49.416520493105054,49.68873576261103,48.27857267810032,4.234573078871358,4.243011929405232,4.235646978714595,1127.9124871362,1131.1372409109026,1131.8232063669711,1128.368552250322,1,
qwen,129,cap64_chunk2048_pollpm_mem0.8,64,2048,lpm,0.8,0,shared_prefix,16.73795016442451,4284.915242092675,42703.08765269501,38418.17241060233,537.8117025829852,788.4152897400778,845.3875315189362,564.6436677416204,12.278996720252668,13.481048838892844,12.702681782724738,3787.383192917332,3980.477838544175,3981.933214757592,3803.45130600108,1,
qwen,129,cap64_chunk2048_pollpm_mem0.8,64,2048,lpm,0.8,0,tool_agent,4.830207899637951,1001.3745507134416,14042.670218301426,13041.295667587983,202.0959744695574,587.0618525194004,710.7111596222957,237.6304263714701,13.45158716948289,194.00361115112895,42.55372713122101,846.9503975939006,6958.670659991911,9810.891955723053,2363.03396735806,1,
qwen,130,cap64_chunk2048_pollpm_mem0.85,64,2048,lpm,0.85,0,R_concurrent_decode,11.427431121520767,2925.422367109317,5210.90859141347,2285.486224304154,170.79769168049097,278.6245797993615,286.3911012886092,185.39619439980012,10.248176805565464,10.379575625171556,10.191273055040174,2783.965951297432,2786.000136309304,2786.1953046591952,2783.863930439111,1,
qwen,130,cap64_chunk2048_pollpm_mem0.85,64,2048,lpm,0.85,0,R_long_prefill,7.734821948220547,247.5143023430575,31186.802095225245,30939.287792882187,202.8708695434034,305.98662132397294,315.6309356726706,205.40929934941232,9.805482707076496,12.88261753131425,9.733784117645794,507.0094659458846,507.7617720235139,507.8609919641167,507.156606996432,1,
qwen,130,cap64_chunk2048_pollpm_mem0.85,64,2048,lpm,0.85,0,R_medium_balanced,4.49379022667436,1150.410298028636,4745.442479368125,3595.032181339488,153.53010990656912,172.52648540306836,172.71603068802506,139.77369421627373,6.477928007313727,6.877618117312736,6.4124678323209725,1774.969833903015,1858.8358868146315,1859.046634961851,1774.9529914581217,1,
qwen,130,cap64_chunk2048_pollpm_mem0.85,64,2048,lpm,0.85,0,R_short_decode,0.8837053706001933,226.22857487364948,314.59911193366884,88.37053706001933,47.28969908319414,60.08596625179052,64.77093193680048,49.29147090297192,4.240943337151525,4.250762665041668,4.238661283508203,1129.3082104530183,1133.4899556590244,1134.5779002597556,1129.6240609372037,1,
qwen,130,cap64_chunk2048_pollpm_mem0.85,64,2048,lpm,0.85,0,shared_prefix,16.96157596464531,4342.163446949199,43273.61821673801,38931.45476978881,531.380747910589,660.4052785085511,750.3243437875062,547.3890427929291,12.22159454379888,13.161302595764544,12.576474121511383,3738.840674981475,3875.1072668936094,3876.7532335221767,3754.013908368506,1,
qwen,130,cap64_chunk2048_pollpm_mem0.85,64,2048,lpm,0.85,0,tool_agent,4.82709673352996,1000.7295593117636,14033.625249522313,13032.895690210547,193.64505680277944,578.043321240693,704.1366642201309,236.74079885473475,13.580585355602274,203.80878909490997,43.48111806694088,844.9939908459783,6952.018149755892,9977.305562836113,2395.7272452046163,1,
qwen,131,cap64_chunk2048_pollpm_mem0.9,64,2048,lpm,0.9,0,R_concurrent_decode,12.076987807493964,3091.708878718455,5507.106440217248,2415.397561498793,129.768427927047,131.24394568149,137.68948257900774,128.69604786101263,9.819451955092305,9.826268925897631,9.82468970549766,2633.334706770256,2636.237712041475,2637.1541697438806,2633.6853327666176,1,
qwen,131,cap64_chunk2048_pollpm_mem0.9,64,2048,lpm,0.9,0,R_long_prefill,7.817995817138339,250.17586614842685,31522.159134701786,31271.98326855336,193.86523542925715,299.04164446052164,309.1076353145763,198.1717779999599,9.90365010746304,12.8515956194831,9.772776043973863,501.1600856669247,501.73053534235805,501.7826624540612,501.1278353631496,1,
qwen,131,cap64_chunk2048_pollpm_mem0.9,64,2048,lpm,0.9,0,R_medium_balanced,4.23149970838495,1083.2639253465472,4468.463692054507,3385.19976670796,194.05890651978552,288.9588789548725,333.94782724790275,195.98837936064228,6.451057531304803,7.468512471692235,6.620497845099582,1884.300898294896,2046.6922576306388,2046.9044625526292,1884.215329861036,1,
qwen,131,cap64_chunk2048_pollpm_mem0.9,64,2048,lpm,0.9,0,R_short_decode,0.8843058594807309,226.38230002706712,314.8128859751402,88.4305859480731,48.579274443909526,52.20388672314584,52.51879739575088,49.259542021900415,4.233450488205634,4.243312980888375,4.23408241408384,1129.5934095978737,1131.9629173493013,1132.4926476133987,1128.9505576132797,1,
qwen,131,cap64_chunk2048_pollpm_mem0.9,64,2048,lpm,0.9,0,shared_prefix,16.961988447839225,4342.269042646842,43274.67057415407,38932.40153150723,465.2244220487773,735.9444637782868,809.0253282478079,513.6658295486995,12.308864828710462,13.572709237170567,12.712520168980449,3738.33736917004,3926.0052557569,3928.9044672157615,3754.982728463801,1,
qwen,131,cap64_chunk2048_pollpm_mem0.9,64,2048,lpm,0.9,0,tool_agent,4.821537729955526,999.57709448573,14017.463780790504,13017.886686304775,188.00004106014967,567.7631325554096,689.6869159024199,233.1624818383716,13.441584001366907,205.7756590656936,43.2948933372151,829.297608230263,6993.944812682455,9939.982396559784,2381.394267694559,1,
qwen,132,cap64_chunk2048_polfcfs_mem0.75,64,2048,fcfs,0.75,0,R_concurrent_decode,11.993341138789027,3070.295331529991,5468.963559287797,2398.668227757805,153.14742643386126,155.80164627172053,160.45098224654794,152.08379007526673,9.806636551066356,9.811604692892846,9.813281858322076,2654.182367492467,2656.877774000168,2657.6749939704314,2654.1642404336017,1,
qwen,132,cap64_chunk2048_polfcfs_mem0.75,64,2048,fcfs,0.75,0,R_long_prefill,7.827419735568903,250.4774315382049,31560.15637381382,31309.678942275616,193.86509456671772,300.1814764691517,310.5126001080498,198.78610281739384,9.9475251270398,12.859755363916197,9.792884331076376,502.25308910012245,502.9325569979847,502.9900541715324,502.3655170807615,1,
qwen,132,cap64_chunk2048_polfcfs_mem0.75,64,2048,fcfs,0.75,0,R_medium_balanced,4.329013907588581,1108.2275603426767,4571.438686413541,3463.2111260708643,170.17443431541324,242.2755513107404,285.48573821317405,167.52110893139616,6.459844585362018,7.305501061309055,6.564695090078292,1841.798460809514,1995.5427495297045,1995.716505823657,1841.518356901361,1,
qwen,132,cap64_chunk2048_polfcfs_mem0.75,64,2048,fcfs,0.75,0,R_short_decode,0.8847912252003155,226.5065536512808,314.9856761713123,88.47912252003155,48.73863165266812,52.246242109686136,52.82463641837239,48.496916075237095,4.234383795775619,4.23958898302825,4.23488097388626,1129.0128105320036,1131.6855743760243,1132.2980979131537,1128.3915644162337,1,
qwen,132,cap64_chunk2048_polfcfs_mem0.75,64,2048,fcfs,0.75,0,shared_prefix,17.355114442497808,4442.909297279439,44277.64248191728,39834.73318463784,488.8497665524483,635.3294763946906,638.6544562503695,514.3476098019164,12.267506973562288,12.821126697658032,12.365620664092653,3651.4880291651934,3758.627684693784,3759.835949568078,3667.2050587258127,1,
qwen,132,cap64_chunk2048_polfcfs_mem0.75,64,2048,fcfs,0.75,0,tool_agent,4.828658805844873,1001.05340033373,14038.166599880567,13037.11319954684,211.9418818037957,645.6164433155205,739.3319885991508,271.7453869176097,12.442225284712972,125.53384681232264,30.21652817711417,836.7860910948366,7030.053260433486,9825.962967928494,2376.7862243088894,1,
qwen,133,cap64_chunk2048_polfcfs_mem0.8,64,2048,fcfs,0.8,0,R_concurrent_decode,12.102133035398904,3098.14605706212,5518.5726641419,2420.4266070797808,129.44682803936303,131.41602424439043,136.80181140545756,128.56318878766615,9.804031486604728,9.807097064618391,9.808737674398229,2629.427927080542,2631.4217867096886,2632.470854884013,2629.4848083343823,1,
qwen,133,cap64_chunk2048_polfcfs_mem0.8,64,2048,fcfs,0.8,0,R_long_prefill,7.853929434475928,251.3257419032297,31667.04347980694,31415.717737903717,190.07822894491252,294.6283470373601,304.73552136681974,194.53919923398644,9.899000997745222,12.799662687335042,9.754144177291424,496.9472598750144,497.4849531427026,497.5531818345189,496.9176687300205,1,
qwen,133,cap64_chunk2048_polfcfs_mem0.8,64,2048,fcfs,0.8,0,R_medium_balanced,4.28996617194706,1098.231340018447,4530.204277576095,3431.972937557648,176.73060996457934,250.26760110631585,296.2619380094111,173.12233269331043,6.478348928594999,7.373956144860417,6.597751981291153,1855.394973419607,2014.916623826139,2016.718181758188,1855.5490879225545,1,
qwen,133,cap64_chunk2048_polfcfs_mem0.8,64,2048,fcfs,0.8,0,R_short_decode,0.883670430820982,226.21963029017135,314.5866733722696,88.36704308209819,47.14960348792374,51.76582769490778,52.333317371085286,47.493905876763165,4.243115226135535,4.249574113911128,4.244547985795447,1129.7275263350457,1133.4800034062937,1134.0746485302225,1129.8536422546022,1,
qwen,133,cap64_chunk2048_polfcfs_mem0.8,64,2048,fcfs,0.8,0,shared_prefix,17.35900870747213,4443.906229112866,44287.577816704856,39843.67158759199,501.0719178244472,574.8748520389199,597.6091023953632,520.1084623331553,12.265937522455468,12.705101138528656,12.339823254341947,3657.080728560686,3717.819303763099,3719.9518126854673,3666.387750330614,1,
qwen,133,cap64_chunk2048_polfcfs_mem0.8,64,2048,fcfs,0.8,0,tool_agent,4.830580118242724,1001.4517172134904,14043.752354562344,13042.300637348852,204.62883985601368,650.6935845362023,724.7094840370111,269.7428755625151,12.446976487377755,130.6806890759617,30.751445832706644,835.0323673803359,7037.609673175029,9815.777522032144,2379.470338381361,1,
qwen,134,cap64_chunk2048_polfcfs_mem0.85,64,2048,fcfs,0.85,0,R_concurrent_decode,12.074709696255484,3091.125682241404,5506.067621492501,2414.9419392510968,131.78274454548955,134.12138372659683,139.5667522167787,130.90167116024531,9.810434611441169,9.81533202013987,9.81666891103379,2633.6689898744226,2636.552502051927,2637.344911629334,2633.845702162944,1,
qwen,134,cap64_chunk2048_polfcfs_mem0.85,64,2048,fcfs,0.85,0,R_long_prefill,6.601034865717484,211.23311570295948,26615.372578572893,26404.13946286993,240.301817888394,386.7672054795548,403.008863455616,245.4199274070561,11.45060594764448,15.636427716291958,11.289843222907471,595.2706022653729,595.997121068649,596.085637039505,595.4050673171878,1,
qwen,134,cap64_chunk2048_polfcfs_mem0.85,64,2048,fcfs,0.85,0,R_medium_balanced,4.495606997164956,1150.8753912742288,4747.360989006193,3596.485597731965,146.43415505997837,174.6096700662747,174.7007916914299,147.4038279557135,6.461870762537799,6.720225136343609,6.362692057611604,1769.775221357122,1847.648432478309,1848.7400513142347,1769.8903026466724,1,
qwen,134,cap64_chunk2048_polfcfs_mem0.85,64,2048,fcfs,0.85,0,R_short_decode,0.8848595809859671,226.5240527324076,315.01001083100425,88.48595809859671,47.26582346484065,50.18121907487512,51.16386631503701,47.26432840107009,4.239032887762376,4.243929959997973,4.239657464409795,1127.8649114537984,1132.1627070894465,1133.3477046666667,1128.3769818255678,1,
qwen,134,cap64_chunk2048_polfcfs_mem0.85,64,2048,fcfs,0.85,0,shared_prefix,17.34655548816493,4440.718204970222,44255.80624907503,39815.088044104814,503.0280558858067,591.8904311256483,619.5278933271766,526.938655275444,12.208051508402123,12.75007302507612,12.332689547879248,3660.452648764476,3741.181113384664,3742.771155857481,3671.398863927607,1,
qwen,134,cap64_chunk2048_polfcfs_mem0.85,64,2048,fcfs,0.85,0,tool_agent,4.829763953137597,1001.282513944721,14041.379550398811,13040.09703645409,213.35038798861208,681.9357366301119,740.522752744145,280.1571475737728,12.37423215551596,137.706750864163,31.206386188481105,840.4925563372672,6964.294362277722,9886.329577080902,2377.581882830709,1,
qwen,135,cap64_chunk2048_polfcfs_mem0.9,64,2048,fcfs,0.9,0,R_concurrent_decode,12.090401221399226,3095.142712678202,5513.222956958047,2418.080244279845,132.45586724951863,134.44108422845602,140.00096512958407,131.50470082473475,9.810308409927812,9.813819382814508,9.815557083254394,2634.148874785751,2636.418837797828,2636.6749985981733,2634.1651939001167,1,
qwen,135,cap64_chunk2048_polfcfs_mem0.9,64,2048,fcfs,0.9,0,R_long_prefill,7.733165932932924,247.4613098538536,31180.12504158555,30932.663731731696,194.5415420923382,305.7570705888793,316.74474937375635,201.08253427315503,10.129022321874096,13.02071177746139,9.923556038448888,508.5412340704352,509.2083371710032,509.3020999338478,508.71277146507055,1,
qwen,135,cap64_chunk2048_polfcfs_mem0.9,64,2048,fcfs,0.9,0,R_medium_balanced,4.217594453946167,1079.7041802102187,4453.779743367152,3374.0755631569336,168.14036364667118,348.0738872895017,387.1234678896144,190.1382151991129,6.464159309717955,7.639922438116342,6.671593646637584,1891.3666938897225,2094.778604572639,2095.076549379155,1891.3945950916968,1,
qwen,135,cap64_chunk2048_polfcfs_mem0.9,64,2048,fcfs,0.9,0,R_short_decode,0.8806114508341005,225.4365314135297,313.4976764969398,88.06114508341005,48.15849661827088,53.65923347417265,54.680127506144345,48.97357488516718,4.253898142818727,4.261255209589852,4.255212546901449,1133.4855349268764,1138.3958905935287,1139.115533232689,1134.0527743450366,1,
qwen,135,cap64_chunk2048_polfcfs_mem0.9,64,2048,fcfs,0.9,0,shared_prefix,17.284553905746463,4424.845799871095,44097.62325876783,39672.77745889674,526.980244088918,596.9258181750774,618.8754073018208,545.0993618251232,12.190740481566856,12.661603813187456,12.29885999793151,3666.676361346617,3744.9685784988105,3746.9648354128,3680.9327701630536,1,
qwen,135,cap64_chunk2048_polfcfs_mem0.9,64,2048,fcfs,0.9,0,tool_agent,4.831720690696092,1001.6881749916604,14047.06829523312,13045.38012024146,214.9522118270397,669.6706361835822,761.8604676425451,276.6825857083313,12.467033201668029,138.8137355446815,31.409059404021225,845.4901177901775,7025.006243376992,9805.438370727928,2385.480266418308,1,
qwen,136,cap64_chunk8192_pollpm_mem0.75,64,8192,lpm,0.75,0,R_concurrent_decode,11.988958144787889,3069.1732850656995,5466.964914023277,2397.791628957578,148.71835755184293,156.05895766057074,156.27569511998445,148.2763427629834,9.801215333316255,9.808878666689004,9.808156069396064,2648.204856319353,2655.6622666073963,2655.919152479619,2649.049395331531,1,
qwen,136,cap64_chunk8192_pollpm_mem0.75,64,8192,lpm,0.75,0,R_long_prefill,7.457772770183345,238.64872864586704,30069.739809379247,29831.091080733386,293.56390866450965,335.5956215877086,335.6301383767277,258.1310647074133,7.441292967527143,12.708045235804972,8.5885671846148,524.3878106120974,525.0099285971373,525.0845008250326,524.3766474304721,1,
qwen,136,cap64_chunk8192_pollpm_mem0.75,64,8192,lpm,0.75,0,R_medium_balanced,4.584609086980557,1173.659926267023,4841.347195851468,3667.687269584446,117.00286087580024,152.41518698167056,152.4963861098513,127.70908005768432,6.365238233268553,6.681781384509568,6.320242811674618,1739.4767224323004,1809.3815642641855,1809.451176808216,1739.3709970347118,1,
qwen,136,cap64_chunk8192_pollpm_mem0.75,64,8192,lpm,0.75,0,R_short_decode,0.8848897325797679,226.53177154042055,315.02074479839735,88.48897325797678,48.66824601776898,50.30384655110538,50.75885503552854,48.22757060173899,4.2332676294095375,4.24123767060319,4.2351724892653815,1127.9572094790635,1130.5177592439577,1130.6552758207545,1128.196555364411,1,
qwen,136,cap64_chunk8192_pollpm_mem0.75,64,8192,lpm,0.75,0,shared_prefix,16.898533205118333,4326.024500510293,43112.77889893015,38786.75439841985,619.7115443646908,770.9668651921672,780.5472490983084,605.6407994401525,12.315253695180896,12.803780728238907,12.385418239402204,3736.054537817836,3921.3271921966234,3922.659046342597,3763.5458787772222,1,
qwen,136,cap64_chunk8192_pollpm_mem0.75,64,8192,lpm,0.75,0,tool_agent,4.844905681180016,1004.4216212938352,14085.400490667413,13080.97886937358,208.49142502993345,622.6068548159674,704.2753419978544,260.4660486546345,12.101515750783149,122.34252146445216,28.52749765677913,731.6059907898307,6773.436111398039,9639.32561254594,2273.491743793711,1,
qwen,137,cap64_chunk8192_pollpm_mem0.8,64,8192,lpm,0.8,0,R_concurrent_decode,11.993532460015686,3070.344309764016,5469.050801767153,2398.706492003137,146.62993024103343,148.81766410544515,151.27483188640326,145.25394506927114,9.81250834450418,9.821126510102506,9.81947772939041,2649.012907408178,2650.900881597772,2651.298500658013,2648.9136804593727,1,
qwen,137,cap64_chunk8192_pollpm_mem0.8,64,8192,lpm,0.8,0,R_long_prefill,7.374996617692618,235.99989176616376,29735.98636253664,29499.98647077048,299.4919014163316,341.0831668181345,341.13364995922893,264.1496234573424,7.433488244010556,12.676759710865875,8.579112131208662,530.0809373147786,530.7164419908077,530.7628159318119,530.1020995248109,1,
qwen,137,cap64_chunk8192_pollpm_mem0.8,64,8192,lpm,0.8,0,R_medium_balanced,4.590816988411655,1175.2491490333837,4847.902739762708,3672.653590729324,116.15091376006605,132.48680450487882,132.58054016623646,121.27713949303144,6.386985693711276,6.691236271723813,6.335253289024181,1736.7511433549223,1819.864625576884,1820.096685830504,1736.7667281941976,1,
qwen,137,cap64_chunk8192_pollpm_mem0.8,64,8192,lpm,0.8,0,R_short_decode,0.8828313550874554,226.00482690238857,314.2879624111341,88.28313550874553,46.51434766128659,50.30800811946392,51.004798412323,47.294284449890256,4.24777964294395,4.255951056804727,4.24934123692961,1130.3837534505874,1134.1697560390458,1134.1748477099463,1130.8762998669408,1,
qwen,137,cap64_chunk8192_pollpm_mem0.8,64,8192,lpm,0.8,0,shared_prefix,16.89444786473982,4324.978653373394,43102.3560785393,38777.37742516591,561.7872583679855,751.5327867818996,753.6279039131477,592.2150362312095,12.272166113016308,13.07578953613034,12.443543923469475,3754.360004793853,3896.295018470846,3898.250772031024,3764.942011104722,1,
qwen,137,cap64_chunk8192_pollpm_mem0.8,64,8192,lpm,0.8,0,tool_agent,4.845288588013409,1004.5010036239996,14086.51370038786,13082.012696763864,201.9278560765088,624.5925509603693,698.8743737665936,258.2846887339838,12.243837118148804,120.34501368179916,28.702369743244446,724.7505309060216,6764.232303621246,9613.450114699075,2273.5589860379696,1,
qwen,138,cap64_chunk8192_pollpm_mem0.85,64,8192,lpm,0.85,0,R_concurrent_decode,12.144715344201142,3109.0471281154923,5537.99019695572,2428.943068840228,120.69529388099907,122.74375997949392,126.01506960112602,120.31291605671868,9.802371608641216,9.811411991656694,9.805784306800874,2620.687031187117,2622.2395323216915,2622.956321570091,2620.481119316537,1,
qwen,138,cap64_chunk8192_pollpm_mem0.85,64,8192,lpm,0.85,0,R_long_prefill,8.780620311553236,280.97984996970354,35403.46109618264,35122.48124621294,244.336316594854,254.26212425809356,255.62527870293707,212.3701786622405,6.510183808483904,10.356892691925166,7.544566505408335,446.15201465785503,446.87035251408815,446.92717779427767,446.2517403298989,1,
qwen,138,cap64_chunk8192_pollpm_mem0.85,64,8192,lpm,0.85,0,R_medium_balanced,4.539216859034912,1162.0395159129375,4793.413003140868,3631.37348722793,145.99485346116126,147.35681121237576,147.59098649956286,139.98033353709616,6.404180679579868,6.722008613595629,6.335172167175687,1755.263148341328,1848.3758235815912,1848.5903282184156,1755.4492361668963,1,
qwen,138,cap64_chunk8192_pollpm_mem0.85,64,8192,lpm,0.85,0,R_short_decode,0.8832914904522609,226.1226215557788,314.45177060100485,88.32914904522607,48.355346312746406,52.97606128733605,53.09952286537737,49.04912668280304,4.239833974005545,4.245857070017533,4.240662856347055,1128.8333828561008,1134.048469667323,1134.2389573017135,1130.4181550513022,1,
qwen,138,cap64_chunk8192_pollpm_mem0.85,64,8192,lpm,0.85,0,shared_prefix,17.094920063362583,4376.299536220821,43613.81547384278,39237.51593762195,514.6875958889723,708.1735646119341,711.1449794610962,560.9445260015491,12.224846070303636,13.220964240677215,12.41186895714158,3711.169769987464,3847.7222717599934,3849.912554826587,3725.594708103017,1,
qwen,138,cap64_chunk8192_pollpm_mem0.85,64,8192,lpm,0.85,0,tool_agent,4.841004300970553,1003.6128066557102,14074.05816403965,13070.44535738394,207.56310340948403,505.9072865406051,683.0919116130098,252.8778807958588,12.23471552427662,121.31353071890771,28.94502487552256,733.5243050474674,6774.159273039548,9759.493651394729,2290.390847120434,1,
qwen,139,cap64_chunk8192_pollpm_mem0.9,64,8192,lpm,0.9,0,R_concurrent_decode,12.126785491976742,3104.457085946046,5529.814184341394,2425.3570983953487,128.57403932139275,131.3339055282995,133.2742621889338,128.4069963003276,9.792902733327129,9.802219109485058,9.796279351137674,2625.8931695483625,2629.211450717412,2629.5316839404404,2626.1517464590725,1,
qwen,139,cap64_chunk8192_pollpm_mem0.9,64,8192,lpm,0.9,0,R_long_prefill,8.760729043397117,280.34332938870773,35323.25950297717,35042.91617358846,224.5191049296409,253.43893959652632,257.478787987493,203.39256373699757,7.222617105130226,10.486967262301231,7.909067876396641,448.6594430636615,448.9562879083678,448.9725257223472,448.5736679052934,1,
qwen,139,cap64_chunk8192_pollpm_mem0.9,64,8192,lpm,0.9,0,R_medium_balanced,4.537275560766949,1161.5425435563388,4791.362992169898,3629.820448613559,145.97554877400398,150.11799347121269,150.25104249361902,141.15107868565246,6.405983088245871,6.715675536086601,6.333705085767981,1756.3004784751683,1849.463717546314,1849.742943327874,1756.2458755564876,1,
qwen,139,cap64_chunk8192_pollpm_mem0.9,64,8192,lpm,0.9,0,R_short_decode,0.8823781622234611,225.88880952920604,314.1266257515521,88.23781622234611,46.65736528113485,52.54957417491824,52.6975228684023,47.86640306701884,4.248843504590731,4.254568750677886,4.249406884442649,1130.8036735281348,1136.5812650416046,1137.6065281499175,1131.4651585998945,1,
qwen,139,cap64_chunk8192_pollpm_mem0.9,64,8192,lpm,0.9,0,shared_prefix,17.218397659256322,4407.909800769618,43928.84058437283,39520.93078360321,468.79597194492817,680.0511863315478,683.0463190702721,536.3566928499495,12.26846397324812,13.164767768580976,12.404008055770824,3691.005239728838,3818.161955010146,3820.0941644981503,3699.0025226295984,1,
qwen,139,cap64_chunk8192_pollpm_mem0.9,64,8192,lpm,0.9,0,tool_agent,4.834841268787232,1002.3351176386248,14056.140627094366,13053.80550945574,217.25289686582985,510.58782851323485,680.8602118771521,251.6447318461724,12.195724248886108,122.27906100451946,28.92250281323069,726.4731298200786,6748.715265770441,9729.409517678429,2302.232500764076,1,
qwen,140,cap64_chunk8192_polfcfs_mem0.75,64,8192,fcfs,0.75,0,R_concurrent_decode,12.102110914706357,3098.140394164827,5518.562577106098,2420.422182941271,123.6881094519049,130.3836719598621,130.82712112460283,123.95624798955396,9.798244346736691,9.811340200784,9.801809955016475,2622.389494907111,2629.163025831804,2630.550470873713,2623.110881788307,1,
qwen,140,cap64_chunk8192_polfcfs_mem0.75,64,8192,fcfs,0.75,0,R_long_prefill,7.6304787169973105,244.17531894391396,30766.09018693316,30521.91486798924,286.41082951799035,326.85166543815285,326.88841063994914,251.598495291546,7.387302079868893,12.520972730952405,8.512654394331959,515.5702990014106,515.7582118874416,515.7687200559303,515.4907815158367,1,
qwen,140,cap64_chunk8192_polfcfs_mem0.75,64,8192,fcfs,0.75,0,R_medium_balanced,4.598177689871513,1177.1334886071074,4855.675640504318,3678.5421518972103,111.0578675288707,161.33735363837332,161.52798912953585,130.06693351780996,6.402666927041377,6.690691508279712,6.302730073716472,1734.5599438995123,1810.813055606559,1811.311361426488,1734.6829809830524,1,
qwen,140,cap64_chunk8192_polfcfs_mem0.75,64,8192,fcfs,0.75,0,R_short_decode,0.8834727043263616,226.16901230754857,314.51628274018475,88.34727043263617,44.765627942979336,48.41201682575047,49.00495768524706,45.63637508545071,4.253116734873722,4.259882335021508,4.253974318842166,1130.3934392053634,1131.9805367384106,1132.0528392214328,1130.399826390203,1,
qwen,140,cap64_chunk8192_polfcfs_mem0.75,64,8192,fcfs,0.75,0,shared_prefix,17.12379412334479,4383.691295576266,43687.48109610817,39303.7898005319,551.7972887028009,691.8034091824666,720.1162197720259,566.9626445305767,12.266426898685156,12.948631635392267,12.360644804473084,3700.1957048196346,3854.531614272855,3856.205962761305,3718.5510596573295,1,
qwen,140,cap64_chunk8192_polfcfs_mem0.75,64,8192,fcfs,0.75,0,tool_agent,4.832974047591942,1001.9480146765236,14050.71212960215,13048.764114925629,229.44508492946625,593.3065827237433,687.059153500013,273.3389205764979,11.504572175541826,102.71320049650969,22.999428535397904,711.9435756467283,6679.252148466183,9311.464902688744,2249.996799235232,1,
qwen,141,cap64_chunk8192_polfcfs_mem0.8,64,8192,fcfs,0.8,0,R_concurrent_decode,12.021443298705911,3077.4894844687137,5481.778144209896,2404.2886597411825,144.45019350387156,146.74277647864074,149.60047787521034,143.2321615575347,9.800886963585429,9.810328150791891,9.808296324555563,2643.894092412665,2646.609608246945,2647.0419526984915,2644.040985032916,1,
qwen,141,cap64_chunk8192_polfcfs_mem0.8,64,8192,fcfs,0.8,0,R_long_prefill,8.34465647432461,267.0290071783876,33645.65490447683,33378.62589729844,251.20859290473163,281.2801614869386,281.3109810743481,218.7332372413948,7.0831002066693,11.625299926456664,8.133784732631138,470.9131142590195,471.1051127873361,471.1227445118129,470.8805639529601,1,
qwen,141,cap64_chunk8192_polfcfs_mem0.8,64,8192,fcfs,0.8,0,R_medium_balanced,4.612892528249837,1180.9004872319583,4871.214509831828,3690.3140225998695,108.69293985888362,131.63877360057086,131.74957872834057,116.82412697700784,6.374863526948234,6.683390725440547,6.3228244824773245,1728.9922134950757,1809.4279515789824,1809.571249992587,1729.1443700087257,1,
qwen,141,cap64_chunk8192_polfcfs_mem0.8,64,8192,fcfs,0.8,0,R_short_decode,0.8856675353878789,226.730889059297,315.2976425980849,88.56675353878789,45.91461643576622,53.37072762195021,53.85445513296872,47.36160882748664,4.234321377988831,4.24242496481348,4.236672213985859,1126.077874796465,1133.725870703347,1133.8387165823951,1127.7130233938806,1,
qwen,141,cap64_chunk8192_polfcfs_mem0.8,64,8192,fcfs,0.8,0,shared_prefix,17.11778265252254,4382.15235904577,43672.14419027905,39289.99183123328,399.0568921435624,830.8525681728497,866.8502088356763,506.32299531207536,12.316875083043296,14.138571769181713,12.607318567901745,3705.2127935457975,4006.472059711814,4007.382561769337,3720.812478881271,1,
qwen,141,cap64_chunk8192_polfcfs_mem0.8,64,8192,fcfs,0.8,0,tool_agent,4.831266294248852,1001.5939717922008,14045.74724661792,13044.153274825718,208.9194399304688,619.5261190878227,708.1597387976944,275.54735322250053,11.561526839070645,80.14731113798916,23.537723789032924,723.3225151430815,6743.563279462977,9401.554681565607,2271.228633460123,1,
qwen,142,cap64_chunk8192_polfcfs_mem0.85,64,8192,fcfs,0.85,0,R_concurrent_decode,12.113256782165184,3100.993736234287,5523.645092667323,2422.6513564330367,124.79185382835568,126.90445412881672,129.29003319703045,124.4429535290692,9.807831000573202,9.816464720434002,9.810492919585334,2625.909762457013,2628.0015184544027,2628.5924725187942,2625.811653517303,1,
qwen,142,cap64_chunk8192_polfcfs_mem0.85,64,8192,fcfs,0.85,0,R_long_prefill,8.971461101212478,287.0867552387993,36172.93116008871,35885.84440484991,204.543034080416,240.85359817836436,245.96110467333347,187.2965490911156,7.516950098497253,10.5981181473321,8.077211002068173,437.5684871338308,438.1360835861415,438.214087029919,437.690090155229,1,
qwen,142,cap64_chunk8192_polfcfs_mem0.85,64,8192,fcfs,0.85,0,R_medium_balanced,4.526759872297646,1158.8505273081971,4780.258425146314,3621.407897838116,147.95467327348888,150.8658555103466,151.0166680207476,142.6213535887655,6.415228773018017,6.726226428815839,6.343716113855514,1760.2100435178727,1853.246926679276,1853.4846662310883,1760.2689626219217,1,
qwen,142,cap64_chunk8192_polfcfs_mem0.85,64,8192,fcfs,0.85,0,R_short_decode,0.8799911951733697,225.27774596438263,313.2768654817196,87.99911951733696,46.019213972613215,58.67264531552791,62.64605954289436,48.14624338177964,4.2393528710247255,4.400896418510992,4.263804412678201,1127.8097669128329,1168.160832975991,1184.2136240610853,1134.8922688048333,1,
qwen,142,cap64_chunk8192_polfcfs_mem0.85,64,8192,fcfs,0.85,0,shared_prefix,16.89948610482256,4326.268442834576,43115.21000663414,38788.94156379956,508.1759614404291,777.1000797161832,790.9469562536106,591.3871639822901,12.234216651914336,13.429703733646402,12.453615868763926,3750.964268809184,3931.6325226565823,3933.5091480705887,3766.68382578282,1,
qwen,142,cap64_chunk8192_polfcfs_mem0.85,64,8192,fcfs,0.85,0,tool_agent,4.827911551098335,1000.8984832159512,14035.994136046143,13035.095652830194,227.17078169807792,643.3610248379409,698.7662579957396,280.6282386253588,11.607051211675364,81.90012071281672,23.696702983730525,725.1045850571245,6797.547042835502,9651.504727844143,2291.2733532092534,1,
qwen,143,cap64_chunk8192_polfcfs_mem0.9,64,8192,fcfs,0.9,0,R_concurrent_decode,12.13807611188453,3107.34748464244,5534.9627070193455,2427.615222376906,123.26656188815832,125.40755942463876,126.7397549841553,122.73246915719938,9.792874237595528,9.802837157311396,9.796264501867302,2620.4773809295148,2622.780845873058,2623.576350873336,2620.4732815676834,1,
qwen,143,cap64_chunk8192_polfcfs_mem0.9,64,8192,fcfs,0.9,0,R_long_prefill,8.766741990223306,280.5357436871458,35347.50370458037,35066.96796089322,211.3354625180364,246.882552257739,251.8750287545845,193.95769305992872,7.480617282131026,10.581564210775875,8.049120382976628,443.23459826409817,444.7875615209341,444.9789366871119,443.4804249322042,1,
qwen,143,cap64_chunk8192_polfcfs_mem0.9,64,8192,fcfs,0.9,0,R_medium_balanced,4.481677693957295,1147.3094896530674,4732.651644818903,3585.3421551658357,143.43485259450972,191.7186109349132,191.89438056200743,158.7733165069949,6.404209198138001,6.7363110430283,6.342706088246048,1776.3157121371478,1887.6953312428668,1887.855165475048,1776.163369009737,1,
qwen,143,cap64_chunk8192_polfcfs_mem0.9,64,8192,fcfs,0.9,0,R_short_decode,0.8826165362464816,225.9498332790993,314.21148690374747,88.26165362464816,48.41977078467608,51.36929547879845,51.895659980364144,48.60129626467824,4.244886434582226,4.253219044128176,4.2468941133633695,1131.5972320735457,1135.293618333526,1136.513167717494,1131.5592951723374,1,
qwen,143,cap64_chunk8192_polfcfs_mem0.9,64,8192,fcfs,0.9,0,shared_prefix,17.103110697906512,4378.396338664067,43634.71202219097,39256.3156835269,539.3063744995743,725.7081231800839,726.7772277723998,568.9313967486669,12.311591835254257,13.270480470439676,12.369839814603074,3711.975277867168,3851.5208799624816,3854.862447581254,3722.8642754453176,1,
qwen,143,cap64_chunk8192_polfcfs_mem0.9,64,8192,fcfs,0.9,0,tool_agent,4.839622352525216,1003.3263080137652,14070.040480602458,13066.714172588694,201.8350714351982,617.7106157178056,696.4764674752951,270.0964646949433,11.892506193059186,85.52245311439037,23.817620067474238,721.7169757932425,6755.52245597355,9536.71454740222,2261.894446376245,1,
qwen,144,cap96_chunk-1_pollpm_mem0.75,96,-1,lpm,0.75,0,R_concurrent_decode,11.946258664735453,3058.242218172276,5447.493951119367,2389.2517329470907,164.12454284727573,166.59939454402777,169.33612543623894,162.75880062312353,9.80305409095451,9.810939472296225,9.80999609211474,2663.776606321335,2666.1864581285045,2666.9618422957137,2664.001002398436,1,
qwen,144,cap96_chunk-1_pollpm_mem0.75,96,-1,lpm,0.75,0,R_long_prefill,8.68446372912879,277.9028393321213,35015.757755847284,34737.85491651516,262.83256127499044,263.21448259986937,263.25251621194184,221.0499255452305,6.111857195895525,10.727107872615658,7.466693615330563,452.458607731387,453.0113195069134,453.0491654761136,452.517427620478,1,
qwen,144,cap96_chunk-1_pollpm_mem0.75,96,-1,lpm,0.75,0,R_medium_balanced,4.634313621431561,1186.3842870864796,4893.835184231728,3707.4508971452487,100.95197171904148,125.88062568102032,125.99754568655044,110.03237578552216,6.372772742464553,6.679307873926911,6.31828662818389,1721.1416678037494,1800.4227151395753,1800.810232036747,1721.1954659724142,1,
qwen,144,cap96_chunk-1_pollpm_mem0.75,96,-1,lpm,0.75,0,R_short_decode,0.885407226950573,226.66425009934667,315.20497279440394,88.5407226950573,47.12528456002474,50.60419684741646,51.86086792964488,47.48921771533787,4.234350112029443,4.243305430966703,4.237145232721506,1127.2047073580325,1132.2982447221875,1133.6319190636275,1127.961252059322,1,
qwen,144,cap96_chunk-1_pollpm_mem0.75,96,-1,lpm,0.75,0,shared_prefix,16.769046108249345,4292.875803711832,42782.4219081893,38489.54610447747,385.8340955339372,954.711332754232,976.0408005584032,555.7602009357652,12.326107819692467,14.395089009776711,12.718621363215496,3783.7352603673935,4162.120978324674,4162.947087353095,3798.631816309353,1,
qwen,144,cap96_chunk-1_pollpm_mem0.75,96,-1,lpm,0.75,0,tool_agent,4.830934904863899,1001.5252698018594,14044.78381151462,13043.25854171276,258.14214907586575,587.9936054814607,670.5545547697693,289.28708247840405,11.439964040749324,82.16387354768798,21.676650721474218,700.2041433006525,6811.133500561116,9587.1281812014,2287.829520923551,1,
qwen,145,cap96_chunk-1_pollpm_mem0.8,96,-1,lpm,0.8,0,R_concurrent_decode,12.177916764024951,3117.546691590388,5553.130044395379,2435.5833528049907,115.6321072485298,117.81514580361544,120.17593144904822,115.411201826646,9.803020239205049,9.81236013450942,9.806546727701654,2615.4899429529905,2618.386848806404,2618.6257055215538,2615.773800658644,1,
qwen,145,cap96_chunk-1_pollpm_mem0.8,96,-1,lpm,0.8,0,R_long_prefill,9.259137515185612,296.2924004859396,37332.84246122839,37036.550060742455,232.83372353762388,233.10356575530025,233.12718567904085,198.92672391142696,6.13289943806106,9.872419512530248,7.231581636944846,423.1243196409196,423.3853727113456,423.39381284080446,423.1057546567172,1,
qwen,145,cap96_chunk-1_pollpm_mem0.8,96,-1,lpm,0.8,0,R_medium_balanced,4.538492070813171,1161.8539701281718,4792.647626778708,3630.793656650536,146.01579611189663,148.82863336242735,148.93600274808705,140.4879801266361,6.404761334552484,6.7187152720768655,6.33398034249195,1755.7234847918153,1848.244266700931,1848.2758712256327,1755.652967462083,1,
qwen,145,cap96_chunk-1_pollpm_mem0.8,96,-1,lpm,0.8,0,R_short_decode,0.8861975808661641,226.866580701738,315.48633878835443,88.61975808661641,46.32822540588677,56.380398804321885,58.27424456365407,48.54220990091562,4.228422570717978,4.235697578839666,4.229494257528773,1125.3116154111922,1136.0491294646636,1138.4537459211424,1127.0632455707528,1,
qwen,145,cap96_chunk-1_pollpm_mem0.8,96,-1,lpm,0.8,0,shared_prefix,16.672153136134764,4268.0712028505,42535.22144215294,38267.15023930244,491.2380697205663,931.2063409015536,933.5821799002588,606.3484019723546,12.302436822952302,14.04572996374804,12.576892214978026,3792.10659279488,4071.677386527881,4073.481792272069,3813.078805156693,1,
qwen,145,cap96_chunk-1_pollpm_mem0.8,96,-1,lpm,0.8,0,tool_agent,4.835856439884534,1002.5455778346624,14059.091993418711,13056.54641558405,288.10095437802374,535.3128722170368,662.6955912867559,283.3683126466349,11.505283293043236,88.94495330750942,20.95714502461417,717.6093677990139,6796.46651346702,9611.239251564251,2266.3509365031496,1,
qwen,146,cap96_chunk-1_pollpm_mem0.85,96,-1,lpm,0.85,0,R_concurrent_decode,9.925091006303342,2540.8232976136555,4525.841498874323,1985.0182012606683,705.4951854515821,713.108461489901,718.736729552038,704.2775350710144,9.820518990540329,9.856525991002426,9.825851060645943,3209.319309797138,3212.5317469472066,3213.230247418396,3209.5635398000013,1,
qwen,146,cap96_chunk-1_pollpm_mem0.85,96,-1,lpm,0.85,0,R_long_prefill,7.699760837332761,246.39234679464835,31045.43569612569,30799.04334933104,244.94583858177063,311.40061046462506,320.76064524706453,231.31577705498785,8.590626147305294,12.24871753234296,9.030926499455688,511.2552491482347,511.9054586626589,511.9737716205418,511.2744985381141,1,
qwen,146,cap96_chunk-1_pollpm_mem0.85,96,-1,lpm,0.85,0,R_medium_balanced,4.57399548042062,1170.942842987679,4830.139227324175,3659.196384336496,121.30960263311864,148.85084761772305,148.93809121567756,130.99068895098753,6.3917769904376245,6.673207065985337,6.319559071391054,1742.4082576762885,1819.4051525788384,1819.5864690700544,1742.4782521557063,1,
qwen,146,cap96_chunk-1_pollpm_mem0.85,96,-1,lpm,0.85,0,R_short_decode,0.8843527922449608,226.39431481471,314.82959403920603,88.43527922449607,47.17244952917099,50.83433804102242,50.9782334510237,47.441353439353406,4.240145839239453,4.247413218368356,4.241318766064212,1128.494161181152,1132.3963765753433,1133.304294734262,1128.977638785727,1,
qwen,146,cap96_chunk-1_pollpm_mem0.85,96,-1,lpm,0.85,0,shared_prefix,16.664686798165253,4266.159820330305,42516.17277241593,38250.01295208563,560.069834580645,877.4884946877137,880.9343170933425,619.7549461903691,12.3728764407775,14.03574881499962,12.551647918781793,3807.3843303136528,4020.038037071936,4022.011282071471,3820.048022913397,1,
qwen,146,cap96_chunk-1_pollpm_mem0.85,96,-1,lpm,0.85,0,tool_agent,4.834948915995176,1002.35743451954,14056.453585516134,13054.096150996596,250.5139447748661,582.579504721798,671.0383639298379,286.96238541277125,11.43220336221785,88.16742794588203,21.561861866163667,699.198383372277,6763.565080659463,9596.517257671798,2268.352809480857,1,
qwen,147,cap96_chunk-1_pollpm_mem0.9,96,-1,lpm,0.9,0,R_concurrent_decode,11.9641703087945,3062.827599051392,5455.661660810291,2392.8340617589,187.2375609818846,189.42643660120663,189.43710503634065,184.77101752068847,9.742076104455515,9.746609573017835,9.751586531632553,2662.1819753199816,2664.5076353568584,2664.954866962508,2661.987172963564,1,
qwen,147,cap96_chunk-1_pollpm_mem0.9,96,-1,lpm,0.9,0,R_long_prefill,8.36189143838389,267.58052602828445,33715.14627956384,33447.56575353556,231.86559486202896,272.0788134727627,277.7388072479516,211.4781318232417,7.672658896133784,11.227472554591872,8.333948392030452,469.7180206421762,470.3866511117667,470.47375976108015,469.83053197618574,1,
qwen,147,cap96_chunk-1_pollpm_mem0.9,96,-1,lpm,0.9,0,R_medium_balanced,4.619687238182929,1182.63993297483,4878.389723521173,3695.749790546344,106.40700347721577,133.47671017982066,133.5732669103891,116.37249935301952,6.354330052786013,6.673457562083415,6.312877377586476,1725.9662901051342,1803.7122641690075,1804.0452224202452,1726.1562306375708,1,
qwen,147,cap96_chunk-1_pollpm_mem0.9,96,-1,lpm,0.9,0,R_short_decode,0.8821516744801116,225.83082866690856,314.0459961149197,88.21516744801116,47.5598955526948,54.03584763407707,54.87824372947216,48.5289121279493,4.244003035858565,4.268470053634077,4.248122921596994,1131.9921284448355,1137.091880198568,1137.28767959401,1131.8002571351826,1,
qwen,147,cap96_chunk-1_pollpm_mem0.9,96,-1,lpm,0.9,0,shared_prefix,16.526813915973293,4230.864362489163,42164.42135032802,37933.556987838856,450.2457415219397,984.0347279096022,1008.1185841886328,602.5014146325702,12.37329557428465,14.502986377178162,12.74242901498173,3839.513212442398,4194.567644363269,4196.288792937994,3851.44406892141,1,
qwen,147,cap96_chunk-1_pollpm_mem0.9,96,-1,lpm,0.9,0,tool_agent,4.834027594302055,1002.1664307127304,14053.775063810592,13051.60863309786,294.381512561813,615.9919136203825,684.4587865984067,301.6014258470386,11.313072602182675,80.35781588405354,20.919691383283737,710.145415039733,6779.791828943414,9587.116536884563,2279.407154757064,1,
qwen,148,cap96_chunk-1_polfcfs_mem0.75,96,-1,fcfs,0.75,0,R_concurrent_decode,12.047868998273165,3084.2544635579297,5493.828263212563,2409.5737996546327,148.08801491744816,150.75522686820477,152.69883202854544,146.92872403247748,9.781651397911356,9.791069489218808,9.78869357998449,2642.40137510933,2645.252800663002,2646.41410803888,2642.7394161291886,1,
qwen,148,cap96_chunk-1_polfcfs_mem0.75,96,-1,fcfs,0.75,0,R_long_prefill,8.609026796290026,275.48885748128083,34711.59604264138,34436.1071851601,264.2664024606347,264.54288931563497,264.5671443082392,222.7175321895629,6.1473693217962015,10.736396720242354,7.493916805082511,454.83485143631697,455.5627807741985,455.66049985121936,455.0289531471208,1,
qwen,148,cap96_chunk-1_polfcfs_mem0.75,96,-1,fcfs,0.75,0,R_medium_balanced,4.619904434075112,1182.6955351232286,4878.619082383319,3695.92354726009,106.75261123105884,126.51229370385408,126.60312671214342,113.37594204815105,6.376288969106241,6.679616070023792,6.320624574608005,1725.0622515566647,1807.1473673917355,1807.467890251428,1725.1352085731924,1,
qwen,148,cap96_chunk-1_polfcfs_mem0.75,96,-1,fcfs,0.75,0,R_short_decode,0.8879165794090755,227.3066443287233,316.0983022696309,88.79165794090756,44.905054150149226,47.82293241005391,47.91691911872476,44.44917169166729,4.234554311808418,4.244595110672069,4.237061379449989,1126.140263164416,1127.5272395694628,1127.588700656779,1124.8998234514147,1,
qwen,148,cap96_chunk-1_polfcfs_mem0.75,96,-1,fcfs,0.75,0,shared_prefix,16.9057536062423,4327.872923198029,43131.20011652581,38803.32719332778,425.343703944236,905.8203239459544,906.5751264477148,566.7649636561691,12.2929958553583,14.184160856895296,12.540454182639994,3754.1764725465328,4064.712622691877,4065.627879379317,3764.203195223672,1,
qwen,148,cap96_chunk-1_polfcfs_mem0.75,96,-1,fcfs,0.75,0,tool_agent,4.838530479645835,1003.0999463877762,14066.86612225515,13063.766175867371,306.1285209842026,667.2190330456942,686.2167831370607,292.1546542341821,11.042197064186135,56.58618956804276,19.83349434961916,710.7125276234001,6679.396355058998,9382.022298821244,2235.6534659839235,1,
qwen,149,cap96_chunk-1_polfcfs_mem0.8,96,-1,fcfs,0.8,0,R_concurrent_decode,12.042766696874825,3082.948274399955,5491.50161377492,2408.5533393749647,145.1171929948032,147.49841536395252,149.814182552509,144.14119969296735,9.804662574520885,9.81282623477002,9.809703812338135,2644.980410579592,2647.822509566322,2649.123433236964,2645.3088538255543,1,
qwen,149,cap96_chunk-1_polfcfs_mem0.8,96,-1,fcfs,0.8,0,R_long_prefill,7.781149339728942,248.99677887132611,31373.59413778709,31124.59735891577,236.0591795295477,303.40428054332733,312.8894820064306,220.2990958467126,8.682314193837584,12.605387310407334,9.1963252991498,505.291479639709,505.9442778117955,506.0085884667933,505.3851801203564,1,
qwen,149,cap96_chunk-1_polfcfs_mem0.8,96,-1,fcfs,0.8,0,R_medium_balanced,4.621504167979051,1183.105067002637,4880.308401385878,3697.203334383241,102.96766087412834,128.4791202051565,128.54139858391136,112.68255300819874,6.378075509679084,6.690836877689934,6.326043525911576,1725.9354300331324,1806.2253362732008,1806.2410911777988,1725.8236521156505,1,
qwen,149,cap96_chunk-1_polfcfs_mem0.8,96,-1,fcfs,0.8,0,R_short_decode,0.8862652274303664,226.8838982221738,315.5104209652104,88.62652274303663,46.82968254201114,52.2507413290441,52.400690000504255,47.64203756349161,4.230242010717299,4.238138697749259,4.231580217852823,1125.5961160641164,1132.2967631276697,1132.7737733256072,1126.6949931159616,1,
qwen,149,cap96_chunk-1_polfcfs_mem0.8,96,-1,fcfs,0.8,0,shared_prefix,16.772155107636454,4293.671707554932,42790.35381574284,38496.68210818791,474.8631597030908,930.6304326746612,931.5980618167667,603.2671400389518,12.273382007454831,14.084842316623703,12.542919885905349,3792.530554579571,4065.8452309668064,4067.2206297470257,3801.3357171475946,1,
qwen,149,cap96_chunk-1_polfcfs_mem0.8,96,-1,fcfs,0.8,0,tool_agent,4.838194801343851,1003.0303552406006,14065.890218154926,13062.859862914323,255.1324523519725,595.3651630785316,670.095419860445,284.9172021704726,11.391346426660611,85.9157197643071,21.8179728334256,698.2277021743357,6808.8834133930495,9460.018630865954,2269.1621491359547,1,
qwen,150,cap96_chunk-1_polfcfs_mem0.85,96,-1,fcfs,0.85,0,R_concurrent_decode,12.135924516276187,3106.7966761667044,5533.981579421942,2427.1849032552377,127.6848220732063,130.01953370403498,131.38250302523377,127.35280986817088,9.786849724603634,9.79718565609279,9.789243378807123,2623.4415757935494,2625.61565421056,2625.911945104599,2623.3033996395534,1,
qwen,150,cap96_chunk-1_polfcfs_mem0.85,96,-1,fcfs,0.85,0,R_long_prefill,8.868077149447691,283.7784687823261,35756.08706657309,35472.30859779077,210.7981755398214,244.0867798635736,248.76861017663032,192.0612360117957,7.402310012689521,10.55281911601102,8.010342352903418,440.2697859331965,440.9413694171235,441.025351784192,440.38184895180166,1,
qwen,150,cap96_chunk-1_polfcfs_mem0.85,96,-1,fcfs,0.85,0,R_medium_balanced,4.481083207272771,1147.1573010618297,4732.023866880047,3584.866565818217,147.04152662307024,197.91331852320585,198.03455353248864,163.70519521296956,6.395651041256155,6.7386835635475375,6.334399289049792,1779.2199668474495,1894.7913069278,1894.9910342693329,1778.9770139206666,1,
qwen,150,cap96_chunk-1_polfcfs_mem0.85,96,-1,fcfs,0.85,0,R_short_decode,0.881577755338852,225.6839053667461,313.84168090063133,88.1577755338852,51.59039958380163,53.55409246403724,54.11652828101069,50.989165843930095,4.2429243269212105,4.246615503330295,4.241548637704303,1132.645349483937,1136.0894908895716,1136.4210758684203,1132.584068458527,1,
qwen,150,cap96_chunk-1_polfcfs_mem0.85,96,-1,fcfs,0.85,0,shared_prefix,16.619669528247893,4254.635399231461,42401.32140744701,38146.68600821555,553.2837552018464,878.2523962669075,879.0772152645513,639.1973240897642,12.303946446627378,13.886606589726664,12.519318920567825,3821.923725772649,4027.399975201115,4029.737641750835,3831.2465503040585,1,
qwen,150,cap96_chunk-1_polfcfs_mem0.85,96,-1,fcfs,0.85,0,tool_agent,4.843954585065115,1004.2244448027742,14082.635406976406,13078.410962173632,281.9374091923237,663.4554403601214,686.8261531880125,297.1822137082927,11.16189862091449,59.64317200705409,20.253547632439087,720.0411877129227,6684.3309861375,9324.829302066932,2246.57278010156,1,
qwen,151,cap96_chunk-1_polfcfs_mem0.9,96,-1,fcfs,0.9,0,R_concurrent_decode,12.138029986565517,3107.3356765607723,5534.941673873876,2427.605997313103,130.67089091055095,132.83300027251244,134.51675130520016,130.48060971777886,9.77973116689599,9.790578644426995,9.78146644228358,2624.3152127135545,2626.5957064926624,2627.1178147615865,2624.4482629263075,1,
qwen,151,cap96_chunk-1_polfcfs_mem0.9,96,-1,fcfs,0.9,0,R_long_prefill,9.177147292084566,293.6687133467061,37002.25788168497,36708.589168338265,238.0332991015166,238.31445057876408,238.3393404725939,202.45341584086415,6.0974309491294045,10.035238767253052,7.254154402612437,427.13242350146174,427.89657581597567,427.9945745691657,427.33220232184976,1,
qwen,151,cap96_chunk-1_polfcfs_mem0.9,96,-1,fcfs,0.9,0,R_medium_balanced,4.494527143981183,1150.5989488591829,4746.220664044129,3595.6217151849464,158.29817112535238,176.6549947205931,176.82678853161633,159.39312748378143,6.390008090210019,6.737413230425148,6.334101622947035,1774.4446266442535,1875.3890219377356,1875.3901576856151,1774.5890413352754,1,
qwen,151,cap96_chunk-1_polfcfs_mem0.9,96,-1,fcfs,0.9,0,R_short_decode,0.8831786868411642,226.09374383133803,314.41161251545446,88.31786868411642,46.264564152807,55.44765142258257,56.04133091401309,47.56843787617981,4.248843015189848,4.250711131950512,4.247548654401565,1129.1447889525443,1137.6454985467717,1138.122890642844,1130.693344748579,1,
qwen,151,cap96_chunk-1_polfcfs_mem0.9,96,-1,fcfs,0.9,0,shared_prefix,16.799182909536533,4300.5908248413525,42859.309128804525,38558.71830396317,460.2831434458494,935.7859218027444,936.9245452014728,595.3266418728163,12.260565206445024,14.086796330361096,12.535613222807257,3778.407503385097,4073.391130147502,4074.9980152910575,3791.532080475008,1,
qwen,151,cap96_chunk-1_polfcfs_mem0.9,96,-1,fcfs,0.9,0,tool_agent,4.828223106988082,1000.9630734252344,14036.899910022172,13035.936836596937,273.5953670926392,607.0232715923339,686.3316866150126,292.7872801129706,11.311408528728924,82.34886857680962,21.260283009528017,710.2451112587005,6793.962183268741,9422.381252376355,2287.000194506254,1,
qwen,152,cap96_chunk2048_pollpm_mem0.75,96,2048,lpm,0.75,0,R_concurrent_decode,12.09837117622766,3097.183021114281,5516.857256359813,2419.674235245532,133.56774393469095,135.74535637162626,140.58342916425318,132.66277915681712,9.80002169004258,9.80335487701072,9.805351118453672,2632.3927405755967,2635.3118346072733,2635.776549153961,2632.721047019004,1,
qwen,152,cap96_chunk2048_pollpm_mem0.75,96,2048,lpm,0.75,0,R_long_prefill,7.705478267365508,246.57530455569625,31068.48837401773,30821.913069462036,209.65276332572105,309.6798167331144,318.3256930252537,209.33392643928528,9.681884191870209,12.966395892773662,9.700226871627232,510.0824625696987,510.65194404218346,510.7019319804385,510.0409594597295,1,
qwen,152,cap96_chunk2048_pollpm_mem0.75,96,2048,lpm,0.75,0,R_medium_balanced,4.453515199391126,1140.0998910441283,4702.91205055703,3562.8121595129014,155.2713974379003,192.1254586195573,192.44902103673667,148.47716980148107,6.456291919355007,7.02835911127063,6.441499277328451,1790.9712055698035,1892.6418247865515,1892.6808389136568,1791.0594855202362,1,
qwen,152,cap96_chunk2048_pollpm_mem0.75,96,2048,lpm,0.75,0,R_short_decode,0.8835541234666875,226.189855607472,314.54526795414074,88.35541234666876,47.69817809574306,51.70826381072402,52.356796991080046,48.07935090502724,4.243685682212897,4.250120481786628,4.243817507955884,1130.9167300350964,1133.192963921465,1133.37796181906,1130.252815433778,1,
qwen,152,cap96_chunk2048_pollpm_mem0.75,96,2048,lpm,0.75,0,shared_prefix,17.20348125340426,4404.09120087149,43890.7847543395,39486.69355346801,411.82822035625577,683.4875822532919,772.8369674878195,461.31516018067487,12.2718687543609,13.624612268553498,12.71714692597562,3689.887074520811,3887.004608660936,3888.029403761029,3703.812325100444,1,
qwen,152,cap96_chunk2048_pollpm_mem0.75,96,2048,lpm,0.75,0,tool_agent,4.831458276857056,1001.6337726666204,14046.305389975443,13044.671617308824,166.9214174617082,563.2690045982596,691.4816915290422,216.5084084798582,13.421898523933791,198.78295008093116,43.84713777625021,818.6033051460981,6983.668082533403,9873.155898777764,2361.3668832788244,1,
qwen,153,cap96_chunk2048_pollpm_mem0.8,96,2048,lpm,0.8,0,R_concurrent_decode,12.105673147088895,3099.052325654757,5520.186955072536,2421.134629417779,128.64109105430543,130.72768913116306,136.39263327233493,127.92863910726736,9.806026625173056,9.810589484267814,9.8114864185685,2629.7237270046026,2631.586631154641,2632.2560456115752,2629.5511053467635,1,
qwen,153,cap96_chunk2048_pollpm_mem0.8,96,2048,lpm,0.8,0,R_long_prefill,7.341575796631674,234.9304254922136,29601.23361201891,29366.303186526697,228.7796963937581,334.695672034286,344.33336730580777,224.6534761507064,9.891545722982094,13.777116445764417,10.028934831009998,535.5809710454196,535.9251817455515,535.94974021893,535.5504559120163,1,
qwen,153,cap96_chunk2048_pollpm_mem0.8,96,2048,lpm,0.8,0,R_medium_balanced,4.51892046516557,1156.8436390823858,4771.980011214841,3615.136372132456,125.36870455369352,185.80183305311948,185.85952876601368,141.33492665132508,6.475369823073931,6.720922056439461,6.368105590580871,1765.1984570547938,1827.5100268656388,1827.7208297746256,1765.2018522494473,1,
qwen,153,cap96_chunk2048_pollpm_mem0.8,96,2048,lpm,0.8,0,R_short_decode,0.8755064690095982,224.12965606645716,311.68030296741694,87.5506469009598,46.24533397145569,87.12282576598224,100.34003701992332,53.61434881342575,4.248711111608381,4.333936735786789,4.262910671212582,1129.6979878097773,1177.948964224197,1183.5086694778877,1140.6565699726343,1,
qwen,153,cap96_chunk2048_pollpm_mem0.8,96,2048,lpm,0.8,0,shared_prefix,17.206122851898716,4404.767450086071,43897.52419441094,39492.75674432487,458.68584094569087,698.5529752681025,775.9323356254026,464.4673254006193,12.322489711839486,13.43004371733496,12.679045139716528,3680.2637961227447,3894.474221020937,3895.7388941710815,3697.247344582138,1,
qwen,153,cap96_chunk2048_pollpm_mem0.8,96,2048,lpm,0.8,0,tool_agent,4.824369158240044,1000.1640920405348,14025.695478984951,13025.531386944416,180.34948175773025,572.8152406169097,688.7282134173428,225.18872953718528,13.311207693602356,203.87902865186325,43.032439583135776,822.7448037359864,6898.848055605774,9825.23204691242,2363.067121233325,1,
qwen,154,cap96_chunk2048_pollpm_mem0.85,96,2048,lpm,0.85,0,R_concurrent_decode,12.07237117117217,3090.527019820076,5505.001254054509,2414.474234234434,139.0552786178887,141.10069971065968,145.90056431479752,138.00819935568143,9.80368883139285,9.808375163222935,9.80977596375566,2639.281138312072,2640.9559992607683,2641.3558014528826,2639.194704897818,1,
qwen,154,cap96_chunk2048_pollpm_mem0.85,96,2048,lpm,0.85,0,R_long_prefill,7.760335265876002,248.33072850803208,31289.671792012043,31041.34106350401,197.5312209688127,321.741992724128,334.1848556185141,206.70725672971457,9.959748465447657,12.988552042553502,9.718455742263506,506.36261282488704,507.1878409478813,507.3012064117938,506.5703075379133,1,
qwen,154,cap96_chunk2048_pollpm_mem0.85,96,2048,lpm,0.85,0,R_medium_balanced,4.318871337028743,1105.6310622793585,4560.728131902352,3455.0970696229942,175.8647405076772,245.24121440481397,286.2840445479378,172.8992356802337,6.473329705277495,7.283545245288634,6.559236967986377,1845.508640864864,1996.520044980571,1997.034312179312,1845.50466251676,1,
qwen,154,cap96_chunk2048_pollpm_mem0.85,96,2048,lpm,0.85,0,R_short_decode,0.8820481368112875,225.8043230236896,314.0091367048184,88.20481368112874,47.294630436226726,52.03133071772754,53.33593673072755,48.12436946667731,4.248061880250188,4.2559277069955765,4.249744165880497,1131.5364432521164,1136.2779991701243,1137.938549630344,1131.8091317662038,1,
qwen,154,cap96_chunk2048_pollpm_mem0.85,96,2048,lpm,0.85,0,shared_prefix,16.8171401936185,4305.187889566336,42905.12307069248,38599.93518112615,489.152719033882,792.6020371960468,853.3795326249674,535.3485349442053,12.299089423179918,13.649317214228944,12.74999625466764,3775.184063706547,3971.6862697852775,3973.4004359785463,3786.2204445991674,1,
qwen,154,cap96_chunk2048_pollpm_mem0.85,96,2048,lpm,0.85,0,tool_agent,4.833438095240567,1002.044218714798,14052.06123676909,13050.017018054292,189.6399813704193,585.5653773760421,730.2667503990225,236.50117044104263,13.25283061716713,192.71715460345143,42.97605926845112,847.6448443252593,6984.719879180191,9929.27050194237,2370.0161532498896,1,
qwen,155,cap96_chunk2048_pollpm_mem0.9,96,2048,lpm,0.9,0,R_concurrent_decode,11.195346491725132,2866.008701881634,5105.07800022666,2239.0692983450263,201.80665026418865,337.63822349719703,346.41266527120024,218.5987926350208,10.355181237865311,10.51454314332017,10.28982172215524,2842.0421599876136,2844.9006053619087,2846.125860582106,2842.196623270865,1,
qwen,155,cap96_chunk2048_pollpm_mem0.9,96,2048,lpm,0.9,0,R_long_prefill,7.855936947137086,251.38998230838675,31675.13777085673,31423.747788548342,195.33273833803835,299.70114012248814,309.2325007263571,199.16851806920025,9.852004094770358,12.820012726250194,9.73111157861328,500.7448652759194,501.426382153295,501.4942985353992,500.8329770062119,1,
qwen,155,cap96_chunk2048_pollpm_mem0.9,96,2048,lpm,0.9,0,R_medium_balanced,4.515042226529261,1155.850809991491,4767.8845912149,3612.033781223409,151.36780054308474,158.83229579776523,158.87500327080488,133.90402682125568,6.448956226528274,6.865074095663195,6.395734993937224,1764.850994106382,1860.0612230366096,1860.544783691876,1764.816450275248,1,
qwen,155,cap96_chunk2048_pollpm_mem0.9,96,2048,lpm,0.9,0,R_short_decode,0.8809915473649508,225.5338361254274,313.63299086192245,88.09915473649508,51.13045102916658,54.69758147373796,54.76389171555638,51.20176309719682,4.243361766395323,4.250809536406807,4.244678431674473,1132.8283194452524,1136.5810336079448,1136.8424117844552,1133.5947631741874,1,
qwen,155,cap96_chunk2048_pollpm_mem0.9,96,2048,lpm,0.9,0,shared_prefix,17.147926847896482,4389.869273061499,43749.0502752314,39359.1810021699,414.467784576118,777.5076511315998,830.0795994093642,466.33267030483694,12.268916645324698,13.796682959952046,12.741228101350185,3701.923066284508,3937.0056635467336,3937.8621307294816,3714.970656332298,1,
qwen,155,cap96_chunk2048_pollpm_mem0.9,96,2048,lpm,0.9,0,tool_agent,4.827547890451564,1000.823090908966,14034.936879994211,13034.113789085248,175.97553599625826,585.4499885579569,702.6914948411276,232.5977510632947,13.83712693184082,197.8885365650057,43.472984623038805,835.7512257061899,6954.057026398366,9914.78439723141,2367.4909007083625,1,
qwen,156,cap96_chunk2048_polfcfs_mem0.75,96,2048,fcfs,0.75,0,R_concurrent_decode,12.019790684984102,3077.06641535593,5481.024552352751,2403.9581369968205,142.52610597759485,144.8749968549237,150.3178283944726,141.67100463237148,9.827313403252,9.834278712012605,9.83290955052025,2648.355747340247,2652.083624061197,2652.6861904887483,2648.755725749652,1,
qwen,156,cap96_chunk2048_polfcfs_mem0.75,96,2048,fcfs,0.75,0,R_long_prefill,6.5265364145568725,208.84916526581992,26314.99482349331,26106.14565822749,243.32830612547696,394.54119356814766,411.4117500977591,249.9905290314928,11.610716003023327,15.772137721069155,11.393321095965804,603.2605022192001,603.7032459164038,603.7476991163567,603.1834830064327,1,
qwen,156,cap96_chunk2048_polfcfs_mem0.75,96,2048,fcfs,0.75,0,R_medium_balanced,4.532057489746344,1160.206717375064,4785.852709172139,3625.645991797075,140.1419087778777,161.47575923241675,161.57825929112732,137.9021737375297,6.442251795099354,6.723068838519063,6.359208584306579,1759.3211613129824,1842.3596328357237,1842.517149192281,1759.5003627357073,1,
qwen,156,cap96_chunk2048_polfcfs_mem0.75,96,2048,fcfs,0.75,0,R_short_decode,0.8845775226089916,226.45184578790185,314.909598048801,88.45775226089916,50.19803741015494,52.07553333602846,52.326535461470485,50.18244753591716,4.227191625236004,4.233648180596385,4.2284965645247965,1128.963607829064,1130.420991638675,1130.426007034257,1128.4490714897402,1,
qwen,156,cap96_chunk2048_polfcfs_mem0.75,96,2048,fcfs,0.75,0,shared_prefix,17.369444886511143,4446.577890946853,44314.20336307608,39867.62547212923,506.97130849584937,628.4556969068944,630.3936896612868,527.5849599966023,12.18042082573269,12.745711634428623,12.301789545905482,3650.087996618822,3757.504618819803,3759.861197597347,3664.1651605859806,1,
qwen,156,cap96_chunk2048_polfcfs_mem0.75,96,2048,fcfs,0.75,0,tool_agent,4.830131538173518,1001.3587198364428,14042.448215670342,13041.089495833898,212.92206924408677,671.4747200487177,781.3861060282213,272.0909078442492,12.492993610909473,138.70034278370434,31.371032528432384,849.109738599509,7100.294215721077,9834.927165573456,2390.32353292685,1,
qwen,157,cap96_chunk2048_polfcfs_mem0.8,96,2048,fcfs,0.8,0,R_concurrent_decode,12.14753326417047,3109.76851562764,5539.275168461734,2429.506652834094,123.58676316216588,125.58821691200136,131.14421686623243,122.97649252286648,9.802313048538624,9.805117410187629,9.8059083535865,2623.213136335835,2625.180821516551,2625.6326670758426,2623.176745924866,1,
qwen,157,cap96_chunk2048_polfcfs_mem0.8,96,2048,fcfs,0.8,0,R_long_prefill,7.444621927855219,238.227901691367,30016.715613112243,29778.48771142088,222.75520372204485,328.3189356792718,338.1239732448012,218.73961226083335,9.864102192823925,13.725764902999565,9.992435232796256,528.5423716995865,529.0371727896854,529.0932720294222,528.5051044775173,1,
qwen,157,cap96_chunk2048_polfcfs_mem0.8,96,2048,fcfs,0.8,0,R_medium_balanced,4.5535618689035,1165.711838439296,4808.561333562096,3642.8494951228,122.65438470058145,157.57475409191102,157.66044144984335,126.05595661443658,6.462013493200727,6.704220842277888,6.370548473433683,1750.5540249403566,1822.8922105627132,1822.9277646401897,1750.5458173400257,1,
qwen,157,cap96_chunk2048_polfcfs_mem0.8,96,2048,fcfs,0.8,0,R_short_decode,0.8856989211455256,226.73892381325456,315.30881592780713,88.56989211455256,47.205313574522734,50.315971742384136,50.78288452234119,45.66127044381574,4.241812892039032,4.249211495157843,4.242725482018774,1128.103694645688,1131.9804662605748,1131.9951073406264,1127.5562683586031,1,
qwen,157,cap96_chunk2048_polfcfs_mem0.8,96,2048,fcfs,0.8,0,shared_prefix,17.430479031584014,4462.202632085508,44469.91815618102,40007.71552409551,420.228763949126,676.5316057251766,717.9913743305951,450.169414980337,12.369661861300177,13.618685466821724,12.568750202559064,3636.7792778182775,3838.786986400373,3840.3885764675215,3654.82500163489,1,
qwen,157,cap96_chunk2048_polfcfs_mem0.8,96,2048,fcfs,0.8,0,tool_agent,4.827261668160194,1000.7637527346304,14034.104757375404,13033.341004640772,197.8908982127905,645.0111178681251,739.1779058240348,265.7081358251162,12.285558561676853,142.9032519925385,31.41289761593748,830.9984498191625,6963.890850380994,9688.265316113824,2363.0360622843727,1,
qwen,158,cap96_chunk2048_polfcfs_mem0.85,96,2048,fcfs,0.85,0,R_concurrent_decode,12.132031011301228,3105.7999388931144,5532.2061411533605,2426.4062022602457,121.2315212469548,124.33342637959868,129.62398999836296,120.87443929340223,9.819038190385877,9.823957363454005,9.82324466597458,2625.448807142675,2628.511872701347,2629.21527848579,2625.4950545117026,1,
qwen,158,cap96_chunk2048_polfcfs_mem0.85,96,2048,fcfs,0.85,0,R_long_prefill,7.94590027293441,254.26880873390112,32037.86990047154,31783.60109173764,184.80005394667387,292.7341323811561,302.7595574501902,190.22551563102752,10.016371420915087,12.912746543635524,9.841871237562549,495.3075679950416,495.6076880916953,495.6373522058129,495.3235239954665,1,
qwen,158,cap96_chunk2048_polfcfs_mem0.85,96,2048,fcfs,0.85,0,R_medium_balanced,4.335975154459158,1110.0096395415444,4578.789763108871,3468.780123567326,166.02538828738034,243.73383447527883,282.5212221592665,165.43937430833466,6.467571399886818,7.292757557211991,6.564106365127088,1839.385023107752,1993.799792136997,1993.905123602599,1839.286497415742,1,
qwen,158,cap96_chunk2048_polfcfs_mem0.85,96,2048,fcfs,0.85,0,R_short_decode,0.8842364722815015,226.3645369040644,314.7881841322145,88.42364722815014,44.61752553470433,54.7042531426996,55.208253590390086,46.69393168296665,4.245406528934836,4.252548284152998,4.246323383824133,1127.395019866526,1138.5220632422715,1139.7119318787009,1129.5063945581203,1,
qwen,158,cap96_chunk2048_polfcfs_mem0.85,96,2048,fcfs,0.85,0,shared_prefix,17.30754740253093,4430.732135047918,44156.28595634928,39725.55382130136,494.15863514877856,675.3092748112977,679.1996161593124,525.981595263147,12.200859476647832,13.007656945846977,12.360170260022205,3650.823848554865,3806.968133221381,3809.4119711592793,3677.448467067734,1,
qwen,158,cap96_chunk2048_polfcfs_mem0.85,96,2048,fcfs,0.85,0,tool_agent,4.82520115019923,1000.3365764535532,14028.114295928212,13027.77771947466,213.14958482980728,657.6489257626234,735.8783104596653,268.5919088101946,12.325209844857454,138.00862203352148,30.751961042787517,841.0019443836063,6942.418129625728,9757.366132466115,2358.4183560684323,1,
qwen,159,cap96_chunk2048_polfcfs_mem0.9,96,2048,fcfs,0.9,0,R_concurrent_decode,11.356553732683366,2907.277755566942,5178.588502103615,2271.3107465366734,179.4885634444654,300.04123570397496,307.93912502005696,194.06103221990637,10.291649188444602,10.436709175598534,10.236484479063748,2803.9106288924813,2806.4892451744527,2806.7553219757974,2804.057912668213,1,
qwen,159,cap96_chunk2048_polfcfs_mem0.9,96,2048,fcfs,0.9,0,R_long_prefill,7.2860881054732305,233.15481937514335,29377.507241268067,29144.352421892923,197.82666745595637,334.0790217742324,348.5146552696824,210.8600534265861,11.050670708139098,14.043086257973505,10.636790283775378,540.493946056813,541.2234994350001,541.2978271907195,540.6005522236228,1,
qwen,159,cap96_chunk2048_polfcfs_mem0.9,96,2048,fcfs,0.9,0,R_medium_balanced,4.501686907798914,1152.431848396522,4753.781374635653,3601.349526239131,144.7524440009147,175.60369241982698,176.09082963317633,143.21266187471338,6.470034330827641,6.725758883882971,6.378233058985286,1769.8668437078595,1846.927006612532,1847.2168771317229,1769.6620919159614,1,
qwen,159,cap96_chunk2048_polfcfs_mem0.9,96,2048,fcfs,0.9,0,R_short_decode,0.8828704184491651,226.01482712298628,314.3018689679028,88.28704184491652,47.597724478691816,50.432608695700765,51.2578594032675,48.10749547323212,4.24565281445051,4.252445525854973,4.246977369949295,1130.6786297354847,1133.676644181833,1134.0470410417763,1131.0867248103025,1,
qwen,159,cap96_chunk2048_polfcfs_mem0.9,96,2048,fcfs,0.9,0,shared_prefix,17.549623096832757,4492.703512789186,44773.88724508591,40281.18373229672,442.938688211143,634.5412131864578,639.4062123354524,471.3055422726029,12.302155881280116,13.00372835970027,12.38099939727542,3614.876146195456,3758.1631355686113,3759.5403779577455,3628.084546657192,1,
qwen,159,cap96_chunk2048_polfcfs_mem0.9,96,2048,fcfs,0.9,0,tool_agent,4.825160600132303,1000.3281698164284,14027.99640634064,13027.668236524212,213.760307058692,647.3247120855373,740.0177348637948,277.1311826375313,12.249193541820883,134.153777686879,30.50245459099161,831.4549641218036,7065.8810605295,9748.681399319314,2374.132808984723,1,
qwen,160,cap96_chunk8192_pollpm_mem0.75,96,8192,lpm,0.75,0,R_concurrent_decode,11.98939277015516,3069.2845491597213,5467.163103190754,2397.8785540310323,153.65492971614003,155.90344483498484,158.81114274263382,152.21916703740135,9.80437292863487,9.814579982139929,9.811962768210584,2654.317508917302,2656.603244645521,2657.0456321910024,2653.96273326769,1,
qwen,160,cap96_chunk8192_pollpm_mem0.75,96,8192,lpm,0.75,0,R_long_prefill,7.429569070745567,237.74621026385813,29956.022493246124,29718.276282982268,295.38209550082684,338.7290731072426,338.7488530576229,259.58249950781465,7.4823298191110945,12.833670779101311,8.646072203954382,527.4029555730522,528.1808763742447,528.2815805822611,527.6107378304005,1,
qwen,160,cap96_chunk8192_pollpm_mem0.75,96,8192,lpm,0.75,0,R_medium_balanced,4.595970023228739,1176.5683259465573,4853.344344529549,3676.776018582991,117.02210363000631,131.4740302041173,131.59489501267672,121.27093685558066,6.368295233879311,6.677201381592336,6.319424800812175,1732.8567469958216,1816.9345495989544,1817.0134174404664,1732.7242610626854,1,
qwen,160,cap96_chunk8192_pollpm_mem0.75,96,8192,lpm,0.75,0,R_short_decode,0.8761343938117518,224.29040481580847,311.9038441969837,87.61343938117518,49.42425643093884,88.34761383477596,103.07822116184978,56.9605304626748,4.251449782510891,4.257459187167971,4.247981089984954,1134.1682702768594,1164.7594064474106,1176.6380823403597,1139.6677325828932,1,
qwen,160,cap96_chunk8192_pollpm_mem0.75,96,8192,lpm,0.75,0,shared_prefix,17.060054193860683,4367.373873628335,43524.86310710724,39157.4892334789,478.03135914728045,785.639912635088,787.689952198416,539.3383930204436,12.267694516363097,13.521321403392244,12.526379801756931,3713.5535937268287,3922.587681002915,3923.8843077095225,3733.189242415392,1,
qwen,160,cap96_chunk8192_pollpm_mem0.75,96,8192,lpm,0.75,0,tool_agent,4.832410159290769,1001.8311121733658,14049.072759699682,13047.241647526316,204.0221863426268,594.2820076830681,694.3232501205057,258.2358255703002,12.076593358069658,118.83542989380658,27.88977060603835,720.2482260763645,6686.6352398181325,9508.198351124298,2266.208370910026,1,
qwen,161,cap96_chunk8192_pollpm_mem0.8,96,8192,lpm,0.8,0,R_concurrent_decode,11.990749442561352,3069.631857295706,5467.781745807976,2398.1498885122705,156.4210243523121,158.7453933665529,161.70947399921715,155.31726852350403,9.800061265773634,9.806899486389428,9.8059849631822,2655.32988216728,2658.158857538365,2658.602560465224,2655.536886464688,1,
qwen,161,cap96_chunk8192_pollpm_mem0.8,96,8192,lpm,0.8,0,R_long_prefill,7.471392983507497,239.0845754722399,30124.656509502227,29885.571934029984,295.6688618287444,338.2266447180882,338.2505410211161,259.94491926394403,7.437057177265807,12.753618196133644,8.597466880605827,526.2639266438782,527.0175891229883,527.1212822617963,526.4663925627246,1,
qwen,161,cap96_chunk8192_pollpm_mem0.8,96,8192,lpm,0.8,0,R_medium_balanced,4.59415971096966,1176.1048860082328,4851.432654783961,3675.327768775728,109.7268892917782,138.7552316300571,138.90517270192504,119.84759426559322,6.377103339478958,6.718927982957194,6.336162958348937,1735.459502087906,1816.8755130609495,1817.3374729929487,1735.569148644572,1,
qwen,161,cap96_chunk8192_pollpm_mem0.8,96,8192,lpm,0.8,0,R_short_decode,0.8829113399573676,226.0253030290861,314.31643702482285,88.29113399573676,49.4890830013901,51.460130373016,51.811081590130925,48.90365857863799,4.244595584368296,4.249060697689214,4.243693185294521,1130.647306330502,1134.9047042895108,1135.4775710497051,1131.045420828741,1,
qwen,161,cap96_chunk8192_pollpm_mem0.8,96,8192,lpm,0.8,0,shared_prefix,17.108221240837022,4379.704637654278,43647.75041462079,39268.04577696651,536.580906715244,701.746963756159,703.8552663754672,567.7493206239888,12.261391799434383,13.005264029272046,12.37194550301415,3705.2689648699015,3853.22574947495,3854.809742188081,3722.218312643236,1,
qwen,161,cap96_chunk8192_pollpm_mem0.8,96,8192,lpm,0.8,0,tool_agent,4.83954964496777,1003.3112346464932,14069.829100828998,13066.517866182505,226.08560789376497,502.5387922534719,657.633214406669,252.0043741283007,12.139496848096142,119.44834366440772,27.64265900809807,719.8671756777912,6693.478213413617,9591.193316243583,2268.060368245933,1,
qwen,162,cap96_chunk8192_pollpm_mem0.85,96,8192,lpm,0.85,0,R_concurrent_decode,11.787971264234036,3017.7206436439133,5375.3148964907205,2357.594252846807,202.40578660741448,204.8473690869287,207.0208763796836,200.06824634037912,9.804861067666437,9.812686061286737,9.815677017918835,2702.4337048642337,2705.2543266443536,2705.7012915425003,2702.7590213692747,1,
qwen,162,cap96_chunk8192_pollpm_mem0.85,96,8192,lpm,0.85,0,R_long_prefill,7.674917675204096,245.59736560653107,30945.268066422912,30699.670700816383,268.81456607952714,313.0288087995723,319.2276802146808,256.4258088823408,7.823410451472286,10.633553275387852,8.231074654407077,511.6013197693974,512.21037148498,512.2671642433852,511.5891231689602,1,
qwen,162,cap96_chunk8192_pollpm_mem0.85,96,8192,lpm,0.85,0,R_medium_balanced,4.549738163872038,1164.7329699512418,4804.523501048872,3639.790531097631,127.12535122409464,160.25092860218138,160.42193702887744,137.37132199457847,6.378287217561521,6.694621670826832,6.32432052710404,1750.041038962081,1860.06206064485,1860.266076726839,1750.073056406109,1,
qwen,162,cap96_chunk8192_pollpm_mem0.85,96,8192,lpm,0.85,0,R_short_decode,0.8825742079049455,225.93899722366604,314.1964180141606,88.25742079049455,47.22823854535818,53.130684583447874,54.76220961194485,48.07986313244328,4.24788741522706,4.253142352179423,4.247994956733915,1130.2268400322646,1137.356551992707,1139.3266742443666,1131.3185770995915,1,
qwen,162,cap96_chunk8192_pollpm_mem0.85,96,8192,lpm,0.85,0,shared_prefix,17.068206735335302,4369.460924245837,43545.66246961955,39176.20154537371,533.6139132268727,751.4735587639734,762.1343552088365,566.2507407650992,12.249964921205653,13.178268747550309,12.399279136593996,3696.312152780592,3902.373461355455,3904.79009243194,3727.689923049184,1,
qwen,162,cap96_chunk8192_pollpm_mem0.85,96,8192,lpm,0.85,0,tool_agent,4.838802942699113,1003.1564320656664,14067.658243191425,13064.501811125756,223.05270610377192,512.6249633962288,659.1197658982126,256.24721539439633,12.190447455879374,119.78039010427892,28.444501804713727,727.7206662110984,6747.629405395126,9641.968823838975,2278.949344884604,1,
qwen,163,cap96_chunk8192_pollpm_mem0.9,96,8192,lpm,0.9,0,R_concurrent_decode,12.156574457061222,3112.0830610076728,5543.397952419918,2431.3148914122444,117.75564751587808,119.98760253190994,122.37966852262616,117.48516617808492,9.809382423283717,9.818206484801882,9.812574456149624,2619.300693506375,2621.8610234558582,2622.0904345577583,2619.384587960667,1,
qwen,163,cap96_chunk8192_pollpm_mem0.9,96,8192,lpm,0.9,0,R_long_prefill,8.966340031198238,286.9228809983436,36152.28300579129,35865.36012479295,196.2962974794209,240.3707926860079,246.5566000668332,183.1286490196362,7.8008605032077725,10.67529307648299,8.226638160375577,438.1434100214392,438.4633907582611,438.4735861700028,438.1544319912791,1,
qwen,163,cap96_chunk8192_pollpm_mem0.9,96,8192,lpm,0.9,0,R_medium_balanced,4.495709366721062,1150.901597880592,4747.4690912574415,3596.56749337685,147.82958989962935,184.56312699709088,184.64740787167105,157.62035295483656,6.401035227064116,6.7414808246836655,6.3387072121258825,1774.1291150450706,1882.839038851671,1883.3372734254224,1773.9906920469366,1,
qwen,163,cap96_chunk8192_pollpm_mem0.9,96,8192,lpm,0.9,0,R_short_decode,0.883498607595052,226.17564354433333,314.52550430383855,88.3498607595052,47.46416327543557,51.55486275907606,51.822232524864376,47.86968731787056,4.245425233909604,4.250503896699086,4.244872759205892,1130.4471543990076,1133.6162032792345,1134.1308205993846,1130.312240915373,1,
qwen,163,cap96_chunk8192_pollpm_mem0.9,96,8192,lpm,0.9,0,shared_prefix,17.20443248882754,4404.33471713985,43893.21161600771,39488.87689886786,491.4199830964208,703.1733251642436,708.8475786382332,525.9661105956184,12.251763264922534,13.41423369295822,12.451549311588384,3687.0809372048825,3840.786218782887,3842.410491872579,3700.734617566922,1,
qwen,163,cap96_chunk8192_pollpm_mem0.9,96,8192,lpm,0.9,0,tool_agent,4.832463194699416,1001.8421072091096,14049.226947421825,13047.384840212717,194.89424605853856,577.0226658787572,701.4189423248172,250.28022344456983,12.285624143921517,120.13794123195112,28.92845793779263,727.7230441104621,6756.448411289602,9645.926642213011,2281.6514437273145,1,
qwen,164,cap96_chunk8192_polfcfs_mem0.75,96,8192,fcfs,0.75,0,R_concurrent_decode,11.784126611749492,3016.73641260787,5373.561734957769,2356.8253223498987,200.8635038509965,203.103739884682,205.15268956311047,198.3438949828269,9.79610431902841,9.805752796965558,9.80855834947105,2699.08169307746,2701.501056435518,2701.859642481432,2699.2196313804016,1,
qwen,164,cap96_chunk8192_polfcfs_mem0.75,96,8192,fcfs,0.75,0,R_long_prefill,8.336645169617452,266.77264542775845,33613.353323897565,33346.58067846981,228.18208788521588,271.97289725299925,278.1329569919035,208.9232476428151,7.825541963440276,11.356181193203213,8.44654647798668,470.7738887518644,470.999954547733,471.0080747120082,470.7661884604022,1,
qwen,164,cap96_chunk8192_polfcfs_mem0.75,96,8192,fcfs,0.75,0,R_medium_balanced,4.592145831652076,1175.5893329029311,4849.305998224592,3673.716665321661,117.10201459936798,137.30970316100866,137.46837510261685,124.29058010457084,6.364693240646053,6.676140261412251,6.31751543796603,1735.1556746289134,1816.6860803030431,1817.1198717318475,1735.2570167859085,1,
qwen,164,cap96_chunk8192_polfcfs_mem0.75,96,8192,fcfs,0.75,0,R_short_decode,0.8817129451401499,225.7185139558784,313.8898084698933,88.17129451401499,48.67948545143008,51.09447718132287,51.40224418137223,49.05336600495502,4.249781991957741,4.254830236656263,4.249367587651838,1133.1238145940006,1135.3072440251708,1135.9186695888638,1132.6421008561738,1,
qwen,164,cap96_chunk8192_polfcfs_mem0.75,96,8192,fcfs,0.75,0,shared_prefix,16.830767599909766,4308.6765055769,42939.89031038542,38631.21380480851,504.5269480906427,795.9852343890816,813.7990113534033,587.1745516487863,12.34778491780162,13.533365897852562,12.529373170914438,3764.717872487381,3954.897577175871,3956.424838518724,3781.787720250577,1,
qwen,164,cap96_chunk8192_polfcfs_mem0.75,96,8192,fcfs,0.75,0,tool_agent,4.829944733514358,1001.3199924285292,14041.905125956951,13040.585133528422,214.86060810275376,635.5850485851988,709.9095189664513,281.20172244496644,11.825926864271748,83.28585587441921,23.59538814243721,728.9443018380553,6881.59098867327,9489.348543076769,2291.827561594546,1,
qwen,165,cap96_chunk8192_polfcfs_mem0.8,96,8192,fcfs,0.8,0,R_concurrent_decode,11.974491709376364,3065.4698776003493,5460.368219475623,2394.898341875273,160.46814271248877,162.78275065124035,165.4177565779537,159.00061470165383,9.791619654781384,9.798382191349887,9.798728370037514,2657.130175502971,2660.1072249002755,2660.345529341139,2657.3699869477423,1,
qwen,165,cap96_chunk8192_polfcfs_mem0.8,96,8192,fcfs,0.8,0,R_long_prefill,8.827747869560467,282.48793182593494,35593.479410067805,35310.99147824187,208.5570206400007,253.958706674166,253.9822699362412,193.217477761209,7.608388828474187,10.780601795282095,8.110833399358295,444.5152545813471,445.2145175542682,445.3061908762902,444.6533131413162,1,
qwen,165,cap96_chunk8192_polfcfs_mem0.8,96,8192,fcfs,0.8,0,R_medium_balanced,4.577980328314308,1171.9629640484627,4834.347226699908,3662.3842626514456,131.84734480455518,134.99607506673783,135.1594883715734,128.98831904749386,6.365304690438743,6.699910740751554,6.323432439467961,1741.2278279662132,1834.8421176197007,1835.1424124324692,1741.463591111824,1,
qwen,165,cap96_chunk8192_polfcfs_mem0.8,96,8192,fcfs,0.8,0,R_short_decode,0.8820186626270264,225.7967776325188,313.9986438952214,88.20186626270264,49.56554970704019,53.59125866089016,54.12344929296523,50.17702776240185,4.241667995594588,4.250598683515015,4.243125902105342,1131.0776767786592,1136.2838950706646,1137.1980946650729,1132.174132799264,1,
qwen,165,cap96_chunk8192_polfcfs_mem0.8,96,8192,fcfs,0.8,0,shared_prefix,17.004274449312895,4353.094259024101,43382.553726491926,39029.45946746782,429.56198821775615,832.8366922447458,867.9351215390489,522.6800652453676,12.361571058521378,14.259787318296729,12.641719289588949,3730.688431067392,4005.3317666519433,4007.199806733988,3745.941669367312,1,
qwen,165,cap96_chunk8192_polfcfs_mem0.8,96,8192,fcfs,0.8,0,tool_agent,4.852626175419178,1006.0221955570267,14107.845974749158,13101.823779192133,233.7089974898845,647.7428592508651,700.1283792406321,280.11155371321365,11.582471408676527,81.49294340983033,23.716752363312665,719.4275071378797,6770.119842677375,9564.63685621507,2269.820166153368,1,
qwen,166,cap96_chunk8192_polfcfs_mem0.85,96,8192,fcfs,0.85,0,R_concurrent_decode,12.012004287890978,3075.0730977000903,5477.473955278286,2402.400857578196,156.31934092380106,158.61743609420955,160.83452032413334,155.15338083787356,9.786113842810485,9.793168143225827,9.791895819059352,2651.6609392128885,2654.2445499217138,2654.4636097410694,2651.7805855401093,1,
qwen,166,cap96_chunk8192_polfcfs_mem0.85,96,8192,fcfs,0.85,0,R_long_prefill,8.897727117446674,284.7272677582936,35875.63573754499,35590.9084697867,208.27658753842115,244.750873465091,249.8782544024289,191.58931623678652,7.522971144006137,10.53671411749336,8.060412748055834,441.4886930026114,441.7503181146458,441.7599902162328,441.46211142651737,1,
qwen,166,cap96_chunk8192_polfcfs_mem0.85,96,8192,fcfs,0.85,0,R_medium_balanced,4.58751480626838,1174.4037904047052,4844.415635419409,3670.011845014704,126.54165155254304,129.36906213872135,129.56920131109655,123.57355139101855,6.373385087970425,6.706358786836705,6.329467773264018,1737.349675502628,1828.22702114936,1828.4047697437927,1737.5878335733432,1,
qwen,166,cap96_chunk8192_polfcfs_mem0.85,96,8192,fcfs,0.85,0,R_short_decode,0.8859010528479392,226.79066952907243,315.3807748138664,88.59010528479392,45.05976289510727,70.31655570026486,76.86392567586154,50.04067614208907,4.230878939486894,4.23836754004964,4.22587408137256,1125.0842064619064,1138.0402262788266,1138.9420845266432,1127.1165852085687,1,
qwen,166,cap96_chunk8192_polfcfs_mem0.85,96,8192,fcfs,0.85,0,shared_prefix,16.846371053392602,4312.670989668506,42979.69898678944,38667.02799712093,535.0398474838585,778.1980751780793,826.1549168080091,591.3563232898014,12.255904543231807,13.47982029695356,12.49561724234312,3747.8396366350353,3973.674690257758,3975.099005866796,3777.3608600109583,1,
qwen,166,cap96_chunk8192_polfcfs_mem0.85,96,8192,fcfs,0.85,0,tool_agent,4.83521644602068,1002.4128975067772,14057.231364858082,13054.818467351306,223.8337334711105,636.0561534063891,695.0302657205611,274.0186819760129,11.77208611141015,102.26539876312,24.402249441977503,721.1313855368644,6784.874609811231,9619.99690518714,2284.4959205249324,1,
qwen,167,cap96_chunk8192_polfcfs_mem0.9,96,8192,fcfs,0.9,0,R_concurrent_decode,12.135394190002076,3106.6609126405315,5533.739750640947,2427.078838000415,129.96080960147083,132.0803680922836,134.63677156250924,129.53162427584175,9.782020098474971,9.792336937859975,9.786065865778651,2624.652340076864,2627.3232663050294,2627.518805046566,2624.672207093681,1,
qwen,167,cap96_chunk8192_polfcfs_mem0.9,96,8192,fcfs,0.9,0,R_long_prefill,8.679172393124315,277.7335165799781,34994.42308907724,34716.68957249726,218.37674244306984,254.6553768683225,259.7538808081299,199.858327396214,7.541524291399025,10.748530998675813,8.137794879956111,452.1639954764396,452.38922727294266,452.3929223511368,452.12996867485344,1,
qwen,167,cap96_chunk8192_polfcfs_mem0.9,96,8192,fcfs,0.9,0,R_medium_balanced,4.448041750547063,1138.698688140048,4697.132088577699,3558.43340043765,169.92949810810387,198.7617692211643,198.94097794312984,176.50947166839617,6.396535848833475,6.741752491935211,6.339586945935427,1793.1770391296595,1899.3208188330757,1899.362574960105,1793.10414288193,1,
qwen,167,cap96_chunk8192_polfcfs_mem0.9,96,8192,fcfs,0.9,0,R_short_decode,0.8828097000374613,225.9992832095901,314.2802532133362,88.28097000374613,49.12468302063644,68.2873743586242,74.02841186150908,52.57681856164709,4.234024737139835,4.241180720866895,4.229629217375506,1129.5440851245075,1137.3704984551296,1137.8715126914904,1130.6093688472174,1,
qwen,167,cap96_chunk8192_polfcfs_mem0.9,96,8192,fcfs,0.9,0,shared_prefix,17.04767078657515,4364.203721363238,43493.26964903392,39129.06592767067,501.4249149244279,749.7656873194501,750.4308973066509,564.0679896532674,12.321340521870582,13.315718199911656,12.427263641701664,3712.1915742754936,3895.68796842359,3898.391950801015,3732.6430046232417,1,
qwen,167,cap96_chunk8192_polfcfs_mem0.9,96,8192,fcfs,0.9,0,tool_agent,4.848725589805197,1005.2135456504644,14096.505958217056,13091.29241256659,201.67084806598723,601.2282164767372,684.3688590591773,270.4015894397162,11.649262705837849,97.36781739629804,23.617973626996893,724.4902118109167,6738.810559455303,9504.33487587608,2257.379890298471,1,
qwen,168,cap128_chunk-1_pollpm_mem0.75,128,-1,lpm,0.75,0,R_concurrent_decode,11.7948409158023,3019.4792744453885,5378.447457605848,2358.96818316046,201.70638849958775,204.0563033428043,205.92567771673205,199.37129764002748,9.786526313708986,9.794535247971153,9.796549608682936,2697.342946892604,2699.594835191965,2700.146683254279,2697.1851458074525,1,
qwen,168,cap128_chunk-1_pollpm_mem0.75,128,-1,lpm,0.75,0,R_long_prefill,8.336775781842592,266.77682501896294,33613.87995238933,33347.10312737037,275.2449801191688,275.5539121106267,275.58200623840094,235.16378528438509,6.126992689866212,10.563087917023124,7.428031426013237,465.1817535050213,466.1355037242174,466.2608366459608,465.4327594907954,1,
qwen,168,cap128_chunk-1_pollpm_mem0.75,128,-1,lpm,0.75,0,R_medium_balanced,4.577897717461751,1171.941815670208,4834.259989639609,3662.3181739694,116.73352005891502,146.7514457181096,146.88222128897905,128.37693231995218,6.37287264598497,6.681172600399483,6.325466152024912,1741.266884142533,1817.154176183976,1817.255365033634,1741.3708010863047,1,
qwen,168,cap128_chunk-1_pollpm_mem0.75,128,-1,lpm,0.75,0,R_short_decode,0.885448570161453,226.674833961332,315.2196909774772,88.54485701614529,46.50467494502664,51.873101270757616,52.836049790494144,46.4347954839468,4.236684661066415,4.245872044132328,4.23900336734768,1127.4531283415854,1133.8050793623552,1135.561735550873,1127.380654157605,1,
qwen,168,cap128_chunk-1_pollpm_mem0.75,128,-1,lpm,0.75,0,shared_prefix,16.72955750457879,4282.76672117217,42681.67568256065,38398.90896138848,436.1281869933009,965.6234458787368,970.393638536334,587.1064419370668,12.27551286437494,14.087013824587212,12.619217688001225,3786.9476184714586,4116.953400499187,4118.457327797078,3804.629364953144,1,
qwen,168,cap128_chunk-1_pollpm_mem0.75,128,-1,lpm,0.75,0,tool_agent,4.832844907173637,1001.9212419307026,14050.33668482963,13048.415442898928,257.2051449678838,570.528144412674,677.2166906809434,295.4039117321372,11.319073149934413,69.60016861557958,21.491649424123292,710.2270633913577,6710.946920770219,9526.27358816098,2271.867786506191,1,
qwen,169,cap128_chunk-1_pollpm_mem0.8,128,-1,lpm,0.8,0,R_concurrent_decode,12.097129005926272,3096.865025517126,5516.29082670238,2419.425801185255,131.34292094036937,133.75325151719153,136.4219523780048,131.25622759980615,9.800558854990143,9.807779654494984,9.803475241142776,2630.6687362957746,2632.722402154468,2633.92543847207,2630.8357176894788,1,
qwen,169,cap128_chunk-1_pollpm_mem0.8,128,-1,lpm,0.8,0,R_long_prefill,8.073663698525305,258.35723835280976,32553.01203245403,32294.654794101218,242.74669564329088,282.32346798758954,287.8867889707908,219.5533143822104,7.671845551099508,11.514311929744096,8.42031200731834,480.5739077273756,481.3070714473725,481.3631238043308,480.5829866090789,1,
qwen,169,cap128_chunk-1_pollpm_mem0.8,128,-1,lpm,0.8,0,R_medium_balanced,4.580194183791116,1172.5297110505255,4836.685058083419,3664.155347032893,122.3603889811784,135.2241081185639,135.33680336549878,124.13314756122418,6.410784001334333,6.687668718708058,6.3315046362250165,1738.6054042726755,1822.900000028312,1823.1987858191133,1738.6668297986034,1,
qwen,169,cap128_chunk-1_pollpm_mem0.8,128,-1,lpm,0.8,0,R_short_decode,0.881546259968491,225.6758425519337,313.8304685487828,88.1546259968491,51.10584665089846,53.768045688048005,54.79312677867711,50.72495300555602,4.22789495000068,4.303850557326394,4.242575048998583,1129.9328149762005,1146.4613722870126,1152.705702376552,1132.5815905001946,1,
qwen,169,cap128_chunk-1_pollpm_mem0.8,128,-1,lpm,0.8,0,shared_prefix,16.7028159893913,4275.920893284173,42613.45076518431,38337.52987190014,426.9222049042583,1006.6832466283812,1011.1858497885988,578.2169999438338,12.370031643841488,14.177584311121382,12.684441963488055,3797.0733812544495,4142.817273107357,4144.394341963343,3812.372943277296,1,
qwen,169,cap128_chunk-1_pollpm_mem0.8,128,-1,lpm,0.8,0,tool_agent,4.832458440775775,1001.84112164943,14049.21312652978,13047.37200488035,261.35921664536,583.5974135901779,680.2030521119013,292.3432249063626,11.370986484741149,84.79262273758636,21.46504607331114,704.5395039021969,6848.163735959678,9531.985473786472,2298.9619287033565,1,
qwen,170,cap128_chunk-1_pollpm_mem0.85,128,-1,lpm,0.85,0,R_concurrent_decode,11.80272068090598,3021.496494311931,5382.040630493128,2360.5441361811963,195.5546049866825,197.6629578974098,199.88327054306865,192.906753756688,9.801092423389065,9.812002089520911,9.812740103949832,2694.998727180064,2696.934936242178,2697.326935278252,2694.8486230394337,1,
qwen,170,cap128_chunk-1_pollpm_mem0.85,128,-1,lpm,0.85,0,R_long_prefill,9.050920481776094,289.629455416835,36493.31138252121,36203.68192710438,240.8276554197073,241.18624429684127,241.2223990773782,206.5094076097012,6.109345952169068,9.90436450247803,7.22205339585461,430.47051737084985,430.89826479554176,430.93681685626507,430.39306288119406,1,
qwen,170,cap128_chunk-1_pollpm_mem0.85,128,-1,lpm,0.85,0,R_medium_balanced,4.578485877866316,1172.092384733777,4834.88108702683,3662.7887022930527,130.754922516644,131.60410150885582,131.7398738116026,126.26631802413613,6.380070563332707,6.7070220629045485,6.329247492192057,1740.0986857246608,1831.8443985190245,1832.157516805455,1740.2244285331108,1,
qwen,170,cap128_chunk-1_pollpm_mem0.85,128,-1,lpm,0.85,0,R_short_decode,0.8818519613508441,225.7541021058161,313.9392982409005,88.18519613508441,48.16650762222707,48.801314597949386,48.84723546914756,48.22353384224698,4.250260978462357,4.256932323926367,4.2514524527588025,1132.1281837299466,1133.9535048929974,1134.095874927007,1132.3439092957417,1,
qwen,170,cap128_chunk-1_pollpm_mem0.85,128,-1,lpm,0.85,0,shared_prefix,16.733527272771084,4283.782981829398,42691.80364670269,38408.02066487329,496.19629979133606,909.4636741559952,912.5460118707268,610.4755371743522,12.282615004326493,13.930404709524238,12.530540459525277,3791.0393325146288,4048.793119820766,4050.678945193067,3805.3874459074,1,
qwen,170,cap128_chunk-1_pollpm_mem0.85,128,-1,lpm,0.85,0,tool_agent,4.837235242757794,1002.831424352332,14063.100531860024,13060.269107507693,239.32596947997808,514.1393010737365,683.0016881553455,286.2503687408753,11.591710894063642,80.93079496175037,21.48843076521318,713.2989990059286,6704.796854010781,9447.261845604511,2263.2509744749404,1,
qwen,171,cap128_chunk-1_pollpm_mem0.9,128,-1,lpm,0.9,0,R_concurrent_decode,12.157540629293996,3112.330401099264,5543.838526958063,2431.5081258588,124.29853319190444,126.42767042852938,127.84269489347936,123.98033206409308,9.78474201378869,9.793701503903648,9.786209887672983,2619.144381722436,2621.258852281608,2621.8302355334163,2619.1575339180417,1,
qwen,171,cap128_chunk-1_pollpm_mem0.9,128,-1,lpm,0.9,0,R_long_prefill,8.979518772237753,287.3446007116081,36205.41968966262,35918.07508895102,206.2387247569859,241.07602720614523,245.9775960398838,188.2853709394112,7.449877538507985,10.55943796471242,8.028041188334747,437.1849284507334,437.7239016350359,437.7899658959359,437.15464777778834,1,
qwen,171,cap128_chunk-1_pollpm_mem0.9,128,-1,lpm,0.9,0,R_medium_balanced,4.492229188711538,1150.0106723101535,4743.794023279384,3593.7833509692305,151.2039841618389,184.8455793224275,184.90997357293963,159.32860880275257,6.398979020213671,6.739060019654239,6.337073068339926,1775.3339947666973,1881.998241413385,1882.5248272158208,1775.2822412294336,1,
qwen,171,cap128_chunk-1_pollpm_mem0.9,128,-1,lpm,0.9,0,R_short_decode,0.8830672133447143,226.06520661624683,314.3719279507183,88.30672133447143,46.58659151755273,50.54194389376789,51.52328480500728,46.71134444652125,4.250031350837911,4.258178767529043,4.2519290518362585,1130.8526590000838,1134.495024359785,1135.0651161326095,1130.9532526647672,1,
qwen,171,cap128_chunk-1_pollpm_mem0.9,128,-1,lpm,0.9,0,shared_prefix,16.77102398624349,4293.382140478333,42787.46801577838,38494.08587530004,533.0999933648854,874.945241259411,875.9450163366273,604.5921414734039,12.288013515153937,13.782176164837152,12.522947425697955,3785.522864200175,4012.391172046773,4015.268433494493,3797.567804562277,1,
qwen,171,cap128_chunk-1_pollpm_mem0.9,128,-1,lpm,0.9,0,tool_agent,4.827169871531076,1000.7447219164652,14033.837880707437,13033.093158790973,282.0693131070584,514.1996195539823,684.6475465549156,281.2158979242668,11.394625828618242,55.68002532236278,20.27398882882804,711.5712517406791,6720.125122158785,9504.99741867184,2256.4126036246307,1,
qwen,172,cap128_chunk-1_polfcfs_mem0.75,128,-1,fcfs,0.75,0,R_concurrent_decode,12.120098719428432,3102.7452721736786,5526.765016059365,2424.0197438856862,129.50256979092956,131.9899988360703,133.53190014138818,129.04578546294942,9.797204478516006,9.804559848377355,9.799071990010594,2627.525898395106,2630.404361383989,2630.6273564649746,2627.502535673557,1,
qwen,172,cap128_chunk-1_polfcfs_mem0.75,128,-1,fcfs,0.75,0,R_long_prefill,7.309699402065865,233.9103808661077,29472.70798912957,29238.79760826346,245.08495489135385,314.88920082338154,324.72245411016047,229.44540658500048,9.173833592344195,13.16345034377469,9.68354940789962,529.4822342693806,530.2188159199432,530.2943789446726,529.6354382298887,1,
qwen,172,cap128_chunk-1_polfcfs_mem0.75,128,-1,fcfs,0.75,0,R_medium_balanced,4.557304564407506,1166.6699684883215,4812.513620014326,3645.8436515260046,124.99624537304044,154.3954067165032,154.60340448189527,135.00273373210803,6.410178235348534,6.697183388614041,6.333978989335033,1750.224958639592,1827.3695458192376,1827.5831474456936,1750.1673760125414,1,
qwen,172,cap128_chunk-1_polfcfs_mem0.75,128,-1,fcfs,0.75,0,R_short_decode,0.8837910641970664,226.250512434449,314.6296188541557,88.37910641970664,45.25814414955676,57.13946497999132,58.4734848421067,47.97534551471472,4.237846134449629,4.251611560455286,4.24041040743902,1126.823904924095,1137.6360129565,1139.002985060215,1129.279999411665,1,
qwen,172,cap128_chunk-1_polfcfs_mem0.75,128,-1,fcfs,0.75,0,shared_prefix,16.717597588993605,4279.704982782363,42651.16266761343,38371.45768483107,519.994096364826,878.3960389206186,906.7536189686508,612.1558613194793,12.289669914565804,13.88042667844132,12.53245509364988,3786.8014979176223,4060.762845398858,4062.5829692929983,3807.554575330869,1,
qwen,172,cap128_chunk-1_polfcfs_mem0.75,128,-1,fcfs,0.75,0,tool_agent,4.832507173490266,1001.8512246721344,14049.35480520131,13047.503580529175,273.14799814485013,664.6106907632202,688.4397064801306,298.82241735002026,11.074359434254486,82.6329176779835,21.789548916013345,714.7045694291592,6744.204928143879,9519.949449235568,2284.473311379552,1,
qwen,173,cap128_chunk-1_polfcfs_mem0.8,128,-1,fcfs,0.8,0,R_concurrent_decode,12.061379169804916,3087.713067470059,5499.988901431042,2412.275833960983,142.2943565994501,144.43957700859755,161.89894211944195,141.8624887301121,9.792960329236935,9.797915018656676,9.798644781981029,2639.879273250699,2642.517806775868,2642.641261983663,2639.9064893630566,1,
qwen,173,cap128_chunk-1_polfcfs_mem0.8,128,-1,fcfs,0.8,0,R_long_prefill,7.627444399993301,244.07822079978564,30753.85582077299,30509.777599973208,247.4578535184264,315.65669807605445,325.2606899943203,233.3654910326004,8.674009823270382,12.444079837821905,9.133654864384765,516.3521580398083,517.111451481469,517.209286452271,516.508791828528,1,
qwen,173,cap128_chunk-1_polfcfs_mem0.8,128,-1,fcfs,0.8,0,R_medium_balanced,4.605048478812798,1178.8924105760764,4862.931193626315,3684.038783050239,116.1151765845716,128.97175073157996,129.08776940312237,119.31007882230917,6.376506245749839,6.6835561155469385,6.32255227035642,1731.8660439923406,1817.325743497349,1817.804188397713,1731.5609077631962,1,
qwen,173,cap128_chunk-1_polfcfs_mem0.8,128,-1,fcfs,0.8,0,R_short_decode,0.8870745101727322,227.09107460421944,315.7985256214927,88.70745101727323,47.54084022715688,51.7006964655593,52.56738031748682,47.3023863742128,4.228838468335715,4.234524201145213,4.229561245872402,1127.1682337392122,1129.645588318817,1130.2807026496157,1125.8405040716752,1,
qwen,173,cap128_chunk-1_polfcfs_mem0.8,128,-1,fcfs,0.8,0,shared_prefix,16.623811795522563,4255.695819653776,42411.8894639159,38156.19364426212,501.6157960053533,970.2265304047614,971.2795823486522,641.3455784204416,12.233637374388229,14.10334875432811,12.503573891275035,3810.571106616408,4108.880426874384,4110.953878625296,3829.3809275055537,1,
qwen,173,cap128_chunk-1_polfcfs_mem0.8,128,-1,fcfs,0.8,0,tool_agent,4.830499203233557,1001.4349423183648,14043.51711359279,13042.082171274424,239.1770244576037,653.3276725560427,670.3041042527184,286.2764665368013,11.212693427556328,81.21326342225063,21.12879715156858,694.4255821872503,6674.969779490491,9452.092322101813,2249.897865797393,1,
qwen,174,cap128_chunk-1_polfcfs_mem0.85,128,-1,fcfs,0.85,0,R_concurrent_decode,12.155798981167392,3111.8845391788527,5543.044335412332,2431.159796233479,126.01798959076405,128.22860507294536,130.25390525814146,125.65375688427594,9.779597833460452,9.788190629483518,9.782923853214337,2619.7748587001115,2621.9063840107992,2623.1173067120835,2619.993196974974,1,
qwen,174,cap128_chunk-1_polfcfs_mem0.85,128,-1,fcfs,0.85,0,R_long_prefill,9.230435241041096,295.3739277133151,37217.114891877696,36921.74096416438,233.9583346620202,234.2914693057537,234.319041967392,197.7328738430515,6.134942737257769,10.142129333689804,7.310308666238861,424.39427389763296,424.9404568923637,424.9894710769877,424.3524424964562,1,
qwen,174,cap128_chunk-1_polfcfs_mem0.85,128,-1,fcfs,0.85,0,R_medium_balanced,4.459938329219155,1141.7442122801035,4709.694875655428,3567.9506633753244,155.52732162177563,201.1561919935048,201.3241440989077,169.8118791973684,6.414421460609518,6.745048464896779,6.343976697569493,1787.5739259179682,1901.83539071586,1902.0035962341356,1787.525937077589,1,
qwen,174,cap128_chunk-1_polfcfs_mem0.85,128,-1,fcfs,0.85,0,R_short_decode,0.8832391120528249,226.1092126855232,314.43312389080563,88.32391120528249,48.703218111768365,53.91738940961659,55.5688236001879,46.95285862544552,4.229743822532541,4.33369116455901,4.249859347656442,1127.0473233889788,1159.008636372164,1171.1524872574955,1130.6669922778383,1,
qwen,174,cap128_chunk-1_polfcfs_mem0.85,128,-1,fcfs,0.85,0,shared_prefix,16.828362348010806,4308.060761090766,42933.753855105104,38625.693094014336,481.7671764176339,882.4166736798361,883.4087579930201,586.1407783959294,12.290569820313475,13.997262220501025,12.541594060345863,3770.0707358308136,4032.735856436193,4033.956560455263,3783.870568429848,1,
qwen,174,cap128_chunk-1_polfcfs_mem0.85,128,-1,fcfs,0.85,0,tool_agent,4.827604513461095,1000.8348297081868,14035.101497804902,13034.266668096716,252.76839011348784,657.972052320838,672.3454705439508,284.2054012417793,11.188254176106836,79.86091091297548,21.492701397604293,702.5354318320751,6760.779509344138,9497.060723979952,2272.630164681468,1,
qwen,175,cap128_chunk-1_polfcfs_mem0.9,128,-1,fcfs,0.9,0,R_concurrent_decode,12.013890026956645,3075.5558469009006,5478.3338522922295,2402.778005391329,147.4524235818535,149.49260377325118,152.47939339838922,145.64848372538108,9.802753676422965,9.810605623706271,9.81062158452225,2647.2584772855043,2649.193339282647,2649.3862556293607,2647.050197279896,1,
qwen,175,cap128_chunk-1_polfcfs_mem0.9,128,-1,fcfs,0.9,0,R_long_prefill,9.04509754023154,289.4431212874093,36469.83328221358,36180.39016092617,243.4183075092733,243.7687253113836,243.80482505075636,208.04880373179915,6.132221405184078,10.04272851897704,7.279205492757741,433.6675866506994,434.2035834444687,434.24752534832805,433.7041740072891,1,
qwen,175,cap128_chunk-1_polfcfs_mem0.9,128,-1,fcfs,0.9,0,R_medium_balanced,4.604864295833222,1178.8452597333048,4862.736696399882,3683.8914366665776,122.13510950095952,125.0385819002986,125.1807602122426,118.5845931759104,6.3736631598907945,6.701889135144358,6.325014451217345,1731.4596311189234,1821.5283344034103,1821.8716208357364,1731.4632782363333,1,
qwen,175,cap128_chunk-1_polfcfs_mem0.9,128,-1,fcfs,0.9,0,R_short_decode,0.8831982727588196,226.0987578262578,314.4185851021398,88.31982727588196,46.66253225877881,49.76484277285636,49.838874684646726,46.66846874170005,4.248794334411037,4.259598459409294,4.25097659508716,1129.7792589757591,1135.0494779879227,1135.4343177424744,1130.6675004889255,1,
qwen,175,cap128_chunk-1_polfcfs_mem0.9,128,-1,fcfs,0.9,0,shared_prefix,16.579293859216214,4244.299227959351,42298.31203552519,38054.01280756584,484.0601801406592,1080.21059515886,1081.7917460016906,632.0744424410805,12.279586075786868,14.05606594447996,12.558466835626236,3784.525490831584,4217.000035522506,4219.298101249151,3834.107074373605,1,
qwen,175,cap128_chunk-1_polfcfs_mem0.9,128,-1,fcfs,0.9,0,tool_agent,4.831122199233218,1001.5640987340346,14045.328324942764,13043.76422620873,278.6730697844177,618.3405887102708,683.9148613857105,297.05624035326764,11.195595166178634,59.3147206120193,21.19832559420443,711.5798487793654,6750.2561845351,9586.676035081033,2276.7789251194336,1,
qwen,176,cap128_chunk2048_pollpm_mem0.75,128,2048,lpm,0.75,0,R_concurrent_decode,12.029694208453511,3079.6017173640994,5485.5405590548025,2405.9388416907027,144.16244020685554,146.40844010282308,152.0420906925574,143.29283546248917,9.808521241168766,9.814182743064912,9.814543350036203,2645.8529313094914,2648.462485824712,2648.7542543793097,2645.6947517144727,1,
qwen,176,cap128_chunk2048_pollpm_mem0.75,128,2048,lpm,0.75,0,R_long_prefill,7.711056931023191,246.7538217927421,31090.981545885505,30844.22772409276,200.4630914889276,304.84780445694923,314.74790789186954,204.11485934164372,9.873949043873337,12.871160704432237,9.767682584483296,506.76192226819694,507.56229418329895,507.6623286213726,506.913019460626,1,
qwen,176,cap128_chunk2048_pollpm_mem0.75,128,2048,lpm,0.75,0,R_medium_balanced,4.411471732264326,1129.3367634596675,4658.514149271129,3529.177385811461,168.2870970107615,217.19070116523653,219.003428821452,159.97195462114178,6.472951777315899,7.043303168086592,6.454232561415719,1806.2059483490884,1923.698362428695,1924.3355703540144,1805.80125778215,1,
qwen,176,cap128_chunk2048_pollpm_mem0.75,128,2048,lpm,0.75,0,R_short_decode,0.88564374270008,226.72479813122047,315.2891724012285,88.564374270008,48.52154711261392,52.695123478770256,52.716271951794624,49.51405891915783,4.224712481064832,4.241233071239264,4.227727972537133,1127.474496141076,1131.0736436396835,1131.671148762107,1127.5846919161268,1,
qwen,176,cap128_chunk2048_pollpm_mem0.75,128,2048,lpm,0.75,0,shared_prefix,16.884084859034814,4322.3257239129125,43075.91721735145,38753.591493438544,381.9962458219379,760.771926376037,928.8268764829264,455.9338806611777,12.402164678582372,14.380817900174389,12.997500549473113,3756.4767084550112,4045.1624188106503,4047.3533629532894,3769.920152004488,1,
qwen,176,cap128_chunk2048_pollpm_mem0.75,128,2048,lpm,0.75,0,tool_agent,4.824447041083133,1000.1802383221496,14025.921904659348,13025.7416663372,205.642472486943,591.4369337027889,729.0580862248307,244.08706650836396,13.372274369678715,191.3402101956308,43.05366376022212,849.3463590275496,7064.5995982689765,9958.422540021123,2402.7159178978764,1,
qwen,177,cap128_chunk2048_pollpm_mem0.8,128,2048,lpm,0.8,0,R_concurrent_decode,12.04608940349412,3083.7988872944948,5493.016767993318,2409.217880698824,143.31789663992822,145.68490940146148,151.45501761697233,142.5173868046841,9.80528604933152,9.808248521705323,9.810861275955377,2643.993661971763,2646.19493430946,2647.0415199827403,2643.980677050422,1,
qwen,177,cap128_chunk2048_pollpm_mem0.8,128,2048,lpm,0.8,0,R_long_prefill,7.765003096158107,248.48009907705944,31308.492483709488,31060.01238463243,192.7375828381628,301.2884080875665,312.1477896068245,198.0479859048501,10.030028718193211,12.970840408196372,9.866228668890413,503.7580241914839,504.355716239661,504.4318442605436,503.90107464045286,1,
qwen,177,cap128_chunk2048_pollpm_mem0.8,128,2048,lpm,0.8,0,R_medium_balanced,4.411647437476242,1129.381743993918,4658.699693974912,3529.317949980994,168.51420607417822,221.8102618353441,222.14655971620232,162.30345857911743,6.467627533985411,7.016202529855803,6.444677035552541,1805.7567172218116,1923.029892030172,1923.097114614211,1805.6961026450156,1,
qwen,177,cap128_chunk2048_pollpm_mem0.8,128,2048,lpm,0.8,0,R_short_decode,0.8842208257177764,226.36053138375075,314.7826139555284,88.42208257177764,48.98946452885866,54.04211541172117,54.37394707929343,49.673057394102216,4.234137796048148,4.240729995893643,4.234170070027604,1129.7127574216574,1133.0303120659664,1133.1986248353496,1129.3864252511412,1,
qwen,177,cap128_chunk2048_pollpm_mem0.8,128,2048,lpm,0.8,0,shared_prefix,16.909734725970306,4328.892089848398,43141.35704153938,38812.464951690985,405.1388551015407,788.7910990975788,872.5421920185909,471.50701269856654,12.401579366083824,14.136964528200528,12.908638961013684,3746.9368826132263,3978.3962291665375,3979.846744765528,3762.834928307712,1,
qwen,177,cap128_chunk2048_pollpm_mem0.8,128,2048,lpm,0.8,0,tool_agent,4.828153130244357,1000.9485661966088,14036.69646943421,13035.7479032376,193.64242721349,572.4663743982088,706.88218273688,233.1062061269768,13.357812602124694,191.21024287305767,41.92796451269936,838.7297964654863,6971.633330057372,9924.436636241147,2384.0290437964723,1,
qwen,178,cap128_chunk2048_pollpm_mem0.85,128,2048,lpm,0.85,0,R_concurrent_decode,12.052136378075687,3085.346912787376,5495.774188402514,2410.4272756151377,144.64909420348704,146.38725977856666,152.0324496831745,143.5014519811375,9.796755542686466,9.8015475313307,9.801719631421546,2642.870832933113,2645.0471091782674,2645.661224676296,2642.6337616721867,1,
qwen,178,cap128_chunk2048_pollpm_mem0.85,128,2048,lpm,0.85,0,R_long_prefill,7.963280989120749,254.824991651864,32107.948948134857,31853.123956483,191.4006744045764,292.9642784409225,302.29794470593333,194.52728028409183,9.75175011873005,12.710742756814485,9.659620839351367,493.9523432403803,494.6274984860793,494.6980059938505,493.9755263039842,1,
qwen,178,cap128_chunk2048_pollpm_mem0.85,128,2048,lpm,0.85,0,R_medium_balanced,4.30869428649367,1103.0257373423794,4549.9811665373145,3446.955429194936,173.08107344433665,253.86369053740052,297.7049660170451,174.67524911626242,6.466613600359243,7.328316510435852,6.574155089408889,1850.7843939587476,2011.5614489186555,2011.694441223517,1851.0847969155293,1,
qwen,178,cap128_chunk2048_pollpm_mem0.85,128,2048,lpm,0.85,0,R_short_decode,0.8860118928255155,226.819044563332,315.4202338458835,88.60118928255154,46.177229611203074,51.99125709477812,52.63349697459489,46.99197586160153,4.2365680512625215,4.24420799913944,4.2362108011730015,1125.5740572232753,1133.352480828762,1133.7662138044834,1127.225730160717,1,
qwen,178,cap128_chunk2048_pollpm_mem0.85,128,2048,lpm,0.85,0,shared_prefix,17.229719257692373,4410.808129969248,43957.72507773277,39546.91694776352,465.97915911115706,691.8426241492849,745.2094876067713,487.59522816180834,12.242441161480896,13.296903927408744,12.588365152160748,3681.3165955245495,3861.995673296042,3864.524076562375,3697.253434533195,1,
qwen,178,cap128_chunk2048_pollpm_mem0.85,128,2048,lpm,0.85,0,tool_agent,4.835903253906556,1002.5552830836376,14059.228093952375,13056.672810868737,182.66093684360385,576.4859479852018,667.8627170389507,225.2305810782127,13.322068391633884,200.30386769212777,42.587573971285565,826.9095530267805,6890.399045962839,9864.199409531426,2356.712356619537,1,
qwen,179,cap128_chunk2048_pollpm_mem0.9,128,2048,lpm,0.9,0,R_concurrent_decode,12.012083611860543,3075.0934046362995,5477.510127008409,2402.416722372109,143.83720769546926,146.18921128567308,151.95273329969496,143.13969848444685,9.80184508633672,9.80573816991904,9.806487697029844,2643.3604233898222,2645.937602012418,2646.368254693225,2643.487962530344,1,
qwen,179,cap128_chunk2048_pollpm_mem0.9,128,2048,lpm,0.9,0,R_long_prefill,7.886069854301271,252.3542353376407,31796.633652542725,31544.279417205085,205.41432034224272,298.6726131057367,306.96255310904235,203.29910202417523,9.43853866098629,12.701670684280897,9.5154520259389,498.1624844949693,498.7621162086725,498.8357980549336,498.2781148282811,1,
qwen,179,cap128_chunk2048_pollpm_mem0.9,128,2048,lpm,0.9,0,R_medium_balanced,4.488384724242972,1149.0264894062009,4739.734268800578,3590.7077793943777,162.45068842545152,170.25008879136294,170.33921719994396,146.85402967734262,6.463938657486555,6.868704347688632,6.3934300710018,1777.288818033412,1865.2437671553344,1865.435119858012,1777.1786977828017,1,
qwen,179,cap128_chunk2048_pollpm_mem0.9,128,2048,lpm,0.9,0,R_short_decode,0.8821332051327223,225.8261005139769,314.03942102724915,88.21332051327224,49.078495940193534,51.069834595546126,51.27472679130733,47.75811568833888,4.251229676290178,4.257972974184097,4.252608436360663,1133.56973673217,1135.7226543826982,1136.209283485077,1132.173266960308,1,
qwen,179,cap128_chunk2048_pollpm_mem0.9,128,2048,lpm,0.9,0,shared_prefix,17.31608780234004,4432.91847739905,44178.0748515279,39745.15637412884,400.4573335405439,752.694736002013,793.7008753046393,449.6293994889129,12.229019950381389,13.743119708390214,12.66375595170834,3664.013099391013,3902.289121365175,3904.4980491604656,3678.512042639341,1,
qwen,179,cap128_chunk2048_pollpm_mem0.9,128,2048,lpm,0.9,0,tool_agent,4.825713686277849,1000.4428328706924,14029.60437156814,13029.161538697448,188.37571167387068,589.9957105051722,758.18745187018,243.0234347074293,13.428251232419695,202.90898522362107,43.68230697738464,859.2235890682787,7057.317229569887,10077.505921013648,2405.9029813553207,1,
qwen,180,cap128_chunk2048_polfcfs_mem0.75,128,2048,fcfs,0.75,0,R_concurrent_decode,11.910605288364373,3049.1149538212794,5431.236011494154,2382.1210576728745,167.75882081128657,168.65701430942863,175.87004377041012,150.08104700245894,9.824972336783128,9.986489422655865,9.895635080229678,2672.746329335496,2675.8895200211555,2676.222395272925,2673.161251659621,1,
qwen,180,cap128_chunk2048_polfcfs_mem0.75,128,2048,fcfs,0.75,0,R_long_prefill,6.13418334747465,196.2938671191888,24733.027257017788,24536.7333898986,274.1712797433138,433.639720454812,450.9674751013517,280.1822443725541,11.835697978254288,16.328649924346994,11.639579015243198,641.0779170691967,641.3282664259896,641.3453710405156,641.0091938450933,1,
qwen,180,cap128_chunk2048_polfcfs_mem0.75,128,2048,fcfs,0.75,0,R_medium_balanced,4.52652921155676,1158.7914781585305,4780.014847403938,3621.223369245408,143.92964052967727,158.9978407137096,159.04022408649325,136.18926258641295,6.462790602452907,6.726880561487348,6.377016371641052,1762.429749825969,1847.3292829003185,1847.4846157711,1762.328437354881,1,
qwen,180,cap128_chunk2048_polfcfs_mem0.75,128,2048,fcfs,0.75,0,R_short_decode,0.8836363844283953,226.2109144136692,314.5745528565088,88.36363844283953,50.22216495126486,53.98659685160965,54.44229077082127,50.45370338484645,4.225669166657562,4.235023199489303,4.227817614161062,1127.3489634040743,1132.950233318843,1133.3897899882868,1128.5471949959174,1,
qwen,180,cap128_chunk2048_polfcfs_mem0.75,128,2048,fcfs,0.75,0,shared_prefix,17.38172836108973,4449.722460438971,44345.541865488645,39895.81940504967,527.9603400267661,670.4733494669199,672.9648994933814,514.183909042913,12.322380907797054,12.730416651522996,12.348858449836156,3637.237567454577,3792.017519660294,3793.8523077964783,3662.7670715315617,1,
qwen,180,cap128_chunk2048_polfcfs_mem0.75,128,2048,fcfs,0.75,0,tool_agent,4.832345467361645,1001.8177005660796,14048.884683441816,13047.066982875736,218.49454217590392,674.0567525150254,771.2678781477729,285.7069107913412,12.396878178677111,135.90970765799284,30.92600063475573,857.4347090907395,7125.939463824032,9933.96563622634,2405.222636105027,1,
qwen,181,cap128_chunk2048_polfcfs_mem0.8,128,2048,fcfs,0.8,0,R_concurrent_decode,11.175784936134097,2861.0009436503287,5096.157930877148,2235.156987226819,230.85860162973404,350.1571789849549,357.8290977748111,245.19960272300523,10.271427955697565,10.421179575188196,10.21888725222566,2850.626748520881,2853.2879112754017,2853.451323704794,2850.7094959786627,1,
qwen,181,cap128_chunk2048_polfcfs_mem0.8,128,2048,fcfs,0.8,0,R_long_prefill,7.848794718529758,251.16143099295223,31646.340305111986,31395.178874119032,206.5722434781492,302.5677886791527,310.3651041723788,205.20802855025977,9.515548913529322,12.781462330941952,9.559935484562187,501.5542597975582,502.16369978152215,502.21226195804775,501.5660285716877,1,
qwen,181,cap128_chunk2048_polfcfs_mem0.8,128,2048,fcfs,0.8,0,R_medium_balanced,4.500937667337239,1152.2400428383332,4752.990176708125,3600.750133869791,136.821327265352,160.0576287601143,160.18698108382523,132.90324533591047,6.475228657398153,6.8767762464452895,6.423521566994525,1771.1772636976093,1862.155800452456,1862.674096552655,1770.9012449195145,1,
qwen,181,cap128_chunk2048_polfcfs_mem0.8,128,2048,fcfs,0.8,0,R_short_decode,0.8855346826588371,226.6968787606623,315.250347026546,88.55346826588371,49.67173538170755,51.15588142070919,51.35726247448474,48.73878398211673,4.230917382108814,4.236963848839057,4.23170292051509,1128.41640971601,1131.4761578803882,1131.6684591723606,1127.8230287134647,1,
qwen,181,cap128_chunk2048_polfcfs_mem0.8,128,2048,fcfs,0.8,0,shared_prefix,17.276271796686245,4422.725579951679,44076.49333391601,39653.767753964334,496.1925980169326,632.4280734639615,635.110504408367,525.4911240554065,12.273555135756148,12.9626964434397,12.39061371225221,3668.161587789655,3759.307828638703,3761.492261835374,3684.721601923229,1,
qwen,181,cap128_chunk2048_polfcfs_mem0.8,128,2048,fcfs,0.8,0,tool_agent,4.83176743310412,1001.6978653939806,14047.204187566284,13045.506322172305,216.0591536667198,679.6604910166934,757.6814374048257,276.7800083453767,12.410036382580577,144.5162466261535,31.147248647999813,849.1674240212888,6983.761589531784,9888.23689163662,2376.463834706228,1,
qwen,182,cap128_chunk2048_polfcfs_mem0.85,128,2048,fcfs,0.85,0,R_concurrent_decode,12.050467786159007,3084.919753256706,5495.013310488507,2410.093557231801,135.25117631070316,136.9749733246863,142.95342000201344,134.34636413876433,9.82493090023305,9.830925882447,9.829696977154414,2640.421176329255,2643.188580800779,2643.7412141170357,2640.612178409356,1,
qwen,182,cap128_chunk2048_polfcfs_mem0.85,128,2048,fcfs,0.85,0,R_long_prefill,7.80676375273195,249.8164400874224,31476.87145101522,31227.0550109278,193.39538156054917,299.329292611219,309.53287084121257,197.77125644031912,9.933360401661163,12.89730044757767,9.799185930000196,501.4091848861426,502.155758976005,502.240551370196,501.5460202703253,1,
qwen,182,cap128_chunk2048_polfcfs_mem0.85,128,2048,fcfs,0.85,0,R_medium_balanced,4.303246941602909,1101.6312170503447,4544.228770332672,3442.597553282327,172.18027566559613,257.1544977836311,298.6902869306505,171.38770179008134,6.468631989121729,7.38138007228354,6.5959253467108105,1853.3842447213829,2010.764542967081,2011.082835122943,1853.348665201338,1,
qwen,182,cap128_chunk2048_polfcfs_mem0.85,128,2048,fcfs,0.85,0,R_short_decode,0.88551181328813,226.69102420176128,315.24220553057427,88.551181328813,47.91056318208575,49.86125787254423,50.008191908709705,47.83876199508086,4.235357195869381,4.24116441185641,4.235286870743057,1128.06880986318,1129.5690060826018,1129.6509908372536,1127.8369140345603,1,
qwen,182,cap128_chunk2048_polfcfs_mem0.85,128,2048,fcfs,0.85,0,shared_prefix,17.348327545658286,4441.171851688521,44260.32725228756,39819.15540059903,492.3350084573031,640.0078180711716,642.7447537565604,506.49219264960266,12.33707842709241,12.877461098079737,12.40238101232084,3654.706497211009,3774.606599216349,3776.6195864090696,3668.722112030082,1,
qwen,182,cap128_chunk2048_polfcfs_mem0.85,128,2048,fcfs,0.85,0,tool_agent,4.827185681994115,1000.74799966261,14033.883845834209,13033.1358461716,215.86401504464447,660.905439825728,765.8631915692234,276.7726439563557,12.340239662864535,133.82696406915784,31.006002970443884,860.7405158691108,6996.835223422383,9832.75825102813,2379.594849187415,1,
qwen,183,cap128_chunk2048_polfcfs_mem0.9,128,2048,fcfs,0.9,0,R_concurrent_decode,11.882895621174107,3042.0212790205715,5418.600403255393,2376.5791242348214,154.10642535425723,178.14970014151186,185.7592208776623,153.46734201011714,9.905527600580278,9.99959637000061,9.907333660925726,2679.631510050968,2682.548567187041,2682.757320730016,2679.531157904421,1,
qwen,183,cap128_chunk2048_polfcfs_mem0.9,128,2048,fcfs,0.9,0,R_long_prefill,7.436139048396152,237.9564495486769,29982.512643133283,29744.556193584605,231.0205993708223,327.77653101366013,336.5977678960189,224.1669743089005,9.613901001190946,13.491094459389004,9.832171430330604,529.0515304077417,529.1862707585096,529.1899281740189,528.9642886491492,1,
qwen,183,cap128_chunk2048_polfcfs_mem0.9,128,2048,fcfs,0.9,0,R_medium_balanced,4.553040741724045,1165.5784298813555,4808.011023260591,3642.432593379236,119.17719338089228,166.35972424410284,166.40548328869045,127.80800703330895,6.457305331623145,6.705725589292307,6.367796993650058,1751.233778661117,1819.540191325359,1819.7564374422652,1751.5962404140737,1,
qwen,183,cap128_chunk2048_polfcfs_mem0.9,128,2048,fcfs,0.9,0,R_short_decode,0.8833255047311689,226.13132921117924,314.4638796842961,88.33255047311688,46.68650543317199,51.72623787075281,52.7983820065856,46.25185864279047,4.250715393573046,4.258691982877459,4.252668503014481,1130.0798857118934,1136.0768141923472,1136.6197300469505,1130.682326911483,1,
qwen,183,cap128_chunk2048_polfcfs_mem0.9,128,2048,fcfs,0.9,0,shared_prefix,17.419891791272217,4459.492298565688,44442.9072111971,39983.414912631415,439.9055594112724,678.0515524791554,724.1678680805489,466.3362552200852,12.293811111400526,13.304207297224623,12.49617585856824,3633.36087949574,3844.64136431925,3845.964849712327,3652.484565966006,1,
qwen,183,cap128_chunk2048_polfcfs_mem0.9,128,2048,fcfs,0.9,0,tool_agent,4.8200016756780935,999.258647393204,14012.998071631891,13013.73942423869,204.42239427939057,635.2318607270712,741.0728070931505,269.8662919434719,12.388299844694982,138.2737508974969,30.78395684487414,836.3282510545105,7038.9932091347855,9818.466323334718,2374.8457497754134,1,
qwen,184,cap128_chunk8192_pollpm_mem0.75,128,8192,lpm,0.75,0,R_concurrent_decode,12.000073131153863,3072.018721575389,5472.033347806163,2400.014626230773,153.30863278359175,155.27494135312736,158.13653801567852,151.8696734419791,9.80865554062321,9.81289494560532,9.814575699926692,2654.3189713265747,2656.2085459707305,2657.3046879982576,2654.279761700309,1,
qwen,184,cap128_chunk8192_pollpm_mem0.75,128,8192,lpm,0.75,0,R_long_prefill,8.31767997498689,266.16575919958046,33536.88565914714,33270.71989994756,256.5537493210286,280.4292778018862,280.46077308245003,222.8060003835708,6.899677953051944,11.399424024256724,8.001257917062649,470.8705465309322,471.446053404361,471.5145657397807,470.8449958125129,1,
qwen,184,cap128_chunk8192_pollpm_mem0.75,128,8192,lpm,0.75,0,R_medium_balanced,4.622699720040769,1183.411128330437,4881.570904363052,3698.159776032616,105.9013344347477,126.71044771559536,126.83358401991428,113.14421446877532,6.370843605448803,6.675426434615956,6.320689515297429,1724.9164683744311,1805.103720515035,1805.14363150578,1724.9200408696197,1,
qwen,184,cap128_chunk8192_pollpm_mem0.75,128,8192,lpm,0.75,0,R_short_decode,0.8810637572866225,225.55232186537532,313.6586975940376,88.10637572866224,50.17288331873715,52.31110577005893,52.66804362181574,50.58094847481698,4.246559638676105,4.252666780159023,4.246819499816161,1134.0364790521562,1134.9635474616662,1134.9692355142906,1133.519920927938,1,
qwen,184,cap128_chunk8192_pollpm_mem0.75,128,8192,lpm,0.75,0,shared_prefix,17.184303505450025,4399.181697395206,43841.85707539279,39442.675377997584,444.5489146746695,769.5924367522819,785.2765248296782,490.24297715732246,12.310296725299136,13.801496480774208,12.614017237331778,3694.098598090932,3920.6722943810746,3922.133187362924,3706.441340655146,1,
qwen,184,cap128_chunk8192_pollpm_mem0.75,128,8192,lpm,0.75,0,tool_agent,4.832703131311071,1001.8918496677546,14049.924505535422,13048.032655867668,199.55366593785584,608.3666035439819,689.2210236890242,257.2489744052291,12.270557145322009,121.55398651957512,28.576954432932784,716.1330613307655,6694.477055757304,9621.038257712496,2271.6206624615006,1,
qwen,185,cap128_chunk8192_pollpm_mem0.8,128,8192,lpm,0.8,0,R_concurrent_decode,11.261932217186242,2883.054647599678,5135.441091036926,2252.386443437248,329.848149092868,332.2702943580225,334.4706785166636,327.55771149822976,9.785528915623823,9.798156505921012,9.797394451713352,2825.36788424477,2827.653060806915,2828.3289334969595,2825.5867886618944,1,
qwen,185,cap128_chunk8192_pollpm_mem0.8,128,8192,lpm,0.8,0,R_long_prefill,8.117396699682342,259.75669438983493,32729.34349311921,32469.586798729368,247.85271636210385,285.4457820067182,290.7314059557393,225.28496233280748,7.612910414595277,11.295653720416368,8.335208197334602,483.69290377013385,483.9646887499839,484.0030028764159,483.6764164501801,1,
qwen,185,cap128_chunk8192_pollpm_mem0.8,128,8192,lpm,0.8,0,R_medium_balanced,4.596083161860728,1176.5972894363465,4853.463818924929,3676.8665294885823,113.2811198476702,135.11368934996426,135.23860038258135,121.58939213259146,6.368432039687154,6.67647822559172,6.324925066506052,1734.2627032194289,1814.022772014141,1814.2118990421293,1734.445284091635,1,
qwen,185,cap128_chunk8192_pollpm_mem0.8,128,8192,lpm,0.8,0,R_short_decode,0.8844501516146651,226.41923881335427,314.8642539748208,88.44501516146651,49.85238239169121,51.89416788052768,52.04148785676807,49.45927485823631,4.230754887319955,4.2402115408513765,4.231947139544668,1129.086752422154,1131.229635165073,1131.5152205200866,1128.6057954421267,1,
qwen,185,cap128_chunk8192_pollpm_mem0.8,128,8192,lpm,0.8,0,shared_prefix,16.999063647611543,4351.760293788555,43369.25954652319,39017.49925273463,505.4415981285274,842.9238139884546,850.0645185401663,551.0368696704973,12.262719115424977,13.50810773086314,12.48925170974367,3677.276571514085,3991.588619723916,3993.3706578612328,3735.4190543628647,1,
qwen,185,cap128_chunk8192_pollpm_mem0.8,128,8192,lpm,0.8,0,tool_agent,4.832598841104486,1001.8702287435764,14049.621306789426,13047.751078045849,196.7288870364428,624.9475415796041,704.3799439119175,260.97484212135896,12.194849317893386,121.07235100120306,28.804544937754947,731.119530973956,6801.23055600561,9665.862577897493,2300.82681148313,1,
qwen,186,cap128_chunk8192_pollpm_mem0.85,128,8192,lpm,0.85,0,R_concurrent_decode,12.174021318102394,3116.549457434213,5551.353721054691,2434.8042636204787,117.4790805671364,119.66198303271084,121.8350942339748,117.04581064986996,9.802230284092763,9.809366274562588,9.80438707345482,2616.9495170470327,2619.334787200205,2620.341229494661,2616.85779329855,1,
qwen,186,cap128_chunk8192_pollpm_mem0.85,128,8192,lpm,0.85,0,R_long_prefill,8.887124717169758,284.38799094943226,35832.88685962847,35548.49886867903,199.1592783015221,243.4721790021285,249.6905955625698,185.74786034878343,7.791018917135172,10.720423664597252,8.233082867527921,440.77893905341625,441.6114754974842,441.7283686250448,440.973429242149,1,
qwen,186,cap128_chunk8192_pollpm_mem0.85,128,8192,lpm,0.85,0,R_medium_balanced,4.525252851597253,1158.4647300088968,4778.6670112867,3620.2022812778023,149.3763355538249,150.1663497183472,150.30691702850163,142.7034201042261,6.416508069663656,6.734114010160899,6.344330046033742,1760.2278511039913,1852.91498398874,1853.0964792938903,1760.5075818428304,1,
qwen,186,cap128_chunk8192_pollpm_mem0.85,128,8192,lpm,0.85,0,R_short_decode,0.8847850694821673,226.50497778743485,314.9834847356516,88.47850694821673,47.52998636104167,64.12567542865872,67.3489055968821,50.34536239691079,4.23681547901794,4.245173148902169,4.23120715374027,1128.8813981227577,1132.7266183681786,1133.0064723826945,1128.7796028191224,1,
qwen,186,cap128_chunk8192_pollpm_mem0.85,128,8192,lpm,0.85,0,shared_prefix,17.244276620766833,4414.534814916309,43994.86489146469,39580.33007654837,407.3859974741936,772.6647333474826,789.2263276642188,472.68274111047504,12.326105629258295,13.83429843466729,12.62488373326288,3676.888894289732,3921.21347580105,3923.163927993737,3691.6515174925735,1,
qwen,186,cap128_chunk8192_pollpm_mem0.85,128,8192,lpm,0.85,0,tool_agent,4.833956286117927,1002.1516474565382,14053.567752379206,13051.416104922668,204.11331485956907,526.8489448120803,699.0813371259718,253.40310630155727,12.267300449311731,122.21434959210455,28.179400047685206,731.7797467112541,6751.983379106967,9713.597931209948,2278.110426273197,1,
qwen,187,cap128_chunk8192_pollpm_mem0.9,128,8192,lpm,0.9,0,R_concurrent_decode,11.97170757834436,3064.7571400561565,5459.098655725029,2394.3415156688725,159.777031512931,162.18391654547304,165.07610023021698,158.31759930006228,9.791546183473924,9.803430939642364,9.799933448621143,2656.7589982878417,2659.890938969329,2661.059762230143,2656.9940416084137,1,
qwen,187,cap128_chunk8192_pollpm_mem0.9,128,8192,lpm,0.9,0,R_long_prefill,8.706430153558829,278.6057649138825,35104.3263791492,34825.72061423532,209.24379350617528,253.17990554030985,259.34482655953616,197.455000015907,7.772252136360734,10.51211427040999,8.1637162121854,450.3864620346576,451.1621816782281,451.2600283836946,450.5302025936544,1,
qwen,187,cap128_chunk8192_pollpm_mem0.9,128,8192,lpm,0.9,0,R_medium_balanced,4.579043498485299,1172.2351356122365,4835.469934400475,3663.234798788239,125.80386945046484,134.15371719747782,134.3105023726821,125.73234952287748,6.370789262776573,6.704346383191353,6.329299541938977,1739.4974997732788,1836.1133749131116,1836.592972325161,1739.7037327173166,1,
qwen,187,cap128_chunk8192_pollpm_mem0.9,128,8192,lpm,0.9,0,R_short_decode,0.8817813192848876,225.7360177369312,313.91414966542,88.17813192848875,49.14413997903466,54.54086945392192,55.98556597717106,49.682394543197006,4.246823968110132,4.251842184594887,4.246613714506156,1132.4468681123108,1137.8192155621946,1139.1624294035137,1132.5688917422667,1,
qwen,187,cap128_chunk8192_pollpm_mem0.9,128,8192,lpm,0.9,0,shared_prefix,16.991447496980626,4349.81055922704,43349.82866372253,39000.018104495495,513.1765122059733,697.9938145494089,700.3740594163537,567.2405242476088,12.321914371796977,13.133360633590058,12.462515571919594,3727.668088627979,3856.122890091501,3857.11511767935,3744.8057810361206,1,
qwen,187,cap128_chunk8192_pollpm_mem0.9,128,8192,lpm,0.9,0,tool_agent,4.828748623665789,1001.072020915273,14038.4277236386,13037.35570272333,234.43717043846848,513.2049755658954,685.0664101261644,261.6973192198202,12.20208733741726,122.06184044480324,29.360521908055286,749.3160292506218,6713.172551780006,9763.216157974672,2304.779207748361,1,
qwen,188,cap128_chunk8192_polfcfs_mem0.75,128,8192,fcfs,0.75,0,R_concurrent_decode,12.143033311632257,3108.6165277778573,5537.223190104309,2428.606662326451,127.4469445925206,129.68344709370285,130.89343507774174,127.1435132221086,9.77831479417635,9.789485414011349,9.781122534393996,2620.87739771232,2623.0291469488293,2624.1549675911665,2621.0235055041267,1,
qwen,188,cap128_chunk8192_polfcfs_mem0.75,128,8192,fcfs,0.75,0,R_long_prefill,8.195277208960414,262.24887068673326,33043.35770652839,32781.10883584166,264.6222149487585,289.5819586934522,289.6112927282229,230.55921751074493,6.940365446010424,11.504298608539806,8.046021114193625,479.89576891995966,480.4895507870242,480.569607517682,479.9858720507473,1,
qwen,188,cap128_chunk8192_polfcfs_mem0.75,128,8192,fcfs,0.75,0,R_medium_balanced,4.582649315099533,1173.1582246654805,4839.277676745107,3666.119452079626,118.64662845619024,140.60986216645688,140.6937781488523,124.74966791342013,6.413117595309136,6.6917070347414,6.3338900302244605,1739.3522448837757,1819.6986523689704,1820.0575690949336,1739.8916256206576,1,
qwen,188,cap128_chunk8192_polfcfs_mem0.75,128,8192,fcfs,0.75,0,R_short_decode,0.8817625412678386,225.73121056456668,313.9074646913505,88.17625412678386,52.293692249804735,53.75926089473069,53.81729506887496,52.393287885934114,4.234274664857224,4.241570077434766,4.23586104663235,1132.162103895098,1135.0057841045782,1135.0969487568364,1132.5378547771834,1,
qwen,188,cap128_chunk8192_polfcfs_mem0.75,128,8192,fcfs,0.75,0,shared_prefix,16.929014730536142,4333.827771017252,43190.54560506308,38856.71783404583,450.4080140031874,834.6799539634958,870.5066273221746,533.4817168368318,12.359587959579976,14.275375343950502,12.639581538065768,3742.0718357898295,4008.955075987615,4011.17941621691,3756.198552309797,1,
qwen,188,cap128_chunk8192_polfcfs_mem0.75,128,8192,fcfs,0.75,0,tool_agent,4.830609893371774,1001.4578900443694,14043.838918604024,13042.381028559654,228.9031255058944,640.0005641393363,697.0826098928228,277.05450537381694,11.58389785700153,81.95908078923821,23.271026439127024,710.091475630179,6763.660266599616,9553.641813285643,2283.158318856731,1,
qwen,189,cap128_chunk8192_polfcfs_mem0.8,128,8192,fcfs,0.8,0,R_concurrent_decode,12.028110522344212,3079.1962937201183,5484.818398188961,2405.6221044688423,147.73287856951356,150.09423368610442,152.65624267049134,146.261937203235,9.805628950433697,9.816337118963228,9.813136629707303,2648.545830743388,2650.852890824899,2651.0722295055166,2648.3047684887424,1,
qwen,189,cap128_chunk8192_polfcfs_mem0.8,128,8192,fcfs,0.8,0,R_long_prefill,7.359065161119319,235.4900851558182,29671.75072963309,29436.260644477275,303.4932354930788,346.2562261149287,346.2839699909091,268.5920590301976,7.463122898292157,12.692165972604863,8.59194286092515,534.8500453401357,535.5233900481835,535.58058955241,534.9422877188772,1,
qwen,189,cap128_chunk8192_polfcfs_mem0.8,128,8192,fcfs,0.8,0,R_medium_balanced,4.614095673045886,1181.208492299747,4872.485030736456,3691.276538436709,102.33867075294256,127.0109893521294,127.09381456952542,111.4741170895286,6.38483111728348,6.691299903882193,6.331361475852592,1726.2803388293833,1805.299049243331,1805.621446296573,1725.9712934319396,1,
qwen,189,cap128_chunk8192_polfcfs_mem0.8,128,8192,fcfs,0.8,0,R_short_decode,0.8871285346863312,227.1049048797008,315.81775834833394,88.71285346863313,45.20588973537088,55.35615265835076,58.47455380950123,46.7523920815438,4.228581310085514,4.236679020447328,4.230067323135468,1123.9256793633103,1133.4875287953764,1136.6816212702545,1125.419559481088,1,
qwen,189,cap128_chunk8192_polfcfs_mem0.8,128,8192,fcfs,0.8,0,shared_prefix,16.965133426481046,4343.074157179148,43282.69427462445,38939.62011744531,483.46570529975,774.7286059893668,793.0885776458308,559.7188367682975,12.338983680249427,13.551549642693764,12.537134299907256,3741.2795680575073,3939.009343925864,3941.099896230735,3756.31096088182,1,
qwen,189,cap128_chunk8192_polfcfs_mem0.8,128,8192,fcfs,0.8,0,tool_agent,4.832344957592388,1001.817594883266,14048.883201410044,13047.06560652678,235.4516654741019,601.0387751506639,695.5089522805065,282.46189538389444,11.64045686991309,85.45036963187158,24.098488105295903,721.4437909424305,6788.122306321745,9567.83943701535,2292.8385536465794,1,
qwen,190,cap128_chunk8192_polfcfs_mem0.85,128,8192,fcfs,0.85,0,R_concurrent_decode,12.156103634973206,3111.962530553141,5543.183257547782,2431.220726994641,127.55754869431256,129.76877321489155,130.89872709009796,127.06244512810372,9.76860323354748,9.779529615387828,9.77198480140262,2618.465189123526,2620.8636689465493,2621.759407557547,2618.6126270768,1,
qwen,190,cap128_chunk8192_polfcfs_mem0.85,128,8192,fcfs,0.85,0,R_long_prefill,8.693233978971884,278.1834873271003,35051.11940321464,34772.93591588754,223.9283809904009,255.0991766853258,259.475885941647,204.6567308716476,7.308137325209476,10.434912585262808,7.929052320128727,450.48063807189465,450.7669965736568,450.7786246202886,450.4573527956381,1,
qwen,190,cap128_chunk8192_polfcfs_mem0.85,128,8192,fcfs,0.85,0,R_medium_balanced,4.476580308614088,1146.0045590052066,4727.268805896478,3581.264246891271,157.00229769572616,192.07957212347537,192.2295145923272,166.32099493290298,6.395594593977519,6.734440945928879,6.334528060830837,1781.5906484611332,1889.8970547597853,1890.7025506254288,1781.6256504447665,1,
qwen,190,cap128_chunk8192_polfcfs_mem0.85,128,8192,fcfs,0.85,0,R_short_decode,0.8860136112890888,226.81948449000677,315.4208456189156,88.60136112890889,45.94725230708718,54.72184158861637,56.801096349954605,46.33657506201416,4.235580929682827,4.241901706064157,4.236534038357728,1126.8588486127555,1134.2257795389742,1135.48908370547,1126.652754843235,1,
qwen,190,cap128_chunk8192_polfcfs_mem0.85,128,8192,fcfs,0.85,0,shared_prefix,16.962131746791133,4342.30572717853,43275.03616896369,38932.73044178516,554.5656979084015,763.487317529507,796.9144237646833,578.6224765979568,12.254500892195924,13.173878850762312,12.446931014177595,3738.702471833676,3936.64009727072,3937.9786763805896,3752.2128224445614,1,
qwen,190,cap128_chunk8192_polfcfs_mem0.85,128,8192,fcfs,0.85,0,tool_agent,4.8329968963210135,1001.952751560791,14050.77855679823,13048.82580523744,219.81348167173564,651.8302985001355,721.4688201295212,279.5628702105023,11.58557079948436,81.39227847568691,23.39404301946144,720.0376624241471,6689.510102127678,9509.418361219574,2270.5940442881547,1,
qwen,191,cap128_chunk8192_polfcfs_mem0.9,128,8192,fcfs,0.9,0,R_concurrent_decode,12.143587245676766,3108.758334893252,5537.475784028606,2428.717449135353,124.65088022872806,126.68835704680532,129.49745198711753,124.23720740480348,9.795150474882591,9.804217540473523,9.79863164301821,2622.4769772961736,2624.947280297056,2625.344970682636,2622.581713818363,1,
qwen,191,cap128_chunk8192_polfcfs_mem0.9,128,8192,fcfs,0.9,0,R_long_prefill,8.713554530780316,278.8337449849701,35133.05186810623,34854.21812312126,242.5707345828414,258.1800004467368,260.36374170333147,211.5555087802932,6.71433734016553,10.636695889726038,7.713949995025271,450.7151921279728,451.28960316069424,451.3428326044232,450.6879586260766,1,
qwen,191,cap128_chunk8192_polfcfs_mem0.9,128,8192,fcfs,0.9,0,R_medium_balanced,4.4688677503716105,1144.0301440951323,4719.124344392421,3575.094200297289,153.64514430984855,202.28585647419092,202.444972936064,168.66636872873642,6.403057478076102,6.740533371967281,6.335824164767367,1784.322811756283,1898.491147905588,1898.7214233726263,1784.3015307444148,1,
qwen,191,cap128_chunk8192_polfcfs_mem0.9,128,8192,fcfs,0.9,0,R_short_decode,0.885229767093624,226.61882037596772,315.1417970853301,88.52297670936241,44.5587441790849,45.64812157768756,45.73133873287589,44.638029066845775,4.248107790800871,4.2545207235596925,4.249250116831093,1128.3650961704552,1129.6204451937228,1129.6338892076164,1128.1968088587746,1,
qwen,191,cap128_chunk8192_polfcfs_mem0.9,128,8192,fcfs,0.9,0,shared_prefix,17.06636783699245,4368.990166270067,43540.97093712316,39171.98077085309,472.8702499996871,760.3292729705572,776.6208944050595,562.5426789410994,12.21810769764524,13.521074674402676,12.440752779858029,3721.0771527606994,3909.797055064701,3911.273211291991,3734.559083393833,1,
qwen,191,cap128_chunk8192_polfcfs_mem0.9,128,8192,fcfs,0.9,0,tool_agent,4.843519201231198,1004.1341832032456,14081.369632971411,13077.235449768164,196.38181617483497,580.6883196812117,688.1937923468649,263.2627515797504,11.681990295817906,87.50771656632413,23.79550383390259,708.7793985847384,6814.141135243698,9489.896110366091,2262.1034266031347,1,
