model,config_id,hash,cap,chunk,policy,mem,is_cookbook,workload,request_throughput,output_throughput,total_throughput,input_throughput,ttft_p50_ms,ttft_p95_ms,ttft_p99_ms,ttft_mean_ms,tpot_p50_ms,tpot_p95_ms,tpot_mean_ms,e2e_p50_ms,e2e_p95_ms,e2e_p99_ms,e2e_mean_ms,n_rep,request_throughput_ci95,d_request_throughput,d_output_throughput,d_total_throughput,d_input_throughput,d_ttft_p50_ms,d_ttft_p95_ms,d_ttft_p99_ms,d_ttft_mean_ms,d_tpot_p50_ms,d_tpot_p95_ms,d_tpot_mean_ms,d_e2e_p50_ms,d_e2e_p95_ms,d_e2e_p99_ms,d_e2e_mean_ms,pareto_ttft_outthr,pareto_e2e_reqthr,pareto_full
qwen,0,cap8_chunk-1_pollpm_mem0.75,8,-1,lpm,0.75,0,R_short_decode,0.883149822673012,226.08635460429107,314.40133687159226,88.31498226730119,45.305918203666806,53.330171667039394,53.56158498674631,46.85630107996985,4.247133752477228,4.253885916105526,4.2484318499690765,1128.6423450801522,1137.0369860669598,1137.226273375563,1130.2064228220845,1,,0.047393120350937235,0.047393120350937235,0.04739312035093701,0.04739312035093701,0.007895039612781263,0.8386567457855989,0.8807626808270435,0.5316445808966579,0.0007651549834719606,0.0013239685737967966,0.0009500211378646872,0.0010853162393533733,0.19552655944860053,0.25791455128761953,0.045775987193265255,False,False,False
qwen,1,cap8_chunk-1_pollpm_mem0.8,8,-1,lpm,0.8,0,R_short_decode,0.8807083812334024,225.46134559575103,313.5321837190913,88.07083812334024,48.399918945506215,53.01797329448164,53.06409548036754,48.91979368403554,4.2545217618930575,4.2621973327671485,4.255367019076777,1133.8629825040698,1137.3407838866117,1137.7677566930652,1134.0383835486136,1,,0.044497633195828,0.044497633195828,0.04449763319582778,0.04449763319582778,-0.059857112978448646,0.8396012599286133,0.8818701782073387,0.5110187969333785,-0.0009730423217815254,-0.0006272855902449415,-0.0006808348568017042,-0.0035352541336033383,0.19531161720819656,0.25756121185109204,0.04254069418169637,False,False,False
qwen,2,cap8_chunk-1_pollpm_mem0.85,8,-1,lpm,0.85,0,R_short_decode,0.8784927222619496,224.8941368990591,312.74340912525406,87.84927222619496,49.252083990722895,51.775567745789886,52.63383771292865,49.17024343740195,4.2603515335084765,4.267350350798782,4.261474018487348,1135.3313301224262,1139.8616325343028,1140.9849122958258,1135.846118151676,1,,0.0418699182779676,0.0418699182779676,0.04186991827796738,0.0418699182779676,-0.07851774721672888,0.8433599906435915,0.8828280061497987,0.5085154089898433,-0.002344628731844045,-0.0018370490157790798,-0.002116940659484312,-0.004834827911988304,0.1935280729527611,0.25546188965379013,0.041014438683416365,False,False,False
qwen,3,cap8_chunk-1_pollpm_mem0.9,8,-1,lpm,0.9,0,R_short_decode,0.8806599767256825,225.44895404177475,313.51495171434294,88.06599767256824,48.575273249298334,50.51527570467442,50.55258502718061,48.49251237465069,4.254582240337543,4.263418210834703,4.256654174441435,1133.5956568364054,1136.763261212036,1136.8307060655206,1133.9393268572169,1,,0.04444022668667369,0.04444022668667391,0.04444022668667347,0.04444022668667369,-0.063697005900061,0.8471728345332306,0.887461233318702,0.5152897170043081,-0.000987271251837507,-0.0009139086185552259,-0.0009835189024132163,-0.0032986552358744703,0.1957202245434948,0.25817267471621164,0.04262432693377716,False,False,False
qwen,4,cap8_chunk-1_polfcfs_mem0.75,8,-1,fcfs,0.75,0,R_short_decode,0.8808773899716759,225.50461183274905,313.5923508299166,88.08773899716759,47.38262994214893,52.0194057142362,53.8282274408266,47.32911480823532,4.260331558465373,4.26697049143852,4.26100488026243,1133.2160613965243,1137.9585330141708,1138.9811431756243,1133.8853592751548,1,,0.044698073240316605,0.04469807324031683,0.04469807324031638,0.044698073240316605,-0.037580609016181654,0.8426222916994406,0.8801690887701599,0.5269185383633037,-0.0023399291484866858,-0.0017478702164674953,-0.002006619357356909,-0.0029626910037696685,0.19487454895788037,0.25676942883178244,0.042669891320668785,False,False,False
qwen,5,cap8_chunk-1_polfcfs_mem0.8,8,-1,fcfs,0.8,0,R_short_decode,0.8854508160021437,226.6754088965488,315.22049049676315,88.54508160021437,45.93805642798543,50.732784694992006,52.67202756833285,46.32394947111607,4.23850564870472,4.248464596640392,4.240571458449624,1126.5952405519783,1133.1473222235218,1134.5826366217807,1127.66967137577,1,,0.050122039636242066,0.050122039636242066,0.050122039636241844,0.050122039636242066,-0.005947466904306031,0.8465147903675784,0.8827429889498947,0.5369657384598534,0.0027951127004568477,0.0025967205740408117,0.002798449983772766,0.002897123833937809,0.19827856425852564,0.2596396295878597,0.04791774563288842,False,False,False
qwen,6,cap8_chunk-1_polfcfs_mem0.85,8,-1,fcfs,0.85,0,R_short_decode,0.8784946950491208,224.89464193257493,312.74411143748705,87.84946950491208,51.48978158831597,57.85067558754236,59.455329538322985,52.015584777109325,4.253673402811675,4.259265789524743,4.254053622557252,1136.6240428760648,1141.6819687001407,1142.8592449985445,1136.7992585292086,1,,0.041872257953137204,0.041872257953137204,0.04187225795313698,0.04187225795313698,-0.12751864984580252,0.8249805697969571,0.8676421897065115,0.4800746015651106,-0.0007734465462283513,6.094677635326562e-05,-0.0003719800107297999,-0.005978954532013914,0.19224015346004764,0.25423881289475203,0.04020971008034724,False,False,False
qwen,7,cap8_chunk-1_polfcfs_mem0.9,8,-1,fcfs,0.9,0,R_short_decode,0.881104845702645,225.56284049987715,313.67332507014163,88.1104845702645,47.11025161668658,52.03930546995253,52.74421289097518,47.7176676504314,4.25832542116005,4.263596365995267,4.258236370058548,1132.966835051775,1137.5926670152694,1137.8203547094015,1133.567942015361,1,,0.04496782992449999,0.04496782992450021,0.04496782992449999,0.04496782992449999,-0.03161609271218824,0.8425620876677455,0.8825822919810198,0.5230347313820408,-0.0018679397042651313,-0.0009557337385133202,-0.0013555838321694935,-0.0027421110685621475,0.19513340551446,0.257526889550009,0.04293788410964816,False,False,False
qwen,8,cap8_chunk2048_pollpm_mem0.75,8,2048,lpm,0.75,0,R_short_decode,0.8782276074830321,224.8262675156562,312.64902826395945,87.82276074830321,49.94222242385149,54.06501344405115,54.15811653248966,49.69667625846341,4.261044969818755,4.268457689870368,4.262844106757685,1137.1847074478865,1141.909583285451,1142.4083279073238,1136.721923481673,1,,0.041555498925313294,0.041555498925313294,0.041555498925313294,0.041555498925313294,-0.09363033713892865,0.8364335809254518,0.8794346987978683,0.5032534130820315,-0.0025077754007298836,-0.002097016727951928,-0.0024391269874888266,-0.006475175567755009,0.19207911218275597,0.25453305426061257,0.04027500342667745,False,False,False
qwen,9,cap8_chunk2048_pollpm_mem0.8,8,2048,lpm,0.8,0,R_short_decode,0.8788293844451924,224.9803224179693,312.8632608624885,87.88293844451924,49.62152848020196,54.90544869098812,55.31522904057056,50.26582407299429,4.257067582369142,4.263671446755967,4.25824334310806,1134.7780984360725,1139.7865102859214,1139.8678702348843,1136.1178765655495,1,,0.04226919102372162,0.04226919102372184,0.04226919102372162,0.04226919102372162,-0.08660780973245208,0.833890957238735,0.8768587669340296,0.49756445648361336,-0.0015720045106641933,-0.0009733602939996366,-0.001357223596019752,-0.004345185415913777,0.19358122324985605,0.25619080409978157,0.04078499528355228,False,False,False
qwen,10,cap8_chunk2048_pollpm_mem0.85,8,2048,lpm,0.85,0,R_short_decode,0.8784689983888121,224.8880635875359,312.7349634264171,87.84689983888121,49.33469998650253,60.105597507208586,61.93186750635505,51.18390859570354,4.254219590631477,4.264113529968787,4.255508361886457,1133.5357213392854,1144.939500465989,1146.1353681236506,1136.33854087675,1,,0.04184178237070202,0.04184178237070202,0.0418417823707018,0.04184178237070224,-0.08032686493181074,0.8181586071228113,0.8621289893743844,0.4883876787291782,-0.0009019496575681796,-0.0010771472589645725,-0.0007140726574794698,-0.003245608804989919,0.1899353930877028,0.25210101203994484,0.04059869021550011,False,False,False
qwen,11,cap8_chunk2048_pollpm_mem0.9,8,2048,lpm,0.9,0,R_short_decode,0.8795155554204637,225.1559821876387,313.1075377296851,87.95155554204636,50.01061246730387,61.316497949883335,64.99040729366243,50.214511167723686,4.253492640404433,4.261510785869962,4.254718864446177,1134.6484022215009,1145.2258360106498,1148.593530068174,1135.1678216014989,1,,0.04308297226494795,0.04308297226494795,0.04308297226494773,0.04308297226494795,-0.09512793621738003,0.8144951908643643,0.8553201526883043,0.49807735820012766,-0.0007309180772627766,-0.00046610638981681163,-0.0005284165309658029,-0.004230396657784574,0.18973280571052165,0.2504969634417755,0.04158711889732514,False,False,False
qwen,12,cap8_chunk2048_polfcfs_mem0.75,8,2048,fcfs,0.75,0,R_short_decode,0.880418272970392,225.38707788042035,313.4289051774595,88.04182729703919,51.37359770014882,52.26054340600968,52.34922304749489,50.72582914726809,4.2474147133237015,4.256610190039318,4.249636126983472,1135.0189787335694,1136.3772923359647,1136.5115610184148,1134.3830415280536,1,,0.04415357220976057,0.04415357220976057,0.04415357220976013,0.04415357220976035,-0.12497446541388046,0.8418927620788088,0.8834616074465496,0.49296644374284104,0.0006990525519866564,0.0006843963957050558,0.0006668265455388456,-0.004558378609707425,0.1959933042352583,0.2583809295736931,0.042249702276548784,False,False,False
qwen,13,cap8_chunk2048_polfcfs_mem0.8,8,2048,fcfs,0.8,0,R_short_decode,0.8820879632327476,225.8145185875834,314.0233149108582,88.20879632327477,46.923266258090734,52.157734031789005,52.58456589188427,46.84446158353239,4.256076354752569,4.260615892160464,4.256212291326008,1132.369925500825,1136.3954346626997,1137.1295844763515,1132.1785958716646,1,,0.046133782191137396,0.046133782191137396,0.046133782191137174,0.046133782191137396,-0.027521503988728435,0.8422037979986644,0.882937693715123,0.5317629234074437,-0.0013387956616974783,-0.00025601403755937113,-0.0008796068396295098,-0.002213811100091334,0.19598046822360082,0.25797764464629114,0.04411089766331844,False,False,False
qwen,14,cap8_chunk2048_polfcfs_mem0.85,8,2048,fcfs,0.85,0,R_short_decode,0.882362526384457,225.884806754421,314.1210593928667,88.2362526384457,46.93083744496107,49.36024257913232,49.56581460312009,46.05886660283432,4.255483633674244,4.264062252169585,4.25744875329638,1132.4907077942044,1134.1598295606673,1134.5717825181782,1131.708298693411,1,,0.046459407072464876,0.046459407072464876,0.046459407072464654,0.046459407072464876,-0.02768729716427587,0.8506672317454483,0.8896579543461558,0.5396153927221334,-0.0011993445425766414,-0.0010651088757032134,-0.0011703699609380003,-0.0023207105150571117,0.19756219771013872,0.25964671232287095,0.04450796571352844,False,False,False
qwen,15,cap8_chunk2048_polfcfs_mem0.9,8,2048,fcfs,0.9,0,R_short_decode,0.880480970560166,225.4031284634025,313.4512255194191,88.0480970560166,48.86928689666093,63.81833392661064,69.36533158179373,49.74125081207603,4.259196794865763,4.266453681276271,4.253550012598036,1135.4325062129649,1137.5233249273151,1137.7717777621,1133.871365338564,1,,0.04422792994896407,0.04422792994896407,0.04422792994896385,0.04422792994896407,-0.07013529055547196,0.8069262229541161,0.8455808172330426,0.5028078650285701,-0.0020729501938150374,-0.0016265397595596198,-0.0002535524268876266,-0.004924374687302224,0.19518246624753655,0.2575585879433535,0.04268170628655377,False,False,False
qwen,16,cap8_chunk8192_pollpm_mem0.75,8,8192,lpm,0.75,0,R_short_decode,0.8759196094249697,224.23542001279225,311.82738095528924,87.59196094249698,53.17963217385113,60.49581584520638,61.82008863426745,53.46926976926625,4.25841170180516,4.265741116330758,4.259053196109758,1139.0746161341667,1146.2880144827068,1146.8835617415607,1139.5278347772546,1,,0.038818272210506155,0.038818272210506155,0.03881827221050593,0.038818272210506155,-0.1645228474141236,0.8169780540786588,0.8623778284080165,0.4655441920352611,-0.0018882391890633343,-0.0014592523555356784,-0.001547666482430543,-0.008147855620848521,0.18898129597041102,0.2516127858973827,0.037905995533974,False,False,False
qwen,17,cap8_chunk8192_pollpm_mem0.8,8,8192,lpm,0.8,0,R_short_decode,0.8786484367182373,224.9339997998688,312.79884347169246,87.86484367182373,49.386206082999706,58.210563962347806,60.02014635596424,51.08538217609748,4.253182505421778,4.262598093562559,4.254326391189049,1133.7684951722622,1141.9975344091654,1142.8239452838898,1135.938611929305,1,,0.04205459164376335,0.04205459164376357,0.04205459164376313,0.04205459164376335,-0.08145474084407733,0.8238917759729363,0.8663848101279197,0.4893725064147566,-0.0006579517664779821,-0.0007213713764189222,-0.0004361235595624624,-0.0034516273021421018,0.19201688523327065,0.25426184736485014,0.040936346945600555,False,False,False
qwen,18,cap8_chunk8192_pollpm_mem0.85,8,8192,lpm,0.85,0,R_short_decode,0.8823688168906436,225.8864171240048,314.12329881306914,88.23688168906436,47.46795888058841,52.82671202439815,53.22764965239912,48.5575973871164,4.245802437813551,4.254261900342124,4.24521077679945,1130.5021478328854,1135.0355306174606,1136.4548755716532,1131.086345470976,1,,0.04646686745204498,0.0464668674520452,0.04646686745204498,0.04646686745204498,-0.039449134507924866,0.840179895150587,0.8815060784328936,0.5146391552316514,0.0010783770478468568,0.0012356995292831519,0.0017074801711436383,-0.0005607182964779689,0.19694262398414253,0.25841791908596545,0.04503307571795412,False,False,False
qwen,19,cap8_chunk8192_pollpm_mem0.9,8,8192,lpm,0.9,0,R_short_decode,0.8792738231915505,225.0940987370369,313.021481056192,87.92738231915504,49.16385072283447,51.94075261242688,52.06749298609793,49.54886436462402,4.259296367857971,4.265671042615876,4.260022754041368,1135.895322309807,1139.0228549484164,1139.412017883733,1135.854666645173,1,,0.042796284019045894,0.04279628401904567,0.042796284019045894,0.042796284019045894,-0.07658562297746774,0.842860246069421,0.8840887871175716,0.5047308771560619,-0.002096377005692096,-0.0014428012938794144,-0.0017756651570679516,-0.005333994082703741,0.19412152268099692,0.25648826591936,0.04100722126047174,False,False,False
qwen,20,cap8_chunk8192_polfcfs_mem0.75,8,8192,fcfs,0.75,0,R_short_decode,0.8796569440130226,225.1921776673338,313.15787206863604,87.96569440130226,47.58645151741803,50.973319611512125,51.71309358906001,48.17938356427476,4.260986854377038,4.2682571436150685,4.2626935657679885,1134.8991869017482,1138.83013415616,1140.1216334616763,1135.166242835112,1,,0.0432506555224661,0.0432506555224661,0.043250655522465875,0.0432506555224661,-0.042043875712364454,0.8457870843623203,0.88487774125382,0.5184196178252597,-0.002494102420837807,-0.002049934896819261,-0.002403726167166109,-0.00445235581132275,0.194257875992905,0.2560252134847655,0.04158845183683657,False,False,False
qwen,21,cap8_chunk8192_polfcfs_mem0.8,8,8192,fcfs,0.8,0,R_short_decode,0.8791182288149251,225.0542665766208,312.96608945811334,87.91182288149251,48.40845242142677,55.24132831487805,56.330545735545456,49.13765151286498,4.254412829108975,4.304800914764843,4.262282010670021,1132.436410523951,1152.4985048221424,1158.8155684480444,1136.0195642337203,1,,0.04261175306466103,0.04261175306466081,0.04261175306466081,0.04261175306466103,-0.060043978273884635,0.8328747986581654,0.8745984969877555,0.5088411838402704,-0.0009474134059139772,-0.010629240751503621,-0.0023069459606228637,-0.0022726542456990018,0.18458726605572995,0.2438266761687201,0.04086799957895548,False,False,False
qwen,22,cap8_chunk8192_polfcfs_mem0.85,8,8192,fcfs,0.85,0,R_short_decode,0.8786362809804601,224.93088793099776,312.7945160290438,87.86362809804601,50.740170292556286,52.61927784886211,52.84202981274575,50.685837399214506,4.2540208719597725,4.262125418320591,4.256013838355155,1135.5395512655375,1139.094494911842,1139.109512544237,1135.9693661797792,1,,0.04204017524940551,0.04204017524940551,0.04204017524940529,0.04204017524940551,-0.11110372847631833,0.840807459320551,0.8823645346550452,0.49336618404432875,-0.0008551965688512464,-0.0006104023838056083,-0.0008329391647468043,-0.005019115838300836,0.19407083616106457,0.2566856627047257,0.040910381384172245,False,False,False
qwen,23,cap8_chunk8192_polfcfs_mem0.9,8,8192,fcfs,0.9,0,R_short_decode,0.8786706018781241,224.93967408079976,312.80673426861216,87.86706018781241,50.05577742122114,59.98214886058121,63.443756089545786,50.97206524806097,4.253030786582945,4.259680667983405,4.254116438667053,1134.549260372296,1144.6276030968877,1147.8034333046526,1135.7717571081594,1,,0.04208087895694712,0.04208087895694712,0.0420808789569469,0.04208087895694734,-0.0961169543543825,0.8185320843825429,0.8587632648239912,0.49050517365691604,-0.0006222564577729184,-3.645338453295288e-05,-0.00038675168069746135,-0.004142650305383855,0.1901560659001923,0.25101253305620563,0.04107722110254619,False,False,False
qwen,24,cap16_chunk-1_pollpm_mem0.75,16,-1,lpm,0.75,0,R_short_decode,0.8840784092108357,226.32407275797397,314.7319136790575,88.40784092108358,49.33371627703309,53.728704270906746,54.7977594519034,50.02168571809307,4.231932579411888,4.238974903253656,4.233042253226992,1129.5138406567276,1132.3614411754534,1132.485461845063,1129.447460290976,1,,0.04849440025429863,0.04849440025429885,0.04849440025429841,0.04849440025429863,-0.08030532374949062,0.8374510390494581,0.8780107434209367,0.5000047584044546,0.004341576800457325,0.004824596337007714,0.004568997937501651,0.00031399153045119643,0.19883458876639193,0.26100811967786564,0.04641677303324998,False,False,False
qwen,25,cap16_chunk-1_pollpm_mem0.8,16,-1,lpm,0.8,0,R_short_decode,0.8829863605191093,226.044508292892,314.3431443448029,88.29863605191093,47.30515205301344,53.624801989644766,54.6982285939157,47.5759306573309,4.24633376464686,4.256732544916519,4.248438486327217,1130.97765436396,1136.533909291029,1136.996808424592,1130.927744670771,1,,0.047199258413766376,0.0471992584137666,0.047199258413766154,0.047199258413766376,-0.03588400510262413,0.8377653814124223,0.8782323162643164,0.5244514733628629,0.000953370321692959,0.0006556713932956981,0.000948460549465513,-0.000981569470621002,0.19588249501600408,0.2580642863096567,0.045166981072719325,False,False,False
qwen,26,cap16_chunk-1_pollpm_mem0.85,16,-1,lpm,0.85,0,R_short_decode,0.8824815099850009,225.91526655616025,314.1634175546603,88.2481509985001,48.15075150690973,53.31045952625573,53.659518072381616,49.05251500895247,4.244540215415113,4.250539530379077,4.245516775614199,1131.7204150836917,1134.871567110531,1135.1818268140778,1131.659292790573,1,,0.04660051858202374,0.046600518582023964,0.04660051858202374,0.046600518582023964,-0.05440086660711807,0.8387163822135749,0.8805446649002859,0.5096921716914643,0.0013753435848540274,0.0021095926555940725,0.0016355223005215525,-0.0016389562793783785,0.19705863101659693,0.25924863411657584,0.04454934099534691,False,False,False
qwen,27,cap16_chunk-1_pollpm_mem0.9,16,-1,lpm,0.9,0,R_short_decode,0.8866829563815217,226.9908368336696,315.6591324718217,88.66829563815217,47.95606271363795,51.013695960864425,51.13369542174041,48.004631244111806,4.229179866538912,4.233644756798943,4.228457055447222,1126.0223903227595,1129.9547373317182,1130.733532588929,1126.2611803831533,1,,0.0515833266382153,0.05158332663821552,0.05158332663821508,0.0515833266382153,-0.05013758875744645,0.8456649311534676,0.886167581429797,0.5201663668059253,0.004989215132873537,0.006075943837456577,0.005647240900253037,0.0034041298913098927,0.200537373588067,0.2621513233116435,0.04910692302547559,False,False,False
qwen,28,cap16_chunk-1_polfcfs_mem0.75,16,-1,fcfs,0.75,0,R_short_decode,0.8852608183901142,226.62676950786923,315.15285134688065,88.52608183901143,47.17325302772224,49.70413567498326,49.72346970811486,47.62431781273335,4.233734309673309,4.240656110421553,4.235757797198626,1127.148387255147,1129.8677084036171,1130.1095139421525,1127.742556098383,1,,0.04989670732385987,0.04989670732385987,0.049896707323859646,0.04989670732385987,-0.03299569199806718,0.849626829484363,0.8893069869116006,0.5239678161828167,0.003917678763932564,0.004429902794314322,0.003930417811171094,0.002407556552967316,0.20059894806811895,0.2625585203386023,0.04785620965938864,False,False,False
qwen,29,cap16_chunk-1_polfcfs_mem0.8,16,-1,fcfs,0.8,0,R_short_decode,0.8808719345016535,225.5032152324233,313.59040868258865,88.08719345016534,50.08024349808693,52.19337944872677,52.35572540201247,50.304344680625945,4.2482722294973385,4.254293208850511,4.248569260223531,1133.9280807878822,1134.664013213478,1134.7228689445185,1133.6895060376264,1,,0.044691603192287266,0.044691603192287266,0.044691603192287266,0.044691603192287266,-0.09665271032583544,0.8420959575888777,0.8834471320847547,0.4971794210686188,0.0004973023621407391,0.0012283492952801511,0.0009177081064554171,-0.0035928699335696646,0.19720547900809426,0.2595481224106345,0.0428352486027207,False,False,False
qwen,30,cap16_chunk-1_polfcfs_mem0.85,16,-1,fcfs,0.85,0,R_short_decode,0.8832150236148621,226.1030460454047,314.4245484068909,88.32150236148621,47.5349803455174,52.66244497615844,53.167707421816885,48.39060892118141,4.240298413616769,4.248315802063136,4.242365052421376,1129.6730660833418,1134.5248928992078,1134.574733278714,1130.1936972886324,1,,0.04747044700172842,0.04747044700172842,0.0474704470017282,0.04747044700172842,-0.04091676457580151,0.840676862988768,0.8816395201688251,0.5163083000669411,0.002373323966349372,0.0026316527703532655,0.0023766731769777616,0.00017306768742297862,0.19730390904972261,0.25964478683406766,0.045786731256783675,False,False,False
qwen,31,cap16_chunk-1_polfcfs_mem0.9,16,-1,fcfs,0.9,0,R_short_decode,0.8831356229614222,226.0827194781241,314.3962817742663,88.31356229614222,48.70701115578413,49.63023280724883,49.70496905967593,48.75892517156899,4.242734213852707,4.249419087964092,4.243490213126528,1131.0979656409472,1131.9011087762192,1131.90868741367,1130.8489295188338,1,,0.04737627985587256,0.04737627985587256,0.04737627985587234,0.04737627985587256,-0.06658179083937177,0.8498504126607025,0.8893481725434926,0.5126267693477655,0.0018002465421150804,0.0023726366126977094,0.002112083366338058,-0.0010880520084493028,0.19916028194396407,0.2613844879721503,0.04523352405905612,False,False,False
qwen,32,cap16_chunk2048_pollpm_mem0.75,16,2048,lpm,0.75,0,R_short_decode,0.8830948470737457,226.0722808508789,314.3817655582535,88.30948470737458,47.67087451182306,51.45550228189677,52.25873158778995,47.49662725953385,4.242258801983268,4.26870158955674,4.247115218929727,1129.9104390200227,1136.3480070140213,1136.7735437583178,1130.5110080866143,1,,0.04732792069513647,0.04732792069513647,0.04732792069513647,0.047327920695136694,-0.04389256292235433,0.8443283056122468,0.8836630570314701,0.5252441559958383,0.0019120980008549004,-0.0021542765547681864,0.0012596366050496854,-3.7021286299676603e-05,0.19601402410980084,0.25820997539891943,0.04551882835263876,False,False,False
qwen,33,cap16_chunk2048_pollpm_mem0.8,16,2048,lpm,0.8,0,R_short_decode,0.8818445350384401,225.75220096984063,313.93665447368465,88.18445350384401,52.62479349039495,54.96011248324066,55.22612546104938,52.61136521585286,4.232255623255875,4.236804556156344,4.232647067492865,1131.8274170625955,1134.9587654229254,1135.3287784289569,1131.9363674265333,1,,0.04584508257361897,0.045845082573618745,0.045845082573618745,0.04584508257361897,-0.1523730393560001,0.8337255792949925,0.8770571268584689,0.4741194367174829,0.004265573386345034,0.005334124253060679,0.00466192876781002,-0.0017336593076533457,0.1969969366942118,0.25915274233354224,0.044315409152778984,False,False,False
qwen,34,cap16_chunk2048_pollpm_mem0.85,16,2048,lpm,0.85,0,R_short_decode,0.8817526446763705,225.72867703715085,313.9039415047879,88.17526446763705,50.95907929353416,52.04711256083101,52.12832569610328,50.05922395503149,4.238321993719129,4.2450273538227465,4.239431527607581,1131.1070579104123,1134.2451336793602,1134.6527797542512,1131.1142634949647,1,,0.04573610295250896,0.04573610295250896,0.04573610295250874,0.04573610295250896,-0.11589737827648894,0.8425384683654087,0.8839533630209759,0.4996295423441067,0.002838321714290326,0.0034036749879281514,0.003066513100674406,-0.0010960992002961856,0.19750184356273726,0.25959385839952875,0.04500950475928489,False,False,False
qwen,35,cap16_chunk2048_pollpm_mem0.9,16,2048,lpm,0.9,0,R_short_decode,0.8817983237082399,225.7403708693094,313.9202032401334,88.17983237082397,50.03351205959916,56.30930704064667,56.596544766798615,50.21503788884729,4.245901962888012,4.251480908224395,4.2450790171437705,1133.353378623724,1136.5111831575632,1137.1009600907564,1132.1794423274696,1,,0.04579027711695516,0.04579027711695516,0.04579027711695516,0.04579027711695516,-0.09562938944927057,0.8296437728118009,0.8740063373009748,0.4980720933224717,0.0010549615097098508,0.00188858731855035,0.0017384644227145252,-0.003084224805138147,0.19589857415063527,0.25799632319824317,0.044110183007624926,False,False,False
qwen,36,cap16_chunk2048_polfcfs_mem0.75,16,2048,fcfs,0.75,0,R_short_decode,0.8851010852138829,226.585877814754,315.0959863361423,88.51010852138829,49.43843884393573,51.425443263724446,51.813614228740335,49.50921278214082,4.228365772823786,4.2348039546506655,4.229451510279129,1128.036989364773,1129.3672585627064,1129.4432521192357,1128.0193479033187,1,,0.04970726785891144,0.04970726785891144,0.04970726785891122,0.04970726785891144,-0.08259852918948485,0.8444192451246995,0.8846539649858101,0.5051272173089121,0.005180749201417756,0.005803801346325521,0.0054133875364986705,0.0016210915588127373,0.2009530250333138,0.2629932827208954,0.047622516608734844,False,False,False
qwen,37,cap16_chunk2048_polfcfs_mem0.8,16,2048,fcfs,0.8,0,R_short_decode,0.8832066562803381,226.10090400776656,314.4215696358004,88.32066562803381,46.40798084437847,50.73841423727572,51.85003978200257,46.5902392170392,4.251232314124412,4.255965007103834,4.251005509000856,1129.1388666722924,1135.9296834329143,1137.1069875033572,1130.5966440122577,1,,0.047460523556814405,0.047460523556814405,0.04746052355681418,0.047460523556814405,-0.016237829907540968,0.8464977589453384,0.88457287542654,0.5343040207680986,-0.00019912489349827034,0.0008358646640743705,0.000344806298107736,0.0006458655033828586,0.19630999531802062,0.2579923900713984,0.04544652664300619,False,False,False
qwen,38,cap16_chunk2048_polfcfs_mem0.85,16,2048,fcfs,0.85,0,R_short_decode,0.8770981207121783,224.53711890231764,312.2469309735355,87.70981207121783,53.2671045511961,67.85062735434622,71.39035172294825,55.472731590271,4.243549580375353,4.252206610844416,4.246060876175761,1136.137444525957,1149.6185548836363,1153.2848548190668,1138.21825501509,1,,0.0402159564796849,0.0402159564796849,0.0402159564796849,0.0402159564796849,-0.1664383097400539,0.7947270620806045,0.8410727733997196,0.445518449942799,0.001608413016643273,0.0017182156097524937,0.0015075730538997023,-0.00554828644735883,0.18662488071913663,0.24743568714669995,0.039011662985962925,False,False,False
qwen,39,cap16_chunk2048_polfcfs_mem0.9,16,2048,fcfs,0.9,0,R_short_decode,0.885450745129203,226.675390753076,315.22046526599627,88.5450745129203,48.1993593275547,51.277187070809305,51.78199603687972,48.34998020669445,4.230372498140616,4.236987135829587,4.231074629534109,1127.259648637846,1130.4478995269164,1130.4536040080711,1127.2740107378922,1,,0.05012195558274546,0.05012195558274568,0.05012195558274546,0.05012195558274546,-0.05546527633298903,0.8448677742757345,0.8847243525300824,0.5167144072107528,0.00470862141411077,0.00529126039937744,0.005031699112476917,0.0023090837024686284,0.2001884527589448,0.26233398786257467,0.048251798664229906,False,False,False
qwen,40,cap16_chunk8192_pollpm_mem0.75,16,8192,lpm,0.75,0,R_short_decode,0.8817172787778333,225.7196233671253,313.89135124490866,88.17172787778333,50.033651990816,51.8028320511803,52.08596799056977,49.814968719147146,4.244100955296673,4.249715198233139,4.244738866063748,1132.6411310583353,1134.4264095183462,1134.7603261750191,1132.2233795654029,1,,0.0456941599006373,0.04569415990063708,0.04569415990063708,0.04569415990063708,-0.09563245365058992,0.8432775061583915,0.8840476585735698,0.5020710125569507,0.0014786895216555296,0.0023031194149661927,0.0018184534495619964,-0.002453843927935573,0.19737358775429392,0.25952368007549476,0.04407308715801228,False,False,False
qwen,41,cap16_chunk8192_pollpm_mem0.8,16,8192,lpm,0.8,0,R_short_decode,0.8782448958443398,224.830693336151,312.655182920585,87.82448958443399,52.86352150142193,55.77699011191726,56.0303164832294,52.78145684860647,4.251812980966825,4.257797592903907,4.251767198244731,1136.6491264197975,1140.435367054306,1140.962355057709,1136.9820924010128,1,,0.04157600248001159,0.04157600248001159,0.041576002480011365,0.04157600248001159,-0.15760068407249261,0.8312542260106174,0.8752668590459792,0.4724192739622469,-0.0003357399793657567,0.00040563227181955597,0.00016568947339079543,-0.006001154939667019,0.19312214580269838,0.2554766091503069,0.04005534494199103,False,False,False
qwen,42,cap16_chunk8192_pollpm_mem0.85,16,8192,lpm,0.85,0,R_short_decode,0.8812140717201948,225.59080236036988,313.7122095323893,88.12140717201947,50.7846144028008,57.32451092917472,59.51542349997908,50.71084917290136,4.244931953429592,4.252083524148546,4.24551925640188,1132.740352768451,1139.6474602399394,1141.5425223624334,1133.3182595553808,1,,0.04509736918998808,0.04509736918998808,0.04509736918998786,0.04509736918998808,-0.11207696164279701,0.8265724101301115,0.8675084101910597,0.49311617711937683,0.0012831783042205336,0.0017471124197228072,0.0016349389250626123,-0.0025416609619273167,0.19367960357544856,0.2550980268710066,0.043148688962707515,False,False,False
qwen,43,cap16_chunk8192_pollpm_mem0.9,16,8192,lpm,0.9,0,R_short_decode,0.8836561375051796,226.215971201326,314.5815849518439,88.36561375051795,53.286969428882,54.34726702515036,54.36504960525781,51.37972021475434,4.228162381104102,4.237017787299028,4.229568502427462,1131.0808965936303,1133.6779358563945,1134.1807713126764,1129.9196883337572,1,,0.047993596802756944,0.047993596802757166,0.04799359680275672,0.047993596802756944,-0.16687330906179976,0.8355796607173465,0.8789740301143109,0.4864304300605451,0.005228601730991711,0.00528406441705398,0.005385875972833132,-0.0010729449002702118,0.19790314588597369,0.2599018627117422,0.04601807476995634,False,False,False
qwen,44,cap16_chunk8192_polfcfs_mem0.75,16,8192,fcfs,0.75,0,R_short_decode,0.8839543473933811,226.2923129327056,314.68774767204366,88.3954347393381,47.790678683668375,49.70423527993262,49.86038063652813,47.70067147910595,4.238596995927248,4.248488124953036,4.241134351639844,1128.9638865273446,1130.5611054878682,1130.6023690011352,1129.1899311472662,1,,0.04834726610925988,0.0483472661092601,0.04834726610925966,0.04834726610925966,-0.046516024003719236,0.8496265281429991,0.8890021995892404,0.5232046177956248,0.0027736211880476924,0.0025911968805613084,0.0026660815123813464,0.0008007331963386655,0.2001083575729361,0.2622369127780332,0.04663420277702368,False,False,False
qwen,45,cap16_chunk8192_polfcfs_mem0.8,16,8192,fcfs,0.8,0,R_short_decode,0.8823368037037722,225.87822174816569,314.1119021185429,88.23368037037723,48.7578681204468,53.07066177483648,54.25423554610461,49.09647681051865,4.244891543160467,4.252816422513741,4.245239992023391,1131.1005498282611,1135.4007437359542,1136.7571632470936,1131.632674776483,1,,0.046428900630528736,0.046428900630528736,0.04642890063052851,0.046428900630528736,-0.06769545212055927,0.8394418580250692,0.8792207213080716,0.5092527484437366,0.0012926857394368607,0.0015750513806572775,0.001700609996478808,-0.0010903391658154682,0.19668422935180496,0.2582206643350674,0.044571814366321405,False,False,False
qwen,46,cap16_chunk8192_polfcfs_mem0.85,16,8192,fcfs,0.85,0,R_short_decode,0.8859844597695293,226.8120217009995,315.41046767795245,88.59844597695293,47.024697065353394,48.83901022840291,49.39875489566475,46.68366501573473,4.235901608697924,4.242781082843887,4.237692896048447,1127.0406937692314,1130.5921881925317,1131.0939647909254,1127.2953535080887,1,,0.05075492750682575,0.05075492750682575,0.05075492750682553,0.05075492750682575,-0.029742626769398983,0.8522441500459097,0.8900298580466105,0.5333701766938848,0.003407772358535621,0.003931027397211628,0.0034753650921250934,0.0025028716055128797,0.20008636601886298,0.2619161269407796,0.048233779138406985,False,False,False
qwen,47,cap16_chunk8192_polfcfs_mem0.9,16,8192,fcfs,0.9,0,R_short_decode,0.884168013603447,226.34701148248243,314.7638128428271,88.41680136034469,47.76422772556543,59.96537667233496,62.77943382505328,49.80170930502936,4.231046430547448,4.2380734598811935,4.232483181426776,1126.6250384505838,1139.3738018581644,1141.5925547899678,1129.0849205688571,1,,0.048600668774050115,0.048600668774050115,0.04860066877404989,0.048600668774050115,-0.04593680327977423,0.8185828263799406,0.8602421606763936,0.5022035479537506,0.004550063482258615,0.005036226340143779,0.0047004677809432405,0.0028707509456690206,0.1938732216394341,0.25506537871882584,0.04672286234707501,False,False,False
qwen,48,cap24_chunk-1_pollpm_mem0.75,24,-1,lpm,0.75,0,R_short_decode,0.8794072899898628,225.1282662374049,313.0689952363912,87.94072899898629,49.30747067555785,60.24972167797387,60.69180742837489,51.203203678596765,4.250883944697824,4.255268377270184,4.250727159281572,1133.1202569417655,1143.5982981696725,1143.8463204726577,1135.1386292953975,1,,0.04295457223103294,0.04295457223103294,0.04295457223103294,0.04295457223103316,-0.07973059990668308,0.8177225788484715,0.8648895768242956,0.4881948133849918,-0.00011716305987752307,0.0009994110147201196,0.00041026228068841153,-0.002877898441231652,0.1908843170356611,0.2535947068243337,0.04161176572193048,False,False,False
qwen,49,cap24_chunk-1_pollpm_mem0.8,24,-1,lpm,0.8,0,R_short_decode,0.8843755538041911,226.4001417738729,314.837697154292,88.4375553804191,49.94866857305169,54.88578544463962,55.43636742513627,50.89939630124718,4.2280807525065605,4.23379562895599,4.227994113713137,1129.491810919717,1132.983400928788,1133.7487856810912,1129.0378952980973,1,,0.04884680614833825,0.04884680614833803,0.04884680614833781,0.04884680614833803,-0.09377149433980825,0.8339504457431803,0.87658909201257,0.4912315411732653,0.005247806715757308,0.006040523892017369,0.005756105052011629,0.0003334891400129658,0.19839454142511748,0.26018375054599063,0.04676256539747503,False,False,False
qwen,50,cap24_chunk-1_pollpm_mem0.85,24,-1,lpm,0.85,0,R_short_decode,0.8819190223233201,225.77126971476997,313.963171947102,88.19190223233201,49.05163822695613,53.487337031401694,53.683835421688855,49.07788598211482,4.248759984130077,4.259394090166133,4.248900457705353,1131.8026741500944,1139.2785146133974,1140.006163031794,1132.5475026969798,1,,0.04593342258992639,0.04593342258992661,0.04593342258992639,0.04593342258992639,-0.07412840374006313,0.8381812631358463,0.8804905302897903,0.5094385743631512,0.0003825469875152754,3.0825899136721624e-05,0.0008398245840410823,-0.0017117603786223068,0.1939406390221381,0.256100562540427,0.043799432656488,False,False,False
qwen,51,cap24_chunk-1_pollpm_mem0.9,24,-1,lpm,0.9,0,R_short_decode,0.8813692481783697,225.63052753366264,313.7674523514996,88.13692481783697,48.94903022795916,51.35052741970867,51.36857050936669,49.20899955322966,4.249409011875589,4.256122252703005,4.250282473067808,1133.0053976271302,1135.6548454379663,1135.8822318119928,1133.0310301855206,1,,0.04528140450377083,0.04528140450377083,0.04528140450377083,0.04528140450377083,-0.07188150291967421,0.8446458929243951,0.8856447090055399,0.5081280195362813,0.0002298484438632009,0.0007989484387603829,0.0005148335126511361,-0.002776241209907493,0.19650444797883948,0.258791591952385,0.043391194363817776,False,False,False
qwen,52,cap24_chunk-1_polfcfs_mem0.75,24,-1,fcfs,0.75,0,R_short_decode,0.8809498470705058,225.5231608500495,313.61814555710004,88.09498470705059,49.471016973257065,51.76771504338831,52.115698303096,49.312114366330206,4.249000837843792,4.255485397800072,4.2504484466204016,1133.9112969581038,1135.351100959815,1135.6034636544064,1133.176468254533,1,,0.04478400550785122,0.04478400550785122,0.044784005507851,0.04478400550785122,-0.08331192216288286,0.8433837479374505,0.8839814737740596,0.5070973282441316,0.00032588067151895217,0.0009484615520873874,0.0004758036117217257,-0.00357801525964363,0.19671935247920402,0.2589734992809022,0.04326840219503758,False,False,False
qwen,53,cap24_chunk-1_polfcfs_mem0.8,24,-1,fcfs,0.8,0,R_short_decode,0.8771421473866445,224.548389730981,312.26260446964545,87.71421473866445,56.33402452804148,73.82845480460672,79.27634487394243,56.76853429758921,4.238765966147184,4.253539980535268,4.239932239950433,1139.109074138105,1154.033497837372,1158.998659797944,1137.9512554849498,1,,0.04026817099047819,0.04026817099047819,0.04026817099047797,0.04026817099047819,-0.23359745015214917,0.7766419499609805,0.8235171935457344,0.4325661637812116,0.0027338670994384584,0.0014051831548287375,0.0029487669126201377,-0.00817835297570757,0.18350123180414823,0.24370720176883465,0.03923708849932339,False,False,False
qwen,54,cap24_chunk-1_polfcfs_mem0.85,24,-1,fcfs,0.85,0,R_short_decode,0.8861647734697221,226.8581820082489,315.4746593552211,88.61647734697222,48.1663946993649,52.67286540474743,52.81250673811883,48.25523344334215,4.228345341250009,4.232314274573296,4.227991927387741,1126.4707380905747,1131.653327960521,1131.955013144761,1126.393174927216,1,,0.05096877494724672,0.05096877494724694,0.05096877494724672,0.05096877494724694,-0.05474341984180375,0.8406453373850374,0.8824302581072755,0.5176614550791454,0.005185556194002849,0.006388298408123605,0.005756619182499811,0.0030073158158375746,0.19933559117994315,0.26135425858706796,0.04899548111454599,False,False,False
qwen,55,cap24_chunk-1_polfcfs_mem0.9,24,-1,fcfs,0.9,0,R_short_decode,0.8831719430251147,226.09201741442936,314.40921171694083,88.31719430251148,49.66949042864144,54.966373508796096,55.037827445194125,49.40454562893137,4.239142067073023,4.247428432800898,4.240613200418724,1131.595685845241,1136.479775304906,1137.1089638909325,1130.760911735706,1,,0.0474193545232342,0.0474193545232342,0.04741935452323398,0.047419354523234425,-0.0876580762063095,0.8337066374051344,0.8774763106937069,0.5061734251246783,0.002645380799678909,0.0028399786236315006,0.0027886340529023057,-0.0015285635864885627,0.19592079575256827,0.25799110039976925,0.0453078367514268,False,False,False
qwen,56,cap24_chunk2048_pollpm_mem0.75,24,2048,lpm,0.75,0,R_short_decode,0.8835988552973398,226.201306956119,314.561192485853,88.35988552973399,47.286572167649865,64.04548345599322,69.64127202052623,50.41453440207988,4.246882052507763,4.252316607618887,4.237136657260113,1130.1465136930346,1132.362250634469,1132.419037153013,1130.3639028337784,1,,0.047925661568134714,0.047925661568134714,0.04792566156813449,0.047925661568134714,-0.03547714442826888,0.8062390126354869,0.8449665262598757,0.49607801203753965,0.0008243731279046207,0.0016923918936573301,0.0036061687319979274,-0.00024596122051678826,0.198834016060062,0.26105146443568517,0.045643028111047146,False,False,False
qwen,57,cap24_chunk2048_pollpm_mem0.8,24,2048,lpm,0.8,0,R_short_decode,0.8849762781675149,226.5539272108838,315.0515550276353,88.49762781675149,49.62651687674224,53.266204544343054,53.47752824891359,49.680835276376456,4.228228179043999,4.233653568206172,4.228713630022956,1128.44399176538,1130.7130253640937,1130.724601871334,1128.0028109322302,1,,0.04955924989142613,0.04955924989142613,0.04955924989142568,0.04955924989142613,-0.0867170451954602,0.8388502697030352,0.8809498056120938,0.5034117527211694,0.005213121268612508,0.006073875201537127,0.005586905502742434,0.0012608705587198177,0.20000087161864188,0.26215715096066006,0.04763647863778819,False,False,False
qwen,58,cap24_chunk2048_pollpm_mem0.85,24,2048,lpm,0.85,0,R_short_decode,0.8844739201026306,226.42532354627343,314.8727155565365,88.44739201026306,46.57301399856806,53.39058926329017,53.614121060818434,48.28881268622354,4.238366645158214,4.247934323571185,4.2398007703472045,1127.7425044681877,1133.2909723976627,1134.450219166465,1128.9089336642064,1,,0.04896346606448709,0.04896346606448709,0.04896346606448687,0.04896346606448709,-0.01985171121469853,0.8384739604825293,0.8806457264719066,0.5173258114194796,0.002827816447347087,0.002721211689875269,0.0029796829562251936,0.0018817279673500886,0.19817692926226516,0.25972603725275956,0.046871446647222426,False,False,False
qwen,59,cap24_chunk2048_pollpm_mem0.9,24,2048,lpm,0.9,0,R_short_decode,0.8803190626511133,225.361680038685,313.3935863037963,88.03190626511132,49.848024267703295,52.87096432875842,53.25246335472912,49.68796658795327,4.250697692052698,4.257043541098635,4.251960338339867,1134.1673901770264,1136.7280615260825,1136.9190417556092,1133.9378528646191,1,,0.04403591130646567,0.04403591130646567,0.04403591130646545,0.04403591130646567,-0.09156759430798456,0.8400460157617009,0.8814508388550261,0.5033404711998942,-7.334288753724216e-05,0.000582659460425683,0.00012027116028678897,-0.0038046727813185743,0.19574512893342444,0.2581150321592717,0.042625571413637764,False,False,False
qwen,60,cap24_chunk2048_polfcfs_mem0.75,24,2048,fcfs,0.75,0,R_short_decode,0.8835671818154895,226.19319854476527,314.5499167263143,88.35671818154896,47.60819650255144,50.14895829372108,50.33231711946428,47.4062732537277,4.244577411708294,4.251439130645903,4.245920350555988,1130.4651768878102,1132.48574542813,1132.756535327062,1130.1159626455046,1,,0.04788809762809221,0.047888097628091764,0.047888097628091986,0.04788809762809221,-0.04252004545949162,0.8482810785405368,0.8879515876430266,0.5261472957503994,0.0013665923106023214,0.0018983953545704813,0.0015406186863641258,-0.0005279968412985614,0.19874664134599018,0.2608312334317132,0.04585236197839493,False,False,False
qwen,61,cap24_chunk2048_polfcfs_mem0.8,24,2048,fcfs,0.8,0,R_short_decode,0.8836484102077048,226.21399301317243,314.57883403394294,88.36484102077048,51.1289241258055,52.86522114183754,53.283856990747154,50.57272862177342,4.229618056549453,4.237404994063956,4.231355116501743,1129.823227412999,1132.383682206273,1133.0320396274328,1129.5682833297178,1,,0.047984432425426826,0.047984432425426826,0.047984432425426826,0.047984432425426826,-0.11961662528159422,0.84006339100049,0.88138095121076,0.49449677070272235,0.0048861209633018765,0.005193160682688158,0.004965740540236241,4.016610191959202e-05,0.19881885285031875,0.26065145590005634,0.04631476313263394,False,False,False
qwen,62,cap24_chunk2048_polfcfs_mem0.85,24,2048,fcfs,0.85,0,R_short_decode,0.8831903265405547,226.096723594382,314.4157562484375,88.31903265405548,48.1364200823009,52.58861067704856,53.31242955289781,48.57221094425768,4.242021650733317,4.248160323237672,4.243277839850634,1130.4541416466236,1135.1719199679792,1136.37738449499,1130.6080601061694,1,,0.047441156902746195,0.047441156902746195,0.04744115690274597,0.047441156902746195,-0.05408703834786266,0.8409002387199658,0.8813173437631164,0.5144930844039988,0.00196789322801294,0.002668154213844587,0.002162024503276516,-0.0005182300054997757,0.19684612614685948,0.2584684851006127,0.04543688812855151,False,False,False
qwen,63,cap24_chunk2048_polfcfs_mem0.9,24,2048,fcfs,0.9,0,R_short_decode,0.885256380558668,226.625633423019,315.1512714788858,88.52563805586679,47.58486896753311,51.061859144829214,51.1022951034829,48.13288222067058,4.23505133857914,4.239712492836749,4.235832673935767,1128.0128059443086,1131.6306543769315,1131.7613301659003,1128.2702140742913,1,,0.04989144416917557,0.04989144416917557,0.04989144416917557,0.04989144416917557,-0.042009221175978384,0.8455192199248835,0.8862374839498798,0.5188844252422052,0.003607817749117004,0.0046514339503822555,0.003912809996028943,0.0016424953045703905,0.19935163313462312,0.26148064444680474,0.047410712358193385,False,False,False
qwen,64,cap24_chunk8192_pollpm_mem0.75,24,8192,lpm,0.75,0,R_short_decode,0.8813510619317386,225.6258718545251,313.7609780476989,88.13510619317387,50.65776640549302,53.39218929875642,53.965244204737246,50.40723743150011,4.243825667300353,4.250918511556937,4.244148713198728,1133.2596065476537,1135.173651832156,1135.399414128624,1132.6651592971757,1,,0.04525983608002515,0.04525983608002515,0.04525983608002493,0.04525983608002515,-0.10929925549900998,0.8384691197906486,0.8798640658397424,0.49615094941491056,0.0015434572860749673,0.002020620025355746,0.0019572322338629045,-0.003001231016962702,0.19684490082283745,0.2591066497254926,0.043700096153965085,False,False,False
qwen,65,cap24_chunk8192_pollpm_mem0.8,24,8192,lpm,0.8,0,R_short_decode,0.8819967470797423,225.79116725241403,313.99084196038825,88.19967470797422,51.07108480297029,52.83165520522744,53.05861678440124,50.51952711073682,4.237026966852593,4.2424202799870105,4.237093867998863,1131.6540639381856,1133.7011032970622,1133.7238420778883,1130.9784634504467,1,,0.046025602164747825,0.046025602164747825,0.0460256021647476,0.046025602164747825,-0.1183500649432232,0.8401649402225184,0.8818823747287775,0.4950285501096362,0.0031430062487769472,0.004015732340489131,0.003616230941315801,-0.0015802316233175517,0.19788675451882287,0.26020002724079505,0.04512415962303595,False,False,False
qwen,66,cap24_chunk8192_pollpm_mem0.85,24,8192,lpm,0.85,0,R_short_decode,0.8823818501970625,225.889753650448,314.12793867015426,88.23818501970625,47.79398953542113,53.18834516219795,54.47568348608911,48.66745276376605,4.247519152932892,4.253907494666968,4.247515668919054,1131.851407000795,1137.1452410705388,1139.218472559005,1131.783948338125,1,,0.04648232462038515,0.04648232462038515,0.04648232462038493,0.04648232462038515,-0.04658852474042763,0.8390858227810347,0.8787277400285471,0.5135410881673372,0.0006744807577403478,0.0013189026193894948,0.0011654678464344537,-0.0017548918102565647,0.19544996715102958,0.2566145619542912,0.04444409533897686,False,False,False
qwen,67,cap24_chunk8192_pollpm_mem0.9,24,8192,lpm,0.9,0,R_short_decode,0.8837601259206571,226.24259223568825,314.6186048277539,88.37601259206572,45.8404531236738,57.07054585218429,60.01610830426216,48.23501757346094,4.239358486352014,4.2533151200041175,4.241574191780505,1127.4229576811194,1139.2948309890926,1140.7739765755832,1129.8364364774898,1,,0.048116924406036876,0.0481169244060371,0.048116924406036654,0.0481169244060371,-0.0038101584422534085,0.8273407472776886,0.8663937995269406,0.5178635242137661,0.00259446324037782,0.0014579731984036837,0.0025626498701311062,0.0021645456191442536,0.19392909490259436,0.2555995336146011,0.04608836362936908,False,False,False
qwen,68,cap24_chunk8192_polfcfs_mem0.75,24,8192,fcfs,0.75,0,R_short_decode,0.8845226860864926,226.4378076381421,314.8900762467913,88.45226860864926,51.20891216211021,55.07104904390872,56.494795279577374,51.24036397319287,4.227009721502078,4.231135148153293,4.227198041089829,1128.6347568966448,1133.62908156123,1135.077421697788,1129.1758644510992,1,,0.049021301275108176,0.049021301275107954,0.04902130127510751,0.049021301275108176,-0.12136819617422678,0.8333899556667528,0.8742328491953948,0.48782337507363516,0.005499791127396625,0.0066651194881671705,0.005943307381147567,0.0010920322268950233,0.19793771114937175,0.25931676261429315,0.046646079173222055,False,False,False
qwen,69,cap24_chunk8192_polfcfs_mem0.8,24,8192,fcfs,0.8,0,R_short_decode,0.8866917262173334,226.99308191163732,315.6622545333707,88.66917262173334,46.93709313869476,49.46367512457073,49.77667643688619,47.22435370786116,4.229950350617953,4.233564103898757,4.229493895956479,1125.810677651316,1128.040898614563,1128.241683547385,1125.7452971767634,1,,0.05159372743937052,0.051593727439370296,0.051593727439370296,0.05159372743937052,-0.02782428378831825,0.8503543105049749,0.8891885395635203,0.5279656852344945,0.004807941223414214,0.006094878552648564,0.0054034202329014125,0.003591508025016399,0.2018914477618332,0.26377735408266045,0.04954247898534325,False,False,True
qwen,70,cap24_chunk8192_polfcfs_mem0.85,24,8192,fcfs,0.85,0,R_short_decode,0.8801453926339261,225.31722051428508,313.3317597776777,88.0145392633926,50.38661207072437,57.79840161558241,59.311928073875606,50.21730874432251,4.250797552659231,4.257280436326183,4.251844469485256,1135.3387972339988,1141.1893520271406,1142.7965675247833,1134.437648463063,1,,0.043829943104306546,0.043829943104306546,0.043829943104306324,0.043829943104306546,-0.10336154203417847,0.8251387176611603,0.8679614260806856,0.4980493948284953,-9.683736722809755e-05,0.0005270440559749234,0.00014751857317640837,-0.00484143674376547,0.19258868832272813,0.2542797124433547,0.04220359808920793,False,False,False
qwen,71,cap24_chunk8192_polfcfs_mem0.9,24,8192,fcfs,0.9,0,R_short_decode,0.883620312116421,226.20679990180375,314.56883111344587,88.3620312116421,50.1262154430151,56.1896394006908,57.25122129544616,50.77878519659862,4.235746684100698,4.240719904191792,4.2355307406677625,1130.684910574928,1134.3608546070757,1134.379206057638,1130.3100701770743,1,,0.047951108807225085,0.047951108807225085,0.04795110880722486,0.04795110880722531,-0.09765939988009742,0.8300058111449078,0.8725489145189435,0.4924371178654968,0.0034442218948396164,0.004414926062321856,0.0039838118234490905,-0.0007224740444051747,0.19741996899400827,0.25977237613532167,0.04568847858156555,False,False,False
qwen,72,cap32_chunk-1_pollpm_mem0.75,32,-1,lpm,0.75,0,R_short_decode,0.8812509154441892,225.60023435371244,313.72532589813136,88.12509154441892,50.35470146685839,54.669316788204014,54.97427059803158,50.16295245150104,4.244748819802029,4.252310473946672,4.246011955033549,1133.5744727402923,1136.0818969085813,1136.2222247198224,1132.8960009850562,1,,0.045141064905085626,0.045141064905085626,0.045141064905085404,0.045141064905085626,-0.10266276647373007,0.8346053425187391,0.8776177991891019,0.4985927169371238,0.0013262646567161473,0.0016938318832450117,0.001519077220100029,-0.0032799060681139025,0.1962023016370159,0.2585697330352349,0.04350519841025702,False,False,False
qwen,73,cap32_chunk-1_pollpm_mem0.8,32,-1,lpm,0.8,0,R_short_decode,0.8794086191139915,225.12860649318185,313.06946840458096,87.94086191139914,50.42276671156287,57.46400095522404,58.15752170979977,51.20598478242755,4.250638115712825,4.255826521628336,4.251514720346997,1133.6671328172088,1142.0758990338072,1143.168195891194,1135.342238470912,1,,0.04295614853828322,0.04295614853828322,0.042956148538283,0.042956148538283,-0.10415325313813728,0.826150401836687,0.8705313336015825,0.4881670146680591,-5.93261981156612e-05,0.0008683766138087856,0.0002250615069555595,-0.003361915671806104,0.19196144089858702,0.2540372101291727,0.0414398601650513,False,False,False
qwen,74,cap32_chunk-1_pollpm_mem0.85,32,-1,lpm,0.85,1,R_short_decode,0.8431884891291875,215.856253217072,300.1751021299908,84.31884891291875,45.66645668819547,330.53858946077503,449.2015197779982,100.0443235388957,4.250385956473503,4.259525393866294,4.252471788055903,1129.8686098307371,1413.3928216295317,1532.4734844872728,1184.4246294931509,1,,0.0,0.0,0.0,0.0,0.0,0.0,0.0,0.0,0.0,0.0,0.0,0.0,0.0,0.0,0.0,False,False,False
qwen,75,cap32_chunk-1_pollpm_mem0.9,32,-1,lpm,0.9,0,R_short_decode,0.8864568738387645,226.9329597027237,315.57864708660014,88.64568738387645,46.29538510926068,50.48140303697437,50.585469561629,46.27575818449259,4.236591047625623,4.242055411541871,4.236918690103088,1126.1622151359916,1131.257515703328,1131.6970103094354,1126.69002416078,1,,0.051315198520158756,0.051315198520158756,0.051315198520158534,0.051315198520158756,-0.013772218531414637,0.8472753117288746,0.8873880266775832,0.537447437819885,0.0032455661648489453,0.004101391753545958,0.0036574253112037214,0.003280376729202894,0.19961563523502523,0.2615226157155516,0.04874485374141291,False,False,False
qwen,76,cap32_chunk-1_polfcfs_mem0.75,32,-1,fcfs,0.75,0,R_short_decode,0.8806490081743225,225.44614609262652,313.51104691005884,88.06490081743225,49.88358146511018,51.778254844248295,51.91523801535368,49.80299359885976,4.250541657172874,4.258227765140141,4.251889971212721,1133.5967197082937,1137.4929977348074,1137.5055328337476,1134.0349362581037,1,,0.04442721826506757,0.04442721826506735,0.04442721826506757,0.04442721826506757,-0.0923462226489058,0.8433518611889859,0.8844277329226069,0.5021907107053694,-3.663213199112114e-05,0.00030464162228538427,0.00013681850748925584,-0.0032995959398456343,0.19520392326362124,0.25773232336588947,0.04254360470079921,False,False,False
qwen,77,cap32_chunk-1_polfcfs_mem0.8,32,-1,fcfs,0.8,0,R_short_decode,0.8833368501736545,226.13423364445555,314.467918661821,88.33368501736544,48.77979005686939,54.35688756406307,54.79859180748463,49.86417817417532,4.236468220787013,4.242151359315304,4.237606397409942,1130.1208743825557,1134.1236074687913,1134.6750935399905,1130.4538095137104,1,,0.04761493018711693,0.04761493018711693,0.04761493018711671,0.04761493018711693,-0.06817549673125178,0.8355505550721375,0.8780088904539618,0.5015791360237556,0.003274463973158115,0.004078866292476668,0.003495705882803124,-0.00022326892669077836,0.19758782547003795,0.25957929776538724,0.04556712063859736,False,False,False
qwen,78,cap32_chunk-1_polfcfs_mem0.85,32,-1,fcfs,0.85,0,R_short_decode,0.8803990704810509,225.38216204314904,313.4220690912541,88.03990704810509,48.649374628439546,53.56414325069636,53.74955812003464,49.43299858132377,4.253842484425096,4.259908517512183,4.254032260802227,1134.8948683589697,1137.2434286167845,1137.2641670284793,1134.2112250858918,1,,0.0441307985481314,0.0441307985481314,0.04413079854813118,0.0441307985481314,-0.06531967129858685,0.837948896260257,0.8803442202363909,0.5058890216584354,-0.0008132268426892519,-8.994514892202154e-05,-0.00036695663700991865,-0.004448533647629649,0.19538049775459343,0.25788982416946726,0.042394765489423225,False,False,False
qwen,79,cap32_chunk-1_polfcfs_mem0.9,32,-1,fcfs,0.9,0,R_short_decode,0.8787855413763164,224.969098592337,312.8476527299686,87.87855413763164,51.69682204723358,60.63878461718559,63.23485434055328,52.46723029995337,4.24806349454265,4.255576153541458,4.249242003596224,1136.0556678846478,1144.8617775458845,1147.924385452643,1136.0239412169904,1,,0.04221719426446646,0.04221719426446646,0.04221719426446624,0.04221719426446646,-0.13205240336934065,0.8165455213077879,0.8592283161201127,0.47556014730256113,0.0005464120093178204,0.0009271550136836781,0.0007595075571695808,-0.005475909322622652,0.1899903834052672,0.25093360696109546,0.04086430412788067,False,False,False
qwen,80,cap32_chunk2048_pollpm_mem0.75,32,2048,lpm,0.75,0,R_short_decode,0.8833216965945234,226.130354328198,314.46252398765034,88.33216965945233,50.107335206121206,53.06259987410158,53.58891613315791,50.27820053510368,4.232989227874022,4.240496749259239,4.234537826485786,1129.5796623453498,1133.1777189159766,1133.237320710905,1130.085346288979,1,,0.04759695842952505,0.04759695842952505,0.04759695842952483,0.04759695842952483,-0.09724596213469039,0.8394662482203201,0.8807018369847851,0.49744074669507576,0.004092976209133403,0.004467315686028428,0.004217302892047137,0.00025573547479174064,0.1982570580700197,0.2605175018150101,0.04587821111709334,False,False,False
qwen,81,cap32_chunk2048_pollpm_mem0.8,32,2048,lpm,0.8,0,R_short_decode,0.834559590506724,213.64725516972132,297.10321422039374,83.4559590506724,50.3423644695431,374.8527813469988,512.8607640368863,111.13946727709845,4.2539886920256365,4.261659078354783,4.2551921244582855,1134.703895077109,1459.127170522697,1596.237284229137,1196.2134590139613,1,,-0.010233653250384278,-0.010233653250384389,-0.0102336532503845,-0.010233653250384278,-0.10239261200565908,-0.13406662126354396,-0.14171644897895574,-0.11090228156612136,-0.0008476255071958594,-0.0005009207109227809,-0.0006397071016492895,-0.004279511090317323,-0.03235784715563872,-0.04160841958267092,-0.009953212072139284,False,False,False
qwen,82,cap32_chunk2048_pollpm_mem0.85,32,2048,lpm,0.85,0,R_short_decode,0.8797938909859571,225.227236092405,313.20662519100074,87.9793890985957,50.18774070776999,54.76082901004702,55.61804481316358,49.89329940872267,4.251927759169655,4.259445140247836,4.253606356716916,1134.5208275597545,1139.453556225635,1139.8969102324918,1134.5629203715362,1,,0.043413071132617276,0.043413071132617276,0.043413071132617276,0.043413071132617276,-0.09900667464623436,0.8343284846123981,0.8761846468358994,0.5012880526967138,-0.0003627441629869832,1.8840976643508256e-05,-0.00026680216061625295,-0.0041174855983603376,0.1938167940375316,0.2561718543444341,0.042097832044367345,False,False,False
qwen,83,cap32_chunk2048_pollpm_mem0.9,32,2048,lpm,0.9,0,R_short_decode,0.8858521450415777,226.7781491306439,315.36336363480166,88.58521450415778,47.15739842504263,61.573616787791245,64.92312654852867,49.75014878436923,4.228149878555069,4.237780834767309,4.226534415279947,1125.7224502041936,1133.3687339210885,1133.9768692152577,1126.9917216850445,1,,0.0505980056208446,0.0505980056208446,0.05059800562084438,0.05059800562084482,-0.032648509321121955,0.8137173124377413,0.855469931222373,0.5027189247271272,0.005231543240106773,0.0051049253351787005,0.006099363868516949,0.0036695944913139877,0.19812191163217974,0.26003491695345193,0.0484901329962073,False,False,False
qwen,84,cap32_chunk2048_polfcfs_mem0.75,32,2048,fcfs,0.75,0,R_short_decode,0.8799735639012943,225.27323235873132,313.2705887488608,87.99735639012944,50.68175704218447,53.81865222007036,54.43724948912859,50.35477509954944,4.247688453681036,4.261947279503825,4.2510229199394285,1134.9843468051404,1138.761111162603,1139.359316714108,1134.365619684104,1,,0.04362615861857533,0.043626158618575106,0.043626158618575106,0.04362615861857533,-0.10982460032388364,0.837178913639501,0.8788133007296319,0.4966753403058167,0.0006346489048502102,-0.0005685811008471209,0.00034071198791818524,-0.00452772732147122,0.1943067109611466,0.2565226555320733,0.042264411396500945,False,False,False
qwen,85,cap32_chunk2048_polfcfs_mem0.8,32,2048,fcfs,0.8,0,R_short_decode,0.8771557637279627,224.55187551435844,312.2674518871547,87.71557637279626,49.36664784327149,53.0680543044582,53.2691876264289,49.442165647633374,4.254262590342585,4.342158734250594,4.270240556740878,1133.7927014101297,1159.265138208866,1167.0062825083733,1138.3535076165572,1,,0.04028431962330892,0.04028431962330892,0.040284319623308695,0.04028431962330892,-0.08102645625300942,0.8394497465756392,0.8814136077439023,0.5057973916090199,-0.0009120663179253974,-0.019399659056685392,-0.004178456570807176,-0.0034730512426399685,0.1797997552638455,0.2384819089389828,0.03889747032388957,False,False,False
qwen,86,cap32_chunk2048_polfcfs_mem0.85,32,2048,fcfs,0.85,0,R_short_decode,0.8820761018517567,225.8114820740497,314.0190922592254,88.20761018517567,51.29749118350446,52.78306449763477,52.94872744940221,49.89662428852171,4.243153969154639,4.2497842529715575,4.243527181839169,1132.6119573786857,1136.300552985631,1136.3341343356296,1131.9960556575095,1,,0.04611971489640565,0.04611971489640565,0.04611971489640543,0.04611971489640565,-0.1233078916929542,0.8403119448662786,0.8821270073272008,0.5012548186292383,0.0017014895571658695,0.0022869075763144453,0.002103389901811248,-0.0024280235100606617,0.19604759866010568,0.2584967075526148,0.044265014868930086,False,False,False
qwen,87,cap32_chunk2048_polfcfs_mem0.9,32,2048,fcfs,0.9,0,R_short_decode,0.884270116933565,226.37314993499265,314.80016162834914,88.4270116933565,48.31399046815932,69.86532867886125,76.22262825258076,52.3392359027639,4.226245444414078,4.231784027800256,4.224366929143359,1127.1950248628857,1141.092245420441,1144.1100107412783,1129.0276785730384,1,,0.048721760714268036,0.048721760714268036,0.048721760714267814,0.048721760714268036,-0.057975458837125515,0.788631854474734,0.8303152930331779,0.47683952420933495,0.005679604700993823,0.0065127833504611266,0.0066090641662769345,0.002366279534265381,0.19265739293563788,0.25342263841904655,0.046771191294644354,False,False,False
qwen,88,cap32_chunk8192_pollpm_mem0.75,32,8192,lpm,0.75,0,R_short_decode,0.8835758281410911,226.19541200411933,314.55299481822846,88.35758281410912,49.45171996951103,51.28082656301558,51.29777793772519,49.323073762934655,4.235418737117275,4.24229110791987,4.237111805089038,1129.3690993916243,1132.3368195444343,1132.6799385249617,1129.7865840606391,1,,0.04789835194929437,0.04789835194929437,0.04789835194929415,0.04789835194929459,-0.0828893580940786,0.8448567634820712,0.8858023054706554,0.5069877828324902,0.003521378884059234,0.004046057800533687,0.003612012902709294,0.0004420960408729746,0.19885200899850453,0.26088121589658175,0.0461304536160253,False,False,False
qwen,89,cap32_chunk8192_pollpm_mem0.8,32,8192,lpm,0.8,0,R_short_decode,0.8850643013616035,226.5764611485705,315.08289128473086,88.50643013616036,47.27173992432654,48.99133734870702,49.06561373267323,46.19026562431827,4.243071989028477,4.2502532546938045,4.244235686172603,1129.5325385872277,1130.5584837216884,1130.68716683425,1128.470365598332,1,,0.04966364315013805,0.04966364315013805,0.049663643150137826,0.04966364315013805,-0.03515234928542266,0.851783304852153,0.8907714876901527,0.5383019846562289,0.0017207772470370086,0.0021768010083568212,0.00193677989973573,0.0002974427651014633,0.20011021251810046,0.2621815788137113,0.04724172606809385,False,False,False
qwen,90,cap32_chunk8192_pollpm_mem0.85,32,8192,lpm,0.85,0,R_short_decode,0.8803381437762822,225.36656480672823,313.40037918435644,88.03381437762822,49.39534002915025,54.86722863279283,55.4983817320317,49.68011454911903,4.253860493647117,4.258421879426083,4.254237694355349,1134.5138472970575,1138.6362889781594,1138.9586537703872,1134.510726609733,1,,0.04405854103328832,0.04405854103328832,0.0440585410332881,0.04405854103328832,-0.08165475518311194,0.8340065868790068,0.8764510374776564,0.5034189568006409,-0.0008174639219111768,0.0002590698113456025,-0.00041526584712592296,-0.004111307656397667,0.1943950248272801,0.2567841040646428,0.042141898809363254,False,False,False
qwen,91,cap32_chunk8192_pollpm_mem0.9,32,8192,lpm,0.9,0,R_short_decode,0.8863783339256714,226.9128534849719,315.550686877539,88.63783339256715,48.75873262062669,55.48312896862626,55.70282639935613,49.38218253664672,4.226630748085239,4.233660813713191,4.227062914920344,1125.9451888035985,1131.7588560748843,1132.3357616458088,1126.7561695422046,1,,0.05122205219035747,0.05122205219035747,0.05122205219035725,0.05122205219035747,-0.06771438286847764,0.8321432633353376,0.8759959084134772,0.5063969569703004,0.00558895324601838,0.006072174188783697,0.005975083293186301,0.003472457764559289,0.1992609282039125,0.2611058050217032,0.048689007738402235,False,False,False
qwen,92,cap32_chunk8192_polfcfs_mem0.75,32,8192,fcfs,0.75,0,R_short_decode,0.8801771618588508,225.3253534358658,313.3430696217509,88.01771618588508,51.95734789595008,57.53696579486132,57.924554981291294,51.06932524358854,4.246750967029263,4.251908135837784,4.24747351059398,1134.878844488412,1140.5544484732673,1140.8548787003383,1134.1750704450533,1,,0.043867620593188716,0.043867620593188716,0.043867620593188494,0.043867620593188716,-0.13775737519352527,0.8259296565380629,0.8710499576895501,0.48953300460136984,0.0008552139691463401,0.0017882879720541034,0.0011753816864727984,-0.004434351582194518,0.19303789362797463,0.255546741755183,0.04242529055614186,False,False,False
qwen,93,cap32_chunk8192_polfcfs_mem0.8,32,8192,fcfs,0.8,0,R_short_decode,0.8839455478456456,226.29006024848528,314.68461503304985,88.39455478456456,50.05116993561387,53.31470784731209,54.180702874436975,50.37894286215305,4.230788255146905,4.236600389247577,4.231112792987522,1128.9812221657485,1132.1214689640328,1132.4524348741395,1129.3127050739713,1,,0.048336830070522474,0.048336830070522474,0.04833683007052225,0.048336830070522474,-0.09601606004504903,0.8387035294901961,0.8793844177080838,0.49643376975239883,0.004610805119179773,0.005382056097547605,0.005022724695875169,0.0007853901394088147,0.19900437327905407,0.2610296710921366,0.046530545757701325,False,False,False
qwen,94,cap32_chunk8192_polfcfs_mem0.85,32,8192,fcfs,0.85,0,R_short_decode,0.8821228091893656,225.8234391524776,314.0357200714141,88.21228091893656,48.76092378981412,54.63590614963323,55.54913385305554,49.36011438257992,4.243734968351383,4.253368878408391,4.246250821012712,1130.634413799271,1138.8963205041364,1139.702335097827,1132.154073740821,1,,0.04617510860518026,0.04617510860518026,0.046175108605179815,0.04617510860518026,-0.06776236489612653,0.8347064219074583,0.8763380545094578,0.5066175407404352,0.0015647962773803759,0.0014453524486010005,0.0014629061292456003,-0.0006777814357092904,0.19421104800074074,0.25629882237137513,0.04413160149725848,False,False,False
qwen,95,cap32_chunk8192_polfcfs_mem0.9,32,8192,fcfs,0.9,0,R_short_decode,0.8844114117323624,226.4093214034848,314.85046257672104,88.44114117323625,51.714163506403565,53.92630407586694,53.955871257930994,49.83134218491614,4.230904530770346,4.23830350349639,4.231673229129656,1129.2069654446095,1133.6196297081187,1134.1351764136923,1128.9080156129785,1,,0.04888933273478191,0.04888933273478191,0.04888933273478169,0.04888933273478191,-0.13243214509724366,0.8368532274436102,0.8798849316346998,0.5019073504401028,0.004583448633290854,0.004982219474607197,0.004890934017402371,0.0005855940950750815,0.19794439849981427,0.2599316151997596,0.046872221750344334,False,False,False
qwen,96,cap48_chunk-1_pollpm_mem0.75,48,-1,lpm,0.75,0,R_short_decode,0.8844421421937014,226.4171884015876,314.86140262095773,88.44421421937014,48.894604900851846,71.7695002676919,80.50601857248694,52.192713716067374,4.236850693054935,4.24291832756032,4.225755878503081,1129.1561445686966,1132.973565440625,1133.3007508330047,1129.2433897033334,1,,0.0489257782765975,0.04892577827659772,0.0489257782765975,0.0489257782765975,-0.07068970195558966,0.7828710397028884,0.8207797279664723,0.47830409692584264,0.003184478670214208,0.003898806737926419,0.006282442514459419,0.0006305735515098609,0.19840150020403047,0.2604761111333821,0.046589068156604574,False,False,False
qwen,97,cap48_chunk-1_pollpm_mem0.8,48,-1,lpm,0.8,0,R_short_decode,0.8838850476765789,226.2745722052042,314.6630769728621,88.38850476765789,47.27707710117102,51.19278200436384,52.3874236503616,47.54207778023556,4.240464719523694,4.2493315409942,4.242834114177408,1128.8211434148252,1133.146146684885,1133.7659758329391,1129.4647768954746,1,,0.0482650784161216,0.0482650784161216,0.048265078416121376,0.0482650784161216,-0.0352692223084583,0.8451231304402995,0.8833765663209416,0.524789852152362,0.0023341967179940637,0.0023931898344292657,0.002266369857071071,0.0009270692245081369,0.1982793959725535,0.2601725332870808,0.046402152766103044,False,False,False
qwen,98,cap48_chunk-1_pollpm_mem0.85,48,-1,lpm,0.85,0,R_short_decode,0.8849135352750387,226.5378650304099,315.02921855791374,88.49135352750386,48.42170141637325,53.55287741404027,54.18440667446703,49.32612867560238,4.231270158882527,4.236384337019248,4.230489804382052,1127.4909423664212,1132.1328056277707,1133.526157909073,1128.1010287930258,1,,0.049484838424375566,0.049484838424375566,0.04948483842437512,0.049484838424375344,-0.060334103584831045,0.8379829795322722,0.8793761724108909,0.5069572472402681,0.004497426301218965,0.005432778234018554,0.005169225045911552,0.0021043751845376546,0.1989963523923166,0.2603290240363785,0.047553554103503926,False,False,False
qwen,99,cap48_chunk-1_pollpm_mem0.9,48,-1,lpm,0.9,0,R_short_decode,0.8762185779306163,224.31195595023777,311.93381374329937,87.62185779306162,54.14712033234537,68.99726074188948,69.05788566917181,56.33726285304874,4.24676479990868,4.24981293122412,4.246746944080965,1136.2422455567869,1152.1704111248257,1152.5889036804438,1139.2577335936949,1,,0.03917284121791198,0.03917284121791198,0.03917284121791176,0.03917284121791198,-0.1857088169124823,0.7912580771447947,0.8462652448208519,0.43687696752584193,0.0008519594695411969,0.0022801748420515633,0.001346239142848038,-0.005641041507476352,0.18481939805208358,0.24788982299026785,0.03813403974787677,False,False,False
qwen,100,cap48_chunk-1_polfcfs_mem0.75,48,-1,fcfs,0.75,0,R_short_decode,0.8839886504967019,226.3010945271557,314.6999595768259,88.39886504967019,50.55328784510493,54.02917575556785,54.591327854432166,50.4837540211156,4.229563865445408,4.235903173411155,4.230172114729808,1128.191955620423,1132.6142848702148,1133.2629073644057,1129.1776432772167,1,,0.04838794871316532,0.04838794871316532,0.048387948713165096,0.04838794871316532,-0.1070113932919321,0.8365420030269128,0.8784702957340572,0.49538612251710323,0.004898870653471277,0.005545740022856793,0.0052439321029075225,0.0014839373319393,0.19865569745543288,0.26050080550426813,0.046644577324921,False,False,False
qwen,101,cap48_chunk-1_polfcfs_mem0.8,48,-1,fcfs,0.8,0,R_short_decode,0.8782049351170608,224.8204633899676,312.64095690167363,87.82049351170608,50.76876422390342,52.60750176385045,53.02915068343282,50.90492375893518,4.258153489882163,4.26289462256154,4.258707805545818,1136.2395274918526,1139.6456305170432,1140.0801412807778,1136.8754141731188,1,,0.04152861007867514,0.041528610078675365,0.04152861007867492,0.04152861007867514,-0.11172987583744076,0.840843086280268,0.881947971347825,0.4911762910851796,-0.001827488959403878,-0.0007909868785140883,-0.0014664453524253496,-0.005638635860562458,0.19368089813621614,0.2560522887857861,0.040145412494824395,False,False,False
qwen,102,cap48_chunk-1_polfcfs_mem0.85,48,-1,fcfs,0.85,0,R_short_decode,0.882484968541291,225.9161519465705,314.1646488006996,88.2484968541291,48.361629946157336,52.14777095243335,53.10431247577071,48.39938221266493,4.247606241637293,4.252922286224716,4.2479102079774815,1132.4658934026957,1135.488253342919,1136.1790530895814,1131.6164852469228,1,,0.046604620341398784,0.046604620341398784,0.04660462034139856,0.046604620341398784,-0.059018663881985844,0.8422339399538652,0.8817806482444325,0.5162206060212102,0.0006539911586090907,0.0015501979753629325,0.0010726890866704641,-0.002298748322911326,0.19662231478309788,0.2585979042438581,0.0445854830533422,False,False,False
qwen,103,cap48_chunk-1_polfcfs_mem0.9,48,-1,fcfs,0.9,0,R_short_decode,0.8795637227502044,225.16831302405237,313.1246852990728,87.95637227502044,53.15091437660158,57.099616224877536,57.17731939163059,52.48945363564417,4.243736336117282,4.25316155632483,4.2455793958723405,1135.1401747670025,1138.3175430586562,1138.395871031098,1135.1121995830908,1,,0.04314009748708014,0.04314009748708014,0.04314009748707992,0.04314009748708014,-0.16389398764850527,0.8272527987790257,0.8727134328933517,0.47533801240370155,0.0015644744793336107,0.0014940250269731559,0.0016207966865110501,-0.004665644208891706,0.19462054310827415,0.2571513422224223,0.04163408011125391,False,False,False
qwen,104,cap48_chunk2048_pollpm_mem0.75,48,2048,lpm,0.75,0,R_short_decode,0.8859904644077796,226.8135588883916,315.41260532916954,88.59904644077795,47.702627489343286,54.488585400395095,54.50167228933424,47.34163836110383,4.2339118078862334,4.239414570414844,4.233350816146269,1126.7349966801703,1134.131654840894,1135.2802715683356,1126.8460964784026,1,,0.05076204885433899,0.050762048854339215,0.05076204885433877,0.05076204885433899,-0.04458788679512682,0.8351521209995929,0.8786698844735215,0.5267933583188442,0.0038759182709463547,0.004721376583506132,0.004496437098851391,0.0027734314621203904,0.1975821318143326,0.259184394992536,0.048613083163753346,False,False,False
qwen,105,cap48_chunk2048_pollpm_mem0.8,48,2048,lpm,0.8,0,R_short_decode,0.8777919600829791,224.71474178124265,312.4939377895405,87.77919600829792,50.76505895704031,54.24161925911904,54.52406950294972,51.117427996359766,4.258292651388283,4.265072247031711,4.260170310005253,1136.9384690187871,1141.2477428326383,1142.0130590023473,1137.4608570476994,1,,0.041038832242039636,0.041038832242039636,0.04103883224203919,0.041038832242039636,-0.11164873823378563,0.8358992838094752,0.8786200244159986,0.48905219018762125,-0.0018602298698868758,-0.00130222328839813,-0.001810364026628708,-0.006257240113174856,0.19254737581243075,0.25479098296801117,0.03965112787763336,False,False,False
qwen,106,cap48_chunk2048_pollpm_mem0.85,48,2048,lpm,0.85,0,R_short_decode,0.8821072799127334,225.81946365765972,314.0301916489331,88.21072799127334,47.99651936627925,53.83145322557538,56.05340502690524,48.70648880023509,4.248635633392077,4.253858347679032,4.248396883599972,1131.5636488143357,1137.482509855181,1139.3726972676814,1132.0476941182278,1,,0.04615669127995292,0.04615669127995292,0.04615669127995292,0.04615669127995292,-0.05102350493258423,0.8371401859208225,0.8752154599685957,0.5131509007475196,0.0004118033278271982,0.0013304407564801446,0.0009582437365901475,-0.001500208934782643,0.1952113436208397,0.25651392418780616,0.044221416940085634,False,False,False
qwen,107,cap48_chunk2048_pollpm_mem0.9,48,2048,lpm,0.9,0,R_short_decode,0.8820674789651171,225.80927461507,314.0160225115817,88.20674789651171,48.89835603535175,52.32783337123692,52.52650515176356,49.03074359754101,4.243714796087029,4.250608582926147,4.245396956627933,1131.2341501470655,1134.3339770566672,1134.535126676783,1131.606967537664,1,,0.04610948837321316,0.04610948837321338,0.04610948837321316,0.04610948837321338,-0.07077184396466896,0.8416891853486697,0.8830669469290244,0.5099097893497315,0.0015695422615240595,0.002093381331400801,0.0016636986159065392,-0.0012085832852131162,0.19743898532831894,0.2596706317196934,0.044593518777204855,False,False,False
qwen,108,cap48_chunk2048_polfcfs_mem0.75,48,2048,fcfs,0.75,0,R_short_decode,0.8821933689933839,225.84150246230627,314.06083936164464,88.21933689933839,46.62991943769157,51.26707842573524,51.33343977853656,47.53655969398096,4.251968551098424,4.256867723009896,4.252973420764594,1131.3862544484437,1135.4922795435414,1135.5086526600644,1132.0447819889523,1,,0.04625879072955441,0.04625879072955441,0.04625879072955419,0.04625879072955441,-0.021097821450753118,0.8448983566204178,0.8857229160669219,0.5248450085676327,-0.0003723413923177876,0.0006239359108470843,-0.00011796261884655657,-0.0013432045146681837,0.19661946617614245,0.2590353672318336,0.04422387562694752,False,False,False
qwen,109,cap48_chunk2048_polfcfs_mem0.8,48,2048,fcfs,0.8,0,R_short_decode,0.8802084080828776,225.33335246921663,313.3541932775044,88.02084080828776,47.64620028436184,50.95962549094111,51.04951471555978,47.113450011238456,4.261247218385631,4.267986054970499,4.262674732051571,1134.4708814285696,1138.305169926025,1138.781614121981,1134.095506684389,1,,0.04390467781637142,0.04390467781637142,0.043904677816371196,0.04390467781637142,-0.04335224888770761,0.8458285140803855,0.8863549821897548,0.5290742308540727,-0.0025553589775975105,-0.001986291974309662,-0.002399297280307744,-0.004073280342324015,0.19462929731477774,0.25689962948821343,0.042492465586686734,False,False,False
qwen,110,cap48_chunk2048_polfcfs_mem0.85,48,2048,fcfs,0.85,0,R_short_decode,0.8870116320895522,227.07497781492535,315.7761410238806,88.70116320895522,48.43602958135307,50.08385214023292,50.27726418338716,48.40207134839147,4.225611584443672,4.230931644674902,4.225896272178301,1126.1062962003052,1127.785113779828,1127.9129306133837,1126.0056207538582,1,,0.051973127628466065,0.05197312762846584,0.05197312762846584,0.051973127628466065,-0.06064786046502091,0.8484780484422791,0.8880741449667514,0.5161937265778653,0.005828734680458525,0.006712895580471723,0.0062494279097267125,0.0033298682675992897,0.20207241998046965,0.26399187846910444,0.04932268992438271,False,False,True
qwen,111,cap48_chunk2048_polfcfs_mem0.9,48,2048,fcfs,0.9,0,R_short_decode,0.882660915562483,225.9611943839957,314.227285940244,88.2660915562483,50.60503748245537,52.58787740021944,52.702393643558025,50.202467769850045,4.239022709867534,4.244315208520229,4.239470148732996,1131.888529052958,1134.3206618214026,1134.5709920721129,1131.2673556967638,1,,0.04681328901211779,0.04681328901211779,0.046813289012117565,0.046813289012117565,-0.10814460224010558,0.8409024571502868,0.882675388833047,0.4981977388219123,0.002673462297856033,0.0035708638732305786,0.003057431059137139,-0.0017877470040728038,0.19744840608881875,0.25964722812041874,0.04488025026897202,False,False,False
qwen,112,cap48_chunk8192_pollpm_mem0.75,48,8192,lpm,0.75,0,R_short_decode,0.8833909449283464,226.14808190165667,314.48717639449126,88.33909449283463,48.228002386167645,50.52350587211549,50.56528362445533,47.19492141157389,4.2467956796434585,4.253874548126523,4.247560175181385,1130.9610221069306,1134.2834892682731,1134.9159949831665,1130.322766082827,1,,0.04767908518376274,0.04767908518376274,0.047679085183762515,0.04767908518376274,-0.0560924994786014,0.847147935269715,0.8874329640526475,0.5282598778008107,0.0008446943093664006,0.0013266374108035217,0.0011550018716910415,-0.0009668489474692343,0.19747470631658315,0.25942209997657417,0.04567775953247066,False,False,False
qwen,113,cap48_chunk8192_pollpm_mem0.8,48,8192,lpm,0.8,0,R_short_decode,0.8795909986667522,225.17529565868853,313.13439552536374,87.95909986667522,47.30929061770439,52.30850733350962,52.99983175005764,48.52495947852731,4.260304492587845,4.265143401628616,4.260183311085783,1134.2840236611664,1137.5681494828314,1137.7592667471615,1134.871703805402,1,,0.043172446027055944,0.04317244602705572,0.0431724460270555,0.043172446027055944,-0.03597463102350984,0.8417476536738321,0.8820132403464465,0.5149653897188724,-0.0023335612850019505,-0.00131892810650025,-0.001813421326283704,-0.003907900256730601,0.1951507520950163,0.25756675187902045,0.04183712872380407,False,False,False
qwen,114,cap48_chunk8192_pollpm_mem0.85,48,8192,lpm,0.85,0,R_short_decode,0.8873204058280956,227.15402389199247,315.886064474802,88.73204058280956,46.28394404426217,48.55694032739848,48.687760843895376,46.06042889645323,4.2323235942817785,4.238342232271736,4.232922463686954,1125.7114883046595,1128.7508546374738,1129.0238342247903,1125.4556571366263,1,,0.05233932539150965,0.05233932539150965,0.05233932539150965,0.05233932539150987,-0.013521683109395388,0.8530975145546184,0.8916126533410715,0.5395997767075146,0.004249581656041057,0.004973127199819349,0.004597167328389551,0.0036792964154481744,0.2013891415295911,0.26326696960598084,0.04978701969559607,False,False,True
qwen,115,cap48_chunk8192_pollpm_mem0.9,48,8192,lpm,0.9,0,R_short_decode,0.8830145247804349,226.0517183437913,314.3531708218348,88.30145247804349,49.880654318258166,52.27778407279402,52.55434312392026,49.186165793798864,4.241207474842668,4.245630808485051,4.241167196967439,1130.5269938893616,1134.142829827033,1134.5435721380636,1130.6838010204956,1,,0.0472326605079465,0.0472326605079465,0.04723266050794628,0.0472326605079465,-0.09228212424792859,0.8418406027626683,0.8830049748053093,0.5083562559681256,0.002159446630218609,0.003262003180272588,0.0026583576921582752,-0.0005827085139777921,0.19757422531730795,0.2596651207197537,0.04537294069581488,False,False,False
qwen,116,cap48_chunk8192_polfcfs_mem0.75,48,8192,fcfs,0.75,0,R_short_decode,0.8798417613130979,225.23949089615303,313.22366702746285,87.98417613130978,51.34812276810408,64.25289446488023,67.42695013061166,53.55741630773991,4.244478890562759,4.2528515401314575,4.240737245726918,1134.4980420544744,1137.4954249244183,1137.657297840342,1134.419811773114,1,,0.04346984411725585,0.04346984411725585,0.04346984411725585,0.04346984411725585,-0.12441661762160106,0.8056115185531004,0.8498959884108696,0.46466311717408326,0.0013897716516184655,0.0015668068899054033,0.0027594638868491117,-0.004097319089545026,0.19520220598476312,0.25763329065300367,0.0422186574602349,False,False,False
qwen,117,cap48_chunk8192_polfcfs_mem0.8,48,8192,fcfs,0.8,0,R_short_decode,0.8826284215078035,225.9528759059977,314.2157180567781,88.26284215078036,47.43434931151569,55.20586492493748,57.82909804955125,48.33660216536373,4.2451497861275485,4.249479955646629,4.245282107434583,1129.9269490409642,1137.0313393417746,1138.9987145084888,1130.8835395611825,1,,0.04677475189366964,0.04677475189366964,0.04677475189366964,0.046774751893669864,-0.03871315515874496,0.8329820883697794,0.8712624612709876,0.516848128354117,0.0012319282059501946,0.0023583468322856405,0.0016907062479555313,-5.163362334315025e-05,0.1955305546048648,0.25675796283707375,0.04520430308417356,False,False,False
qwen,118,cap48_chunk8192_polfcfs_mem0.85,48,8192,fcfs,0.85,0,R_short_decode,0.8825506118174102,225.93295662525705,314.18801780699806,88.25506118174103,51.99759197421372,58.47091940231621,58.85903195478022,52.89186473237351,4.227787321068201,4.234180369450912,4.228855097693775,1130.953166866675,1136.2897566054016,1136.6339679528028,1131.249914644286,1,,0.046682471589329255,0.046682471589329255,0.04668247158932903,0.046682471589329255,-0.13863863643387986,0.8231041056425427,0.8689696508955064,0.4713156842745809,0.005316843137711635,0.005950199158779257,0.00555363834004996,-0.0009598965990393893,0.19605523728686536,0.25830105417250204,0.044894975606527,False,False,False
qwen,119,cap48_chunk8192_polfcfs_mem0.9,48,8192,fcfs,0.9,0,R_short_decode,0.8835012636505466,226.17632349453996,314.5264498595945,88.35012636505465,48.26929443515837,50.65773099195212,51.03865162935108,48.134663433302194,4.241149940107968,4.248019030098529,4.242306163616697,1130.365060409531,1131.2317182309926,1131.2496540136635,1129.92273515556,1,,0.047809920369041636,0.04780992036904186,0.04780992036904119,0.047809920369041636,-0.05699670908857102,0.8467418552411906,0.886379165291838,0.518866621007356,0.00217298298557278,0.0027013253129877235,0.0023905213122773494,-0.00043938788499331416,0.19963388739531684,0.2618145335205253,0.04601550236329832,False,False,False
qwen,120,cap64_chunk-1_pollpm_mem0.75,64,-1,lpm,0.75,0,R_short_decode,0.8756703554055979,224.17161098383303,311.73864652439283,87.56703554055979,48.616352025419474,52.75902315042913,52.80427592806518,48.79346047528088,4.2347485391313535,4.467765654382459,4.280424959428023,1130.2653583697977,1187.878193659708,1208.583221277222,1140.301825129427,1,,0.03852266331334331,0.03852266331334331,0.038522663313343086,0.03852266331334331,-0.06459654527973346,0.8403846787254169,0.8824485813089817,0.5122815693155172,0.0036790582084276213,-0.04888813688398952,-0.006573393726122534,-0.0003511457311129451,0.15955552095547154,0.21135130003141056,0.03725252182792349,False,False,False
qwen,121,cap64_chunk-1_pollpm_mem0.8,64,-1,lpm,0.8,0,R_short_decode,0.8821252217674046,225.8240567724556,314.03657894919604,88.21252217674046,50.51740165799856,52.08050590008497,52.30554182082415,49.76166528649628,4.243186403832892,4.251615150521199,4.244721863035332,1132.0463649462909,1135.4593697702512,1135.5286573572084,1132.165740360506,1,,0.046177969861079804,0.046177969861080026,0.04617796986107958,0.046177969861079804,-0.10622556076388201,0.8424374413134434,0.8835588493852953,0.5026038107284547,0.001693858561160888,0.0018570715311349018,0.0018224518366796172,-0.0019274410286342913,0.19664275041304147,0.25902231336999093,0.04412175146594832,False,False,False
qwen,122,cap64_chunk-1_pollpm_mem0.85,64,-1,lpm,0.85,0,R_short_decode,0.8827224119889215,225.97693746916391,314.24917866805606,88.27224119889216,50.14769057743251,54.08359495922923,54.206466283649206,50.67711404990405,4.236333796243166,4.244236803211857,4.2378017016887375,1131.1827530153096,1134.019603021443,1134.2636032029986,1131.316547980532,1,,0.04688622220230165,0.04688622220230165,0.04688622220230143,0.04688622220230165,-0.09812966046028748,0.8363773650530226,0.8793270639190205,0.4934533788895922,0.0033060904054924567,0.003589270925923538,0.0034497786460030433,-0.0011630938085529507,0.19766141042515928,0.25984781160341264,0.04483871762726288,False,False,False
qwen,123,cap64_chunk-1_pollpm_mem0.9,64,-1,lpm,0.9,0,R_short_decode,0.8799850322769589,225.27616826290148,313.27467149059737,87.99850322769589,49.47391920723021,62.81630704179406,63.91967685893178,51.34918389376253,4.25132560708067,4.256091003364948,4.249714518393003,1133.0429648514837,1143.6400862410665,1144.9703324958682,1134.494345053099,1,,0.04363975981903345,0.04363975981903345,0.04363975981903323,0.04363975981903345,-0.08337547502385823,0.8099577203851762,0.8577037831694742,0.4867356579826465,-0.000221074184036274,0.0008062847814669372,0.0006483922293486488,-0.002809490407227111,0.1908547512484614,0.2528612442002893,0.0421557296232673,False,False,False
qwen,124,cap64_chunk-1_polfcfs_mem0.75,64,-1,fcfs,0.75,0,R_short_decode,0.8802585328257365,225.34618440338852,313.3720376859622,88.02585328257365,48.85865142568946,53.91514205839485,54.12271301727742,49.57299493253231,4.25312178684216,4.261676190311418,4.25511486052225,1133.161396253854,1139.5048745907843,1140.194867644459,1134.627284365706,1,,0.04396412448043918,0.04396412448043896,0.04396412448043896,0.04396412448043918,-0.06990239595968384,0.836886996624662,0.8795135131242975,0.5044896783848102,-0.0006436663391686803,-0.0005049380497228473,-0.0006215379191392145,-0.002914309145742422,0.19378048540176962,0.2559774252629633,0.04204349005200492,False,False,False
qwen,125,cap64_chunk-1_polfcfs_mem0.8,64,-1,fcfs,0.8,0,R_short_decode,0.8809370741683672,225.519890987102,313.6135984039387,88.09370741683672,49.257429549470544,53.74591466970742,54.59809982217848,48.82492666365579,4.251939003520152,4.258624591371593,4.252742227924732,1133.6861087474972,1138.03910757415,1138.7111103441566,1133.2741947844625,1,,0.04476885717233281,0.04476885717233281,0.044768857172332366,0.04476885717233281,-0.07863480378593346,0.8373989713050269,0.8784552201667492,0.5119670468392601,-0.00036538965227017606,0.00021147954558475845,-6.359592310256623e-05,-0.003378710483276537,0.1948175410555152,0.25694563601200526,0.04318589248737348,False,False,False
qwen,126,cap64_chunk-1_polfcfs_mem0.85,64,-1,fcfs,0.85,0,R_short_decode,0.8856922149947389,226.7372070386532,315.3064285381271,88.5692214994739,47.71052696742117,49.8265765607357,50.0514017790556,47.9913396993652,4.232085595710897,4.24008258015794,4.233772301471189,1128.125678282231,1129.5076234498993,1129.532435876317,1127.6032765745183,1,,0.05040833267238698,0.05040833267238698,0.05040833267238676,0.05040833267238698,-0.044760868862288694,0.8492564010694775,0.8885769536047168,0.5202992233666621,0.0043055762347260496,0.004564549312548349,0.004397321726445247,0.0015425966641972044,0.20085371443469968,0.26293508676645694,0.04797380221901337,False,False,False
qwen,127,cap64_chunk-1_polfcfs_mem0.9,64,-1,fcfs,0.9,0,R_short_decode,0.8820530191757917,225.80557290900268,314.0108748265818,88.20530191757916,48.10278839431703,51.49707437958568,52.12791312020272,48.59793075593189,4.247560055342083,4.256675802262537,4.249558968962553,1132.0625597145408,1134.3337442260236,1134.6408031042663,1132.235467841383,1,,0.04609233943260049,0.04609233943260049,0.04609233943260027,0.04609233943260049,-0.053350574640737225,0.8442025348277925,0.8839542814860353,0.5142360002360578,0.0006648575353764841,0.000668992749253472,0.0006849708213305661,-0.0019417743485523609,0.1974391500600483,0.25960167364077513,0.04406288112575052,False,False,False
qwen,128,cap64_chunk2048_pollpm_mem0.75,64,2048,lpm,0.75,0,R_short_decode,0.8783772565173924,224.86457766845243,312.7023033201917,87.83772565173923,50.23826053366065,60.26586985681205,62.73778174538165,52.237883617635816,4.254625273831919,4.265532917525692,4.254150843377612,1136.2593537196517,1138.737208629027,1138.9311338681728,1136.517595034093,1,,0.04173297885570815,0.041732978855707925,0.041732978855707925,0.04173297885570815,-0.10011295329262904,0.8176737247075238,0.860334885384209,0.47785259803044666,-0.0009973958604769795,-0.0014103739510624713,-0.00039484220128760406,-0.0056561832352099994,0.1943236224193131,0.256802061897188,0.04044751625906218,False,False,False
qwen,129,cap64_chunk2048_pollpm_mem0.8,64,2048,lpm,0.8,0,R_short_decode,0.8847863215891919,226.50529832683316,314.9839304857523,88.47863215891918,48.43217437155545,49.416520493105054,49.68873576261103,48.27857267810032,4.234573078871358,4.243011929405232,4.235646978714595,1127.9124871362,1131.1372409109026,1131.8232063669711,1128.368552250322,1,,0.04933396624397113,0.04933396624397135,0.049333966243970906,0.04933396624397113,-0.06056343942434461,0.8504969704937604,0.8893843106604628,0.5174281661334803,0.003720339226620517,0.003876832025662247,0.0039564775922946716,0.001731283334643785,0.19970073174222747,0.26144026776055396,0.04732768624274297,False,False,False
qwen,130,cap64_chunk2048_pollpm_mem0.85,64,2048,lpm,0.85,0,R_short_decode,0.8837053706001933,226.22857487364948,314.59911193366884,88.37053706001933,47.28969908319414,60.08596625179052,64.77093193680048,49.29147090297192,4.240943337151525,4.250762665041668,4.238661283508203,1129.3082104530183,1133.4899556590244,1134.5779002597556,1129.6240609372037,1,,0.04805198599526661,0.04805198599526661,0.04805198599526661,0.04805198599526661,-0.035545617346271374,0.8182179988430037,0.855808742657836,0.507303671419117,0.0022215910316558674,0.0020572077906249042,0.0032476416625478732,0.000495986323403308,0.19803614514456147,0.25964272025277035,0.04626767055612302,False,False,False
qwen,131,cap64_chunk2048_pollpm_mem0.9,64,2048,lpm,0.9,0,R_short_decode,0.8843058594807309,226.38230002706712,314.8128859751402,88.4305859480731,48.579274443909526,52.20388672314584,52.51879739575088,49.259542021900415,4.233450488205634,4.243312980888375,4.23408241408384,1129.5934095978737,1131.9629173493013,1132.4926476133987,1128.9505576132797,1,,0.04876415046178795,0.04876415046178795,0.048764150461787725,0.04876415046178817,-0.06378462370317872,0.8420641692447808,0.8830841057222905,0.5076228187724308,0.003984454221639733,0.003806154789278815,0.004324396466006908,0.00024356834986738463,0.19911655130366634,0.26100343067775666,0.04683630388842064,False,False,False
qwen,132,cap64_chunk2048_polfcfs_mem0.75,64,2048,fcfs,0.75,0,R_short_decode,0.8847912252003155,226.5065536512808,314.9856761713123,88.47912252003155,48.73863165266812,52.246242109686136,52.82463641837239,48.496916075237095,4.234383795775619,4.23958898302825,4.23488097388626,1129.0128105320036,1131.6855743760243,1132.2980979131537,1128.3915644162337,1,,0.04933978180144938,0.0493397818014496,0.04933978180144938,0.0493397818014496,-0.06727421366297492,0.8419360287253655,0.8824032553485592,0.5152456995085559,0.0037648723814155405,0.004680430093632615,0.0041366092584202985,0.0007574325822377048,0.19931277628021404,0.26113038210772554,0.04730825725981003,False,False,False
qwen,133,cap64_chunk2048_polfcfs_mem0.8,64,2048,fcfs,0.8,0,R_short_decode,0.883670430820982,226.21963029017135,314.5866733722696,88.36704308209819,47.14960348792374,51.76582769490778,52.333317371085286,47.493905876763165,4.243115226135535,4.249574113911128,4.244547985795447,1129.7275263350457,1133.4800034062937,1134.0746485302225,1129.8536422546022,1,,0.048010548310025714,0.04801054831002549,0.048010548310025714,0.048010548310025714,-0.03247781648256631,0.8433894578561731,0.8834970162234776,0.5252713577667576,0.0017106047338817376,0.0023362414905417905,0.001863340347774245,0.00012486716992032854,0.1980431865364367,0.25997111205506085,0.04607383693287537,False,False,False
qwen,134,cap64_chunk2048_polfcfs_mem0.85,64,2048,fcfs,0.85,0,R_short_decode,0.8848595809859671,226.5240527324076,315.01001083100425,88.48595809859671,47.26582346484065,50.18121907487512,51.16386631503701,47.26432840107009,4.239032887762376,4.243929959997973,4.239657464409795,1127.8649114537984,1132.1627070894465,1133.3477046666667,1128.3769818255678,1,,0.049420850016365536,0.04942085001636576,0.049420850016365314,0.04942085001636576,-0.03502279118271523,0.8481834778906197,0.8861004158215606,0.5275661154058937,0.002671067716529363,0.0036613078749990757,0.0030133824008191645,0.0017733906044516967,0.19897519658819884,0.2604454718863495,0.04732056922150252,False,False,False
qwen,135,cap64_chunk2048_polfcfs_mem0.9,64,2048,fcfs,0.9,0,R_short_decode,0.8806114508341005,225.4365314135297,313.4976764969398,88.06114508341005,48.15849661827088,53.65923347417265,54.680127506144345,48.97357488516718,4.253898142818727,4.261255209589852,4.255212546901449,1133.4855349268764,1138.3958905935287,1139.115533232689,1134.0527743450366,1,,0.044382676219361095,0.04438267621936087,0.04438267621936087,0.044382676219361095,-0.05457046836567003,0.8376612135917026,0.8782726124053007,0.5104812231937677,-0.0008263217461170758,-0.00040610527314832723,-0.0006445095892801955,-0.003201190885974814,0.19456511086489947,0.25668173396565597,0.042528544150310155,False,False,False
qwen,136,cap64_chunk8192_pollpm_mem0.75,64,8192,lpm,0.75,0,R_short_decode,0.8848897325797679,226.53177154042055,315.02074479839735,88.48897325797678,48.66824601776898,50.30384655110538,50.75885503552854,48.22757060173899,4.2332676294095375,4.24123767060319,4.2351724892653815,1127.9572094790635,1130.5177592439577,1130.6552758207545,1128.196555364411,1,,0.049456609036074184,0.049456609036074184,0.04945660903607396,0.049456609036074184,-0.06573291530081549,0.8478124849713654,0.8870020407308188,0.5179379609379952,0.004027475913779832,0.004293371108771593,0.004068057274150716,0.0016917014377095807,0.20013902579428777,0.26220238897050585,0.04747290180279462,False,False,False
qwen,137,cap64_chunk8192_pollpm_mem0.8,64,8192,lpm,0.8,0,R_short_decode,0.8828313550874554,226.00482690238857,314.2879624111341,88.28313550874553,46.51434766128659,50.30800811946392,51.004798412323,47.294284449890256,4.24777964294395,4.255951056804727,4.24934123692961,1130.3837534505874,1134.1697560390458,1134.1748477099463,1130.8762998669408,1,,0.047015425933066846,0.047015425933066846,0.047015425933066624,0.047015425933066846,-0.018567040987664374,0.8477998947065938,0.8864545283873254,0.5272666876346765,0.0006131945560339247,0.0008391397470512985,0.000736172109380151,-0.00045593232289853347,0.1975551745540659,0.25990572809851076,0.04521041549864169,False,False,False
qwen,138,cap64_chunk8192_pollpm_mem0.85,64,8192,lpm,0.85,0,R_short_decode,0.8832914904522609,226.1226215557788,314.45177060100485,88.32914904522607,48.355346312746406,52.97606128733605,53.09952286537737,49.04912668280304,4.239833974005545,4.245857070017533,4.240662856347055,1128.8333828561008,1134.048469667323,1134.2389573017135,1130.4181550513022,1,,0.04756113471673484,0.04756113471673484,0.04756113471673462,0.04756113471673462,-0.058881065437380586,0.8397280590633648,0.8817913107426264,0.5097260399413517,0.0024825939517062467,0.0032088842265017847,0.0027769570963448453,0.0009162366009897172,0.19764098677121233,0.25986389403585575,0.04559722340876993,False,False,False
qwen,139,cap64_chunk8192_pollpm_mem0.9,64,8192,lpm,0.9,0,R_short_decode,0.8823781622234611,225.88880952920604,314.1266257515521,88.23781622234611,46.65736528113485,52.54957417491824,52.6975228684023,47.86640306701884,4.248843504590731,4.254568750677886,4.249406884442649,1130.8036735281348,1136.5812650416046,1137.6065281499175,1131.4651585998945,1,,0.04647795077794181,0.04647795077794181,0.04647795077794159,0.04647795077794181,-0.021698828085243704,0.8410183384014401,0.8826862320179901,0.5215480361720961,0.0003628968989093373,0.0011636609082189553,0.0007207346141278048,-0.0008275862248601218,0.19584898999896216,0.2576664198985915,0.04471324690024325,False,False,False
qwen,140,cap64_chunk8192_polfcfs_mem0.75,64,8192,fcfs,0.75,0,R_short_decode,0.8834727043263616,226.16901230754857,314.51628274018475,88.34727043263617,44.765627942979336,48.41201682575047,49.00495768524706,45.63637508545071,4.253116734873722,4.259882335021508,4.253974318842166,1130.3934392053634,1131.9805367384106,1132.0528392214328,1130.399826390203,1,,0.04777604974040628,0.04777604974040628,0.04777604974040606,0.04777604974040628,0.01972626760527696,0.8535359610969251,0.8909065185054004,0.5438384360936981,-0.000642477748652448,-8.37983395349795e-05,-0.0003533311591821242,-0.00046450478406057094,0.19910408527947288,0.2612904231748001,0.04561269814700364,False,False,False
qwen,141,cap64_chunk8192_polfcfs_mem0.8,64,8192,fcfs,0.8,0,R_short_decode,0.8856675353878789,226.730889059297,315.2976425980849,88.56675353878789,45.91461643576622,53.37072762195021,53.85445513296872,47.36160882748664,4.234321377988831,4.24242496481348,4.236672213985859,1126.077874796465,1133.725870703347,1133.8387165823951,1127.7130233938806,1,,0.05037906328935082,0.05037906328935082,0.0503790632893506,0.05037906328935082,-0.0054341800430270926,0.8385340492043102,0.8801107014072785,0.5265937421319744,0.0037795575858716735,0.004014632493431924,0.0037153859819649693,0.0033550228772528667,0.19786923114817467,0.2601250670501819,0.047881143879571986,False,False,False
qwen,142,cap64_chunk8192_polfcfs_mem0.85,64,8192,fcfs,0.85,0,R_short_decode,0.8799911951733697,225.27774596438263,313.2768654817196,87.99911951733696,46.019213972613215,58.67264531552791,62.64605954289436,48.14624338177964,4.2393528710247255,4.400896418510992,4.263804412678201,1127.8097669128329,1168.160832975991,1184.2136240610853,1134.8922688048333,1,,0.04364706885668057,0.04364706885668057,0.04364706885668035,0.04364706885668057,-0.00772464758600222,0.822493811051703,0.8605390748146735,0.5187508728262716,0.0025957843738809716,-0.03318938416197059,-0.0026649499837079205,0.0018221967580926979,0.1735058965212567,0.22725343306197987,0.04181976586345881,False,False,False
qwen,143,cap64_chunk8192_polfcfs_mem0.9,64,8192,fcfs,0.9,0,R_short_decode,0.8826165362464816,225.9498332790993,314.21148690374747,88.26165362464816,48.41977078467608,51.36929547879845,51.895659980364144,48.60129626467824,4.244886434582226,4.253219044128176,4.2468941133633695,1131.5972320735457,1135.293618333526,1136.513167717494,1131.5592951723374,1,,0.04676065627747583,0.04676065627747583,0.04676065627747561,0.04676065627747583,-0.06029182678393208,0.8445891126884765,0.8844713170026413,0.5142023600591112,0.0012938876486969786,0.0014805287338347517,0.001311631204279795,-0.0015299320892432355,0.19676002243691815,0.2583798811385354,0.04463376816424025,False,False,False
qwen,144,cap96_chunk-1_pollpm_mem0.75,96,-1,lpm,0.75,0,R_short_decode,0.885407226950573,226.66425009934667,315.20497279440394,88.5407226950573,47.12528456002474,50.60419684741646,51.86086792964488,47.48921771533787,4.234350112029443,4.243305430966703,4.237145232721506,1127.2047073580325,1132.2982447221875,1133.6319190636275,1127.961252059322,1,,0.05007034413501921,0.05007034413501921,0.050070344135018985,0.05007034413501943,-0.03194528276607822,0.846903815587857,0.884548770103727,0.5253182186106262,0.003772797249067872,0.0038079272688333887,0.0036041521492148343,0.0023577099580665006,0.1988793013560547,0.26026001066967086,0.047671566453317604,False,False,False
qwen,145,cap96_chunk-1_pollpm_mem0.8,96,-1,lpm,0.8,0,R_short_decode,0.8861975808661641,226.866580701738,315.48633878835443,88.61975808661641,46.32822540588677,56.380398804321885,58.27424456365407,48.54220990091562,4.228422570717978,4.235697578839666,4.229494257528773,1125.3116154111922,1136.0491294646636,1138.4537459211424,1127.0632455707528,1,,0.05100768368101738,0.05100768368101738,0.05100768368101716,0.05100768368101738,-0.014491352421094783,0.8294286942523166,0.8702714884124746,0.5147929619210914,0.005167386204557145,0.005594007036779369,0.0054033352065187,0.004033207383491777,0.19622548517340876,0.2571135765510224,0.048429745966144466,False,False,False
qwen,146,cap96_chunk-1_pollpm_mem0.85,96,-1,lpm,0.85,0,R_short_decode,0.8843527922449608,226.39431481471,314.82959403920603,88.43527922449607,47.17244952917099,50.83433804102242,50.9782334510237,47.441353439353406,4.240145839239453,4.247413218368356,4.241318766064212,1128.494161181152,1132.3963765753433,1133.304294734262,1128.977638785727,1,,0.04881981152077408,0.0488198115207743,0.04881981152077386,0.04881981152077408,-0.03297809705837795,0.8462075543919059,0.8865136665694767,0.5257966493130524,0.0024092205599478556,0.002843550484610269,0.002622715104899087,0.0012164676827254306,0.1988098713634483,0.2604737985966281,0.04681343947664374,False,False,False
qwen,147,cap96_chunk-1_pollpm_mem0.9,96,-1,lpm,0.9,0,R_short_decode,0.8821516744801116,225.83082866690856,314.0459961149197,88.21516744801116,47.5598955526948,54.03584763407707,54.87824372947216,48.5289121279493,4.244003035858565,4.268470053634077,4.248122921596994,1131.9921284448355,1137.091880198568,1137.28767959401,1131.8002571351826,1,,0.04620934210233796,0.04620934210233796,0.046209342102337736,0.04620934210233796,-0.04146235556280353,0.8365218181567586,0.8778315715481244,0.5149258807364318,0.001501727297309574,-0.0020999193432824637,0.0010226679154283769,-0.001879438543227252,0.19548772089588662,0.25787448128375423,0.04443032595538621,False,False,False
qwen,148,cap96_chunk-1_polfcfs_mem0.75,96,-1,fcfs,0.75,0,R_short_decode,0.8879165794090755,227.3066443287233,316.0983022696309,88.79165794090756,44.905054150149226,47.82293241005391,47.91691911872476,44.44917169166729,4.234554311808418,4.244595110672069,4.237061379449989,1126.140263164416,1127.5272395694628,1127.588700656779,1124.8998234514147,1,,0.053046372023035415,0.05304637202303519,0.05304637202303519,0.053046372023035415,0.016673124942559014,0.8553181566846099,0.8933286798708829,0.5557052102572703,0.0037247546051605296,0.003505151821779129,0.0036238708624000138,0.003299805511792875,0.20225487046869828,0.2642034514326086,0.050256305517058064,True,True,True
qwen,149,cap96_chunk-1_polfcfs_mem0.8,96,-1,fcfs,0.8,0,R_short_decode,0.8862652274303664,226.8838982221738,315.5104209652104,88.62652274303663,46.82968254201114,52.2507413290441,52.400690000504255,47.64203756349161,4.230242010717299,4.238138697749259,4.231580217852823,1125.5961160641164,1132.2967631276697,1132.7737733256072,1126.6949931159616,1,,0.05108791077741914,0.05108791077741914,0.05108791077741892,0.05108791077741914,-0.02547221611166428,0.8419224169429552,0.8833470331391545,0.5237906971806439,0.004739321549264042,0.005020910580280091,0.004912806302856398,0.003781407616289867,0.19888034960994083,0.2608199849509273,0.048740658493308664,False,False,False
qwen,150,cap96_chunk-1_polfcfs_mem0.85,96,-1,fcfs,0.85,0,R_short_decode,0.881577755338852,225.6839053667461,313.84168090063133,88.1577755338852,51.59039958380163,53.55409246403724,54.11652828101069,50.989165843930095,4.2429243269212105,4.246615503330295,4.241548637704303,1132.645349483937,1136.0894908895716,1136.4210758684203,1132.584068458527,1,,0.045528688667597184,0.045528688667597184,0.045528688667597184,0.045528688667597184,-0.129721973746596,0.8379793035620959,0.8795272814131264,0.4903342434605369,0.0017555181173436463,0.003030828400410357,0.0025686590989929536,-0.0024575774820541074,0.196196928763407,0.25843997473885283,0.043768560483926966,False,False,False
qwen,151,cap96_chunk-1_polfcfs_mem0.9,96,-1,fcfs,0.9,0,R_short_decode,0.8831786868411642,226.09374383133803,314.41161251545446,88.31786868411642,46.264564152807,55.44765142258257,56.04133091401309,47.56843787617981,4.248843015189848,4.250711131950512,4.247548654401565,1129.1447889525443,1137.6454985467717,1138.122890642844,1130.693344748579,1,,0.04742735251672725,0.04742735251672725,0.04742735251672703,0.04742735251672725,-0.01309730397292097,0.8322505958743358,0.8752423390247889,0.5245263679784298,0.00036301204160160694,0.002069306108252067,0.0011577110677526425,0.0006406239379472822,0.19509602628718947,0.25732947280087437,0.045364883004472056,False,False,False
qwen,152,cap96_chunk2048_pollpm_mem0.75,96,2048,lpm,0.75,0,R_short_decode,0.8835541234666875,226.189855607472,314.54526795414074,88.35541234666876,47.69817809574306,51.70826381072402,52.356796991080046,48.07935090502724,4.243685682212897,4.250120481786628,4.243817507955884,1130.9167300350964,1133.192963921465,1133.37796181906,1130.252815433778,1,,0.0478726107601255,0.0478726107601255,0.04787261076012528,0.04787261076012572,-0.044490454370478494,0.8435636096375966,0.8834447465428088,0.5194195012340233,0.0015763919628053458,0.002207971830197053,0.0020351175813385636,-0.0009276478656365938,0.1982462719635283,0.26042572788901486,0.04573681829172571,False,False,False
qwen,153,cap96_chunk2048_pollpm_mem0.8,96,2048,lpm,0.8,0,R_short_decode,0.8755064690095982,224.12965606645716,311.68030296741694,87.5506469009598,46.24533397145569,87.12282576598224,100.34003701992332,53.61434881342575,4.248711111608381,4.333936735786789,4.262910671212582,1129.6979878097773,1177.948964224197,1183.5086694778877,1140.6565699726343,1,,0.03832829823588724,0.03832829823588724,0.038328298235887015,0.038328298235887015,-0.012676203174963208,0.7364216205190738,0.7766257846377884,0.4640940443504392,0.0003940453601797289,-0.017469397418700128,-0.0024547801083594223,0.00015101049757049179,0.16658062344896185,0.22771344401181592,0.03695301366642989,False,False,False
qwen,154,cap96_chunk2048_pollpm_mem0.85,96,2048,lpm,0.85,0,R_short_decode,0.8820481368112875,225.8043230236896,314.0091367048184,88.20481368112874,47.294630436226726,52.03133071772754,53.33593673072755,48.12436946667731,4.248061880250188,4.2559277069955765,4.249744165880497,1131.5364432521164,1136.2779991701243,1137.938549630344,1131.8091317662038,1,,0.04608654907306975,0.04608654907306975,0.04608654907306975,0.04608654907306975,-0.03565360367563031,0.842586214206913,0.8812650127339575,0.5189695150673161,0.00054679180834738,0.0008446215336334051,0.0006414204047320293,-0.0014761304162871358,0.19606355587678426,0.2574497626553913,0.04442283317720497,False,False,False
qwen,155,cap96_chunk2048_pollpm_mem0.9,96,2048,lpm,0.9,0,R_short_decode,0.8809915473649508,225.5338361254274,313.63299086192245,88.09915473649508,51.13045102916658,54.69758147373796,54.76389171555638,51.20176309719682,4.243361766395323,4.250809536406807,4.244678431674473,1132.8283194452524,1136.5810336079448,1136.8424117844552,1133.5947631741874,1,,0.04483346099139096,0.04483346099139096,0.04483346099139052,0.04483346099139096,-0.11965006127535882,0.834519831518102,0.8780861388389303,0.48820921281665364,0.0016526005285428802,0.0020462038968092067,0.001832665040440773,-0.0026195166311937523,0.19584915374230105,0.25816503626826914,0.04291523922523888,False,False,False
qwen,156,cap96_chunk2048_polfcfs_mem0.75,96,2048,fcfs,0.75,0,R_short_decode,0.8845775226089916,226.45184578790185,314.909598048801,88.45775226089916,50.19803741015494,52.07553333602846,52.326535461470485,50.18244753591716,4.227191625236004,4.233648180596385,4.2284965645247965,1128.963607829064,1130.420991638675,1130.426007034257,1128.4490714897402,1,,0.04908633598941692,0.04908633598941692,0.049086335989416696,0.04908633598941692,-0.09923215091769677,0.84245248513651,0.8835121139230985,0.4983978524637932,0.005456994135361493,0.006075140039585869,0.005637950050238261,0.0008009798606660734,0.20020749055779985,0.262351995987409,0.04725970450932304,False,False,False
qwen,157,cap96_chunk2048_polfcfs_mem0.8,96,2048,fcfs,0.8,0,R_short_decode,0.8856989211455256,226.73892381325456,315.30881592780713,88.56989211455256,47.205313574522734,50.315971742384136,50.78288452234119,45.66127044381574,4.241812892039032,4.249211495157843,4.242725482018774,1128.103694645688,1131.9804662605748,1131.9951073406264,1127.5562683586031,1,,0.050416285995840804,0.050416285995840804,0.050416285995840804,0.050416285995840804,-0.03369775099553651,0.8477758018376396,0.8869485469518473,0.5435895928061991,0.002017008460470149,0.0024213727480774105,0.0022919155077062436,0.0015620534721410007,0.19910413514376735,0.2613280955269751,0.048013490870147946,False,False,False
qwen,158,cap96_chunk2048_polfcfs_mem0.85,96,2048,fcfs,0.85,0,R_short_decode,0.8842364722815015,226.3645369040644,314.7881841322145,88.42364722815014,44.61752553470433,54.7042531426996,55.208253590390086,46.69393168296665,4.245406528934836,4.252548284152998,4.246323383824133,1127.395019866526,1138.5220632422715,1139.7119318787009,1129.5063945581203,1,,0.048681859016726836,0.048681859016726836,0.04868185901672639,0.048681859016726614,0.02296940094680655,0.8344996472819058,0.8770969127226578,0.5332675555069073,0.0011715236191862655,0.0016380016711118328,0.00144584245074586,0.0021892722239462703,0.19447584152178976,0.25629256008953405,0.04636701531488052,False,False,False
qwen,159,cap96_chunk2048_polfcfs_mem0.9,96,2048,fcfs,0.9,0,R_short_decode,0.8828704184491651,226.01482712298628,314.3018689679028,88.28704184491652,47.597724478691816,50.432608695700765,51.2578594032675,48.10749547323212,4.24565281445051,4.252445525854973,4.246977369949295,1130.6786297354847,1133.676644181833,1134.0470410417763,1131.0867248103025,1,,0.0470617540817706,0.0470617540817706,0.0470617540817706,0.047061754081770824,-0.04229073001399675,0.84742293243892,0.8858911710080593,0.5191381802433932,0.0011135793481962253,0.001662126025006594,0.0012920528060974545,-0.0007169151330514989,0.19790405976818803,0.25998912704111155,0.045032755444872175,False,False,False
qwen,160,cap96_chunk8192_pollpm_mem0.75,96,8192,lpm,0.75,0,R_short_decode,0.8761343938117518,224.29040481580847,311.9038441969837,87.61343938117518,49.42425643093884,88.34761383477596,103.07822116184978,56.9605304626748,4.251449782510891,4.257459187167971,4.247981089984954,1134.1682702768594,1164.7594064474106,1176.6380823403597,1139.6677325828932,1,,0.03907300100430633,0.03907300100430633,0.03907300100430633,0.03907300100430633,-0.08228796397323168,0.7327161891175791,0.770530114829548,0.43064705274828097,-0.0002502892792048961,0.0004850790891630652,0.0010560206615743972,-0.0038054517212990913,0.1759124649405437,0.232196775832612,0.03778788096411878,False,False,False
qwen,161,cap96_chunk8192_pollpm_mem0.8,96,8192,lpm,0.8,0,R_short_decode,0.8829113399573676,226.0253030290861,314.31643702482285,88.29113399573676,49.4890830013901,51.460130373016,51.811081590130925,48.90365857863799,4.244595584368296,4.249060697689214,4.243693185294521,1130.647306330502,1134.9047042895108,1135.4775710497051,1131.045420828741,1,,0.04711028594472899,0.04711028594472899,0.04711028594472877,0.04711028594472899,-0.08370753043738466,0.8443143039456735,0.8846596030758385,0.5111800765025414,0.001362316778876882,0.00245677515907039,0.0020643529690281825,-0.0006891920821496811,0.19703518588621793,0.25905564922083635,0.045067628057728126,False,False,False
qwen,162,cap96_chunk8192_pollpm_mem0.85,96,8192,lpm,0.85,0,R_short_decode,0.8825742079049455,225.93899722366604,314.1964180141606,88.25742079049455,47.22823854535818,53.130684583447874,54.76220961194485,48.07986313244328,4.24788741522706,4.253142352179423,4.247994956733915,1130.2268400322646,1137.356551992707,1139.3266742443666,1131.3185770995915,1,,0.04671045594613599,0.04671045594613599,0.04671045594613599,0.04671045594613599,-0.03419975996443858,0.8392602670988499,0.8780898834914692,0.5194143812292302,0.0005878386744236908,0.001498533544620484,0.0010527597936246247,-0.00031705474283527657,0.19530046099892906,0.25654395604400504,0.04483700445868388,False,False,False
qwen,163,cap96_chunk8192_pollpm_mem0.9,96,8192,lpm,0.9,0,R_short_decode,0.883498607595052,226.17564354433333,314.52550430383855,88.3498607595052,47.46416327543557,51.55486275907606,51.822232524864376,47.86968731787056,4.245425233909604,4.250503896699086,4.244872759205892,1130.4471543990076,1133.6162032792345,1134.1308205993846,1130.312240915373,1,,0.047806770355101946,0.047806770355101946,0.047806770355101946,0.047806770355101946,-0.03936601868444933,0.8440277038660442,0.8846347791733303,0.5215152082140917,0.0011671228483012275,0.0021179583012228553,0.0017869674929660295,-0.0005120458814737994,0.19794682275783504,0.2599344575421242,0.045686645845024465,False,False,False
qwen,164,cap96_chunk8192_polfcfs_mem0.75,96,8192,fcfs,0.75,0,R_short_decode,0.8817129451401499,225.7185139558784,313.8898084698933,88.17129451401499,48.67948545143008,51.09447718132287,51.40224418137223,49.05336600495502,4.249781991957741,4.254830236656263,4.249367587651838,1133.1238145940006,1135.3072440251708,1135.9186695888638,1132.6421008561738,1,,0.04568902031709299,0.04568902031709299,0.045689020317092544,0.04568902031709299,-0.06597903541777228,0.8454205384470359,0.8855697456082162,0.5096836655016831,0.0001420963935855335,0.0011022723838652881,0.0007299755433496369,-0.002881047172158535,0.19675038202313067,0.25876781485135203,0.04371956420657708,False,False,False
qwen,165,cap96_chunk8192_polfcfs_mem0.8,96,8192,fcfs,0.8,0,R_short_decode,0.8820186626270264,225.7967776325188,313.9986438952214,88.20186626270264,49.56554970704019,53.59125866089016,54.12344929296523,50.17702776240185,4.241667995594588,4.250598683515015,4.243125902105342,1131.0776767786592,1136.2838950706646,1137.1980946650729,1132.174132799264,1,,0.04605159344376397,0.04605159344376397,0.04605159344376375,0.04605159344376375,-0.0853819915450682,0.8378668622374277,0.879511874047724,0.49845202618723494,0.0020510986456740987,0.0020957053957545435,0.002197753780944889,-0.0010700951751401178,0.19605938442462312,0.25793293901881065,0.044114665798740016,False,False,False
qwen,166,cap96_chunk8192_polfcfs_mem0.85,96,8192,fcfs,0.85,0,R_short_decode,0.8859010528479392,226.79066952907243,315.3807748138664,88.59010528479392,45.05976289510727,70.31655570026486,76.86392567586154,50.04067614208907,4.230878939486894,4.23836754004964,4.22587408137256,1125.0842064619064,1138.0402262788266,1138.9420845266432,1127.1165852085687,1,,0.050656009029325766,0.050656009029325766,0.050656009029325766,0.050656009029325766,0.013285326628922012,0.787266727872906,0.8288876544454953,0.49981493829948265,0.004589469564969417,0.004967185744947478,0.006254646240816619,0.004234477643862866,0.1948167495525024,0.2567949161562788,0.04838471174742953,False,False,False
qwen,167,cap96_chunk8192_polfcfs_mem0.9,96,8192,fcfs,0.9,0,R_short_decode,0.8828097000374613,225.9992832095901,314.2802532133362,88.28097000374613,49.12468302063644,68.2873743586242,74.02841186150908,52.57681856164709,4.234024737139835,4.241180720866895,4.229629217375506,1129.5440851245075,1137.3704984551296,1137.8715126914904,1130.6093688472174,1,,0.046989743597179556,0.046989743597179556,0.046989743597179334,0.046989743597179556,-0.07572793212430051,0.7934057428210577,0.835199996878695,0.47446475020438283,0.003849349094697807,0.004306741081017029,0.005371598406497591,0.00028722340226639,0.19529059363423817,0.25749350692864115,0.045435783169219035,False,False,False
qwen,168,cap128_chunk-1_pollpm_mem0.75,128,-1,lpm,0.75,0,R_short_decode,0.885448570161453,226.674833961332,315.2196909774772,88.54485701614529,46.50467494502664,51.873101270757616,52.836049790494144,46.4347954839468,4.236684661066415,4.245872044132328,4.23900336734768,1127.4531283415854,1133.8050793623552,1135.561735550873,1127.380654157605,1,,0.050119376126576354,0.050119376126576576,0.05011937612657613,0.050119376126576354,-0.018355228708774485,0.8430649160953312,0.8823778472151954,0.5358577694226333,0.0032235414730324985,0.0032053687844253442,0.0031671981331076182,0.0021378428147619255,0.19781318964449934,0.2590007285308408,0.04816176049965848,False,False,False
qwen,169,cap128_chunk-1_pollpm_mem0.8,128,-1,lpm,0.8,0,R_short_decode,0.881546259968491,225.6758425519337,313.8304685487828,88.1546259968491,51.10584665089846,53.768045688048005,54.79312677867711,50.72495300555602,4.22789495000068,4.303850557326394,4.242575048998583,1129.9328149762005,1146.4613722870126,1152.705702376552,1132.5815905001946,1,,0.045491335963229185,0.045491335963229185,0.04549133596322896,0.045491335963229185,-0.11911127679211964,0.8373320168886705,0.8780210565499497,0.49297520127831207,0.005291520982598774,-0.010406127293882905,0.0023272909382061613,-5.6825320134290536e-05,0.18885864230919747,0.24781360718797796,0.043770652603822846,False,False,False
qwen,170,cap128_chunk-1_pollpm_mem0.85,128,-1,lpm,0.85,0,R_short_decode,0.8818519613508441,225.7541021058161,313.9392982409005,88.18519613508441,48.16650762222707,48.801314597949386,48.84723546914756,48.22353384224698,4.250260978462357,4.256932323926367,4.2514524527588025,1132.1281837299466,1133.9535048929974,1134.095874927007,1132.3439092957417,1,,0.0458538899903469,0.0458538899903469,0.045853889990346675,0.0458538899903469,-0.05474589261657892,0.8523581931006557,0.8912576353408409,0.5179783106484956,2.9403920591031252e-05,0.0006087696867970172,0.00023970418803564986,-0.0019998554518192435,0.1977081760004713,0.2599572609855322,0.04397132489527511,False,False,False
qwen,171,cap128_chunk-1_pollpm_mem0.9,128,-1,lpm,0.9,0,R_short_decode,0.8830672133447143,226.06520661624683,314.3719279507183,88.30672133447143,46.58659151755273,50.54194389376789,51.52328480500728,46.71134444652125,4.250031350837911,4.258178767529043,4.2519290518362585,1130.8526590000838,1134.495024359785,1135.0651161326095,1130.9532526647672,1,,0.047295147798699144,0.04729514779869892,0.047295147798699144,0.047295147798699144,-0.02014903051576411,0.8470921535176282,0.8853002883194366,0.5330935050166979,8.342904367353299e-05,0.00031614469048368843,0.00012762841159086324,-0.000870941241118306,0.1973250415607738,0.25932479248580675,0.045145444882605634,False,False,False
qwen,172,cap128_chunk-1_polfcfs_mem0.75,128,-1,fcfs,0.75,0,R_short_decode,0.8837910641970664,226.250512434449,314.6296188541557,88.37910641970664,45.25814414955676,57.13946497999132,58.4734848421067,47.97534551471472,4.237846134449629,4.251611560455286,4.24041040743902,1126.823904924095,1137.6360129565,1139.002985060215,1129.279999411665,1,,0.04815361641121507,0.04815361641121507,0.04815361641121507,0.04815361641121507,0.008941191593352826,0.8271322417355083,0.8698279452148667,0.5204590943526881,0.0029502784340736943,0.0018579143635119033,0.0028363223127688686,0.0026947424507158813,0.1951027375072597,0.2567551761319402,0.04655815888013404,False,False,False
qwen,173,cap128_chunk-1_polfcfs_mem0.8,128,-1,fcfs,0.8,0,R_short_decode,0.8870745101727322,227.09107460421944,315.7985256214927,88.70745101727323,47.54084022715688,51.7006964655593,52.56738031748682,47.3023863742128,4.228838468335715,4.234524201145213,4.229561245872402,1127.1682337392122,1129.645588318817,1130.2807026496157,1125.8405040716752,1,,0.052047699428236394,0.052047699428236394,0.05204769942823617,0.052047699428236394,-0.04104508374186877,0.8435865036215549,0.8829759517655542,0.5271857042861372,0.005069536827583931,0.005869478500370673,0.005387582405096958,0.002389991250336121,0.20075610189075122,0.2624468128870894,0.04946209658485867,False,False,True
qwen,174,cap128_chunk-1_polfcfs_mem0.85,128,-1,fcfs,0.85,0,R_short_decode,0.8832391120528249,226.1092126855232,314.43312389080563,88.32391120528249,48.703218111768365,53.91738940961659,55.5688236001879,46.95285862544552,4.229743822532541,4.33369116455901,4.249859347656442,1127.0473233889788,1159.008636372164,1171.1524872574955,1130.6669922778383,1,,0.04749901527356015,0.04749901527356015,0.04749901527355993,0.04749901527356015,-0.06649873109944804,0.8368801975661152,0.8762942217389407,0.5306794332295028,0.004856531654383822,-0.01741174516755173,0.0006143345634410657,0.002497004003130021,0.1799812347738421,0.2357763451617998,0.045387132179374734,False,False,False
qwen,175,cap128_chunk-1_polfcfs_mem0.9,128,-1,fcfs,0.9,0,R_short_decode,0.8831982727588196,226.0987578262578,314.4185851021398,88.31982727588196,46.66253225877881,49.76484277285636,49.838874684646726,46.66846874170005,4.248794334411037,4.259598459409294,4.25097659508716,1129.7792589757591,1135.0494779879227,1135.4343177424744,1130.6675004889255,1,,0.047450580914538465,0.047450580914538465,0.047450580914538465,0.04745058091453869,-0.02181197410135005,0.8494431683331124,0.88905007554454,0.5335220721088081,0.00037446530239015896,-1.7153446979056852e-05,0.00035160561745362084,7.90807481512168e-05,0.19693275597699778,0.2590838737269492,0.04538670310092219,False,False,False
qwen,176,cap128_chunk2048_pollpm_mem0.75,128,2048,lpm,0.75,0,R_short_decode,0.88564374270008,226.72479813122047,315.2891724012285,88.564374270008,48.52154711261392,52.695123478770256,52.716271951794624,49.51405891915783,4.224712481064832,4.241233071239264,4.227727972537133,1127.474496141076,1131.0736436396835,1131.671148762107,1127.5846919161268,1,,0.05035084576965532,0.05035084576965532,0.050350845769655095,0.05035084576965532,-0.06252051574556439,0.8405779985788208,0.8826444933270756,0.5050787774090199,0.006040269206510351,0.004294450891963564,0.005818690105897639,0.00211893105873584,0.1997457279175624,0.2615394914054675,0.04798949309366152,False,False,False
qwen,177,cap128_chunk2048_pollpm_mem0.8,128,2048,lpm,0.8,0,R_short_decode,0.8842208257177764,226.36053138375075,314.7826139555284,88.42208257177764,48.98946452885866,54.04211541172117,54.37394707929343,49.673057394102216,4.234137796048148,4.240729995893643,4.234170070027604,1129.7127574216574,1133.0303120659664,1133.1986248353496,1129.3864252511412,1,,0.04866330259200469,0.04866330259200469,0.048663302592004465,0.04866330259200469,-0.07276692963836129,0.8365028558393653,0.8789542228036855,0.5034894970848587,0.0038227494142286655,0.0044125568542722204,0.00430378352649019,0.00013793852464227818,0.1983613509797858,0.2605427524153937,0.04646830441677163,False,False,False
qwen,178,cap128_chunk2048_pollpm_mem0.85,128,2048,lpm,0.85,0,R_short_decode,0.8860118928255155,226.819044563332,315.4202338458835,88.60118928255154,46.177229611203074,51.99125709477812,52.63349697459489,46.99197586160153,4.2365680512625215,4.24420799913944,4.2362108011730015,1125.5740572232753,1133.352480828762,1133.7662138044834,1127.225730160717,1,,0.050787462410159634,0.050787462410159856,0.05078746241015941,0.050787462410159634,-0.011184859961767879,0.8427074515577918,0.8828287646920537,0.5302884341725618,0.003250976582476195,0.0035960331986543137,0.0038238905966582193,0.0038009309844488914,0.1981334109776396,0.26017237800116777,0.04829256155954054,False,False,False
qwen,179,cap128_chunk2048_pollpm_mem0.9,128,2048,lpm,0.9,0,R_short_decode,0.8821332051327223,225.8261005139769,314.03942102724915,88.21332051327224,49.078495940193534,51.069834595546126,51.27472679130733,47.75811568833888,4.251229676290178,4.257972974184097,4.252608436360663,1133.56973673217,1135.7226543826982,1136.209283485077,1132.173266960308,1,,0.0461874379283278,0.0461874379283278,0.04618743792832758,0.0461874379283278,-0.07471653155170377,0.8454950912725228,0.8858536212952974,0.522630430203556,-0.0001985042829792949,0.0003644583700411763,-3.213385333755703e-05,-0.0032757144231021496,0.19645647197125382,0.2585781777064651,0.044115396819468966,False,False,False
qwen,180,cap128_chunk2048_polfcfs_mem0.75,128,2048,fcfs,0.75,0,R_short_decode,0.8836363844283953,226.2109144136692,314.5745528565088,88.36363844283953,50.22216495126486,53.98659685160965,54.44229077082127,50.45370338484645,4.225669166657562,4.235023199489303,4.227817614161062,1127.3489634040743,1132.950233318843,1133.3897899882868,1128.5471949959174,1,,0.0479701701584907,0.0479701701584907,0.0479701701584907,0.0479701701584907,-0.09976049366332851,0.8366708197681825,0.8788020779677517,0.4956864957437508,0.005815187154544321,0.005752329687310764,0.005797610219093752,0.0022300348949779725,0.19841800808593346,0.26041800953737837,0.047176859637869106,False,False,False
qwen,181,cap128_chunk2048_polfcfs_mem0.8,128,2048,fcfs,0.8,0,R_short_decode,0.8855346826588371,226.6968787606623,315.250347026546,88.55346826588371,49.67173538170755,51.15588142070919,51.35726247448474,48.73878398211673,4.230917382108814,4.236963848839057,4.23170292051509,1128.41640971601,1131.4761578803882,1131.6684591723606,1127.8230287134647,1,,0.05022150334782571,0.05022150334782571,0.05022150334782549,0.05022150334782571,-0.0877072359885418,0.8452347681879975,0.8856698826400538,0.5128280920089601,0.004580425063525739,0.005296727438161453,0.004883951869862457,0.0012852822904289019,0.19946094209259924,0.26154124646992605,0.04778826729051355,False,False,False
qwen,182,cap128_chunk2048_polfcfs_mem0.85,128,2048,fcfs,0.85,0,R_short_decode,0.88551181328813,226.69102420176128,315.24220553057427,88.551181328813,47.91056318208575,49.86125787254423,50.008191908709705,47.83876199508086,4.235357195869381,4.24116441185641,4.235286870743057,1128.06880986318,1129.5690060826018,1129.6509908372536,1127.8369140345603,1,,0.05019438085860539,0.05019438085860539,0.05019438085860517,0.05019438085860539,-0.04914124406920273,0.849151477429956,0.8886731462230483,0.5218243244307421,0.0035358578627977533,0.004310569913804074,0.004041159628880853,0.001592928551070072,0.2008102851546275,0.2628577249313997,0.047776544027800294,False,False,False
qwen,183,cap128_chunk2048_polfcfs_mem0.9,128,2048,fcfs,0.9,0,R_short_decode,0.8833255047311689,226.13132921117924,314.4638796842961,88.33255047311688,46.68650543317199,51.72623787075281,52.7983820065856,46.25185864279047,4.250715393573046,4.258691982877459,4.252668503014481,1130.0798857118934,1136.0768141923472,1136.6197300469505,1130.682326911483,1,,0.047601474782267506,0.047601474782267506,0.04760147478226728,0.047601474782267506,-0.022336936538371654,0.8435092315389361,0.8824617021939745,0.5376863273526113,-7.750757293956134e-05,0.00019565818061217932,-4.625896852039624e-05,-0.00018699154867918288,0.19620589774713926,0.25831034497328675,0.04537418527396353,False,False,False
qwen,184,cap128_chunk8192_pollpm_mem0.75,128,8192,lpm,0.75,0,R_short_decode,0.8810637572866225,225.55232186537532,313.6586975940376,88.10637572866224,50.17288331873715,52.31110577005893,52.66804362181574,50.58094847481698,4.246559638676105,4.252666780159023,4.246819499816161,1134.0364790521562,1134.9635474616662,1134.9692355142906,1133.519920927938,1,,0.044919100113132604,0.04491910011313238,0.04491910011313238,0.04491910011313238,-0.09868132886488157,0.8417397924538954,0.8827518579014492,0.4944146085894431,0.0009002283172825365,0.0016101826079373271,0.001329177128374548,-0.003688808756306061,0.19699355331864377,0.2593873584089953,0.04297842791988915,False,False,False
qwen,185,cap128_chunk8192_pollpm_mem0.8,128,8192,lpm,0.8,0,R_short_decode,0.8844501516146651,226.41923881335427,314.8642539748208,88.44501516146651,49.85238239169121,51.89416788052768,52.04148785676807,49.45927485823631,4.230754887319955,4.2402115408513765,4.231947139544668,1129.086752422154,1131.229635165073,1131.5152205200866,1128.6057954421267,1,,0.04893527724517566,0.04893527724517566,0.04893527724517566,0.04893527724517566,-0.09166302811879379,0.8430011819037971,0.8841466790172755,0.5056263753034693,0.004618655659646254,0.0045342734762726655,0.00482652196985367,0.0006919896718790008,0.19963536120067915,0.2616412407953256,0.04712738376177694,False,False,False
qwen,186,cap128_chunk8192_pollpm_mem0.85,128,8192,lpm,0.85,0,R_short_decode,0.8847850694821673,226.50497778743485,314.9834847356516,88.47850694821673,47.52998636104167,64.12567542865872,67.3489055968821,50.34536239691079,4.23681547901794,4.245173148902169,4.23120715374027,1128.8813981227577,1132.7266183681786,1133.0064723826945,1128.7796028191224,1,,0.049332481277038154,0.049332481277038376,0.049332481277038154,0.049332481277038154,-0.040807406748680775,0.8059964026189187,0.8500697289934217,0.49676942563025794,0.003192763573598434,0.0033694469775417124,0.005000535071240209,0.0008737402733290933,0.1985762195521602,0.2606681395458075,0.04698063961895205,False,False,False
qwen,187,cap128_chunk8192_pollpm_mem0.9,128,8192,lpm,0.9,0,R_short_decode,0.8817813192848876,225.7360177369312,313.91414966542,88.17813192848875,49.14413997903466,54.54086945392192,55.98556597717106,49.682394543197006,4.246823968110132,4.251842184594887,4.246613714506156,1132.4468681123108,1137.8192155621946,1139.1624294035137,1132.5688917422667,1,,0.045770110305416,0.045770110305416,0.045770110305416,0.045770110305416,-0.07615399886582752,0.8349939426349664,0.8753664813849251,0.5033961669611244,0.0008380388039693765,0.0018037712094570724,0.001377569056707273,-0.0022819098248600955,0.19497311847786392,0.25665113234592185,0.04378137406098581,False,False,False
qwen,188,cap128_chunk8192_polfcfs_mem0.75,128,8192,fcfs,0.75,0,R_short_decode,0.8817625412678386,225.73121056456668,313.9074646913505,88.17625412678386,52.293692249804735,53.75926089473069,53.81729506887496,52.393287885934114,4.234274664857224,4.241570077434766,4.23586104663235,1132.162103895098,1135.0057841045782,1135.0969487568364,1132.5378547771834,1,,0.04574784005707766,0.04574784005707766,0.04574784005707744,0.04574784005707766,-0.1451226138883328,0.8373585940981021,0.8801934261142477,0.47629924384900846,0.0037905479128880204,0.004215332641843927,0.00390613794786554,-0.00202987678780131,0.1969636701592944,0.2593040204303363,0.04380757831603965,False,False,False
qwen,189,cap128_chunk8192_polfcfs_mem0.8,128,8192,fcfs,0.8,0,R_short_decode,0.8871285346863312,227.1049048797008,315.81775834833394,88.71285346863313,45.20588973537088,55.35615265835076,58.47455380950123,46.7523920815438,4.228581310085514,4.236679020447328,4.230067323135468,1123.9256793633103,1133.4875287953764,1136.6816212702545,1125.419559481088,1,,0.05211177112074106,0.05211177112074106,0.05211177112074106,0.05211177112074106,0.010085454099696745,0.8325274130664859,0.8698255655092169,0.5326832105235118,0.0051300391567451475,0.0053635960128011195,0.005268574616618005,0.005259842087583122,0.1980378621927953,0.25826995848443035,0.04981749665009305,False,False,True
qwen,190,cap128_chunk8192_polfcfs_mem0.85,128,8192,fcfs,0.85,0,R_short_decode,0.8860136112890888,226.81948449000677,315.4208456189156,88.60136112890889,45.94725230708718,54.72184158861637,56.801096349954605,46.33657506201416,4.235580929682827,4.241901706064157,4.236534038357728,1126.8588486127555,1134.2257795389742,1135.48908370547,1126.652754843235,1,,0.050789500464041515,0.050789500464041515,0.05078950046404129,0.050789500464041515,-0.006148837445588473,0.8344464358068236,0.8735509702237283,0.5368395384871665,0.0034832193928475697,0.004137476871840073,0.003747878996620213,0.0026638152363861467,0.197515536953626,0.2590481367543034,0.04877631992053233,False,False,False
qwen,191,cap128_chunk8192_polfcfs_mem0.9,128,8192,fcfs,0.9,0,R_short_decode,0.885229767093624,226.61882037596772,315.1417970853301,88.52297670936241,44.5587441790849,45.64812157768756,45.73133873287589,44.638029066845775,4.248107790800871,4.2545207235596925,4.249250116831093,1128.3650961704552,1129.6204451937228,1129.6338892076164,1128.1968088587746,1,,0.04985988127975394,0.04985988127975394,0.049859881279753715,0.04985988127975416,0.024256589835158104,0.8618977540499712,0.8981941584804144,0.5538174732173466,0.0005359903067536642,0.0011749361357977772,0.0007575996703513832,0.0013306977883977833,0.20077389108899069,0.2628688844260404,0.04747268777958269,True,False,True
qwen,0,cap8_chunk-1_pollpm_mem0.75,8,-1,lpm,0.75,0,R_medium_balanced,4.5555553815904695,1166.2221776871602,4810.666482959536,3644.444305272376,142.1174150891602,143.6196092981845,143.77044499851763,135.94506919616833,6.392804094060672,6.717822889286076,6.3286384370168856,1749.4457149878144,1842.293661669828,1842.54535373766,1749.747870635474,1,,-0.011884563976508278,-0.011884563976508278,-0.011884563976508167,-0.011884563976508056,-0.16847397406743214,-0.1626687704126295,-0.16242264164972364,-0.1566791539563488,-0.0029163090011368187,-0.0022233071356634326,-0.0008230847907979566,-0.011218855118699578,-0.010631790544438857,-0.010569298623926304,-0.011411394563925148,False,False,False
qwen,1,cap8_chunk-1_pollpm_mem0.8,8,-1,lpm,0.8,0,R_medium_balanced,4.5956316113114655,1176.4816924957352,4852.986981544907,3676.505289049173,126.0428458917886,130.8127553202212,130.94851421192288,123.78784400061704,6.365752694032648,6.69653098208501,6.320773375074507,1735.6279068626463,1829.3630994157863,1829.7037134179843,1735.5850546446163,1,,-0.003191893623960773,-0.003191893623960773,-0.003191893623960662,-0.003191893623960551,-0.036310609431992935,-0.05899122080658903,-0.05875388931222436,-0.053240250016731494,0.0013275705031051688,0.0009532049579064061,0.0004207112695362447,-0.0032318521537750833,-0.003538438623712059,-0.003526124666384245,-0.0032248245370885,False,False,False
qwen,2,cap8_chunk-1_pollpm_mem0.85,8,-1,lpm,0.85,0,R_medium_balanced,3.685031072049664,943.367954444714,3891.392812084445,2948.0248576397307,515.7579143997282,976.337093859911,976.3951636850834,549.3044112226926,6.39987740410017,6.74406673996618,6.336553449235747,2165.2011377736926,2674.719861708581,2675.2513816580176,2165.125540777808,1,,-0.2007042436070191,-0.2007042436070191,-0.2007042436070191,-0.20070424360701922,-3.2405056376609194,-6.903911269313641,-6.894417002580268,-3.6737183289871203,-0.004025984488271739,-0.006138593271375115,-0.002074780084165395,-0.25153481293157465,-0.4672779803156981,-0.4672783532414251,-0.25151324905384853,False,False,False
qwen,3,cap8_chunk-1_pollpm_mem0.9,8,-1,lpm,0.9,0,R_medium_balanced,4.600142856382083,1177.6365712338134,4857.75085633948,3680.114285105667,125.27517904527484,128.92920069862157,129.04140672180802,122.67112103290856,6.360594523778441,6.695953147102366,6.3182296415142645,1733.8915620930493,1827.8226156253368,1827.9268367681648,1733.819679619046,1,,-0.0022133892448951142,-0.0022133892448951142,-0.002213389244894892,-0.002213389244895003,-0.029998935874301358,-0.043742953897900394,-0.04333441330940491,-0.04373869041526657,0.0021367949054852398,0.0010394114115191977,0.0008229821993711584,-0.002228205938884953,-0.0026933714534567166,-0.002551572270099056,-0.0022043801367805926,False,False,False
qwen,4,cap8_chunk-1_polfcfs_mem0.75,8,-1,fcfs,0.75,0,R_medium_balanced,4.640977936552923,1188.0903517575482,4900.872700999887,3712.7823492423386,100.41062370873988,121.6965647181496,121.85558814089744,107.68914880463852,6.372565138792875,6.673978293752845,6.317359360857118,1718.7312163878232,1798.5297972336411,1798.6124550923705,1718.6157858232036,1,,0.00664387834779423,0.00664387834779423,0.006643878347794452,0.006643878347794452,0.17443474151332383,0.014808660490621461,0.014764858883317689,0.08373437693509633,0.00025882009973388076,0.004317811357564594,0.00096061006049597,0.006534813854129462,0.0133758655619165,0.013526302865841555,0.006583966850188361,True,True,True
qwen,5,cap8_chunk-1_polfcfs_mem0.8,8,-1,fcfs,0.8,0,R_medium_balanced,4.4812374290910055,1147.1967818472974,4732.186725120101,3584.9899432728043,146.50692441500723,193.1350858649239,193.1792403338477,161.093740753131,6.401832766063949,6.741792192755669,6.33747153196429,1777.380933985114,1891.0379211883992,1891.586515074596,1777.148981404025,1,,-0.02800438030782526,-0.02800438030782526,-0.02800438030782526,-0.02800438030782515,-0.20456404369725711,-0.5635200088860515,-0.5619060152667219,-0.3706548745296223,-0.004332745711456365,-0.005799256515238049,-0.002219967457028904,-0.02736603815497718,-0.0373715548398692,-0.037466596926753803,-0.027250131172849024,False,False,False
qwen,6,cap8_chunk-1_polfcfs_mem0.85,8,-1,fcfs,0.85,0,R_medium_balanced,4.6111809007113145,1180.4623105820965,4869.407031151148,3688.944720569052,117.176977917552,126.41278561204672,126.5580115839839,119.23860741080716,6.359470894048903,6.677431036608622,6.315564322650578,1729.7475528903306,1818.0244916584345,1818.0799524765464,1729.7075096867047,1,,0.0001808000628018558,0.0001808000628018558,0.0001808000628018558,0.00018080006280207783,0.036583595538693836,-0.02337138173687836,-0.023255496975805645,-0.014533387304002332,0.002313072258028903,0.0038027011171435365,0.0012444808635234672,0.00016712431096155278,0.0026816107085464447,0.002849086623873953,0.00017258833722166855,False,False,False
qwen,7,cap8_chunk-1_polfcfs_mem0.9,8,-1,fcfs,0.9,0,R_medium_balanced,4.597831180843971,1177.0447822960566,4855.309726971233,3678.2649446751766,125.0706184655428,131.02530664764345,131.14549810998142,123.54635674273597,6.353506762716992,6.692398589688773,6.313837310025359,1733.8070415426046,1822.2170427907256,1822.674565622583,1733.5748707992025,1,,-0.0027147995211299625,-0.0027147995211299625,-0.0027147995211299625,-0.0027147995211300735,-0.028317060972572472,-0.06071192448842733,-0.06034655700652003,-0.051185572500373366,0.003248737498788623,0.001569711234120419,0.001517593969959652,-0.0021793511653287467,0.00038169210928462594,0.0003291079568524813,-0.0020628726464531066,False,False,False
qwen,8,cap8_chunk2048_pollpm_mem0.75,8,2048,lpm,0.75,0,R_medium_balanced,4.502710349553984,1152.69384948582,4754.862129129007,3602.168279643188,143.0997543502599,182.75107129011303,182.81746294815093,148.70589115889743,6.464047488920829,6.719617659737375,6.360684747821377,1770.8292664028704,1843.233594670892,1843.3131914585829,1770.6805018533487,1,,-0.02334683092280021,-0.02334683092280021,-0.0233468309228001,-0.0233468309228001,-0.1765506609363814,-0.4794564919565789,-0.4781282635807462,-0.26525371895464356,-0.014093119922066188,-0.002491066617700266,-0.005890950170485354,-0.023579027369289074,-0.011147412017617153,-0.0109904297648864,-0.023511138811234122,False,False,False
qwen,9,cap8_chunk2048_pollpm_mem0.8,8,2048,lpm,0.8,0,R_medium_balanced,4.469959709819345,1144.3096857137523,4720.277453569228,3575.967767855476,163.2736010942608,186.15879502613095,186.82635019067675,151.85996529180557,6.4676603859327,6.84793090319955,6.397077604767629,1782.950694207102,1864.2225820804013,1864.3236602889372,1783.114754507551,1,,-0.03045055592463375,-0.03045055592463375,-0.03045055592463375,-0.03045055592463375,-0.3424178409888845,-0.5070436298510694,-0.5105411930850041,-0.29208993906280645,-0.014659918666816374,-0.021633953432572905,-0.011646186737684028,-0.030585484466864266,-0.02266139503168274,-0.022513909882529104,-0.030698542795774886,False,False,False
qwen,10,cap8_chunk2048_pollpm_mem0.85,8,2048,lpm,0.85,0,R_medium_balanced,3.476536780946164,889.9934159222179,3671.2228406791487,2781.2294247569307,188.95899690687656,1184.2263180296868,1184.5100515987724,412.022734322818,6.665592414199137,10.08267074768596,7.382903277517899,2294.732344103977,2700.590420863591,2700.593124027364,2294.6630700898822,1,,-0.24592736353542122,-0.24592736353542133,-0.24592736353542133,-0.24592736353542133,-0.5536003797497606,-8.586873016867735,-8.577081737865472,-2.5056667414659795,-0.04571190403995051,-0.5042206065929395,-0.16754655941452112,-0.32640675496743654,-0.4814698597457754,-0.48117737980277875,-0.32639017010551297,False,False,False
qwen,11,cap8_chunk2048_pollpm_mem0.9,8,2048,lpm,0.9,0,R_medium_balanced,4.34352937474374,1111.9435199343975,4586.76701972939,3474.8234997949926,183.23926464654505,254.453542875126,254.51517500914636,178.89812699286267,6.474739314038672,7.13931592226978,6.492075365032161,1832.754475763068,1952.5138847529888,1952.62788310647,1834.377345076064,1,,-0.057873725045719415,-0.057873725045719415,-0.05787372504571919,-0.05787372504571919,-0.5065733614167975,-1.0599219651650995,-1.0578235121768182,-0.5221422549418377,-0.015770475527822292,-0.0651053075118988,-0.026669315712797292,-0.05937318707126127,-0.07109558289542495,-0.07094557336219554,-0.06032999375278014,False,False,False
qwen,12,cap8_chunk2048_polfcfs_mem0.75,8,2048,fcfs,0.75,0,R_medium_balanced,4.48960886371652,1149.3398691114292,4741.026960084645,3591.687090973216,145.52358305081725,171.84122849721462,172.97358813229948,142.61213623103686,6.458863974822794,6.858542586183724,6.406904057047202,1775.925011606887,1865.051548695192,1865.2269165497275,1776.3726707780734,1,,-0.026188587702480004,-0.026188587702480004,-0.026188587702480004,-0.026188587702480004,-0.19647911764537884,-0.39113614651490236,-0.39853789319809074,-0.2134054295238288,-0.013279919525125194,-0.02321709669043348,-0.0132001608477339,-0.026524482370856806,-0.02311614338784218,-0.023009313181065583,-0.026801398286251166,False,False,False
qwen,13,cap8_chunk2048_polfcfs_mem0.8,8,2048,fcfs,0.8,0,R_medium_balanced,4.521400495487052,1157.4785268446851,4774.598923234326,3617.1203963896414,146.54311467893422,162.08745923358947,162.1761422837153,139.1051008249633,6.452457426006303,6.709985051523237,6.363001653089134,1761.8206643965095,1846.4110067579893,1846.8042079824957,1761.6705223626925,1,,-0.01929287478550301,-0.019292874785503233,-0.01929287478550301,-0.01929287478550301,-0.2048615961223894,-0.3121747639290293,-0.31123764503853013,-0.18356606300338085,-0.012274846915683035,-0.0010539902583173166,-0.00625735003679484,-0.01837185338895453,-0.012890453169900118,-0.012905125711392351,-0.018303076510048255,False,False,False
qwen,14,cap8_chunk2048_polfcfs_mem0.85,8,2048,fcfs,0.85,0,R_medium_balanced,4.523696334543337,1158.0662616430943,4777.023329277764,3618.95706763467,131.1447024345398,179.7065295977518,179.97226135339588,139.13219526875764,6.465249189960899,6.703141158191013,6.367421682179887,1762.6513864379376,1829.7141252551228,1829.85699926503,1762.8247242246289,1,,-0.01879489949596791,-0.01879489949596791,-0.0187948994959678,-0.0187948994959678,-0.07825752062433655,-0.4548094847461759,-0.45512404491928726,-0.18379659419153094,-0.014281645263042986,-3.29586648757374e-05,-0.006956341959543755,-0.018852029358096045,-0.0037310017746998714,-0.003610196393912579,-0.018970242868344922,False,False,False
qwen,15,cap8_chunk2048_polfcfs_mem0.9,8,2048,fcfs,0.9,0,R_medium_balanced,4.540532223715927,1162.3762492712774,4794.802028244019,3632.4257789727417,130.28889684937894,167.06607083324343,167.101516504772,133.33728091674857,6.454051954343038,6.703760699989895,6.363031817097947,1755.6216260418296,1830.1040296209976,1830.2608592202887,1755.9103942767251,1,,-0.015143137948332108,-0.015143137948332108,-0.015143137948331997,-0.015143137948332108,-0.071221179916235,-0.3524789832150854,-0.35106061778660225,-0.1344909689889049,-0.012524999814246263,-0.00012538730445399437,-0.0062621202313082325,-0.014788670204616494,-0.003944892619370144,-0.003831698931638483,-0.014973534421119039,False,False,False
qwen,16,cap8_chunk8192_pollpm_mem0.75,8,8192,lpm,0.75,0,R_medium_balanced,4.62342974170644,1183.5980138768489,4882.341807242,3698.743793365152,107.09746251814067,128.0508182244375,128.1646771589294,114.46113072452135,6.361205393777174,6.673452847491147,6.311921658126783,1724.2490435019135,1805.6354911532253,1805.6679486762728,1724.0011535468511,1,,0.0028376152800180243,0.0028376152800182464,0.0028376152800180243,0.0028376152800180243,0.11945627801772063,-0.03663203167633089,-0.03624581944364724,0.02611544037480995,0.002040960358485999,0.004396202005665928,0.0018205388548030443,0.0033453860432229865,0.009477876702474242,0.009656620533156413,0.00347104848576385,False,False,True
qwen,17,cap8_chunk8192_pollpm_mem0.8,8,8192,lpm,0.8,0,R_medium_balanced,4.573401580948318,1170.7908047227695,4829.512069481424,3658.721264758655,119.65590249747038,146.8088838737458,146.8850904610008,128.62256512744352,6.398399762224917,6.686647121758,6.326835239237613,1742.0933730900288,1819.242543890141,1819.7594745783133,1741.9655511330348,1,,-0.008013662717991088,-0.008013662717991088,-0.008013662717991088,-0.008013662717991088,0.016202146484800894,-0.18848745887304275,-0.18760538631146084,-0.09437613803134548,-0.003794168979185386,0.0024277652950063233,-0.0005379236172060597,-0.0069690366232615375,0.0020134206509470065,0.0019279296662104706,-0.006912959816268716,False,False,False
qwen,18,cap8_chunk8192_pollpm_mem0.85,8,8192,lpm,0.85,0,R_medium_balanced,4.4832628254923295,1147.7152833260363,4734.3255437199,3586.6102603938634,151.83556429110467,194.2170496331528,194.28775182459503,163.97842997685075,6.390405293809724,6.743094373457864,6.333453873145011,1779.0655111894011,1890.7075475435704,1891.1716809030625,1779.0091676288284,1,,-0.027565064948757878,-0.027565064948757878,-0.027565064948757656,-0.027565064948757878,-0.24837554286146246,-0.5722790181201312,-0.5708686282389976,-0.39519905189808857,-0.002539980263651209,-0.005993527169786406,-0.0015846071448282206,-0.02833976155621465,-0.03719032091654384,-0.0372390754294285,-0.028325379541686013,False,False,False
qwen,19,cap8_chunk8192_pollpm_mem0.9,8,8192,lpm,0.9,0,R_medium_balanced,4.553676568305693,1165.7412014862573,4808.682456130811,3642.941254644554,144.8046846780926,145.8534812554717,145.96888553351164,138.65398045163602,6.39424007933806,6.712636127428827,6.3252086829914544,1751.754871569574,1843.92252471298,1844.3449949845672,1751.582194614457,1,,-0.0122920849597008,-0.0122920849597008,-0.0122920849597008,-0.0122920849597008,-0.19056841319018458,-0.1807530221003355,-0.18019762352603275,-0.17972773672322928,-0.003141589337118944,-0.0014495008434214363,-0.00028069687624632245,-0.012553599406500027,-0.011525340149532992,-0.011556336576057369,-0.012471693710333742,False,False,False
qwen,20,cap8_chunk8192_polfcfs_mem0.75,8,8192,fcfs,0.75,0,R_medium_balanced,4.481742990021597,1147.3262054455288,4732.720597462807,3585.394392017278,142.92712835595012,204.2157925898209,204.32293929625305,164.26549042807892,6.395720916014968,6.743848243472622,6.332493883411527,1779.3142646551132,1900.8032701676711,1901.1143379611892,1779.0514306980183,1,,-0.027894722424752105,-0.027894722424752105,-0.027894722424751883,-0.027894722424751883,-0.17513134873265201,-0.6532235787961376,-0.6520058127999497,-0.3976414857562949,-0.0033739060532871346,-0.0061059960621334675,-0.0014327925174018041,-0.028483546637768864,-0.042728557542287326,-0.042692262212216336,-0.028349808975472124,False,False,False
qwen,21,cap8_chunk8192_polfcfs_mem0.8,8,8192,fcfs,0.8,0,R_medium_balanced,4.494195876706128,1150.514144436769,4745.870845801671,3595.356701364902,150.0824394170195,190.3170185396448,190.43547410983592,161.62754921242595,6.381882309877113,6.728278665219014,6.325302975978154,1774.6912746224552,1884.4992155209184,1884.8788430914285,1774.579808086855,1,,-0.025193649004426222,-0.025193649004426,-0.02519364900442611,-0.025193649004426222,-0.23396154027512472,-0.5407064189589297,-0.5397219288071025,-0.37519674663077995,-0.001202876942228981,-0.0037831908222207833,-0.0002956085509708828,-0.02581135472692564,-0.03378460018977303,-0.03378768212681216,-0.02576506511778831,False,False,False
qwen,22,cap8_chunk8192_polfcfs_mem0.85,8,8192,fcfs,0.85,0,R_medium_balanced,4.494426502577285,1150.573184659785,4746.114386721613,3595.541202061828,144.61188041605055,188.0085536977276,188.10397300403565,157.379733864218,6.397946497571526,6.740158525131204,6.334151974628114,1772.610847838223,1884.9127690773455,1884.9187967833127,1772.588487394387,1,,-0.025143625469610242,-0.025143625469610242,-0.02514362546961013,-0.025143625469610353,-0.18898319745751668,-0.5220183025352163,-0.520871116496954,-0.3390545055610579,-0.0037230598842574736,-0.005555531755544907,-0.001695006259388121,-0.024608821391431945,-0.03401146433196378,-0.03380959527771665,-0.024614016745395206,False,False,False
qwen,23,cap8_chunk8192_polfcfs_mem0.9,8,8192,fcfs,0.9,0,R_medium_balanced,4.628316156495314,1184.8489360628005,4887.501861259052,3702.652925196252,110.57975701987743,121.92089355085044,121.94650110322982,113.41468381579034,6.363112766149581,6.669095972114626,6.311972900385073,1723.0658831540495,1809.234835789539,1809.6246135653928,1722.967773413984,1,,0.003897495245304361,0.003897495245304361,0.003897495245304361,0.003897495245304583,0.09082523028324851,0.01299261232450466,0.014029803178122524,0.035019061022533604,0.0017417278415060578,0.005046198607332686,0.0018124353052759723,0.004029279257021345,0.007503374922292805,0.007486533347092372,0.004068375940100566,False,False,True
qwen,24,cap16_chunk-1_pollpm_mem0.75,16,-1,lpm,0.75,0,R_medium_balanced,4.463217464751141,1142.583670976292,4713.157642777205,3570.5739718009127,155.52900731563568,195.14301710296425,195.33642365131527,166.32237631711178,6.41130603776843,6.754232292045273,6.347346728708705,1784.8612980451437,1895.7060886314136,1895.9017666755244,1784.8957921378314,1,,-0.03191297178116537,-0.03191297178116537,-0.031912971781165145,-0.031912971781165256,-0.2787426308510508,-0.5797751634224939,-0.579347421464214,-0.41514235610031713,-0.00581893214110929,-0.007655178836591059,-0.0037816501107341693,-0.03168985633112831,-0.03993238350668382,-0.03983335591854176,-0.031728040692953874,False,False,False
qwen,25,cap16_chunk-1_pollpm_mem0.8,16,-1,lpm,0.8,0,R_medium_balanced,4.590034558412915,1175.0488469537063,4847.076493684039,3672.027646730332,127.05671810545029,132.01553898397833,132.06301883328706,125.0899114238564,6.365225411148048,6.691858648121649,6.319731892333092,1736.7090051993728,1825.4351469222456,1825.6287258584048,1736.6215439687949,1,,-0.004405913409044948,-0.004405913409044948,-0.004405913409044837,-0.004405913409044948,-0.044646556817122374,-0.06872832432780407,-0.06776495835433738,-0.06431880001057766,0.0014102917310111485,0.001650264418088132,0.00058541335836515,-0.0038567512363640866,-0.001383671582868784,-0.0012911417870582476,-0.0038239492055112123,False,False,False
qwen,26,cap16_chunk-1_pollpm_mem0.85,16,-1,lpm,0.85,0,R_medium_balanced,4.462884713492243,1142.4984866540142,4712.806257447809,3570.3077707937946,147.07302837632596,203.43763136770576,203.73582008760425,166.69309246935882,6.412794074847126,6.746563791096503,6.347617163898095,1785.5966491624713,1903.896265430376,1904.1031268890947,1785.335469263373,1,,-0.03198514665946928,-0.03198514665946928,-0.031985146659469055,-0.031985146659469166,-0.20921848907259988,-0.6469239950852466,-0.6472587963913417,-0.41829656866480747,-0.006052378471180564,-0.0065111250994933645,-0.0038244172530150777,-0.03211490576741771,-0.04442528993926009,-0.044331504537775235,-0.03198218842598721,False,False,False
qwen,27,cap16_chunk-1_pollpm_mem0.9,16,-1,lpm,0.9,0,R_medium_balanced,4.470115830419304,1144.3496525873418,4720.442316922785,3576.0926643354437,155.30997444875538,191.46678876131773,191.65443275123835,165.56967876385897,6.397602004090361,6.741310899858089,6.342392091128025,1783.031950937584,1891.807654872537,1892.3007398843763,1782.8796620015055,1,,-0.03041669283621118,-0.03041669283621118,-0.030416692836211068,-0.030416692836210957,-0.2769417663739251,-0.5500143535538082,-0.5495775366409335,-0.4087380813867918,-0.003669015035467904,-0.005727453050415665,-0.0029981141706001413,-0.030632452679289823,-0.03779380963432866,-0.0378583233304568,-0.03056265165203853,False,False,False
qwen,28,cap16_chunk-1_polfcfs_mem0.75,16,-1,fcfs,0.75,0,R_medium_balanced,4.567391485564457,1169.252220304501,4823.165408756066,3653.9131884515655,132.46440840885043,133.9504753705114,134.0805999469012,128.92914423719049,6.368478015978255,6.698948166369662,6.3259187133928,1741.9728278182447,1834.0883726486936,1834.7766657592729,1742.0384161523543,1,,-0.009317272821111833,-0.009317272821111833,-0.009317272821111722,-0.009317272821111722,-0.08910800002150143,-0.08439255096336229,-0.08407764325876355,-0.09698464503626747,0.0009000163678131168,0.0005925883611836991,-0.000392982452937396,-0.006899358752905815,-0.006130593961128028,-0.006308455032955296,-0.0069550781763147995,False,False,False
qwen,29,cap16_chunk-1_polfcfs_mem0.8,16,-1,fcfs,0.8,0,R_medium_balanced,4.608551452971888,1179.7891719608033,4866.630334338314,3686.8411623775114,105.61402002349496,135.665062116459,135.77305735088885,117.33828872093,6.374676420590749,6.6859269688161564,6.326277800790016,1730.518716853112,1807.1845786180347,1807.531680492684,1730.539127922384,1,,-0.0003895360832681938,-0.0003895360832681938,-0.00038953608326797173,-0.0003895360832678607,0.13165298132766834,-0.09827294287793542,-0.0977616156944281,0.0016353419294410365,-7.240214903680986e-05,0.0025352039808592686,-0.0004497692262959152,-0.0002786257531139924,0.008628089792361737,0.008634431228175088,-0.00030811415346798654,False,False,False
qwen,30,cap16_chunk-1_polfcfs_mem0.85,16,-1,fcfs,0.85,0,R_medium_balanced,4.583973361323647,1173.4971804988536,4840.675869557771,3667.178689058918,129.98019298538566,132.4276855448261,132.49587875325233,126.33200461277738,6.36731429920331,6.6970533558952745,6.320476087663944,1737.762214615941,1828.3347034594044,1828.4586089430377,1738.053406967083,1,,-0.0057206076456444155,-0.0057206076456444155,-0.0057206076456443045,-0.0057206076456443045,-0.06868305022576826,-0.0720648459732276,-0.07126474700446983,-0.07488706340836893,0.0010825826588301002,0.0008752726848600956,0.00046772487384794115,-0.004465529897684117,-0.0029742887987354028,-0.0028432300209917383,-0.00465161276563153,False,False,False
qwen,31,cap16_chunk-1_polfcfs_mem0.9,16,-1,fcfs,0.9,0,R_medium_balanced,4.6142515925466325,1181.248407691938,4872.649681729244,3691.401274037306,106.86384933069348,127.21935927402228,127.3689223220572,113.8524776615668,6.37027873913301,6.679343812478086,6.320596440791098,1725.4159864969552,1807.2090679779649,1807.917923294008,1725.6045700632967,1,,0.0008468435520347928,0.0008468435520347928,0.0008468435520347928,0.0008468435520347928,0.12137702030929498,-0.02990097760751831,-0.029811927974562114,0.031294122573980565,0.0006175152003555784,0.0035173365594145523,0.0004486919982646942,0.0026708668230349675,0.008614655600956533,0.00842259106041976,0.0025442213913116074,False,False,False
qwen,32,cap16_chunk2048_pollpm_mem0.75,16,2048,lpm,0.75,0,R_medium_balanced,4.521565828621808,1157.520852127183,4774.77351502463,3617.252662897447,135.40985248982906,163.24647201690823,163.6133247287944,133.616893843282,6.472628696036397,6.718932705310484,6.378989425652168,1761.9205000810323,1837.5637136632577,1837.9704430000857,1760.2591973845847,1,,-0.019257013466990935,-0.019257013466990935,-0.019257013466990713,-0.019257013466990713,-0.11332512181854026,-0.3215575214386668,-0.32285765090523433,-0.1368700361018964,-0.015439357416676014,-0.0023888791527628683,-0.008785687216223304,-0.018429560653454358,-0.008037070754365105,-0.008060126013353042,-0.017487284596112485,False,False,False
qwen,33,cap16_chunk2048_pollpm_mem0.8,16,2048,lpm,0.8,0,R_medium_balanced,4.278415870911593,1095.274462953368,4518.007159682643,3422.732696729275,178.6069863010198,253.39211185928437,310.7703727437183,176.09639468719251,6.468229927122593,7.404690258679729,6.612743955110108,1862.1583140920848,2026.7675711074844,2026.9508847268296,1862.3461032402704,1,,-0.07199706519654336,-0.07199706519654336,-0.07199706519654325,-0.07199706519654325,-0.46848727123575507,-1.0513291782880363,-1.5126618870446356,-0.49830391073342506,-0.014749269464930492,-0.10469616149077998,-0.04575207921099045,-0.07636926501550922,-0.11182911933225514,-0.11170904410485694,-0.07649684908880472,False,False,False
qwen,34,cap16_chunk2048_pollpm_mem0.85,16,2048,lpm,0.85,0,R_medium_balanced,4.54859225375121,1164.4396169603096,4803.313419961278,3638.873803000968,129.3300949037075,155.63028072938323,155.67993400618434,130.6042918295134,6.450741933476107,6.706910712790547,6.355484052191434,1751.1925594881177,1829.80519591365,1829.9888056935745,1751.252725138329,1,,-0.013394890056349529,-0.013394890056349529,-0.013394890056349418,-0.013394890056349418,-0.0633380143020883,-0.25990084514797296,-0.2587140572680937,-0.11123752166722567,-0.012005716904628594,-0.0005953336395418951,-0.005068502136011954,-0.012228570413397755,-0.0037809606409808794,-0.003682487439437221,-0.012281249596693522,False,False,False
qwen,35,cap16_chunk2048_pollpm_mem0.9,16,2048,lpm,0.9,0,R_medium_balanced,4.50898956535967,1154.3013287320755,4761.492981019811,3607.191652287736,156.61067562177777,157.74847811553627,157.77596544940025,138.35758372442797,6.464472749069625,6.860122373601532,6.393528164035695,1768.8301573507488,1860.2423968259243,1860.5771001894027,1768.7072655535303,1,,-0.02198484768607034,-0.02198484768607034,-0.02198484768607034,-0.02198484768607034,-0.2876359903559904,-0.2770486563868728,-0.27566103414661014,-0.17720586581103226,-0.014159835612477023,-0.02345278313179122,-0.011084871336595636,-0.022423497506530055,-0.020477974530314524,-0.020459057553191107,-0.022370543808207577,False,False,False
qwen,36,cap16_chunk2048_polfcfs_mem0.75,16,2048,fcfs,0.75,0,R_medium_balanced,4.499151610806997,1151.782812366591,4751.104101012189,3599.3212886455976,138.83384899236262,182.4519702931866,182.7929413644597,144.17185497586615,6.483531600850469,6.724053385265756,6.38404297265772,1772.254410199821,1842.7156588295477,1843.281910312362,1772.1028130035847,1,,-0.024118733444912666,-0.024118733444912888,-0.024118733444912666,-0.024118733444912666,-0.1414768497260479,-0.47703512770120327,-0.47792999999401187,-0.22667618784442434,-0.017149827641108395,-0.003152826771527728,-0.00958486488351551,-0.024402792443212418,-0.01086328661588798,-0.010973273190730826,-0.024333281091333925,False,False,False
qwen,37,cap16_chunk2048_polfcfs_mem0.8,16,2048,fcfs,0.8,0,R_medium_balanced,4.523203742183739,1157.9401579990372,4776.503151746028,3618.562993746991,147.87384727969766,158.4626561962068,158.4687984548509,136.75158019759692,6.4596613038185176,6.721685499902449,6.375923823090453,1762.6331902574748,1849.3644597474488,1849.6449769008905,1762.6121550856624,1,,-0.01890174445194248,-0.01890174445194248,-0.01890174445194248,-0.01890174445194248,-0.21580273524639915,-0.28283026625871743,-0.2812627749802452,-0.16354129664607564,-0.013405006144656229,-0.002799565017110872,-0.0083008869162704,-0.018841511557733615,-0.014510636501758878,-0.014463184430322462,-0.01884737096611766,False,False,False
qwen,38,cap16_chunk2048_polfcfs_mem0.85,16,2048,fcfs,0.85,0,R_medium_balanced,4.506186097148701,1153.5836408700677,4758.532518589029,3604.948877718961,141.14725589752197,179.43583568558097,179.53524058684707,146.44252756261267,6.471022786389963,6.717785638665744,6.36556447168593,1769.821279682219,1842.2649403801188,1842.469846340828,1769.6614678425249,1,,-0.022592929463509437,-0.022592929463509215,-0.022592929463509215,-0.022592929463509326,-0.1604974304086526,-0.4526180892984386,-0.4515906147075863,-0.24599604741770453,-0.015187418994742075,-0.00221774976380118,-0.006662639111108648,-0.022996388440341686,-0.010616034832388488,-0.010527885555367433,-0.02292210388380722,False,False,False
qwen,39,cap16_chunk2048_polfcfs_mem0.9,16,2048,fcfs,0.9,0,R_medium_balanced,4.467892268286208,1143.780420681269,4718.094235310236,3574.3138146289666,151.0047041811049,177.61747003532946,178.01101324148476,146.24794240808114,6.485276606262606,6.896071062039804,6.427778056640105,1785.4700461030006,1873.4745171386749,1873.6867363099009,1785.331346851308,1,,-0.030898991015605004,-0.030898991015605226,-0.030898991015604893,-0.030898991015605004,-0.2415443011447702,-0.43789755799307173,-0.43926682745569967,-0.24434043318140453,-0.017423587694033182,-0.02881592145912859,-0.016501215390887447,-0.0320417263599313,-0.027736752933890774,-0.02764921748745386,-0.031979805537226014,False,False,False
qwen,40,cap16_chunk8192_pollpm_mem0.75,16,8192,lpm,0.75,0,R_medium_balanced,3.962025177321643,1014.2784453943406,4183.898587251655,3169.620141857314,384.6298956777901,686.532414983958,686.6840302012861,396.9408137782011,6.372100797792276,6.69985305399214,6.33011354731542,2012.1829477138815,2204.9728822894394,2205.515079665929,2011.119768343633,1,,-0.14062328131363533,-0.14062328131363533,-0.14062328131363522,-0.14062328131363533,-2.1623852887122266,-4.557805112257061,-4.552024718108702,-2.377343270826443,0.0003316668748870599,0.00045758934728712397,-0.001056361577594922,-0.1630868675972461,-0.20958766699023723,-0.20964502862371837,-0.16249288464444755,False,False,False
qwen,41,cap16_chunk8192_pollpm_mem0.8,16,8192,lpm,0.8,0,R_medium_balanced,4.576333675578527,1171.541420948103,4832.608361410925,3661.0669404628215,131.52080564759672,137.66604010015726,137.84644324332476,130.1285507506691,6.359948389524338,6.695422215624621,6.318502387091262,1741.3829409051689,1829.6925750328228,1829.746430157684,1741.3466594589408,1,,-0.0073776814333162966,-0.0073776814333162966,-0.0073776814333162966,-0.007377681433316408,-0.08134980045326845,-0.11447180752669617,-0.11452549721590133,-0.1071897118287839,0.002238161781696224,0.0011186203919072435,0.0007798496879392047,-0.006558390888753429,-0.0037191799136129244,-0.0035495532488016845,-0.006555220223219971,False,False,False
qwen,42,cap16_chunk8192_pollpm_mem0.85,16,8192,lpm,0.85,0,R_medium_balanced,4.563521449014626,1168.2614909477445,4819.078650159446,3650.817159211701,128.14110866747797,148.26357539277524,148.31079652067274,134.42361235502176,6.40547277643254,6.67757469539841,6.324966529763176,1747.3227644804865,1829.4193060137327,1829.991251323372,1747.2900774446316,1,,-0.01015669689403964,-0.010156696894039419,-0.010156696894039419,-0.01015669689403953,-0.05356229841472149,-0.20026387581237648,-0.1991326025214193,-0.14373394437865472,-0.004903798055604591,0.0037812688481223544,-0.0002424022978264606,-0.009991742117648972,-0.003569272022265757,-0.0036838287786797874,-0.009990709858192615,False,False,False
qwen,43,cap16_chunk8192_pollpm_mem0.9,16,8192,lpm,0.9,0,R_medium_balanced,4.604622392676004,1178.783332525057,4862.48124666586,3683.697914140803,113.88830048963428,135.56976174004376,135.71512349881232,122.0495993620716,6.354810739410858,6.682509654110261,6.31727137791562,1730.3494191728532,1816.166353528388,1816.344585479237,1730.3531366342213,1,,-0.001241762607199659,-0.001241762607199659,-0.001241762607199437,-0.001241762607199659,0.063622744690218,-0.09750144118671078,-0.0972932049485864,-0.038450516562106296,0.0030441669420198103,0.0030450287414269805,0.0009745238525059596,-0.00018076789737220267,0.003700934340016504,0.0038008724812851336,-0.00020060511671227133,False,False,False
qwen,44,cap16_chunk8192_polfcfs_mem0.75,16,8192,fcfs,0.75,0,R_medium_balanced,4.610348127833388,1180.2491207253474,4868.527622992058,3688.2785022667113,105.23607605136932,132.00037006754428,132.15093391481787,115.52039225352928,6.375566477357757,6.681366731394448,6.321115812455651,1727.460887050256,1806.479029124603,1806.5928034018723,1727.4049244297205,1,,1.6879691799864815e-07,1.6879691799864815e-07,1.6879691799864815e-07,1.6879691822069276e-07,0.13476039567803078,-0.0686055247636983,-0.06847577538849858,0.017102787422878296,-0.00021203609283282354,0.0032155399029922815,0.00036655756182257804,0.0014888684457061707,0.009015134899610588,0.009149371260034234,0.0015035577899936703,False,False,False
qwen,45,cap16_chunk8192_polfcfs_mem0.8,16,8192,fcfs,0.8,0,R_medium_balanced,4.592749848035865,1175.7439610971817,4849.943839525873,3674.199878428692,127.01186304911973,129.5640900498256,129.6948005212471,123.85924661066385,6.366740384449562,6.702302463863994,6.325147421710997,1736.7090759798884,1830.125858890824,1830.4253808921203,1736.771839146968,1,,-0.0038169578668615367,-0.0038169578668613147,-0.0038169578668615367,-0.0038169578668615367,-0.044277763408554494,-0.04888268394534734,-0.04861727757534884,-0.05384777415179243,0.001172619590674162,9.216505689446652e-05,-0.0002710088992357029,-0.0038567921490895163,-0.003956867558279065,-0.003921933101545871,-0.003910824725295248,False,False,False
qwen,46,cap16_chunk8192_polfcfs_mem0.85,16,8192,fcfs,0.85,0,R_medium_balanced,4.591707629247978,1175.4771530874823,4848.843256485865,3673.366103398382,123.96574346348643,130.717332707718,130.85780390538275,122.79791574110276,6.361406250838556,6.699746953524357,6.317287596061314,1733.7254444137216,1829.9301700899375,1830.1503059687093,1733.706252736738,1,,-0.0040430186620363795,-0.0040430186620363795,-0.0040430186620361575,-0.0040430186620362685,-0.01923289853061827,-0.05821872955632834,-0.05802047213351047,-0.044817514359874355,0.0020094494878768465,0.0004734183388312996,0.0009719590836754222,-0.0021321861949936682,-0.003849518047533751,-0.0037710644828405915,-0.002138815695673646,False,False,False
qwen,47,cap16_chunk8192_polfcfs_mem0.9,16,8192,fcfs,0.9,0,R_medium_balanced,4.415637864676476,1130.4032933571775,4662.913585098358,3532.5102917411805,156.4151598140597,231.742029893212,231.9179612910375,185.76204861165024,6.403396024788711,6.748072633191066,6.346942893544431,1804.024446057156,1934.00307407137,1934.097268502228,1804.23248646548,1,,-0.04223314864995964,-0.04223314864995975,-0.04223314864995942,-0.04223314864995953,-0.28602848058884467,-0.8760615090482187,-0.8751189732543831,-0.5805434540275172,-0.004577992968713973,-0.0067362272998461314,-0.003717786839213977,-0.04276658562153224,-0.0609410596873079,-0.06078220334490281,-0.04290528131395854,False,False,False
qwen,48,cap24_chunk-1_pollpm_mem0.75,24,-1,lpm,0.75,0,R_medium_balanced,4.588094778568511,1174.5522633135388,4845.028086168348,3670.475822854809,128.9019009564072,130.05015312228352,130.1734746666625,124.84218087047338,6.372511253564381,6.703926272252026,6.327441093790363,1738.3915577083826,1829.263016814366,1829.7978632617744,1738.339659787016,1,,-0.004826658246104509,-0.004826658246104509,-0.004826658246104398,-0.004826658246104398,-0.05981745010550665,-0.05281759476678194,-0.05248748653664781,-0.06221100184922812,0.00026727372566637264,-0.0001500888160683722,-0.0006337346243370234,-0.004829304318326955,-0.0034835360526506154,-0.003577762440950538,-0.0048170762410642,False,False,False
qwen,49,cap24_chunk-1_pollpm_mem0.8,24,-1,lpm,0.8,0,R_medium_balanced,4.6067339396238935,1179.3238885437167,4864.711040242832,3685.387151699115,108.34308271296322,128.9873862406239,129.10555626731366,115.61963523854502,6.36145800224268,6.675677712294547,6.31376331576201,1725.7615078706294,1807.535958243534,1808.0755935516208,1725.6292807578575,1,,-0.0007837609019564207,-0.0007837609019564207,-0.0007837609019564207,-0.0007837609019564207,0.10921492386481935,-0.04421399342311716,-0.043853079605165934,0.016258385396215158,0.002001330620718389,0.004064277303579833,0.0015292955654352403,0.0024711477206287302,0.00843533256398521,0.008336114642714998,0.002529937803106841,False,False,False
qwen,50,cap24_chunk-1_pollpm_mem0.85,24,-1,lpm,0.85,0,R_medium_balanced,4.622250401244086,1183.296102718486,4881.096423713755,3697.800320995269,106.93053505383432,134.32648906018585,134.48410432320088,116.49142982787453,6.349357477772761,6.670331393879857,6.309720196683581,1725.3682299051434,1802.14698438067,1802.302097924985,1725.4700799821876,1,,0.002581812327893118,0.002581812327893118,0.0025818123278933403,0.0025818123278933403,0.12082873752577372,-0.08743655990036192,-0.08734008445813757,0.008840781845222967,0.0038996858901413356,0.004861887632235162,0.0021686822121081972,0.002698471204058417,0.011391575869565074,0.011502667593057514,0.0026219610489917056,False,False,True
qwen,51,cap24_chunk-1_pollpm_mem0.9,24,-1,lpm,0.9,0,R_medium_balanced,4.602005987414495,1178.1135327781108,4859.718322709707,3681.604789931596,112.42516036145388,132.24190985783935,132.3178476653993,118.01755233318544,6.37166486030408,6.68227267908115,6.321127931975449,1729.067018954083,1813.6882754042745,1814.067698456347,1729.905174986925,1,,-0.001809269795508106,-0.001809269795508106,-0.001809269795507995,-0.001809269795508106,0.07565252414490276,-0.07056090378443503,-0.06982531786839119,-0.004144125211093641,0.00040005764835415736,0.003080382739485299,0.0003646409575936982,0.0005604881872944834,0.005060340054636403,0.00504966243215399,5.833134036636878e-05,False,False,False
qwen,52,cap24_chunk-1_polfcfs_mem0.75,24,-1,fcfs,0.75,0,R_medium_balanced,4.597605667182921,1176.9870507988278,4855.071584545165,3678.084533746337,112.6699319574982,136.14454900380224,136.27128421794623,121.0232996090781,6.372009687965699,6.679067024321971,6.319080639571207,1732.1653957478702,1812.686140765436,1812.8826720872892,1732.388862699736,1,,-0.0027637142002091553,-0.0027637142002091553,-0.002763714200208933,-0.0027637142002090442,0.07364003862798485,-0.10215461636570322,-0.1017899136589484,-0.029718316585914728,0.00034596037264489343,0.003558630226391024,0.0006884037258216846,-0.0012304430815626155,0.005610083640845143,0.005699606415459746,-0.00137732124446166,False,False,False
qwen,53,cap24_chunk-1_polfcfs_mem0.8,24,-1,fcfs,0.8,0,R_medium_balanced,4.60241812846875,1178.219040888,4860.153543663,3681.934502775,107.49499779194592,141.30063983611765,141.4374006446451,119.96678606374188,6.400780699343658,6.681862332419875,6.322203196845401,1731.9810886401683,1807.218153728172,1807.3933930601925,1732.128601259319,1,,-0.001719875000929516,-0.001719875000929516,-0.001719875000929405,-0.001719875000929516,0.11618778610964742,-0.14389561411272722,-0.14355935176464008,-0.020729044661682572,-0.0041676953115985516,0.0031416018270843393,0.0001945964978221637,-0.001123909440167603,0.008609671407507236,0.008710276869302924,-0.0012268816349496614,False,False,False
qwen,54,cap24_chunk-1_polfcfs_mem0.85,24,-1,fcfs,0.85,0,R_medium_balanced,4.613596601353522,1181.0807299465016,4871.95801102932,3690.8772810828177,107.8308008145541,125.48857124056669,125.64700234215708,113.55460999766365,6.376308076741065,6.681673719511167,6.325977254206972,1726.809716317803,1808.6996205383912,1808.8587272213767,1726.6788098204415,1,,0.0007047737374548113,0.0007047737374548113,0.0007047737374550334,0.0007047737374548113,0.11342685007598352,-0.015889428595957433,-0.015889742703691034,0.033828508848610994,-0.0003283797356727902,0.0031697407429578384,-0.0004022402101642175,0.0018652597317670994,0.007796979334470988,0.007906594228594077,0.001923275740167485,False,False,False
qwen,55,cap24_chunk-1_polfcfs_mem0.9,24,-1,fcfs,0.9,0,R_medium_balanced,4.62211495591013,1183.2614287129934,4880.953393441097,3697.691964728104,105.56414141319692,126.73565687146038,126.903401943855,113.088374317158,6.367712624955411,6.67404846023476,6.31740999456002,1724.064823007211,1804.500527214259,1804.8929600976408,1724.027922929963,1,,0.002552433774893892,0.002552433774893892,0.002552433774893892,0.002552433774893892,0.13206307785214666,-0.025985177527150016,-0.02604807075218818,0.03779544266725021,0.0010200924921990318,0.0043073433108903325,0.0009526027490913691,0.003451869620361925,0.010100486800802111,0.010081673660212953,0.0034555749083649,False,False,False
qwen,56,cap24_chunk2048_pollpm_mem0.75,24,2048,lpm,0.75,0,R_medium_balanced,4.52382313856695,1158.0987234731392,4777.157234326699,3619.05851085356,125.779761467129,182.86521336995065,183.43286993913352,137.51759473234415,6.47533344579678,6.710953324777531,6.374213478514268,1763.088894309476,1826.277373940684,1826.3829996110871,1762.9420317534823,1,,-0.018767395272533793,-0.018767395272533793,-0.018767395272533682,-0.018767395272533682,-0.03414755782424761,-0.4803805261623928,-0.48310399430311457,-0.17005887796924335,-0.015863684145063672,-0.0011984456926332765,-0.008030409727246779,-0.019104918719093034,-0.0018456942328939352,-0.0017048335833944606,-0.01903805044984952,False,False,False
qwen,57,cap24_chunk2048_pollpm_mem0.8,24,2048,lpm,0.8,0,R_medium_balanced,4.514989551664989,1155.8373252262372,4767.828966558229,3611.991641331992,133.61512986011803,178.3447345951572,178.39308951515704,139.65321413706988,6.466098936895529,6.728473103915652,6.372722631375141,1764.434233540669,1837.5214906409385,1837.745544500649,1764.6974851377308,1,,-0.02068343027642283,-0.02068343027642283,-0.02068343027642272,-0.02068343027642261,-0.0985691069967709,-0.443785109112808,-0.4423560166931566,-0.18822964694848743,-0.014414955317085587,-0.0038121988798596185,-0.0077946442861360765,-0.01988255496436686,-0.008013908361997224,-0.007936777343331869,-0.020052759817553945,False,False,False
qwen,58,cap24_chunk2048_pollpm_mem0.85,24,2048,lpm,0.85,0,R_medium_balanced,4.482346648546786,1147.4807420279772,4733.358060865406,3585.877318837429,154.1688193101436,183.9459527982399,184.09049676265568,146.28944554715417,6.441049076908944,6.883878334808875,6.393372047322748,1776.0567935183644,1883.3302289713172,1883.699349546805,1776.5993176144548,1,,-0.02776378684020475,-0.02776378684020475,-0.02776378684020464,-0.02776378684020464,-0.26755931258383425,-0.4891296237846865,-0.4884210837050862,-0.24469355974990292,-0.010485081548220698,-0.026996904255225607,-0.011060182738598767,-0.026600655270940354,-0.03314332622008731,-0.03314077269703675,-0.02693240755718973,False,False,False
qwen,59,cap24_chunk2048_pollpm_mem0.9,24,2048,lpm,0.9,0,R_medium_balanced,4.510682789812857,1154.7347941920914,4763.281026042378,3608.546231850286,135.02767262980342,178.8493562489748,179.18433621525764,139.53110462171026,6.481057953308611,6.723918229359769,6.384502449209856,1767.4985569901764,1837.9812146304173,1838.058076403104,1767.5792291702237,1,,-0.021617581550835152,-0.021617581550835152,-0.02161758155083493,-0.02161758155083504,-0.11018288045725066,-0.44787026044161826,-0.44875345866627603,-0.1871906866408326,-0.016761756706046516,-0.0031326630367420893,-0.00965752739139547,-0.02165380263657357,-0.008266100337853022,-0.008108189756503181,-0.021718501950802827,False,False,False
qwen,60,cap24_chunk2048_polfcfs_mem0.75,24,2048,fcfs,0.75,0,R_medium_balanced,4.249824349625015,1087.955033504004,4487.814513204016,3399.859479700012,190.5186872463673,286.4948734641075,327.3128218948841,199.17696659103967,6.455976798144333,7.308179482488947,6.562028693231553,1872.1877082716676,2038.973716669716,2039.834777568467,1872.4942833650855,1,,-0.07819866327980463,-0.07819866327980463,-0.07819866327980451,-0.07819866327980474,-0.5664239845708587,-1.3193117143805408,-1.6464120290981894,-0.6946833494319127,-0.012826973285072762,-0.09029784363062676,-0.03773186991251243,-0.08216647976354308,-0.11852507611800611,-0.11877539203822396,-0.08236282851622789,False,False,False
qwen,61,cap24_chunk2048_polfcfs_mem0.8,24,2048,fcfs,0.8,0,R_medium_balanced,4.465140940248974,1143.0760807037373,4715.188832902916,3572.1127521991784,151.69581095688045,178.08208346832544,178.42083445284516,147.37338852137327,6.481778118576781,6.886599595914138,6.424920902331816,1785.4546967428178,1876.5186762902888,1876.7876957077533,1785.7282186159864,1,,-0.03149576341225768,-0.03149576341225768,-0.03149576341225768,-0.03149576341225779,-0.2472265061038792,-0.4416588238222878,-0.44258034196223517,-0.2539162130595827,-0.016874737720636634,-0.027402885679482125,-0.016049379499644356,-0.03203285408553147,-0.029406695179313935,-0.029349981247429824,-0.032209210374181785,False,False,False
qwen,62,cap24_chunk2048_polfcfs_mem0.85,24,2048,fcfs,0.85,0,R_medium_balanced,4.294690424287218,1099.4407486175278,4535.193088047303,3435.7523394297746,180.78264640644196,248.33150207996368,297.74404615163803,175.0447483791504,6.471539213888201,7.3465551117289,6.587368186435425,1854.710121639073,2009.546211222187,2009.891375200823,1854.823635920184,1,,-0.06846705928994667,-0.06846705928994667,-0.06846705928994645,-0.06846705928994656,-0.4863753126697181,-1.010361144894735,-1.4073405397516359,-0.4893560513587525,-0.01526843720721649,-0.09602305411684187,-0.04173910622530275,-0.07206404274967237,-0.1023819534766699,-0.1023525218669683,-0.07214861738613854,False,False,False
qwen,63,cap24_chunk2048_polfcfs_mem0.9,24,2048,fcfs,0.9,0,R_medium_balanced,4.220007819331188,1080.322001748784,4456.328257213734,3376.0062554649503,200.15210402198136,309.897696133703,352.239693608135,215.6475936935749,6.460339306652838,7.301691888064584,6.566933926432302,1890.016767429188,2063.3703568018973,2063.430852908641,1890.215744933812,1,,-0.08466596997770004,-0.08466596997770004,-0.08466596997769993,-0.08466596997769993,-0.6456288925449285,-1.5087686498951771,-1.8479524782863352,-0.8348225331091086,-0.01351137262954838,-0.08932996781036495,-0.038507592948746616,-0.09247207577869965,-0.1319084039842633,-0.13171698354826522,-0.09260641186885521,False,False,False
qwen,64,cap24_chunk8192_pollpm_mem0.75,24,8192,lpm,0.75,0,R_medium_balanced,4.596872507247133,1176.799361855266,4854.297367652972,3677.498005797706,115.76986615546048,137.60621717665344,137.70771336276084,124.16643826873042,6.35715082342572,6.674800652499293,6.315430908180846,1734.4060000032189,1816.029341542162,1816.374711995013,1734.6013198548462,1,,-0.002922739080590153,-0.002922739080590153,-0.002922739080590153,-0.002922739080590153,0.04815271584373593,-0.1139875126225911,-0.11340382889079792,-0.05646149298143355,0.0026770497289148043,0.004195124719929111,0.0012655792850058134,-0.002525562587390562,0.00377609535904766,0.0037843491800506612,-0.002656193711870758,False,False,False
qwen,65,cap24_chunk8192_pollpm_mem0.8,24,8192,lpm,0.8,0,R_medium_balanced,4.560767325499381,1167.5564353278414,4816.170295727346,3648.613860399504,136.6832130588591,141.0651528276503,141.16405369713902,134.5039903826546,6.360274260206257,6.702512480756815,6.321887946322415,1746.6426340397447,1837.2082426212728,1837.400323431939,1746.5854166948702,1,,-0.010754075639368144,-0.010754075639368144,-0.010754075639368144,-0.010754075639368255,-0.12379455431970032,-0.14198923522811113,-0.14134926831661176,-0.14441783522919271,0.0021870385161131267,6.0832908318042556e-05,0.00024445082336732593,-0.009598611470766905,-0.007842069087083514,-0.00774743610808426,-0.009583392939240376,False,False,False
qwen,66,cap24_chunk8192_pollpm_mem0.85,24,8192,lpm,0.85,0,R_medium_balanced,4.53936251565265,1162.0768040070784,4793.566816529198,3631.49001252212,142.91294966824353,154.80260166805238,154.97322676237673,142.0286897337064,6.403010551288139,6.712744695901432,6.332019393619917,1756.4306734129786,1853.370782220736,1853.609418915585,1756.6936351067852,1,,-0.015396851600379069,-0.015396851600379069,-0.015396851600379069,-0.015396851600378958,-0.17501477310002334,-0.25320039107184567,-0.25300013949293265,-0.20844121563286966,-0.004517519089845656,-0.0014656980334126768,-0.0013577557868842405,-0.015256317728275626,-0.01670839516473266,-0.016637537087692778,-0.015426273191947004,False,False,False
qwen,67,cap24_chunk8192_pollpm_mem0.9,24,8192,lpm,0.9,0,R_medium_balanced,4.618709031530586,1182.38951207183,4877.356737296299,3694.9672252244686,113.08442708104847,128.2989294268191,128.44494665041566,117.32740545994602,6.363660567348786,6.667392712323835,6.310309190074822,1726.517345989123,1809.4428167678416,1809.7801235504448,1726.4562489290256,1,,0.0018136772081409624,0.0018136772081409624,0.0018136772081411845,0.0018136772081409624,0.07023210467462304,-0.03864060939081049,-0.038511873518047635,0.0017279413976061253,0.0016557876580295394,0.005300305732300226,0.0020755376615687604,0.0020342563382381718,0.007389282260045538,0.007401241760535582,0.0020519232015189237,False,False,True
qwen,68,cap24_chunk8192_polfcfs_mem0.75,24,8192,fcfs,0.75,0,R_medium_balanced,4.533150570649872,1160.4865460863673,4787.007002606265,3626.520456519898,145.94629197381437,152.95465325471014,153.07981937658042,142.8501401678659,6.391670768532682,6.718626360902015,6.328801152994856,1756.6440543159842,1852.8127950849007,1853.0733026796952,1756.6944341815542,1,,-0.01674424357146098,-0.01674424357146098,-0.01674424357146087,-0.01674424357146087,-0.19995458456699655,-0.2382403732857945,-0.2376914325111943,-0.2154304694455964,-0.002738510551707707,-0.002343176026729399,-0.0008488170092899594,-0.015379656675345021,-0.016402298720977315,-0.01634349677688851,-0.015426735083251542,False,False,False
qwen,69,cap24_chunk8192_polfcfs_mem0.8,24,8192,fcfs,0.8,0,R_medium_balanced,4.432599513097992,1134.745475353086,4680.82508583148,3546.079610478394,169.693746836856,196.8458417104557,196.9683731207624,174.75623401696794,6.415748337795044,6.813809775984755,6.368244119906141,1798.7993678543717,1911.9764341739935,1912.146171904169,1798.6584845930338,1,,-0.03855410949406801,-0.03855410949406801,-0.0385541094940679,-0.0385541094940679,-0.39520358301237923,-0.5935603352544958,-0.5925421710063272,-0.48690124700044257,-0.0065158493437351694,-0.01654346660015782,-0.007086403847330391,-0.03974637324634456,-0.04885784896888934,-0.048742823012621006,-0.03968332625304738,False,False,False
qwen,70,cap24_chunk8192_polfcfs_mem0.85,24,8192,fcfs,0.85,0,R_medium_balanced,4.6073421175291385,1179.4795820874594,4865.353276110771,3685.873694023311,109.39351189881565,133.7652007350698,133.84561587590724,118.5630519175902,6.370288473280038,6.666678191144385,6.315333514323678,1729.191061342135,1806.9419234525408,1806.9724654313177,1728.973098070128,1,,-0.0006518450485241134,-0.0006518450485241134,-0.0006518450485238914,-0.0006518450485238914,0.10057840901898318,-0.08289266502417769,-0.08217773396549233,-0.008785470436070808,0.0006159880872663726,0.005406904222806541,0.0012809813373652057,0.0004887889053118988,0.008761203763000824,0.008941140406974135,0.0005971022284922967,False,False,False
qwen,71,cap24_chunk8192_polfcfs_mem0.9,24,8192,fcfs,0.9,0,R_medium_balanced,4.617865519607447,1182.1735730195064,4876.465988705464,3694.2924156859576,107.97719238325952,129.08148427959532,129.18720438610762,114.95278045185842,6.3683511826264505,6.680270457439417,6.318924144736728,1725.9869002737105,1808.8255827315152,1809.347200859338,1726.2784373597242,1,,0.001630716606873417,0.001630716606873417,0.001630716606873639,0.001630716606873417,0.11222323447441995,-0.04497576162318251,-0.04451322656329215,0.021932272908555595,0.0009199142459864751,0.0033790915962781387,0.0007131521206866775,0.0023408658571542063,0.007727879928970949,0.007638684154788078,0.002154704093723425,False,False,False
qwen,72,cap32_chunk-1_pollpm_mem0.75,32,-1,lpm,0.75,0,R_medium_balanced,4.584276421313136,1173.574763856163,4840.995900906672,3667.421137050509,127.41022743284702,130.65205712337047,130.88758664671332,124.68817157787272,6.370107561130734,6.720103737076416,6.331905864599142,1739.1347400844095,1835.5915064457804,1835.6670883018523,1739.324167050654,1,,-0.00565487290452682,-0.00565487290452682,-0.005654872904526709,-0.00565487290452682,-0.0475530721684887,-0.0576902927797478,-0.058261273592067564,-0.06090062450843847,0.0006443699588776219,-0.0025635838671553834,-0.0013398020886417061,-0.0052588803977626775,-0.006955171949091454,-0.006796819502523421,-0.005386153581397268,False,False,False
qwen,73,cap32_chunk-1_pollpm_mem0.8,32,-1,lpm,0.8,0,R_medium_balanced,4.475238155216394,1145.6609677353968,4725.851491908512,3580.190524173115,165.19072698429227,180.7370581664145,180.85131021216512,164.90041578072123,6.404785284151633,6.739013515157151,6.340532347345359,1781.3552264124155,1880.7675885036588,1880.8684227988124,1781.736164353788,1,,-0.029305643188832442,-0.029305643188832442,-0.02930564318883233,-0.02930564318883233,-0.3581802421422353,-0.46315210167472154,-0.46223139091491405,-0.4030437039026551,-0.004795942846733903,-0.00538470919862255,-0.0027040107030040783,-0.029663268302681622,-0.03173753192234008,-0.0315881120516035,-0.029901672679028657,False,False,False
qwen,74,cap32_chunk-1_pollpm_mem0.85,32,-1,lpm,0.85,1,R_medium_balanced,4.610347349620965,1180.248921502967,4868.526801199739,3688.277879696772,121.62651307880878,123.5258165979758,123.68173145223408,117.53049126127736,6.3742149137325725,6.70292023888917,6.323433714900531,1730.0366840790955,1822.912834235467,1823.2746198074888,1730.0060885609128,1,,0.0,0.0,0.0,0.0,0.0,0.0,0.0,0.0,0.0,0.0,0.0,0.0,0.0,0.0,0.0,False,False,False
qwen,75,cap32_chunk-1_pollpm_mem0.9,32,-1,lpm,0.9,0,R_medium_balanced,4.57232826952616,1170.516036998697,4828.378652619625,3657.862615620928,135.6597626581788,139.6516686072573,139.770499127917,131.62578269839287,6.39241090427865,6.698866907561965,6.321777471263583,1743.6702174600214,1837.173633975908,1838.2291374262425,1743.6790378706064,1,,-0.008246467611150887,-0.008246467611150887,-0.008246467611150776,-0.008246467611150887,-0.11537985611966928,-0.13054641089129015,-0.13008200553770877,-0.1199288055878267,-0.002854624576098974,0.0006047112575932045,0.00026192156217996754,-0.007880488030335142,-0.007823083733140779,-0.008202010523424397,-0.007903411092077262,False,False,False
qwen,76,cap32_chunk-1_polfcfs_mem0.75,32,-1,fcfs,0.75,0,R_medium_balanced,4.534565352165772,1160.8487301544376,4788.501011887055,3627.6522817326177,145.45950456522405,154.69219908118248,154.88543324172497,143.38838725234382,6.404632742644525,6.712913461595628,6.333960766570788,1758.3603020757437,1853.846914600581,1854.0038696490228,1758.548382727895,1,,-0.016437372655104476,-0.016437372655104476,-0.016437372655104476,-0.016437372655104365,-0.19595227128621628,-0.25230662983301744,-0.2522903053111103,-0.2200101072800147,-0.004772011820062705,-0.0014908759690259732,-0.0016647682485311233,-0.016371686367867344,-0.016969588333656027,-0.016853879008516426,-0.01649837787029096,False,False,False
qwen,77,cap32_chunk-1_polfcfs_mem0.8,32,-1,fcfs,0.8,0,R_medium_balanced,4.586522724718575,1174.1498175279553,4843.367997302816,3669.21817977486,127.66028707847,130.66081528086215,130.82853744272143,124.6566289337352,6.375108805357241,6.70325844776908,6.328532352641809,1738.3840749971569,1831.8270668387413,1832.0146337151527,1738.4323788573963,1,,-0.005167642065916911,-0.005167642065916911,-0.0051676420659168,-0.005167642065916911,-0.0496090354555474,-0.05776119421341486,-0.05778384492658439,-0.06063224611744378,-0.00014023556418574223,-5.0456945309917955e-05,-0.0008063084031801893,-0.00482497914343627,-0.004890103594565431,-0.004793580633830619,-0.004870670890813278,False,False,False
qwen,78,cap32_chunk-1_polfcfs_mem0.85,32,-1,fcfs,0.85,0,R_medium_balanced,4.62131711121573,1183.057180471227,4880.110869443811,3697.053688972584,106.41869506798685,126.86337099876256,126.97381402831525,113.79246728029102,6.362748755069047,6.682839546827417,6.319253291482763,1725.420187227428,1807.6181665528568,1807.93760814704,1725.2020566083957,1,,0.00237937855065673,0.00237937855065673,0.00237937855065673,0.00237937855065673,0.12503703037978176,-0.027019083886318906,-0.026617371356517427,0.03180471672390517,0.0017988346515933618,0.002995812473681081,0.0006611002196350579,0.0026684387066190363,0.008390235339488905,0.008411794632488312,0.0027768873094043967,False,False,False
qwen,79,cap32_chunk-1_polfcfs_mem0.9,32,-1,fcfs,0.9,0,R_medium_balanced,4.628550338840356,1184.9088867431312,4887.749157815416,3702.840271072285,106.08998453244568,122.43459036108106,122.5755714578554,110.90197099838406,6.371631422171406,6.67641337358338,6.317381504535054,1721.8023766763508,1805.202572257258,1805.382110667415,1721.8342546548229,1,,0.003948290191386095,0.003948290191386095,0.003948290191386095,0.003948290191386095,0.12773965275396904,0.008833993305595533,0.008943600492897996,0.05639830304255011,0.00040530349166623125,0.003954524947500038,0.0009571082165716893,0.0047596143356508636,0.009715364138975224,0.00981339231385947,0.004723586789736389,False,False,False
qwen,80,cap32_chunk2048_pollpm_mem0.75,32,2048,lpm,0.75,0,R_medium_balanced,4.5373683001457605,1161.5662848373147,4791.460924953924,3629.894640116609,135.1921446621418,164.6734515670687,165.22057806141677,134.41312228678726,6.448393829130367,6.70183269151797,6.359993131356497,1756.1961512546986,1833.8077806402,1833.9601608458904,1756.2113707826938,1,,-0.015829403717532164,-0.015829403717532164,-0.01582940371753183,-0.015829403717531942,-0.11153515166995764,-0.33310959686274333,-0.33585272555167145,-0.14364469036361638,-0.011637341445451366,0.0001622497855324756,-0.005781576609211081,-0.015120758661558709,-0.005976668878576508,-0.005860631702057972,-0.0151475086677757,False,False,False
qwen,81,cap32_chunk2048_pollpm_mem0.8,32,2048,lpm,0.8,0,R_medium_balanced,4.507903527477665,1154.0233030342822,4760.346125016414,3606.322821982132,142.34305592253804,174.05834083911031,174.40249144565314,141.9830884260591,6.464229968796465,6.712066702197726,6.371933065797659,1765.3585760854185,1842.558383475989,1842.927763890475,1766.826020204462,1,,-0.022220412991598715,-0.022220412991598715,-0.022220412991598715,-0.022220412991598493,-0.17032916852845914,-0.40908472117692174,-0.410090960062339,-0.2080532200824563,-0.014121747741822288,-0.001364549029763129,-0.007669780863337694,-0.020416845683896456,-0.010777009669121984,-0.010779036722982083,-0.021283122578012126,False,False,False
qwen,82,cap32_chunk2048_pollpm_mem0.85,32,2048,lpm,0.85,0,R_medium_balanced,4.459296959167285,1141.580021546825,4709.017588880653,3567.4375673338286,173.5351854003966,176.36487970594317,176.46270238328725,154.4263290707022,6.453142525153417,6.889573148652619,6.395378411409682,1785.211906535551,1875.6183970253917,1876.2566392775625,1785.2478239801712,1,,-0.03276334275900017,-0.03276334275900017,-0.03276334275900006,-0.03276334275900006,-0.42678747427341945,-0.42775724591998543,-0.4267483185375458,-0.3139256665523771,-0.012382326684781786,-0.027846506166151475,-0.0113774730238132,-0.03189251590108655,-0.02891282665856565,-0.02905871605653565,-0.03193152659087506,False,False,False
qwen,83,cap32_chunk2048_pollpm_mem0.9,32,2048,lpm,0.9,0,R_medium_balanced,4.46930049248427,1144.140926075973,4719.581320063389,3575.440393987416,168.81194640882313,178.2344897510484,178.42489557806402,149.43223085720092,6.480200431656604,6.886011075374542,6.407263151863042,1783.1304385326805,1871.5831220615653,1871.589462691918,1783.2843345822766,1,,-0.030593542403760776,-0.030593542403760776,-0.030593542403760665,-0.030593542403760665,-0.3879535155253542,-0.44289262487635384,-0.44261317724980076,-0.2714337296949101,-0.016627226938284778,-0.027315085061449862,-0.01325694879428796,-0.030689380717870085,-0.026699185453105123,-0.026498938974717223,-0.030796565615374805,False,False,False
qwen,84,cap32_chunk2048_polfcfs_mem0.75,32,2048,fcfs,0.75,0,R_medium_balanced,4.477648574189335,1146.2780349924697,4728.396894343938,3582.118859351468,155.83480685018003,179.19590859673917,179.31941929273307,148.77035722020082,6.49024693331882,6.731933206045891,6.39255125481891,1779.015448177233,1859.4434005208316,1859.4455585815008,1778.8709271990228,1,,-0.028782815126183525,-0.028782815126183525,-0.028782815126183414,-0.028782815126183414,-0.28125688145976646,-0.45067576585990876,-0.4498456416094587,-0.26580222394778685,-0.018203342867569416,-0.004328407040918192,-0.010930381029457203,-0.028310824012502955,-0.020039667064325473,-0.01983844802152257,-0.02824547206001915,False,False,False
qwen,85,cap32_chunk2048_polfcfs_mem0.8,32,2048,fcfs,0.8,0,R_medium_balanced,4.506671379862377,1153.7078732447685,4759.04497713467,3605.3371038899018,147.9010374750942,162.36269532237202,162.4502406688407,142.6959364907816,6.456431335605243,6.731787307516617,6.368683735661976,1765.9133179113269,1853.663896676153,1853.7677305750549,1766.7102890845854,1,,-0.022487669994563753,-0.022487669994563753,-0.02248766999456364,-0.02248766999456364,-0.21602629008414187,-0.31440293044808443,-0.3134538040614272,-0.2141184381979646,-0.012898282060672894,-0.004306640628060077,-0.00715592553058908,-0.020737498899526807,-0.016869189718323963,-0.016724365291052923,-0.02121622621236252,False,False,False
qwen,86,cap32_chunk2048_polfcfs_mem0.85,32,2048,fcfs,0.85,0,R_medium_balanced,4.47191832539774,1144.8110913018213,4722.345751620012,3577.534660318191,148.40387436561286,178.63947816658765,179.0701540419832,145.31219020136632,6.486212858455438,6.885679452862664,6.424775411027904,1783.7514164857566,1871.1154873017224,1871.6251980979,1783.6299200134818,1,,-0.030025725552892513,-0.030025725552892735,-0.030025725552892735,-0.030025725552892846,-0.2201605604647523,-0.446171197944665,-0.4478302651442112,-0.23637865069693764,-0.0175704688716376,-0.02726561072786704,-0.01602637122431938,-0.031048319900368826,-0.02644265384552602,-0.02651853854879871,-0.0309963252771992,False,False,False
qwen,87,cap32_chunk2048_polfcfs_mem0.9,32,2048,fcfs,0.9,0,R_medium_balanced,4.462789026372454,1142.4739907513483,4712.705211849311,3570.231221097963,150.82765091210604,175.52680906374007,177.01896803919226,145.26873794966377,6.485092727576985,6.907877057115091,6.434279833760514,1785.9238744713366,1880.7727568782864,1880.87447071448,1786.010095558595,1,,-0.032005901520769764,-0.032005901520769764,-0.032005901520769875,-0.032005901520769875,-0.2400885883686903,-0.4209726670741669,-0.4312458756898714,-0.23600894023936836,-0.017394740426077915,-0.03057724259298178,-0.017529418960901655,-0.03230404933406961,-0.03174036715095374,-0.03159142911399315,-0.0323721444496583,False,False,False
qwen,88,cap32_chunk8192_pollpm_mem0.75,32,8192,lpm,0.75,0,R_medium_balanced,4.525684446611617,1158.575218332574,4779.122775621868,3620.5475572892938,151.29649103619158,158.63824647385627,158.73741807881743,147.9996774578467,6.401041161049815,6.708797564565697,6.32533512931938,1760.9753890428692,1848.7116429023445,1849.1312253288925,1760.9601354342883,1,,-0.01836367123538063,-0.01836367123538063,-0.01836367123538052,-0.01836367123538063,-0.2439433410226759,-0.28425175273405845,-0.2834346367484504,-0.2592449488604154,-0.004208557081978537,-0.0008768306151738514,-0.0003006933423479463,-0.017883265278991756,-0.01415251907955195,-0.014181410326511212,-0.017892449672893607,False,False,False
qwen,89,cap32_chunk8192_pollpm_mem0.8,32,8192,lpm,0.8,0,R_medium_balanced,4.6170943642876585,1181.9761572576406,4875.651648687767,3693.675491430127,108.05672756396234,129.40802227240056,129.61491418536752,115.81738607492298,6.360397933452737,6.666458446495965,6.312994458872423,1725.408723577857,1805.4261551005768,1805.6344842305407,1725.6309730873909,1,,0.0014634503986448166,0.0014634503986448166,0.0014634503986448166,0.0014634503986448166,0.11156930484436234,-0.0476192413572043,-0.04797137510501992,0.014575836176384582,0.002167636401789408,0.005439687642657676,0.0016508840764012378,0.002675064953146955,0.00959271272135409,0.009674974567907224,0.00252895958138577,False,False,True
qwen,90,cap32_chunk8192_pollpm_mem0.85,32,8192,lpm,0.85,0,R_medium_balanced,4.583842537292154,1173.463689546791,4840.537719380513,3667.0740298337223,128.31951258704066,132.5816574972123,132.61901228688657,126.18940926040524,6.359939848748493,6.702435530685619,6.324506629778839,1739.0349840279669,1832.6800091890616,1833.1436063861477,1738.9385998540092,1,,-0.005748983822442488,-0.00574898382244271,-0.005748983822442599,-0.005748983822442599,-0.05502911609325767,-0.0733113218648811,-0.0722603146779528,-0.07367380078313968,0.0022395016762496445,7.231298990240109e-05,-0.000169672827561973,-0.005201219160078763,-0.005358004381866621,-0.005412781196779237,-0.005163283153833742,False,False,False
qwen,91,cap32_chunk8192_pollpm_mem0.9,32,8192,lpm,0.9,0,R_medium_balanced,4.5599015542458,1167.334797886925,4815.256041283564,3647.92124339664,125.34439633600414,150.3970385529101,150.47322222962976,133.32316116429865,6.4059271157591375,6.695436629211055,6.33339131109453,1748.301789863035,1827.748627983965,1828.1420557992533,1748.3379454934038,1,,-0.010941864365016207,-0.010941864365016207,-0.01094186436501643,-0.010941864365016318,-0.030568032931983513,-0.21753527072311307,-0.21661639486137507,-0.1343708320584931,-0.004975075747484459,0.0011164700475916334,-0.0015747134615382574,-0.01055764074370602,-0.002652783862002961,-0.002669612102799146,-0.010596411800920524,False,False,False
qwen,92,cap32_chunk8192_polfcfs_mem0.75,32,8192,fcfs,0.75,0,R_medium_balanced,4.544263083623724,1163.331349407673,4798.741816306652,3635.410466898979,143.04578746668994,144.52314306981862,144.68211368657649,137.61320465710014,6.40462254922764,6.708975235347216,6.332689785973772,1752.7210770640522,1844.2949649179357,1844.7412110166624,1752.449100080412,1,,-0.014333901761799828,-0.01433390176180005,-0.014333901761799828,-0.014333901761799828,-0.17610695107243912,-0.16998330430132036,-0.16979372772164636,-0.17087236835569497,-0.00477041265576994,-0.000903337089245948,-0.0014637729263184962,-0.013112087849762366,-0.011729650634357602,-0.01177364669916825,-0.012972793372171498,False,False,False
qwen,93,cap32_chunk8192_polfcfs_mem0.8,32,8192,fcfs,0.8,0,R_medium_balanced,4.464885977054163,1143.0108101258656,4714.919591769196,3571.9087816433303,155.69119225256145,195.30871498864144,195.41915578302,166.8561339902226,6.401299311797701,6.754981360726935,6.344852485242026,1784.582793014124,1896.2677896488456,1896.619593212381,1784.7935177269392,1,,-0.03155106579524025,-0.03155106579524025,-0.03155106579524014,-0.03155106579524014,-0.2800760978133132,-0.5811165662987565,-0.5800163329577168,-0.4196837960907638,-0.004249056304452159,-0.007766931424264323,-0.0033872056397179495,-0.0315288741776385,-0.0402405172840552,-0.040227057738913885,-0.03166892274442845,False,False,False
qwen,94,cap32_chunk8192_polfcfs_mem0.85,32,8192,fcfs,0.85,0,R_medium_balanced,4.479248735641071,1146.687676324114,4730.086664836971,3583.3989885128567,151.8182756844908,191.8753645149991,191.90591124352068,163.06758762220852,6.399874149949527,6.741989920755811,6.33711169117733,1779.0861234534532,1889.7784710861745,1890.3120920993388,1779.0310688724276,1,,-0.028435734672068058,-0.02843573467206828,-0.028435734672067947,-0.028435734672068058,-0.24823339781285214,-0.5533219678237149,-0.5516108077580948,-0.3874492131552436,-0.004025473970398208,-0.00582875529981175,-0.0021630615411636356,-0.028351675907072993,-0.03668065504555562,-0.03676762214730345,-0.028338039175512808,False,False,False
qwen,95,cap32_chunk8192_polfcfs_mem0.9,32,8192,fcfs,0.9,0,R_medium_balanced,4.568473903438775,1169.5293192803265,4824.308442031347,3654.7791227510206,128.6866634618491,144.54884233418852,144.65385780204087,132.3103006288875,6.4035979044788025,6.67567275482796,6.322877381599563,1744.5829301141202,1827.882891637273,1828.334791609086,1744.644032936776,1,,-0.009082492707546685,-0.009082492707546685,-0.009082492707546574,-0.009082492707546574,-0.058047790768001706,-0.17019135202023206,-0.16956527131014698,-0.12575297872918534,-0.004609664271427061,0.004065016901607432,8.797962089135414e-05,-0.00840805641226483,-0.0027264372209494514,-0.0027753207040921435,-0.008461209745244114,False,False,False
qwen,96,cap48_chunk-1_pollpm_mem0.75,48,-1,lpm,0.75,0,R_medium_balanced,4.574831726179005,1171.1569219018252,4831.022302845029,3659.865380943204,110.2861010003835,152.09403168410063,152.2764241322875,126.92902435082942,6.400009955042133,6.686661980918371,6.329984777931161,1741.1869226489216,1811.02867401205,1811.2029522191733,1741.0751427232751,1,,-0.0077034593597118395,-0.0077034593597118395,-0.0077034593597117285,-0.0077034593597117285,0.0932396382281977,-0.23127323399206712,-0.23119576629711647,-0.0799667642727584,-0.004046779353797492,0.0024255484760913326,-0.00103599773888563,-0.006445087940873062,0.00651932445711334,0.006620871840792741,-0.00639827468559373,False,False,False
qwen,97,cap48_chunk-1_pollpm_mem0.8,48,-1,lpm,0.8,0,R_medium_balanced,4.540082690963272,1162.2611688865975,4794.327321657215,3632.0661527706175,142.3148736357689,150.46529052779078,150.61609325930476,140.161123679718,6.402996388793577,6.706825948283806,6.332609910682282,1754.7987035941333,1849.8058542609213,1850.1552186906335,1754.9766509037,1,,-0.015240643129301179,-0.015240643129301401,-0.015240643129301179,-0.01524064312930129,-0.17009745682304422,-0.21808780279098694,-0.21777154548869437,-0.19255115992097216,-0.004515297248449679,-0.0005826877324268676,-0.001451141293713265,-0.01431300257556023,-0.014752773429637545,-0.01474303354586426,-0.014433800266887342,False,False,False
qwen,98,cap48_chunk-1_pollpm_mem0.85,48,-1,lpm,0.85,0,R_medium_balanced,4.612829048398918,1180.884236390123,4871.147475109258,3690.263238719135,107.52363898791371,127.00977351050824,127.10704018827528,114.079086255515,6.387927107439905,6.686633455968809,6.332532494493267,1728.9707770105451,1810.013432754204,1810.229113092646,1728.874872351298,1,,0.0005382888944707176,0.0005382888944707176,0.0005382888944709396,0.0005382888944709396,0.1159523013025705,-0.02820428157031518,-0.027694540623115937,0.02936603913353586,-0.00215119726788493,0.0024298040764185735,-0.0014388985483149153,0.000616118188914494,0.007076257975150657,0.007154987281192016,0.000653879900824883,False,False,False
qwen,99,cap48_chunk-1_pollpm_mem0.9,48,-1,lpm,0.9,0,R_medium_balanced,4.564990430992419,1168.6375503340594,4820.629895127995,3651.992344793936,117.36287595704198,157.5217831414193,157.60496235452592,133.3825017500203,6.399130472438593,6.685217137576319,6.327760306086537,1746.9429802149534,1818.4743077727037,1818.5185063863173,1746.961379802087,1,,-0.009838069713396846,-0.009838069713396846,-0.009838069713396735,-0.009838069713396735,0.035055162018861385,-0.27521345318514223,-0.2742784282203634,-0.1348757272995904,-0.003908804306604452,0.002641102785341354,-0.000684215472332772,-0.009772218295392543,0.002434853921375102,0.0026085557104248425,-0.009800711889562441,False,False,False
qwen,100,cap48_chunk-1_polfcfs_mem0.75,48,-1,fcfs,0.75,0,R_medium_balanced,4.535167413666233,1161.0028578985557,4789.136788831543,3628.133930932987,141.11086609773338,154.3057489907369,154.54051464330405,141.13754438585602,6.411905478978274,6.721551857395646,6.339730044790342,1757.648368831724,1856.051373295486,1856.4014049246907,1757.7687058073934,1,,-0.01630678347064518,-0.01630678347064518,-0.01630678347064496,-0.01630678347064496,-0.160198237421306,-0.2491781332880132,-0.24950154585269235,-0.20085896750060162,-0.0059129737161043305,-0.002779627064391832,-0.002577133030019718,-0.015960172987502963,-0.01817889393154526,-0.018168840150201593,-0.016047699155541606,False,False,False
qwen,101,cap48_chunk-1_polfcfs_mem0.8,48,-1,fcfs,0.8,0,R_medium_balanced,4.586123538381105,1174.0476258255628,4842.946456530447,3668.898830704884,127.92686629109085,130.82006270997226,130.98328127525747,124.9944211449474,6.371737139153423,6.706907829342812,6.329618310943867,1738.7902960181236,1832.645976217464,1832.817896315828,1739.0470904356334,1,,-0.005254226938421813,-0.005254226938421813,-0.005254226938421702,-0.005254226938421813,-0.05180082083089643,-0.05905037758816145,-0.05903499035217874,-0.06350632762248276,0.0003887183931955418,-0.0005949034617040994,-0.0009780439429234455,-0.005059784003185852,-0.005339334826768738,-0.005234141036497775,-0.005225994251986332,False,False,False
qwen,102,cap48_chunk-1_polfcfs_mem0.85,48,-1,fcfs,0.85,0,R_medium_balanced,4.567790170092631,1169.3542835437136,4823.586419617818,3654.232136074105,118.11656155623496,156.1893280595541,156.30529783666134,132.62486716848798,6.395712451023214,6.689460800193689,6.327983795199543,1746.3728750590235,1817.9741682251915,1818.3037287322804,1746.2607349443715,1,,-0.009230796792747631,-0.009230796792747631,-0.009230796792747631,-0.009230796792747631,0.028858440760358928,-0.26442659810850855,-0.2637702917105951,-0.1284294462247666,-0.003372578047898367,0.00200799624876824,-0.0007195584715768977,-0.009442684730482265,0.002709216764249067,0.002726353463820552,-0.009395716287322387,False,False,False
qwen,103,cap48_chunk-1_polfcfs_mem0.9,48,-1,fcfs,0.9,0,R_medium_balanced,4.611690727508957,1180.592826242293,4869.945408249459,3689.3525820071663,105.6834962219,133.36322223767638,133.4903477691114,116.44820007495582,6.366568432171263,6.673427680324689,6.315892753556517,1727.3874606471509,1804.41300815437,1804.4637535931545,1727.0008522318676,1,,0.0002913832269282324,0.0002913832269282324,0.0002913832269284544,0.0002913832269284544,0.13108175555915502,-0.07963845866906638,-0.079305295953634,0.009208599187384814,0.0011995958192178025,0.004399956662675231,0.0011925421668048664,0.001531310553310461,0.010148497357448272,0.010317077860887647,0.0017371247124020606,False,False,True
qwen,104,cap48_chunk2048_pollpm_mem0.75,48,2048,lpm,0.75,0,R_medium_balanced,4.457690629692527,1141.168801201287,4707.321304955309,3566.152503754022,171.96949385106564,178.14059637021273,179.19535690452904,150.15275435871445,6.484805895746046,6.89528097635975,6.421260772998828,1787.5264037866143,1883.480739314109,1883.8465725071728,1787.5742514734156,1,,-0.03311176107825986,-0.03311176107825986,-0.03311176107825975,-0.03311176107825975,-0.41391452815585317,-0.44213251348084515,-0.4488425638974365,-0.27756425372983284,-0.01734974165606129,-0.02869804959852229,-0.015470559589764843,-0.033230347215510436,-0.03322589206743087,-0.03322151915111915,-0.03327627763460095,False,False,False
qwen,105,cap48_chunk2048_pollpm_mem0.8,48,2048,lpm,0.8,0,R_medium_balanced,4.26946841145092,1092.9839133314356,4508.558642492171,3415.574729160736,184.19043091125783,271.0387439001352,315.80273755826056,187.4687007511966,6.4737250827545045,7.346084835373011,6.583092409624335,1866.0745604429396,2029.4760335236788,2029.5648839324715,1866.157265205402,1,,-0.07393779954520563,-0.07393779954520563,-0.07393779954520563,-0.07393779954520563,-0.5143937472902007,-1.1941870239340453,-1.5533499074616666,-0.5950643849045298,-0.015611360829323129,-0.09595289419562425,-0.04106292663619526,-0.07863294322932668,-0.11331490755280393,-0.11314272786112922,-0.07869982513052598,False,False,False
qwen,106,cap48_chunk2048_pollpm_mem0.85,48,2048,lpm,0.85,0,R_medium_balanced,4.553266664143436,1165.6362660207196,4808.249597335469,3642.613331314749,128.83572932332754,148.90488679520786,149.01470369659364,124.86190674826504,6.4539454913899,6.720595091453516,6.372328305288272,1749.8990003950894,1832.7698009088635,1834.5848025754092,1749.8056245967746,1,,-0.012380994564806902,-0.012380994564806902,-0.01238099456480668,-0.012380994564806791,-0.05927339411471477,-0.20545559540666858,-0.2048238809960643,-0.06237883810669609,-0.012508297686285585,-0.002636888391092551,-0.007732284798451561,-0.01148086424916861,-0.005407261657428997,-0.006203225035356752,-0.011444778239093845,False,False,False
qwen,107,cap48_chunk2048_pollpm_mem0.9,48,2048,lpm,0.9,0,R_medium_balanced,4.4944152215157,1150.5702967080192,4746.10247392058,3595.5321772125603,137.2451912611723,184.27157145924863,184.5079316291958,144.0981098858174,6.491515494189134,6.738980794234164,6.393486631385909,1774.275375995785,1844.4812537636608,1844.645893899724,1774.4372008892242,1,,-0.02514607237018618,-0.02514607237018618,-0.025146072370185846,-0.025146072370186068,-0.12841507815194264,-0.49176566109232467,-0.4917961566575646,-0.22604873288139848,-0.018402357316796625,-0.00537982760644784,-0.011078303283278634,-0.025570955994056233,-0.011831843587430502,-0.01172136871761631,-0.02568263350175326,False,False,False
qwen,108,cap48_chunk2048_polfcfs_mem0.75,48,2048,fcfs,0.75,0,R_medium_balanced,4.562929775988647,1168.1100226530937,4818.453843444011,3650.3438207909176,122.25406430661678,155.50057927612215,155.64599998760968,124.33141368092038,6.451735762404461,6.703947557538163,6.363660956084655,1746.7696645762771,1822.428568964824,1822.7366357576104,1747.0649574825077,1,,-0.010285032783097448,-0.010285032783097448,-0.010285032783097448,-0.010285032783097448,-0.005159658136391521,-0.2588508504437632,-0.25843969161864644,-0.057865174787061546,-0.012161630839411686,-0.00015326434037388204,-0.006361613483720552,-0.009672037969581382,0.00026565464982641895,0.0002950647390326244,-0.009860583170424153,False,False,False
qwen,109,cap48_chunk2048_polfcfs_mem0.8,48,2048,fcfs,0.8,0,R_medium_balanced,4.502466922311006,1152.6315321116176,4754.605069960423,3601.973537848805,139.61648102849722,177.54120752215383,177.6107583194971,140.79076048801653,6.488107455273469,6.741184147312215,6.393833026203199,1771.2104646489024,1845.9123036591336,1846.4670289075,1771.2181821698323,1,,-0.02339963111864618,-0.02339963111864618,-0.02339963111864607,-0.02339963111864618,-0.1479115654498102,-0.4372801768230785,-0.4360306589667242,-0.19790838085608087,-0.017867697133262084,-0.005708543002055144,-0.011133082827574858,-0.023799368503982787,-0.012616878323374436,-0.01272019521801937,-0.02382193558821588,False,False,False
qwen,110,cap48_chunk2048_polfcfs_mem0.85,48,2048,fcfs,0.85,0,R_medium_balanced,4.523958030796959,1158.1332558840215,4777.299680521589,3619.166424637568,142.4806045833975,162.92730486020446,163.15583465620875,137.6187933201436,6.460201064599495,6.722515072290074,6.3744760304461145,1762.8429096657785,1845.981558552012,1846.1532987188548,1763.1101810839027,1,,-0.01873813668965929,-0.01873813668965929,-0.01873813668965918,-0.018738136689658957,-0.17146007870073654,-0.3189737121144789,-0.31915872085943087,-0.17091991910600224,-0.013489684930715784,-0.002923327848542545,-0.00807193019597996,-0.01896273407875504,-0.012654869658767831,-0.012548125588333958,-0.01913524625253049,False,False,False
qwen,111,cap48_chunk2048_polfcfs_mem0.9,48,2048,fcfs,0.9,0,R_medium_balanced,4.496848112189844,1151.1931167206,4748.671606472475,3597.4784897518757,139.98108264058828,166.24847729690373,166.33135140873492,136.97246462106705,6.467682728543878,6.87067388264718,6.416348371695837,1773.4420832712203,1861.7589480709285,1861.8037638720125,1773.1412994035054,1,,-0.024618370119217192,-0.024618370119217192,-0.024618370119217192,-0.02461837011921697,-0.15090928036296258,-0.34586017624131227,-0.3448336262414966,-0.1654206763806425,-0.014663423821800858,-0.02502694911759984,-0.014693702976021017,-0.02508929411241345,-0.021309912962324207,-0.021131838092822264,-0.0249335601347358,False,False,False
qwen,112,cap48_chunk8192_pollpm_mem0.75,48,8192,lpm,0.75,0,R_medium_balanced,4.562380629035982,1167.9694410332113,4817.873944261996,3649.9045032287854,132.763069588691,139.19784990139306,139.42193225957453,131.63012184668332,6.382909211713601,6.705636010213079,6.337327735073974,1747.6336094550788,1841.343195992522,1841.738287336193,1747.6486942905467,1,,-0.01040414462240613,-0.01040414462240613,-0.01040414462240613,-0.01040414462240602,-0.09156355985200526,-0.1268725334917078,-0.12726374883763114,-0.11996572492887503,-0.001363979423143924,-0.00040516241087762417,-0.0021972271395369614,-0.01017141748375705,-0.010110391133860475,-0.010126651974486256,-0.010198002103165793,False,False,False
qwen,113,cap48_chunk8192_pollpm_mem0.8,48,8192,lpm,0.8,0,R_medium_balanced,4.621173150425836,1183.020326509014,4879.958846849682,3696.9385203406687,107.86826023831964,126.10801018308848,126.21131183113904,113.90137588023208,6.376755614673682,6.677107539429676,6.322288183340182,1726.0896537918595,1808.189313160256,1808.610306540504,1726.0848626319785,1,,0.0023481529663400558,0.0023481529663400558,0.0023481529663400558,0.002348152966340278,0.11311886275630045,-0.020904080266205494,-0.02045233640573585,0.030878075485769374,-0.0003985904108183558,0.0038509632428166407,0.0001811565696735462,0.002281472019385,0.008076919970441798,0.008042843961998947,0.0022665966061403697,False,False,False
qwen,114,cap48_chunk8192_pollpm_mem0.85,48,8192,lpm,0.85,0,R_medium_balanced,4.593996935896498,1176.0632155895034,4851.260764306702,3675.1975487171994,125.4364859778434,126.17743550799788,126.28230708651245,121.2752987339627,6.371977192112336,6.704393853250818,6.329523194261699,1735.063724918291,1826.2624791823328,1826.448470260948,1735.303713270696,1,,-0.0035464602739339046,-0.0035464602739339046,-0.0035464602739336826,-0.0035464602739335715,-0.031325183979959315,-0.02146611115838226,-0.021026352103444834,-0.031862433590619466,0.00035105838923243926,-0.00021984662044727266,-0.000963002007409175,-0.0029057423379847958,-0.0018375233768490595,-0.0017407418602657376,-0.00306220003779889,False,False,False
qwen,115,cap48_chunk8192_pollpm_mem0.9,48,8192,lpm,0.9,0,R_medium_balanced,4.596511288362117,1176.706889820702,4853.915920510396,3677.209030689694,123.45871794968843,125.33402617555112,125.53996031638236,119.66583764296956,6.3732708329517465,6.705972005375752,6.327871396548717,1733.202502131462,1824.2315634852275,1824.4405911071224,1733.2730437628925,1,,-0.0030010886836944195,-0.0030010886836944195,-0.0030010886836941975,-0.0030010886836943085,-0.015064189743666079,-0.014638313086083654,-0.015024279190867684,-0.018168445981776804,0.0001481093426567437,-0.0004552890945763721,-0.0007017835322173926,-0.0018299138287070082,-0.0007234187093283495,-0.0006394929688413598,-0.0018884067654914016,False,False,False
qwen,116,cap48_chunk8192_polfcfs_mem0.75,48,8192,fcfs,0.75,0,R_medium_balanced,4.58891908036739,1174.7632845740518,4845.898548867964,3671.135264293912,125.33068098127842,128.5680792061612,128.62492387648672,122.4996895471122,6.369721748884402,6.698630892160331,6.326580654793218,1735.5992076918485,1824.9049244914204,1825.0927422661332,1735.7777565193828,1,,-0.004647864386039591,-0.004647864386039591,-0.00464786438603948,-0.00464786438603948,-0.03045526677287458,-0.04081950435183779,-0.039967037704041974,-0.04228007755696361,0.0007048969808800543,0.0006399220900695779,-0.0004976631423005973,-0.0032152633894662053,-0.0010928060950259333,-0.000997174226467612,-0.0033362125119866803,False,False,False
qwen,117,cap48_chunk8192_polfcfs_mem0.8,48,8192,fcfs,0.8,0,R_medium_balanced,4.6168049056298015,1181.9020558412292,4875.345980345071,3693.4439245038416,108.6919349618256,122.86637700162828,122.8962596040219,112.59941518073902,6.371705516186708,6.6778598814362695,6.322431336978779,1724.5807526633143,1808.219824684784,1808.5398820694536,1724.8194061103277,1,,0.0014006658325576016,0.0014006658325576016,0.0014006658325578236,0.0014006658325578236,0.10634669850809697,0.005338475911425999,0.00635075074539615,0.041955717428052486,0.0003936794695230672,0.0037387223120313173,0.00015851797724875105,0.0031536507092537747,0.008060182184654652,0.008081469230121208,0.002998071789966694,False,False,False
qwen,118,cap48_chunk8192_polfcfs_mem0.85,48,8192,fcfs,0.85,0,R_medium_balanced,4.625413793816405,1184.1059312169996,4884.436966270123,3700.331035053124,104.35053007677196,127.77917261701076,127.7844719355926,112.8934726002626,6.362396625655831,6.676205139899371,6.316192897365374,1723.3245447278025,1803.1627336749807,1803.603078913875,1723.522661428433,1,,0.00326796292185616,0.00326796292185616,0.00326796292185616,0.003267962921856382,0.14204125864270012,-0.03443293180467544,-0.03317175815041851,0.03945375035237786,0.0018540774411732741,0.003985591061460569,0.0011450768461594985,0.0038797670668272444,0.01083436365665258,0.010789126706371222,0.003747632551902136,False,False,False
qwen,119,cap48_chunk8192_polfcfs_mem0.9,48,8192,fcfs,0.9,0,R_medium_balanced,4.585745607327413,1173.9508754758178,4842.547361337748,3668.5964858619295,129.15428495034575,131.66982168331742,131.7757778801024,125.9050062217284,6.369074203950518,6.7036685689042015,6.326229867580183,1738.9044514857233,1832.1796744130552,1832.5315969996157,1739.093622454675,1,,-0.00533620146767777,-0.00533620146767777,-0.00533620146767777,-0.005336201467677992,-0.061892523932337795,-0.06592957901138119,-0.06544253814068113,-0.0712539773345624,0.0008064851674485229,-0.00011164238695382522,-0.00044218897607217755,-0.005125768423429822,-0.005083534441993498,-0.005077116245442159,-0.0052528912781582004,False,False,False
qwen,120,cap64_chunk-1_pollpm_mem0.75,64,-1,lpm,0.75,0,R_medium_balanced,4.530676606129788,1159.8532111692257,4784.394496073056,3624.541284903831,147.11473952047527,154.39876017626375,154.59325916599482,144.24674762994982,6.394170904897299,6.714132219991264,6.329706343411304,1758.6879862938076,1853.385467780754,1853.7226823624223,1758.3218651998322,1,,-0.017280854879129115,-0.017280854879129115,-0.017280854879129004,-0.017280854879128782,-0.2095614335761744,-0.24993110289459808,-0.24992799947742306,-0.22731340677612422,-0.003130737107990056,-0.0016727009575681073,-0.0009919655670607153,-0.016561095194327136,-0.016716451260307963,-0.016699657980292937,-0.016367443343782595,False,False,False
qwen,121,cap64_chunk-1_pollpm_mem0.8,64,-1,lpm,0.8,0,R_medium_balanced,4.544289190769747,1163.3380328370552,4798.7693854528525,3635.4313526157976,139.36234544962645,152.36311894841492,152.41883569397032,141.30966569064185,6.402664860783547,6.688297782823735,6.328029090803408,1754.637998295948,1839.72683432512,1840.0908363517372,1754.957083845511,1,,-0.014328239033149948,-0.014328239033149948,-0.014328239033149837,-0.014328239033149837,-0.14582209028162807,-0.23345162286433063,-0.23234720200237913,-0.20232344963573712,-0.004463286449548853,0.0021815053057917533,-0.0007267216057074144,-0.014220111309343642,-0.009223699440738642,-0.00922308486146961,-0.014422489868433752,False,False,False
qwen,122,cap64_chunk-1_pollpm_mem0.85,64,-1,lpm,0.85,0,R_medium_balanced,4.596146393138267,1176.6134766433963,4853.53059115401,3676.917114510613,114.77021989412606,129.41952014807612,129.591268976219,119.27855512476526,6.364919913603979,6.671079178340733,6.319987288146627,1730.7958588935437,1813.6173033853995,1813.954900461249,1730.875313602155,1,,-0.00308023569717919,-0.00308023569717919,-0.003080235697179079,-0.003080235697179301,0.056371698991651065,-0.0477123221073843,-0.04778019724171778,-0.014873279646231197,0.0014582188166528676,0.004750326635799884,0.0005450245719794689,-0.00043882006747875124,0.005099273358271206,0.005111528041356617,-0.0005024404520825865,False,False,False
qwen,123,cap64_chunk-1_pollpm_mem0.9,64,-1,lpm,0.9,0,R_medium_balanced,4.618024045104248,1182.2141555466874,4876.6333916300855,3694.419236083398,109.49373827315868,125.20951719488949,125.31187336426228,114.338126295479,6.3676640528309,6.677351245090511,6.317370484112853,1725.353620480746,1809.5576494233685,1810.065367282368,1725.2675997442566,1,,0.001665101325589724,0.001665101325589724,0.001665101325589724,0.001665101325589724,0.09975435863879922,-0.013630353907259751,-0.01318013495515924,0.027162014993211803,0.0010277125874057491,0.003814605110517677,0.0009588510073871293,0.0027069157789808562,0.007326288213720167,0.00724479591917726,0.002739001237040628,False,False,False
qwen,124,cap64_chunk-1_polfcfs_mem0.75,64,-1,fcfs,0.75,0,R_medium_balanced,4.627186876427574,1184.559840365459,4886.309341507518,3701.74950114206,104.87244301475585,127.14336707722396,127.21415811683984,112.77057151892222,6.368518470074323,6.677091577747728,6.3177914270793325,1723.6427497118711,1804.10146038048,1804.5059849973768,1723.807385424152,1,,0.0036525505628102195,0.0036525505628102195,0.0036525505628104415,0.0036525505628106636,0.13775014706864952,-0.029285784776649226,-0.02856061783037034,0.04049944564405461,0.0008936698456741832,0.0038533445454996818,0.0008922822750404569,0.0036958374501913083,0.010319403924146875,0.010293915467376902,0.0035830527867778406,False,False,False
qwen,125,cap64_chunk-1_polfcfs_mem0.8,64,-1,fcfs,0.8,0,R_medium_balanced,4.491251951786692,1149.7604996573932,4742.762061086747,3593.001561429354,147.24429766647518,180.62602344434708,180.7516813045368,155.51579164457507,6.409015632508433,6.74963728113867,6.347815508442912,1774.42689682357,1881.640215520747,1881.723970011808,1774.2087462975178,1,,-0.025832196319017897,-0.025832196319017897,-0.025832196319017897,-0.025832196319017897,-0.21062664660185693,-0.4622532230020244,-0.46142586445228684,-0.3231952829913227,-0.005459608633666679,-0.006969655103227224,-0.0038557838417643264,-0.025658538430416877,-0.032216231178113564,-0.03205734866779997,-0.025550579289217668,False,False,False
qwen,126,cap64_chunk-1_polfcfs_mem0.85,64,-1,fcfs,0.85,0,R_medium_balanced,4.478542805337867,1146.506958166494,4729.341202436787,3582.8342442702933,152.64496975578368,191.16195652168244,191.31927785929287,163.03438888280652,6.403665954027982,6.753456727692894,6.342770163809844,1780.0759230740368,1892.1399196842683,1892.6197503926232,1780.4407806543168,1,,-0.028588853352651267,-0.028588853352651156,-0.028588853352651267,-0.028588853352651267,-0.2550303868111081,-0.5475465921737932,-0.5468677193703455,-0.38716674399302264,-0.004620340025241365,-0.00753947339407679,-0.003057903313471666,-0.02892380228432989,-0.037976080999964745,-0.038033289023930106,-0.029152898609366984,False,False,False
qwen,127,cap64_chunk-1_polfcfs_mem0.9,64,-1,fcfs,0.9,0,R_medium_balanced,4.437280498275867,1135.943807558622,4685.768206179316,3549.824398620693,147.74674945510924,234.72791607491672,234.86974402330816,180.461636162363,6.408790005918812,6.743590672975223,6.341737969413254,1797.4030310288072,1933.5668210405856,1933.720182487741,1797.604818362743,1,,-0.037538787909185745,-0.037538787909185745,-0.037538787909185634,-0.037538787909185856,-0.21475775071653702,-0.9002336721145234,-0.8989849290233694,-0.5354452638267793,-0.005424211868311879,-0.0060675694528020685,-0.002894670101402319,-0.03893925924788766,-0.06070174323586186,-0.060575385342617194,-0.03907427277210429,False,False,False
qwen,128,cap64_chunk2048_pollpm_mem0.75,64,2048,lpm,0.75,0,R_medium_balanced,4.530356696741835,1159.7713143659098,4784.056671759378,3624.285357393468,131.9087753072381,169.91854994557798,170.04641252569854,135.2903800434433,6.464461184234596,6.718655025549964,6.373555142564845,1760.59938268736,1834.0304425219076,1834.3598527135327,1760.5469413974788,1,,-0.01735024431200527,-0.01735024431200527,-0.01735024431200516,-0.01735024431200527,-0.08453964491908805,-0.375571152859413,-0.37487089264569784,-0.1511087768933479,-0.014158021297273393,-0.0023474524684783393,-0.007926299210855525,-0.017665925173449892,-0.006098815081909015,-0.006079848194900261,-0.017653610029760625,False,False,False
qwen,129,cap64_chunk2048_pollpm_mem0.8,64,2048,lpm,0.8,0,R_medium_balanced,4.522871524336647,1157.8551102301817,4776.152329699499,3618.297219469318,133.65370663814247,171.9015904236585,172.1721934620291,135.93948222114705,6.471219267148306,6.727810108614172,6.382683049271103,1763.62734567374,1837.1522289235145,1837.5587640795857,1763.523659785278,1,,-0.018973803631413877,-0.018973803631413877,-0.018973803631413877,-0.018973803631413877,-0.09888628108199216,-0.3916248049031348,-0.3920584021620206,-0.15663161756846056,-0.015218243301892365,-0.003713287468437132,-0.009369803977063329,-0.019416155682574265,-0.007811341508284109,-0.007834335056781105,-0.01937425044107588,False,False,False
qwen,130,cap64_chunk2048_pollpm_mem0.85,64,2048,lpm,0.85,0,R_medium_balanced,4.49379022667436,1150.410298028636,4745.442479368125,3595.032181339488,153.53010990656912,172.52648540306836,172.71603068802506,139.77369421627373,6.477928007313727,6.877618117312736,6.4124678323209725,1774.969833903015,1858.8358868146315,1859.046634961851,1774.9529914581217,1,,-0.02528163587417931,-0.02528163587417953,-0.025281635874179198,-0.02528163587417931,-0.26230791313640767,-0.39668362577653693,-0.3964554721222353,-0.18925474331208547,-0.016270724314254803,-0.02606295050476648,-0.014080026997142614,-0.025972368237866306,-0.019706401701993892,-0.019619652884840244,-0.025980777289979162,False,False,False
qwen,131,cap64_chunk2048_pollpm_mem0.9,64,2048,lpm,0.9,0,R_medium_balanced,4.23149970838495,1083.2639253465472,4468.463692054507,3385.19976670796,194.05890651978552,288.9588789548725,333.94782724790275,195.98837936064228,6.451057531304803,7.468512471692235,6.620497845099582,1884.300898294896,2046.6922576306388,2046.9044625526292,1884.215329861036,1,,-0.08217334020768774,-0.08217334020768774,-0.08217334020768763,-0.08217334020768774,-0.595531283496088,-1.339259006036861,-1.7000578284827257,-0.6675534770372764,-0.012055228543782048,-0.11421771489405952,-0.04697829432433975,-0.0891681752389637,-0.12275925606120675,-0.12265285783923896,-0.08913797605672036,False,False,False
qwen,132,cap64_chunk2048_polfcfs_mem0.75,64,2048,fcfs,0.75,0,R_medium_balanced,4.329013907588581,1108.2275603426767,4571.438686413541,3463.2111260708643,170.17443431541324,242.2755513107404,285.48573821317405,167.52110893139616,6.459844585362018,7.305501061309055,6.564695090078292,1841.798460809514,1995.5427495297045,1995.716505823657,1841.518356901361,1,,-0.06102217917604702,-0.06102217917604702,-0.06102217917604702,-0.06102217917604713,-0.3991557433299717,-0.961335354691438,-1.3082288294405768,-0.42534168906847025,-0.01343375973172245,-0.08989825343942126,-0.038153539050983065,-0.06460081324224043,-0.0947000383409109,-0.09457812012672862,-0.06445773172579328,False,False,False
qwen,133,cap64_chunk2048_polfcfs_mem0.8,64,2048,fcfs,0.8,0,R_medium_balanced,4.28996617194706,1098.231340018447,4530.204277576095,3431.972937557648,176.73060996457934,250.26760110631585,296.2619380094111,173.12233269331043,6.478348928594999,7.373956144860417,6.597751981291153,1855.394973419607,2014.916623826139,2016.718181758188,1855.5490879225545,1,,-0.06949176566929283,-0.06949176566929294,-0.06949176566929283,-0.06949176566929272,-0.45305990849269406,-1.0260347836503754,-1.3953572975636064,-0.4729993113740081,-0.01633675931416745,-0.10011097880562758,-0.0433812195649681,-0.07245990243683198,-0.10532801458452545,-0.10609677765992487,-0.0725679523278866,False,False,False
qwen,134,cap64_chunk2048_polfcfs_mem0.85,64,2048,fcfs,0.85,0,R_medium_balanced,4.495606997164956,1150.8753912742288,4747.360989006193,3596.485597731965,146.43415505997837,174.6096700662747,174.7007916914299,147.4038279557135,6.461870762537799,6.720225136343609,6.362692057611604,1769.775221357122,1847.648432478309,1848.7400513142347,1769.8903026466724,1,,-0.0248875721837839,-0.0248875721837839,-0.0248875721837839,-0.0248875721837839,-0.20396574195212924,-0.4135479924375258,-0.41250279762536657,-0.2541752048668453,-0.013751630591616992,-0.002581695266794082,-0.006208390011041676,-0.022969765695563638,-0.013569270992167981,-0.013966865567094144,-0.023054377871546627,False,False,False
qwen,135,cap64_chunk2048_polfcfs_mem0.9,64,2048,fcfs,0.9,0,R_medium_balanced,4.217594453946167,1079.7041802102187,4453.779743367152,3374.0755631569336,168.14036364667118,348.0738872895017,387.1234678896144,190.1382151991129,6.464159309717955,7.639922438116342,6.671593646637584,1891.3666938897225,2094.778604572639,2095.076549379155,1891.3945950916968,1,,-0.085189437127137,-0.085189437127137,-0.085189437127137,-0.085189437127137,-0.3824318348888569,-1.8178230015053027,-2.1299971575763523,-0.6177777626779777,-0.014110662599656987,-0.13979014606064522,-0.05505868289828819,-0.09325236354540278,-0.14913810755586288,-0.1490735002938639,-0.09328782574692163,False,False,False
qwen,136,cap64_chunk8192_pollpm_mem0.75,64,8192,lpm,0.75,0,R_medium_balanced,4.584609086980557,1173.659926267023,4841.347195851468,3667.687269584446,117.00286087580024,152.41518698167056,152.4963861098513,127.70908005768432,6.365238233268553,6.681781384509568,6.320242811674618,1739.4767224323004,1809.3815642641855,1809.451176808216,1739.3709970347118,1,,-0.005582716591304937,-0.005582716591304715,-0.005582716591304937,-0.005582716591304937,0.038015166972785064,-0.23387313825835632,-0.23297421793246365,-0.08660381393096817,0.0014082801702653969,0.003153678341114463,0.0005046155885836123,-0.005456553863902647,0.007422883704122141,0.007581657117967433,-0.0054132228410763705,False,False,False
qwen,137,cap64_chunk8192_pollpm_mem0.8,64,8192,lpm,0.8,0,R_medium_balanced,4.590816988411655,1175.2491490333837,4847.902739762708,3672.653590729324,116.15091376006605,132.48680450487882,132.58054016623646,121.27713949303144,6.386985693711276,6.691236271723813,6.335253289024181,1736.7511433549223,1819.864625576884,1820.096685830504,1736.7667281941976,1,,-0.004236201684655216,-0.004236201684655216,-0.004236201684655105,-0.004236201684655105,0.04501978376371596,-0.07254344195972595,-0.07194925725501422,-0.031878095560964326,-0.0020035063378849305,0.0017431159478176195,-0.001869170241446172,-0.003881108035232783,0.0016721636939165396,0.0017429815248130032,-0.003907870427732885,False,False,False
qwen,138,cap64_chunk8192_pollpm_mem0.85,64,8192,lpm,0.85,0,R_medium_balanced,4.539216859034912,1162.0395159129375,4793.413003140868,3631.37348722793,145.99485346116126,147.35681121237576,147.59098649956286,139.98033353709616,6.404180679579868,6.722008613595629,6.335172167175687,1755.263148341328,1848.3758235815912,1848.5903282184156,1755.4492361668963,1,,-0.015428445015515102,-0.015428445015515102,-0.015428445015514991,-0.015428445015514991,-0.20035385184941412,-0.19292319023447346,-0.19331274527445097,-0.1910129195828123,-0.004701091232857113,-0.002847769931038524,-0.0018563414759127372,-0.014581462054754413,-0.013968297807724461,-0.013884747879395087,-0.014706969977861917,False,False,False
qwen,139,cap64_chunk8192_pollpm_mem0.9,64,8192,lpm,0.9,0,R_medium_balanced,4.537275560766949,1161.5425435563388,4791.362992169898,3629.820448613559,145.97554877400398,150.11799347121269,150.25104249361902,141.15107868565246,6.405983088245871,6.715675536086601,6.333705085767981,1756.3004784751683,1849.463717546314,1849.742943327874,1756.2458755564876,1,,-0.015849519203802287,-0.015849519203802287,-0.015849519203802176,-0.015849519203802176,-0.20019513080522233,-0.21527626860207816,-0.21482001205364787,-0.20097412314788254,-0.004983856826800359,-0.0019029462895032712,-0.0016243343933923793,-0.015181062134560053,-0.014565086608752997,-0.014516915462345459,-0.015167453553531773,False,False,False
qwen,140,cap64_chunk8192_polfcfs_mem0.75,64,8192,fcfs,0.75,0,R_medium_balanced,4.598177689871513,1177.1334886071074,4855.675640504318,3678.5421518972103,111.0578675288707,161.33735363837332,161.52798912953585,130.06693351780996,6.402666927041377,6.690691508279712,6.302730073716472,1734.5599438995123,1810.813055606559,1811.311361426488,1734.6829809830524,1,,-0.0026396405360763486,-0.0026396405360763486,-0.0026396405360763486,-0.0026396405360764597,0.08689425752993551,-0.30610230380794046,-0.30599715279631257,-0.10666544589406435,-0.004463610608344437,0.001824388501374341,0.003274113735907913,-0.002614545611687058,0.00663760680251213,0.006561413322510812,-0.002703396510026268,False,False,False
qwen,141,cap64_chunk8192_polfcfs_mem0.8,64,8192,fcfs,0.8,0,R_medium_balanced,4.612892528249837,1180.9004872319583,4871.214509831828,3690.3140225998695,108.69293985888362,131.63877360057086,131.74957872834057,116.82412697700784,6.374863526948234,6.683390725440547,6.3228244824773245,1728.9922134950757,1809.4279515789824,1809.571249992587,1729.1443700087257,1,,0.0005520578897555417,0.0005520578897555417,0.0005520578897557638,0.0005520578897555417,0.10633843635346807,-0.06567823007395512,-0.0652307109657686,0.006010051321058807,-0.00010175578082005643,0.0029135828493552784,9.634519007784004e-05,0.0006037274201360354,0.007397436895077991,0.007515801331314909,0.0004981014563387731,False,False,False
qwen,142,cap64_chunk8192_polfcfs_mem0.85,64,8192,fcfs,0.85,0,R_medium_balanced,4.526759872297646,1158.8505273081971,4780.258425146314,3621.407897838116,147.95467327348888,150.8658555103466,151.0166680207476,142.6213535887655,6.415228773018017,6.726226428815839,6.343716113855514,1760.2100435178727,1853.246926679276,1853.4846662310883,1760.2689626219217,1,,-0.01813040775120578,-0.018130407751206,-0.01813040775120578,-0.018130407751206,-0.2164672778016794,-0.22133056607390045,-0.22101029996552302,-0.2134838547701603,-0.006434338948485108,-0.003477020327864011,-0.003207497677597093,-0.017440878402436022,-0.01664045141057513,-0.016569114764943826,-0.017492929222106213,False,False,False
qwen,143,cap64_chunk8192_polfcfs_mem0.9,64,8192,fcfs,0.9,0,R_medium_balanced,4.481677693957295,1147.3094896530674,4732.651644818903,3585.3421551658357,143.43485259450972,191.7186109349132,191.89438056200743,158.7733165069949,6.404209198138001,6.7363110430283,6.342706088246048,1776.3157121371478,1887.6953312428668,1887.855165475048,1776.163369009737,1,,-0.027908885362888936,-0.027908885362888936,-0.027908885362888824,-0.027908885362888936,-0.17930580235881677,-0.5520529733381649,-0.5515175791027562,-0.3509117064271623,-0.004705565283154911,-0.004981530877452789,-0.003047770280267814,-0.026750316038926636,-0.03553790164331683,-0.035420087004983225,-0.026680415030920335,False,False,False
qwen,144,cap96_chunk-1_pollpm_mem0.75,96,-1,lpm,0.75,0,R_medium_balanced,4.634313621431561,1186.3842870864796,4893.835184231728,3707.4508971452487,100.95197171904148,125.88062568102032,125.99754568655044,110.03237578552216,6.372772742464553,6.679307873926911,6.31828662818389,1721.1416678037494,1800.4227151395753,1800.810232036747,1721.1954659724142,1,,0.005198365761435841,0.005198365761435841,0.005198365761435841,0.005198365761435841,0.16998383688243268,-0.01906329500907833,-0.01872397974320661,0.06379719335203349,0.00022625080696792033,0.0035226981853766492,0.0008139702175595787,0.005141518880613205,0.012337462698990831,0.012320901923767003,0.00509282750318385,False,False,False
qwen,145,cap96_chunk-1_pollpm_mem0.8,96,-1,lpm,0.8,0,R_medium_balanced,4.538492070813171,1161.8539701281718,4792.647626778708,3630.793656650536,146.01579611189663,148.82863336242735,148.93600274808705,140.4879801266361,6.404761334552484,6.7187152720768655,6.33398034249195,1755.7234847918153,1848.244266700931,1848.2758712256327,1755.652967462083,1,,-0.015585654042683195,-0.015585654042683195,-0.015585654042683195,-0.015585654042683417,-0.20052604005250596,-0.20483828774677515,-0.2041875627008518,-0.19533219523708834,-0.0047921855841575045,-0.0023564405698959234,-0.0016678640224481178,-0.014847546846321835,-0.013896129310037919,-0.01371227962400079,-0.014824733317848837,False,False,False
qwen,146,cap96_chunk-1_pollpm_mem0.85,96,-1,lpm,0.85,0,R_medium_balanced,4.57399548042062,1170.942842987679,4830.139227324175,3659.196384336496,121.30960263311864,148.85084761772305,148.93809121567756,130.99068895098753,6.3917769904376245,6.673207065985337,6.319559071391054,1742.4082576762885,1819.4051525788384,1819.5864690700544,1742.4782521557063,1,,-0.007884843905163419,-0.007884843905163197,-0.007884843905163197,-0.007884843905163308,0.00260560331516535,-0.20501812266636943,-0.20420444852195097,-0.11452515466635238,-0.002755174863529719,0.004432869830591546,0.0006127435953582339,-0.00715104697550295,0.001924217982753773,0.0020228169126951245,-0.007209317745909383,False,False,False
qwen,147,cap96_chunk-1_pollpm_mem0.9,96,-1,lpm,0.9,0,R_medium_balanced,4.619687238182929,1182.63993297483,4878.389723521173,3695.749790546344,106.40700347721577,133.47671017982066,133.5732669103891,116.37249935301952,6.354330052786013,6.673457562083415,6.312877377586476,1725.9662901051342,1803.7122641690075,1804.0452224202452,1726.1562306375708,1,,0.002025853553687673,0.002025853553687673,0.002025853553687895,0.002025853553687895,0.12513315737113528,-0.08055719732038513,-0.07997571946973547,0.009852693508134447,0.003119578052462546,0.0043954986417439335,0.0016693995367074166,0.002352778996780547,0.01053290629472814,0.010546627029379696,0.0022253435689029155,False,False,True
qwen,148,cap96_chunk-1_polfcfs_mem0.75,96,-1,fcfs,0.75,0,R_medium_balanced,4.619904434075112,1182.6955351232286,4878.619082383319,3695.92354726009,106.75261123105884,126.51229370385408,126.60312671214342,113.37594204815105,6.376288969106241,6.679616070023792,6.320624574608005,1725.0622515566647,1807.1473673917355,1807.467890251428,1725.1352085731924,1,,0.00207296408044666,0.00207296408044666,0.002072964080447104,0.002072964080446882,0.12229160790059235,-0.024176946877412675,-0.023620264897711296,0.0353486926544917,-0.00032538209045962496,0.0034767188083443257,0.00044424286221367293,0.002875333551137227,0.008648502850847284,0.00866941786187414,0.0028155276561900866,False,False,False
qwen,149,cap96_chunk-1_polfcfs_mem0.8,96,-1,fcfs,0.8,0,R_medium_balanced,4.621504167979051,1183.105067002637,4880.308401385878,3697.203334383241,102.96766087412834,128.4791202051565,128.54139858391136,112.68255300819874,6.378075509679084,6.690836877689934,6.326043525911576,1725.9354300331324,1806.2253362732008,1806.2410911777988,1725.8236521156505,1,,0.002419951797992592,0.002419951797992592,0.0024199517979928142,0.0024199517979928142,0.15341105925309484,-0.040099339098494724,-0.03929171329198344,0.04124834501288155,-0.0006056582651761122,0.0018027010271032262,-0.0004127205453099414,0.0023706168104442593,0.009154303842106026,0.009342272658568795,0.0024175848125144173,False,False,False
qwen,150,cap96_chunk-1_polfcfs_mem0.85,96,-1,fcfs,0.85,0,R_medium_balanced,4.481083207272771,1147.1573010618297,4732.023866880047,3584.866565818217,147.04152662307024,197.91331852320585,198.03455353248864,163.70519521296956,6.395651041256155,6.7386835635475375,6.334399289049792,1779.2199668474495,1894.7913069278,1894.9910342693329,1778.9770139206666,1,,-0.028037831544042158,-0.028037831544041936,-0.028037831544042047,-0.028037831544042047,-0.2089594850737324,-0.6022020657214502,-0.6011625258413338,-0.3928742529378444,-0.0033629439568159114,-0.005335484144787239,-0.00173411703888382,-0.028429040390282045,-0.03943055934568518,-0.03933385222540764,-0.02830679364862232,False,False,False
qwen,151,cap96_chunk-1_polfcfs_mem0.9,96,-1,fcfs,0.9,0,R_medium_balanced,4.494527143981183,1150.5989488591829,4746.220664044129,3595.6217151849464,158.29817112535238,176.6549947205931,176.82678853161633,159.39312748378143,6.390008090210019,6.737413230425148,6.334101622947035,1774.4446266442535,1875.3890219377356,1875.3901576856151,1774.5890413352754,1,,-0.02512179600725828,-0.02512179600725828,-0.02512179600725828,-0.02512179600725828,-0.30151039537557023,-0.4301058643921396,-0.42969205278232137,-0.35618532495912825,-0.0024776661426055835,-0.005145964789474267,-0.0016870435474583,-0.02566878666436856,-0.028786997774513656,-0.02858348233006658,-0.025770402236820145,False,False,False
qwen,152,cap96_chunk2048_pollpm_mem0.75,96,2048,lpm,0.75,0,R_medium_balanced,4.453515199391126,1140.0998910441283,4702.91205055703,3562.8121595129014,155.2713974379003,192.1254586195573,192.44902103673667,148.47716980148107,6.456291919355007,7.02835911127063,6.441499277328451,1790.9712055698035,1892.6418247865515,1892.6808389136568,1791.0594855202362,1,,-0.034017426093227554,-0.034017426093227554,-0.03401742609322733,-0.03401742609322744,-0.27662459037439535,-0.5553465980706225,-0.556001996229011,-0.2633076592133643,-0.012876410151406725,-0.048551804405088994,-0.01867111568667368,-0.035221519896928566,-0.03825141237777774,-0.038066793862076675,-0.03529085669872423,False,False,False
qwen,153,cap96_chunk2048_pollpm_mem0.8,96,2048,lpm,0.8,0,R_medium_balanced,4.51892046516557,1156.8436390823858,4771.980011214841,3615.136372132456,125.36870455369352,185.80183305311948,185.85952876601368,141.33492665132508,6.475369823073931,6.720922056439461,6.368105590580871,1765.1984570547938,1827.5100268656388,1827.7208297746256,1765.2018522494473,1,,-0.019830801786097974,-0.019830801786097974,-0.019830801786097862,-0.019830801786097862,-0.030767892461571744,-0.5041538535853256,-0.502724182332398,-0.20253838076052122,-0.01586939108743124,-0.0026856678744060503,-0.007064496552731336,-0.02032429329347729,-0.002521893830485844,-0.0024385849058801146,-0.020344300474579136,False,False,False
qwen,154,cap96_chunk2048_pollpm_mem0.85,96,2048,lpm,0.85,0,R_medium_balanced,4.318871337028743,1105.6310622793585,4560.728131902352,3455.0970696229942,175.8647405076772,245.24121440481397,286.2840445479378,172.8992356802337,6.473329705277495,7.283545245288634,6.559236967986377,1845.508640864864,1996.520044980571,1997.034312179312,1845.50466251676,1,,-0.06322213718152603,-0.06322213718152592,-0.06322213718152614,-0.06322213718152614,-0.44594082372257393,-0.9853438022836167,-1.314683350455041,-0.47110110597485955,-0.015549333194177395,-0.08662269364787889,-0.03729038109946492,-0.0667453805161562,-0.0952361558296424,-0.09530088911684076,-0.06676194651541567,False,False,False
qwen,155,cap96_chunk2048_pollpm_mem0.9,96,2048,lpm,0.9,0,R_medium_balanced,4.515042226529261,1155.850809991491,4767.8845912149,3612.033781223409,151.36780054308474,158.83229579776523,158.87500327080488,133.90402682125568,6.448956226528274,6.865074095663195,6.395734993937224,1764.850994106382,1860.0612230366096,1860.544783691876,1764.816450275248,1,,-0.020672004919442544,-0.020672004919442544,-0.020672004919442544,-0.020672004919442655,-0.24452964005475408,-0.28582267393298877,-0.28454704995913205,-0.13931308704886614,-0.011725571510725175,-0.02419152414096115,-0.011433863672251743,-0.020123451917332114,-0.020378587556942884,-0.020441333126395733,-0.020121525550983232,False,False,False
qwen,156,cap96_chunk2048_polfcfs_mem0.75,96,2048,fcfs,0.75,0,R_medium_balanced,4.532057489746344,1160.206717375064,4785.852709172139,3625.645991797075,140.1419087778777,161.47575923241675,161.57825929112732,137.9021737375297,6.442251795099354,6.723068838519063,6.359208584306579,1759.3211613129824,1842.3596328357237,1842.517149192281,1759.5003627357073,1,,-0.01698133653228051,-0.01698133653228051,-0.01698133653228051,-0.01698133653228051,-0.1522315754219783,-0.3072227626549673,-0.3064036005473363,-0.17333104165254332,-0.010673766461843481,-0.0030059435159310866,-0.005657506826037828,-0.01692708455455394,-0.010667980517243159,-0.010553829453746166,-0.017048653394814872,False,False,False
qwen,157,cap96_chunk2048_polfcfs_mem0.8,96,2048,fcfs,0.8,0,R_medium_balanced,4.5535618689035,1165.711838439296,4808.561333562096,3642.8494951228,122.65438470058145,157.57475409191102,157.66044144984335,126.05595661443658,6.462013493200727,6.704220842277888,6.370548473433683,1750.5540249403566,1822.8922105627132,1822.9277646401897,1750.5458173400257,1,,-0.012316963649633528,-0.012316963649633528,-0.012316963649633417,-0.012316963649633306,-0.008451049000365973,-0.27564227812190945,-0.27472699159885106,-0.0725383282386407,-0.013774022472791358,-0.00019403533719097865,-0.007450818757241073,-0.011859483125459036,1.1313581410155038e-05,0.00019023747905599908,-0.011872633810322997,False,False,False
qwen,158,cap96_chunk2048_polfcfs_mem0.85,96,2048,fcfs,0.85,0,R_medium_balanced,4.335975154459158,1110.0096395415444,4578.789763108871,3468.780123567326,166.02538828738034,243.73383447527883,282.5212221592665,165.43937430833466,6.467571399886818,7.292757557211991,6.564106365127088,1839.385023107752,1993.799792136997,1993.905123602599,1839.286497415742,1,,-0.05951226108470209,-0.05951226108470209,-0.05951226108470198,-0.05951226108470209,-0.3650427368562559,-0.9731408477025429,-1.2842599213480148,-0.4076293950014467,-0.014645958352160315,-0.08799706654730688,-0.03806043695206873,-0.06320579212854271,-0.09374389970390462,-0.09358464267611333,-0.06316764407790787,False,False,False
qwen,159,cap96_chunk2048_polfcfs_mem0.9,96,2048,fcfs,0.9,0,R_medium_balanced,4.501686907798914,1152.431848396522,4753.781374635653,3601.349526239131,144.7524440009147,175.60369241982698,176.09082963317633,143.21266187471338,6.470034330827641,6.725758883882971,6.378233058985286,1769.8668437078595,1846.927006612532,1847.2168771317229,1769.6620919159614,1,,-0.023568818915777556,-0.023568818915777556,-0.023568818915777334,-0.023568818915777445,-0.19013889600798883,-0.42159507426162257,-0.4237416275271233,-0.2185149601420706,-0.015032348044719201,-0.00340726790411372,-0.008666073933158325,-0.023022725468949012,-0.013173516542350994,-0.013131459772506515,-0.022922464618628124,False,False,False
qwen,160,cap96_chunk8192_pollpm_mem0.75,96,8192,lpm,0.75,0,R_medium_balanced,4.595970023228739,1176.5683259465573,4853.344344529549,3676.776018582991,117.02210363000631,131.4740302041173,131.59489501267672,121.27093685558066,6.368295233879311,6.677201381592336,6.319424800812175,1732.8567469958216,1816.9345495989544,1817.0134174404664,1732.7242610626854,1,,-0.003118490929627682,-0.003118490929627682,-0.00311849092962746,-0.003118490929627682,0.03785695513460141,-0.0643445542401031,-0.06398005160122389,-0.031825320852169936,0.0009286916009857427,0.003836963051957354,0.0006339774035915013,-0.0016300596066418649,0.00327952303820378,0.003434042408643534,-0.0015711924482495476,False,False,False
qwen,161,cap96_chunk8192_pollpm_mem0.8,96,8192,lpm,0.8,0,R_medium_balanced,4.59415971096966,1176.1048860082328,4851.432654783961,3675.327768775728,109.7268892917782,138.7552316300571,138.90517270192504,119.84759426559322,6.377103339478958,6.718927982957194,6.336162958348937,1735.459502087906,1816.8755130609495,1817.3374729929487,1735.569148644572,1,,-0.0035111538076704196,-0.0035111538076705306,-0.0035111538076704196,-0.0035111538076703086,0.09783741624920328,-0.12328932891531963,-0.12308560909474542,-0.019714909547725812,-0.00045314219640801845,-0.0023881746309839524,-0.002013027102412801,-0.003134510417446501,0.0033119088642817873,0.003256309691387571,-0.003215630349767462,False,False,False
qwen,162,cap96_chunk8192_pollpm_mem0.85,96,8192,lpm,0.85,0,R_medium_balanced,4.549738163872038,1164.7329699512418,4804.523501048872,3639.790531097631,127.12535122409464,160.25092860218138,160.42193702887744,137.37132199457847,6.378287217561521,6.694621670826832,6.32432052710404,1750.041038962081,1860.06206064485,1860.266076726839,1750.073056406109,1,,-0.013146338258853696,-0.013146338258853696,-0.013146338258853585,-0.013146338258853474,-0.04521085087527621,-0.29730717849638055,-0.29705442465310594,-0.16881432656648854,-0.0006388714350020752,0.0012380526347592902,-0.00014024219174135766,-0.011562965726148233,-0.020379047045858023,-0.02028847246458998,-0.011599362555936743,False,False,False
qwen,163,cap96_chunk8192_pollpm_mem0.9,96,8192,lpm,0.9,0,R_medium_balanced,4.495709366721062,1150.901597880592,4747.4690912574415,3596.56749337685,147.82958989962935,184.56312699709088,184.64740787167105,157.62035295483656,6.401035227064116,6.7414808246836655,6.3387072121258825,1774.1291150450706,1882.839038851671,1883.3372734254224,1773.9906920469366,1,,-0.02486536787934812,-0.02486536787934812,-0.02486536787934801,-0.02486536787934801,-0.21543885586724087,-0.49412594128210174,-0.4929238595190748,-0.34110179633672266,-0.004207626146046861,-0.005752803915340277,-0.00241538030032018,-0.025486413884596715,-0.032873872787964054,-0.03294218707671992,-0.02542453681340051,False,False,False
qwen,164,cap96_chunk8192_polfcfs_mem0.75,96,8192,fcfs,0.75,0,R_medium_balanced,4.592145831652076,1175.5893329029311,4849.305998224592,3673.716665321661,117.10201459936798,137.30970316100866,137.46837510261685,124.29058010457084,6.364693240646053,6.676140261412251,6.31751543796603,1735.1556746289134,1816.6860803030431,1817.1198717318475,1735.2570167859085,1,,-0.003947971072154832,-0.003947971072155054,-0.003947971072154721,-0.003947971072154721,0.037199935810945495,-0.11158709120615296,-0.11146871480940712,-0.057517745146367094,0.0014937797384280138,0.003995270199031564,0.000935927725557617,-0.0029588913327249777,0.003415826481377171,0.0033756560908477784,-0.003035207945056184,False,False,False
qwen,165,cap96_chunk8192_polfcfs_mem0.8,96,8192,fcfs,0.8,0,R_medium_balanced,4.577980328314308,1171.9629640484627,4834.347226699908,3662.3842626514456,131.84734480455518,134.99607506673783,135.1594883715734,128.98831904749386,6.365304690438743,6.699910740751554,6.323432439467961,1741.2278279662132,1834.8421176197007,1835.1424124324692,1741.463591111824,1,,-0.0070205168617756275,-0.0070205168617758495,-0.007020516861775961,-0.0070205168617758495,-0.08403456998823722,-0.0928571758087855,-0.0928007457897857,-0.09748812978876309,0.0013978542321555487,0.00044898313426966485,2.016993658759958e-07,-0.0064687321315817226,-0.00654407778594468,-0.006509053817813415,-0.00662281053614211,False,False,False
qwen,166,cap96_chunk8192_polfcfs_mem0.85,96,8192,fcfs,0.85,0,R_medium_balanced,4.58751480626838,1174.4037904047052,4844.415635419409,3670.011845014704,126.54165155254304,129.36906213872135,129.56920131109655,123.57355139101855,6.373385087970425,6.706358786836705,6.329467773264018,1737.349675502628,1828.22702114936,1828.4047697437927,1737.5878335733432,1,,-0.0049524562079823475,-0.0049524562079823475,-0.0049524562079822365,-0.0049524562079822365,-0.040411735478673716,-0.04730384061951054,-0.04760177424534362,-0.0514169562714335,0.00013018477936166395,-0.0005129925204219177,-0.0009542376239777273,-0.004227073038873375,-0.0029152172358926087,-0.002813701172917904,-0.004382496144124781,False,False,False
qwen,167,cap96_chunk8192_polfcfs_mem0.9,96,8192,fcfs,0.9,0,R_medium_balanced,4.448041750547063,1138.698688140048,4697.132088577699,3558.43340043765,169.92949810810387,198.7617692211643,198.94097794312984,176.50947166839617,6.396535848833475,6.741752491935211,6.339586945935427,1793.1770391296595,1899.3208188330757,1899.362574960105,1793.10414288193,1,,-0.035204635739050416,-0.035204635739050416,-0.035204635739050194,-0.035204635739050305,-0.39714190439708497,-0.6090706760356794,-0.6084912105225573,-0.5018185474610584,-0.003501754396892709,-0.005793333601188166,-0.002554503101191985,-0.03649654116101808,-0.04191532538617193,-0.041731483741406894,-0.036472735407252044,False,False,False
qwen,168,cap128_chunk-1_pollpm_mem0.75,128,-1,lpm,0.75,0,R_medium_balanced,4.577897717461751,1171.941815670208,4834.259989639609,3662.3181739694,116.73352005891502,146.7514457181096,146.88222128897905,128.37693231995218,6.37287264598497,6.681172600399483,6.325466152024912,1741.266884142533,1817.154176183976,1817.255365033634,1741.3708010863047,1,,-0.007038435436297896,-0.007038435436298118,-0.007038435436297785,-0.007038435436298007,0.04022965795889677,-0.18802246979449966,-0.18758218828546247,-0.09228618839482694,0.000210577736359574,0.003244502055016474,-0.0003214135256279782,-0.00649130747734139,0.003159041915411276,0.00330134292907025,-0.006569174872006034,False,False,False
qwen,169,cap128_chunk-1_pollpm_mem0.8,128,-1,lpm,0.8,0,R_medium_balanced,4.580194183791116,1172.5297110505255,4836.685058083419,3664.155347032893,122.3603889811784,135.2241081185639,135.33680336549878,124.13314756122418,6.410784001334333,6.687668718708058,6.3315046362250165,1738.6054042726755,1822.900000028312,1823.1987858191133,1738.6668297986034,1,,-0.006540324089100991,-0.006540324089101213,-0.00654032408910088,-0.00654032408910088,-0.006033848079604942,-0.09470321138342341,-0.09423438511423088,-0.056178241315002264,-0.005737033987193607,0.002275354567495169,-0.0012763510599418382,-0.00495291242806295,7.04049415534147e-06,4.1592192175365916e-05,-0.005006191189127485,False,False,False
qwen,170,cap128_chunk-1_pollpm_mem0.85,128,-1,lpm,0.85,0,R_medium_balanced,4.578485877866316,1172.092384733777,4834.88108702683,3662.7887022930527,130.754922516644,131.60410150885582,131.7398738116026,126.26631802413613,6.380070563332707,6.7070220629045485,6.329247492192057,1740.0986857246608,1831.8443985190245,1832.157516805455,1740.2244285331108,1,,-0.0069108614467559,-0.0069108614467559,-0.006910861446755789,-0.0069108614467559,-0.07505279241147367,-0.06539754306722312,-0.06515224410874754,-0.07432817364336963,-0.0009186464026367247,-0.000611945819014803,-0.0009194019505298634,-0.005816062594603988,-0.004899611279166605,-0.004871946826586315,-0.005906534109771933,False,False,False
qwen,171,cap128_chunk-1_pollpm_mem0.9,128,-1,lpm,0.9,0,R_medium_balanced,4.492229188711538,1150.0106723101535,4743.794023279384,3593.7833509692305,151.2039841618389,184.8455793224275,184.90997357293963,159.32860880275257,6.398979020213671,6.739060019654239,6.337073068339926,1775.3339947666973,1881.998241413385,1882.5248272158208,1775.2822412294336,1,,-0.025620230310659298,-0.02562023031065952,-0.025620230310659187,-0.025620230310659298,-0.24318275953422397,-0.49641252665442037,-0.495046773697148,-0.35563637225471534,-0.0038850441687723336,-0.005391647144388223,-0.0021569536511871767,-0.026182861383493572,-0.03241263436641417,-0.03249658979763992,-0.026171094407062556,False,False,False
qwen,172,cap128_chunk-1_polfcfs_mem0.75,128,-1,fcfs,0.75,0,R_medium_balanced,4.557304564407506,1166.6699684883215,4812.513620014326,3645.8436515260046,124.99624537304044,154.3954067165032,154.60340448189527,135.00273373210803,6.410178235348534,6.697183388614041,6.333978989335033,1750.224958639592,1827.3695458192376,1827.5831474456936,1750.1673760125414,1,,-0.011505160282081595,-0.011505160282081595,-0.011505160282081484,-0.011505160282081595,-0.027705573471864753,-0.24990395504929008,-0.2500100270798937,-0.14866135828521987,-0.005642000168284644,0.0008558732717487416,-0.0016676500316041842,-0.011669275424204484,-0.002444829780157809,-0.0023630711421078754,-0.01165388236777809,False,False,False
qwen,173,cap128_chunk-1_polfcfs_mem0.8,128,-1,fcfs,0.8,0,R_medium_balanced,4.605048478812798,1178.8924105760764,4862.931193626315,3684.038783050239,116.1151765845716,128.97175073157996,129.08776940312237,119.31007882230917,6.376506245749839,6.6835561155469385,6.32255227035642,1731.8660439923406,1817.325743497349,1817.804188397713,1731.5609077631962,1,,-0.001149343076851328,-0.001149343076851328,-0.001149343076851328,-0.001149343076851106,0.045313610944893834,-0.044087416570807836,-0.043709268033461424,-0.015141496831453383,-0.000359468899037374,0.002888908513320021,0.00013939333973478352,-0.001057411053811741,0.003064924791349788,0.003000333219333351,-0.0008987362602734805,False,False,False
qwen,174,cap128_chunk-1_polfcfs_mem0.85,128,-1,fcfs,0.85,0,R_medium_balanced,4.459938329219155,1141.7442122801035,4709.694875655428,3567.9506633753244,155.52732162177563,201.1561919935048,201.3241440989077,169.8118791973684,6.414421460609518,6.745048464896779,6.343976697569493,1787.5739259179682,1901.83539071586,1902.0035962341356,1787.525937077589,1,,-0.03262422741622184,-0.03262422741622195,-0.03262422741622162,-0.03262422741622173,-0.2787287712589488,-0.6284546626247609,-0.6277597486307762,-0.44483254834582775,-0.0063076861105395565,-0.006285055543878926,-0.0032487068885618253,-0.033257816073131385,-0.04329475057620802,-0.04317998812211821,-0.03324835033645668,False,False,False
qwen,175,cap128_chunk-1_polfcfs_mem0.9,128,-1,fcfs,0.9,0,R_medium_balanced,4.604864295833222,1178.8452597333048,4862.736696399882,3683.8914366665776,122.13510950095952,125.0385819002986,125.1807602122426,118.5845931759104,6.3736631598907945,6.701889135144358,6.325014451217345,1731.4596311189234,1821.5283344034103,1821.8716208357364,1731.4632782363333,1,,-0.0011892929907317829,-0.0011892929907317829,-0.0011892929907317829,-0.0011892929907316718,-0.004181624625061664,-0.012246551724860888,-0.01212004992497584,-0.008968752732341656,8.656028220654921e-05,0.0001538290339231363,-0.00024998068898685055,-0.0008224952990434353,0.000759498647469492,0.0007694940501614678,-0.0008423032063620273,False,False,False
qwen,176,cap128_chunk2048_pollpm_mem0.75,128,2048,lpm,0.75,0,R_medium_balanced,4.411471732264326,1129.3367634596675,4658.514149271129,3529.177385811461,168.2870970107615,217.19070116523653,219.003428821452,159.97195462114178,6.472951777315899,7.043303168086592,6.454232561415719,1806.2059483490884,1923.698362428695,1924.3355703540144,1805.80125778215,1,,-0.043136796921166676,-0.043136796921166676,-0.043136796921166565,-0.043136796921166676,-0.38363826069500684,-0.7582616099766435,-0.7707015114518443,-0.36111023534747666,-0.01549004307504731,-0.050781288910850986,-0.020684781783506967,-0.04402754286712596,-0.05528817741606251,-0.05542826596094241,-0.04381208235185263,False,False,False
qwen,177,cap128_chunk2048_pollpm_mem0.8,128,2048,lpm,0.8,0,R_medium_balanced,4.411647437476242,1129.381743993918,4658.699693974912,3529.317949980994,168.51420607417822,221.8102618353441,222.14655971620232,162.30345857911743,6.467627533985411,7.016202529855803,6.444677035552541,1805.7567172218116,1923.029892030172,1923.097114614211,1805.6961026450156,1,,-0.0430986858638881,-0.0430986858638881,-0.043098685863887876,-0.04309868586388799,-0.3855055267841825,-0.7956591419042589,-0.7961145684801105,-0.38094767440652544,-0.014654764785478225,-0.04673817974873451,-0.019173652499323568,-0.04376787720141451,-0.054921472883641353,-0.05474901790563069,-0.043751299249509934,False,False,False
qwen,178,cap128_chunk2048_pollpm_mem0.85,128,2048,lpm,0.85,0,R_medium_balanced,4.30869428649367,1103.0257373423794,4549.9811665373145,3446.955429194936,173.08107344433665,253.86369053740052,297.7049660170451,174.67524911626242,6.466613600359243,7.328316510435852,6.574155089408889,1850.7843939587476,2011.5614489186555,2011.694441223517,1851.0847969155293,1,,-0.06542957401075111,-0.06542957401075111,-0.06542957401075122,-0.065429574010751,-0.42305381501965367,-1.0551468310759624,-1.4070245663727534,-0.4862121926126286,-0.014495696784180723,-0.0933020607821411,-0.03964956158511779,-0.06979488411479928,-0.10348745762290279,-0.103341438184404,-0.06998744637675491,False,False,False
qwen,179,cap128_chunk2048_pollpm_mem0.9,128,2048,lpm,0.9,0,R_medium_balanced,4.488384724242972,1149.0264894062009,4739.734268800578,3590.7077793943777,162.45068842545152,170.25008879136294,170.33921719994396,146.85402967734262,6.463938657486555,6.868704347688632,6.3934300710018,1777.288818033412,1865.2437671553344,1865.435119858012,1777.1786977828017,1,,-0.026454107712300612,-0.026454107712300612,-0.026454107712300612,-0.026454107712300612,-0.3356519422717512,-0.3782551168672281,-0.3772382970376593,-0.24949728450362096,-0.014076046221893401,-0.02473311674478995,-0.011069358715080746,-0.02731279306916501,-0.023221589164805545,-0.023123505144263312,-0.02726730820995482,False,False,False
qwen,180,cap128_chunk2048_polfcfs_mem0.75,128,2048,fcfs,0.75,0,R_medium_balanced,4.52652921155676,1158.7914781585305,4780.014847403938,3621.223369245408,143.92964052967727,158.9978407137096,159.04022408649325,136.18926258641295,6.462790602452907,6.726880561487348,6.377016371641052,1762.429749825969,1847.3292829003185,1847.4846157711,1762.328437354881,1,,-0.01818043884938436,-0.01818043884938436,-0.01818043884938436,-0.01818043884938436,-0.18337389510144897,-0.2871628384468017,-0.28588290460596144,-0.15875685641146542,-0.01389593697719671,-0.003574609534985118,-0.008473664650624713,-0.01872391842610921,-0.013394194284167105,-0.013278304705501398,-0.018683372854979563,False,False,False
qwen,181,cap128_chunk2048_polfcfs_mem0.8,128,2048,fcfs,0.8,0,R_medium_balanced,4.500937667337239,1152.2400428383332,4752.990176708125,3600.750133869791,136.821327265352,160.0576287601143,160.18698108382523,132.90324533591047,6.475228657398153,6.8767762464452895,6.423521566994525,1771.1772636976093,1862.155800452456,1862.674096552655,1770.9012449195145,1,,-0.023731331716843607,-0.023731331716843607,-0.023731331716843496,-0.023731331716843607,-0.12493011434684176,-0.29574232470799267,-0.29515474276562426,-0.1307980074758519,-0.015847244724673137,-0.025937352879038755,-0.015828085911321788,-0.023780177609593833,-0.021527615297879832,-0.021609184001764037,-0.023638735510243203,False,False,False
qwen,182,cap128_chunk2048_polfcfs_mem0.85,128,2048,fcfs,0.85,0,R_medium_balanced,4.303246941602909,1101.6312170503447,4544.228770332672,3442.597553282327,172.18027566559613,257.1544977836311,298.6902869306505,171.38770179008134,6.468631989121729,7.38138007228354,6.5959253467108105,1853.3842447213829,2010.764542967081,2011.082835122943,1853.348665201338,1,,-0.06661112162043581,-0.06661112162043581,-0.0666111216204357,-0.06661112162043581,-0.41564755337539494,-1.0817874746018479,-1.4149911504594739,-0.4582403251346594,-0.014812345781712644,-0.10121854493479798,-0.04309235205046602,-0.07129765615805184,-0.10305029686754019,-0.10300599442078773,-0.07129603615616542,False,False,False
qwen,183,cap128_chunk2048_polfcfs_mem0.9,128,2048,fcfs,0.9,0,R_medium_balanced,4.553040741724045,1165.5784298813555,4808.011023260591,3642.432593379236,119.17719338089228,166.35972424410284,166.40548328869045,127.80800703330895,6.457305331623145,6.705725589292307,6.367796993650058,1751.233778661117,1819.540191325359,1819.7564374422652,1751.5962404140737,1,,-0.012429997904958578,-0.012429997904958578,-0.012429997904958578,-0.012429997904958578,0.020138040924756684,-0.34676077297698216,-0.34543300239094976,-0.08744552721373422,-0.013035396360979723,-0.0004185265978342567,-0.0070156944390811216,-0.012252396019743816,0.001850139428922537,0.001929595425177899,-0.012479812641075894,False,False,False
qwen,184,cap128_chunk8192_pollpm_mem0.75,128,8192,lpm,0.75,0,R_medium_balanced,4.622699720040769,1183.411128330437,4881.570904363052,3698.159776032616,105.9013344347477,126.71044771559536,126.83358401991428,113.14421446877532,6.370843605448803,6.675426434615956,6.320689515297429,1724.9164683744311,1805.103720515035,1805.14363150578,1724.9200408696197,1,,0.0026792711010852344,0.0026792711010852344,0.0026792711010852344,0.0026792711010854564,0.12929071339792375,-0.02578109746875179,-0.025483574095156225,0.03732033062595719,0.0005288978061449567,0.004101765095413157,0.00043397301637482233,0.0029595994997007047,0.009769591494428798,0.009944189484534793,0.00293990161359714,False,False,False
qwen,185,cap128_chunk8192_pollpm_mem0.8,128,8192,lpm,0.8,0,R_medium_balanced,4.596083161860728,1176.5972894363465,4853.463818924929,3676.8665294885823,113.2811198476702,135.11368934996426,135.23860038258135,121.58939213259146,6.368432039687154,6.67647822559172,6.324925066506052,1734.2627032194289,1814.022772014141,1814.2118990421293,1734.445284091635,1,,-0.0030939507760537888,-0.0030939507760535667,-0.0030939507760535667,-0.0030939507760536777,0.06861491807901399,-0.09380931914582735,-0.09344038763566753,-0.03453487539919253,0.0009072292233134327,0.003944849760263991,-0.0002358452183985893,-0.002442733832885624,0.004876844385735213,0.004970573640912246,-0.0025659999465175165,False,False,False
qwen,186,cap128_chunk8192_pollpm_mem0.85,128,8192,lpm,0.85,0,R_medium_balanced,4.525252851597253,1158.4647300088968,4778.6670112867,3620.2022812778023,149.3763355538249,150.1663497183472,150.30691702850163,142.7034201042261,6.416508069663656,6.734114010160899,6.344330046033742,1760.2278511039913,1852.91498398874,1853.0964792938903,1760.5075818428304,1,,-0.01845728565998561,-0.01845728565998561,-0.0184572856599855,-0.01845728565998561,-0.22815603088970748,-0.21566773532916628,-0.215271772667172,-0.2141821120017937,-0.006635037648317521,-0.004653758385896767,-0.0033045860959957096,-0.01745117158655307,-0.016458356751794856,-0.01635620830917417,-0.017630858922172976,False,False,False
qwen,187,cap128_chunk8192_pollpm_mem0.9,128,8192,lpm,0.9,0,R_medium_balanced,4.579043498485299,1172.2351356122365,4835.469934400475,3663.234798788239,125.80386945046484,134.15371719747782,134.3105023726821,125.73234952287748,6.370789262776573,6.704346383191353,6.329299541938977,1739.4974997732788,1836.1133749131116,1836.592972325161,1739.7037327173166,1,,-0.006789911640440738,-0.006789911640440738,-0.006789911640440738,-0.006789911640440627,-0.034345771048696516,-0.08603788982906568,-0.08593646608636663,-0.06978493983630929,0.0005374231967953946,-0.00021276462367958437,-0.0009276331978658181,-0.00546856363292636,-0.0072414546816117475,-0.007304633308107267,-0.005605554928694412,False,False,False
qwen,188,cap128_chunk8192_polfcfs_mem0.75,128,8192,fcfs,0.75,0,R_medium_balanced,4.582649315099533,1173.1582246654805,4839.277676745107,3666.119452079626,118.64662845619024,140.60986216645688,140.6937781488523,124.74966791342013,6.413117595309136,6.6917070347414,6.3338900302244605,1739.3522448837757,1819.6986523689704,1820.0575690949336,1739.8916256206576,1,,-0.006007797769013945,-0.006007797769013945,-0.006007797769013834,-0.006007797769013945,0.024500288195286046,-0.13830344165286834,-0.13754696426762325,-0.06142386179680037,-0.006103133029410568,0.0016728834221707567,-0.0016535818663347968,-0.005384603049408021,0.0017632120451028799,0.0017644356355351887,-0.005714163161106622,False,False,False
qwen,189,cap128_chunk8192_polfcfs_mem0.8,128,8192,fcfs,0.8,0,R_medium_balanced,4.614095673045886,1181.208492299747,4872.485030736456,3691.276538436709,102.33867075294256,127.0109893521294,127.09381456952542,111.4741170895286,6.38483111728348,6.691299903882193,6.331361475852592,1726.2803388293833,1805.299049243331,1805.621446296573,1725.9712934319396,1,,0.000813024082714664,0.000813024082714664,0.000813024082714664,0.000813024082714664,0.15858254781478875,-0.028214124384187356,-0.027587607945229076,0.05153023787065669,-0.0016654919381577926,0.0017336227484191502,-0.001253711402616542,0.0021712517915258855,0.00966243950963419,0.009682125401811237,0.002332243311542026,False,False,False
qwen,190,cap128_chunk8192_polfcfs_mem0.85,128,8192,fcfs,0.85,0,R_medium_balanced,4.476580308614088,1146.0045590052066,4727.268805896478,3581.264246891271,157.00229769572616,192.07957212347537,192.2295145923272,166.32099493290298,6.395594593977519,6.734440945928879,6.334528060830837,1781.5906484611332,1889.8970547597853,1890.7025506254288,1781.6256504447665,1,,-0.029014525558009097,-0.029014525558009097,-0.029014525558008875,-0.029014525558008875,-0.2908558645761339,-0.5549751251482351,-0.5542272277015001,-0.41513060268897695,-0.0033540883911657993,-0.004702533510220208,-0.001754481256625251,-0.02979934752625213,-0.036745706797556066,-0.0369817744871912,-0.029837792031583543,False,False,False
qwen,191,cap128_chunk8192_polfcfs_mem0.9,128,8192,fcfs,0.9,0,R_medium_balanced,4.4688677503716105,1144.0301440951323,4719.124344392421,3575.094200297289,153.64514430984855,202.28585647419092,202.444972936064,168.66636872873642,6.403057478076102,6.740533371967281,6.335824164767367,1784.322811756283,1898.491147905588,1898.7214233726263,1784.3015307444148,1,,-0.030687405637882414,-0.030687405637882414,-0.030687405637882192,-0.030687405637882192,-0.26325371352455895,-0.6375998317221871,-0.6368219506552455,-0.4350860522975346,-0.0045248810612568136,-0.005611454670142901,-0.001959449632189525,-0.03137859918044694,-0.041460190663377805,-0.04137983534981893,-0.03138453820625986,False,False,False
qwen,0,cap8_chunk-1_pollpm_mem0.75,8,-1,lpm,0.75,0,R_long_prefill,9.144304300177822,292.6177376056903,36869.83493831698,36577.21720071129,236.94036598317325,237.3467776691541,237.3827420128509,202.09376071579757,6.1162229206773535,9.983513646218324,7.250122617058937,426.6282257158309,427.5899186963216,427.7155878441408,426.8475618446246,1,,-0.007655874244840821,-0.007655874244840821,-0.007655874244841043,-0.007655874244841043,-0.004237598720189473,-0.004798803771755233,-0.004861813972426354,-0.012167018550574893,-0.00026766188687687986,0.013121569614425344,0.00565616911605471,-0.002176470514206219,-0.003753022079343138,-0.003974939872374295,-0.0027034367548273153,False,False,False
qwen,1,cap8_chunk-1_pollpm_mem0.8,8,-1,lpm,0.8,0,R_long_prefill,8.793090587802016,281.3788988096645,35453.74125001773,35172.36235120807,214.5370538346469,250.05036992952228,255.04061399027705,196.5179566759616,7.490101210292309,10.627314847172988,8.074693607106324,446.8141419347376,447.25529386196285,447.2847139509395,446.83345849625766,1,,-0.04576974851234694,-0.04576974851234694,-0.04576974851234705,-0.045769748512347164,0.09071561156147556,-0.05857899169836367,-0.07960912338369242,0.01575885571211244,-0.2249563369553289,-0.05051870185644636,-0.10743254956993198,-0.04959445425500575,-0.04991683205180264,-0.04990946450697198,-0.049652111294788526,False,False,False
qwen,2,cap8_chunk-1_pollpm_mem0.85,8,-1,lpm,0.85,0,R_long_prefill,8.900083408093135,284.8026690589803,35885.13630143152,35600.333632372545,174.6825932059437,238.5477245552465,247.5473390659317,174.73775905091316,8.58892920997835,10.65168722247284,8.58729564013981,440.93939871527255,441.2404995411634,441.2673985213041,440.9439238952473,1,,-0.03415883824202659,-0.03415883824202659,-0.0341588382420267,-0.0341588382420267,0.2596330000105994,-0.009882967990833658,-0.0478894382489401,0.12484286511203435,-0.40466236276840784,-0.052927930944824064,-0.17773517701048402,-0.03579431382833276,-0.035797303707693295,-0.03578504615899547,-0.035817063110844094,False,False,False
qwen,3,cap8_chunk-1_pollpm_mem0.9,8,-1,lpm,0.9,0,R_long_prefill,9.126644713055107,292.05263081776343,36798.63148303819,36506.57885222042,240.2685133274645,240.547564974986,240.572117860429,205.87967918254435,6.108144643686471,9.91260762506675,7.224893741940538,429.671473801136,430.3753002081066,430.4737720359117,429.85138518270105,1,,-0.009572300795097521,-0.009572300795097521,-0.009572300795097743,-0.009572300795098188,-0.018343471661465216,-0.018349218433423076,-0.01836271960887581,-0.031128424352466766,0.0010534866949427624,0.020130687379838363,0.009116272849348128,-0.009325251211762753,-0.010291611947463197,-0.010449213634637022,-0.009759688807615019,False,False,False
qwen,4,cap8_chunk-1_polfcfs_mem0.75,8,-1,fcfs,0.75,0,R_long_prefill,8.308351370395327,265.86724385265046,33499.272725433955,33233.40548158131,228.72315836139023,274.61196295917034,281.069415807724,209.18547885958105,7.891625661643282,11.534473334529224,8.5241055799528,473.363553872332,474.01947090402246,474.0662573464215,473.4327518381178,1,,-0.09837387225168126,-0.09837387225168126,-0.09837387225168148,-0.0983738722516816,0.030589851706179116,-0.16255958725260644,-0.1897913075982154,-0.0476852017174898,-0.29062299583158335,-0.1401920549301099,-0.16906875164930457,-0.11196068870937714,-0.11274484182186795,-0.11277366488763807,-0.1121362513795372,False,False,False
qwen,5,cap8_chunk-1_polfcfs_mem0.8,8,-1,fcfs,0.8,0,R_long_prefill,8.739154083670085,279.6529306774427,35236.26926535778,34956.616334680344,216.09294298104945,251.8027377082035,256.8222971400246,197.74050917476416,7.49667067711632,10.686130042848806,8.096103207208216,448.6007713712752,449.3012792663649,449.3850181112066,448.71970859821886,1,,-0.05162296285015611,-0.05162296285015611,-0.05162296285015622,-0.05162296285015622,0.08412119961408693,-0.06599757586908073,-0.0871511432735903,0.009635819981807514,-0.2260307296491728,-0.056332631706019765,-0.11036884525863089,-0.0537913589014849,-0.054719714306511014,-0.05483949933138965,-0.0540830829785488,False,False,False
qwen,6,cap8_chunk-1_polfcfs_mem0.85,8,-1,fcfs,0.85,0,R_long_prefill,7.435226264690311,237.92724047008997,29978.832299231333,29740.905058761244,257.9980855807662,328.0675093177706,337.9354737419635,241.9125159503892,8.742007922621504,12.789921615002374,9.266055361818404,529.0997338015586,529.7766978852451,529.8295937292278,529.1602321667597,1,,-0.193125811956802,-0.1931258119568019,-0.19312581195680212,-0.19312581195680223,-0.09348770887116142,-0.38886166543358036,-0.43051028171035854,-0.21159539588118315,-0.42969737015222353,-0.26429413685924374,-0.27082609113041656,-0.24288847246699174,-0.24363306588431133,-0.24366670195041595,-0.24304513090022262,False,False,False
qwen,7,cap8_chunk-1_polfcfs_mem0.9,8,-1,fcfs,0.9,0,R_long_prefill,8.8194923608569,282.2237555474208,35560.19319897502,35277.9694434276,173.91450726427138,239.1956496518105,248.3905369695276,173.45461272634566,8.613098495369478,10.7958794038202,8.634498504350983,440.9205606207252,441.7426074622199,441.858368194662,441.1240663612261,1,,-0.04290461590734107,-0.04290461590734107,-0.04290461590734118,-0.04290461590734129,0.2628884215951619,-0.012625934920297066,-0.0514587683854133,0.13126937914740844,-0.4086150889690714,-0.06718144515280611,-0.18420898156628507,-0.03575006196226593,-0.036975985246086696,-0.03717222670405462,-0.03624023401748322,False,False,False
qwen,8,cap8_chunk2048_pollpm_mem0.75,8,2048,lpm,0.75,0,R_long_prefill,6.221803988906701,199.09772764501443,25086.31368327182,24887.215955626805,254.7975080087781,423.766024201177,442.1596761373803,261.259417864494,12.234209608587046,17.00130697159517,12.033619347118565,634.1065224260092,634.8436982836574,634.9460304807872,634.3016176251695,1,,-0.3248069577177656,-0.3248069577177656,-0.3248069577177657,-0.3248069577177657,-0.07992252202731542,-0.7939977882909881,-0.8717004044245789,-0.30849247948847114,-1.0008237761974934,-0.6805929989374659,-0.6503934889127361,-0.48955600747856054,-0.4902743325733363,-0.4904060569483957,-0.4900317321325547,False,False,False
qwen,9,cap8_chunk2048_pollpm_mem0.8,8,2048,lpm,0.8,0,R_long_prefill,7.554333029832102,241.7386569546273,30459.070776283035,30217.332119328406,233.64471038803455,320.7443851279095,327.37371309194714,227.37564204726368,9.167789691878903,12.689890642650424,9.37982764275324,518.2544230483472,518.801377271302,518.8493734458461,518.1502989726141,1,,-0.1802002907967224,-0.18020029079672228,-0.1802002907967224,-0.18020029079672262,0.009730562624280958,-0.3578594900591945,-0.38580142935013306,-0.13878887149637542,-0.49933115236269776,-0.2544059940186687,-0.2864297949087451,-0.21741215703088468,-0.21786886810312134,-0.21789287861524542,-0.21718180441312107,False,False,False
qwen,10,cap8_chunk2048_pollpm_mem0.85,8,2048,lpm,0.85,0,R_long_prefill,7.770693712587229,248.66219880279127,31331.437049151704,31082.774850348917,213.86347897350788,306.481427885592,314.21063493937254,211.29845071118325,9.406315027585912,12.70289430995622,9.497336175803456,505.7196409907192,506.3141575781629,506.3748436188325,505.7158721610904,1,,-0.15672072958261762,-0.15672072958261785,-0.15672072958261785,-0.15672072958261785,0.09357046155000215,-0.29747778816263315,-0.3300809735255017,-0.058267816498581926,-0.5383403877916131,-0.25569141709062104,-0.30254592026085736,-0.18796716749672804,-0.18855553783899293,-0.18861146898475045,-0.18797221388831975,False,False,False
qwen,11,cap8_chunk2048_pollpm_mem0.9,8,2048,lpm,0.9,0,R_long_prefill,7.633908523926575,244.2850727656504,30779.91916847195,30535.6340957063,203.71311507187784,309.9063745699823,320.1316542737186,207.3077826062217,9.93435747260528,12.983104232097826,9.820307909150518,511.6781967226416,512.3054260853678,512.3528139013797,511.7373277898878,1,,-0.17156472142736323,-0.17156472142736323,-0.17156472142736323,-0.17156472142736345,0.13659131630563692,-0.3119771732617409,-0.35514516386396644,-0.03828094197302878,-0.6246982247616983,-0.283390395420392,-0.34684102636677583,-0.201964188773885,-0.20261984012313228,-0.20264353264001822,-0.20211715646962403,False,False,False
qwen,12,cap8_chunk2048_polfcfs_mem0.75,8,2048,fcfs,0.75,0,R_long_prefill,3.6276964201325206,116.08628544424066,14626.871965974324,14510.785680530083,203.51064391434195,804.7510091913862,884.6343913068994,352.164956741035,28.70584993563112,31.80674369176549,23.91044628025303,1093.3919919189066,1093.703996692784,1093.7195428321138,1093.388791428879,1,,-0.6063207091138118,-0.6063207091138118,-0.6063207091138119,-0.6063207091138119,0.13744946113127787,-2.406883629558987,-2.7447343965001503,-0.76378406260566,-3.6946512202026405,-2.1441224405092947,-2.2792831250206023,-1.5684463926670906,-1.5674335243631217,-1.5672831279935648,-1.568468926323681,False,False,False
qwen,13,cap8_chunk2048_polfcfs_mem0.8,8,2048,fcfs,0.8,0,R_long_prefill,7.465503027086374,238.896096866764,30100.90820521226,29862.01210834549,206.61658444441852,320.7072490360588,332.0451312791556,212.44090143591168,10.280720146012404,13.348779419527176,10.09375853989754,525.318908970803,526.1407596291974,526.2402551108971,525.3474161727354,1,,-0.189840163718911,-0.18984016371891088,-0.1898401637189111,-0.18984016371891144,0.12428537975261866,-0.35770227578801395,-0.4055759492399065,-0.0639896702549454,-0.6813435409947868,-0.3195376846203146,-0.38434438487479006,-0.2340070777159493,-0.2350978225284135,-0.23524146301609572,-0.23408848210410382,False,False,False
qwen,14,cap8_chunk2048_polfcfs_mem0.85,8,2048,fcfs,0.85,0,R_long_prefill,7.557960812436751,241.85474599797604,30473.69799574498,30231.84324974701,198.44158552587032,314.43883148022,326.19801656343043,205.54725546389815,10.336618247111478,13.33007294038731,10.115208055433486,518.8767511863261,519.8403250426054,519.9742665141821,519.1187051823363,1,,-0.17980660215305255,-0.17980660215305255,-0.17980660215305266,-0.17980660215305266,0.1589339346724925,-0.33116516193501533,-0.3808246035863525,-0.02946351236802025,-0.6904853044026016,-0.3176885339679705,-0.38728615490753904,-0.21887404487427564,-0.22030776322115364,-0.22053333522412855,-0.21945667797797586,False,False,False
qwen,15,cap8_chunk2048_polfcfs_mem0.9,8,2048,fcfs,0.9,0,R_long_prefill,6.4828858521513855,207.45234726884436,26138.995755874384,25931.543408605543,245.969952782616,397.3762811860069,413.9210632024333,251.49678927846253,11.608227456529294,15.912592537971513,11.436371662233386,605.8250039350241,606.6469226730987,606.7621650686488,606.0243108076975,1,,-0.2964742333434207,-0.2964742333434206,-0.29647423334342093,-0.29647423334342093,-0.042508201229311426,-0.6822777873965624,-0.752163897358956,-0.2595973001710046,-0.8984485502218553,-0.5729726931546797,-0.5684818327459877,-0.42312094605119865,-0.4240833456148898,-0.4242501921945636,-0.4236057869883001,False,False,False
qwen,16,cap8_chunk8192_pollpm_mem0.75,8,8192,lpm,0.75,0,R_long_prefill,8.18265713632414,261.8450283623725,32992.473573658935,32730.62854529656,260.2887649554759,288.43022568617016,288.45693294424564,227.18261915724725,7.04413108647831,11.61429791546036,8.12029468661715,478.7681088782847,479.6470522647724,479.7629462135956,478.9117544423789,1,,-0.11201426858225949,-0.11201426858225949,-0.11201426858225949,-0.11201426858225971,-0.10319642331984147,-0.22105869136788292,-0.22106331080961827,-0.13782213505479524,-0.1520208833585155,-0.14808277957146365,-0.11368667167078428,-0.12465632752107947,-0.1259554007028456,-0.12614547789945862,-0.12500692286127113,False,False,False
qwen,17,cap8_chunk8192_pollpm_mem0.8,8,8192,lpm,0.8,0,R_long_prefill,7.492787199274423,239.76919037678155,30210.917987474477,29971.14879709769,289.9249454494566,334.764912747778,334.7878407733515,255.6181228719652,7.536590324654695,12.766429141253951,8.644821137310036,523.5592455137521,524.201084766537,524.2502311058342,523.6075781285763,1,,-0.18687927275245708,-0.18687927275245697,-0.18687927275245708,-0.18687927275245741,-0.2288051038459229,-0.41721487511662403,-0.4171860773147935,-0.2802386001350061,-0.232559323035062,-0.2619718867536909,-0.18562471574671968,-0.2298735178472342,-0.23054450071207389,-0.23057028832055093,-0.23000144555471813,False,False,False
qwen,18,cap8_chunk8192_pollpm_mem0.85,8,8192,lpm,0.85,0,R_long_prefill,8.947302309847423,286.31367391511753,36075.52291330481,35789.2092393897,172.96599363908172,236.31765164900568,245.2450808743015,172.6155315991491,8.564327077399339,10.65189727251568,8.574468857278266,438.4601330384612,438.6518767802045,438.6693951254711,438.42406617477536,1,,-0.02903462121661915,-0.02903462121661915,-0.02903462121661926,-0.029034621216619372,0.2669085599171458,-0.00044203683297272534,-0.038143778884414115,0.1354718356697101,-0.40063884728321475,-0.05294869456211626,-0.17597600229274124,-0.0299703631947692,-0.02972059842133401,-0.029686764082659023,-0.029897689961490004,False,False,False
qwen,19,cap8_chunk8192_pollpm_mem0.9,8,8192,lpm,0.9,0,R_long_prefill,8.87969997169463,284.15039909422813,35802.95028587274,35518.79988677852,199.87535499967635,244.3816772662103,250.6233691982925,187.29630287270996,7.810414618542117,10.647187741743698,8.220054941522257,441.998208174482,442.75137681979686,442.8138544643298,442.1180060598999,1,,-0.03637085817364327,-0.03637085817364327,-0.03637085817364338,-0.03637085817364338,0.1528571093602723,-0.03458079099396949,-0.060910541604762614,0.06194461524809791,-0.27734146877547006,-0.052483153621240675,-0.12736864634510248,-0.03828152368182325,-0.03934403754801208,-0.03941503547091241,-0.03857508805174392,False,False,False
qwen,20,cap8_chunk8192_polfcfs_mem0.75,8,8192,fcfs,0.75,0,R_long_prefill,8.880552483660496,284.1776794771359,35806.38761411912,35522.209934641985,199.29385208524764,243.0172993103042,249.15676940698177,186.584786279127,7.810810971404276,10.617742978877596,8.218734502612103,441.39189342968166,441.6231328155845,441.6320365201682,441.3655558601022,1,,-0.03627834318139311,-0.03627834318139311,-0.036278343181393224,-0.036278343181393335,0.1553217256699987,-0.028804747386173002,-0.05470229700293605,0.06550817716423685,-0.2774062896552607,-0.04957251490323955,-0.12718755005836102,-0.03685725230375114,-0.036695522512101286,-0.036640959348481994,-0.03680751463967247,False,False,False
qwen,21,cap8_chunk8192_polfcfs_mem0.8,8,8192,fcfs,0.8,0,R_long_prefill,9.016939082017345,288.54205062455503,36356.29837869393,36067.75632806938,192.36910599283877,236.83180515654385,243.08704593218863,180.68914930336177,7.8189612306173775,10.542398405772062,8.191879436884435,434.75690414197743,435.0553277647123,435.0732678873465,434.6374118467793,1,,-0.021477606540496796,-0.021477606540496796,-0.02147760654049713,-0.02147760654049713,0.18467126414450896,-0.0026186866885251625,-0.029008629091469063,0.09503590369612458,-0.2787392104517379,-0.042124642673142976,-0.123504416635009,-0.021271246162000823,-0.02127781998922451,-0.02124559025060968,-0.021002497279409393,False,False,False
qwen,22,cap8_chunk8192_polfcfs_mem0.85,8,8192,fcfs,0.85,0,R_long_prefill,8.771467990061101,280.68697568195523,35366.55893592636,35085.8719602444,204.4220850802958,248.85809726547447,255.10747791733596,193.3016248513013,7.843815113207506,10.503636976523744,8.20187725607426,447.5803535897285,447.84012415912,447.850944804959,447.55981978960335,1,,-0.048116242805121834,-0.048116242805121834,-0.048116242805121834,-0.048116242805122056,0.1335864490857186,-0.053531549477450424,-0.07989216420824441,0.03186754200754882,-0.28280389798024363,-0.038293043918272485,-0.12487560307678103,-0.051394333507666756,-0.05128970159925328,-0.051238575728949076,-0.0513583995116309,False,False,False
qwen,23,cap8_chunk8192_polfcfs_mem0.9,8,8192,fcfs,0.9,0,R_long_prefill,7.55278676666629,241.68917653332127,30452.83624319848,30211.14706666516,291.604837635532,332.6450959313661,332.67038726247847,255.54331962484864,7.385451692126452,12.683200706998186,8.5506534181355,520.553840091452,521.1346400203183,521.176569708623,520.6135755870491,1,,-0.1803680919895846,-0.1803680919895846,-0.1803680919895847,-0.1803680919895848,-0.2359250848084451,-0.40824070903666554,-0.40822271225339013,-0.2798639553199276,-0.2078416028766441,-0.253744688447322,-0.17270974925921578,-0.22281363193947157,-0.22334612430871847,-0.2233554962854809,-0.2229682634391441,False,False,False
qwen,24,cap16_chunk-1_pollpm_mem0.75,16,-1,lpm,0.75,0,R_long_prefill,9.029943161057767,288.95818115384856,36408.73082538492,36119.77264423107,244.75605390034616,245.21482985001057,245.2622150396928,211.53143781702963,6.112276035691461,9.789811393185968,7.19297330285753,434.557180153206,434.91231659427285,434.9353283829987,434.5136102056131,1,,-0.02006639787737652,-0.02006639787737652,-0.02006639787737663,-0.02006639787737685,-0.037363265736528595,-0.038107911639057024,-0.03821630929825126,-0.05943470984278987,0.00037782495488436485,0.032269194609872875,0.013494114902200538,-0.020802081980919818,-0.02094210605341118,-0.02092180545173994,-0.02071167605382529,False,False,True
qwen,25,cap16_chunk-1_pollpm_mem0.8,16,-1,lpm,0.8,0,R_long_prefill,8.884441725713325,284.3021352228264,35822.06903807612,35537.7669028533,177.5500786025077,240.6551922671497,249.5481720380485,175.99198105745018,8.527584464078949,10.758923412480902,8.584181181034975,441.9051969889552,442.6740590715781,442.7795718656853,442.1015976695344,1,,-0.03585628083765746,-0.03585628083765746,-0.035856280837657684,-0.035856280837657795,0.24747957635455953,-0.018804854593649445,-0.05635913841656337,0.11856121572087697,-0.3946298367559251,-0.06352831540122983,-0.1773080334487811,-0.038063034571138576,-0.039162536722006536,-0.03933456407615643,-0.03853654326226441,False,False,False
qwen,26,cap16_chunk-1_pollpm_mem0.85,16,-1,lpm,0.85,0,R_long_prefill,9.14788021777948,292.7321669689434,36884.25303808687,36591.52087111792,239.67198748141527,240.0391913717613,240.07023967336863,205.0767272012308,6.10004955782525,9.93747052496239,7.226786035443506,429.0501701179892,429.7936729853973,429.89534183871,429.1070942999795,1,,-0.007267814015248342,-0.007267814015248342,-0.007267814015248342,-0.007267814015248675,-0.015815182820831275,-0.016197037588982166,-0.01623822554849741,-0.02710691715656499,0.0023773842559361436,0.017672969536868588,0.00885674753229071,-0.007865769877050788,-0.008926261510067368,-0.00909146694744467,-0.008011282367561767,False,False,False
qwen,27,cap16_chunk-1_pollpm_mem0.9,16,-1,lpm,0.9,0,R_long_prefill,8.841954186106191,282.9425339553981,35650.75927838017,35367.81674442477,178.52571699768305,241.68844891246405,250.58375522028652,178.21152519900352,8.513855394877254,10.624367498882837,8.535502489746339,442.9777369368821,443.6964191030711,443.7423151638359,442.81210238114,1,,-0.04046704825777814,-0.04046704825777814,-0.04046704825777814,-0.04046704825777836,0.24334447360360112,-0.023179108381279345,-0.060742852186988605,0.10744484395194964,-0.3923845386154934,-0.0502273540847642,-0.17063182134383403,-0.04058249820413051,-0.04156249267605028,-0.041594407234422315,-0.04020558293787757,False,False,False
qwen,28,cap16_chunk-1_polfcfs_mem0.75,16,-1,fcfs,0.75,0,R_long_prefill,8.500756496393638,272.0242078845964,34275.050193459145,34003.025985574546,224.71679514274,269.4466261658817,269.4850109238177,209.1530986363068,7.5908303110589905,10.765668930065248,8.096589811987455,460.1924712769687,460.8061328297481,460.878279726021,460.1473828079179,1,,-0.07749397912018385,-0.07749397912018385,-0.07749397912018408,-0.0774939791201843,0.0475702449017561,-0.1406923250047516,-0.1407535131624138,-0.04752302850672163,-0.24142991279038006,-0.06419511529169708,-0.11043558240031381,-0.08102098928811952,-0.08172697296226938,-0.08181758235340841,-0.08092772080349375,False,False,False
qwen,29,cap16_chunk-1_polfcfs_mem0.8,16,-1,fcfs,0.8,0,R_long_prefill,8.485949959062685,271.5503986900059,34215.35023494075,33943.79983625074,272.6467999164015,273.02937689237297,273.06993066333234,232.7074587810785,6.140522253248961,10.557876538575414,7.437325863828582,463.17196381278336,463.8439243193716,463.89390180818737,463.2645605597645,1,,-0.07910079138941906,-0.07910079138941906,-0.07910079138941906,-0.07910079138941917,-0.1555741737405587,-0.15585976767890042,-0.1559287905302993,-0.1654927589781503,-0.0042416564407119495,-0.043654668668756,-0.020018485421354093,-0.08802000419965306,-0.08885808680483409,-0.08889613895659676,-0.08825025260207053,False,False,False
qwen,30,cap16_chunk-1_polfcfs_mem0.85,16,-1,fcfs,0.85,0,R_long_prefill,8.993301946051766,287.7856622736565,36260.99344648072,35973.20778420706,171.6190781444311,233.6302527459338,242.3622555518523,171.42041737679392,8.517679660731266,10.558037024231687,8.528297042263853,435.7675036881119,436.2794511020184,436.3179951161146,435.7976256869733,1,,-0.024042719451783268,-0.024042719451783268,-0.02404271945178338,-0.02404271945178371,0.2726172671541516,0.010934967015919561,-0.025940528309757127,0.14145744945107652,-0.3930099719121274,-0.043670532806190376,-0.16964360464304207,-0.023645207904801513,-0.02415140855035136,-0.024167333063301877,-0.02372794427483238,False,False,False
qwen,31,cap16_chunk-1_polfcfs_mem0.9,16,-1,fcfs,0.9,0,R_long_prefill,7.459339898447652,238.69887675032487,30076.05847054093,29837.359593790607,255.9464501682669,326.1955945054069,336.0897285165265,239.577942295,8.759196404547943,12.83420595535708,9.285230628935802,527.4815387092531,527.9544722056016,527.9978372110054,527.4200917920098,1,,-0.1905089892850933,-0.1905089892850933,-0.1905089892850934,-0.19050898928509352,-0.08479214781068811,-0.3809369833178302,-0.4226970814766904,-0.1999029099380618,-0.4325084322817314,-0.26867167986149787,-0.2734559512818673,-0.2390872306633367,-0.2393554520939083,-0.23936702783867103,-0.23895738414900025,False,False,False
qwen,32,cap16_chunk2048_pollpm_mem0.75,16,2048,lpm,0.75,0,R_long_prefill,7.091592750572944,226.9309680183342,28593.30197031011,28366.371002291777,275.45061497949064,356.10102489590645,361.7638476192951,260.7373803621158,8.92527777731659,13.15310747933484,9.403979939018043,552.3083792068064,552.6300377910957,552.6489765895531,552.2607584716752,1,,-0.23041707960855118,-0.23041707960855118,-0.23041707960855118,-0.2304170796085513,-0.16745773986289736,-0.5075405166699436,-0.5313778628805699,-0.3058779052409424,-0.45966993842314907,-0.300195354449748,-0.2897422474093527,-0.2974070367242463,-0.29728051637856767,-0.2972305401322224,-0.2973103515253215,False,False,False
qwen,33,cap16_chunk2048_pollpm_mem0.8,16,2048,lpm,0.8,0,R_long_prefill,8.164843068349375,261.27497818718,32920.64725158468,32659.3722733975,196.99738454073668,279.98453837353736,287.0877275103703,194.29602194577456,9.072296148646744,12.083880018983637,9.171959414567436,478.58278756029904,479.42587847355753,479.52960044611245,478.62676379736513,1,,-0.11394745946592433,-0.11394745946592433,-0.11394745946592433,-0.11394745946592455,0.1650549724423208,-0.18530418653701064,-0.21526734500216982,0.026887200512574205,-0.4837138172110962,-0.19450135179806116,-0.257920968058424,-0.12422099611735371,-0.125436202630979,-0.12559774639390553,-0.12433745412174413,False,False,False
qwen,34,cap16_chunk2048_pollpm_mem0.85,16,2048,lpm,0.85,0,R_long_prefill,6.481159063760517,207.3970900403365,26132.033345082404,25924.636255042067,247.23300314508376,399.9289233470335,417.02740259934217,253.56919562909752,11.643896870795755,15.89067706673015,11.44343173326624,608.1938061397523,608.7092347908765,608.7734796199948,608.315579360351,1,,-0.29666162521707784,-0.29666162521707795,-0.29666162521707795,-0.29666162521707806,-0.04786145818831078,-0.6930843035626768,-0.765313302470398,-0.2699767465711205,-0.9042820461672969,-0.5708063310274514,-0.5694501112769745,-0.42868541105793234,-0.4289245542827689,-0.42897134209683907,-0.4289881835571019,False,False,False
qwen,35,cap16_chunk2048_pollpm_mem0.9,16,2048,lpm,0.9,0,R_long_prefill,7.832955943688034,250.65459019801708,31582.47836495015,31331.82377475213,193.8940540421754,300.34235229250044,310.3454089118168,198.42096453066915,9.946949704880677,12.90470627887595,9.803156150625115,502.2494948934764,502.8831460978836,502.928370712325,502.3188052000478,1,,-0.14996400350908878,-0.14996400350908878,-0.1499640035090889,-0.14996400350908912,0.1782079915785013,-0.27148823872454764,-0.31371913523629336,0.006227825264881637,-0.6267576007686559,-0.27564069408649816,-0.34448868749206274,-0.1798155765838947,-0.18050135323001193,-0.1805215781146905,-0.17999219708324876,False,False,False
qwen,36,cap16_chunk2048_polfcfs_mem0.75,16,2048,fcfs,0.75,0,R_long_prefill,7.244846293591785,231.8350813949371,29211.22025576208,28979.385174367137,207.94065785594285,337.9898580256849,351.0271326918155,216.8753771111369,10.82877693096957,14.067948257340298,10.541602480976332,543.6327427159995,544.3758991314098,544.4409390678629,543.6650540214032,1,,-0.21378593434330062,-0.21378593434330062,-0.21378593434330062,-0.21378593434330084,0.11867348539345801,-0.4308675616594646,-0.4859284138319617,-0.086199311993167,-0.7709745904153382,-0.3906281081919869,-0.4457655336651114,-0.27702742226429633,-0.27790420215305445,-0.277963849341631,-0.2771182661907592,False,False,False
qwen,37,cap16_chunk2048_polfcfs_mem0.8,16,2048,fcfs,0.8,0,R_long_prefill,7.0326632764599655,225.0452248467189,28355.69833068658,28130.65310583986,212.5124104786664,349.3915644474327,363.9635815657675,224.65942578855905,11.115654642062802,14.216292585666862,10.721645896292983,557.0977043826133,557.6381787192076,557.6953219529241,557.0304485736415,1,,-0.23681213335459905,-0.23681213335459905,-0.23681213335459916,-0.23681213335459939,0.0992967706798803,-0.4791362640452135,-0.5406895281893704,-0.12518496555403447,-0.817891535896931,-0.4052920655003416,-0.4704582276741973,-0.3086574620630329,-0.3090369595775053,-0.3090758046649049,-0.3085147839386848,False,False,False
qwen,38,cap16_chunk2048_polfcfs_mem0.85,16,2048,fcfs,0.85,0,R_long_prefill,6.236800484152496,199.57761549287983,25146.77955210286,24947.20193660998,250.53563015535477,420.3518889145925,439.1576465079561,259.2728741001338,12.319454052034883,16.845930740988305,12.036623076475676,632.4387057684362,632.649853779003,632.6702270563692,632.4081894708797,1,,-0.3231795311278838,-0.3231795311278839,-0.323179531127884,-0.323179531127884,-0.0618591668712567,-0.779544172844576,-0.8589925516403234,-0.298543067532006,-1.0147649391083728,-0.6652339323789089,-0.6508054460496899,-0.485638201504643,-0.48512435602984594,-0.48506407346421176,-0.4855838985562071,False,False,False
qwen,39,cap16_chunk2048_polfcfs_mem0.9,16,2048,fcfs,0.9,0,R_long_prefill,7.92106817326887,253.47418154460385,31937.746874620087,31684.272693075483,193.24480998329815,293.92119962722063,303.52143477648497,196.50894810911268,9.749285531260314,12.659409411642098,9.643887331138457,495.4726614523679,496.1081817280501,496.1818739678711,495.4694553744048,1,,-0.1404020236622422,-0.1404020236622422,-0.1404020236622422,-0.1404020236622423,0.18095971896764762,-0.24430452643542355,-0.284832658612145,0.01580397424628499,-0.5944309371806413,-0.2513928995832131,-0.3226451992542083,-0.1638963696259459,-0.16459735113979912,-0.16468555563652365,-0.1639024563335798,False,False,False
qwen,40,cap16_chunk8192_pollpm_mem0.75,16,8192,lpm,0.75,0,R_long_prefill,2.730282814382716,87.36905006024689,11008.50030759111,10921.131257530862,1220.4522991087288,1262.2975809732452,1262.31476013083,954.904126469046,7.459019821497701,37.95734975607164,16.025854030533903,1451.6819135751575,1452.4210727075117,1452.486305651255,1451.705601415597,1,,-0.7037084480609133,-0.7037084480609133,-0.7037084480609133,-0.7037084480609134,-4.172711205723909,-4.343890116485597,-4.343488279365167,-3.7825447914199897,-0.2198731821225195,-2.752114844161859,-1.197922701667662,-2.4100918991353915,-2.4095098535222497,-2.4094147906366565,-2.4101874435105985,False,False,False
qwen,41,cap16_chunk8192_pollpm_mem0.8,16,8192,lpm,0.8,0,R_long_prefill,8.65877427191855,277.0807767013936,34912.17786437559,34635.09708767419,216.24771901406348,261.591679812409,261.62811656016856,201.30463188979772,7.543111986090098,10.661753026708478,8.0286932080203,450.1799519639462,450.61160582117736,450.6413898523897,450.1941213384271,1,,-0.06034581714311649,-0.06034581714311649,-0.0603458171431166,-0.06034581714311682,0.08346520370098665,-0.1074387001728927,-0.10749459528362881,-0.008214743288659232,-0.23362589747491036,-0.05392294386679253,-0.10112366136688755,-0.05750095319757764,-0.05779566203538611,-0.057788575257449404,-0.05754661153992324,False,False,False
qwen,42,cap16_chunk8192_pollpm_mem0.85,16,8192,lpm,0.85,0,R_long_prefill,7.26740626577138,232.55700050468417,29302.182063590208,29069.62506308552,302.07969644106925,350.498427497223,350.522433379665,267.8857860155404,7.601290317853132,12.942314920045677,8.71003755263143,537.7196962945163,538.6134324595332,538.7172634527087,537.8969501471147,1,,-0.211337715743534,-0.211337715743534,-0.211337715743534,-0.21133771574353422,-0.2803212644554065,-0.48382212782348133,-0.4837919777034636,-0.34168000230712514,-0.2431405774726505,-0.2793583388037537,-0.19456905278380843,-0.26313730521279166,-0.2643770045190157,-0.2645286904536004,-0.2635684697404441,False,False,False
qwen,43,cap16_chunk8192_pollpm_mem0.9,16,8192,lpm,0.9,0,R_long_prefill,8.310823955089683,265.94636656286985,33509.242186921605,33243.29582035873,238.74912201426923,281.9636979140341,281.9969436712563,215.1608398417011,7.507009919913065,11.506272642873226,8.269590772538175,471.60495352,472.0288386568427,472.0715854689479,471.5181537903845,1,,-0.09810554621873979,-0.09810554621873979,-0.09810554621873979,-0.09810554621874001,-0.01190375052088144,-0.1936828852423147,-0.19371761379704,-0.07761221821030073,-0.2277216441812473,-0.13740439366139423,-0.13416241392394235,-0.10782962614034997,-0.1080718992509877,-0.10809158026138999,-0.10763868781335462,False,False,False
qwen,44,cap16_chunk8192_polfcfs_mem0.75,16,8192,fcfs,0.75,0,R_long_prefill,8.19627458087308,262.28078658793856,33047.379110080255,32785.09832349232,204.5820038765669,274.65945484582335,284.5273628877476,202.71015260368583,8.809323873250715,11.298109029960488,8.870152677709777,477.6710439473391,478.435569209978,478.4952489193529,477.68488561268896,1,,-0.11053649721088521,-0.11053649721088521,-0.11053649721088543,-0.11053649721088554,0.1329086563116123,-0.16276064239802035,-0.20442909864397318,-0.015254157595406603,-0.4407064470640436,-0.1168272514993729,-0.21652861060952833,-0.12207925316418433,-0.12311148478182621,-0.12316981755193934,-0.12212489728131648,False,False,False
qwen,45,cap16_chunk8192_polfcfs_mem0.8,16,8192,fcfs,0.8,0,R_long_prefill,8.899331795887983,284.77861746841546,35882.10580102035,35597.32718355193,195.6388526596129,240.85988514125344,247.22072415053844,184.662016807124,7.885987209456582,10.554052255446871,8.239511269024543,440.1044561527669,440.3030603658408,440.3165752347559,440.08686614688486,1,,-0.034240403545645615,-0.034240403545645615,-0.034240403545645726,-0.03424040354564584,0.1708129140595016,-0.01967141430454955,-0.04650684887631096,0.07513818175687847,-0.28970086440200715,-0.043276635176241474,-0.1300370535218358,-0.033832981361475944,-0.033596696621084554,-0.033553182792142255,-0.0338037571285712,False,False,False
qwen,46,cap16_chunk8192_polfcfs_mem0.85,16,8192,fcfs,0.85,0,R_long_prefill,8.833128216216988,282.6601029189436,35615.1729677869,35332.51286486795,201.9715961068869,246.66143173817545,252.95202129054812,191.23871403280648,7.815204966332644,10.454115744740252,8.165236581267129,444.2429500631988,444.8675495106727,444.9461542163044,444.3610480520874,1,,-0.04142484658623846,-0.04142484658623846,-0.04142484658623835,-0.041424846586238684,0.14397249349033148,-0.044232047222596105,-0.07076792864854364,0.04219943095501599,-0.278124898360395,-0.03339782994600893,-0.11985038752136812,-0.04355456322222162,-0.04431168210844638,-0.04442017340864579,-0.04384419607858203,False,False,False
qwen,47,cap16_chunk8192_polfcfs_mem0.9,16,8192,fcfs,0.9,0,R_long_prefill,8.969573110362486,287.02633953159955,36165.31878098154,35878.29244144994,195.03284757956865,240.20069988910103,246.5619656490162,183.6895786691457,7.827730481362632,10.547792315182669,8.197378228238273,437.6924925018102,438.2794427452609,438.35140546318144,437.80830374453217,1,,-0.026617783659435346,-0.026617783659435346,-0.026617783659435457,-0.026617783659435568,0.1733813792674902,-0.0168807779229172,-0.043718266786491045,0.08000854394597412,-0.28017336320470587,-0.042657834998151456,-0.12425856791613943,-0.02816712740943461,-0.028846321990216195,-0.02894034833081216,-0.02845120845328797,False,False,False
qwen,48,cap24_chunk-1_pollpm_mem0.75,24,-1,lpm,0.75,0,R_long_prefill,8.732550946384961,279.4416302843188,35209.64541582417,34930.203785539845,215.323370648548,249.350961111486,254.13951311260465,197.2070363117382,7.441167299064897,10.550548444922653,8.032144280150533,445.99955691955984,446.7672452330589,446.8724099546671,446.2035089964047,1,,-0.05233953835785432,-0.05233953835785421,-0.05233953835785432,-0.052339538357854654,0.08738292105199341,-0.055618070338437464,-0.07579468491680075,0.012307667125104449,-0.21695352057580375,-0.04293028066088311,-0.10159697091817144,-0.047680942944133387,-0.048771154231152414,-0.04894166512899489,-0.04817230307998965,False,False,False
qwen,49,cap24_chunk-1_pollpm_mem0.8,24,-1,lpm,0.8,0,R_long_prefill,8.443904433694124,270.204941878212,34045.82267665471,33775.6177347765,272.49747491441667,272.9317519115284,272.97752967569977,232.162406318821,6.127357648144806,10.594697925262151,7.43880320430523,462.636302690953,463.44982793089,463.5177257610485,462.76530565228313,1,,-0.08366359122023492,-0.08366359122023481,-0.08366359122023503,-0.08366359122023526,-0.15494128123699613,-0.15544647593365668,-0.15553764910502976,-0.16276291653411445,-0.0020886726567692637,-0.04729449264112984,-0.02022110053100934,-0.08676170261501936,-0.08793295872385642,-0.08801314255655601,-0.08707745777718068,False,False,False
qwen,50,cap24_chunk-1_pollpm_mem0.85,24,-1,lpm,0.85,0,R_long_prefill,7.543082014871003,241.3786244758721,30413.706683959885,30172.32805948401,253.46597470343116,319.7844174923375,329.1205275291577,237.37732891459015,8.626308832918443,12.535661498024576,9.144416890077052,520.8815485239029,521.1079416796565,521.1122620478272,520.8542525069788,1,,-0.18142125613633953,-0.18142125613633953,-0.18142125613633964,-0.18142125613633986,-0.07427900998313919,-0.35379550258333814,-0.3931958469441197,-0.1888813510520142,-0.41077555199081117,-0.2391603178407511,-0.25414355066005556,-0.2235834396089953,-0.22328345084764734,-0.22320454719286964,-0.2235336352400703,False,False,False
qwen,51,cap24_chunk-1_pollpm_mem0.9,24,-1,lpm,0.9,0,R_long_prefill,7.935879240858876,253.94813570748403,31997.465099142988,31743.516963435504,200.8891487494111,274.6677343733609,285.0376524217427,199.176354566589,8.94969572583514,11.54929020652367,9.012389822953171,478.4113629721105,479.4125591404736,479.5037108846009,478.5604390781373,1,,-0.13879471976720237,-0.13879471976720237,-0.13879471976720248,-0.1387947197672026,0.14856029063710263,-0.1627956934715895,-0.20658919866823577,0.002444527463941526,-0.4636633318277863,-0.14165671475782915,-0.2360362293582834,-0.12381830900385604,-0.1254049359423821,-0.12553697593872304,-0.12418165137187209,False,False,False
qwen,52,cap24_chunk-1_polfcfs_mem0.75,24,-1,fcfs,0.75,0,R_long_prefill,7.587385057837372,242.7963218507959,30592.336553200283,30349.54023134949,249.49594819918275,317.34962079208344,326.90621030982584,233.13351825345308,8.657869019155061,12.668651361919697,9.193250823075012,517.8898877929896,518.7382060103118,518.8521216623485,518.1242937687784,1,,-0.17661346945322365,-0.17661346945322365,-0.17661346945322376,-0.17661346945322387,-0.0574526247155267,-0.343487880816284,-0.3838224493716553,-0.16762663656225385,-0.4159370109672147,-0.25230647387247274,-0.26084105394090606,-0.2165558408436956,-0.21772057568238123,-0.2178993294918936,-0.21712071584289028,False,False,False
qwen,53,cap24_chunk-1_polfcfs_mem0.8,24,-1,fcfs,0.8,0,R_long_prefill,6.982580136932886,223.44256438185235,28153.7631121134,27930.320547731542,256.29136548377573,351.8561128061264,365.3187100496143,251.99410563800484,9.696109310513542,13.306219223135662,9.84372665745116,556.8707541096956,558.670135657303,558.8929538568482,557.1496320189908,1,,-0.2422471787858964,-0.2422471787858964,-0.2422471787858963,-0.24224717878589663,-0.08625402167405927,-0.4895698383577538,-0.5464259050417797,-0.26208806097000936,-0.5857343192378042,-0.31533057464879977,-0.3500528738250488,-0.3081243416322097,-0.3114594439485754,-0.31188700082633525,-0.3087947566056004,False,False,False
qwen,54,cap24_chunk-1_polfcfs_mem0.85,24,-1,fcfs,0.85,0,R_long_prefill,8.257855614142427,264.25137965255766,33295.67383622227,33031.42245656971,234.38609717413783,276.4106676215306,282.32055984903127,216.30870329681784,7.752353693508813,11.11383445245484,8.340523153873942,474.7985266149044,475.4761057207361,475.5294466437772,474.86492106691,1,,-0.1038536950406227,-0.1038536950406227,-0.1038536950406228,-0.10385369504062292,0.006588301563318022,-0.17017433690637063,-0.1950875092522546,-0.08336118110234447,-0.26784598986908326,-0.09861155988486558,-0.14389068743274813,-0.1153315297174291,-0.11616424329840447,-0.11620820276417176,-0.11550054612101013,False,False,False
qwen,55,cap24_chunk-1_polfcfs_mem0.9,24,-1,fcfs,0.9,0,R_long_prefill,8.368141030689275,267.7805129820568,33740.34463573916,33472.5641227571,231.85791936703023,271.5924273012206,277.1802992140874,211.22484223451465,7.659680225075252,11.22851731826461,8.331240169824131,469.3781828973442,470.1011106139049,470.1732031954453,469.4932874990627,1,,-0.09188547070401598,-0.09188547070401598,-0.09188547070401609,-0.0918854707040162,0.01730361889480092,-0.1497764947377238,-0.17332833846282503,-0.057899155575524164,-0.25268985923237963,-0.10994805429085419,-0.14261753959654389,-0.10259880223151585,-0.10354662219406974,-0.1036355158039286,-0.1028820941936015,False,False,False
qwen,56,cap24_chunk2048_pollpm_mem0.75,24,2048,lpm,0.75,0,R_long_prefill,7.250363077989503,232.0116184956641,29233.46393045368,29001.45231195801,232.52304969355464,342.9476745892316,350.541859799996,230.7605266105384,9.93676209491828,13.719433832973722,9.997661458328366,540.5626746360213,541.4082951378077,541.4764837082475,540.6880318187177,1,,-0.2131872503526523,-0.2131872503526523,-0.2131872503526523,-0.2131872503526525,0.014484559849402667,-0.45185629469090927,-0.48387421143202913,-0.15574173785114453,-0.6250914847801672,-0.3561771743550908,-0.3711648091253499,-0.26981563971646194,-0.2709378511081215,-0.27100539616384145,-0.2701249724232415,False,False,False
qwen,57,cap24_chunk2048_pollpm_mem0.8,24,2048,lpm,0.8,0,R_long_prefill,7.315020931725603,234.0806698152193,29494.164396717628,29260.08372690241,218.31059409305453,337.0896494714543,346.47596610244364,220.27344861999157,10.310556506738068,13.956001090006,10.256275350618507,538.0271628964692,538.8412778964266,538.954308363609,538.2179844891652,1,,-0.20617055020437447,-0.20617055020437447,-0.20617055020437458,-0.2061705502043748,0.07472200493369496,-0.42705656204397013,-0.46666292942518317,-0.10321822388711666,-0.6862230797508673,-0.37956203980164305,-0.4066333304127736,-0.2638595635524248,-0.2649118640558028,-0.2650851049424148,-0.26432260837649335,False,False,False
qwen,58,cap24_chunk2048_pollpm_mem0.85,24,2048,lpm,0.85,0,R_long_prefill,7.932822874181356,253.85033197380335,31985.141828699223,31731.291496725426,192.92704318650067,294.63265107478946,304.1297838417813,195.61222952324897,9.756531183337492,12.771533181770671,9.680221766053188,495.52274285815656,496.3115673745051,496.4119795011357,495.6991042708978,1,,-0.13912639809056393,-0.13912639809056404,-0.13912639809056415,-0.13912639809056415,0.1823065277464927,-0.2473164298220174,-0.2874078531696711,0.02029510239550547,-0.5956159154844212,-0.2624764253031697,-0.32762841445130175,-0.1640140139904449,-0.16507479213723708,-0.1652256813543822,-0.16444192231240695,False,False,False
qwen,59,cap24_chunk2048_pollpm_mem0.9,24,2048,lpm,0.9,0,R_long_prefill,6.215077095235925,198.8824670475496,25059.19084799125,24860.3083809437,269.43397033028305,422.4433124065399,439.10077452659607,273.9900278393179,11.685552368421227,16.125859250314534,11.536072068397075,631.6860937513411,631.8168605444953,631.8214852875099,631.6082619596273,1,,-0.325536963325589,-0.325536963325589,-0.3255369633255891,-0.32553696332558923,-0.14195705850030493,-0.7883981368356869,-0.8587518075918343,-0.372252506007392,-0.9110945263131236,-0.5940542808390215,-0.5821555992519816,-0.48387026865469296,-0.48316893229334146,-0.4830718256000348,-0.4837047966557033,False,False,False
qwen,60,cap24_chunk2048_polfcfs_mem0.75,24,2048,fcfs,0.75,0,R_long_prefill,7.707751819595793,246.64805822706535,31077.65533661024,30831.00727838317,207.5700890272856,308.8507032720372,318.1824139272794,209.34893167577684,9.757659022486015,12.85355411199552,9.705719778374318,510.133235482499,510.7977172592655,510.860533756204,510.2262448053807,1,,-0.16355121287840502,-0.16355121287840513,-0.16355121287840502,-0.16355121287840535,0.12024408797570318,-0.30750802787132003,-0.346893859772597,-0.04850383930954916,-0.5958003660910633,-0.27058426085560816,-0.33112542996268934,-0.19833497788393628,-0.19908054411907772,-0.1991407099428677,-0.1985674861956761,False,False,False
qwen,61,cap24_chunk2048_polfcfs_mem0.8,24,2048,fcfs,0.8,0,R_long_prefill,7.527391520532713,240.8765286570468,30350.442610787897,30109.56608213085,219.944978132844,314.27510594949126,322.08279399201274,216.9441190781072,9.47801454833919,12.871614299083667,9.572351805775638,513.7634291313589,514.4319728016853,514.4993530213833,513.6870250571519,1,,-0.18312399582824745,-0.18312399582824745,-0.18312399582824757,-0.1831239958282478,0.0677949036915988,-0.33047203595690555,-0.3634045081617612,-0.0865435994739443,-0.5500663685010196,-0.2723695250138609,-0.31283420541443574,-0.2068625305375218,-0.20761183736105737,-0.20768209458442066,-0.2066971712694481,False,False,False
qwen,62,cap24_chunk2048_polfcfs_mem0.85,24,2048,fcfs,0.85,0,R_long_prefill,7.705813926132806,246.5860456362498,31069.841750167478,30823.255704531224,205.7263299357146,305.81306649837643,314.7930334927514,206.8211945006624,9.697614177580803,12.828302865607604,9.66678511711859,506.3523694407195,507.0601345738396,507.1503541944549,506.49153313133866,1,,-0.1637615139719827,-0.1637615139719827,-0.1637615139719827,-0.1637615139719829,0.12805859520436713,-0.2946483049526376,-0.332546317306776,-0.03584391259457731,-0.5859804302580109,-0.2680881546465457,-0.32578559748370517,-0.18945348632561299,-0.1903066938674023,-0.1904318215874119,-0.18979431149446158,False,False,False
qwen,63,cap24_chunk2048_polfcfs_mem0.9,24,2048,fcfs,0.9,0,R_long_prefill,7.790362827175976,249.2916104696312,31410.74291917353,31161.4513087039,197.8568930644542,303.34596827160567,313.2645505061373,201.13086164928973,9.910852926212453,12.978227455319177,9.811297126655136,505.0933337770402,505.82737852819264,505.9295889083296,505.28107257559896,1,,-0.15458622818369017,-0.15458622818369028,-0.1545862281836905,-0.1545862281836905,0.1614120694175195,-0.28420393586791315,-0.32607611575155127,-0.00734443187664513,-0.6208542122119627,-0.28290832207595606,-0.3456052105800691,-0.1864959325548552,-0.1874128403123947,-0.18756632453851174,-0.18695083043051652,False,False,False
qwen,64,cap24_chunk8192_pollpm_mem0.75,24,8192,lpm,0.75,0,R_long_prefill,8.047004758178621,257.5041522617159,32445.5231849762,32188.019032714485,249.0374236367643,287.08274548407644,292.4336565239355,228.0890695983544,7.602597939811886,11.156684541023305,8.2865328482923,484.72593957558274,485.6498570181429,485.7696833647788,484.9715878954157,1,,-0.12673532730673842,-0.12673532730673842,-0.12673532730673864,-0.12673532730673875,-0.05550923442993039,-0.21535418377580084,-0.23789712794421747,-0.1423620042580287,-0.24335443036458715,-0.10284732593345991,-0.1364859951098445,-0.1386516456464122,-0.1400467839387236,-0.14024506590041286,-0.139242018414502,False,False,False
qwen,65,cap24_chunk8192_pollpm_mem0.8,24,8192,lpm,0.8,0,R_long_prefill,8.909636494538958,285.10836782524666,35923.65434598108,35638.54597815583,198.51205102168024,243.06484877597535,249.32129794266075,187.0078330393881,7.809617766930211,10.53553587576795,8.190368373517789,440.765674225986,441.4931660052389,441.59083317033947,440.9092526184395,1,,-0.03312213288903876,-0.03312213288903876,-0.03312213288903898,-0.03312213288903909,0.15863527682239953,-0.029006046290230403,-0.05539876061865945,0.06338938845683528,-0.2772111489834923,-0.04144627600996942,-0.12329717647976479,-0.03538622410285108,-0.036390429774994404,-0.03654424290455882,-0.03573561715327189,False,False,False
qwen,66,cap24_chunk8192_pollpm_mem0.85,24,8192,lpm,0.85,0,R_long_prefill,8.938976496734552,286.0472478955057,36041.95323483372,35755.90598693821,196.91269984468815,241.10268584918228,247.30287635233253,184.3250074889511,7.804778074064562,10.632623735094262,8.218638016842306,439.1713021323085,439.6174866007641,439.6591145405546,439.10278601106256,1,,-0.029938142300725223,-0.029938142300725223,-0.029938142300725112,-0.029938142300725445,0.16541389632367487,-0.020699302120333885,-0.04685460629884575,0.07682606027223027,-0.27641964933906205,-0.05104348973819817,-0.12717431717458316,-0.03164094401772055,-0.031987335154724184,-0.03200992816292425,-0.031492064097066175,False,False,False
qwen,67,cap24_chunk8192_pollpm_mem0.9,24,8192,lpm,0.9,0,R_long_prefill,8.269707534126763,264.6306410920564,33343.46077759911,33078.83013650705,234.1060684993863,274.012060998939,279.6217441884801,213.44784297980368,7.669252816647772,11.24934395775199,8.342230756346497,471.919345902279,472.7429928956553,472.8250107681379,472.0569964265451,1,,-0.10256751921036877,-0.10256751921036877,-0.10256751921036877,-0.102567519210369,0.007775162749837916,-0.16001992449442448,-0.18366318759667322,-0.0690328394093318,-0.254255393045425,-0.11200678451508717,-0.144124882642108,-0.10856815357251959,-0.10974835242281289,-0.10986009219069626,-0.10890447778486889,False,False,False
qwen,68,cap24_chunk8192_polfcfs_mem0.75,24,8192,fcfs,0.75,0,R_long_prefill,8.775108932646432,280.80348584468584,35381.23921643042,35100.435730585734,231.5169025678188,246.01482858415693,248.0416411114857,202.8573128627613,6.704127288333352,10.324054004834784,7.626928159997108,439.34484850615263,439.661382115446,439.6875579608604,439.29208582267165,1,,-0.04772112603427081,-0.04772112603427081,-0.04772112603427081,-0.04772112603427092,0.01874896945861182,-0.04149467668800022,-0.04998186184272768,-0.0159911954938059,-0.09641551896714518,-0.020541121348255365,-0.04602216611401011,-0.03204861533885239,-0.03209037840619278,-0.03207669327975138,-0.031936746434847896,False,False,False
qwen,69,cap24_chunk8192_polfcfs_mem0.8,24,8192,fcfs,0.8,0,R_long_prefill,8.723282084016287,279.1450266885212,35172.273362753665,34893.12833606514,220.245422096923,252.39122959319505,256.9068769412115,200.533326016739,7.379525446242864,10.589029013569796,8.016707567167618,449.015430174768,449.3863789830357,449.40471020527184,449.0512605989352,1,,-0.053345399582727326,-0.053345399582727104,-0.05334539958272744,-0.05334539958272766,0.06652151524305516,-0.06848893449579507,-0.08750917693570681,-0.004351732559583432,-0.20687240469818935,-0.04673411611727296,-0.09947984805909416,-0.054765418448189385,-0.054919483042983774,-0.05488572249817847,-0.054861928543800564,False,False,False
qwen,70,cap24_chunk8192_polfcfs_mem0.85,24,8192,fcfs,0.85,0,R_long_prefill,8.272554633467081,264.7217482709466,33354.94028213927,33090.21853386833,236.2346334848553,277.2682143608108,283.0462433816865,215.75417090207335,7.687219058073335,11.281307088962246,8.354140220270041,474.5384242851287,475.3102719085291,475.4087575385347,474.7325177304447,1,,-0.10225855067508594,-0.10225855067508594,-0.10225855067508605,-0.10225855067508616,-0.0012464532203131373,-0.17380472930633917,-0.19815939082549194,-0.08058385933501122,-0.25719365257859006,-0.11516636598878338,-0.14575824839424678,-0.1147205330249581,-0.11577495397494886,-0.11592490975212644,-0.1151895187370473,False,False,False
qwen,71,cap24_chunk8192_polfcfs_mem0.9,24,8192,fcfs,0.9,0,R_long_prefill,8.361972414916236,267.5831172773196,33715.47277694227,33447.88965966494,232.6307143084705,270.9652743767947,276.3617958780378,211.6122297011316,7.62522392605822,11.191949418806018,8.310047038380176,469.0653411671519,469.78373855818063,469.8723894217983,469.22368789091706,1,,-0.0925548917365484,-0.09255489173654818,-0.0925548917365484,-0.09255489173654874,0.014028238893276868,-0.14712146603064147,-0.1698635425807351,-0.05983934816593739,-0.24705476023385864,-0.10633328773681017,-0.13971093227119669,-0.10186391737839195,-0.10280160191616416,-0.10292941694082125,-0.1022487803883938,False,False,False
qwen,72,cap32_chunk-1_pollpm_mem0.75,32,-1,lpm,0.75,0,R_long_prefill,8.53318504591186,273.06192146917954,34405.80210511662,34132.74018364744,233.08528913185,261.84475128538907,265.8869655523449,213.165151886642,7.220171654837266,10.35468847896423,7.867200577992104,456.91061043180525,457.5927031924948,457.6775561599061,457.0483698043972,1,,-0.07397481795003968,-0.07397481795003968,-0.0739748179500398,-0.07397481795004002,0.012101589007449842,-0.10851006889260462,-0.12552267385170457,-0.06761700846075236,-0.18081114983398083,-0.02356936399066467,-0.07897518072961818,-0.07331169224616674,-0.07418355444700953,-0.0743045378416678,-0.07364785963771947,False,False,False
qwen,73,cap32_chunk-1_pollpm_mem0.8,32,-1,lpm,0.8,0,R_long_prefill,8.992718376124886,287.76698803599635,36258.640492535545,35970.87350449955,245.4994914587587,245.9055887768045,245.9402865590528,210.87287389673293,6.148226131054182,9.976366661759393,7.272410544476682,436.3993969745934,436.7154268780723,436.7425983818248,436.3176007755101,1,,-0.024106048729757523,-0.024106048729757523,-0.024106048729757412,-0.024106048729757634,-0.040514218700413496,-0.041032214004369516,-0.04108664507400972,-0.056136356259924636,-0.005501574520813124,0.013828054831430237,0.002599412106334742,-0.025129564882179434,-0.025174847091890662,-0.0251640024629598,-0.024949412674580396,False,False,False
qwen,74,cap32_chunk-1_pollpm_mem0.85,32,-1,lpm,0.85,1,R_long_prefill,9.214852048647078,294.8752655567065,37154.28346014502,36859.40819458832,235.9405446331948,236.21323669794947,236.234215204604,199.66443977318704,6.114586278976452,10.11625478765176,7.291363803820023,425.70169852115214,425.9911644505337,426.0221753129736,425.6967176916078,1,,0.0,0.0,0.0,0.0,0.0,0.0,0.0,0.0,0.0,0.0,0.0,0.0,0.0,0.0,0.0,False,False,False
qwen,75,cap32_chunk-1_pollpm_mem0.9,32,-1,lpm,0.9,0,R_long_prefill,9.1618473857224,293.17911634311685,36940.568659232726,36647.38954288961,235.52960250526667,235.91935066506267,235.961282979697,200.47377899754792,6.108158808802404,9.979783468729543,7.246690460540835,425.1480896491557,425.40357562247664,425.4124636249617,425.1211832743138,1,,-0.005752090499647311,-0.005752090499647089,-0.0057520904996472,-0.005752090499647422,0.0017417189935159394,0.0012441556493406614,0.0011553458700748198,-0.004053497083808644,0.0010511700842535943,0.013490300688037027,0.006126884418492851,0.00130046197588507,0.001379345106406027,0.0014311735945764514,0.0013519822760552636,False,False,False
qwen,76,cap32_chunk-1_polfcfs_mem0.75,32,-1,fcfs,0.75,0,R_long_prefill,8.653353148098132,276.9073007391402,34890.319893131666,34613.412592392524,218.59846753068268,252.3912656819448,257.1462571574375,198.9424844505265,7.491716732000631,10.742759622723582,8.124156746142093,450.8416862227023,451.02062842343,451.0365952225402,450.7913435809314,1,,-0.060934120003737324,-0.060934120003737324,-0.060934120003737546,-0.06093412000373777,0.0735018948501327,-0.06848908727618208,-0.0885224942319276,0.003615843279257236,-0.22522054480760434,-0.06193051165897434,-0.11421634754883048,-0.05905540849116675,-0.05875582890358921,-0.05871623910466628,-0.05894954047426615,False,False,False
qwen,77,cap32_chunk-1_polfcfs_mem0.8,32,-1,fcfs,0.8,0,R_long_prefill,8.857897762607093,283.452728403427,35715.0437788318,35431.591050428375,209.49161448515952,244.72942685242745,249.6885871840641,192.42477603256705,7.493437665905202,10.512089364290716,8.04549773719402,441.7881821282208,442.1060668071732,442.1487116394565,441.8352058855817,1,,-0.03873684397270305,-0.03873684397270305,-0.03873684397270316,-0.03873684397270327,0.11209997920939851,-0.036052976003913884,-0.056953527954480165,0.03625915435339433,-0.22550199212489686,-0.03912856931224429,-0.1034283782382246,-0.03778815932130786,-0.037829193892848334,-0.03785374860976587,-0.03791076492552459,False,False,False
qwen,78,cap32_chunk-1_polfcfs_mem0.85,32,-1,fcfs,0.85,0,R_long_prefill,8.321542849584686,266.28937118671,33552.46076952545,33286.17139833874,196.28686062060297,269.4171403069049,279.7153699491173,193.01613105926663,8.891711627403573,11.63589108975664,9.003698514143545,472.0054070930928,472.8040701244026,472.882368164137,472.13078499771655,1,,-0.09694232683785164,-0.09694232683785142,-0.09694232683785176,-0.09694232683785209,0.16806642569313157,-0.1405674977114595,-0.18405951359270278,0.03329741000186459,-0.4541804174021724,-0.1502172823839707,-0.23484422892551504,-0.10877031670955373,-0.10989172917295287,-0.10999472695696633,-0.10907781379641146,False,False,False
qwen,79,cap32_chunk-1_polfcfs_mem0.9,32,-1,fcfs,0.9,0,R_long_prefill,8.179259182286954,261.7362938331825,32978.773022981,32717.03672914781,238.57329529710117,279.73449481651187,285.5227445624769,217.8385101724416,7.701447278621696,11.309954581872349,8.369303222054675,477.31816093437374,477.5707475375384,477.577156117186,477.28691005613655,1,,-0.11238301612364676,-0.11238301612364676,-0.11238301612364687,-0.1123830161236472,-0.011158534316343838,-0.1842456363874896,-0.20864263593308774,-0.09102307060736381,-0.2595205836086225,-0.11799819392426314,-0.14783783215835555,-0.12125030882548127,-0.12108134485262112,-0.12101478230877993,-0.12119001679008212,False,False,False
qwen,80,cap32_chunk2048_pollpm_mem0.75,32,2048,lpm,0.75,0,R_long_prefill,7.135132984454128,228.32425550253208,28768.85619331904,28540.531937816508,227.07230760715905,348.16078615840524,357.5101363612339,228.44078845810145,10.380067787463627,14.1668614067678,10.345340007916093,549.168627941981,549.8093675589189,549.8740764660761,549.1463287035003,1,,-0.22569207331964647,-0.22569207331964647,-0.22569207331964658,-0.2256920733196467,0.03758674474462531,-0.4739258096852774,-0.513371532788305,-0.14412355408706468,-0.6975911883283121,-0.40040575332882544,-0.4188484193445483,-0.2900315640030129,-0.29065908742049285,-0.2907170291361376,-0.2899942749883371,False,False,False
qwen,81,cap32_chunk2048_pollpm_mem0.8,32,2048,lpm,0.8,0,R_long_prefill,2.53926103526346,81.25635312843072,10238.300494182273,10157.04414105384,235.31862464733425,1211.6462200181554,1341.7100337008012,487.3956490773708,42.81766343140794,46.69484366407438,34.69391912597442,1562.6661910209805,1563.5976622113958,1563.7270010681823,1562.9071419825775,1,,-0.7244382197502266,-0.7244382197502266,-0.7244382197502266,-0.7244382197502267,0.0026359182429939176,-4.1294594534831734,-4.679575384703428,-1.4410738819142659,-6.002544649443622,-3.6158232116762887,-3.7582208293869392,-2.6708009304391704,-2.670493176139482,-2.670529591374917,-2.6714098958940338,False,False,False
qwen,82,cap32_chunk2048_pollpm_mem0.85,32,2048,lpm,0.85,0,R_long_prefill,7.906479693584338,253.00735019469883,31878.92612453205,31625.91877433735,191.6416164021939,295.7909437827766,305.5589153431356,195.09241823107004,9.842629950012892,12.847219226551392,9.739318006341495,496.8507657758892,497.5058051524684,497.5902841752395,497.0112764276564,1,,-0.14198517221498252,-0.14198517221498252,-0.14198517221498275,-0.14198517221498275,0.1877546239450717,-0.252220019155871,-0.29345749123804543,0.022898526884960968,-0.6096967972885476,-0.2699580522856282,-0.33573337833437455,-0.16713362314950175,-0.1678782253481199,-0.16799151079327967,-0.16752433310447046,False,False,False
qwen,83,cap32_chunk2048_pollpm_mem0.9,32,2048,lpm,0.9,0,R_long_prefill,7.837808681500197,250.80987780800632,31602.0446038088,31351.234726000792,199.76823404431343,300.7684495532885,310.21058440674096,201.9524595234543,9.735278792739392,12.779926274332308,9.67235091487847,501.82162527926266,502.3720996687189,502.4218213977292,501.7953378846869,1,,-0.14943738216058045,-0.14943738216058033,-0.14943738216058033,-0.14943738216058056,0.15331112609372288,-0.2732921057166964,-0.3131484113682075,-0.011459325220186445,-0.5921402280660963,-0.2633060893179473,-0.326548938596511,-0.1788104840139093,-0.17930168884301967,-0.17933255711074025,-0.17876252512759105,False,False,False
qwen,84,cap32_chunk2048_polfcfs_mem0.75,32,2048,fcfs,0.75,0,R_long_prefill,6.225094787392045,199.20303319654545,25099.582182764723,24900.37914956818,267.17674639075994,424.62932097259903,441.7482967721298,272.2713998518884,11.816412533423112,16.356943755020055,11.655824431668847,633.4855349268764,634.1362208593637,634.2163314018399,633.6019572336227,1,,-0.3244498387463517,-0.3244498387463517,-0.3244498387463518,-0.3244498387463519,-0.1323901400928209,-0.7976525232393346,-0.8699589997559358,-0.363644924259827,-0.9324958377071284,-0.6168971717661647,-0.5985794626736685,-0.4880972688799361,-0.48861355300011144,-0.4886932374727164,-0.4883881667432306,False,False,False
qwen,85,cap32_chunk2048_polfcfs_mem0.8,32,2048,fcfs,0.8,0,R_long_prefill,6.284211559073622,201.0947698903559,25337.941006184847,25136.84623629449,265.32706432044506,415.5050542904064,431.5715228905901,267.09433062933385,11.549068502180518,16.230291647145584,11.4999245514252,623.3481878880411,624.3066436843947,624.4373325863853,623.5919917235151,1,,-0.3180344593816601,-0.3180344593816601,-0.3180344593816601,-0.3180344593816602,-0.12455052917223708,-0.7590252777481767,-0.8268798299044156,-0.33771607469384723,-0.8887734959091571,-0.6043775080632432,-0.5771980195804067,-0.4642840046292849,-0.4655389495922033,-0.4657390360669551,-0.46487385457190866,False,False,False
qwen,86,cap32_chunk2048_polfcfs_mem0.85,32,2048,fcfs,0.85,0,R_long_prefill,7.707885151805428,246.6523248577737,31078.192932079484,30831.540607221712,207.59978331625464,305.65241617150605,314.4499210361392,207.43760222103447,9.635244676422689,12.842226175651431,9.646264528254829,506.292368285358,507.12809020187706,507.2350890515372,506.4718025969341,1,,-0.1635367436054388,-0.1635367436054388,-0.16353674360543902,-0.16353674360543913,0.12011823301077884,-0.2939681977363098,-0.33109389240585685,-0.038931130934870106,-0.5757803123248391,-0.26946448514988797,-0.3229712284005153,-0.18931253984696395,-0.19046621742964587,-0.19063071934906017,-0.18974796268888094,False,False,False
qwen,87,cap32_chunk2048_polfcfs_mem0.9,32,2048,fcfs,0.9,0,R_long_prefill,7.715009821906498,246.88031430100796,31106.919601927,30860.03928762599,204.16516601108012,308.5710608167574,318.5217551281676,206.93828468210995,9.85593580070042,12.941985960388855,9.769280309668712,509.6991758327931,510.41005733422935,510.5007145460695,509.78597428184,1,,-0.1627635711156954,-0.16276357111569528,-0.1627635711156955,-0.16276357111569573,0.13467536353920984,-0.30632417188090644,-0.34833032061970304,-0.03643034742283491,-0.611872880850125,-0.2793258208745668,-0.33984266490042403,-0.19731534453219313,-0.19817052542060032,-0.1982961078752168,-0.19753325101075836,False,False,False
qwen,88,cap32_chunk8192_pollpm_mem0.75,32,8192,lpm,0.75,0,R_long_prefill,8.618836213042723,275.80275881736713,34751.14761098826,34475.344852170885,224.04874744825065,256.5623910864815,261.12813908141106,204.48028715327385,7.376382367745522,10.59864146950384,8.014481702458955,452.7928330935538,453.61210296396166,453.6958643840626,452.9292199295014,1,,-0.06467991373685289,-0.06467991373685289,-0.064679913736853,-0.06467991373685333,0.05040166879088859,-0.08614739238577429,-0.1053781470869759,-0.024119704968784017,-0.2063583750723177,-0.047684315191516946,-0.09917457393362872,-0.06363877491331071,-0.06483922864704228,-0.06495833004645535,-0.06397160491526743,False,False,False
qwen,89,cap32_chunk8192_pollpm_mem0.8,32,8192,lpm,0.8,0,R_long_prefill,8.40044848957099,268.8143516662717,33870.60830995024,33601.79395828397,191.7194470297545,260.99686475936323,270.75459950137883,189.86339902039617,8.809913468036441,11.26153467208027,8.867405343710656,464.82676453888416,465.2870798949152,465.3286955971271,464.7529646754265,1,,-0.08837945034566863,-0.08837945034566863,-0.08837945034566852,-0.08837945034566874,0.18742475004535009,-0.10492057264811572,-0.146127792144235,0.049087562932711326,-0.4408028713777792,-0.11321184652510685,-0.21615181772509118,-0.09190723493387232,-0.09224584621389398,-0.09226402417967394,-0.0917466481668121,False,False,False
qwen,90,cap32_chunk8192_pollpm_mem0.85,32,8192,lpm,0.85,0,R_long_prefill,8.857581309725107,283.44260191120344,35713.76784081163,35430.32523890043,216.79141116328535,246.71159791760147,250.91184212826192,195.3635704703629,7.266026268142365,10.59377161831024,7.954691457862575,442.0382254756987,442.4740232992917,442.51120106317103,441.95900566410273,1,,-0.03877118558560311,-0.03877118558560311,-0.03877118558560322,-0.03877118558560344,0.08116084287115499,-0.044444423887542106,-0.062131672632372625,0.021540487167919342,-0.18831036747733298,-0.04720292644678681,-0.09097442836346037,-0.03837552683322176,-0.0386929594420542,-0.038704618458144546,-0.03820158177558697,False,False,False
qwen,91,cap32_chunk8192_pollpm_mem0.9,32,8192,lpm,0.9,0,R_long_prefill,7.464496963206613,238.8639028226116,30096.851755649062,29857.987852826453,294.3442869000137,334.7992562921718,334.863829636015,258.8569789659232,7.428152696980584,12.71007207011984,8.579365807705589,524.8860761057585,527.244704705663,527.314035394229,524.8173190047964,1,,-0.18994934223577165,-0.18994934223577165,-0.18994934223577176,-0.18994934223577187,-0.24753584576833254,-0.4173602672414425,-0.41750774478619546,-0.2964600970507174,-0.21482506879010232,-0.256400944511024,-0.17664761196125855,-0.23299032615834903,-0.23768929664475924,-0.2377619428069493,-0.232843236026536,False,False,False
qwen,92,cap32_chunk8192_polfcfs_mem0.75,32,8192,fcfs,0.75,0,R_long_prefill,8.72044335193411,279.0541872618915,35160.82759499833,34881.77340773644,216.9855076353997,252.4631158215925,257.4546390166506,199.0651647793129,7.512245492468919,10.64420197714841,8.094060809291419,449.8651179019362,450.54899503011256,450.6336532020941,449.9810498673469,1,,-0.05365346009929228,-0.05365346009929228,-0.053653460099292505,-0.05365346009929273,0.08033819294290245,-0.06879326218463389,-0.0898279014903387,0.003001410739713495,-0.22857788732133622,-0.0521880083666022,-0.11008873333831648,-0.05676138823200727,-0.05764868529903633,-0.057770415051845214,-0.0570460874291534,False,False,False
qwen,93,cap32_chunk8192_polfcfs_mem0.8,32,8192,fcfs,0.8,0,R_long_prefill,8.89682619890545,284.6984383649744,35872.00323398677,35587.30479562179,237.70296247676012,248.8208174938336,250.367104341276,204.4282410060987,6.554967813914821,10.588046610956228,7.634409376600336,440.9689917229116,441.72999635338783,441.8053340166807,441.0949316807091,1,,-0.034512312087346064,-0.034512312087346064,-0.034512312087346286,-0.03451231208734651,-0.007469754070057233,-0.05337372694319287,-0.05982575015406377,-0.023859036883699503,-0.07202147698079209,-0.046637004821226125,-0.04704820415085975,-0.035863829660056856,-0.03694638109021575,-0.03704773980864284,-0.03617179402415882,False,False,False
qwen,94,cap32_chunk8192_polfcfs_mem0.85,32,8192,fcfs,0.85,0,R_long_prefill,8.84301036215682,282.97633158901823,35655.0177802163,35372.04144862728,209.6669015008956,245.3486672136933,250.360899688676,192.97139742411676,7.508308423923388,10.513753588912229,8.052702872983872,442.5569409504533,443.2003188878298,443.25527153909206,442.60518648661673,1,,-0.040352431544991796,-0.040352431544991796,-0.040352431544991796,-0.04035243154499202,0.11135705045161082,-0.03867450716754495,-0.059799485319418144,0.03352145407902074,-0.22793400589323887,-0.03929307926740533,-0.10441655219082269,-0.03959402202963869,-0.04039791402597137,-0.0404511718514613,-0.039719518831850875,False,False,False
qwen,95,cap32_chunk8192_polfcfs_mem0.9,32,8192,fcfs,0.9,0,R_long_prefill,7.362436989519583,235.59798366462667,29685.34594174296,29449.747958078337,301.0790485423058,343.96646176464856,343.9917553309351,267.55598722957075,7.415062462490413,12.48445944530108,8.495653142041016,531.0496527235955,531.233880482614,531.2342937663198,530.9212346328422,1,,-0.20102493771448726,-0.20102493771448726,-0.20102493771448748,-0.20102493771448748,-0.2760801625272955,-0.45616929251295635,-0.4561470489488646,-0.3400282370436445,-0.21268424782643747,-0.23409895335376785,-0.1651665409412233,-0.2474689543603239,-0.24705375325760115,-0.24696394824061207,-0.2471818845863487,False,False,False
qwen,96,cap48_chunk-1_pollpm_mem0.75,48,-1,lpm,0.75,0,R_long_prefill,8.385869145655457,268.3478126609746,33811.824395282805,33543.47658262183,193.85059433989227,265.4371158219874,275.52302235737443,191.1818969529122,8.863079286510905,11.477223367640567,8.947032162048403,468.6060522217304,469.01559096295387,469.0587423974648,468.5398939764127,1,,-0.08996160748053816,-0.08996160748053816,-0.08996160748053816,-0.08996160748053839,0.17839218926419664,-0.12371821127622518,-0.16631294124241114,0.04248399379434187,-0.44949778809802576,-0.13453284921708875,-0.22707252069372252,-0.10078501882802904,-0.10099840114739322,-0.10101954681789693,-0.10064248678525711,False,False,False
qwen,97,cap48_chunk-1_pollpm_mem0.8,48,-1,lpm,0.8,0,R_long_prefill,8.921337579909894,285.4828025571166,35970.833122196695,35685.350319639576,210.92722821049392,243.22538243141025,247.76348132174465,192.2637694515288,7.384487840857718,10.481499203090223,7.986695648381307,439.8463512770832,440.1457756292075,440.1637002732605,439.8513345513493,1,,-0.03185232570069074,-0.03185232570069074,-0.03185232570069085,-0.031852325700690964,0.10601533730282708,-0.029685659582351587,-0.048804387235587665,0.03706554021369657,-0.2076839713992622,-0.03610470703884339,-0.0953637568045902,-0.03322667681399505,-0.0332274759663882,-0.03319434005964106,-0.033250472158903754,False,False,False
qwen,98,cap48_chunk-1_pollpm_mem0.85,48,-1,lpm,0.85,0,R_long_prefill,8.445441757006307,270.25413622420183,34052.021164249425,33781.76702802523,223.9396837539971,265.13478581327945,270.93485007528216,203.3527458552271,7.736007735553768,11.352009324717423,8.40774032798025,463.7559235561639,464.661281905137,464.7805169923231,463.9926960226149,1,,-0.0834967601844172,-0.0834967601844172,-0.08349676018441754,-0.08349676018441754,0.05086391954318348,-0.12243830836758973,-0.146890808516555,-0.01847252363129792,-0.2651727169427942,-0.12215533940229206,-0.15310942564343666,-0.08939176227675061,-0.090776806379264,-0.09097728692379925,-0.08996070850316085,False,False,False
qwen,99,cap48_chunk-1_pollpm_mem0.9,48,-1,lpm,0.9,0,R_long_prefill,7.492562558430276,239.7620018697688,30210.01223559087,29970.250233721104,253.99037497118115,321.92572213243693,331.48824201431125,237.82348923850805,8.703072127255222,12.696696367234953,9.230277283237346,523.8182228058577,524.7454531025141,524.8223338183016,523.9620850188658,1,,-0.18690365088060945,-0.18690365088060956,-0.18690365088060956,-0.18690365088060967,-0.07650160495326275,-0.36286063657004,-0.4032185884978903,-0.19111590180338855,-0.42332967925870335,-0.2550787454199914,-0.26591917939981347,-0.23048187175562873,-0.2318223871599756,-0.23191318253033488,-0.23083421422677142,False,False,False
qwen,100,cap48_chunk-1_polfcfs_mem0.75,48,-1,fcfs,0.75,0,R_long_prefill,8.78726898223088,281.1926074313882,35430.26853635491,35149.07592892352,222.8282003197819,250.95244543626904,254.8989706672728,201.6733408672735,7.224971015426901,10.45795736624108,7.905068927474559,446.80230179801583,447.0098606543616,447.0223399112001,446.7304776189849,1,,-0.046401511837509624,-0.046401511837509624,-0.046401511837509735,-0.04640151183750996,0.05557478191719034,-0.062397894988276636,-0.07900953486565498,-0.010061386476072132,-0.18159605340237683,-0.033777577350702304,-0.0841687700911331,-0.0495666410309501,-0.04934068581196738,-0.0492935950641511,-0.04941019992222451,False,False,False
qwen,101,cap48_chunk-1_polfcfs_mem0.8,48,-1,fcfs,0.8,0,R_long_prefill,8.88732669946972,284.394454383031,35833.701252261904,35549.306797878875,248.9071984309703,249.3174128467217,249.35322732198983,214.19127739500252,6.0994253238482825,9.951307077801996,7.230792498786844,438.29513899981976,439.0450985636562,439.1150155942887,438.3458448573947,1,,-0.035543202153250575,-0.035543202153250575,-0.0355432021532508,-0.03554320215325091,-0.05495729366029112,-0.05547604500051295,-0.05553392046119732,-0.07275625864233781,0.0024794735794794187,0.016305215053609046,0.008307266879406638,-0.02958278184563512,-0.030643673396278492,-0.030732767071799838,-0.029713941029140045,False,False,False
qwen,102,cap48_chunk-1_polfcfs_mem0.85,48,-1,fcfs,0.85,0,R_long_prefill,7.3637276062077,235.6392833986464,29690.54970822945,29454.9104248308,265.2742019854486,332.0232779020444,341.4211668120697,247.52724776044488,8.608106516241547,12.716804372687491,9.180821467100852,532.1255039889365,532.4606260983273,532.4817493325099,532.1327132405713,1,,-0.2008848793954494,-0.2008848793954494,-0.2008848793954494,-0.20088487939544963,-0.12432647978268174,-0.4056082654106685,-0.4452655239477592,-0.23971623610908677,-0.4077986839172538,-0.25706643808636076,-0.2591363857459592,-0.2499961964856865,-0.24993349752951732,-0.2498920952678736,-0.25002775714627457,False,False,False
qwen,103,cap48_chunk-1_polfcfs_mem0.9,48,-1,fcfs,0.9,0,R_long_prefill,7.327702214327678,234.4864708584857,29545.2953281692,29310.808857310712,261.5246241912246,331.467055878602,341.3205201132223,246.89093267079443,8.740219610532925,12.609693440308252,9.2113142825603,532.4714321177453,532.7604771126062,532.7860650513321,532.4416754301637,1,,-0.20479437155982017,-0.20479437155982017,-0.20479437155982028,-0.2047943715598204,-0.10843443460641367,-0.4032535200491558,-0.44483947770902854,-0.23652931363869945,-0.4294049035801635,-0.24647843544827142,-0.2633184312836503,-0.25080880336512923,-0.2506373877490846,-0.25060641423166596,-0.2507535372069427,False,False,False
qwen,104,cap48_chunk2048_pollpm_mem0.75,48,2048,lpm,0.75,0,R_long_prefill,7.835022581929257,250.72072262173623,31590.811050338765,31340.090327717026,197.94131605885923,300.3839374054224,310.1219264511019,201.0759875411168,9.796382709135932,12.783586184283898,9.704615635376785,501.7778116744012,502.46665603481233,502.55500744096935,501.9190722377971,1,,-0.14973973097271887,-0.14973973097271887,-0.14973973097271898,-0.1497397309727192,0.16105425472087098,-0.2716642877618636,-0.3127731145232424,-0.007069600222920247,-0.6021333680119061,-0.26366787438845174,-0.33097399834752905,-0.1787075631070545,-0.17952365674748405,-0.17964518413101738,-0.17905318828746042,False,False,False
qwen,105,cap48_chunk2048_pollpm_mem0.8,48,2048,lpm,0.8,0,R_long_prefill,7.657934612153428,245.0539075889097,30876.792356202623,30631.738448613716,212.75977580808103,313.8446395052597,322.94220806565136,212.99794875085357,9.717189654287312,12.973653690348709,9.717096315486536,514.2721398733556,514.8181717144325,514.8640294978395,514.2279345309362,1,,-0.168957399237054,-0.168957399237054,-0.1689573992370541,-0.16895739923705422,0.09824834837586638,-0.32864967218826524,-0.36704248275783846,-0.0667795877564028,-0.5891818695399806,-0.28245620169479957,-0.3326857055734411,-0.20805752398895505,-0.20851842638208873,-0.20853809809219204,-0.20796781642902884,False,False,False
qwen,106,cap48_chunk2048_pollpm_mem0.85,48,2048,lpm,0.85,0,R_long_prefill,7.14255117302084,228.5616375366669,28798.766329620023,28570.20469208336,242.1784233301878,345.7153926603496,355.5149224214256,235.87902716826648,9.872269050608718,13.932739952278713,10.07449303212906,548.2187638990581,549.1384455701336,549.2188196955249,548.1883111642674,1,,-0.22488704807045623,-0.22488704807045623,-0.22488704807045645,-0.22488704807045656,-0.02643834999487149,-0.4635733267667075,-0.5049256184736481,-0.18137725193438614,-0.6145440754597189,-0.37726265744962073,-0.381702148348561,-0.28780027376803696,-0.28908412050856014,-0.2891789477673219,-0.2877438053478194,False,False,False
qwen,107,cap48_chunk2048_pollpm_mem0.9,48,2048,lpm,0.9,0,R_long_prefill,7.208211773517372,230.6627767525559,29063.509870822047,28832.84709406949,224.63914239779115,344.70210717990994,354.2788548953831,226.64448141586035,10.358210142341353,14.04062533195341,10.302021956792284,546.0287986788899,546.6537155676633,546.7117640469223,546.0071620764211,1,,-0.21776152938063942,-0.21776152938063942,-0.21776152938063942,-0.21776152938063964,0.047899364871660355,-0.4592836201668382,-0.4996932370213176,-0.13512692432023377,-0.6940165155499711,-0.387927214831705,-0.41290741128497066,-0.2826559080589597,-0.28325129999531007,-0.2832941469426682,-0.2826200893378068,False,False,False
qwen,108,cap48_chunk2048_polfcfs_mem0.75,48,2048,fcfs,0.75,0,R_long_prefill,6.233426038992932,199.46963324777383,25133.173789219505,24933.70415597173,267.28654303587973,423.9764004247263,441.0187169024721,273.2893107458949,11.776235585491502,16.197249321867858,11.588912592419693,632.3498461861163,633.1208248389885,633.2294041803107,632.5456011109054,1,,-0.3235457274750144,-0.3235457274750144,-0.3235457274750144,-0.32354572747501464,-0.13285549735174595,-0.794888408251538,-0.8668706246489437,-0.3687430323413803,-0.9259251645497721,-0.6011112473796887,-0.5894026006970243,-0.4854294647703792,-0.4862299448290712,-0.48637662749624244,-0.485906690897127,False,False,False
qwen,109,cap48_chunk2048_polfcfs_mem0.8,48,2048,fcfs,0.8,0,R_long_prefill,7.2048509652942005,230.5552308894144,29049.95909206622,28819.403861176805,253.0459715053439,344.089415948838,351.7807929031551,240.75775896199048,9.364389115944505,13.67226549379167,9.760741320919363,543.3420340996236,544.0628347219899,544.1364408517256,543.3407399104908,1,,-0.21812624584113482,-0.21812624584113494,-0.21812624584113482,-0.21812624584113494,-0.07249888694943074,-0.4566898145036298,-0.4891187231217775,-0.2058119073956497,-0.5314836832283691,-0.35151454572699126,-0.3386715549436181,-0.27634452948424437,-0.27716929393066514,-0.27724910200268416,-0.2763564230817237,False,False,False
qwen,110,cap48_chunk2048_polfcfs_mem0.85,48,2048,fcfs,0.85,0,R_long_prefill,7.190520551570365,230.09665765025167,28992.17886393171,28762.08220628146,262.8766221459955,342.9198161466047,348.9771367749199,247.24265560507772,8.97280891395865,13.305489613764708,9.48610758003328,541.1489822436124,542.1481199329719,542.2540320409462,541.3119905861095,1,,-0.21968138895663825,-0.21968138895663825,-0.21968138895663836,-0.21968138895663847,-0.11416468311826988,-0.4517383570045359,-0.4772506026388623,-0.23829088387465558,-0.4674433403302387,-0.31525845217004966,-0.3010059345911953,-0.27119291307390436,-0.27267456505175103,-0.27283053198482876,-0.2715907078669517,False,False,False
qwen,111,cap48_chunk2048_polfcfs_mem0.9,48,2048,fcfs,0.9,0,R_long_prefill,7.587361474117376,242.79556717175603,30592.24146364126,30349.445896469504,221.18568257428703,317.18563528265804,325.5832494376227,219.5014130556956,9.538876854123608,12.847020725659544,9.596988472396568,516.8908650521189,517.716855998151,517.7854816010222,517.0080556999892,1,,-0.17661602876940918,-0.17661602876940918,-0.1766160287694093,-0.17661602876940952,0.0625363566988727,-0.3427936542279786,-0.3782222408199123,-0.09935155857018296,-0.5600199946349214,-0.2699384303112895,-0.31621308860882835,-0.21420907374283304,-0.21532299071491323,-0.2153956099131118,-0.2144985719023822,False,False,False
qwen,112,cap48_chunk8192_pollpm_mem0.75,48,8192,lpm,0.75,0,R_long_prefill,8.984110856664419,287.4915474132614,36223.93497407094,35936.44342665768,232.5250206049532,244.15147302206609,245.75498178135604,201.17701205890623,6.580017544629593,10.420131590968415,7.601038909577314,436.79850781336427,437.4198980629444,437.4953454732895,436.809218255803,1,,-0.025040140716804715,-0.025040140716804715,-0.025040140716804826,-0.025040140716804937,0.014476206425443117,-0.033606229841672164,-0.040302233817002486,-0.00757557173143808,-0.07611819417012988,-0.03003846875106153,-0.04247149286324858,-0.026067101284212413,-0.026828569618696507,-0.02693092243822104,-0.026104266493888195,False,False,False
qwen,113,cap48_chunk8192_pollpm_mem0.8,48,8192,lpm,0.8,0,R_long_prefill,8.057604102141537,257.8433312685292,32488.25973983468,32230.41640856615,250.4953269381076,289.515653019771,295.0063082110137,229.05821551103145,7.627689940554481,11.263084866767448,8.32416376309289,486.9537150952965,487.7444528741762,487.850850909017,487.1072921669111,1,,-0.1255850816048042,-0.1255850816048042,-0.1255850816048043,-0.12558508160480442,-0.061688347492544926,-0.22565380783457267,-0.2487873865159913,-0.1472158776557051,-0.2474580605364054,-0.11336508452866845,-0.14164702064814993,-0.14388483012148678,-0.14496377760157353,-0.1451301814292214,-0.14425898045047103,False,False,False
qwen,114,cap48_chunk8192_pollpm_mem0.85,48,8192,lpm,0.85,0,R_long_prefill,8.839083873286535,282.8506839451691,35639.18617709131,35356.335493146136,234.90517446771264,250.40384328458455,252.5472960295156,206.75432321149856,6.718304533992082,10.317333484248769,7.63079768512398,443.3384956791997,443.6065698042512,443.63224793225527,443.30905145034194,1,,-0.040778535930559356,-0.040778535930559356,-0.04077853593055947,-0.04077853593055969,0.004388267252208866,-0.060075408071990966,-0.06905469138237552,-0.03550899422233322,-0.0987341133923274,-0.019876792431370083,-0.04655286588856322,-0.041429943125235624,-0.04135157445445792,-0.041336046900245504,-0.041372961140595965,False,False,False
qwen,115,cap48_chunk8192_pollpm_mem0.9,48,8192,lpm,0.9,0,R_long_prefill,8.763436088001969,280.429954816063,35334.17430682394,35053.744352007874,239.77055307477715,254.7540944768116,256.831021620892,210.06474690511823,6.697250192143743,10.468450374901291,7.666702138169879,447.5948610343039,448.37209791876376,448.4723426867277,447.7325131883845,1,,-0.048987868525939726,-0.048987868525939726,-0.04898786852593984,-0.04898786852594006,-0.01623293888524624,-0.07849203557788198,-0.08718807476067325,-0.05208893052636521,-0.09529081553246566,-0.034814819776923134,-0.05147710969424035,-0.051428412405227775,-0.0525384921940768,-0.05269718027532555,-0.05176407188730159,False,False,False
qwen,116,cap48_chunk8192_polfcfs_mem0.75,48,8192,fcfs,0.75,0,R_long_prefill,8.873442197125312,283.95015030801,35777.71893880926,35493.76878850125,209.1794284060597,243.45933753065765,248.27808461152017,192.6171095110476,7.421984690271558,10.368190974658052,7.963564430904244,439.3665422685445,440.0456904433668,440.1291426829994,439.4876068690792,1,,-0.03704995475992379,-0.03704995475992379,-0.0370499547599239,-0.03704995475992412,0.11342313492044909,-0.03067609984098363,-0.05098274776363332,0.035295870762690695,-0.21381633223334906,-0.024904096653814323,-0.09219134378290761,-0.03209957534786145,-0.032992529342624755,-0.03311322317825871,-0.03239604301450605,False,False,False
qwen,117,cap48_chunk8192_polfcfs_mem0.8,48,8192,fcfs,0.8,0,R_long_prefill,7.458311243055247,238.6659597777679,30071.910931998755,29833.244972220986,295.8243857137859,338.79676717333496,338.8207735028118,260.8209449099377,7.439173630348618,12.692976972058172,8.577257871717936,526.518622180447,527.3233894025907,527.4366281880066,526.7159389331937,1,,-0.1906206194433394,-0.1906206194433394,-0.19062061944333952,-0.19062061944333963,-0.25380903131206023,-0.43428358168835834,-0.4342578326740558,-0.30629643018167196,-0.21662746929034982,-0.2547110801866759,-0.17635851158931626,-0.2368252793200576,-0.23787400633710498,-0.23804970433881678,-0.23730326554871017,False,False,False
qwen,118,cap48_chunk8192_polfcfs_mem0.85,48,8192,fcfs,0.85,0,R_long_prefill,7.542642193103051,241.3645501792976,30411.9333225915,30170.5687724122,285.3305442258716,329.45417701266706,329.4857172202319,250.81416370812804,7.507784389740518,12.735565426579166,8.623086058744981,518.2032778393477,518.6537459027022,518.7013348843902,518.1298315292224,1,,-0.18146898579771997,-0.18146898579772008,-0.18146898579772008,-0.1814689857977203,-0.2093323963011997,-0.39473207182689185,-0.3947417267006059,-0.2561784361453927,-0.22784830358093822,-0.258920983497235,-0.18264378115754631,-0.21729201372589646,-0.217522308406771,-0.21754538834353077,-0.2171337245418392,False,False,False
qwen,119,cap48_chunk8192_polfcfs_mem0.9,48,8192,fcfs,0.9,0,R_long_prefill,8.715570092682505,278.8982429658401,35141.178613695854,34862.28037073002,208.9441663119942,245.47876694705337,250.60087237041444,192.7633690647781,7.562033899669204,10.6832321402767,8.125737482201188,443.3672172017396,448.6509575508535,449.35997938737273,444.6612310130149,1,,-0.05418230844388627,-0.054182308443886495,-0.054182308443886495,-0.054182308443886495,0.11442025940548095,-0.039225279576317496,-0.06081531057373457,0.03456334395973748,-0.23672045084545723,-0.05604617168371551,-0.11443314321307474,-0.04149741178378141,-0.05319310584656756,-0.05478072604378914,-0.04454935293897622,False,False,False
qwen,120,cap64_chunk-1_pollpm_mem0.75,64,-1,lpm,0.75,0,R_long_prefill,8.982664893326623,287.44527658645194,36218.10484989295,35930.65957330649,247.3961021751165,247.8678171988577,247.91746924631295,212.8586429171264,6.097736114996575,9.917859358322474,7.220999255115466,436.7352104745805,437.0487347478047,437.0610284851864,436.7096198257059,1,,-0.025197057326009298,-0.025197057326009298,-0.025197057326009187,-0.02519705732600963,-0.04855272992495241,-0.04933923544602692,-0.04945623152679213,-0.06608188798630121,0.0027557324749528656,0.01961154928318476,0.009650396084706747,-0.0259184118638891,-0.02595727615978527,-0.025911452060220164,-0.025870300794934353,False,False,False
qwen,121,cap64_chunk-1_pollpm_mem0.8,64,-1,lpm,0.8,0,R_long_prefill,7.569801129719907,242.23363615103705,30521.438155030664,30279.204518879626,249.39169897697863,318.6654903925956,328.4196166135371,233.84451877791437,8.716534432624616,12.681135336207523,9.22290461828872,519.6442224550992,520.4273095121607,520.4898619232699,519.7545619448647,1,,-0.17852168545328917,-0.17852168545328906,-0.17852168545328928,-0.1785216854532895,-0.05701077940926047,-0.3490585660958512,-0.390228830015545,-0.17118761379620184,-0.42553134994502306,-0.25354052486761636,-0.26490802906539135,-0.22067688303874422,-0.2216856896162056,-0.2217435900863527,-0.22095036288580516,False,False,False
qwen,122,cap64_chunk-1_pollpm_mem0.85,64,-1,lpm,0.85,0,R_long_prefill,7.994568841322317,255.8262029223141,32234.10156821158,31978.275365289268,252.8800864238292,288.681388925761,293.70718432590365,230.91463628225029,7.511491301439463,11.108587213581608,8.226589908102348,485.78638257458806,486.8230325868353,486.90826799254864,485.93892343342304,1,,-0.13242569722038267,-0.13242569722038278,-0.1324256972203829,-0.1324256972203829,-0.07179580693504573,-0.22212198165212715,-0.24328808200591068,-0.15651358120936587,-0.2284545443844559,-0.09809286606157075,-0.12826490755986564,-0.1411426927873778,-0.14280077431832616,-0.14291766064723177,-0.14151437687489343,False,False,False
qwen,123,cap64_chunk-1_pollpm_mem0.9,64,-1,lpm,0.9,0,R_long_prefill,8.268927396694586,264.6056766942268,33340.31526347257,33075.70958677834,231.84588830918076,273.8553656032309,279.7592330304906,211.41776908189055,7.746960502117872,11.362154786324789,8.400654499118607,472.0016638748348,472.6647289237008,472.72945682983845,471.8380585545674,1,,-0.10265218008479826,-0.10265218008479804,-0.10265218008479837,-0.1026521800847986,0.017354610799851344,-0.15935656033287904,-0.1842451898349664,-0.05886541099684517,-0.2669639692147203,-0.1231582265201363,-0.15213761446348562,-0.10876152365500147,-0.10956463036825936,-0.10963579884674246,-0.10839017296907216,False,False,False
qwen,124,cap64_chunk-1_polfcfs_mem0.75,64,-1,fcfs,0.75,0,R_long_prefill,8.343289905398436,266.98527697274994,33640.14489856649,33373.15962159374,227.61589707806704,270.0095032574609,275.9748094761744,209.06069898046556,7.754587906322652,11.175262891206769,8.35680483930534,468.08048407547176,468.6095731332898,468.64669915288687,468.1216489989311,1,,-0.09458232629753449,-0.09458232629753449,-0.09458232629753471,-0.09458232629753494,0.03528281910203135,-0.14307524435104946,-0.16822539544981163,-0.047060253783560047,-0.26821138054506743,-0.10468381093442503,-0.14612369704102846,-0.09955042627628585,-0.10004528788226774,-0.10005235950123836,-0.09965999159537264,False,False,False
qwen,125,cap64_chunk-1_polfcfs_mem0.8,64,-1,fcfs,0.8,0,R_long_prefill,8.730223930200834,279.3671657664267,35200.26288656976,34920.89572080334,215.9185465425253,250.60983065050092,255.4900155728683,197.6293221814558,7.454462905204103,10.59892860451533,8.048483947922866,447.0068966038525,447.6106863468885,447.680881768465,447.13232456706464,1,,-0.052592067228838135,-0.052592067228838135,-0.052592067228838246,-0.05259206722883836,0.08486035378869172,-0.0609474479660963,-0.08151147940863135,0.010192689264262977,-0.21912792870950204,-0.04771269872055184,-0.10383793272064978,-0.05004724706693131,-0.0507511040146591,-0.050839387502727984,-0.050354174661467965,False,False,False
qwen,126,cap64_chunk-1_polfcfs_mem0.85,64,-1,fcfs,0.85,0,R_long_prefill,9.121752531419492,291.8960810054237,36778.906206683394,36487.01012567797,239.5554832182825,239.9368637241423,239.9693287350237,204.79315984994173,6.131901187942393,9.982685440580449,7.261898627715005,429.9311109352857,430.5154439527541,430.5863775406033,429.9120173091069,1,,-0.010103202605543093,-0.010103202605543316,-0.010103202605543204,-0.010103202605543427,-0.015321396289508682,-0.015763837277901205,-0.0158110607609685,-0.025686697554059945,-0.0028317384326514983,0.013203438414219337,0.004041106286533203,-0.009935155130520013,-0.010620594697207109,-0.010713532046252361,-0.00990211914331196,False,False,False
qwen,127,cap64_chunk-1_polfcfs_mem0.9,64,-1,fcfs,0.9,0,R_long_prefill,9.028059209376504,288.8978947000481,36401.13473220606,36112.23683750601,242.67139146104452,243.0441613774747,243.08512083254757,207.69013988319784,6.194210949263746,10.052987579406508,7.328801202557741,434.90335904061794,435.125430021435,435.1330512948334,434.8829771624878,1,,-0.020270845183889663,-0.020270845183889885,-0.020270845183889885,-0.020270845183890107,-0.028527724382063413,-0.028918466953907762,-0.029000479977085325,-0.04019594134602911,-0.01302208631204782,0.006254014907026484,-0.0051344850901697825,-0.021615277908055175,-0.021442382690455952,-0.0213859195830981,-0.021579352363094717,False,False,False
qwen,128,cap64_chunk2048_pollpm_mem0.75,64,2048,lpm,0.75,0,R_long_prefill,7.358942816676685,235.48617013365396,29671.257436840395,29435.771266706743,225.62752501107752,333.3337712334469,343.5730903455988,222.17475273646411,9.964137293037869,13.83427800685768,10.077381322550918,534.5157810952514,535.1155927637592,535.1668031187728,534.5735737355426,1,,-0.201404126965107,-0.2014041269651069,-0.20140412696510712,-0.20140412696510723,0.0437102475886475,-0.4111561904538288,-0.4543748036160973,-0.11274072132648216,-0.629568516728136,-0.3675296141951925,-0.38209827320250733,-0.2556111073836662,-0.25616594291099926,-0.2561947103472184,-0.25576155868509587,False,False,False
qwen,129,cap64_chunk2048_pollpm_mem0.8,64,2048,lpm,0.8,0,R_long_prefill,7.258971682607674,232.2870938434456,29268.17382427414,29035.8867304307,233.8957516476512,337.84346554894,347.5475033605471,228.45494002103808,9.845555181645096,13.804617410735975,10.024031785677275,539.2099639866501,539.4546396797523,539.4743015570566,539.1999253770337,1,,-0.2122530406037898,-0.2122530406037897,-0.2122530406037899,-0.21225304060379002,0.008666560419797964,-0.4302478145242432,-0.47119883992898304,-0.14419443081880878,-0.6101751995055973,-0.3645976401846218,-0.3747814613811451,-0.2666380375267825,-0.2663517103120434,-0.2663056827047474,-0.26662927612153275,False,False,False
qwen,130,cap64_chunk2048_pollpm_mem0.85,64,2048,lpm,0.85,0,R_long_prefill,7.734821948220547,247.5143023430575,31186.802095225245,30939.287792882187,202.8708695434034,305.98662132397294,315.6309356726706,205.40929934941232,9.805482707076496,12.88261753131425,9.733784117645794,507.0094659458846,507.7617720235139,507.8609919641167,507.156606996432,1,,-0.16061355001829125,-0.16061355001829125,-0.16061355001829136,-0.16061355001829147,0.14016105261265388,-0.295383042886983,-0.33609323018386905,-0.02877257253595711,-0.6036216122733131,-0.27345720345430635,-0.33497441350356993,-0.19099704724502642,-0.19195376429568056,-0.19209989853467335,-0.19135663001244274,False,False,False
qwen,131,cap64_chunk2048_pollpm_mem0.9,64,2048,lpm,0.9,0,R_long_prefill,7.817995817138339,250.17586614842685,31522.159134701786,31271.98326855336,193.86523542925715,299.04164446052164,309.1076353145763,198.1717779999599,9.90365010746304,12.8515956194831,9.772776043973863,501.1600856669247,501.73053534235805,501.7826624540612,501.1278353631496,1,,-0.1515874833512737,-0.1515874833512737,-0.1515874833512737,-0.1515874833512738,0.17833013511666707,-0.26598174023123056,-0.30847953183604737,0.007475851858862681,-0.61967623901463,-0.27039066228049013,-0.34032209980440187,-0.1772564859569692,-0.17779563806098442,-0.1778322621009829,-0.1771945014764882,False,False,False
qwen,132,cap64_chunk2048_polfcfs_mem0.75,64,2048,fcfs,0.75,0,R_long_prefill,7.827419735568903,250.4774315382049,31560.15637381382,31309.678942275616,193.86509456671772,300.1814764691517,310.5126001080498,198.78610281739384,9.9475251270398,12.859755363916197,9.792884331076376,502.25308910012245,502.9325569979847,502.9900541715324,502.3655170807615,1,,-0.15056479537095524,-0.15056479537095524,-0.15056479537095524,-0.15056479537095535,0.1783307321422426,-0.2708071768772198,-0.3144268701259587,0.004399065536111357,-0.6268517072433821,-0.27119725964328656,-0.3430799222973595,-0.17982401960082073,-0.18061734366414428,-0.18066636743032216,-0.18010192750580645,False,False,False
qwen,133,cap64_chunk2048_polfcfs_mem0.8,64,2048,fcfs,0.8,0,R_long_prefill,7.853929434475928,251.3257419032297,31667.04347980694,31415.717737903717,190.07822894491252,294.6283470373601,304.73552136681974,194.53919923398644,9.899000997745222,12.799662687335042,9.754144177291424,496.9472598750144,497.4849531427026,497.5531818345189,496.9176687300205,1,,-0.14768795060263173,-0.14768795060263173,-0.14768795060263196,-0.14768795060263196,0.19438081640263305,-0.24729820883876696,-0.28997199284991937,0.02566927062737223,-0.6189159079790205,-0.26525704976892617,-0.337766766236671,-0.16736029384276052,-0.1678292759531419,-0.16790442063020694,-0.16730444017660506,False,False,False
qwen,134,cap64_chunk2048_polfcfs_mem0.85,64,2048,fcfs,0.85,0,R_long_prefill,6.601034865717484,211.23311570295948,26615.372578572893,26404.13946286993,240.301817888394,386.7672054795548,403.008863455616,245.4199274070561,11.45060594764448,15.636427716291958,11.289843222907471,595.2706022653729,595.997121068649,596.085637039505,595.4050673171878,1,,-0.2836526478266522,-0.2836526478266522,-0.28365264782665234,-0.28365264782665256,-0.0184846282438631,-0.6373646578244963,-0.7059716057920205,-0.2291619263091913,-0.8726705986657937,-0.545673576290141,-0.5483856692204281,-0.3983279943051372,-0.39908329281288757,-0.3991892243674773,-0.3986602258665375,False,False,False
qwen,135,cap64_chunk2048_polfcfs_mem0.9,64,2048,fcfs,0.9,0,R_long_prefill,7.733165932932924,247.4613098538536,31180.12504158555,30932.663731731696,194.5415420923382,305.7570705888793,316.74474937375635,201.08253427315503,10.129022321874096,13.02071177746139,9.923556038448888,508.5412340704352,509.2083371710032,509.3020999338478,508.71277146507055,1,,-0.16079326156209905,-0.16079326156209894,-0.16079326156209917,-0.16079326156209928,0.17546370677925494,-0.2944112483410779,-0.34080810055148714,-0.007102388895984246,-0.6565343687602097,-0.2871079318163188,-0.3610013579695244,-0.19459526667866234,-0.19534952756075952,-0.19548260500687142,-0.19501220076026748,False,False,False
qwen,136,cap64_chunk8192_pollpm_mem0.75,64,8192,lpm,0.75,0,R_long_prefill,7.457772770183345,238.64872864586704,30069.739809379247,29831.091080733386,293.56390866450965,335.5956215877086,335.6301383767277,258.1310647074133,7.441292967527143,12.708045235804972,8.5885671846148,524.3878106120974,525.0099285971373,525.0845008250326,524.3766474304721,1,,-0.19067905476808034,-0.19067905476808034,-0.19067905476808034,-0.19067905476808034,-0.24422832506765246,-0.42073165026243364,-0.42075159640205473,-0.29282442582486223,-0.2169740728186722,-0.2562005902932416,-0.17790956749616016,-0.23181986925063147,-0.23244323453122173,-0.23252856600547545,-0.23180805873714094,False,False,False
qwen,137,cap64_chunk8192_pollpm_mem0.8,64,8192,lpm,0.8,0,R_long_prefill,7.374996617692618,235.99989176616376,29735.98636253664,29499.98647077048,299.4919014163316,341.0831668181345,341.13364995922893,264.1496234573424,7.433488244010556,12.676759710865875,8.579112131208662,530.0809373147786,530.7164419908077,530.7628159318119,530.1020995248109,1,,-0.19966196106475598,-0.1996619610647561,-0.19966196106475598,-0.19966196106475598,-0.2693532681376869,-0.44396297001037355,-0.44404844007787303,-0.32296779415207144,-0.2156976620918467,-0.25310799074965495,-0.17661282059660421,-0.2451933810840552,-0.24583908371750907,-0.24585725036940032,-0.24525766230793145,False,False,False
qwen,138,cap64_chunk8192_pollpm_mem0.85,64,8192,lpm,0.85,0,R_long_prefill,8.780620311553236,280.97984996970354,35403.46109618264,35122.48124621294,244.336316594854,254.26212425809356,255.62527870293707,212.3701786622405,6.510183808483904,10.356892691925166,7.544566505408335,446.15201465785503,446.87035251408815,446.92717779427767,446.2517403298989,1,,-0.04712302864999296,-0.04712302864999296,-0.04712302864999318,-0.04712302864999329,-0.03558426965027017,-0.07640929785498662,-0.08208406001450008,-0.06363546209573823,-0.06469735014903955,-0.0237872522316398,-0.03472638430901731,-0.048039075737177805,-0.049013195122217024,-0.04907022144081208,-0.048285602834227115,False,False,False
qwen,139,cap64_chunk8192_pollpm_mem0.9,64,8192,lpm,0.9,0,R_long_prefill,8.760729043397117,280.34332938870773,35323.25950297717,35042.91617358846,224.5191049296409,253.43893959652632,257.478787987493,203.39256373699757,7.222617105130226,10.486967262301231,7.909067876396641,448.6594430636615,448.9562879083678,448.9725257223472,448.5736679052934,1,,-0.04928163825664844,-0.04928163825664844,-0.049281638256648774,-0.049281638256648885,0.0484081263833237,-0.07292437603995783,-0.08993012618637364,-0.018671947633968067,-0.18121108699757404,-0.03664522913182999,-0.08471722015201011,-0.05392918238818978,-0.053909858640978525,-0.053871257740311984,-0.05374002021377722,False,False,False
qwen,140,cap64_chunk8192_polfcfs_mem0.75,64,8192,fcfs,0.75,0,R_long_prefill,7.6304787169973105,244.17531894391396,30766.09018693316,30521.91486798924,286.41082951799035,326.85166543815285,326.88841063994914,251.598495291546,7.387302079868893,12.520972730952405,8.512654394331959,515.5702990014106,515.7582118874416,515.7687200559303,515.4907815158367,1,,-0.1719369256593094,-0.1719369256593093,-0.1719369256593094,-0.17193692565930974,-0.21391102984550292,-0.3837144353434543,-0.3837471018193912,-0.26010668488266875,-0.20814422150986256,-0.23770832128861796,-0.16749823810356146,-0.21110698123228921,-0.21072513922370728,-0.21066167430609717,-0.21093435794184212,False,False,False
qwen,141,cap64_chunk8192_polfcfs_mem0.8,64,8192,fcfs,0.8,0,R_long_prefill,8.34465647432461,267.0290071783876,33645.65490447683,33378.62589729844,251.20859290473163,281.2801614869386,281.3109810743481,218.7332372413948,7.0831002066693,11.625299926456664,8.133784732631138,470.9131142590195,471.1051127873361,471.1227445118129,470.8805639529601,1,,-0.09443402560654568,-0.09443402560654546,-0.09443402560654568,-0.09443402560654579,-0.0647114225122829,-0.19078915906231408,-0.19081387440300634,-0.09550422443710738,-0.1583940243059212,-0.1491703372919091,-0.11553681197058951,-0.10620445230763131,-0.10590348369077751,-0.1058643700077504,-0.10614093175622119,False,False,False
qwen,142,cap64_chunk8192_polfcfs_mem0.85,64,8192,fcfs,0.85,0,R_long_prefill,8.971461101212478,287.0867552387993,36172.93116008871,35885.84440484991,204.543034080416,240.85359817836436,245.96110467333347,187.2965490911156,7.516950098497253,10.5981181473321,8.077211002068173,437.5684871338308,438.1360835861415,438.214087029919,437.690090155229,1,,-0.026412898020466313,-0.026412898020466313,-0.026412898020466424,-0.026412898020466646,0.1330738241771502,-0.019644798679714137,-0.04117476996422775,0.06194338208707073,-0.22934729441017043,-0.047632584369911024,-0.10777780664797398,-0.027875831019473774,-0.0285097911626242,-0.02861802136940117,-0.028173514065733762,False,False,False
qwen,143,cap64_chunk8192_polfcfs_mem0.9,64,8192,fcfs,0.9,0,R_long_prefill,8.766741990223306,280.5357436871458,35347.50370458037,35066.96796089322,211.3354625180364,246.882552257739,251.8750287545845,193.95769305992872,7.480617282131026,10.581564210775875,8.049120382976628,443.23459826409817,444.7875615209341,444.9789366871119,443.4804249322042,1,,-0.04862911049012053,-0.04862911049012053,-0.04862911049012064,-0.048629110490120864,0.10428509501582583,-0.045168152762889324,-0.06620892547861401,0.028581687954755575,-0.2234053034546828,-0.04599621429979073,-0.10392521886778017,-0.04118588157823577,-0.0441239129798503,-0.044497123559851914,-0.041775532912329494,False,False,False
qwen,144,cap96_chunk-1_pollpm_mem0.75,96,-1,lpm,0.75,0,R_long_prefill,8.68446372912879,277.9028393321213,35015.757755847284,34737.85491651516,262.83256127499044,263.21448259986937,263.25251621194184,221.0499255452305,6.111857195895525,10.727107872615658,7.466693615330563,452.458607731387,453.0113195069134,453.0491654761136,452.517427620478,1,,-0.05755798538253898,-0.05755798538253898,-0.05755798538253909,-0.0575579853825392,-0.11397793746557361,-0.11430877574590337,-0.11437082043317526,-0.1071071333299849,0.00044632342343586817,-0.06038332345182984,-0.024046230064488583,-0.06285365856698677,-0.063428909590723,-0.06344033651132097,-0.06300426762580824,False,False,False
qwen,145,cap96_chunk-1_pollpm_mem0.8,96,-1,lpm,0.8,0,R_long_prefill,9.259137515185612,296.2924004859396,37332.84246122839,37036.550060742455,232.83372353762388,233.10356575530025,233.12718567904085,198.92672391142696,6.13289943806106,9.872419512530248,7.231581636944846,423.1243196409196,423.3853727113456,423.39381284080446,423.1057546567172,1,,0.0048058792810499185,0.0048058792810499185,0.0048058792810499185,0.0048058792810499185,0.013167813528619843,0.013164676908540951,0.013152326486119414,0.003694778412210553,-0.002994995613615492,0.024103314936190223,0.00819903772238828,0.006054424704402428,0.006117008888081421,0.006169543804235622,0.006086405948677265,True,True,True
qwen,146,cap96_chunk-1_pollpm_mem0.85,96,-1,lpm,0.85,0,R_long_prefill,7.699760837332761,246.39234679464835,31045.43569612569,30799.04334933104,244.94583858177063,311.40061046462506,320.76064524706453,231.31577705498785,8.590626147305294,12.24871753234296,9.030926499455688,511.2552491482347,511.9054586626589,511.9737716205418,511.2744985381141,1,,-0.16441839796405222,-0.16441839796405222,-0.16441839796405244,-0.16441839796405255,-0.03816764076126011,-0.31830296564971583,-0.3578077374153936,-0.15852265590084946,-0.40493988560470795,-0.21079567383911235,-0.23857850773051403,-0.2009706583842339,-0.201680929985818,-0.20175380834207646,-0.20102992879663772,False,False,False
qwen,147,cap96_chunk-1_pollpm_mem0.9,96,-1,lpm,0.9,0,R_long_prefill,8.36189143838389,267.58052602828445,33715.14627956384,33447.56575353556,231.86559486202896,272.0788134727627,277.7388072479516,211.4781318232417,7.672658896133784,11.227472554591872,8.333948392030452,469.7180206421762,470.3866511117667,470.47375976108015,469.83053197618574,1,,-0.09256367934723597,-0.09256367934723597,-0.09256367934723608,-0.0925636793472363,0.01727108741526795,-0.15183559260345447,-0.1756925515950356,-0.05916773193801905,-0.2548124347373091,-0.10984477855347219,-0.14298896835516683,-0.10339710241686295,-0.10421691895534191,-0.10434101092378723,-0.10367431189955822,False,False,False
qwen,148,cap96_chunk-1_polfcfs_mem0.75,96,-1,fcfs,0.75,0,R_long_prefill,8.609026796290026,275.48885748128083,34711.59604264138,34436.1071851601,264.2664024606347,264.54288931563497,264.5671443082392,222.7175321895629,6.1473693217962015,10.736396720242354,7.493916805082511,454.83485143631697,455.5627807741985,455.66049985121936,455.0289531471208,1,,-0.06574443617312331,-0.06574443617312331,-0.06574443617312353,-0.06574443617312364,-0.12005506671808663,-0.11993253643914614,-0.11993575561904057,-0.11545917962439134,-0.005361449053792322,-0.06130153358212764,-0.027779851165342873,-0.06843560412460348,-0.06941837951453245,-0.0695699103373486,-0.0689040677000532,False,False,False
qwen,149,cap96_chunk-1_polfcfs_mem0.8,96,-1,fcfs,0.8,0,R_long_prefill,7.781149339728942,248.99677887132611,31373.59413778709,31124.59735891577,236.0591795295477,303.40428054332733,312.8894820064306,220.2990958467126,8.682314193837584,12.605387310407334,9.1963252991498,505.291479639709,505.9442778117955,506.0085884667933,505.3851801203564,1,,-0.15558608009649288,-0.155586080096493,-0.1555860800964931,-0.1555860800964931,-0.0005028169132073046,-0.2844507987132676,-0.3244884181380543,-0.10334667553704557,-0.41993485703025457,-0.2460527710110556,-0.2612627138878667,-0.18696138961870323,-0.1876872574678623,-0.18775175985864667,-0.18719538844665973,False,False,False
qwen,150,cap96_chunk-1_polfcfs_mem0.85,96,-1,fcfs,0.85,0,R_long_prefill,8.868077149447691,283.7784687823261,35756.08706657309,35472.30859779077,210.7981755398214,244.0867798635736,248.76861017663032,192.0612360117957,7.402310012689521,10.55281911601102,8.010342352903418,440.2697859331965,440.9413694171235,441.025351784192,440.38184895180166,1,,-0.037632172211630954,-0.037632172211630954,-0.037632172211631065,-0.037632172211631065,0.10656230845131354,-0.033332353748203314,-0.05305918518691377,0.038079909322002226,-0.21059866930663818,-0.04315473834171768,-0.09860686812893849,-0.034221351389135846,-0.03509510575383268,-0.0352168909052597,-0.034496698353291944,False,False,False
qwen,151,cap96_chunk-1_polfcfs_mem0.9,96,-1,fcfs,0.9,0,R_long_prefill,9.177147292084566,293.6687133467061,37002.25788168497,36708.589168338265,238.0332991015166,238.31445057876408,238.3393404725939,202.45341584086415,6.0974309491294045,10.035238767253052,7.254154402612437,427.13242350146174,427.89657581597567,427.9945745691657,427.33220232184976,1,,-0.004091737595293021,-0.004091737595293021,-0.004091737595293132,-0.004091737595293243,-0.008869838253426465,-0.00889541124023241,-0.00891117853595702,-0.013968316395474911,0.0028056403269721697,0.008008499400153468,0.005103215558670993,-0.003360862747975535,-0.004472889403468461,-0.0046298041991430505,-0.0038419009644015123,False,False,False
qwen,152,cap96_chunk2048_pollpm_mem0.75,96,2048,lpm,0.75,0,R_long_prefill,7.705478267365508,246.57530455569625,31068.48837401773,30821.913069462036,209.65276332572105,309.6798167331144,318.3256930252537,209.33392643928528,9.681884191870209,12.966395892773662,9.700226871627232,510.0824625696987,510.65194404218346,510.7019319804385,510.0409594597295,1,,-0.16379793981642665,-0.16379793981642665,-0.16379793981642676,-0.16379793981642676,0.11141697306981335,-0.31101804903976715,-0.34750037266849665,-0.048428687036522255,-0.58340789550375,-0.28173876251128815,-0.33037208574686394,-0.19821570912607922,-0.19873834637122068,-0.19876842468412725,-0.19813223420065018,False,False,False
qwen,153,cap96_chunk2048_pollpm_mem0.8,96,2048,lpm,0.8,0,R_long_prefill,7.341575796631674,234.9304254922136,29601.23361201891,29366.303186526697,228.7796963937581,334.695672034286,344.33336730580777,224.6534761507064,9.891545722982094,13.777116445764417,10.028934831009998,535.5809710454196,535.9251817455515,535.94974021893,535.5504559120163,1,,-0.2032888040009756,-0.2032888040009755,-0.2032888040009756,-0.20328880400097582,0.030350223402973553,-0.4169217471172795,-0.45759312217994497,-0.12515516736934318,-0.6176966472763363,-0.3618791474668299,-0.3754539069571228,-0.2581133054107554,-0.25806642594762885,-0.2580324951986337,-0.2580563430606273,False,False,False
qwen,154,cap96_chunk2048_pollpm_mem0.85,96,2048,lpm,0.85,0,R_long_prefill,7.760335265876002,248.33072850803208,31289.671792012043,31041.34106350401,197.5312209688127,321.741992724128,334.1848556185141,206.70725672971457,9.959748465447657,12.988552042553502,9.718455742263506,506.36261282488704,507.1878409478813,507.3012064117938,506.5703075379133,1,,-0.15784483300354546,-0.15784483300354535,-0.15784483300354546,-0.15784483300354557,0.1627923836663817,-0.36208282491614074,-0.41463358865723343,-0.03527326630885286,-0.6288507531068583,-0.2839289159074725,-0.3328721489897273,-0.18947754867773225,-0.19060648030594596,-0.19078591634134834,-0.18997935968323287,False,False,False
qwen,155,cap96_chunk2048_pollpm_mem0.9,96,2048,lpm,0.9,0,R_long_prefill,7.855936947137086,251.38998230838675,31675.13777085673,31423.747788548342,195.33273833803835,299.70114012248814,309.2325007263571,199.16851806920025,9.852004094770358,12.820012726250194,9.73111157861328,500.7448652759194,501.426382153295,501.4942985353992,500.8329770062119,1,,-0.14747009440151648,-0.14747009440151648,-0.1474700944015166,-0.14747009440151682,0.17211033550120614,-0.26877369072132873,-0.30900809799515616,0.002483775801790933,-0.6112298764421931,-0.26726866763960233,-0.33460787864062524,-0.1762811072059618,-0.17708164863011122,-0.17715538672835662,-0.17650185259129936,False,False,False
qwen,156,cap96_chunk2048_polfcfs_mem0.75,96,2048,fcfs,0.75,0,R_long_prefill,6.5265364145568725,208.84916526581992,26314.99482349331,26106.14565822749,243.32830612547696,394.54119356814766,411.4117500977591,249.9905290314928,11.610716003023327,15.772137721069155,11.393321095965804,603.2605022192001,603.7032459164038,603.7476991163567,603.1834830064327,1,,-0.29173725415210583,-0.29173725415210583,-0.29173725415210583,-0.29173725415210594,-0.03131196252754065,-0.6702755488366441,-0.7415417565208864,-0.25205334167403426,-0.8988555354830805,-0.5590886204567678,-0.5625775098475712,-0.417096770613955,-0.4171731629577171,-0.41717434937000286,-0.4169324261583891,False,False,False
qwen,157,cap96_chunk2048_polfcfs_mem0.8,96,2048,fcfs,0.8,0,R_long_prefill,7.444621927855219,238.227901691367,30016.715613112243,29778.48771142088,222.75520372204485,328.3189356792718,338.1239732448012,218.73961226083335,9.864102192823925,13.725764902999565,9.992435232796256,528.5423716995865,529.0371727896854,529.0932720294222,528.5051044775173,1,,-0.19210619025096165,-0.19210619025096165,-0.19210619025096176,-0.19210619025096176,0.05588416747807612,-0.38992606963469933,-0.4313082165170268,-0.095536153104254,-0.6132084400770155,-0.35680300576787505,-0.37044803985245034,-0.24157919391840155,-0.24189705547547224,-0.24193833722558766,-0.2415061768467479,False,False,False
qwen,158,cap96_chunk2048_polfcfs_mem0.85,96,2048,fcfs,0.85,0,R_long_prefill,7.94590027293441,254.26880873390112,32037.86990047154,31783.60109173764,184.80005394667387,292.7341323811561,302.7595574501902,190.22551563102752,10.016371420915087,12.912746543635524,9.841871237562549,495.3075679950416,495.6076880916953,495.6373522058129,495.3235239954665,1,,-0.1377072327383677,-0.1377072327383677,-0.13770723273836782,-0.13770723273836794,0.2167516005611776,-0.2392791211589933,-0.28160756555932487,0.04727393697586746,-0.6381110616353545,-0.2764354807865512,-0.34979840567086895,-0.16350855473608328,-0.16342245908071074,-0.163407402071728,-0.16355965035722742,False,False,False
qwen,159,cap96_chunk2048_polfcfs_mem0.9,96,2048,fcfs,0.9,0,R_long_prefill,7.2860881054732305,233.15481937514335,29377.507241268067,29144.352421892923,197.82666745595637,334.0790217742324,348.5146552696824,210.8600534265861,11.050670708139098,14.043086257973505,10.636790283775378,540.493946056813,541.2234994350001,541.2978271907195,540.6005522236228,1,,-0.20931035387128416,-0.20931035387128427,-0.20931035387128416,-0.20931035387128438,0.16154017630370487,-0.41431118105132203,-0.47529287816259624,-0.05607214617744116,-0.8072638448383984,-0.38817047936702487,-0.458820403146343,-0.26965419197160445,-0.27050404938116324,-0.270586036496949,-0.26991947496117663,False,False,False
qwen,160,cap96_chunk8192_pollpm_mem0.75,96,8192,lpm,0.75,0,R_long_prefill,7.429569070745567,237.74621026385813,29956.022493246124,29718.276282982268,295.38209550082684,338.7290731072426,338.7488530576229,259.58249950781465,7.4823298191110945,12.833670779101311,8.646072203954382,527.4029555730522,528.1808763742447,528.2815805822611,527.6107378304005,1,,-0.19373973325633875,-0.19373973325633875,-0.19373973325633886,-0.19373973325633898,-0.25193444797731934,-0.43399700136356945,-0.43395338716802856,-0.30009379638503875,-0.22368537751070794,-0.26861877725406047,-0.18579629772754092,-0.23890263394579048,-0.2398869283017191,-0.2400330574204581,-0.2394052288949604,False,False,False
qwen,161,cap96_chunk8192_pollpm_mem0.8,96,8192,lpm,0.8,0,R_long_prefill,7.471392983507497,239.0845754722399,30124.656509502227,29885.571934029984,295.6688618287444,338.2266447180882,338.2505410211161,259.94491926394403,7.437057177265807,12.753618196133644,8.597466880605827,526.2639266438782,527.0175891229883,527.1212822617963,526.4663925627246,1,,-0.1892009829279414,-0.1892009829279414,-0.1892009829279414,-0.18920098292794163,-0.25314986573590526,-0.43186998936298093,-0.4318439889334196,-0.3019089406167359,-0.21628133743673805,-0.26070551442626155,-0.1791301479294618,-0.2362269835240729,-0.23715615041632132,-0.23730949421717562,-0.23671705860818637,False,False,False
qwen,162,cap96_chunk8192_pollpm_mem0.85,96,8192,lpm,0.85,0,R_long_prefill,7.674917675204096,245.59736560653107,30945.268066422912,30699.670700816383,268.81456607952714,313.0288087995723,319.2276802146808,256.4258088823408,7.823410451472286,10.633553275387852,8.231074654407077,511.6013197693974,512.21037148498,512.2671642433852,511.5891231689602,1,,-0.1671143893915339,-0.1671143893915339,-0.1671143893915341,-0.16711438939153422,-0.13933180283804103,-0.32519588307343006,-0.3513185629702098,-0.28428381725675833,-0.27946685099059265,-0.05113537555099179,-0.12887998402915102,-0.20178359998715645,-0.2023967026303386,-0.20244248757016559,-0.20176901044272655,False,False,False
qwen,163,cap96_chunk8192_pollpm_mem0.9,96,8192,lpm,0.9,0,R_long_prefill,8.966340031198238,286.9228809983436,36152.28300579129,35865.36012479295,196.2962974794209,240.3707926860079,246.5566000668332,183.1286490196362,7.8008605032077725,10.67529307648299,8.226638160375577,438.1434100214392,438.4633907582611,438.4735861700028,438.1544319912791,1,,-0.026968638903467457,-0.026968638903467457,-0.02696863890346779,-0.02696863890346779,0.16802642892685893,-0.01760085948686596,-0.0436955538099717,0.08281790574393222,-0.27577895662854135,-0.055261388781311815,-0.12827152528935049,-0.029226360955355357,-0.029278133793724903,-0.029227142572759046,-0.02926429493566407,False,False,False
qwen,164,cap96_chunk8192_polfcfs_mem0.75,96,8192,fcfs,0.75,0,R_long_prefill,8.336645169617452,266.77264542775845,33613.353323897565,33346.58067846981,228.18208788521588,271.97289725299925,278.1329569919035,208.9232476428151,7.825541963440276,11.356181193203213,8.44654647798668,470.7738887518644,470.999954547733,471.0080747120082,470.7661884604022,1,,-0.09530341609321491,-0.09530341609321491,-0.09530341609321502,-0.09530341609321513,0.032883100952575184,-0.15138720020494167,-0.177361021776675,-0.04637184207736644,-0.2798154456249211,-0.12256773198960436,-0.1584316329904487,-0.10587740285577629,-0.10565662824310951,-0.10559520608519035,-0.1058722534042289,False,False,False
qwen,165,cap96_chunk8192_polfcfs_mem0.8,96,8192,fcfs,0.8,0,R_long_prefill,8.827747869560467,282.48793182593494,35593.479410067805,35310.99147824187,208.5570206400007,253.958706674166,253.9822699362412,193.217477761209,7.608388828474187,10.780601795282095,8.110833399358295,444.5152545813471,445.2145175542682,445.3061908762902,444.6533131413162,1,,-0.042008724290201194,-0.042008724290201194,-0.042008724290201305,-0.042008724290201416,0.11606112054952622,-0.07512479073688838,-0.07512906086133841,0.03228898455479401,-0.2443014917679418,-0.06567124114363532,-0.11238906980734442,-0.044194223620792394,-0.04512617797725871,-0.04526528589538725,-0.044530753143935176,False,False,False
qwen,166,cap96_chunk8192_polfcfs_mem0.85,96,8192,fcfs,0.85,0,R_long_prefill,8.897727117446674,284.7272677582936,35875.63573754499,35590.9084697867,208.27658753842115,244.750873465091,249.8782544024289,191.58931623678652,7.522971144006137,10.53671411749336,8.060412748055834,441.4886930026114,441.7503181146458,441.7599902162328,441.46211142651737,1,,-0.0344145439911826,-0.0344145439911826,-0.03441454399118282,-0.03441454399118282,0.11724969584087996,-0.036143769445311724,-0.0577564058026383,0.04044347378819002,-0.23033199643810431,-0.04156274616124023,-0.10547395040594432,-0.0370846405741434,-0.03699408574456964,-0.03694130450298161,-0.037034332377283485,False,False,False
qwen,167,cap96_chunk8192_polfcfs_mem0.9,96,8192,fcfs,0.9,0,R_long_prefill,8.679172393124315,277.7335165799781,34994.42308907724,34716.68957249726,218.37674244306984,254.6553768683225,259.7538808081299,199.858327396214,7.541524291399025,10.748530998675813,8.137794879956111,452.1639954764396,452.38922727294266,452.3929223511368,452.12996867485344,1,,-0.05813220360943416,-0.05813220360943416,-0.058132203609434274,-0.058132203609434496,0.07444164468396286,-0.07807411823392152,-0.0995607921704118,-0.0009710673730747299,-0.23336624054660238,-0.06250101685811926,-0.11608679787622633,-0.06216159589500103,-0.06196856889381408,-0.061899939877050114,-0.06209409160254564,False,False,False
qwen,168,cap128_chunk-1_pollpm_mem0.75,128,-1,lpm,0.75,0,R_long_prefill,8.336775781842592,266.77682501896294,33613.87995238933,33347.10312737037,275.2449801191688,275.5539121106267,275.58200623840094,235.16378528438509,6.126992689866212,10.563087917023124,7.428031426013237,465.1817535050213,466.1355037242174,466.2608366459608,465.4327594907954,1,,-0.09528924199422228,-0.09528924199422228,-0.09528924199422228,-0.0952892419942224,-0.16658618613887954,-0.1665472941424655,-0.16656262514605502,-0.17779503226275173,-0.0020289861527371666,-0.044169817659869715,-0.01874376671777278,-0.09274112628871145,-0.09423749275519366,-0.09445203481116016,-0.09334354752524554,False,False,False
qwen,169,cap128_chunk-1_pollpm_mem0.8,128,-1,lpm,0.8,0,R_long_prefill,8.073663698525305,258.35723835280976,32553.01203245403,32294.654794101218,242.74669564329088,282.32346798758954,287.8867889707908,219.5533143822104,7.671845551099508,11.514311929744096,8.42031200731834,480.5739077273756,481.3070714473725,481.3631238043308,480.5829866090789,1,,-0.12384228678845932,-0.12384228678845932,-0.12384228678845943,-0.12384228678845965,-0.02884689030737486,-0.19520595854076594,-0.2186498417320717,-0.0996115013350225,-0.25467941755557866,-0.13819908369635492,-0.15483361328190082,-0.1288982623204098,-0.12985224017072805,-0.12990156780149165,-0.12893279801427315,False,False,False
qwen,170,cap128_chunk-1_pollpm_mem0.85,128,-1,lpm,0.85,0,R_long_prefill,9.050920481776094,289.629455416835,36493.31138252121,36203.68192710438,240.8276554197073,241.18624429684127,241.2223990773782,206.5094076097012,6.109345952169068,9.90436450247803,7.22205339585461,430.47051737084985,430.89826479554176,430.93681685626507,430.39306288119406,1,,-0.017789929345100264,-0.017789929345100264,-0.017789929345100375,-0.017789929345100486,-0.020713314848493924,-0.02105304371765948,-0.021115416615048455,-0.034282358161973336,0.0008570206663697233,0.020945526741019904,0.009505822206964831,-0.011202254692109781,-0.011519253812077412,-0.011536116728386059,-0.01103213859635277,False,False,False
qwen,171,cap128_chunk-1_pollpm_mem0.9,128,-1,lpm,0.9,0,R_long_prefill,8.979518772237753,287.3446007116081,36205.41968966262,35918.07508895102,206.2387247569859,241.07602720614523,245.9775960398838,188.2853709394112,7.449877538507985,10.55943796471242,8.028041188334747,437.1849284507334,437.7239016350359,437.7899658959359,437.15464777778834,1,,-0.02553847583954172,-0.02553847583954172,-0.02553847583954172,-0.02553847583954194,0.1258868835891892,-0.0205864437411436,-0.0412445793546079,0.05699096367236012,-0.21837802242199333,-0.04380901691025252,-0.1010342378100475,-0.026974827606920382,-0.027542207828736842,-0.02762248367544995,-0.026915711608754167,False,False,False
qwen,172,cap128_chunk-1_polfcfs_mem0.75,128,-1,fcfs,0.75,0,R_long_prefill,7.309699402065865,233.9103808661077,29472.70798912957,29238.79760826346,245.08495489135385,314.88920082338154,324.72245411016047,229.44540658500048,9.173833592344195,13.16345034377469,9.68354940789962,529.4822342693806,530.2188159199432,530.2943789446726,529.6354382298887,1,,-0.206748045060683,-0.206748045060683,-0.206748045060683,-0.20674804506068323,-0.038757265193124946,-0.33307178389006453,-0.37457841925614477,-0.14915508663257082,-0.5003195921670509,-0.3012177549978712,-0.32808479571768245,-0.24378699006546678,-0.24467092317242756,-0.24475769026599692,-0.24416143281982827,False,False,False
qwen,173,cap128_chunk-1_polfcfs_mem0.8,128,-1,fcfs,0.8,0,R_long_prefill,7.627444399993301,244.07822079978564,30753.85582077299,30509.777599973208,247.4578535184264,315.65669807605445,325.2606899943203,233.3654910326004,8.674009823270382,12.444079837821905,9.133654864384765,516.3521580398083,517.111451481469,517.209286452271,516.508791828528,1,,-0.17226621114191842,-0.17226621114191842,-0.17226621114191842,-0.17226621114191853,-0.048814454095361004,-0.33632095511942417,-0.37685681861372133,-0.1687884497494736,-0.41857673234473736,-0.23010739636684185,-0.25266755440176314,-0.21294361717035049,-0.21390182387577727,-0.2140431095454305,-0.2133257560202948,False,False,False
qwen,174,cap128_chunk-1_polfcfs_mem0.85,128,-1,fcfs,0.85,0,R_long_prefill,9.230435241041096,295.3739277133151,37217.114891877696,36921.74096416438,233.9583346620202,234.2914693057537,234.319041967392,197.7328738430515,6.134942737257769,10.142129333689804,7.310308666238861,424.39427389763296,424.9404568923637,424.9894710769877,424.3524424964562,1,,0.0016910952353603736,0.0016910952353603736,0.0016910952353601516,0.0016910952353601516,0.008401311331446837,0.008135731168415261,0.008107095052057756,0.009674060800860418,-0.0033291636347185793,-0.002557719885587062,-0.002598260480284109,0.003071222473532642,0.0024665008240845054,0.002424062163494778,0.003157823725870035,False,False,False
qwen,175,cap128_chunk-1_polfcfs_mem0.9,128,-1,fcfs,0.9,0,R_long_prefill,9.04509754023154,289.4431212874093,36469.83328221358,36180.39016092617,243.4183075092733,243.7687253113836,243.80482505075636,208.04880373179915,6.132221405184078,10.04272851897704,7.279205492757741,433.6675866506994,434.2035834444687,434.24752534832805,433.7041740072891,1,,-0.018421837650715367,-0.018421837650715145,-0.018421837650715256,-0.018421837650715478,-0.03169342042379286,-0.031985881566389374,-0.03204705059169943,-0.04199227447880305,-0.0028841078370682727,0.007268131360676056,0.0016674947773023252,-0.018712371026988972,-0.019278378706581334,-0.019307328378650235,-0.018810237389432327,False,False,False
qwen,176,cap128_chunk2048_pollpm_mem0.75,128,2048,lpm,0.75,0,R_long_prefill,7.711056931023191,246.7538217927421,31090.981545885505,30844.22772409276,200.4630914889276,304.84780445694923,314.74790789186954,204.11485934164372,9.873949043873337,12.871160704432237,9.767682584483296,506.76192226819694,507.56229418329895,507.6623286213726,506.913019460626,1,,-0.1631925406599093,-0.1631925406599094,-0.1631925406599095,-0.16319254065990962,0.15036607294190263,-0.2905619038054339,-0.3323552967095149,-0.0222894951825785,-0.6148188272070929,-0.27232468681425526,-0.3396235392020768,-0.1904155516142887,-0.1914854967425912,-0.19163357693393013,-0.19078442091220138,False,False,False
qwen,177,cap128_chunk2048_pollpm_mem0.8,128,2048,lpm,0.8,0,R_long_prefill,7.765003096158107,248.48009907705944,31308.492483709488,31060.01238463243,192.7375828381628,301.2884080875665,312.1477896068245,198.0479859048501,10.030028718193211,12.970840408196372,9.866228668890413,503.7580241914839,504.355716239661,504.4318442605436,503.90107464045286,1,,-0.15733827790559451,-0.15733827790559451,-0.15733827790559463,-0.15733827790559463,0.18310952813217207,-0.27549333093822304,-0.32134876963724857,0.008095852572311824,-0.6403446219540765,-0.2821781064697,-0.35313899214868294,-0.18335920655588667,-0.18395816234875695,-0.18405067503814077,-0.18370909076517594,False,False,False
qwen,178,cap128_chunk2048_pollpm_mem0.85,128,2048,lpm,0.85,0,R_long_prefill,7.963280989120749,254.824991651864,32107.948948134857,31853.123956483,191.4006744045764,292.9642784409225,302.29794470593333,194.52728028409183,9.75175011873005,12.710742756814485,9.659620839351367,493.9523432403803,494.6274984860793,494.6980059938505,493.9755263039842,1,,-0.1358210693909171,-0.13582106939091698,-0.1358210693909172,-0.1358210693909172,0.18877582188284914,-0.24025343598987936,-0.2796535186239262,0.025728965533025727,-0.594834004102472,-0.25646724243537666,-0.32480302714981657,-0.16032504675533232,-0.1611214967899075,-0.16120247879215377,-0.16039308215159975,False,False,False
qwen,179,cap128_chunk2048_pollpm_mem0.9,128,2048,lpm,0.9,0,R_long_prefill,7.886069854301271,252.3542353376407,31796.633652542725,31544.279417205085,205.41432034224272,298.6726131057367,306.96255310904235,203.29910202417523,9.43853866098629,12.701670684280897,9.5154520259389,498.1624844949693,498.7621162086725,498.8357980549336,498.2781148282811,1,,-0.14420005739982544,-0.14420005739982533,-0.14420005739982544,-0.14420005739982555,0.12938100290651489,-0.2644194596412699,-0.29939921210473286,-0.01820385370132538,-0.54361034914798,-0.25557046069905054,-0.3050304829054964,-0.1702149327229352,-0.17082737350198962,-0.17091510010827027,-0.17050025081296094,False,False,False
qwen,180,cap128_chunk2048_polfcfs_mem0.75,128,2048,fcfs,0.75,0,R_long_prefill,6.13418334747465,196.2938671191888,24733.027257017788,24536.7333898986,274.1712797433138,433.639720454812,450.9674751013517,280.1822443725541,11.835697978254288,16.328649924346994,11.639579015243198,641.0779170691967,641.3282664259896,641.3453710405156,641.0091938450933,1,,-0.33431559019167656,-0.33431559019167656,-0.33431559019167667,-0.3343155901916768,-0.16203546181329043,-0.8357977161513419,-0.9089845842642472,-0.4032656225156215,-0.9356498442009913,-0.6141003036299848,-0.5963514273070698,-0.5059322509077164,-0.5054966392394764,-0.5054272012234025,-0.505788433890314,False,False,False
qwen,181,cap128_chunk2048_polfcfs_mem0.8,128,2048,fcfs,0.8,0,R_long_prefill,7.848794718529758,251.16143099295223,31646.340305111986,31395.178874119032,206.5722434781492,302.5677886791527,310.3651041723788,205.20802855025977,9.515548913529322,12.781462330941952,9.559935484562187,501.5542597975582,502.16369978152215,502.21226195804775,501.5660285716877,1,,-0.148245172348468,-0.14824517234846812,-0.14824517234846812,-0.14824517234846835,0.12447331254873151,-0.28090954134823587,-0.3138025069889623,-0.027764527240654813,-0.5562048647913058,-0.26345792976106464,-0.3111313249180676,-0.1781824257218394,-0.1788124770832744,-0.17884065914902614,-0.17822385686103126,False,False,False
qwen,182,cap128_chunk2048_polfcfs_mem0.85,128,2048,fcfs,0.85,0,R_long_prefill,7.80676375273195,249.8164400874224,31476.87145101522,31227.0550109278,193.39538156054917,299.329292611219,309.53287084121257,197.77125644031912,9.933360401661163,12.89730044757767,9.799185930000196,501.4091848861426,502.155758976005,502.240551370196,501.5460202703253,1,,-0.1528063921679419,-0.1528063921679419,-0.152806392167942,-0.15280639216794212,0.18032154303444758,-0.2671994880370623,-0.31027959084218226,0.00948182528154995,-0.6245351604269052,-0.274908621649244,-0.3439441774755909,-0.17784163565236222,-0.1787938363081134,-0.17890706276317458,-0.1781768555558041,False,False,False
qwen,183,cap128_chunk2048_polfcfs_mem0.9,128,2048,fcfs,0.9,0,R_long_prefill,7.436139048396152,237.9564495486769,29982.512643133283,29744.556193584605,231.0205993708223,327.77653101366013,336.5977678960189,224.1669743089005,9.613901001190946,13.491094459389004,9.832171430330604,529.0515304077417,529.1862707585096,529.1899281740189,528.9642886491492,1,,-0.19302675624749466,-0.19302675624749455,-0.19302675624749477,-0.19302675624749488,0.020852479043062644,-0.3876298195464569,-0.42484765640103994,-0.12271857003454212,-0.5722896959105892,-0.33360564186824226,-0.3484680911380975,-0.24277523967044812,-0.24224705796675972,-0.24216521777359112,-0.24258484189758955,False,False,False
qwen,184,cap128_chunk8192_pollpm_mem0.75,128,8192,lpm,0.75,0,R_long_prefill,8.31767997498689,266.16575919958046,33536.88565914714,33270.71989994756,256.5537493210286,280.4292778018862,280.46077308245003,222.8060003835708,6.899677953051944,11.399424024256724,8.001257917062649,470.8705465309322,471.446053404361,471.5145657397807,470.8449958125129,1,,-0.09736152777318996,-0.09736152777318996,-0.09736152777318996,-0.09736152777319018,-0.08736609775941706,-0.18718697445595156,-0.1872148699524374,-0.11590226400190184,-0.1283965322028151,-0.1268423209517462,-0.09736095089243868,-0.10610445804349,-0.10670383037746212,-0.10678409027273394,-0.10605737898503698,False,False,False
qwen,185,cap128_chunk8192_pollpm_mem0.8,128,8192,lpm,0.8,0,R_long_prefill,8.117396699682342,259.75669438983493,32729.34349311921,32469.586798729368,247.85271636210385,285.4457820067182,290.7314059557393,225.28496233280748,7.612910414595277,11.295653720416368,8.335208197334602,483.69290377013385,483.9646887499839,484.0030028764159,483.6764164501801,1,,-0.11909636130575363,-0.11909636130575363,-0.11909636130575352,-0.11909636130575385,-0.05048802335956415,-0.20842415944591353,-0.23069135308759137,-0.12831790472416915,-0.24504096716575163,-0.11658454215726377,-0.14316174883054078,-0.13622497972274417,-0.13609090783426825,-0.13609814447064217,-0.13619954382776145,False,False,False
qwen,186,cap128_chunk8192_pollpm_mem0.85,128,8192,lpm,0.85,0,R_long_prefill,8.887124717169758,284.38799094943226,35832.88685962847,35548.49886867903,199.1592783015221,243.4721790021285,249.6905955625698,185.74786034878343,7.791018917135172,10.720423664597252,8.233082867527921,440.77893905341625,441.6114754974842,441.7283686250448,440.973429242149,1,,-0.03556512136572354,-0.03556512136572354,-0.03556512136572365,-0.03556512136572387,0.15589209726058206,-0.030730463735447522,-0.056962029595548413,0.06969983959192949,-0.2741694305504747,-0.059722584061737916,-0.12915540755414257,-0.03541738401477157,-0.03666815734804829,-0.036867079279459425,-0.0358863738329509,False,False,False
qwen,187,cap128_chunk8192_pollpm_mem0.9,128,8192,lpm,0.9,0,R_long_prefill,8.706430153558829,278.6057649138825,35104.3263791492,34825.72061423532,209.24379350617528,253.17990554030985,259.34482655953616,197.455000015907,7.772252136360734,10.51211427040999,8.1637162121854,450.3864620346576,451.1621816782281,451.2600283836946,450.5302025936544,1,,-0.055174178858671485,-0.055174178858671485,-0.055174178858671596,-0.05517417885867171,0.1131503327184552,-0.07182776494467147,-0.09782922992300636,0.011065764939364842,-0.2711002481204283,-0.039131031302358066,-0.11964187110075941,-0.05798605831092063,-0.05908812043123324,-0.059240702792478395,-0.05833609673269091,False,False,False
qwen,188,cap128_chunk8192_polfcfs_mem0.75,128,8192,fcfs,0.75,0,R_long_prefill,8.195277208960414,262.24887068673326,33043.35770652839,32781.10883584166,264.6222149487585,289.5819586934522,289.6112927282229,230.55921751074493,6.940365446010424,11.504298608539806,8.046021114193625,479.89576891995966,480.4895507870242,480.569607517682,479.9858720507473,1,,-0.11064473247146245,-0.11064473247146245,-0.11064473247146256,-0.11064473247146267,-0.1215631266773316,-0.22593451045144586,-0.2259498162761422,-0.15473350073079328,-0.13505070161054356,-0.1372092587646505,-0.10350015863674633,-0.12730527171273365,-0.12793313778417326,-0.12803895047161706,-0.1275301220397682,False,False,False
qwen,189,cap128_chunk8192_polfcfs_mem0.8,128,8192,fcfs,0.8,0,R_long_prefill,7.359065161119319,235.4900851558182,29671.75072963309,29436.260644477275,303.4932354930788,346.2562261149287,346.2839699909091,268.5920590301976,7.463122898292157,12.692165972604863,8.59194286092515,534.8500453401357,535.5233900481835,535.58058955241,534.9422877188772,1,,-0.20139085008969027,-0.20139085008969027,-0.2013908500896905,-0.2013908500896905,-0.28631234603999434,-0.4658629251911628,-0.4658501931694792,-0.3452173022662941,-0.220544213097839,-0.25463091223219747,-0.1783725366197939,-0.2563963150679329,-0.25712323338661336,-0.25716598944397706,-0.2566277011006024,False,False,False
qwen,190,cap128_chunk8192_polfcfs_mem0.85,128,8192,fcfs,0.85,0,R_long_prefill,8.693233978971884,278.1834873271003,35051.11940321464,34772.93591588754,223.9283809904009,255.0991766853258,259.475885941647,204.6567308716476,7.308137325209476,10.434912585262808,7.929052320128727,450.48063807189465,450.7669965736568,450.7786246202886,450.4573527956381,1,,-0.05660623381921548,-0.05660623381921548,-0.05660623381921559,-0.05660623381921581,0.050911824677986606,-0.07995292834298762,-0.09838401569778199,-0.025003406235640346,-0.195197351346037,-0.0314995820389985,-0.0874580577058317,-0.05820728373135986,-0.058160436625675827,-0.058110705831516674,-0.05816496598399401,False,False,False
qwen,191,cap128_chunk8192_polfcfs_mem0.9,128,8192,fcfs,0.9,0,R_long_prefill,8.713554530780316,278.8337449849701,35133.05186810623,34854.21812312126,242.5707345828414,258.1800004467368,260.36374170333147,211.5555087802932,6.71433734016553,10.636695889726038,7.713949995025271,450.7151921279728,451.28960316069424,451.3428326044232,450.6879586260766,1,,-0.05440103815235564,-0.05440103815235564,-0.05440103815235586,-0.054401038152355974,-0.0281011047081976,-0.09299548177681793,-0.10214238643554974,-0.0595552669299253,-0.09808530517447744,-0.05144602553007527,-0.05795708492612195,-0.0587582659259176,-0.059387238096338946,-0.05943506877980709,-0.0587066798870024,False,False,False
qwen,0,cap8_chunk-1_pollpm_mem0.75,8,-1,lpm,0.75,0,R_concurrent_decode,4.297292460501166,1100.1068698882984,1959.5653619885315,859.4584921002332,3055.4104605689645,5563.859006785788,5564.036920676008,3039.3358784203883,6.592237470786998,7.329479075201294,6.679961392841232,4672.939721960574,7432.728059380315,7432.950223954394,4742.523421373335,1,,-0.6440315093954974,-0.6440315093954974,-0.6440315093954974,-0.6440315093954974,-20.410740951795944,-37.457105472724585,-36.66011235087552,-20.466311253949744,0.32661175032658973,0.2519052278073963,0.31814915623825,-0.7705842144512303,-1.8139768337140856,-1.813854695929762,-0.7967739071230953,False,False,False
qwen,1,cap8_chunk-1_pollpm_mem0.8,8,-1,lpm,0.8,0,R_concurrent_decode,4.518206385288275,1156.6608346337985,2060.3021116914533,903.641277057655,2681.8286913912743,5200.156892556697,5200.310998042114,2667.0947152742883,6.570645022203564,7.326899785913673,6.673567279952873,4302.232684800401,7068.481342121959,7068.646219209768,4368.651694749133,1,,-0.6257319877588404,-0.6257319877588404,-0.6257319877588405,-0.6257319877588405,-17.79287255492999,-34.94321528418776,-34.1982381205992,-17.837235367220377,0.3288173900994582,0.2521684870120744,0.3188018293618863,-0.6301227346899627,-1.6760756733416349,-1.6759419555493582,-0.655127171129771,False,False,True
qwen,2,cap8_chunk-1_pollpm_mem0.85,8,-1,lpm,0.85,0,R_concurrent_decode,4.270416061789867,1093.226511818206,1947.3097241761795,854.0832123579735,3091.113707749173,5609.76364929229,5609.847323815338,3074.48327774182,6.60359853283977,7.331854700676951,6.68929363397111,4711.6168341599405,7479.157311585732,7479.427771661431,4780.050242625293,1,,-0.6462578300776671,-0.6462578300776671,-0.6462578300776671,-0.6462578300776671,-20.660930897264365,-37.77439598573134,-36.970179475458245,-20.71455134447664,0.3254512330175502,0.251662755868969,0.3171965764081607,-0.7852390331297012,-1.8315546112230887,-1.8314494681171598,-0.8109914886196703,False,False,False
qwen,3,cap8_chunk-1_pollpm_mem0.9,8,-1,lpm,0.9,0,R_concurrent_decode,4.464724634992336,1142.969506558038,2035.9144335565052,892.9449269984673,2762.742507969961,5284.761707205325,5284.911836520769,2745.573662541574,6.5731724387563055,7.324507328973827,6.684943999276447,4383.7681140284985,7152.542222337797,7152.59921876248,4450.031843516626,1,,-0.6301621767912882,-0.6301621767912882,-0.6301621767912882,-0.6301621767912882,-18.359874857417616,-35.527999383941975,-34.77085780797851,-18.39151879501889,0.32855921787550724,0.2524126768802807,0.3176405613224732,-0.6610166371367088,-1.7079005117669364,-1.7077236216322924,-0.6859592229451072,False,False,False
qwen,4,cap8_chunk-1_polfcfs_mem0.75,8,-1,fcfs,0.75,0,R_concurrent_decode,4.52841254360845,1159.2736111637632,2064.956119885453,905.68250872169,2663.249972043559,5178.431419562548,5178.628810476512,2651.7494293220807,6.575602243702024,7.339374264884813,6.680211579077428,4285.598143236712,7049.95514578186,7050.195605852641,4355.000390132773,1,,-0.6248865552439495,-0.6248865552439495,-0.6248865552439495,-0.6248865552439495,-17.66268247006133,-34.79304993935033,-34.05148251286787,-17.728854228146616,0.3283110165467936,0.25089525975971605,0.3181236187109777,-0.6238198807137199,-1.669061790027004,-1.6689571993659498,-0.6499551760222042,False,False,True
qwen,5,cap8_chunk-1_polfcfs_mem0.8,8,-1,fcfs,0.8,0,R_concurrent_decode,4.512312029179286,1155.1518794698973,2057.6142853057545,902.4624058358572,2680.7288927957416,5201.878984807991,5202.129894727841,2668.3296280243667,6.576581223937859,7.347297670191847,6.688045708011583,4305.813969112933,7075.370050803758,7075.668963654898,4373.578347614966,1,,-0.6262202498602655,-0.6262202498602655,-0.6262202498602655,-0.6262202498602655,-17.785165733495685,-34.95511829669419,-34.210549299427754,-17.845957345483086,0.3282110150237302,0.2500865449755767,0.3173239572893388,-0.6314796889518441,-1.6786836883920877,-1.6786005207004555,-0.6569937051523316,False,False,False
qwen,6,cap8_chunk-1_polfcfs_mem0.85,8,-1,fcfs,0.85,0,R_concurrent_decode,4.491124541807314,1149.7278827026723,2047.9527910641352,898.2249083614629,2708.0465615727007,5242.143903742544,5242.338956180029,2694.523096186458,6.5757260378716165,7.328730883332444,6.677369987924749,4328.254605876282,7110.88916643057,7111.202153703198,4397.049831270124,1,,-0.627975326567012,-0.627975326567012,-0.6279753265670119,-0.6279753265670119,-17.976593869629486,-35.233427332280506,-34.48270381482746,-18.030957346430696,0.3282983711377726,0.2519815931834266,0.31841367148391087,-0.639982481536284,-1.692130967470423,-1.6920521422862622,-0.6658862177760942,False,False,False
qwen,7,cap8_chunk-1_polfcfs_mem0.9,8,-1,fcfs,0.9,0,R_concurrent_decode,3.5511924960890675,909.1052789988012,1619.3437782166147,710.2384992178135,4597.215316258371,7121.769274165854,7121.907345191576,4371.618003671756,6.567886535029974,7.327295116276717,6.680079542149911,6217.195300152525,8990.165582019836,8990.243498804048,6074.835583989625,1,,-0.7058350940044151,-0.7058350940044151,-0.7058350940044151,-0.7058350940044151,-31.214914331905348,-48.225300604305936,-47.20453828689795,-29.875992816878277,0.32909916587859267,0.2521281369988132,0.3181370962574994,-1.3557050832215536,-2.4036113627392273,-2.403391402398418,-1.3015397284458037,False,False,False
qwen,8,cap8_chunk2048_pollpm_mem0.75,8,2048,lpm,0.75,0,R_concurrent_decode,4.517790333100812,1156.5543252738078,2060.1123918939697,903.5580666201622,2687.7944639418274,5198.999478924088,5199.128949525766,2671.236185866292,6.585456368597378,7.3220960707312415,6.67375874277341,4304.218253353611,7066.147042601369,7066.193212629296,4372.84220874426,1,,-0.6257664516615293,-0.6257664516615293,-0.6257664516615293,-0.6257664516615293,-17.834677612648303,-34.935215301066236,-34.190237440416,-17.86648586809731,0.32730443085494754,0.2526587857329259,0.3187822859726277,-0.630875069739461,-1.6751919245052167,-1.6750133331480725,-0.6567148082450556,False,False,True
qwen,9,cap8_chunk2048_pollpm_mem0.8,8,2048,lpm,0.8,0,R_concurrent_decode,4.451905508376958,1139.687810144501,2030.068911819893,890.3811016753916,2779.9669697415084,5305.990679329261,5306.208829870448,2761.974492867012,6.570610368171538,7.323191952435117,6.683023285914182,4400.249831611291,7173.333916882984,7173.610591054894,4465.942949376768,1,,-0.6312240559149659,-0.631224055914966,-0.6312240559149659,-0.6312240559149659,-18.48057500353024,-35.67473294046309,-34.91500623361249,-18.507355064083054,0.328820929962528,0.25254693284881236,0.3178366163517865,-0.6672615858660904,-1.7157720962398781,-1.715677791485657,-0.6919873765888267,False,False,False
qwen,10,cap8_chunk2048_pollpm_mem0.85,8,2048,lpm,0.85,0,R_concurrent_decode,3.5875979565659093,918.4250768808728,1635.9446681940549,717.5195913131819,4508.627344155684,7033.290470065549,7033.417207808234,4276.181000022916,6.579445550698912,7.339059054650659,6.695440012722316,6131.162008503452,8904.808070953004,8904.838358354755,5983.3153035870055,1,,-0.7028194284580697,-0.7028194284580697,-0.7028194284580696,-0.7028194284580697,-30.594135504767877,-47.61373968997722,-46.6055939298939,-29.201937527360528,0.32791842787215,0.2509274321864182,0.3165691905160686,-1.3231069336252186,-2.3712956292956466,-2.371060006617601,-1.2668659404242364,False,False,False
qwen,11,cap8_chunk2048_pollpm_mem0.9,8,2048,lpm,0.9,0,R_concurrent_decode,4.267382078632939,1092.4498121300323,1945.92622785662,853.4764157265878,3103.650040458888,5612.6604065531865,5612.806060952134,3086.610306156217,6.5971916172026805,7.334785575923674,6.685429388989302,4722.078162245452,7483.057042188011,7483.104627081193,4791.192154603777,1,,-0.6465091516748863,-0.6465091516748863,-0.6465091516748864,-0.6465091516748863,-20.748779052396767,-37.79441822198414,-36.9902056497229,-20.800202479113405,0.3261056908895221,0.251363611492196,0.31759101561916747,-0.7892028468042827,-1.8330310208919034,-1.832841396836904,-0.8152127638648656,False,False,False
qwen,12,cap8_chunk2048_polfcfs_mem0.75,8,2048,fcfs,0.75,0,R_concurrent_decode,3.566695675235578,913.074092860308,1626.4132279074236,713.3391350471156,4571.116058621556,7087.621050328016,7087.899639331736,4336.789523265907,6.571912641049792,7.332560170679262,6.685673708407549,6191.743667237461,8957.375573646277,8957.737172744237,6041.433742939262,1,,-0.7045508799717237,-0.7045508799717236,-0.7045508799717237,-0.7045508799717237,-31.03202419275462,-47.98926984863145,-46.97435756708319,-29.630005196292355,0.3286879045279968,0.25159075096722194,0.31756607694187844,-1.3460614194568277,-2.391197303836045,-2.3910856455354104,-1.2888849556346265,False,False,False
qwen,13,cap8_chunk2048_polfcfs_mem0.8,8,2048,fcfs,0.8,0,R_concurrent_decode,4.528170789605439,1159.2117221389924,2064.84588006008,905.6341579210878,2658.420313615352,5184.190357872285,5184.3054529465735,2650.456687828409,6.569585616040934,7.327480302374883,6.674925371437144,4280.214105034247,7052.431534440257,7052.707069432363,4352.359829703346,1,,-0.6249065810644727,-0.6249065810644727,-0.6249065810644727,-0.6249065810644727,-17.628838714262727,-34.83285542286786,-34.089904794431796,-17.719723815324826,0.3289256070234856,0.2521092356893887,0.31866320343727417,-0.6217798601659508,-1.6699993327785116,-1.669907951540326,-0.6489547613361335,False,False,True
qwen,14,cap8_chunk2048_polfcfs_mem0.85,8,2048,fcfs,0.85,0,R_concurrent_decode,4.518316933212588,1156.6891349024224,2060.35252154494,903.6633866425176,2674.580009188503,5194.954270171002,5195.0503446301445,2664.8920904117404,6.574351079076826,7.33338513658108,6.679323639566007,4296.875339234248,7064.775013946928,7064.943329566158,4367.916776842321,1,,-0.6257228304631435,-0.6257228304631435,-0.6257228304631435,-0.6257228304631435,-17.74207752791534,-34.907255027542604,-34.16263145562586,-17.821678603253993,0.32843882134156144,0.25150654952915863,0.31821425431041694,-0.628092828024098,-1.6746724844264267,-1.674540171184033,-0.6548487368024074,False,False,False
qwen,15,cap8_chunk2048_polfcfs_mem0.9,8,2048,fcfs,0.9,0,R_concurrent_decode,4.508658588491951,1154.2165986539394,2055.9483163523296,901.7317176983902,2685.307937907055,5211.586859379895,5211.821916308254,2672.883441162412,6.57120636835512,7.324019635242283,6.676457616032316,4306.275006849319,7079.219744540751,7079.38358892221,4375.177665089723,1,,-0.6265228845491859,-0.6265228845491859,-0.6265228845491859,-0.6265228845491859,-17.817253320401004,-35.02221862326112,-34.276149622867216,-17.87812015147885,0.32876004934009806,0.25246245410554546,0.31850680099590867,-0.6316543768756955,-1.6801411544672957,-1.6800067477620009,-0.6575996298157496,False,False,False
qwen,16,cap8_chunk8192_pollpm_mem0.75,8,8192,lpm,0.75,0,R_concurrent_decode,4.499920793653386,1151.9797231752668,2051.963881905944,899.9841587306771,2697.6683526299894,5230.22162981797,5230.4194810194895,2684.625858673826,6.56396032024738,7.320723682824595,6.669524022890744,4317.198556149378,7096.981223579496,7097.109887734987,4385.152112212381,1,,-0.6272466843995532,-0.6272466843995532,-0.6272466843995532,-0.6272466843995533,-17.903868732996084,-35.15102119200397,-34.40202700047324,-17.961054844864844,0.32950022347277197,0.25279886065610235,0.3192145410644288,-0.6357933268958662,-1.686865521368416,-1.6867173038202186,-0.6613785940370338,False,False,False
qwen,17,cap8_chunk8192_pollpm_mem0.8,8,8192,lpm,0.8,0,R_concurrent_decode,4.500370061103135,1152.0947356424026,2052.1687478630297,900.074012220627,2712.808452313766,5224.9447115231305,5225.123781631701,2695.301090163412,6.59631155398918,7.333075754052284,6.682810959427064,4330.152180744335,7094.797667511739,7095.002587931231,4399.21527239494,1,,-0.6272094690930703,-0.6272094690930703,-0.6272094690930703,-0.6272094690930703,-18.009962744421752,-35.11454740588033,-34.36618312726322,-18.03645218528071,0.3261955881709182,0.2515381271419773,0.3178582893803985,-0.6407014756400009,-1.6860388429078705,-1.6859195538999483,-0.6667066266101227,False,False,False
qwen,18,cap8_chunk8192_pollpm_mem0.85,8,8192,lpm,0.85,0,R_concurrent_decode,4.213375492365799,1078.6241260456443,1921.2992245188043,842.6750984731598,3190.7483395189047,5703.401426738128,5703.621559417807,3174.5811827713624,6.59103269594028,7.323876594229802,6.678507273681314,4808.134191436693,7570.806680154055,7571.001269253902,4877.398014257778,1,,-0.6509828157722035,-0.6509828157722035,-0.6509828157722035,-0.6509828157722035,-21.359119019017424,-38.42161545679885,-37.60488918331139,-21.42152578599483,0.3267348164674678,0.25247705381072894,0.31829758409850417,-0.8218096116911271,-1.866252396197249,-1.866115987932249,-0.8478731063672063,False,False,False
qwen,19,cap8_chunk8192_pollpm_mem0.9,8,8192,lpm,0.9,0,R_concurrent_decode,4.287547757578867,1097.61222594019,1955.121777455964,857.5095515157735,3067.338516470045,5580.922153941356,5581.127680237405,3052.005564590217,6.591076718743817,7.329065600117924,6.680075888795321,4685.22040033713,7449.667353159748,7449.839834696613,4755.222231193329,1,,-0.644838717008785,-0.644838717008785,-0.6448387170087848,-0.644838717008785,-20.494326616718038,-37.57504506268508,-36.77579093720055,-20.555795087817017,0.326730319596906,0.25194742978998297,0.31813746917026986,-0.7752373828141979,-1.820389927250401,-1.8202485111804356,-0.8015850357372956,False,False,False
qwen,20,cap8_chunk8192_polfcfs_mem0.75,8,8192,fcfs,0.75,0,R_concurrent_decode,4.518501740328596,1156.7364455241209,2060.43679358984,903.7003480657194,2677.9035583604127,5198.45344775822,5198.516576262191,2665.619374194648,6.568121344956972,7.331122849958346,6.678612295406431,4300.550280604512,7067.726301192306,7067.872062488459,4368.462930855458,1,,-0.6257075218680821,-0.6257075218680819,-0.6257075218680821,-0.625707521868082,-17.76536724668755,-34.931441161910016,-34.18609259985586,-17.826815284647022,0.3290751803582822,0.2517374533598816,0.31828686410363105,-0.6294852690925428,-1.6757898203321373,-1.6756488869211545,-0.6550556551859101,False,False,False
qwen,21,cap8_chunk8192_polfcfs_mem0.8,8,8192,fcfs,0.8,0,R_concurrent_decode,4.515517429422809,1155.9724619322392,2059.075947816801,903.103485884562,2683.6770940572023,5206.931731430814,5207.133153248578,2670.877258584369,6.568056915336562,7.316936084671932,6.675621285711444,4306.023596553132,7072.68634987995,7072.917513237335,4372.958303618361,1,,-0.6259547288381433,-0.6259547288381433,-0.6259547288381433,-0.6259547288381433,-17.80582520766373,-34.99004261982384,-34.244413790389565,-17.863950825884306,0.3290817617579218,0.2531854477993498,0.31859216863524276,-0.6315591171188262,-1.6776676587233204,-1.6775589179122212,-0.6567587924749692,False,False,True
qwen,22,cap8_chunk8192_polfcfs_mem0.85,8,8192,fcfs,0.85,0,R_concurrent_decode,4.2672368559846,1092.4126351320576,1945.8600063289775,853.44737119692,3092.772020958364,5611.172004486434,5611.347389942966,3079.277885728516,6.572628646841831,7.336860335724173,6.682683994167777,4716.412957524881,7482.074201805517,7482.239278936759,4783.159492202685,1,,-0.6465211812696616,-0.6465211812696616,-0.6465211812696616,-0.6465211812696616,-20.672551501107,-37.78413046393759,-36.980332653754076,-20.748414843444902,0.32861476549300395,0.2511518478805691,0.31787124924110455,-0.7870562918203314,-1.8326589246648544,-1.8325138063289006,-0.8121694729995079,False,False,False
qwen,23,cap8_chunk8192_polfcfs_mem0.9,8,8192,fcfs,0.9,0,R_concurrent_decode,4.527119432576058,1158.942574739471,2064.3664612546827,905.4238865152116,2666.066953446716,5181.247251643799,5181.42276242841,2655.056646530284,6.575789271521854,7.338001899256864,6.680299145825613,4287.852395325899,7052.375534852035,7052.6384530821815,4358.33005742461,1,,-0.6249936707792815,-0.6249936707792815,-0.6249936707792815,-0.6249936707792815,-17.68242242312734,-34.81251282495007,-34.07039334072749,-17.7522125395724,0.32829191190488805,0.25103533240898235,0.3181146804166337,-0.6246740203778272,-1.6699781317413294,-1.6698819757926944,-0.6512166688558316,False,False,True
qwen,24,cap16_chunk-1_pollpm_mem0.75,16,-1,lpm,0.75,0,R_concurrent_decode,6.720426505484983,1720.4291854041558,3064.5144865011525,1344.0853010969963,1658.5972232278436,2711.7451521568,2715.3690706472844,1658.576897229068,7.980737639773711,7.983687980849223,7.972779568996219,3691.448449390009,4747.175127826631,4747.595803732984,3691.385911864927,1,,-0.4433099209875542,-0.4433099209875542,-0.4433099209875542,-0.4433099209875544,-10.622594066555166,-17.743442133320528,-17.378940638345888,-10.714245920405926,0.18477831325631167,0.1851323702529024,0.18618594381811548,-0.3986956267024506,-0.7972460082713653,-0.7972735379900555,-0.3985351886021973,False,False,True
qwen,25,cap16_chunk-1_pollpm_mem0.8,16,-1,lpm,0.8,0,R_concurrent_decode,7.385797854101527,1890.764250649991,3367.9238214702964,1477.1595708203054,1228.5352139733732,2281.661184132099,2285.9447351982817,1226.5198773820885,7.996247150916973,8.001898353957419,7.992588681442115,3264.505734667182,4321.151117119007,4321.511065661907,3264.379862230271,1,,-0.3881935339053283,-0.3881935339053283,-0.3881935339053283,-0.3881935339053283,-7.608941271885582,-14.77072400723545,-14.472387545731856,-7.662700833421507,0.18319403741547113,0.18327369997331722,0.18416394709671524,-0.2369263602146663,-0.635956413500806,-0.6359727751756565,-0.2367577422938596,False,False,False
qwen,26,cap16_chunk-1_pollpm_mem0.85,16,-1,lpm,0.85,0,R_concurrent_decode,6.699292540868678,1715.0188904623817,3054.877398636117,1339.8585081737356,1672.5196465849876,2721.393762761727,2725.5672621913254,1672.4418044032063,7.982752197330781,7.995465003209664,7.98216458042131,3707.8331524971873,4759.532184805721,4759.825101681054,3707.643883055425,1,,-0.44506056410856676,-0.44506056410856665,-0.44506056410856676,-0.44506056410856676,-10.720155230191928,-17.810132830415185,-17.447966966675438,-10.812171396501006,0.18457252889353148,0.1839303300029138,0.1852279775092429,-0.4049038164943506,-0.801924300251678,-0.8019031219940222,-0.40469475721628045,False,False,False
qwen,27,cap16_chunk-1_pollpm_mem0.9,16,-1,lpm,0.9,0,R_concurrent_decode,7.47455530360205,1913.4861577221247,3408.3972184425347,1494.91106072041,1172.655523987487,2224.723425670527,2229.1674967342988,1172.5371329957852,7.991901085730277,7.997134181981286,7.982447206615069,3208.151149796322,4263.511292962357,4263.642876264639,3207.811124579166,1,,-0.38084126369821236,-0.38084126369821236,-0.38084126369821236,-0.38084126369821236,-7.21736521943871,-14.377173167815068,-14.088091537274337,-7.281429911189294,0.1836379821674623,0.1837599626548262,0.18519912870348632,-0.21557351932194613,-0.6141343949121578,-0.6140659048786257,-0.2153258540901395,False,False,False
qwen,28,cap16_chunk-1_polfcfs_mem0.75,16,-1,fcfs,0.75,0,R_concurrent_decode,7.482457369356112,1915.509086555165,3412.0005604263874,1496.4914738712223,1173.861980671063,2226.06549654156,2230.917323022149,1173.4021978190867,7.991883956699395,7.997335952481102,7.988078393681294,3210.376186296344,4264.677200303413,4264.797209347598,3210.112238273723,1,,-0.38018669190795473,-0.3801866919079546,-0.3801866919079546,-0.38018669190795473,-7.225819445754608,-14.386449492210824,-14.099935214003024,-7.2875397165858224,0.18363973187508065,0.1837393686324481,0.1846243305232752,-0.21641658915334205,-0.6145757989594707,-0.6145028949657763,-0.2161976644485386,False,False,False
qwen,29,cap16_chunk-1_polfcfs_mem0.8,16,-1,fcfs,0.8,0,R_concurrent_decode,7.3775539835704835,1888.653819794044,3364.1646165081406,1475.5107967140966,1225.7030184846371,2277.7345151640475,2281.9584608403966,1223.7275748339016,8.001869219337024,8.007357703800512,8.001557384261101,3263.95810674876,4318.550795479678,4318.6001693457365,3263.8743650895776,1,,-0.3888764192748133,-0.3888764192748132,-0.3888764192748133,-0.3888764192748133,-7.589094706353146,-14.74358307457043,-14.44540649899913,-7.642979276472122,0.1826197506380759,0.18271648287299058,0.1832484751014537,-0.2367188631345749,-0.6349719506232703,-0.634870811753081,-0.23656622735722688,False,False,False
qwen,30,cap16_chunk-1_polfcfs_mem0.85,16,-1,fcfs,0.85,0,R_concurrent_decode,7.342879410900781,1879.7771291906,3348.353011370756,1468.5758821801562,1250.6588250398636,2306.146875023842,2310.4684009822085,1248.5567978292238,8.003820040075158,8.019526468443813,8.012519911519028,3292.257530381903,4344.436465436593,4344.982012202963,3291.4992739388254,1,,-0.3917487058154763,-0.3917487058154763,-0.3917487058154763,-0.3917487058154763,-7.763972129957171,-14.939967835313738,-14.63837566224597,-7.818343846342669,0.18242047690619034,0.1814744588327698,0.182129485331754,-0.2474415592839463,-0.6447720771719605,-0.6448580537195145,-0.24703232546510057,False,False,False
qwen,31,cap16_chunk-1_polfcfs_mem0.9,16,-1,fcfs,0.9,0,R_concurrent_decode,7.4764905736539875,1913.9815868554208,3409.2797015862184,1495.2981147307974,1171.0274217184633,2225.7317629177123,2230.1955428300425,1170.9057421976468,8.000081487219123,8.008734649165882,7.996557405271612,3209.85852740705,4266.348131303676,4267.162923701108,3209.7774775029397,1,,-0.38068095458133655,-0.38068095458133655,-0.38068095458133644,-0.38068095458133655,-7.205956318286161,-14.384142742676651,-14.095049854053963,-7.26990767605289,0.18280236508530912,0.1825759427856447,0.18375884330454362,-0.21622044738554935,-0.6152084012944292,-0.6153984715864025,-0.21607083546644823,False,False,False
qwen,32,cap16_chunk2048_pollpm_mem0.75,16,2048,lpm,0.75,0,R_concurrent_decode,7.48888927699474,1917.1556549106533,3414.9335103096014,1497.777855398948,1158.895480679348,2219.7753922315314,2226.219911868684,1158.8423728389898,7.99516416885251,8.003849859404214,7.990310887156738,3196.5976329520345,4260.402949550189,4260.806118743494,3196.121672866866,1,,-0.3796539014416612,-0.3796539014416612,-0.3796539014416612,-0.3796539014416612,-7.120941931452325,-14.34297261679213,-14.068140847013765,-7.184706154476119,0.18330466258637068,0.1830745165105262,0.1843964508290069,-0.21119587360788805,-0.6129575986829414,-0.6129920078079358,-0.2108971354610274,False,False,False
qwen,33,cap16_chunk2048_pollpm_mem0.8,16,2048,lpm,0.8,0,R_concurrent_decode,7.449514935916908,1907.0758235947285,3396.97881077811,1489.9029871833816,1181.0723606031388,2242.491603200324,2248.6546736815944,1181.1112155846786,7.978758910743921,7.990267747081816,7.974002844428787,3214.4801523536444,4279.680298292078,4280.010779248551,3214.232345242636,1,,-0.38291549578062045,-0.38291549578062045,-0.38291549578062045,-0.38291549578062045,-7.276346070207204,-14.499985891230258,-14.21999024386081,-7.341987195060767,0.18498043778290107,0.18446079609731114,0.18606107911654057,-0.21797158835086017,-0.6202558628386767,-0.6202622198391881,-0.21775862683892666,False,False,False
qwen,34,cap16_chunk2048_pollpm_mem0.85,16,2048,lpm,0.85,0,R_concurrent_decode,6.692048639249118,1713.1644516477745,3051.574179497598,1338.4097278498236,1666.0694335587325,2722.4743620259687,2728.260241691023,1664.3815894785805,7.983799517045126,7.99739934504032,7.980529489563368,3700.897337403149,4761.621639481746,4761.949768993072,3699.1668060363736,1,,-0.4456606165251298,-0.4456606165251298,-0.4456606165251298,-0.4456606165251298,-10.674955463426931,-17.81760187659842,-17.466194363790716,-10.75524347235342,0.18446554658404746,0.1837328983715114,0.18539487788718656,-0.40227582524033445,-0.8027153526090971,-0.802707446644811,-0.40148309341555777,False,False,False
qwen,35,cap16_chunk2048_pollpm_mem0.9,16,2048,lpm,0.9,0,R_concurrent_decode,6.687046337310254,1711.883862351425,3049.293129813476,1337.4092674620508,1672.0138895325365,2731.457841792144,2737.6303142961115,1671.8300513311988,7.989987004183087,8.00593004863271,7.987973435190168,3708.406011108309,4772.961853072047,4773.293173811398,3708.513174424297,1,,-0.44607498484822916,-0.44607498484822916,-0.44607498484822916,-0.44607498484822916,-10.716611145567514,-17.87969522376242,-17.529615579730564,-10.807850688826834,0.1838335030400805,0.1828621987358191,0.18463504406359754,-0.4051208735236116,-0.8070086750712591,-0.8070016625287024,-0.4050241008821942,False,False,False
qwen,36,cap16_chunk2048_polfcfs_mem0.75,16,2048,fcfs,0.75,0,R_concurrent_decode,7.193448410453543,1841.522793076107,3280.212475166816,1438.6896820907086,1325.7673436310142,2393.305747606792,2399.68414792791,1299.8863799439275,8.006294110022925,8.277448537102078,8.088081545789901,3362.7211581915617,4435.17226416152,4435.275350478478,3362.09707413218,1,,-0.4041269016603364,-0.4041269016603364,-0.40412690166033627,-0.4041269016603364,-8.290293897713642,-15.5424054513134,-15.242231298242395,-8.180875935682549,0.18216775396666063,0.15514923855222063,0.17441660182035734,-0.27414033874956356,-0.679123991241823,-0.6790399500409676,-0.273779327855439,False,False,False
qwen,37,cap16_chunk2048_polfcfs_mem0.8,16,2048,fcfs,0.8,0,R_concurrent_decode,7.422648871320678,1900.1981110580937,3384.7278853222297,1484.5297742641358,1195.2125099487605,2255.3553372155875,2261.127079175785,1193.2321716449223,7.99886371995158,8.006283300107016,7.999356138046724,3233.7877883110195,4296.530976449139,4296.669554435648,3232.8178885072703,1,,-0.3851409604309104,-0.3851409604309104,-0.3851409604309103,-0.3851409604309104,-7.375432945298426,-14.588899354924202,-14.304409560068338,-7.427595441695184,0.18292675838461525,0.1828261435703037,0.18347316526062274,-0.2252872819995162,-0.6266354071442832,-0.6265686488312163,-0.22480002995295334,False,False,False
qwen,38,cap16_chunk2048_polfcfs_mem0.85,16,2048,fcfs,0.85,0,R_concurrent_decode,7.439417761539007,1904.4909469539857,3392.374499261787,1487.8835523078014,1184.7135594580325,2242.7263253135607,2248.974592820741,1184.492611544556,7.998012318549788,8.003568796386176,7.998135995942338,3224.475228926167,4283.347754157148,4283.480488932692,3223.767314193537,1,,-0.3837519005530926,-0.3837519005530926,-0.3837519005530926,-0.3837519005530926,-7.301861714158225,-14.501608278327868,-14.222155612440353,-7.365869418365847,0.18301372790024073,0.1831032036480832,0.18359771013063897,-0.22175873859343054,-0.6216443349797975,-0.62157573043647,-0.22137108836921615,False,False,False
qwen,39,cap16_chunk2048_polfcfs_mem0.9,16,2048,fcfs,0.9,0,R_concurrent_decode,7.22428551070676,1849.4170907409305,3294.2741928822825,1444.857102141352,1308.8042219169438,2373.3177217887715,2379.079818301834,1282.3673917009728,8.00076884436695,8.293441243780155,8.092368661396945,3345.73844098486,4413.9051953097805,4414.274980779737,3345.671390197822,1,,-0.40157249417407537,-0.40157249417407537,-0.40157249417407537,-0.40157249417407537,-8.171425087960955,-15.404249251428094,-15.102771158114816,-8.057142307837179,0.18273215247104468,0.15351691787344846,0.17397899848374232,-0.26770556047425975,-0.6710724335107057,-0.6710899453843209,-0.26755621883147573,False,False,False
qwen,40,cap16_chunk8192_pollpm_mem0.75,16,8192,lpm,0.75,0,R_concurrent_decode,5.198925700278106,1330.924979271195,2370.7101193268163,1039.7851400556212,2572.4259589333087,4104.261356173083,4108.191849919967,2572.3524767090566,7.987704401032305,7.993353534599437,7.982592399686724,4608.0195845570415,6141.889307508245,6142.212726119906,4607.663518298068,1,,-0.5693442437759696,-0.5693442437759696,-0.5693442437759695,-0.5693442437759695,-17.026234620581896,-27.36844205963409,-26.806243709853007,-17.168087085065324,0.18406666790211945,0.18414584035675385,0.1851843082557929,-0.7459858722242789,-1.3252746620741278,-1.3252266733998361,-0.7456802733266341,False,False,False
qwen,41,cap16_chunk8192_pollpm_mem0.8,16,8192,lpm,0.8,0,R_concurrent_decode,7.489941420475779,1917.4250036417995,3415.4132877369548,1497.9882840951557,1167.1213950030506,2217.3499304801226,2221.7751878499985,1167.002208851045,7.993582829686941,7.999350835359414,7.990852271138593,3204.367871163413,4256.160071934573,4256.400766451843,3204.419493296882,1,,-0.379566746580714,-0.3795667465807139,-0.379566746580714,-0.379566746580714,-7.178584897250008,-14.326207950706912,-14.038056789647015,-7.242337685383786,0.18346619426928734,0.18353371645275285,0.18434118956279322,-0.21414002909419527,-0.611351276048339,-0.6113242956802347,-0.21404088529839327,False,False,False
qwen,42,cap16_chunk8192_pollpm_mem0.85,16,8192,lpm,0.85,0,R_concurrent_decode,7.494953042493752,1918.7079788784008,3417.698587377151,1498.9906084987504,1169.378611491993,2220.7871098537,2225.117053645663,1169.306648953352,7.984534952351275,7.988657498020021,7.980498951784894,3204.371670493856,4257.601063349284,4257.765313554555,3204.0840716508683,1,,-0.37915160622393906,-0.37915160622393906,-0.37915160622393906,-0.3791516062239392,-7.194402306446111,-14.349965556630627,-14.060676165312659,-7.258613553034159,0.18439042285014828,0.1846251486921815,0.1853979950025103,-0.2141414686664791,-0.6118968249270524,-0.6118408654347864,-0.21391380593411946,False,False,True
qwen,43,cap16_chunk8192_pollpm_mem0.9,16,8192,lpm,0.9,0,R_concurrent_decode,7.504192439364109,1921.073264477212,3421.9117523500336,1500.8384878728218,1157.623332226649,2206.122224871069,2210.779437203892,1157.6214705273742,7.988062641565122,7.995561358573682,7.982156543570852,3193.322139326483,4244.8627611855045,4245.143482387066,3192.821334800101,1,,-0.37838625590434427,-0.37838625590434427,-0.3783862559043444,-0.37838625590434427,-7.1120273710930935,-14.248602630676794,-13.96363219279077,-7.176083129552191,0.18403007411034167,0.18392049534162958,0.1852287978632754,-0.20995478391852584,-0.6070741962901163,-0.607062682098187,-0.20964675443047232,False,False,True
qwen,44,cap16_chunk8192_polfcfs_mem0.75,16,8192,fcfs,0.75,0,R_concurrent_decode,7.388904489275509,1891.5595492545303,3369.3404471096324,1477.7808978551018,1219.6373676415533,2267.915977863595,2272.312155244872,1217.424946677056,7.993749435991049,8.000709700627993,7.995809506212774,3256.9936409126967,4307.019150722772,4307.436003191397,3256.106226996053,1,,-0.3879361941399049,-0.3879361941399049,-0.38793619413990477,-0.3879361941399049,-7.5465897530641115,-14.67571785295161,-14.380115603615533,-7.598464888084395,0.1834491756579274,0.18339502173883004,0.18383518440508706,-0.23408001606931772,-0.6306061537124577,-0.6306444493514751,-0.2336231553693331,False,False,False
qwen,45,cap16_chunk8192_polfcfs_mem0.8,16,8192,fcfs,0.8,0,R_concurrent_decode,7.228712209519958,1850.5503256371087,3296.2927675411006,1445.7424419039914,1315.7364893704653,2369.784118118696,2373.978540832177,1313.3929533796618,8.00730738533186,8.015624692980102,8.004986322471385,3354.7773328609765,4412.536770757288,4412.940736915916,3354.4138240395114,1,,-0.40120580623989854,-0.40120580623989865,-0.40120580623989854,-0.40120580623989854,-8.220002843575589,-15.379825165757847,-15.068243227157641,-8.27627056166133,0.18206424924770215,0.18187269966226427,0.18289846942411636,-0.2711304108306152,-0.6705543579187243,-0.6705848473749694,-0.27086841692009367,False,False,False
qwen,46,cap16_chunk8192_polfcfs_mem0.85,16,8192,fcfs,0.85,0,R_concurrent_decode,7.489264743672146,1917.2517743800693,3415.104723114499,1497.8529487344292,1171.268932055682,2221.65802391246,2225.8712107874453,1170.9687044785824,7.984552627392844,7.992702153706827,7.979218358781539,3205.6097546592355,4258.499012188986,4258.971012760885,3205.41946029698,1,,-0.37962279946113353,-0.37962279946113353,-0.3796227994611334,-0.3796227994611334,-7.207648698191939,-14.355985269526762,-14.065780668229273,-7.270352367911206,0.18438861736826784,0.18421232456872405,0.18552871034179186,-0.21461058070511307,-0.6122367818328607,-0.6122973009377011,-0.2144197373259158,False,False,False
qwen,47,cap16_chunk8192_polfcfs_mem0.9,16,8192,fcfs,0.9,0,R_concurrent_decode,7.504066142123594,1921.04093238364,3421.8541608083588,1500.8132284247188,1161.8209844455123,2211.814749566838,2215.912613491528,1161.8362438603071,7.985509431683549,7.997664940616518,7.980116006231712,3196.97223813273,4251.098281075247,4251.282790498808,3196.515635383548,1,,-0.378396717802967,-0.378396717802967,-0.378396717802967,-0.378396717802967,-7.141442353277542,-14.287949066732107,-13.998376030487258,-7.205851355193843,0.18429088108837,0.18370578994265396,0.1854370838135373,-0.2113378121003695,-0.6094349188102621,-0.6093868091862862,-0.21104639388475377,False,False,False
qwen,48,cap24_chunk-1_pollpm_mem0.75,24,-1,lpm,0.75,0,R_concurrent_decode,7.511794347618719,1923.019352990392,3425.378222514136,1502.3588695237438,132.1478341706097,2369.755897554569,2369.955028449185,690.2429066394689,8.60477310020988,8.609202608187701,8.293594898148948,2326.544509967789,4241.61917376332,4241.861827024259,2804.8404714354547,1,,-0.37775654781908363,-0.37775654781908363,-0.37775654781908363,-0.37775654781908363,0.07397612161053535,-15.379630106679283,-15.041010135330819,-3.87506799757009,0.12103392475401376,0.12128823919791765,0.15343901759951206,0.11846862389253499,-0.605846197661452,-0.605820362282389,-0.06265456697706417,False,False,False
qwen,49,cap24_chunk-1_pollpm_mem0.8,24,-1,lpm,0.8,0,R_concurrent_decode,7.498680413267305,1919.66218579643,3419.398268449891,1499.7360826534612,135.71853144094348,2384.0829284396023,2384.259195905179,696.669444849249,8.609381497965433,8.614542990031362,8.292763657621606,2331.181177403778,4252.129883598536,4252.407443337143,2811.0548592958366,1,,-0.37884284749728026,-0.37884284749728026,-0.37884284749728026,-0.37884284749728026,0.04895451640919535,-15.47865780259766,-15.137827708822584,-3.920457541541202,0.12056318308061931,0.12074316475295854,0.15352386570290744,0.1167117833043202,-0.6098254760294886,-0.6098125633720524,-0.06500897811311801,False,False,False
qwen,50,cap24_chunk-1_pollpm_mem0.85,24,-1,lpm,0.85,0,R_concurrent_decode,7.510658160129117,1922.728488993054,3424.8601210188776,1502.1316320258236,129.5956359244883,2375.484317354858,2375.668426337652,689.9031862267293,8.592117873623092,8.601433460747915,8.280695086077072,2320.630759000778,4244.146122736856,4244.471899364144,2801.211419675383,1,,-0.3778506645098685,-0.3778506645098685,-0.3778506645098685,-0.3778506645098685,0.09186061085037311,-15.419224647839126,-15.079681195471586,-3.8726686102003143,0.12232663924105414,0.1220812094110072,0.15475575391403662,0.12070935344039913,-0.6068028821808775,-0.6068084442806558,-0.061279647987585006,False,False,False
qwen,51,cap24_chunk-1_pollpm_mem0.9,24,-1,lpm,0.9,0,R_concurrent_decode,7.524007904105378,1926.1460234509768,3430.947604272053,1504.8015808210755,125.79324189573526,2365.15503495466,2365.3032197011635,684.5735028909985,8.596173987961283,8.604371348781731,8.285268138886806,2318.1332929525524,4235.691461735405,4235.809611780569,2797.047785439645,1,,-0.37674483141685344,-0.37674483141685344,-0.37674483141685333,-0.37674483141685355,0.11850582745774407,-15.347829182526745,-15.00952442763641,-3.8350259652455074,0.1219123125808309,0.12178134926312556,0.1542889638035091,0.1216556472563316,-0.6036020089611229,-0.6035292055046468,-0.059702194659708496,False,False,True
qwen,52,cap24_chunk-1_polfcfs_mem0.75,24,-1,fcfs,0.75,0,R_concurrent_decode,7.479514796732522,1914.7557879635256,3410.65874731003,1495.9029593465043,131.89491513185203,2386.7066197562963,2386.900754547678,694.8268589621875,8.61754219285121,8.625450241509569,8.300531128145638,2329.767526127398,4256.600730377249,4256.926221721806,2811.1925310076917,1,,-0.38043044146536587,-0.38043044146536587,-0.38043044146536587,-0.38043044146536587,0.07574844781367651,-15.496792621177878,-15.155707064527121,-3.9074436714899754,0.11972957900163939,0.11962989903159993,0.15273100837645925,0.11724741799760197,-0.6115181061327124,-0.6115232146470428,-0.06506113704152638,False,False,False
qwen,53,cap24_chunk-1_polfcfs_mem0.8,24,-1,fcfs,0.8,0,R_concurrent_decode,7.236186476861682,1852.4637380765903,3299.701033448927,1447.2372953723363,102.39976784214376,2339.498986676336,2339.6569404611364,661.3071170577314,8.606038836981444,8.612090737786952,8.484145897629677,2297.3118864465505,4408.560681762174,4408.697570003569,2824.495053195278,1,,-0.40058667135707104,-0.40058667135707104,-0.40058667135707104,-0.40058667135707104,0.28243523052417774,-15.170495904769439,-14.835937916380121,-3.6706994478646866,0.12090463143396446,0.1209934577226659,0.13398870162690468,0.1295449109480814,-0.669049039517237,-0.6689785329530802,-0.07010099085813848,False,False,False
qwen,54,cap24_chunk-1_polfcfs_mem0.85,24,-1,fcfs,0.85,0,R_concurrent_decode,7.366032817106665,1885.7044011793064,3358.910964600639,1473.206563421333,193.63149302080276,2453.152750618756,2453.3648147340864,755.7339388731634,8.616564553413614,8.623140707301957,8.307664955400355,2390.9388694446534,4325.241276598536,4325.402359124273,2873.918855388183,1,,-0.38983078118381176,-0.38983078118381176,-0.38983078118381176,-0.38983078118381176,-0.35686965488947164,-15.956064838485243,-15.60556820125218,-4.337619995278746,0.1198294435639542,0.1198656252611433,0.15200282959714884,0.0940694997494147,-0.6375049181588053,-0.6374458826299525,-0.08882591644750115,False,False,False
qwen,55,cap24_chunk-1_polfcfs_mem0.9,24,-1,fcfs,0.9,0,R_concurrent_decode,7.524938440166508,1926.384240682626,3431.371928715928,1504.9876880333018,124.86831145361066,2364.4585005240515,2364.696216620505,684.3030635645846,8.591411785021716,8.594688546807305,8.279419867123645,2315.469905501232,4236.016898998059,4236.290547531098,2795.285943779163,1,,-0.376667749970762,-0.376667749970762,-0.3766677499707619,-0.3766677499707619,0.12498726304563967,-15.343014772594604,-15.005415935090294,-3.833115898379476,0.12239876524827131,0.12276963962631826,0.15488592070217222,0.12266480895300702,-0.6037252171439893,-0.603711270940213,-0.059034695347049304,False,False,True
qwen,56,cap24_chunk2048_pollpm_mem0.75,24,2048,lpm,0.75,0,R_concurrent_decode,7.251495900024494,1856.3829504062703,3306.682130411169,1450.2991800048987,201.2963166926056,2525.007377169095,2525.209813560359,777.3367920162855,8.878656275862571,9.068452706103962,8.514227981962172,2466.083410661668,4395.715540926904,4396.010882193223,2948.195856093662,1,,-0.3993185072036225,-0.3993185072036226,-0.3993185072036226,-0.3993185072036226,-0.41058078673118303,-16.45272029804657,-16.09185015196886,-4.4901972648185104,0.09305712429968427,0.07441415799035778,0.1309181008587318,0.06559711482740171,-0.664185962535613,-0.6641757971623989,-0.11696683741069602,False,False,False
qwen,57,cap24_chunk2048_pollpm_mem0.8,24,2048,lpm,0.8,0,R_concurrent_decode,7.404211156387609,1895.478056035228,3376.3202873127493,1480.8422312775217,194.3733668886125,2439.87104378175,2440.141198830679,739.958329271758,8.615245114938887,8.812087433430932,8.357450050339576,2392.802406102419,4307.5057054637,4307.792013143189,2870.839116803836,1,,-0.38666825828537277,-0.38666825828537277,-0.3866682582853729,-0.38666825828537277,-0.3620683243996963,-15.864262368281452,-15.51606432704952,-4.226199553619442,0.11996422244122995,0.10058048144809384,0.14692106235408575,0.09336340277714172,-0.6307903598018461,-0.6307792222538176,-0.08765911273617388,False,False,False
qwen,58,cap24_chunk2048_pollpm_mem0.85,24,2048,lpm,0.85,0,R_concurrent_decode,7.436485461589114,1903.7402781668127,3391.037370484636,1487.2970923178227,172.49449552036822,2414.044706546701,2414.1680709877983,719.1585681575816,8.610320583387626,8.780433826933743,8.348313270734328,2368.8980026636277,4285.155626805499,4285.161459916271,2847.709511697758,1,,-0.3839947991681525,-0.3839947991681527,-0.3839947991681525,-0.3839947991681525,-0.2087524759307111,-15.685752062069326,-15.340265545227687,-4.079294386192944,0.12046725675946568,0.10381125641840616,0.1478536906309167,0.10242081885843446,-0.6223287824276418,-0.6222120871929866,-0.07889612576823013,False,False,False
qwen,59,cap24_chunk2048_pollpm_mem0.9,24,2048,lpm,0.9,0,R_concurrent_decode,7.397897309263024,1893.861711171334,3373.4411730239385,1479.5794618526047,176.82128702290356,2436.8062743917108,2437.012836714275,721.6164415440289,8.632968902113099,8.818741564858048,8.393198647947035,2379.933404736221,4308.6621784372255,4308.788078916259,2861.612735679955,1,,-0.38719126914663127,-0.38719126914663127,-0.38719126914663127,-0.38719126914663127,-0.23907239962304705,-15.843078840888225,-15.494890048291555,-4.0966539269764715,0.11815376126234867,0.09990131709234173,0.14327205751581418,0.09823948764672819,-0.6312281920661666,-0.6311562978790484,-0.08416356418793658,False,False,False
qwen,60,cap24_chunk2048_polfcfs_mem0.75,24,2048,fcfs,0.75,0,R_concurrent_decode,7.525475420177462,1926.5217075654305,3431.6167916009226,1505.0950840354924,117.42144031450152,2369.9278339743614,2370.0695789512247,680.0728906382574,8.594837494413643,8.603649841831018,8.278977796565306,2308.99704922922,4237.851791665889,4237.878586137667,2790.9431815496646,1,,-0.3766232689479456,-0.3766232689479456,-0.3766232689479456,-0.3766232689479456,0.1771710959278444,-15.380818522313557,-15.041785468930893,-3.803238908034545,0.12204883361101737,0.12185499100115238,0.15493104464308727,0.12511738438079945,-0.6044198941748689,-0.6043124467527474,-0.057389376776004086,False,False,True
qwen,61,cap24_chunk2048_polfcfs_mem0.8,24,2048,fcfs,0.8,0,R_concurrent_decode,7.228563803806117,1850.512333774366,3296.225094535589,1445.7127607612235,211.94474445655945,2538.4060019860044,2538.596652271226,785.5674569727853,8.889512717723846,9.122805942543874,8.53389197621868,2479.3343127239496,4408.89500991907,4409.224817985669,2961.440917060827,1,,-0.40121809950558585,-0.40121809950558585,-0.40121809950558585,-0.40121809950558573,-0.4851994775225579,-16.545330899275847,-16.182458797644962,-4.548329048487984,0.0919481532689771,0.0688665097038621,0.12891091694148715,0.06057632718307249,-0.669175613728058,-0.669178130577933,-0.12198492120903914,False,False,False
qwen,62,cap24_chunk2048_polfcfs_mem0.85,24,2048,fcfs,0.85,0,R_concurrent_decode,7.566587491426165,1937.0463978050984,3450.3638960903318,1513.3174982852331,103.58007834292948,2340.6348013319075,2340.8787217875943,662.4160690116696,8.604535140900634,8.613406788771366,8.29018214831348,2298.082852503285,4212.466805591248,4212.797145503573,2776.1431856197305,1,,-0.3732177288124905,-0.3732177288124904,-0.3732177288124904,-0.3732177288124905,0.2741642231747097,-15.178346596879631,-14.844207527577636,-3.6785317864942977,0.12105823197951282,0.12085913291577621,0.15378737086355265,0.12925279069591633,-0.5948093229058118,-0.594817491535439,-0.051782183273787696,False,False,True
qwen,63,cap24_chunk2048_polfcfs_mem0.9,24,2048,fcfs,0.9,0,R_concurrent_decode,7.589133462715115,1942.818166455069,3460.6448589980923,1517.826692543023,97.05427871085703,2330.805661017075,2331.057912535034,655.1037118333625,8.606517558698268,8.613516269426768,8.29169557835349,2291.9972804374997,4203.144931606948,4203.493064898066,2769.2167212662757,1,,-0.3713501213729904,-0.3713501213729904,-0.3713501213729903,-0.3713501213729903,0.31989366189621293,-15.110408087774221,-14.777735506435295,-3.6268858541364777,0.12085573065021671,0.12084795860105035,0.15363288890039917,0.13155862352850067,-0.5912801291523129,-0.5912952923932002,-0.049157991611851415,False,False,True
qwen,64,cap24_chunk8192_pollpm_mem0.75,24,8192,lpm,0.75,0,R_concurrent_decode,7.478476874184448,1914.4900797912187,3410.1854546281083,1495.6953748368896,140.75711159966886,2390.51415794529,2390.6693119416013,701.9499012822052,8.610043976017657,8.616344592336224,8.294706505316185,2336.520473472774,4259.996308526024,4260.145192435011,2816.830737530836,1,,-0.3805164183278201,-0.3805164183278201,-0.3805164183278201,-0.3805164183278201,0.013646744855896675,-15.523110128064193,-15.181214496788847,-3.957752505272447,0.12049551183272955,0.12055928138935113,0.15332555133221826,0.11468871562133287,-0.6128036473460303,-0.6127418042493549,-0.06719725350604411,False,False,False
qwen,65,cap24_chunk8192_pollpm_mem0.8,24,8192,lpm,0.8,0,R_concurrent_decode,7.359329659139106,1883.988392739611,3355.8543245674323,1471.8659318278212,190.64166373573244,2459.163036895916,2459.363057431765,755.1675422437256,8.61170836085198,8.620467125135477,8.299065538130181,2386.8483514525,4326.0517956689,4326.219292152673,2871.1597086512484,1,,-0.3903860408143647,-0.3903860408143647,-0.3903860408143647,-0.3903860408143647,-0.33591847299791855,-15.997607626143974,-15.64616722982134,-4.333619632427432,0.12032549714570806,0.12013850861632447,0.1528806071136194,0.09561940345388553,-0.6378117747892464,-0.6377551448702425,-0.08778057361577019,False,False,False
qwen,66,cap24_chunk8192_pollpm_mem0.85,24,8192,lpm,0.85,0,R_concurrent_decode,7.583932480167615,1941.4867149229092,3458.273210956432,1516.786496033523,93.14620611257853,2333.3507055649534,2333.515479541384,652.8901325073093,8.608309633335939,8.614473039544894,8.292028055787132,2288.7492128647864,4204.50339296367,4204.720349712297,2767.088005814003,1,,-0.3717809475092403,-0.3717809475092404,-0.3717809475092404,-0.3717809475092403,0.34727941942450646,-15.127999303959097,-14.794369517116465,-3.6112517206615484,0.12067267262039105,0.12075030435902079,0.15359895157571601,0.13278932144328237,-0.5917944327507725,-0.5917598994514635,-0.048351496832490515,False,False,False
qwen,67,cap24_chunk8192_pollpm_mem0.9,24,8192,lpm,0.9,0,R_concurrent_decode,7.484786320877417,1916.1052981446187,3413.062562320102,1496.9572641754835,138.4383279364556,2387.2755478601903,2387.433660910465,699.4654222362442,8.593849828649386,8.601918269120047,8.282435071142261,2330.03778452985,4256.624678033404,4256.670008529909,2811.2173377303407,1,,-0.3799937719786387,-0.3799937719786387,-0.3799937719786387,-0.3799937719786387,0.029895585061500474,-15.500725022784597,-15.15931403439112,-3.940205053250714,0.12214972234920407,0.12203172668447426,0.15457814655748758,0.11714501666360766,-0.611527172541318,-0.6114262213036925,-0.06507053542884389,False,False,False
qwen,68,cap24_chunk8192_polfcfs_mem0.75,24,8192,fcfs,0.75,0,R_concurrent_decode,7.538278902333618,1929.7993989974063,3437.45517946413,1507.655780466724,110.0419017020613,2357.84081898164,2358.0505825812,671.5939194546081,8.60655740469548,8.613258304680981,8.291000827933146,2304.939419729635,4229.242438147776,4229.525355082005,2785.5298094946197,1,,-0.37556268574131024,-0.37556268574131013,-0.37556268574131013,-0.37556268574131,0.22888309718390853,-15.297273700300892,-14.960435046549998,-3.743353379806555,0.1208516604348403,0.120874288177239,0.15370380490312086,0.12665482658367955,-0.6011604554923717,-0.6011502059568368,-0.055338442116573905,False,False,True
qwen,69,cap24_chunk8192_polfcfs_mem0.8,24,8192,fcfs,0.8,0,R_concurrent_decode,7.5313604275363,1928.0282694492928,3434.300354956553,1506.27208550726,118.85450128465892,2364.646654366516,2364.785484499298,679.9113784654764,8.604276364705726,8.610455370959633,8.285682774523902,2313.044788315892,4232.58371904958,4232.649329048581,2792.491270825849,1,,-0.376135781255177,-0.376135781255177,-0.376135781255177,-0.376135781255177,0.1671289436225677,-15.344315282214982,-15.006020143580027,-3.8020981750879708,0.12108466562206877,0.12116037400165147,0.1542466402566529,0.12358368967093658,-0.6024254401625351,-0.6023328331171107,-0.05797589289204663,False,False,True
qwen,70,cap24_chunk8192_polfcfs_mem0.85,24,8192,fcfs,0.85,0,R_concurrent_decode,7.434899600857015,1903.334297819396,3390.314217990799,1486.9799201714031,175.50944769755006,2424.630809528753,2424.7422350151464,735.3272812033538,8.579813732820398,8.587240303079104,8.274112806484366,2363.506570691243,4290.673452848569,4290.676070800982,2844.957568711834,1,,-0.38412616477947703,-0.38412616477947703,-0.38412616477947703,-0.38412616477947703,-0.22987970609528707,-15.758922657950599,-15.411836638475954,-4.193491250475259,0.12358349078433939,0.12352985629900592,0.15542763397893822,0.1044636409172619,-0.6244177912725257,-0.62429972578421,-0.07785351218224035,False,False,False
qwen,71,cap24_chunk8192_polfcfs_mem0.9,24,8192,fcfs,0.9,0,R_concurrent_decode,7.42169235266359,1899.953242281879,3384.291712814597,1484.338470532718,175.53548025898635,2422.4087382433936,2422.680227928795,734.8862896033097,8.599661601999518,8.609454356911046,8.293061604099352,2368.7950097955763,4293.300021975301,4293.75076092314,2849.3477304291446,1,,-0.38522019415906095,-0.38522019415906095,-0.38522019415906095,-0.38522019415906095,-0.23006212886185717,-15.743563816239341,-15.397879970026878,-4.190376601971243,0.12155605746666809,0.12126254406980441,0.15349345309341778,0.10245984301821887,-0.6254121912580661,-0.6254636958066218,-0.07951678873795842,False,False,False
qwen,72,cap32_chunk-1_pollpm_mem0.75,32,-1,lpm,0.75,0,R_concurrent_decode,12.011893367530574,3075.044702087827,5477.423375593941,2402.3786735061144,153.4336842596531,155.94730242155492,158.72214650269598,152.43737840501126,9.786263146602057,9.798016706493438,9.792985683619838,2649.187896866352,2652.428810298443,2652.6313632680103,2649.342283868464,1,,-0.004988468752385455,-0.004988468752385455,-0.004988468752385566,-0.004988468752385566,-0.07518413953172809,-0.07789968259408031,-0.07430880763052405,-0.07663922069671392,0.00034629511806194557,-4.993544268083738e-05,0.0003900982902536043,-0.0037814631468919835,-0.00419027383034809,-0.004193354349046219,-0.0037418192263332095,False,False,False
qwen,73,cap32_chunk-1_pollpm_mem0.8,32,-1,lpm,0.8,0,R_concurrent_decode,12.13631343666687,3106.8962397867185,5534.158927120092,2427.262687333374,124.00870560668407,126.12461759708822,128.58181546907872,123.60434897709638,9.800468107648925,9.807167682865447,9.802536449578955,2622.931588906795,2625.554782920517,2625.936643127352,2622.944495291449,1,,0.005317933387670282,0.005317933387670282,0.005317933387670282,0.005317933387670282,0.13101093755573057,0.12823317130742307,0.12969563540266438,0.1270035515577268,-0.0011047226734568483,-0.0009839441920229675,-0.0005847872584525682,0.006167093258508616,0.00598403765608424,0.005912332001744458,0.006259366536329414,False,False,False
qwen,74,cap32_chunk-1_pollpm_mem0.85,32,-1,lpm,0.85,1,R_concurrent_decode,12.072114734659635,3090.4613720728667,5504.884319004794,2414.422946931927,142.70456437952816,144.6770093170926,147.743502962403,141.58631366444752,9.789653255732036,9.797527462622416,9.796807401437082,2639.207829721272,2641.360785323195,2641.5543896798044,2639.46587969258,1,,0.0,0.0,0.0,0.0,0.0,0.0,0.0,0.0,0.0,0.0,0.0,0.0,0.0,0.0,0.0,False,False,False
qwen,75,cap32_chunk-1_pollpm_mem0.9,32,-1,lpm,0.9,0,R_concurrent_decode,12.14887929420305,3110.113099315981,5539.888958156591,2429.77585884061,122.49172385782003,125.0426665181294,127.22851896192878,122.11732067225968,9.779052178868476,9.788178732153602,9.78194362239742,2616.2266929168254,2618.542407220229,2620.054958118126,2616.2068368284963,1,,0.006358832833407435,0.006358832833407435,0.006358832833407435,0.006358832833407435,0.14164116340351474,0.13571156116401373,0.1388554054095682,0.13750617901055306,0.0010828858373868044,0.0009541928312504222,0.0015172064153757825,0.008707588900595864,0.008638872141116472,0.00813893200369975,0.008812026343296697,False,False,True
qwen,76,cap32_chunk-1_polfcfs_mem0.75,32,-1,fcfs,0.75,0,R_concurrent_decode,11.998586984514189,3071.6382680356323,5471.35566493847,2399.7173969028377,150.66749695688486,153.05857353378087,153.2990691019222,148.6682059330633,9.793111275625872,9.806775985074198,9.796176119531788,2647.713747341186,2650.7702899863943,2651.0957601759583,2646.38622070197,1,,-0.006090710017387813,-0.006090710017387813,-0.006090710017387813,-0.006090710017387813,-0.05580012532871037,-0.05793293804075095,-0.037602777977539636,-0.05001819798345419,-0.00035323211185356307,-0.0009439649428966135,6.443751310258872e-05,-0.00322290557193905,-0.003562370091766187,-0.003612028786320165,-0.0026218717440651407,False,False,False
qwen,77,cap32_chunk-1_polfcfs_mem0.8,32,-1,fcfs,0.8,0,R_concurrent_decode,11.778363993824623,3015.2611824191035,5370.933981184028,2355.6727987649247,207.00697228312487,209.3888269504532,211.15059934090823,204.54625580168795,9.790271562615446,9.80097436155665,9.80170021346157,2703.5042475908995,2705.946975317784,2706.333455857821,2703.67320337391,1,,-0.02433299776315412,-0.02433299776315412,-0.02433299776315412,-0.024332997763154007,-0.4505981163474353,-0.44728473403490066,-0.42917011650008563,-0.44467533978215124,-6.31592220130539e-05,-0.00035181314340615444,-0.0004994292348516893,-0.02436201391400772,-0.024451862219452947,-0.024523086267350447,-0.02432587751003923,False,False,False
qwen,78,cap32_chunk-1_polfcfs_mem0.85,32,-1,fcfs,0.85,0,R_concurrent_decode,12.042442310110284,3082.8652313882326,5491.353693410289,2408.488462022057,144.09380569122732,146.402444713749,149.30306796450168,142.88713230052963,9.798338692452685,9.805421280825326,9.804579707703413,2642.3058114014566,2645.339606725611,2645.7816225802526,2642.7483736915747,1,,-0.0024579309592014376,-0.0024579309592014376,-0.0024579309592014376,-0.0024579309592013265,-0.00973508673488821,-0.011926120154133857,-0.01055589566260351,-0.009187460301883332,-0.0008872057562983038,-0.0008056949299735106,-0.000793350930343939,-0.00117383013391259,-0.0015063528710368423,-0.0016002823629008844,-0.0012436205462056371,False,False,False
qwen,79,cap32_chunk-1_polfcfs_mem0.9,32,-1,fcfs,0.9,0,R_concurrent_decode,11.63421673432499,2978.3594839871976,5305.202830852196,2326.8433468649982,239.49343664571643,241.85683333780617,243.3559286314994,236.5131596889114,9.793454398601954,9.80354179826263,9.80730051360221,2736.959523521364,2739.5034773042426,2740.3904112661257,2737.0682134496747,1,,-0.03627351213598207,-0.03627351213598207,-0.03627351213598207,-0.03627351213598207,-0.6782465065992886,-0.6717019136587339,-0.6471514736822461,-0.6704521331732372,-0.0003882816654094956,-0.000613862595757908,-0.0010710746608724175,-0.03703827061259357,-0.03715611003478969,-0.03741585710764106,-0.03697806230723555,False,False,False
qwen,80,cap32_chunk2048_pollpm_mem0.75,32,2048,lpm,0.75,0,R_concurrent_decode,11.601543788129112,2969.9952097610526,5290.303967386874,2320.308757625822,170.45191396027803,220.08297396823764,228.8276111893356,178.32342490146402,10.042437019885757,10.194799697903148,10.013917327718996,2731.6606359090656,2733.8746504159644,2734.5909503102303,2731.564892019378,1,,-0.03897999289051579,-0.03897999289051579,-0.0389799928905159,-0.0389799928905159,-0.19443911763715382,-0.5212021246988574,-0.5488167438913809,-0.25946795481999496,-0.02582152376088609,-0.04054821349532589,-0.022161293713916175,-0.03503051375743982,-0.035025077076492384,-0.03522038425326657,-0.034893049020025435,False,False,False
qwen,81,cap32_chunk2048_pollpm_mem0.8,32,2048,lpm,0.8,0,R_concurrent_decode,6.933111437102781,1774.876527898312,3161.498815318868,1386.6222874205562,2016.155937453732,2098.104071174748,2104.931749510579,1616.1466051271418,10.112849592833834,13.914840154386326,11.687541339536404,4595.3456715215,4602.068429673091,4602.487383889966,4596.163719732431,1,,-0.4256920523462656,-0.4256920523462656,-0.4256920523462657,-0.4256920523462656,-13.128181156782688,-13.50198674328604,-13.247203479710583,-10.41456799954075,-0.03301407400844969,-0.42023997457230555,-0.19299490748608283,-0.7411837066301885,-0.7423096667614018,-0.74234057109377,-0.7413234075477984,False,False,False
qwen,82,cap32_chunk2048_pollpm_mem0.85,32,2048,lpm,0.85,0,R_concurrent_decode,12.08227196199478,3093.0616222706635,5509.516014669619,2416.454392398956,133.12943722121418,135.28945506550372,141.13308178726584,132.39331931981724,9.7968164475306,9.80005813872113,9.802030587015617,2631.7873601801693,2633.512509660796,2634.320456148125,2631.6049956949428,1,,0.0008413792909027773,0.0008413792909027773,0.0008413792909025553,0.0008413792909027773,0.06709755360626435,0.0648862890925117,0.044742550721972196,0.06492855210862547,-0.0007317104713970846,-0.00025829742334160244,-0.0005331518079827458,0.0028116275867089424,0.0029713001366600267,0.0027385139446463036,0.0029782101212662004,False,False,False
qwen,83,cap32_chunk2048_pollpm_mem0.9,32,2048,lpm,0.9,0,R_concurrent_decode,11.223918221190496,2873.323064624767,5118.106708862866,2244.7836442380994,199.20999207533896,320.4597275005653,329.6129141515121,213.80820513877552,10.29742210281684,10.461070267209672,10.242199525254158,2824.6065240819007,2833.853201754391,2834.4073164789006,2825.262685350026,1,,-0.07026080617291719,-0.07026080617291719,-0.0702608061729173,-0.07026080617291719,-0.39596089964951986,-1.2150010496706138,-1.2309807710149547,-0.5100909092491119,-0.051867909293671355,-0.06772553658243607,-0.04546298662069659,-0.07024785705497427,-0.07287623012380062,-0.0730073654937966,-0.07039181945367146,False,False,False
qwen,84,cap32_chunk2048_polfcfs_mem0.75,32,2048,fcfs,0.75,0,R_concurrent_decode,11.825005733734612,3027.2014678360606,5392.202614582983,2365.0011467469226,178.50029142573476,182.2279531508684,189.85683469567448,158.05818037188146,9.832520017802132,10.02893524217036,9.913549602576992,2685.633186949417,2688.905675103888,2691.102003287524,2685.706705786288,1,,-0.020469404603616126,-0.020469404603616126,-0.020469404603616015,-0.020469404603616015,-0.25083799668107676,-0.2595501801635556,-0.2850435443106305,-0.11633798692203712,-0.00437878247066581,-0.0236189977962058,-0.011916351557833549,-0.017590640913280442,-0.01800014978827491,-0.01875699164147271,-0.017519008845491735,False,False,False
qwen,85,cap32_chunk2048_polfcfs_mem0.8,32,2048,fcfs,0.8,0,R_concurrent_decode,12.00062335330694,3072.1595784465767,5472.284249107965,2400.124670661388,142.77986506931484,145.1964867534116,150.38733195979148,141.91490146913566,9.826556175910667,9.831797639974583,9.832957063973046,2648.594532860443,2651.7751726089045,2652.069932185113,2649.0116861241404,1,,-0.005922026332920716,-0.005922026332920716,-0.005922026332920827,-0.005922026332920827,-0.0005276684043995505,-0.0035906011519801773,-0.01789472257241176,-0.0023207596566634514,-0.0037695839898133077,-0.003497839376608969,-0.003689943167675347,-0.0035566365912769182,-0.00394281135071628,-0.003980816199125492,-0.0036165674673058756,False,False,False
qwen,86,cap32_chunk2048_polfcfs_mem0.85,32,2048,fcfs,0.85,0,R_concurrent_decode,11.4131526058859,2921.7670671067904,5204.39758828397,2282.63052117718,170.27319758199155,282.0942816324532,290.1797889592126,186.50756897113752,10.25825287398024,10.391131998222397,10.195595304327174,2786.076625110581,2788.161694351584,2788.639750145376,2786.077692246181,1,,-0.05458547597148189,-0.05458547597148189,-0.05458547597148178,-0.05458547597148178,-0.1931867654151802,-0.9498210736038881,-0.9640781702127101,-0.317271169395307,-0.047866824902488725,-0.06058717751642795,-0.0407059041327682,-0.05564881770027941,-0.05557775743627791,-0.055681367394975645,-0.0555460154577474,False,False,False
qwen,87,cap32_chunk2048_polfcfs_mem0.9,32,2048,fcfs,0.9,0,R_concurrent_decode,11.30206039157719,2893.3274602437605,5153.739538559198,2260.4120783154376,198.2999404426664,315.58594757225364,323.2876139180735,211.6805760160787,10.275473533307805,10.43026963504506,10.221529208612909,2818.1626345030963,2820.356050087139,2820.80034267623,2817.864170356188,1,,-0.06378785821771404,-0.06378785821771404,-0.06378785821771416,-0.06378785821771416,-0.3895837270858433,-1.1813137350702019,-1.1881680577205622,-0.49506382741026145,-0.04962589224407021,-0.06458182177458105,-0.04335308328236853,-0.06780625715282285,-0.06776630657899396,-0.06785624164950566,-0.06758878454772299,False,False,False
qwen,88,cap32_chunk8192_pollpm_mem0.75,32,8192,lpm,0.75,0,R_concurrent_decode,12.132104453323722,3105.8187400508727,5532.239630715617,2426.420890664744,123.46126674674451,125.87539518717676,128.66850927472117,123.29034523281734,9.806054875291151,9.817008926137095,9.809732250836698,2624.075524741784,2627.245745435357,2628.076532674022,2624.4650431908667,1,,0.004969280029442746,0.004969280029442746,0.004969280029442746,0.004969280029442746,0.13484710679334244,0.12995578370512084,0.12910884949394985,0.12922130648157637,-0.0016754035235631015,-0.0019884061146040466,-0.0013192919764575262,0.005733654170420488,0.005343851535264954,0.005102244745911144,0.005683284871051408,False,False,False
qwen,89,cap32_chunk8192_pollpm_mem0.8,32,8192,lpm,0.8,0,R_concurrent_decode,12.08771236360754,3094.4543650835303,5511.996837805038,2417.542472721508,140.45564900152385,142.5350784091279,145.6615398498252,139.1771414928371,9.783026609825445,9.789907684703472,9.790034781938315,2635.29832707718,2637.6886426936835,2637.969733178616,2635.329979850212,1,,0.0012920378318741488,0.0012920378318741488,0.0012920378318739267,0.0012920378318741488,0.01575923929120615,0.014804915570726052,0.014091740555979615,0.01701557240426521,0.0006769030254172304,0.0007777245787790044,0.000691308833709825,0.0014813167042266873,0.0013902465160822164,0.0013570254374444257,0.0015669457499672967,False,False,False
qwen,90,cap32_chunk8192_pollpm_mem0.85,32,8192,lpm,0.85,0,R_concurrent_decode,11.994238422470676,3070.525036152493,5469.372720646628,2398.847684494135,154.91510299034417,157.23529926035553,159.6104839630425,153.41459090996068,9.808833262536163,9.81585133194139,9.815266630807418,2655.9003572911024,2658.579869545065,2658.718634638936,2656.0006464860635,1,,-0.006450925450979361,-0.006450925450979361,-0.006450925450979361,-0.006450925450979472,-0.08556515808661613,-0.08680225007788622,-0.08032150830794471,-0.08354110605312881,-0.0019592120684046588,-0.001870254448265607,-0.001884208662469744,-0.006324824965221909,-0.006519020164737821,-0.006497782149097464,-0.0062644366501185544,False,False,False
qwen,91,cap32_chunk8192_pollpm_mem0.9,32,8192,lpm,0.9,0,R_concurrent_decode,12.142103898763112,3108.378598083357,5536.799377835979,2428.4207797526224,123.82644903846084,126.32916669826956,128.43600274063647,123.62495697743724,9.797530193977495,9.806870788451048,9.801193546555664,2622.1837350167334,2625.710516073741,2626.5454019233584,2622.622681796201,1,,0.00579758937367747,0.00579758937367747,0.005797589373677248,0.005797589373677248,0.13228809760324323,0.1268193385074028,0.13068256698015213,0.1268580007639566,-0.0008046187173020858,-0.000953641198177646,-0.0004477116818626392,0.006450456274349703,0.005925078215901158,0.0056818772367830395,0.006381290254959038,False,False,False
qwen,92,cap32_chunk8192_polfcfs_mem0.75,32,8192,fcfs,0.75,0,R_concurrent_decode,12.174496855070815,3116.6711948981288,5551.570565912291,2434.899371014163,123.04368009790778,125.22254106588662,127.6592579856515,122.73061876476277,9.78139924141122,9.790412392850458,9.783521552319304,2617.3106452915817,2619.542683358304,2620.531037230976,2617.222406130168,1,,0.008480877017945865,0.008480877017945865,0.008480877017945643,0.008480877017945865,0.13777333869526076,0.13446827760012015,0.13593995386627888,0.13317455911997123,0.0008431365345838993,0.0007262107505288107,0.0013561406867945713,0.008296877639985989,0.008260174863700565,0.007958705121107412,0.008427263157121279,False,False,True
qwen,93,cap32_chunk8192_polfcfs_mem0.8,32,8192,fcfs,0.8,0,R_concurrent_decode,12.094724715002384,3096.2495270406102,5515.194470041087,2418.944943000477,126.3846221845597,128.76140971202403,130.99256542045623,125.95843599410728,9.80863752592282,9.821795732262018,9.81301965362809,2628.1655540224165,2630.338069656864,2631.2117275828496,2627.971257577883,1,,0.0018729096632783548,0.0018729096632783548,0.0018729096632783548,0.0018729096632783548,0.11436173934538607,0.11000780068784743,0.11337850535606608,0.11037703621112371,-0.0019392178348776046,-0.0024769789859926394,-0.0016548505576039485,0.004183935639514136,0.004173120055230406,0.003915369729793339,0.004354904605183174,False,False,False
qwen,94,cap32_chunk8192_polfcfs_mem0.85,32,8192,fcfs,0.85,0,R_concurrent_decode,12.172251103359375,3116.09628246,5550.546503131875,2434.450220671875,119.46393339894712,121.96496264077724,124.28357289172708,119.14874191279524,9.791603720034749,9.803611367274584,9.795669186607345,2616.475638700649,2619.428133266046,2620.388226355426,2616.7377321980894,1,,0.008294848988822379,0.008294848988822379,0.008294848988822379,0.008294848988822379,0.1628583576259811,0.15698449106406898,0.15878823501731842,0.1584727447938803,-0.00019923732248328108,-0.0006209632660258979,0.00011618221968623388,0.008613262951339351,0.00830354269625655,0.008012768318181096,0.008610888918608728,False,False,False
qwen,95,cap32_chunk8192_polfcfs_mem0.9,32,8192,fcfs,0.9,0,R_concurrent_decode,12.16807256535616,3115.0265767311766,5548.641089802409,2433.614513071232,119.24694268964232,121.63504126947372,123.21449630893768,118.7492136232322,9.781108844075716,9.792883162277006,9.785834893530726,2613.333121407777,2616.800755308941,2617.290591965429,2613.830858390429,1,,0.007948717586408138,0.007948717586407916,0.007948717586407916,0.007948717586408138,0.16437891662315307,0.15926489050597636,0.16602426612090915,0.16129454500339702,0.0008728002344022823,0.0004740277955971317,0.0011200085351015243,0.009803967698984728,0.009298248899098804,0.009185424237021511,0.00971220029756048,False,False,False
qwen,96,cap48_chunk-1_pollpm_mem0.75,48,-1,lpm,0.75,0,R_concurrent_decode,12.144462667285811,3108.982442825168,5537.874976282331,2428.8925334571627,126.4168662019074,130.95625499263406,131.6852194815874,126.58795012976044,9.780666599159732,9.792472098865447,9.78430376112965,2620.870795100928,2625.408538314514,2625.93544610776,2621.2790999998106,1,,0.00599297921005193,0.00599297921005193,0.00599297921005193,0.005992979210052152,0.11413578989879414,0.09483714371221474,0.10869028524998503,0.10593088517180016,0.0009179749616813337,0.0005159836271196871,0.0012762974502895652,0.006947931274620678,0.006039404801237436,0.005912785151449218,0.006890325740784964,False,False,False
qwen,97,cap48_chunk-1_pollpm_mem0.8,48,-1,lpm,0.8,0,R_concurrent_decode,12.150465730844695,3110.5192270962425,5540.612373265182,2430.0931461689397,119.47896890342236,121.6667732456699,124.28417870774864,119.01648277125788,9.798921535120291,9.807624506487464,9.801954617222718,2618.2390302419662,2620.708443596959,2621.278186501004,2618.2081875303998,1,,0.00649024615050342,0.006490246150503642,0.006490246150503642,0.006490246150503642,0.16275299656384123,0.15904556072893739,0.15878413455936646,0.15940686856696473,-0.000946742356051189,-0.0010305706111637392,-0.0005253972620591352,0.007945111121286819,0.007818826508287469,0.007675860568314263,0.008053785550225068,False,False,False
qwen,98,cap48_chunk-1_pollpm_mem0.85,48,-1,lpm,0.85,0,R_concurrent_decode,11.459582051095436,2933.6530050804317,5225.5694152995175,2291.916410219086,212.384402519092,267.0679494040087,277.73849807679653,217.6254806399811,10.056844695160787,10.05964880352657,10.03058501368419,2776.617772411555,2778.887031180784,2779.677976337261,2775.117708632024,1,,-0.05073946835558041,-0.05073946835558041,-0.05073946835558074,-0.05073946835558085,-0.48828037451029016,-0.8459598429952924,-0.8798694528548845,-0.5370516754588486,-0.027293248539962844,-0.02675382558550088,-0.023862632250258864,-0.05206484352723173,-0.052066437353714745,-0.05228875362062846,-0.0513936664167991,False,False,False
qwen,99,cap48_chunk-1_pollpm_mem0.9,48,-1,lpm,0.9,0,R_concurrent_decode,12.080635982470234,3092.64281151238,5508.770008006427,2416.127196494047,135.2099075447768,137.72070733830333,139.23786086030304,134.9634367506951,9.803625264698091,9.812380927175592,9.806023805831035,2634.913378860801,2637.694967072457,2638.247074112296,2635.192609508522,1,,0.0007058620629352141,0.0007058620629352141,0.0007058620629354362,0.0007058620629354362,0.05251869039604817,0.048081599223156135,0.05757032919589311,0.046776250771301875,-0.0014272220477138386,-0.0015160421453108697,-0.0009407559030507606,0.001627174189205327,0.001387852152234248,0.0012520338708260637,0.001618990499909767,False,False,False
qwen,100,cap48_chunk-1_polfcfs_mem0.75,48,-1,fcfs,0.75,0,R_concurrent_decode,12.068645853532708,3089.573338504373,5503.302509210915,2413.729170706541,134.74287325516343,137.79255242552608,139.54211201518774,134.7326105751563,9.810838384517268,9.818707832368345,9.812968276825805,2636.317941360176,2639.5127832423896,2640.126316724345,2636.732471990399,1,,-0.00028734660025786507,-0.00028734660025786507,-0.00028734660025786507,-0.0002873466002580871,0.055791425866311584,0.04758500969893331,0.05551100916635443,0.048406536704770464,-0.0021640325997069887,-0.002161807642462099,-0.001649606318314678,0.0010949832478335253,0.0006996401593731827,0.0005406184180944962,0.0010355912244258692,False,False,False
qwen,101,cap48_chunk-1_polfcfs_mem0.8,48,-1,fcfs,0.8,0,R_concurrent_decode,11.979962927094844,3066.87050933628,5462.863094755249,2395.9925854189687,157.30926394462583,159.7598670516163,162.35099993646145,155.7540885405615,9.794775025882558,9.802921787980598,9.802801235333362,2655.280194478109,2658.1173724262044,2658.717522900552,2655.161935283104,1,,-0.007633443650118643,-0.007633443650118643,-0.007633443650118532,-0.007633443650118643,-0.10234220347890144,-0.10425193198088722,-0.09887065543434215,-0.10006457905028099,-0.0005231819776172486,-0.0005505802743357435,-0.0006118150179619253,-0.00608984429942927,-0.006343922116250678,-0.006497361283871905,-0.005946678724390919,False,False,False
qwen,102,cap48_chunk-1_polfcfs_mem0.85,48,-1,fcfs,0.85,0,R_concurrent_decode,12.164458389006311,3114.101347585616,5546.993025386878,2432.891677801262,118.74231952242552,120.96421332098544,122.81137020327152,118.3658874797402,9.802025111903454,9.812433178136788,9.806138362744775,2618.6712472699583,2621.1029838072136,2621.9084407621995,2618.624297378119,1,,0.007649335379620981,0.007649335379621203,0.007649335379620981,0.007649335379620981,0.1679150555645449,0.16390161856425423,0.16875281998340108,0.16400191221687266,-0.001263768577725033,-0.0015213752215788023,-0.0009524491934305157,0.0077813434092011136,0.007669456451592893,0.007437268372878836,0.00789613628833441,False,False,False
qwen,103,cap48_chunk-1_polfcfs_mem0.9,48,-1,fcfs,0.9,0,R_concurrent_decode,11.794932425127286,3019.502700832585,5378.489185858042,2358.986485025457,188.24632768519223,190.1216601021588,196.75343175884336,186.1318964365637,9.83520009573184,9.840138686693036,9.844626812152212,2696.337543893605,2698.288389807567,2698.43380569946,2696.204657942872,1,,-0.022960543005488998,-0.022960543005488998,-0.022960543005488998,-0.022960543005488998,-0.3191331931370045,-0.3141110740370914,-0.3317230728508729,-0.31461785831706157,-0.004652548850301308,-0.004349181386138712,-0.004881121854872328,-0.021646538604868537,-0.02155237739603466,-0.02153255531738285,-0.021496310555414455,False,False,False
qwen,104,cap48_chunk2048_pollpm_mem0.75,48,2048,lpm,0.75,0,R_concurrent_decode,11.88953486349421,3043.720925054518,5421.62789775336,2377.9069726988423,177.8473157901317,178.9044959237799,186.4946199161932,157.4291916913353,9.80971099388804,9.996810132254137,9.891025204474266,2679.343240801245,2681.679872935638,2681.998749678023,2679.3342531163944,1,,-0.015124100058561352,-0.015124100058561352,-0.01512410005856124,-0.01512410005856124,-0.24626228014080942,-0.23657861583017636,-0.26228643680968755,-0.11189554708257043,-0.0020488711532513637,-0.020340098090256387,-0.009617194579467192,-0.01520737041925635,-0.015264513593325368,-0.015310818568123885,-0.015104712559670608,False,False,False
qwen,105,cap48_chunk2048_pollpm_mem0.8,48,2048,lpm,0.8,0,R_concurrent_decode,11.968467604495157,3063.92770675076,5457.621227649791,2393.6935208990312,155.55574838072062,158.00466409418732,163.1779520539567,154.3390130100306,9.81349247672102,9.816451670474136,9.819835142120333,2658.011552179232,2660.593683901243,2661.481557539664,2658.0903503199806,1,,-0.00858566476898226,-0.00858566476898226,-0.00858566476898237,-0.00858566476898226,-0.09005447062656136,-0.09212005998744499,-0.10446787020801418,-0.09007014177801365,-0.0024351445721559895,-0.001931528941757632,-0.0023505352039352445,-0.007124760030719379,-0.007281435646699919,-0.007543728017758156,-0.00705615131102566,False,False,False
qwen,106,cap48_chunk2048_pollpm_mem0.85,48,2048,lpm,0.85,0,R_concurrent_decode,11.875937736765998,3040.2400606120955,5415.427607965296,2375.1875473531995,178.27676725573838,179.95859773363918,187.43196150753647,157.09638068801723,9.818396639699738,10.01607160759615,9.905057730245066,2682.237554108724,2685.2130979765207,2685.9575199801475,2682.5795026961714,1,,-0.016250425232490873,-0.016250425232490873,-0.01625042523249065,-0.016250425232490873,-0.24927165456042877,-0.2438645129802135,-0.2686308213176263,-0.10954495969382894,-0.0029360982679209613,-0.022306050767143093,-0.011049551590868623,-0.016304030286238058,-0.016602166919790884,-0.016809470391304426,-0.016334222516493746,False,False,False
qwen,107,cap48_chunk2048_pollpm_mem0.9,48,2048,lpm,0.9,0,R_concurrent_decode,11.213684506209882,2870.7032335897297,5113.440134831706,2242.7369012419763,219.33856047689915,331.58736494369805,339.2246274277568,232.9374654800631,10.264638138423656,10.413637680421566,10.212544490837857,2836.9426373392344,2839.620491000824,2839.912904258817,2836.82960702572,1,,-0.0711085213583299,-0.0711085213583299,-0.0711085213583299,-0.0711085213583299,-0.5370115274908795,-1.2919147037173602,-1.2960375287303219,-0.6451976144538465,-0.04851907113395537,-0.0628842552521145,-0.042435976575367906,-0.07492202978150653,-0.07505968392476525,-0.0750915882534815,-0.07477411579805193,False,False,False
qwen,108,cap48_chunk2048_polfcfs_mem0.75,48,2048,fcfs,0.75,0,R_concurrent_decode,11.868103720961065,3038.234552566032,5411.855296758245,2373.6207441922124,173.1160213239491,176.07717111241072,183.33913705777377,153.87585615098942,9.840674333128277,10.022580970316104,9.916311715388458,2682.136874878779,2685.42295973748,2686.086951815523,2682.2282888460904,1,,-0.016899360069271507,-0.01689936006927162,-0.01689936006927162,-0.01689936006927162,-0.21310780826561726,-0.2170362930747174,-0.24092859165813185,-0.08679894382777364,-0.005211734886153119,-0.022970439077845795,-0.01219829165303854,-0.016265882767573014,-0.01668161905753962,-0.01685846875222463,-0.016201160046247942,False,False,False
qwen,109,cap48_chunk2048_polfcfs_mem0.8,48,2048,fcfs,0.8,0,R_concurrent_decode,11.894200112693763,3044.915228849604,5423.7552513883575,2378.840022538753,153.94593449309468,177.74376154411584,185.340520166792,152.74430582940113,9.902823153043204,10.00394753700889,9.90683878677262,2678.237134590745,2681.643479270861,2682.2654662048444,2678.681962599512,1,,-0.01473765167713914,-0.014737651677138919,-0.014737651677138808,-0.014737651677138919,-0.07877372502024294,-0.22855567987688996,-0.25447492749617906,-0.0788069967793461,-0.01156015380267994,-0.02106858849581883,-0.011231351278723656,-0.014788265035419634,-0.015250735216293831,-0.01541178810631072,-0.014857582819558734,False,False,False
qwen,110,cap48_chunk2048_polfcfs_mem0.85,48,2048,fcfs,0.85,0,R_concurrent_decode,11.890565269085409,3043.984708885864,5422.097762702945,2378.113053817081,173.57003572396934,174.38201301265508,181.59976573195308,152.48759266978595,9.821339755081665,10.013808753962318,9.904076369999572,2677.4680940434337,2680.801983829588,2680.976063986309,2677.7204495156184,1,,-0.015038745867199999,-0.01503874586720011,-0.01503874586720022,-0.015038745867200332,-0.21628930706346083,-0.20531944802962587,-0.2291556792055056,-0.0769938754897872,-0.0032367335718530565,-0.022075089063543274,-0.010949380156922928,-0.014496874361805023,-0.014932151156914708,-0.014923665573769673,-0.014493299616926247,False,False,False
qwen,111,cap48_chunk2048_polfcfs_mem0.9,48,2048,fcfs,0.9,0,R_concurrent_decode,11.727388429765597,3002.211438019993,5347.689123973112,2345.47768595312,152.30579860508442,205.3052534814924,212.65947714447972,162.73241939779837,10.032701960710042,10.16859198956951,9.99333835604256,2710.6980294920504,2713.2742910878733,2714.1951770614837,2710.726896431879,1,,-0.02855558553501092,-0.02855558553501092,-0.02855558553501092,-0.028555585535010697,-0.06728049847110285,-0.41905928558088457,-0.4393829365112334,-0.14935134043722664,-0.024827100473216124,-0.03787328265857948,-0.020060714327878815,-0.027087749197200806,-0.027225930726414882,-0.02749925864312197,-0.026998271615315872,False,False,False
qwen,112,cap48_chunk8192_pollpm_mem0.75,48,8192,lpm,0.75,0,R_concurrent_decode,11.833993916685316,3029.5024426714413,5396.301226008505,2366.7987833370635,190.9850724041462,193.56217894237489,195.86133270990103,188.83126336731948,9.796457468331152,9.806384308666198,9.806955605550078,2688.840894261375,2692.3161792801693,2692.538223299198,2689.298223485821,1,,-0.019724863721735764,-0.019724863721735653,-0.01972486372173554,-0.019724863721735653,-0.3383249038637208,-0.33789176218136574,-0.3256849119094112,-0.3336830268414228,-0.0006950412258097671,-0.0009039878762853171,-0.0010358684923730266,-0.018806046261746978,-0.01929134188714743,-0.01930069424978731,-0.018879707510765398,False,False,False
qwen,113,cap48_chunk8192_pollpm_mem0.8,48,8192,lpm,0.8,0,R_concurrent_decode,11.721674394516532,3000.7486449962325,5345.083523899539,2344.3348789033066,231.29957495257256,233.67776446975768,234.1315051726997,228.0674427311169,9.763111113790629,9.765563033315845,9.775472574169966,2711.507318308577,2714.2565103713423,2714.818599927239,2711.355090519646,1,,-0.029028910662766694,-0.02902891066276647,-0.029028910662766583,-0.029028910662766583,-0.6208281491082697,-0.6151686129867371,-0.5847160821161812,-0.6108014738742711,0.0027112443360408633,0.0032624995876271434,0.0021777326421653642,-0.027394390003359748,-0.027597791809886196,-0.0277352647114395,-0.027236272073135837,False,False,False
qwen,114,cap48_chunk8192_pollpm_mem0.85,48,8192,lpm,0.85,0,R_concurrent_decode,12.053360853709034,3085.6603785495126,5496.332549291319,2410.672170741807,139.18392756022513,141.77554086782038,145.01369152218103,138.1381699902704,9.79796975358006,9.8047229375102,9.80401648450914,2637.6583804376423,2640.150119154714,2640.9534648340195,2637.855816908996,1,,-0.0015534876335094872,-0.0015534876335094872,-0.0015534876335095982,-0.0015534876335094872,0.024670807374736592,0.020054799743012275,0.018476693631100827,0.024353651034019097,-0.0008495191434032545,-0.0007344174247261304,-0.0007358604468430396,0.0005870887719340301,0.0004583494141384703,0.00022748910570713488,0.0006099956797970263,False,False,False
qwen,115,cap48_chunk8192_pollpm_mem0.9,48,8192,lpm,0.9,0,R_concurrent_decode,11.767294145846432,3012.427301336687,5365.886130505974,2353.4588291692867,202.98582734540105,205.4059321759269,207.2732504690066,200.483388005523,9.807279249470607,9.816330752292856,9.818034638976965,2703.7309205625206,2706.3309386838228,2706.664424315095,2703.7751972820843,1,,-0.025249974467029257,-0.025249974467029146,-0.025249974467029146,-0.025249974467029146,-0.4224200061712995,-0.4197551715057437,-0.40292633051859084,-0.4159799970543665,-0.0018004717100936762,-0.001919187238022646,-0.002166750520865568,-0.02444790065966984,-0.024597227959783474,-0.024648379336676296,-0.024364519384124206,False,False,False
qwen,116,cap48_chunk8192_polfcfs_mem0.75,48,8192,fcfs,0.75,0,R_concurrent_decode,12.00619580888355,3073.586127074189,5474.8252888509,2401.2391617767103,152.20533148385584,154.69679154921323,157.34217907767743,150.85723013908137,9.8014169920455,9.812544098668004,9.80949141325815,2652.11647329852,2654.663638840429,2655.0869348132983,2651.9706653925823,1,,-0.00546042903210886,-0.00546042903210886,-0.005460429032108749,-0.00546042903210886,-0.06657647669250455,-0.0692562161701864,-0.06496851585898189,-0.06547890283100011,-0.0012016499467513153,-0.0015326964994870629,-0.001294708704716152,-0.004891105365738113,-0.005036363677068056,-0.005122947756201368,-0.004737619757168021,False,False,False
qwen,117,cap48_chunk8192_polfcfs_mem0.8,48,8192,fcfs,0.8,0,R_concurrent_decode,12.049445373780973,3084.6580156879286,5494.547090444123,2409.889074756194,144.69032711349428,146.87611060217023,147.1563173038885,143.4803081501741,9.801314221512452,9.816407150647452,9.804390669292838,2643.2530721649528,2646.5957399224862,2646.930110026151,2643.2926556735765,1,,-0.0018778284813328883,-0.0018778284813331103,-0.0018778284813331103,-0.0018778284813331103,-0.013915201259329768,-0.015200074258224339,0.003974358579164838,-0.01337696022099455,-0.0011911520741134662,-0.001926984955853639,-0.0007740550104764488,-0.0015327487279044316,-0.0019819157717413383,-0.002035059496540592,-0.0014498296835123714,False,False,False
qwen,118,cap48_chunk8192_polfcfs_mem0.85,48,8192,fcfs,0.85,0,R_concurrent_decode,11.947827399676376,3058.643814317152,5448.209294252428,2389.565479935275,151.00290020927787,153.43914201948792,159.13141156546772,149.72033168305643,9.845310475165938,9.85215617352914,9.8539863472086,2661.9497078936547,2664.966849074699,2665.8477085875347,2662.179351391387,1,,-0.010295407036384763,-0.010295407036384763,-0.010295407036384763,-0.010295407036384874,-0.05815045836711974,-0.06056340771594959,-0.07707891294524583,-0.05744918282063716,-0.005685310600895166,-0.005575765019810719,-0.005836487687114422,-0.008616933428385876,-0.008937084203972212,-0.009196599927164373,-0.008605328780174393,False,False,False
qwen,119,cap48_chunk8192_polfcfs_mem0.9,48,8192,fcfs,0.9,0,R_concurrent_decode,11.663163920374387,2985.769963615843,5318.40274769072,2332.6327840748777,229.6276928391308,232.19112574588507,234.3974088365212,227.0038434362505,9.803243622402936,9.810187578238247,9.81437486343795,2729.00427156128,2732.393785449676,2733.489713286981,2729.362696831231,1,,-0.03387565669096315,-0.03387565669096315,-0.03387565669096326,-0.03387565669096315,-0.6091124613815946,-0.6048930430749047,-0.5865158476455608,-0.6032894533453159,-0.0013882377971807802,-0.0012921745475202862,-0.00179318233798198,-0.03402401312574588,-0.03446443236089092,-0.03480349447520581,-0.034058715375067106,False,False,False
qwen,120,cap64_chunk-1_pollpm_mem0.75,64,-1,lpm,0.75,0,R_concurrent_decode,12.144081493336598,3108.884862294169,5537.701160961489,2428.81629866732,119.18365978635848,121.25677121803164,124.66564183589072,118.76656238746364,9.80335748845748,9.813097284978662,9.806949555871824,2619.5321234408766,2622.065982501954,2623.143004733138,2619.231860662694,1,,0.0059614044646496556,0.0059614044646496556,0.0059614044646496556,0.005961404464649878,0.164822370576844,0.1618794735225012,0.1562022062816868,0.16117201363873024,-0.0013998690625145471,-0.0015891583275111643,-0.0010352509770943374,0.007455156073280289,0.007304872143348851,0.00696990568076028,0.007665952110069596,False,False,False
qwen,121,cap64_chunk-1_pollpm_mem0.8,64,-1,lpm,0.8,0,R_concurrent_decode,12.106431369489558,3099.246430589327,5520.532704487238,2421.2862738979115,128.53028695099056,130.85829177871346,133.74573672190309,128.32609329780098,9.799335060604646,9.808339466340408,9.802206268517295,2627.7136120479554,2629.884871374816,2630.679915845394,2627.581933120382,1,,0.002842636570657975,0.002842636570657975,0.002842636570657975,0.002842636570657975,0.09932602709777794,0.09551426037631361,0.09474370080464378,0.09365467624273771,-0.0009889834317615698,-0.001103544109392951,-0.0005510843338025762,0.004355177164858004,0.0043446976316697805,0.004116695032627571,0.004502405832797596,False,False,False
qwen,122,cap64_chunk-1_pollpm_mem0.85,64,-1,lpm,0.85,0,R_concurrent_decode,11.82045254931695,3026.03585262514,5390.12636248853,2364.09050986339,199.1867299657315,201.24382057692856,203.04805368650705,196.5342754556332,9.786533189060933,9.79386251491785,9.796272170411417,2694.427354261279,2696.6808760538697,2697.081951070577,2694.2774151975755,1,,-0.020846570039642742,-0.02084657003964252,-0.02084657003964263,-0.020846570039642853,-0.39579789078075245,-0.3909868715619973,-0.3743281404271135,-0.3880880882414215,0.0003187106416947527,0.0003740686329839482,5.4633208935728206e-05,-0.02092276474711685,-0.020943784369807483,-0.021020790489005625,-0.020766146638493188,False,False,False
qwen,123,cap64_chunk-1_pollpm_mem0.9,64,-1,lpm,0.9,0,R_concurrent_decode,11.552433067965392,2957.4228653991404,5267.909478992218,2310.4866135930783,259.6730054356158,261.8116322439164,264.2724825674668,257.1406383358408,9.79506389201418,9.804671725232852,9.806125284407214,2757.5460120569915,2759.5494623761624,2760.153080429882,2757.3959005094366,1,,-0.04304810533337722,-0.04304810533337722,-0.04304810533337733,-0.04304810533337722,-0.8196545188632203,-0.8096284508487219,-0.7887249000365011,-0.8161404988991467,-0.0005526892670051353,-0.0007291903633537267,-0.000951114234292838,-0.0448385235156783,-0.04474537431981518,-0.04489731167884581,-0.04467950191142145,False,False,False
qwen,124,cap64_chunk-1_polfcfs_mem0.75,64,-1,fcfs,0.75,0,R_concurrent_decode,11.786328741340288,3017.3001577831137,5374.565906051172,2357.265748268057,201.5415031928569,203.63643176387995,205.9175495011732,198.85793891444337,9.80793512608929,9.820077124931956,9.820610481863213,2702.922493219376,2705.153927812353,2706.4262894913554,2702.8064270998584,1,,-0.02367323369606833,-0.02367323369606833,-0.02367323369606822,-0.023673233696068552,-0.4122989272918398,-0.4075244762460106,-0.39375028595046935,-0.40449972718215355,-0.0018674686303674637,-0.002301566634599128,-0.0024296772867697936,-0.024141586267131254,-0.024151620196538826,-0.024558229830510703,-0.023997486724342654,False,False,False
qwen,125,cap64_chunk-1_polfcfs_mem0.8,64,-1,fcfs,0.8,0,R_concurrent_decode,12.179888485182222,3118.0514522066487,5554.029149243093,2435.977697036444,119.02373051270844,121.28884214907885,123.04695368744432,118.593389284797,9.78856100244265,9.796519859934287,9.790736720705972,2614.667229587212,2617.2672437271103,2617.4531203741208,2614.9249019654235,1,,0.0089274955458436,0.0089274955458436,0.0089274955458436,0.0089274955458436,0.16594307245730178,0.16165780090707615,0.1671582762000935,0.162395105745479,0.00011157221413804486,0.00010284254797676695,0.00061965908712458,0.009298472010312087,0.009121639773695955,0.009123896672294185,0.009297705992704408,False,False,False
qwen,126,cap64_chunk-1_polfcfs_mem0.85,64,-1,fcfs,0.85,0,R_concurrent_decode,12.198659246762428,3122.856767171181,5562.588616523667,2439.7318493524854,117.89191258139908,119.54943612217905,121.90176213160156,117.39539609698112,9.781607049608638,9.790941339133688,9.78399677881078,2612.169509287924,2613.930323300883,2614.0863786591217,2612.00831104361,1,,0.01048238149522196,0.01048238149522196,0.01048238149522196,0.01048238149522196,0.1738742688856041,0.17368048533434055,0.17490949052005023,0.1708563274328737,0.0008219092048726839,0.000672223018904905,0.0013076323848546512,0.010244862162372192,0.010384973599490865,0.01039842720180073,0.01040269884154299,True,True,True
qwen,127,cap64_chunk-1_polfcfs_mem0.9,64,-1,fcfs,0.9,0,R_concurrent_decode,12.059723346758844,3087.289176770264,5499.233846122033,2411.944669351769,121.23467260971664,123.35453059058636,125.7499995548278,120.83730669110082,9.8046397288129,9.817874002810257,9.808926594213276,2621.8579462729394,2623.9800471113995,2624.4841389358044,2621.8064953864086,1,,-0.0010264471613424808,-0.0010264471613424808,-0.0010264471613423698,-0.0010264471613423698,0.15044993033797815,0.14737986931823543,0.1488627450045773,0.14654669958087052,-0.0015308482016038738,-0.0020767015214260276,-0.0012370553262499584,0.006573898142066659,0.006580221190672697,0.0064621992303816045,0.00669051433550949,False,False,False
qwen,128,cap64_chunk2048_pollpm_mem0.75,64,2048,lpm,0.75,0,R_concurrent_decode,10.457411211766646,2677.0972702122613,4768.57951256559,2091.482242353329,428.5889323800802,542.3110559117049,549.5051787374541,443.2208540092688,10.270870213086408,10.41222209795652,10.216029500684485,3047.526887152344,3050.575570622459,3051.0990171600133,3048.001515431679,1,,-0.13375481913347764,-0.13375481913347764,-0.13375481913347764,-0.13375481913347764,-2.0033302315420816,-2.748425948749789,-2.7193187363189115,-2.130393344795176,-0.04915566923400583,-0.0627397716086191,-0.04279170571281288,-0.15471273343190806,-0.1549257441743963,-0.15503925608355607,-0.15477966162861745,False,False,False
qwen,129,cap64_chunk2048_pollpm_mem0.8,64,2048,lpm,0.8,0,R_concurrent_decode,11.366605238905136,2909.8509411597147,5183.171988940742,2273.321047781027,181.404403410852,300.49590594135225,307.95448165852576,195.927401073277,10.283596951551004,10.43456304316208,10.227753260121796,2803.5029941238463,2806.3095196150243,2806.954349381849,2803.69797583262,1,,-0.05844125169958392,-0.05844125169958392,-0.05844125169958392,-0.05844125169958392,-0.2711885159356233,-1.0770121483693864,-1.0843859491871695,-0.38380183792068445,-0.05045568856381655,-0.06502003520479605,-0.043988397548929914,-0.06225169634326444,-0.06244839221070131,-0.0626146333947315,-0.06222171591745229,False,False,False
qwen,130,cap64_chunk2048_pollpm_mem0.85,64,2048,lpm,0.85,0,R_concurrent_decode,11.427431121520767,2925.422367109317,5210.90859141347,2285.486224304154,170.79769168049097,278.6245797993615,286.3911012886092,185.39619439980012,10.248176805565464,10.379575625171556,10.191273055040174,2783.965951297432,2786.000136309304,2786.1953046591952,2783.863930439111,1,,-0.05340270758759025,-0.05340270758759014,-0.05340270758759014,-0.053402707587590026,-0.1968621495963372,-0.9258386741233524,-0.9384344864321277,-0.3094217202319416,-0.04683756797667504,-0.05940765818413429,-0.040264714558462034,-0.05484908007091205,-0.05475940726832995,-0.05475598592422837,-0.054707299631146844,False,False,False
qwen,131,cap64_chunk2048_pollpm_mem0.9,64,2048,lpm,0.9,0,R_concurrent_decode,12.076987807493964,3091.708878718455,5507.106440217248,2415.397561498793,129.768427927047,131.24394568149,137.68948257900774,128.69604786101263,9.819451955092305,9.826268925897631,9.82468970549766,2633.334706770256,2636.237712041475,2637.1541697438806,2633.6853327666176,1,,0.00040366356197218956,0.00040366356197218956,0.00040366356197218956,0.00040366356197218956,0.09064977359853077,0.09284864056154896,0.06805050768258658,0.091041750221594,-0.0030438973252522317,-0.0029335425070116106,-0.002846060243716586,0.002225335528667327,0.0019395583178892783,0.0016657691975281441,0.0021900441943336624,False,False,False
qwen,132,cap64_chunk2048_polfcfs_mem0.75,64,2048,fcfs,0.75,0,R_concurrent_decode,11.993341138789027,3070.295331529991,5468.963559287797,2398.668227757805,153.14742643386126,155.80164627172053,160.45098224654794,152.08379007526673,9.806636551066356,9.811604692892846,9.813281858322076,2654.182367492467,2656.877774000168,2657.6749939704314,2654.1642404336017,1,,-0.006525252418654093,-0.006525252418654093,-0.006525252418654093,-0.006525252418654204,-0.07317819230056233,-0.07689291482550464,-0.08601041013206978,-0.07414188659292109,-0.0017348209268164272,-0.0014368145763443696,-0.0016816148577727397,-0.005673875926920369,-0.005874619159636607,-0.006102696334252311,-0.005568687534136085,False,False,False
qwen,133,cap64_chunk2048_polfcfs_mem0.8,64,2048,fcfs,0.8,0,R_concurrent_decode,12.102133035398904,3098.14605706212,5518.5726641419,2420.4266070797808,129.44682803936303,131.41602424439043,136.80181140545756,128.56318878766615,9.804031486604728,9.807097064618391,9.808737674398229,2629.427927080542,2631.4217867096886,2632.470854884013,2629.4848083343823,1,,0.0024865817960695313,0.0024865817960697534,0.0024865817960695313,0.0024865817960695313,0.09290337977491514,0.09165924244146972,0.07405869860639369,0.09198011121078775,-0.0014687170727190058,-0.000976736429929348,-0.0012177715119108257,0.0037056205011952725,0.0037628326538097223,0.003438708220916964,0.003781473909168498,False,False,False
qwen,134,cap64_chunk2048_polfcfs_mem0.85,64,2048,fcfs,0.85,0,R_concurrent_decode,12.074709696255484,3091.125682241404,5506.067621492501,2414.9419392510968,131.78274454548955,134.12138372659683,139.5667522167787,130.90167116024531,9.810434611441169,9.81533202013987,9.81666891103379,2633.6689898744226,2636.552502051927,2637.344911629334,2633.845702162944,1,,0.00021495501433554942,0.00021495501433554942,0.00021495501433554942,0.00021495501433554942,0.07653448144091335,0.07295993772832776,0.055344232278728867,0.07546380880799164,-0.00212278771946961,-0.001817250075121457,-0.0020273451118162367,0.002098675134437733,0.001820381107338842,0.0015935609983713794,0.0021292859183658086,False,False,False
qwen,135,cap64_chunk2048_polfcfs_mem0.9,64,2048,fcfs,0.9,0,R_concurrent_decode,12.090401221399226,3095.142712678202,5513.222956958047,2418.080244279845,132.45586724951863,134.44108422845602,140.00096512958407,131.50470082473475,9.810308409927812,9.813819382814508,9.815557083254394,2634.148874785751,2636.418837797828,2636.6749985981733,2634.1651939001167,1,,0.0015147707871836502,0.0015147707871836502,0.0015147707871834282,0.0015147707871834282,0.07181758463417287,0.07075018440699321,0.0524052677618535,0.07120471307421483,-0.002109896403499567,-0.001662860375155395,-0.001913856325741481,0.0019168459863410092,0.0018709854226758305,0.0018471666154951105,0.002008241831518043,False,False,False
qwen,136,cap64_chunk8192_pollpm_mem0.75,64,8192,lpm,0.75,0,R_concurrent_decode,11.988958144787889,3069.1732850656995,5466.964914023277,2397.791628957578,148.71835755184293,156.05895766057074,156.27569511998445,148.2763427629834,9.801215333316255,9.808878666689004,9.808156069396064,2648.204856319353,2655.6622666073963,2655.919152479619,2649.049395331531,1,,-0.006888320041641083,-0.006888320041641083,-0.006888320041641194,-0.006888320041641083,-0.042141561473260536,-0.07867143782694597,-0.057750032905018456,-0.04725053520632594,-0.0011810507769975942,-0.0011585784382737163,-0.001158404722472861,-0.0034089875366243305,-0.005414436893160346,-0.0054379962252284475,-0.0036308541484411094,False,False,False
qwen,137,cap64_chunk8192_pollpm_mem0.8,64,8192,lpm,0.8,0,R_concurrent_decode,11.993532460015686,3070.344309764016,5469.050801767153,2398.706492003137,146.62993024103343,148.81766410544515,151.27483188640326,145.25394506927114,9.81250834450418,9.821126510102506,9.81947772939041,2649.012907408178,2650.900881597772,2651.298500658013,2648.9136804593727,1,,-0.006509404223796533,-0.006509404223796311,-0.006509404223796533,-0.006509404223796533,-0.02750693979952601,-0.02861999157915518,-0.023901754413518272,-0.025903855463853098,-0.002334616781116461,-0.002408673777146264,-0.002314052632085284,-0.0037151593658091286,-0.003611811126895903,-0.0036887792340287717,-0.0035794365971850706,False,False,False
qwen,138,cap64_chunk8192_pollpm_mem0.85,64,8192,lpm,0.85,0,R_concurrent_decode,12.144715344201142,3109.0471281154923,5537.99019695572,2428.943068840228,120.69529388099907,122.74375997949392,126.01506960112602,120.31291605671868,9.802371608641216,9.811411991656694,9.805784306800874,2620.687031187117,2622.2395323216915,2622.956321570091,2620.481119316537,1,,0.006013909835786091,0.006013909835786091,0.006013909835785869,0.006013909835785869,0.15422961833228133,0.1516014841689668,0.14706862180468483,0.150250381249036,-0.001299162756529082,-0.0014171462225800457,-0.0009163092623905023,0.0070175597107526855,0.007239167442687711,0.007040577389726854,0.007192652317314363,False,False,False
qwen,139,cap64_chunk8192_pollpm_mem0.9,64,8192,lpm,0.9,0,R_concurrent_decode,12.126785491976742,3104.457085946046,5529.814184341394,2425.3570983953487,128.57403932139275,131.3339055282995,133.2742621889338,128.4069963003276,9.792902733327129,9.802219109485058,9.796279351137674,2625.8931695483625,2629.211450717412,2629.5316839404404,2626.1517464590725,1,,0.00452868105702664,0.00452868105702664,0.00452868105702664,0.004528681057026862,0.09901943304738836,0.09222684275667214,0.0979348701184597,0.09308327212582312,-0.0003319297946726696,-0.0004788602921035334,5.390024298435048e-05,0.005044945692782243,0.004599649799183592,0.004551375427413129,0.005044252830068152,False,False,False
qwen,140,cap64_chunk8192_polfcfs_mem0.75,64,8192,fcfs,0.75,0,R_concurrent_decode,12.102110914706357,3098.140394164827,5518.562577106098,2420.422182941271,123.6881094519049,130.3836719598621,130.82712112460283,123.95624798955396,9.798244346736691,9.811340200784,9.801809955016475,2622.389494907111,2629.163025831804,2630.550470873713,2623.110881788307,1,,0.0024847494168191986,0.0024847494168191986,0.0024847494168191986,0.0024847494168191986,0.13325751008950415,0.0987948079981622,0.11449831294513824,0.12451814881398726,-0.0008775684674660056,-0.0014098187746123259,-0.0005106310019586946,0.0063724935280815576,0.004617983108997525,0.0041656983664929426,0.006196328594396561,False,False,False
qwen,141,cap64_chunk8192_polfcfs_mem0.8,64,8192,fcfs,0.8,0,R_concurrent_decode,12.021443298705911,3077.4894844687137,5481.778144209896,2404.2886597411825,144.45019350387156,146.74277647864074,149.60047787521034,143.2321615575347,9.800886963585429,9.810328150791891,9.808296324555563,2643.894092412665,2646.609608246945,2647.0419526984915,2644.040985032916,1,,-0.0041973951596271375,-0.0041973951596270265,-0.0041973951596271375,-0.0041973951596270265,-0.012232468750619896,-0.014278475697687032,-0.012568910818906875,-0.011624343133812776,-0.001147508247732354,-0.0013065223055828135,-0.0011727211373775415,-0.001775632308535613,-0.0019871662186077277,-0.0020773992162061994,-0.001733345134534936,False,False,False
qwen,142,cap64_chunk8192_polfcfs_mem0.85,64,8192,fcfs,0.85,0,R_concurrent_decode,12.113256782165184,3100.993736234287,5523.645092667323,2422.6513564330367,124.79185382835568,126.90445412881672,129.29003319703045,124.4429535290692,9.807831000573202,9.816464720434002,9.810492919585334,2625.909762457013,2628.0015184544027,2628.5924725187942,2625.811653517303,1,,0.00340802323452305,0.00340802323452305,0.00340802323452305,0.00340802323452305,0.1255230386572146,0.12284298156401119,0.12490207281783816,0.12108063054743567,-0.0018568323480223636,-0.0019328609063697932,-0.0013969365312054283,0.005038658613582325,0.005057721362043299,0.004906927985905085,0.005173101982613004,False,False,False
qwen,143,cap64_chunk8192_polfcfs_mem0.9,64,8192,fcfs,0.9,0,R_concurrent_decode,12.13807611188453,3107.34748464244,5534.9627070193455,2427.615222376906,123.26656188815832,125.40755942463876,126.7397549841553,122.73246915719938,9.792874237595528,9.802837157311396,9.796264501867302,2620.4773809295148,2622.780845873058,2623.576350873336,2620.4732815676834,1,,0.005463945520292057,0.005463945520292057,0.005463945520292057,0.005463945520292057,0.1362114980406215,0.13318944028087043,0.1421635981082202,0.13316149011359113,-0.0003290189937632526,-0.000541942312408672,5.5415968440941654e-05,0.007096996523284549,0.007034230065569691,0.006805856005352773,0.007195621762350113,False,False,False
qwen,144,cap96_chunk-1_pollpm_mem0.75,96,-1,lpm,0.75,0,R_concurrent_decode,11.946258664735453,3058.242218172276,5447.493951119367,2389.2517329470907,164.12454284727573,166.59939454402777,169.33612543623894,162.75880062312353,9.80305409095451,9.810939472296225,9.80999609211474,2663.776606321335,2666.1864581285045,2666.9618422957137,2664.001002398436,1,,-0.01042535402375222,-0.01042535402375222,-0.01042535402375211,-0.01042535402375222,-0.15010016365545487,-0.15152639199838092,-0.14614938755940243,-0.14953766653501388,-0.001368877412959213,-0.0013689177932876273,-0.0013462233294210257,-0.009309148117621957,-0.009398819329511587,-0.009618371938572512,-0.00929548773281108,False,False,False
qwen,145,cap96_chunk-1_pollpm_mem0.8,96,-1,lpm,0.8,0,R_concurrent_decode,12.177916764024951,3117.546691590388,5553.130044395379,2435.5833528049907,115.6321072485298,117.81514580361544,120.17593144904822,115.411201826646,9.803020239205049,9.81236013450942,9.806546727701654,2615.4899429529905,2618.386848806404,2618.6257055215538,2615.773800658644,1,,0.008764166982405674,0.008764166982405674,0.008764166982405674,0.008764166982405674,0.18970981936497933,0.18566781025037138,0.18659075330283748,0.18487035335798918,-0.0013654195019814352,-0.0015139199092415456,-0.0009941326664382188,0.008986744621315546,0.008697765426232795,0.008679996992615346,0.008976088388267134,True,False,True
qwen,146,cap96_chunk-1_pollpm_mem0.85,96,-1,lpm,0.85,0,R_concurrent_decode,9.925091006303342,2540.8232976136555,4525.841498874323,1985.0182012606683,705.4951854515821,713.108461489901,718.736729552038,704.2775350710144,9.820518990540329,9.856525991002426,9.825851060645943,3209.319309797138,3212.5317469472066,3213.230247418396,3209.5635398000013,1,,-0.17784984450090446,-0.17784984450090446,-0.17784984450090457,-0.17784984450090446,-3.9437464633246844,-3.928968775729677,-3.864760311896344,-3.974192185977219,-0.0031528935705888994,-0.006021777290759367,-0.0029646044898872237,-0.21601613698458744,-0.21624117568404166,-0.2164164629628873,-0.21598978205917208,False,False,False
qwen,147,cap96_chunk-1_pollpm_mem0.9,96,-1,lpm,0.9,0,R_concurrent_decode,11.9641703087945,3062.827599051392,5455.661660810291,2392.8340617589,187.2375609818846,189.42643660120663,189.43710503634065,184.77101752068847,9.742076104455515,9.746609573017835,9.751586531632553,2662.1819753199816,2664.5076353568584,2664.954866962508,2661.987172963564,1,,-0.008941633527986714,-0.008941633527986714,-0.008941633527986825,-0.008941633527986714,-0.31206427626182465,-0.309305725182883,-0.2822026095086403,-0.30500620249628474,0.004859942434494613,0.005197014226174135,0.004615878209251689,-0.00870493992174004,-0.008763229227252589,-0.008858601350070883,-0.008532519190438181,False,False,True
qwen,148,cap96_chunk-1_polfcfs_mem0.75,96,-1,fcfs,0.75,0,R_concurrent_decode,12.047868998273165,3084.2544635579297,5493.828263212563,2409.5737996546327,148.08801491744816,150.75522686820477,152.69883202854544,146.92872403247748,9.781651397911356,9.791069489218808,9.78869357998449,2642.40137510933,2645.252800663002,2646.41410803888,2642.7394161291886,1,,-0.0020084083790936624,-0.0020084083790937735,-0.0020084083790936624,-0.0020084083790937735,-0.03772444533450603,-0.04201232510820274,-0.03354008106470463,-0.0377325338146115,0.0008173790850043439,0.0006591431795669456,0.0008282107752166645,-0.0012100393732141779,-0.001473488726505101,-0.0018397192115602312,-0.0012402268435423025,False,False,False
qwen,149,cap96_chunk-1_polfcfs_mem0.8,96,-1,fcfs,0.8,0,R_concurrent_decode,12.042766696874825,3082.948274399955,5491.50161377492,2408.5533393749647,145.1171929948032,147.49841536395252,149.814182552509,144.14119969296735,9.804662574520885,9.81282623477002,9.809703812338135,2644.980410579592,2647.822509566322,2649.123433236964,2645.3088538255543,1,,-0.0024310602102339818,-0.0024310602102339818,-0.002431060210234093,-0.002431060210234093,-0.016906457237475303,-0.019501412561522935,-0.014015368179221666,-0.018044724538663903,-0.001533181860150279,-0.0015614931630423268,-0.0013163891431775543,-0.002187239971521926,-0.00244636184463376,-0.0028653748666811474,-0.00221369564877838,False,False,False
qwen,150,cap96_chunk-1_polfcfs_mem0.85,96,-1,fcfs,0.85,0,R_concurrent_decode,12.135924516276187,3106.7966761667044,5533.981579421942,2427.1849032552377,127.6848220732063,130.01953370403498,131.38250302523377,127.35280986817088,9.786849724603634,9.79718565609279,9.789243378807123,2623.4415757935494,2625.61565421056,2625.911945104599,2623.3033996395534,1,,0.005285716961697773,0.005285716961697995,0.005285716961697995,0.005285716961697773,0.10525060898806493,0.10131171277485018,0.1107392176922507,0.10052881120988377,0.000286376958934742,3.488701929443838e-05,0.000772090571960149,0.005973858424551448,0.00596099222799229,0.005921681808377044,0.006123390409164542,False,False,False
qwen,151,cap96_chunk-1_polfcfs_mem0.9,96,-1,fcfs,0.9,0,R_concurrent_decode,12.138029986565517,3107.3356765607723,5534.941673873876,2427.605997313103,130.67089091055095,132.83300027251244,134.51675130520016,130.48060971777886,9.77973116689599,9.790578644426995,9.78146644228358,2624.3152127135545,2626.5957064926624,2627.1178147615865,2624.4482629263075,1,,0.005460124705130243,0.005460124705130243,0.005460124705130243,0.005460124705130243,0.0843257783750575,0.08186517747696398,0.08952509851190349,0.07843769400613554,0.0010135281175802646,0.0007092420227379215,0.0015659141315007563,0.005642836020720021,0.005589951555491912,0.005465181778811612,0.00568964231809721,False,False,False
qwen,152,cap96_chunk2048_pollpm_mem0.75,96,2048,lpm,0.75,0,R_concurrent_decode,12.09837117622766,3097.183021114281,5516.857256359813,2419.674235245532,133.56774393469095,135.74535637162626,140.58342916425318,132.66277915681712,9.80002169004258,9.80335487701072,9.805351118453672,2632.3927405755967,2635.3118346072733,2635.776549153961,2632.721047019004,1,,0.0021749662047727547,0.0021749662047727547,0.0021749662047727547,0.0021749662047729768,0.06402612617587689,0.06173512286178506,0.0484628674329719,0.06302540320937178,-0.0010591217114328533,-0.0005947841851463576,-0.000872091964912558,0.0025822480021950867,0.002290088786633393,0.002187288116578978,0.0025553778609033184,False,False,False
qwen,153,cap96_chunk2048_pollpm_mem0.8,96,2048,lpm,0.8,0,R_concurrent_decode,12.105673147088895,3099.052325654757,5520.186955072536,2421.134629417779,128.64109105430543,130.72768913116306,136.39263327233493,127.92863910726736,9.806026625173056,9.810589484267814,9.8114864185685,2629.7237270046026,2631.586631154641,2632.2560456115752,2629.5511053467635,1,,0.002779828817639718,0.002779828817639718,0.002779828817639718,0.002779828817639718,0.09854956907909684,0.09641697911626324,0.07682821553890307,0.09646182744434018,-0.0016725178117451556,-0.001333195716493707,-0.0014983470155047751,0.003593541444468662,0.003700423744785075,0.00352002749008562,0.0037563563227311914,False,False,False
qwen,154,cap96_chunk2048_pollpm_mem0.85,96,2048,lpm,0.85,0,R_concurrent_decode,12.07237117117217,3090.527019820076,5505.001254054509,2414.474234234434,139.0552786178887,141.10069971065968,145.90056431479752,138.00819935568143,9.80368883139285,9.808375163222935,9.80977596375566,2639.281138312072,2640.9559992607683,2641.3558014528826,2639.194704897818,1,,2.1242053954262374e-05,2.1242053954262374e-05,2.1242053954262374e-05,2.124205395404033e-05,0.025572312823394117,0.024719266891912395,0.01247390653837721,0.025271611472603484,-0.0014337153006513947,-0.0011071875676698095,-0.0013237539319876923,-2.7776740419760415e-05,0.00015324906187597076,7.517854930327861e-05,0.00010273851116937571,False,False,False
qwen,155,cap96_chunk2048_pollpm_mem0.9,96,2048,lpm,0.9,0,R_concurrent_decode,11.195346491725132,2866.008701881634,5105.07800022666,2239.0692983450263,201.80665026418865,337.63822349719703,346.41266527120024,218.5987926350208,10.355181237865311,10.51454314332017,10.28982172215524,2842.0421599876136,2844.9006053619087,2846.125860582106,2842.196623270865,1,,-0.07262756047349839,-0.07262756047349839,-0.07262756047349839,-0.07262756047349839,-0.41415694124174096,-1.3337379248501469,-1.3446896704442803,-0.5439260121786136,-0.05776792776620021,-0.07318332951177431,-0.05032397805899902,-0.07685424693809084,-0.07705869685417044,-0.07744359597573847,-0.07680748788535086,False,False,False
qwen,156,cap96_chunk2048_polfcfs_mem0.75,96,2048,fcfs,0.75,0,R_concurrent_decode,12.019790684984102,3077.06641535593,5481.024552352751,2403.9581369968205,142.52610597759485,144.8749968549237,150.3178283944726,141.67100463237148,9.827313403252,9.834278712012605,9.83290955052025,2648.355747340247,2652.083624061197,2652.6861904887483,2648.755725749652,1,,-0.004334290290110343,-0.004334290290110343,-0.004334290290110232,-0.004334290290110343,0.001250544456718905,-0.0013684796137660715,-0.01742428858428169,-0.0005981578708567081,-0.0038469337509901003,-0.003751073883731859,-0.0036850932761904875,-0.0034661603818979536,-0.004059588829206318,-0.00421411001508587,-0.003519593160322909,False,False,False
qwen,157,cap96_chunk2048_polfcfs_mem0.8,96,2048,fcfs,0.8,0,R_concurrent_decode,12.14753326417047,3109.76851562764,5539.275168461734,2429.506652834094,123.58676316216588,125.58821691200136,131.14421686623243,122.97649252286648,9.802313048538624,9.805117410187629,9.8059083535865,2623.213136335835,2625.180821516551,2625.6326670758426,2623.176745924866,1,,0.006247333724745285,0.006247333724745285,0.006247333724745285,0.006247333724745285,0.13396769262767072,0.13194074507894893,0.11235205449538221,0.13143799467570982,-0.0012931809202920697,-0.0007746798969605617,-0.0009289712226130398,0.006060414494574395,0.0061256167262527805,0.006027406691365478,0.006171375009254354,False,False,False
qwen,158,cap96_chunk2048_polfcfs_mem0.85,96,2048,fcfs,0.85,0,R_concurrent_decode,12.132031011301228,3105.7999388931144,5532.2061411533605,2426.4062022602457,121.2315212469548,124.33342637959868,129.62398999836296,120.87443929340223,9.819038190385877,9.823957363454005,9.82324466597458,2625.448807142675,2628.511872701347,2629.21527848579,2625.4950545117026,1,,0.004963196420720628,0.004963196420720628,0.00496319642072085,0.00496319642072085,0.1504720134631784,0.1406137922916718,0.12264169050229567,0.1462844383400742,-0.0030016318133265774,-0.0026976092623796077,-0.0026985591789443486,0.00521331530758995,0.004864504952615256,0.004671155453857656,0.00529305011607295,False,False,False
qwen,159,cap96_chunk2048_polfcfs_mem0.9,96,2048,fcfs,0.9,0,R_concurrent_decode,11.356553732683366,2907.277755566942,5178.588502103615,2271.3107465366734,179.4885634444654,300.04123570397496,307.93912502005696,194.06103221990637,10.291649188444602,10.436709175598534,10.236484479063748,2803.9106288924813,2806.4892451744527,2806.7553219757974,2804.057912668213,1,,-0.05927387352622304,-0.05927387352622304,-0.05927387352622315,-0.05927387352622304,-0.25776329737504966,-1.0738694912221076,-1.0842820079771611,-0.370619992832226,-0.05127821380380726,-0.06523908357640207,-0.04487962859841166,-0.0624061497985946,-0.0625164350015337,-0.06253928858758706,-0.062358083217504134,False,False,False
qwen,160,cap96_chunk8192_pollpm_mem0.75,96,8192,lpm,0.75,0,R_concurrent_decode,11.98939277015516,3069.2845491597213,5467.163103190754,2397.8785540310323,153.65492971614003,155.90344483498484,158.81114274263382,152.21916703740135,9.80437292863487,9.814579982139929,9.811962768210584,2654.317508917302,2656.603244645521,2657.0456321910024,2653.96273326769,1,,-0.0068523176197934355,-0.006852317619793213,-0.006852317619793213,-0.006852317619793213,-0.07673451360314565,-0.07759654122575177,-0.07491117753616039,-0.07509803100145085,-0.0015035949198931586,-0.0017404921376917848,-0.0015469699619978794,-0.005725081225462114,-0.005770684340822063,-0.005864442001164205,-0.005492343616428252,False,False,False
qwen,161,cap96_chunk8192_pollpm_mem0.8,96,8192,lpm,0.8,0,R_concurrent_decode,11.990749442561352,3069.631857295706,5467.781745807976,2398.1498885122705,156.4210243523121,158.7453933665529,161.70947399921715,155.31726852350403,9.800061265773634,9.806899486389428,9.8059849631822,2655.32988216728,2658.158857538365,2658.602560465224,2655.536886464688,1,,-0.006739936944492375,-0.006739936944492375,-0.006739936944492486,-0.006739936944492375,-0.09611787844644182,-0.09723994237830991,-0.0945284953773442,-0.09697939372585251,-0.0010631643194822793,-0.0009565702982479163,-0.0009367910758122378,-0.006108671043049574,-0.006359628078265178,-0.00645384053117537,-0.0060887344275804,False,False,False
qwen,162,cap96_chunk8192_pollpm_mem0.85,96,8192,lpm,0.85,0,R_concurrent_decode,11.787971264234036,3017.7206436439133,5375.3148964907205,2357.594252846807,202.40578660741448,204.8473690869287,207.0208763796836,200.06824634037912,9.804861067666437,9.812686061286737,9.815677017918835,2702.4337048642337,2705.2543266443536,2705.7012915425003,2702.7590213692747,1,,-0.023537174444657083,-0.023537174444657083,-0.023537174444657083,-0.023537174444657083,-0.4183553797838495,-0.4158944123454962,-0.4012181397402308,-0.41304792223442477,-0.0015534576697593394,-0.0015471861367217787,-0.0019260985450204604,-0.023956383590161945,-0.024189630464791056,-0.0242837709923025,-0.023979526374505067,False,False,False
qwen,163,cap96_chunk8192_pollpm_mem0.9,96,8192,lpm,0.9,0,R_concurrent_decode,12.156574457061222,3112.0830610076728,5543.397952419918,2431.3148914122444,117.75564751587808,119.98760253190994,122.37966852262616,117.48516617808492,9.809382423283717,9.818206484801882,9.812574456149624,2619.300693506375,2621.8610234558582,2622.0904345577583,2619.384587960667,1,,0.006996265713007155,0.006996265713007155,0.006996265713007155,0.006996265713007155,0.17482914419820172,0.17065190178952483,0.1716747872576928,0.17022229665136357,-0.002015308105026925,-0.002110636817131306,-0.0016094074392265512,0.007542845239663976,0.007382468148875332,0.007368371894248771,0.007608089154102604,False,False,False
qwen,164,cap96_chunk8192_polfcfs_mem0.75,96,8192,fcfs,0.75,0,R_concurrent_decode,11.784126611749492,3016.73641260787,5373.561734957769,2356.8253223498987,200.8635038509965,203.103739884682,205.15268956311047,198.3438949828269,9.79610431902841,9.805752796965558,9.80855834947105,2699.08169307746,2701.501056435518,2701.859642481432,2699.2196313804016,1,,-0.02385564826378883,-0.02385564826378883,-0.02385564826378883,-0.02385564826378872,-0.40754785752186895,-0.40384253754882304,-0.38857334129485666,-0.4008691225120249,-0.0006589674963817238,-0.0008395316445422019,-0.0011994670868231694,-0.02268630104909586,-0.022768669636686667,-0.022829457170078227,-0.02263857704983141,False,False,False
qwen,165,cap96_chunk8192_polfcfs_mem0.8,96,8192,fcfs,0.8,0,R_concurrent_decode,11.974491709376364,3065.4698776003493,5460.368219475623,2394.898341875273,160.46814271248877,162.78275065124035,165.4177565779537,159.00061470165383,9.791619654781384,9.798382191349887,9.798728370037514,2657.130175502971,2660.1072249002755,2660.345529341139,2657.3699869477423,1,,-0.0080866548594829,-0.0080866548594829,-0.00808665485948279,-0.00808665485948279,-0.12447799697364759,-0.12514594695875214,-0.11962795832753703,-0.12299423995512271,-0.00020086503556160373,-8.723922752262858e-05,-0.00019608108251167877,-0.0067908050210625515,-0.007097265803765129,-0.0071136675189233944,-0.006783231180562677,False,False,False
qwen,166,cap96_chunk8192_polfcfs_mem0.85,96,8192,fcfs,0.85,0,R_concurrent_decode,12.012004287890978,3075.0730977000903,5477.473955278286,2402.400857578196,156.31934092380106,158.61743609420955,160.83452032413334,155.15338083787356,9.786113842810485,9.793168143225827,9.791895819059352,2651.6609392128885,2654.2445499217138,2654.4636097410694,2651.7805855401093,1,,-0.004979280605748149,-0.004979280605748149,-0.004979280605748149,-0.004979280605748038,-0.09540533341361024,-0.09635550833486839,-0.08860638267837517,-0.09582188293692928,0.00036154630088447437,0.000444940768292712,0.0005013452011937147,-0.004718502783818801,-0.004877699657732437,-0.004886978709088607,-0.004665605243195481,False,False,False
qwen,167,cap96_chunk8192_polfcfs_mem0.9,96,8192,fcfs,0.9,0,R_concurrent_decode,12.135394190002076,3106.6609126405315,5533.739750640947,2427.078838000415,129.96080960147083,132.0803680922836,134.63677156250924,129.53162427584175,9.782020098474971,9.792336937859975,9.786065865778651,2624.652340076864,2627.3232663050294,2627.518805046566,2624.672207093681,1,,0.005241787104687035,0.005241787104687035,0.005241787104687035,0.005241787104687035,0.08930166202788614,0.08706733215089191,0.08871274294362097,0.08514021642780234,0.0007797168150562861,0.0005297790470343289,0.001096432257804203,0.005515097932224933,0.0053145026973088205,0.005313380897275399,0.005604797816375573,False,False,False
qwen,168,cap128_chunk-1_pollpm_mem0.75,128,-1,lpm,0.75,0,R_concurrent_decode,11.7948409158023,3019.4792744453885,5378.447457605848,2358.96818316046,201.70638849958775,204.0563033428043,205.92567771673205,199.37129764002748,9.786526313708986,9.794535247971153,9.796549608682936,2697.342946892604,2699.594835191965,2700.146683254279,2697.1851458074525,1,,-0.0229681232287553,-0.02296812322875541,-0.02296812322875541,-0.02296812322875541,-0.4134543584964949,-0.41042660686722154,-0.3938053016729606,-0.4081254923588693,0.0003194129497098297,0.00030540507925880256,2.6313955514556397e-05,-0.022027487383390998,-0.022046988125344003,-0.022180990784587573,-0.021867782629414023,False,False,False
qwen,169,cap128_chunk-1_pollpm_mem0.8,128,-1,lpm,0.8,0,R_concurrent_decode,12.097129005926272,3096.865025517126,5516.29082670238,2419.425801185255,131.34292094036937,133.75325151719153,136.4219523780048,131.25622759980615,9.800558854990143,9.807779654494984,9.803475241142776,2630.6687362957746,2632.722402154468,2633.92543847207,2630.8357176894788,1,,0.0020720703717982403,0.0020720703717982403,0.0020720703717982403,0.0020720703717984623,0.07961653846573591,0.07550444850542337,0.07662976954918455,0.07295963710958075,-0.0011139923931138274,-0.001046406035775993,-0.0006806135338248698,0.0032354759368833363,0.003270429097276928,0.00288805380556989,0.0032696622712571344,False,False,False
qwen,170,cap128_chunk-1_pollpm_mem0.85,128,-1,lpm,0.85,0,R_concurrent_decode,11.80272068090598,3021.496494311931,5382.040630493128,2360.5441361811963,195.5546049866825,197.6629578974098,199.88327054306865,192.906753756688,9.801092423389065,9.812002089520911,9.812740103949832,2694.998727180064,2696.934936242178,2697.326935278252,2694.8486230394337,1,,-0.02231539872465027,-0.02231539872465016,-0.022315398724649937,-0.02231539872465016,-0.37034583187260695,-0.3662361340645799,-0.3529073464159971,-0.3624675207934813,-0.0011684956921564904,-0.001477375486184318,-0.0016263157843046105,-0.021139258845213504,-0.021039969710984652,-0.021113532932103718,-0.020982557029039617,False,False,False
qwen,171,cap128_chunk-1_pollpm_mem0.9,128,-1,lpm,0.9,0,R_concurrent_decode,12.157540629293996,3112.330401099264,5543.838526958063,2431.5081258588,124.29853319190444,126.42767042852938,127.84269489347936,123.98033206409308,9.78474201378869,9.793701503903648,9.786209887672983,2619.144381722436,2621.258852281608,2621.8302355334163,2619.1575339180417,1,,0.007076299100198025,0.007076299100198469,0.007076299100198247,0.007076299100198469,0.12897997529127514,0.126138485822344,0.13469836351442066,0.12434804710065228,0.0005016768025435381,0.0003905024745645136,0.001081731356946336,0.00760207202058627,0.007610445779798081,0.007466874134202106,0.007694111877249776,False,False,False
qwen,172,cap128_chunk-1_polfcfs_mem0.75,128,-1,fcfs,0.75,0,R_concurrent_decode,12.120098719428432,3102.7452721736786,5526.765016059365,2424.0197438856862,129.50256979092956,131.9899988360703,133.53190014138818,129.04578546294942,9.797204478516006,9.804559848377355,9.799071990010594,2627.525898395106,2630.404361383989,2630.6273564649746,2627.502535673557,1,,0.00397477872133134,0.00397477872133134,0.00397477872133134,0.00397477872133134,0.09251277032378169,0.08769195977237698,0.09619105095018166,0.08857161315194995,-0.0007713473181032438,-0.0007177714767085952,-0.00023115577154042555,0.0044263021633274,0.0041480224890465545,0.004136592173729303,0.004532486709173389,False,False,False
qwen,173,cap128_chunk-1_polfcfs_mem0.8,128,-1,fcfs,0.8,0,R_concurrent_decode,12.061379169804916,3087.713067470059,5499.988901431042,2412.275833960983,142.2943565994501,144.43957700859755,161.89894211944195,141.8624887301121,9.792960329236935,9.797915018656676,9.798644781981029,2639.879273250699,2642.517806775868,2642.641261983663,2639.9064893630566,1,,-0.0008892861847888955,-0.0008892861847887845,-0.0008892861847888955,-0.0008892861847888955,0.0028745245946519837,0.001641119826956472,-0.09581090791275715,-0.001950577414700616,-0.0003378131399049966,-3.955651420617379e-05,-0.0001875489094209648,-0.0002544110099498287,-0.000438039914540278,-0.000411451798268736,-0.00016693137572509897,False,False,False
qwen,174,cap128_chunk-1_polfcfs_mem0.85,128,-1,fcfs,0.85,0,R_concurrent_decode,12.155798981167392,3111.8845391788527,5543.044335412332,2431.159796233479,126.01798959076405,128.22860507294536,130.25390525814146,125.65375688427594,9.779597833460452,9.788190629483518,9.782923853214337,2619.7748587001115,2621.9063840107992,2623.1173067120835,2619.993196974974,1,,0.006932028757769659,0.006932028757769881,0.006932028757769881,0.006932028757770103,0.11693091150459312,0.11369051877549408,0.11837811716642599,0.11252893283125476,0.0010271479498721314,0.0009529785116212386,0.0014171502668011149,0.007363183301563936,0.007365294972385028,0.006979634051735628,0.00737750878593435,False,False,True
qwen,175,cap128_chunk-1_polfcfs_mem0.9,128,-1,fcfs,0.9,0,R_concurrent_decode,12.013890026956645,3075.5558469009006,5478.3338522922295,2402.778005391329,147.4524235818535,149.49260377325118,152.47939339838922,145.64848372538108,9.802753676422965,9.810605623706271,9.81062158452225,2647.2584772855043,2649.193339282647,2649.3862556293607,2647.050197279896,1,,-0.004823074414280093,-0.004823074414280204,-0.004823074414280204,-0.004823074414280093,-0.033270549004292826,-0.033285139628536964,-0.03205481351820527,-0.02869041474277445,-0.0013381904699492075,-0.0013348430135815548,-0.0014100698849242033,-0.003050403031383375,-0.002965348014165148,-0.002964870221924709,-0.00287342891820197,False,False,False
qwen,176,cap128_chunk2048_pollpm_mem0.75,128,2048,lpm,0.75,0,R_concurrent_decode,12.029694208453511,3079.6017173640994,5485.5405590548025,2405.9388416907027,144.16244020685554,146.40844010282308,152.0420906925574,143.29283546248917,9.808521241168766,9.814182743064912,9.814543350036203,2645.8529313094914,2648.462485824712,2648.7542543793097,2645.6947517144727,1,,-0.0035139266929208324,-0.0035139266929207214,-0.0035139266929206103,-0.0035139266929207214,-0.010216042028271088,-0.011967559973095954,-0.029094935776961206,-0.012052872582628327,-0.0019273395026204732,-0.0016999473087506711,-0.001810380450729232,-0.0025178394491658374,-0.0026886522057030238,-0.002725616677678122,-0.0023598986710970937,False,False,False
qwen,177,cap128_chunk2048_pollpm_mem0.8,128,2048,lpm,0.8,0,R_concurrent_decode,12.04608940349412,3083.7988872944948,5493.016767993318,2409.217880698824,143.31789663992822,145.68490940146148,151.45501761697233,142.5173868046841,9.80528604933152,9.808248521705323,9.810861275955377,2643.993661971763,2646.19493430946,2647.0415199827403,2643.980677050422,1,,-0.002155822052518741,-0.002155822052518741,-0.002155822052518741,-0.002155822052518741,-0.004297916209385466,-0.006966553214822424,-0.02512133921390647,-0.0065760108879109325,-0.0015968689790244461,-0.0010942617026397095,-0.0014345361649381605,-0.00181335937117022,-0.0018301736790846679,-0.002077235405174127,-0.0017104965790910587,False,False,False
qwen,178,cap128_chunk2048_pollpm_mem0.85,128,2048,lpm,0.85,0,R_concurrent_decode,12.052136378075687,3085.346912787376,5495.774188402514,2410.4272756151377,144.64909420348704,146.38725977856666,152.0324496831745,143.5014519811375,9.796755542686466,9.8015475313307,9.801719631421546,2642.870832933113,2645.0471091782674,2645.661224676296,2642.6337616721867,1,,-0.0016549177193113662,-0.0016549177193113662,-0.0016549177193113662,-0.0016549177193112552,-0.01362626228820063,-0.01182116266811728,-0.029029680728924534,-0.013526295495119411,-0.000725489122944234,-0.0004103146149496695,-0.0005014113050485491,-0.0013879176814308725,-0.0013956154250323038,-0.001554703932100221,-0.001200198117346174,False,False,False
qwen,179,cap128_chunk2048_pollpm_mem0.9,128,2048,lpm,0.9,0,R_concurrent_decode,12.012083611860543,3075.0934046362995,5477.510127008409,2402.416722372109,143.83720769546926,146.18921128567308,151.95273329969496,143.13969848444685,9.80184508633672,9.80573816991904,9.806487697029844,2643.3604233898222,2645.937602012418,2646.368254693225,2643.487962530344,1,,-0.004972709762833816,-0.004972709762833705,-0.004972709762833594,-0.004972709762833816,-0.007936980298183016,-0.010452261736114243,-0.028490121412398706,-0.010971292208940442,-0.0012453792066173808,-0.0008380387121085242,-0.0009881071655386542,-0.0015734242759459782,-0.0017327495413175242,-0.0018223607404139752,-0.00152382452401012,False,False,False
qwen,180,cap128_chunk2048_polfcfs_mem0.75,128,2048,fcfs,0.75,0,R_concurrent_decode,11.910605288364373,3049.1149538212794,5431.236011494154,2382.1210576728745,167.75882081128657,168.65701430942863,175.87004377041012,150.08104700245894,9.824972336783128,9.986489422655865,9.895635080229678,2672.746329335496,2675.8895200211555,2676.222395272925,2673.161251659621,1,,-0.013378720285979528,-0.013378720285979528,-0.013378720285979528,-0.013378720285979528,-0.17556730957200273,-0.16574855331560245,-0.1903741297860293,-0.059996853637587666,-0.0036077969391217213,-0.01928669868539168,-0.010087743357912515,-0.012707790283331244,-0.013072328055228288,-0.01312409304482376,-0.012765981263969106,False,False,False
qwen,181,cap128_chunk2048_polfcfs_mem0.8,128,2048,fcfs,0.8,0,R_concurrent_decode,11.175784936134097,2861.0009436503287,5096.157930877148,2235.156987226819,230.85860162973404,350.1571789849549,357.8290977748111,245.19960272300523,10.271427955697565,10.421179575188196,10.21888725222566,2850.626748520881,2853.2879112754017,2853.451323704794,2850.7094959786627,1,,-0.07424795226242609,-0.07424795226242609,-0.07424795226242609,-0.07424795226242609,-0.6177380354545416,-1.4202682972075111,-1.4219616470435898,-0.7318029997173034,-0.04921264189652885,-0.06365403056485563,-0.04308340804236521,-0.08010696104290393,-0.08023406992705673,-0.08021675981870446,-0.0800327134028671,False,False,False
qwen,182,cap128_chunk2048_polfcfs_mem0.85,128,2048,fcfs,0.85,0,R_concurrent_decode,12.050467786159007,3084.919753256706,5495.013310488507,2410.093557231801,135.25117631070316,136.9749733246863,142.95342000201344,134.34636413876433,9.82493090023305,9.830925882447,9.829696977154414,2640.421176329255,2643.188580800779,2643.7412141170357,2640.612178409356,1,,-0.0017931364120056248,-0.0017931364120056248,-0.0017931364120056248,-0.0017931364120059579,0.052229500165127396,0.05323607412650855,0.032421614922779396,0.051134529449234134,-0.0036035642508949195,-0.0034088620779066936,-0.00335717283903203,-0.0004597389392071438,-0.0006919900862238926,-0.0008278551620117813,-0.00043429192458810384,False,False,False
qwen,183,cap128_chunk2048_polfcfs_mem0.9,128,2048,fcfs,0.9,0,R_concurrent_decode,11.882895621174107,3042.0212790205715,5418.600403255393,2376.5791242348214,154.10642535425723,178.14970014151186,185.7592208776623,153.46734201011714,9.905527600580278,9.99959637000061,9.907333660925726,2679.631510050968,2682.548567187041,2682.757320730016,2679.531157904421,1,,-0.01567406520269976,-0.01567406520269976,-0.01567406520269976,-0.01567406520269987,-0.07989836221639957,-0.23136150645094022,-0.2573088978737248,-0.08391367808209949,-0.011836409505147305,-0.020624479813819097,-0.011281865097442889,-0.015316596091625279,-0.015593394924581006,-0.015597987007644365,-0.015179312799643796,False,False,False
qwen,184,cap128_chunk8192_pollpm_mem0.75,128,8192,lpm,0.75,0,R_concurrent_decode,12.000073131153863,3072.018721575389,5472.033347806163,2400.014626230773,153.30863278359175,155.27494135312736,158.13653801567852,151.8696734419791,9.80865554062321,9.81289494560532,9.814575699926692,2654.3189713265747,2656.2085459707305,2657.3046879982576,2654.279761700309,1,,-0.005967604275573746,-0.005967604275573746,-0.005967604275573524,-0.005967604275573635,-0.07430784327165352,-0.0732523576901356,-0.0703451241163564,-0.07262961730822814,-0.001941058012452812,-0.0015685062421648688,-0.0018136825357006892,-0.0057256353346368805,-0.00562125429060556,-0.005962511459157271,-0.005612454444553938,False,False,False
qwen,185,cap128_chunk8192_pollpm_mem0.8,128,8192,lpm,0.8,0,R_concurrent_decode,11.261932217186242,2883.054647599678,5135.441091036926,2252.386443437248,329.848149092868,332.2702943580225,334.4706785166636,327.55771149822976,9.785528915623823,9.798156505921012,9.797394451713352,2825.36788424477,2827.653060806915,2828.3289334969595,2825.5867886618944,1,,-0.06711189673730644,-0.06711189673730644,-0.06711189673730655,-0.06711189673730655,-1.3114057390317555,-1.2966350764811327,-1.2638604866555654,-1.313484284042631,0.0004212958314736559,-6.420429041886777e-05,-5.992261072562677e-05,-0.07053633761883704,-0.07052890181411753,-0.07070630252659482,-0.07051461070259868,False,False,False
qwen,186,cap128_chunk8192_pollpm_mem0.85,128,8192,lpm,0.85,0,R_concurrent_decode,12.174021318102394,3116.549457434213,5551.353721054691,2434.8042636204787,117.4790805671364,119.66198303271084,121.8350942339748,117.04581064986996,9.802230284092763,9.809366274562588,9.80438707345482,2616.9495170470327,2619.334787200205,2620.341229494661,2616.85779329855,1,,0.008441485662009196,0.008441485662009196,0.008441485662008974,0.008441485662008974,0.17676718276020686,0.17290256691410888,0.17536073132786922,0.173325389858919,-0.0012847266427300497,-0.0012083469003110192,-0.0007736879686566223,0.00843370970015267,0.00833888283848927,0.008030559684108818,0.0085654020262097,False,False,False
qwen,187,cap128_chunk8192_pollpm_mem0.9,128,8192,lpm,0.9,0,R_concurrent_decode,11.97170757834436,3064.7571400561565,5459.098655725029,2394.3415156688725,159.777031512931,162.18391654547304,165.07610023021698,158.31759930006228,9.791546183473924,9.803430939642364,9.799933448621143,2656.7589982878417,2659.890938969329,2661.059762230143,2656.9940416084137,1,,-0.008317279823973345,-0.008317279823973234,-0.008317279823973123,-0.008317279823973123,-0.11963504606620678,-0.12100683661500122,-0.11731546173116447,-0.11817021859377652,-0.00019336003967040938,-0.0006025476368880511,-0.0003190883576624781,-0.00665016539012897,-0.007015381521940256,-0.007384051082401921,-0.0066407988262666695,False,False,False
qwen,188,cap128_chunk8192_polfcfs_mem0.75,128,8192,fcfs,0.75,0,R_concurrent_decode,12.143033311632257,3108.6165277778573,5537.223190104309,2428.606662326451,127.4469445925206,129.68344709370285,130.89343507774174,127.1435132221086,9.77831479417635,9.789485414011349,9.781122534393996,2620.87739771232,2623.0291469488293,2624.1549675911665,2621.0235055041267,1,,0.005874577779567458,0.005874577779567458,0.005874577779567458,0.005874577779567458,0.10691753170858187,0.10363472602981405,0.11404946780603387,0.10200703774637165,0.0011582086984590623,0.0008208242989619086,0.0016010182093388892,0.006945429534773617,0.006940225082550655,0.006586811975787921,0.006987161429266697,False,False,False
qwen,189,cap128_chunk8192_polfcfs_mem0.8,128,8192,fcfs,0.8,0,R_concurrent_decode,12.028110522344212,3079.1962937201183,5484.818398188961,2405.6221044688423,147.73287856951356,150.09423368610442,152.65624267049134,146.261937203235,9.805628950433697,9.816337118963228,9.813136629707303,2648.545830743388,2650.852890824899,2651.0722295055166,2648.3047684887424,1,,-0.0036451121682172793,-0.0036451121682172793,-0.0036451121682172793,-0.0036451121682173904,-0.03523583293812815,-0.037443574446156314,-0.03325181554236267,-0.03302313209360386,-0.001631895868457578,-0.0019198370622151018,-0.0016667907820486771,-0.0035381832824821213,-0.003593642169008815,-0.0036031208983986485,-0.003348741449611614,False,False,False
qwen,190,cap128_chunk8192_polfcfs_mem0.85,128,8192,fcfs,0.85,0,R_concurrent_decode,12.156103634973206,3111.962530553141,5543.183257547782,2431.220726994641,127.55754869431256,129.76877321489155,130.89872709009796,127.06244512810372,9.76860323354748,9.779529615387828,9.77198480140262,2618.465189123526,2620.8636689465493,2621.759407557547,2618.6126270768,1,,0.006957264916678918,0.006957264916678918,0.006957264916678918,0.006957264916678918,0.10614247519744036,0.10304495629658927,0.11401364888844967,0.1025796078762573,0.0021502316409653943,0.0018369784931198119,0.0025337438021717507,0.007859419165157755,0.00776005931887036,0.007493687125880721,0.007900557751558734,False,False,True
qwen,191,cap128_chunk8192_polfcfs_mem0.9,128,8192,fcfs,0.9,0,R_concurrent_decode,12.143587245676766,3108.758334893252,5537.475784028606,2428.717449135353,124.65088022872806,126.68835704680532,129.49745198711753,124.23720740480348,9.795150474882591,9.804217540473523,9.79863164301821,2622.4769772961736,2624.947280297056,2625.344970682636,2622.581713818363,1,,0.005920463198707759,0.005920463198707759,0.005920463198707759,0.005920463198707759,0.12651090894882422,0.12433663340981183,0.12349816140428616,0.12253378035366147,-0.0005615335913289332,-0.0006828332838697548,-0.00018620776201649925,0.006339346313194771,0.006214033734937452,0.006136318472372393,0.006396811568628258,False,False,False
qwen,0,cap8_chunk-1_pollpm_mem0.75,8,-1,lpm,0.75,0,shared_prefix,5.272963323249385,1349.8786107518426,13452.771263517883,12102.89265276604,6320.338280871511,20112.230454804376,22502.65656010248,8165.293732752616,5.503699485755656,6.437942116451634,5.578108484556316,7693.293739110231,21467.519508767877,23844.409738564867,9584.702538697456,1,,-0.6161933332008205,-0.6161933332008205,-0.6161933332008205,-0.6161933332008205,-1.8216599416756667,-5.455349411531606,-6.212609246844234,-3.009440232776069,0.29515677249800454,0.34808424773835833,0.31338324980771637,-0.821016029054513,-3.262910434019889,-3.7309511366618118,-1.3353135957464728,False,False,False
qwen,1,cap8_chunk-1_pollpm_mem0.8,8,-1,lpm,0.8,0,shared_prefix,5.2849494647247175,1352.9470629695277,13483.351187882014,12130.404124912486,6312.502202112228,20059.431789140217,22453.87345315889,8133.462952224363,5.531417585468509,6.472342783475623,5.584922449238589,7712.73110085167,21414.815158071,23795.67931899336,9557.286374103567,1,,-0.6153208899985044,-0.6153208899985045,-0.6153208899985045,-0.6153208899985045,-1.8181615926075785,-5.43840281597172,-6.196973160176361,-2.9938102240748856,0.29160699386049116,0.3446007841850067,0.31254450988377613,-0.8256168864368003,-3.2524446731101477,-3.7212825713087776,-1.3286336448913643,False,False,False
qwen,2,cap8_chunk-1_pollpm_mem0.85,8,-1,lpm,0.85,0,shared_prefix,5.299899473539745,1356.7742652261747,13521.492748262186,12164.718483036011,6309.764555422589,19986.85906154569,22388.5436299583,8111.213019394199,5.512168534169506,6.477643934621176,5.55482474943554,7712.596704019234,21344.11448610481,23731.59852354788,9525.253753887228,1,,-0.6142327138250396,-0.6142327138250396,-0.6142327138250396,-0.6142327138250396,-1.8169393941024778,-5.4151094117208425,-6.1760334775369925,-2.982884741319993,0.2940721654199222,0.34406398160517715,0.31624927555555316,-0.8255850744724558,-3.238405294592579,-3.7085683495949704,-1.3208288942278377,False,False,False
qwen,3,cap8_chunk-1_pollpm_mem0.9,8,-1,lpm,0.9,0,shared_prefix,5.292679254380005,1354.9258891212812,13503.071994907012,12148.14610578573,6329.921526135877,20005.454852222465,22404.52868431807,8120.608055804041,5.529975999954507,6.455884243398174,5.549114713930062,7698.822246165946,21361.18208051193,23748.245452269915,9533.944780545426,1,,-0.6147582566895311,-0.6147582566895312,-0.6147582566895311,-0.6147582566895311,-1.8259382980028191,-5.421078034975833,-6.181157048195356,-2.987498027529026,0.29179161364015727,0.34626740083698015,0.316952131377219,-0.8223246363047494,-3.241794490361192,-3.7118712540167165,-1.3229464636186394,False,False,False
qwen,4,cap8_chunk-1_polfcfs_mem0.75,8,-1,fcfs,0.75,0,shared_prefix,5.297918433537468,1356.267118985592,13516.438573525753,12160.17145454016,10267.533869482577,10800.43414265383,10801.618113238364,8064.585468669975,5.498730793924016,6.35570377841884,5.596221118227497,11718.946722568944,12383.708154945634,12384.980930816382,9489.277793494692,1,,-0.6143769090931381,-0.6143769090931381,-0.6143769090931381,-0.6143769090931381,-3.5838510111079467,-2.4665760390793223,-2.4621623663116683,-2.9599890092191847,0.2957930988083599,0.35641182618402256,0.3111537417758877,-1.7738951025548677,-1.4590935475341666,-1.4572946134797955,-1.3120633483921145,False,False,False
qwen,5,cap8_chunk-1_polfcfs_mem0.8,8,-1,fcfs,0.8,0,shared_prefix,5.29713710935471,1356.067099994806,13514.445201892206,12158.3781018974,10287.122177658604,10808.188034128398,10809.173558307812,8064.924744703603,5.498462978421766,6.348849846342323,5.580206013097138,11735.583996865898,12384.773595491424,12385.508538843133,9485.546364532638,1,,-0.6144337798528781,-0.6144337798528781,-0.6144337798528781,-0.6144337798528781,-3.592596040574609,-2.469064777405979,-2.4645840569607866,-2.960155605427939,0.29582739718229367,0.35710586570857716,0.3131250622457279,-1.777833174361552,-1.459305117278758,-1.4573992957856792,-1.3111541854054214,False,False,False
qwen,6,cap8_chunk-1_polfcfs_mem0.85,8,-1,fcfs,0.85,0,shared_prefix,5.297835534428384,1356.2458968136664,13516.227075230754,12159.981178417089,10289.721701992676,10806.678019929675,10807.204371970149,8064.807239952643,5.495091910273128,6.343276746498019,5.5875282020654575,11737.207697704434,12387.66304536257,12388.600268475711,9487.322572058474,1,,-0.6143829431253867,-0.6143829431253868,-0.6143829431253867,-0.6143829431253867,-3.5937565755578484,-2.468580113644243,-2.463952888300773,-2.9600979065512716,0.2962591203459882,0.3576702062248027,0.3122237643223117,-1.7782175071783706,-1.4598788894837513,-1.4580127235022746,-1.311586958521458,False,False,False
qwen,7,cap8_chunk-1_polfcfs_mem0.9,8,-1,fcfs,0.9,0,shared_prefix,5.300965032546778,1357.0470483319752,13524.211280652917,12167.164232320942,10266.187041066589,10789.892494515516,10790.950409020295,8049.817613435152,5.492343393830108,6.338470674065106,5.613819596749404,11713.47116632387,12382.540944684297,12383.81513256114,9479.623874638492,1,,-0.6141551542772681,-0.6141551542772681,-0.6141551542772681,-0.6141551542772681,-3.58324973129968,-2.4631925246422157,-2.4587431263708046,-2.9527374840605973,0.29661111507345383,0.35815687638567917,0.30898752178133315,-1.7725990288537457,-1.4588617688789887,-1.457063308337784,-1.3097111702346709,False,False,False
qwen,8,cap8_chunk2048_pollpm_mem0.75,8,2048,lpm,0.75,0,shared_prefix,5.292677069254286,1354.9253297290973,13503.066420053809,12148.14109032471,6872.358896071091,20273.858707072188,21413.38160829153,8098.505038469739,5.497890672147802,6.18519384523525,5.515065897859269,8359.766420442611,21659.90809889042,22757.963911686093,9502.624160515552,1,,-0.6147584157397212,-0.6147584157397212,-0.6147584157397212,-0.6147584157397212,-2.0681047342909493,-5.507226643423341,-5.863472043029944,-2.9766446853387234,0.2959006908281957,0.3736779198128246,0.3211432451755879,-0.9787712736597409,-3.3011139781175105,-3.5153902493952023,-1.3153151918616222,False,False,False
qwen,9,cap8_chunk2048_pollpm_mem0.8,8,2048,lpm,0.8,0,shared_prefix,5.292226143242367,1354.809892670046,13501.91598449732,12147.106091827274,6877.6471670717,20283.51322044616,21421.27178066876,8090.527516746079,5.5112653334458415,6.176025194992476,5.542848906915502,8362.06265212968,21668.616003636245,22764.5585433254,9503.386538377526,1,,-0.6147912375894096,-0.6147912375894096,-0.6147912375894096,-0.6147912375894096,-2.070465636790156,-5.5103254174438225,-5.866001021335026,-2.972727447624618,0.29418783578215724,0.3746063511985259,0.31772339784892356,-0.9793147956998938,-3.302843149388754,-3.5166986852253155,-1.3155009452930906,False,False,False
qwen,10,cap8_chunk2048_pollpm_mem0.85,8,2048,lpm,0.85,0,shared_prefix,5.331689488740579,1364.912509117588,13602.597769621794,12237.685260504206,6862.666359404102,20110.90760340446,21239.059643233195,8016.937045682425,5.320109540640604,6.179642923011937,5.492520038498894,8318.738918751478,21496.82787687049,22584.47540478781,9416.311858098195,1,,-0.6119187929756511,-0.6119187929756513,-0.6119187929756511,-0.6119187929756511,-2.0637775857696052,-5.4549248207322325,-5.807597919290392,-2.9365919937035883,0.3186686175372765,0.3742400145896182,0.3239184448202653,-0.9690599925433314,-3.2687303401407473,-3.4809685271589528,-1.2942851919736102,False,False,True
qwen,11,cap8_chunk2048_pollpm_mem0.9,8,2048,lpm,0.9,0,shared_prefix,5.329722583107055,1364.4089812754062,13597.579655524916,12233.170674249512,6872.7250304073095,20107.389900065,21245.392338815145,8021.566316991084,5.311617990135393,6.175791003522189,5.489594393234117,8321.580041432753,21494.204848119964,22590.836815130897,9419.476558236056,1,,-0.6120619594361085,-0.6120619594361085,-0.6120619594361085,-0.6120619594361085,-2.068268191774373,-5.4537957562938875,-5.809627691134877,-2.9388651252333116,0.31975610639455865,0.3746300657808821,0.3242785663649571,-0.9697324912309624,-3.2682094724818276,-3.4822306897296933,-1.295056271433674,False,False,True
qwen,12,cap8_chunk2048_polfcfs_mem0.75,8,2048,fcfs,0.75,0,shared_prefix,4.917803043090579,1258.9575790311883,12546.660274693662,11287.702695662474,10391.002234769983,12684.514692425728,12685.578966960313,8986.411506706645,5.501206087356012,6.347757316486654,5.616005633028393,11859.193875221536,14248.047808627598,14249.219619818032,10417.287522970582,1,,-0.6420446192710625,-0.6420446192710625,-0.6420446192710625,-0.6420446192710625,-3.6389723867232426,-3.071302516114237,-3.0660143354316025,-3.412637318697553,0.29547609497918326,0.3572164969335624,0.30871843968480583,-1.8070918478853226,-1.8293045986522012,-1.8271767888593278,-1.538172998585241,False,False,False
qwen,13,cap8_chunk2048_polfcfs_mem0.8,8,2048,fcfs,0.8,0,shared_prefix,5.30705437475454,1358.6059199371623,13539.746857679427,12181.140937742268,10229.197180829942,10823.043432785198,10824.05431154184,8050.310795391852,5.489976425636925,6.338013458138733,5.575757616718297,11687.477010767909,12371.493205986915,12372.564332201146,9469.836267813662,1,,-0.6137119253009814,-0.6137119253009815,-0.6137119253009815,-0.6137119253009814,-3.566735930575783,-2.4738328606473052,-2.469353674187495,-2.9529796533742787,0.29691424599566263,0.3582031747616502,0.313672621238828,-1.7664461669542315,-1.4566679653263166,-1.4548310456256823,-1.307326418992203,False,False,False
qwen,14,cap8_chunk2048_polfcfs_mem0.85,8,2048,fcfs,0.85,0,shared_prefix,5.260205331966298,1346.6125649833723,13420.222139241483,12073.609574258113,10286.932868883014,10974.354484025387,10975.25788729079,8131.492801399872,5.526346485952244,6.343462809226384,5.638883475774046,11744.771032826977,12537.427944829687,12538.197155976668,9569.24034408803,1,,-0.6171219575452807,-0.6171219575452807,-0.6171219575452807,-0.6171219575452807,-3.592511525321634,-2.5223986180741877,-2.517817832438765,-2.99284281221698,0.2922564352333856,0.35765136523161956,0.3059023757661995,-1.7800077617765075,-1.4896184386816715,-1.4876941277695006,-1.3315462307035113,False,False,False
qwen,15,cap8_chunk2048_polfcfs_mem0.9,8,2048,fcfs,0.9,0,shared_prefix,5.293346749718358,1355.0967679278997,13504.77495803341,12149.67819010551,10251.800599042326,10868.976390524767,10869.906413266435,8081.19122462449,5.4899919431145285,6.335927379573239,5.564763480280342,11707.314238650724,12411.540169990622,12412.515015830286,9497.916966611228,1,,-0.614709671265129,-0.614709671265129,-0.614709671265129,-0.614709671265129,-3.576827029640505,-2.488575794922067,-2.4840503075384395,-2.9681430068828116,0.29691225871619276,0.3584144142311424,0.31502590403228736,-1.7711416733487129,-1.4646202870015101,-1.4627576302716427,-1.3141682836630424,False,False,False
qwen,16,cap8_chunk8192_pollpm_mem0.75,8,8192,lpm,0.75,0,shared_prefix,5.281636615292121,1352.098973514783,13474.899203122195,12122.800229607412,6444.545578444377,20072.149116639048,22466.734360847626,8147.847272655781,5.30791546437232,6.469192056387079,5.577301614697801,7808.923689182848,21426.75673365593,23807.886445363987,9569.720570867505,1,,-0.6155620245599238,-0.6155620245599239,-0.6155620245599238,-0.6155620245599238,-1.8771112071697686,-5.442484650294886,-6.20109537132378,-3.0008734204455845,0.32023027839750107,0.3449198315735894,0.3134825684856545,-0.8483858396533945,-3.2548159702289814,-3.72370457793472,-1.3316632379995248,False,False,False
qwen,17,cap8_chunk8192_pollpm_mem0.8,8,8192,lpm,0.8,0,shared_prefix,5.276878087883473,1350.880790498169,13462.758898542894,12111.878108044724,7589.43425049074,18319.173878221773,19835.26023398153,8085.60530012619,5.706300082509673,6.0750515134198455,5.55069184233113,9132.750340737402,19790.201108762994,21282.73705849424,9498.660302608188,1,,-0.6159083866397685,-0.6159083866397687,-0.6159083866397687,-0.6159083866397688,-2.3882367767248875,-4.879838567893653,-5.357648528966634,-2.9703104698653173,0.26921028706951744,0.3848310988570727,0.3167580005566415,-1.1617379140601125,-2.9298371087279746,-3.2226916154401692,-1.3143493975424665,False,False,True
qwen,18,cap8_chunk8192_pollpm_mem0.85,8,8192,lpm,0.85,0,shared_prefix,5.318228757815155,1361.4665620006797,13568.255764362426,12206.789202361746,6299.143430776894,19897.057570097968,22295.81576839556,8074.785464774322,5.343287103391422,6.457119742134477,5.543211183813215,7661.780291236937,21252.140090055764,23637.256762902256,9486.27133487389,1,,-0.6128985680949637,-0.6128985680949638,-0.6128985680949637,-0.6128985680949637,-1.8121976855709891,-5.386286153839307,-6.1463121053087315,-2.964997558341047,0.3157003326268816,0.3461422923669867,0.31767880470648724,-0.8135567410493887,-3.220141488547357,-3.6898500728728916,-1.311330824491257,False,False,True
qwen,19,cap8_chunk8192_pollpm_mem0.9,8,8192,lpm,0.9,0,shared_prefix,5.312931559761484,1360.11047929894,13554.741163674918,12194.630684375978,6315.331541700289,19926.82708271313,22333.981279279116,8086.032422983408,5.341749968315204,6.454930750050528,5.543258039217092,7685.256939847022,21281.516887876205,23674.799261698503,9497.858401093254,1,,-0.613284138751105,-0.6132841387511051,-0.6132841387511051,-0.6132841387511052,-1.8194247266080468,-5.395841165958609,-6.158545012831185,-2.970520201887718,0.3158971891687462,0.34636395301495304,0.31767303721285955,-0.8191137046695494,-3.2259749830922537,-3.697298851404237,-1.314154014169564,False,False,True
qwen,20,cap8_chunk8192_polfcfs_mem0.75,8,8192,fcfs,0.75,0,shared_prefix,5.304373908172223,1357.919720492089,13532.908254487857,12174.988533995767,10268.122190842403,10784.639003220946,10785.684349732472,8052.753864081751,5.490188851340155,6.34250166853342,5.573233401465865,11713.694417849185,12364.52806359157,12365.597187113017,9471.559832636558,1,,-0.6139070301938772,-0.6139070301938772,-0.6139070301938772,-0.6139070301938772,-3.584113662051627,-2.46150633066124,-2.4570552355294573,-2.954179284179651,0.29688704123663534,0.3577486917913414,0.31398333023242486,-1.7726518728786713,-1.4552848629059634,-1.453448699686514,-1.3077463657091521,False,False,False
qwen,21,cap8_chunk8192_polfcfs_mem0.8,8,8192,fcfs,0.8,0,shared_prefix,5.31269688657195,1360.0504029624192,13554.142448199967,12194.092045237549,10247.694866266102,10777.07787360996,10778.01109474618,8039.414168535586,5.488869974243583,6.331947743983976,5.573386013120248,11692.41165393032,12353.61935608089,12354.584806091152,9458.260631887242,1,,-0.6133012200636689,-0.6133012200636689,-0.6133012200636689,-0.6133012200636689,-3.5749940610253654,-2.459079462408389,-2.454595784143364,-2.9476290345785565,0.2970559460963269,0.3588173981477377,0.31396454506206406,-1.7676142055864665,-1.4531186674566032,-1.4512637415733138,-1.304506014305752,False,False,True
qwen,22,cap8_chunk8192_polfcfs_mem0.85,8,8192,fcfs,0.85,0,shared_prefix,5.29857055881374,1356.4340630563174,13518.102323421026,12161.668260364708,10292.55997738801,10791.3385031512,10791.993859629149,8063.407938127057,5.493312692452295,6.3405454450049525,5.586639142977264,11741.977131925523,12370.371800498106,12371.607801034115,9485.257369047758,1,,-0.6143294424196042,-0.6143294424196042,-0.6143294424196042,-0.6143294424196042,-3.5950236988715947,-2.463656644771329,-2.459077575838579,-2.9594108011976945,0.29648697974029403,0.35794678194345597,0.312333199781223,-1.779346440566416,-1.4564452823490375,-1.454641261006917,-1.3110837716307402,False,False,False
qwen,23,cap8_chunk8192_polfcfs_mem0.9,8,8192,fcfs,0.9,0,shared_prefix,5.301489369098333,1357.181278489173,13525.54900656921,12168.367728080037,10278.692467371002,10799.238124792464,10800.26145317126,8059.699093118979,5.499863377133129,6.340387850890265,5.58529224386673,11726.762548554689,12380.653329379857,12381.824078517966,9481.572356387916,1,,-0.6141169890461073,-0.6141169890461076,-0.6141169890461075,-0.6141169890461075,-3.588832669884396,-2.466192157579212,-2.461727526144301,-2.957589630658187,0.29564805207995637,0.3579627401617764,0.3124989913739594,-1.7757451221801408,-1.4584869358679633,-1.4566682648247768,-1.3101859179800628,False,False,False
qwen,24,cap16_chunk-1_pollpm_mem0.75,16,-1,lpm,0.75,0,shared_prefix,8.722513916930392,2232.9635627341804,22253.51806448859,20020.55450175441,2109.6307118423283,10954.66447728686,11217.732795090416,4278.103788958106,6.366896028740435,7.32442890919235,6.429555617264198,3893.004419514909,12859.30723499041,12864.02040024288,5914.079896905605,1,,-0.3651086140110865,-0.36510861401108663,-0.3651086140110865,-0.36510861401108663,0.05817375482101461,-2.5160787882722055,-2.595536512340056,-1.100696192059457,0.18460963254230245,0.2583172548226004,0.20857749623748545,0.07851907264669011,-1.5535355849528392,-1.5523404689753804,-0.4409660742013468,False,False,False
qwen,25,cap16_chunk-1_pollpm_mem0.8,16,-1,lpm,0.8,0,shared_prefix,8.710490200890836,2229.885491428054,22222.842277136828,19992.95678570877,2259.339425014332,10935.199266695416,11208.044416108169,4251.64802162908,6.417135469703458,7.311598637833052,6.516183256567323,3845.567829441279,12851.741142896935,12857.636092579924,5909.664975293708,1,,-0.3659837921780452,-0.3659837921780452,-0.36598379217804533,-0.36598379217804544,-0.008662395414128499,-2.509831110471417,-2.592431168237787,-1.087705499821102,0.17817560942604727,0.25961646749858003,0.19791438555403085,0.08974739614727678,-1.5520331490092336,-1.5510737633648821,-0.43989037817188836,False,False,False
qwen,26,cap16_chunk-1_pollpm_mem0.85,16,-1,lpm,0.85,0,shared_prefix,8.659717597807125,2216.887705038624,22093.307483536628,19876.41977849801,2175.068804062903,11079.118595318869,11314.962924779393,4314.200323868136,6.360103602623787,7.2410236337735165,6.463119552940685,3944.63924667798,12956.401921832005,12963.35935565643,5958.698220187216,1,,-0.36967941119901504,-0.36967941119901515,-0.36967941119901515,-0.36967941119901493,0.028959488863558147,-2.5560243735918435,-2.626700963105836,-1.1184208329687677,0.18547951934462836,0.26676299911227197,0.20444606700808676,0.06629701911409147,-1.5728161522049557,-1.5720502352971875,-0.4518373324963505,False,False,False
qwen,27,cap16_chunk-1_pollpm_mem0.9,16,-1,lpm,0.9,0,shared_prefix,8.738009784246893,2236.9305047672046,22293.052259164207,20056.121754397,2101.554967230186,10928.39832585305,11194.972307300195,4274.047010578215,6.340864891787683,7.280122179682011,6.396637735172988,3850.444052601233,12834.0077978326,12839.257725463249,5901.587548320094,1,,-0.3639807060740665,-0.3639807060740665,-0.3639807060740664,-0.3639807060740665,0.06177910062034475,-2.5076482372409576,-2.5882412623654596,-1.098704174260202,0.18794336663022115,0.2628038212403341,0.21262940187669188,0.08859318563138541,-1.5485117518737166,-1.5474273255727988,-0.4379223123968712,False,False,False
qwen,28,cap16_chunk-1_polfcfs_mem0.75,16,-1,fcfs,0.75,0,shared_prefix,8.766671712856779,2244.267958491336,22366.17667629413,20121.90871780279,5180.080421734601,6017.263523302972,6033.563495613635,4298.998365338775,6.453813176017766,7.317815703686838,6.631932446960495,6825.470024952665,7730.7089139241725,7746.991902552545,5986.260738169221,1,,-0.3618944713310155,-0.3618944713310155,-0.3618944713310155,-0.3618944713310156,-1.312601758184921,-0.9313391735179506,-0.9338932602758674,-1.1109561481528218,0.17347839931076836,0.25898691801061957,0.18366666463480075,-0.6156006442446613,-0.53512471145435,-0.5370747503895528,-0.45855294236702804,False,False,False
qwen,29,cap16_chunk-1_polfcfs_mem0.8,16,-1,fcfs,0.8,0,shared_prefix,8.812968052825394,2256.1198215233007,22484.29129870952,20228.17147718622,5180.434457026422,5961.278013745323,5978.324392777868,4274.784452991298,6.465713935447674,7.3203402277374385,6.556875919823927,6830.386724090204,7642.979026492685,7659.949758127332,5944.33803069478,1,,-0.35852466903218105,-0.35852466903218116,-0.3585246690321813,-0.35852466903218116,-1.3127598141554206,-0.9133697082719447,-0.9161878812315534,-1.099066283864234,0.17195430270847178,0.2587312808884181,0.19290547181933482,-0.6167644354949526,-0.5177037582625137,-0.519804784950235,-0.44833847109467584,False,False,False
qwen,30,cap16_chunk-1_polfcfs_mem0.85,16,-1,fcfs,0.85,0,shared_prefix,8.865973424356907,2269.6891966353683,22619.522495142694,20349.833298507325,5171.873474493623,5919.2508219741285,5926.074866061099,4254.811181948753,6.452423894392682,7.230050071952938,6.493156869019702,6816.09367672354,7587.315133400261,7594.0888092294335,5907.051881215011,1,,-0.3546665320183575,-0.3546665320183576,-0.3546665320183575,-0.3546665320183575,-1.3089378381154209,-0.8998803934851953,-0.8994407287993924,-1.0892587203987705,0.17365632067930736,0.2678741985731946,0.20074873404875593,-0.6133812462860948,-0.5066503065321011,-0.5067373643486592,-0.43925369757545796,False,False,True
qwen,31,cap16_chunk-1_polfcfs_mem0.9,16,-1,fcfs,0.9,0,shared_prefix,8.855011835478821,2266.8830298825783,22591.55648460524,20324.67345472266,5178.662350401282,5914.436672674492,5923.2859315909445,4258.7091636851255,6.449803390441112,7.3034161272803395,6.502816158888684,6827.885409118608,7587.971945200115,7597.159482189454,5913.349079728505,1,,-0.3554644004335561,-0.3554644004335562,-0.3554644004335561,-0.3554644004335561,-1.311968672597117,-0.8983352135053682,-0.8985468123635907,-1.0911727635810444,0.1739919212090396,0.2604450408883173,0.19955975928475345,-0.6161723698841162,-0.5067807328663425,-0.5073466142269245,-0.4407880105334556,False,False,True
qwen,32,cap16_chunk2048_pollpm_mem0.75,16,2048,lpm,0.75,0,shared_prefix,8.83370793828845,2261.429232201843,22537.20441758821,20275.775185386367,2177.9444687999785,12214.963072212397,12921.860132482834,4274.996413423651,6.359452888806248,7.13303927752171,6.411737250243347,3875.1188709866256,13853.495818516223,14460.915255150758,5909.54745916315,1,,-0.35701506128007043,-0.35701506128007043,-0.35701506128007043,-0.35701506128007054,0.027675673404051415,-2.920592241486105,-3.141747781158381,-1.0991703637311736,0.18556285442288278,0.2776976582882986,0.21077078259816884,0.0827526131383084,-1.750956478613361,-1.8691791582861494,-0.43986174535659717,False,False,False
qwen,33,cap16_chunk2048_pollpm_mem0.8,16,2048,lpm,0.8,0,shared_prefix,8.864209061822406,2269.237519826536,22615.021123874296,20345.78360404776,2186.0825340263546,12178.2850650139,12881.517613450997,4251.217828736117,6.433394118798823,7.132739033550024,6.44724615199633,3888.358515454456,13814.85120793803,14417.329344442114,5894.91897881453,1,,-0.3547949558403869,-0.354794955840387,-0.354794955840387,-0.354794955840387,0.024042505109641232,-2.908819835003541,-3.1288170933956785,-1.0874942603054945,0.17609341021933933,0.2777280614468115,0.20639994492227354,0.07961876623053499,-1.7432826291224996,-1.8605313110099808,-0.43629751486479895,False,False,False
qwen,34,cap16_chunk2048_pollpm_mem0.85,16,2048,lpm,0.85,0,shared_prefix,8.859688607561287,2268.080283535689,22603.48820899248,20335.407925456784,2180.58040435426,12190.437056124194,12888.034289875068,4272.00229949085,6.304836239787536,7.102452510620887,6.37806071593785,3871.8758483882993,13825.34927472005,14426.240322231317,5897.971162117756,1,,-0.35512398913267784,-0.35512398913267806,-0.35512398913267773,-0.35512398913267784,0.026498882948884694,-2.9127202153635934,-3.1309058352519754,-1.0977001507472206,0.1925574541951498,0.28079492054892785,0.21491607174171956,0.083520242236378,-1.745367281632252,-1.8622993313117124,-0.43704117958845146,False,False,False
qwen,35,cap16_chunk2048_pollpm_mem0.9,16,2048,lpm,0.9,0,shared_prefix,8.796439080314112,2251.8884045604127,22442.12137019233,20190.232965631916,2180.1507053896785,12281.199483061191,12988.562196772546,4273.0361302164965,6.626821126715809,7.133927364084943,6.56720832143974,3932.901239022613,13921.399625227772,14530.346185895614,5947.326000292378,1,,-0.35972777427988845,-0.35972777427988856,-0.35972777427988833,-0.35972777427988833,0.026690718306654704,-2.9418519012118414,-3.1631272980342935,-1.098207797212976,0.15132176036834033,0.27760772930020405,0.1916336428402512,0.06907542597264194,-1.7644404699064449,-1.8829548962611433,-0.449066490143444,False,False,False
qwen,36,cap16_chunk2048_polfcfs_mem0.75,16,2048,fcfs,0.75,0,shared_prefix,8.761240410585007,2242.8775451097617,22352.31993907712,20109.44239396736,5301.913490984589,5913.698462769389,5926.850006924942,4308.468713348702,6.401565034440639,7.253054478479659,6.500867671088276,6958.986925659701,7602.956337481737,7615.966801554896,5965.5554606433725,1,,-0.36228980311952175,-0.36228980311952175,-0.36228980311952186,-0.36228980311952175,-1.366993070136452,-0.8980982729588085,-0.899689178938923,-1.115606414949359,0.1801696710336369,0.265544737587847,0.1997996012249038,-0.6472043272161259,-0.50975625699146,-0.511078160107282,-0.45350809972171935,False,False,True
qwen,37,cap16_chunk2048_polfcfs_mem0.8,16,2048,fcfs,0.8,0,shared_prefix,8.442483562252995,2161.275791936767,21539.084058906443,19377.80826696968,5562.051352113485,6436.843642266467,6448.693758770824,4546.327676671353,6.471231042900506,7.293618337123418,6.674339363083958,7190.936946775764,8168.663995200768,8181.000454649329,6248.081815807382,1,,-0.3854913685349872,-0.3854913685349872,-0.38549136853498733,-0.3854913685349871,-1.483129351050736,-1.0660102772589255,-1.0669518778970923,-1.2324033518980984,0.17124774236054696,0.26143717993292426,0.17844674124769133,-0.7021073012498114,-0.6220915957673474,-0.6231860559482034,-0.5223456703930436,False,False,False
qwen,38,cap16_chunk2048_polfcfs_mem0.85,16,2048,fcfs,0.85,0,shared_prefix,8.453931585604554,2164.206485914766,21568.291096795158,19404.08461088039,5592.979677487165,6407.060771039687,6421.163685806096,4562.469045718899,6.397485099508399,7.261110512521483,6.555517479398996,7223.602513317019,8138.568688533269,8153.170512937941,6233.535487335757,1,,-0.38465809369223836,-0.38465809369223847,-0.38465809369223836,-0.38465809369223847,-1.4969370323633235,-1.05645097747467,-1.0581278682384392,-1.2403293196084482,0.18069217676148064,0.26472897140082274,0.19307268404772338,-0.7098392977505261,-0.6161154234035346,-0.6176643384548246,-0.5188014562131225,False,False,False
qwen,39,cap16_chunk2048_polfcfs_mem0.9,16,2048,fcfs,0.9,0,shared_prefix,8.509896370061798,2178.53347073582,21711.07256481633,19532.539094080515,5558.619572082534,6334.536774479784,6346.649261140265,4507.8703593644605,6.447033975343109,7.281639872977109,6.590899730965738,7183.973540086299,8060.503746056929,8072.586817052215,6188.052302390133,1,,-0.3805845479336396,-0.3805845479336397,-0.3805845479336398,-0.3805845479336396,-1.4815972627650051,-1.033173214246621,-1.0342443135597907,-1.2135194855851945,0.17434659236814287,0.26265013732266607,0.1887174359107423,-0.7004590507568036,-0.6006136856420929,-0.6016757888607291,-0.5077194742994926,False,False,False
qwen,40,cap16_chunk8192_pollpm_mem0.75,16,8192,lpm,0.75,0,shared_prefix,8.847962802905862,2265.0784775439006,22573.572475041776,20308.493997497877,2315.154931973666,10953.87030595448,11002.940603015011,4250.625628323178,6.274093269722492,6.812871874894436,6.322290148047178,3861.5478065330535,12649.429811933078,12654.491574075071,5859.189203612914,1,,-0.35597748302680254,-0.35597748302680265,-0.35597748302680254,-0.35597748302680243,-0.03358074204568817,-2.515823885990002,-2.5266907675465373,-1.0872034695220618,0.1964946194236884,0.31011829354067877,0.22178094469775655,0.08596490773400967,-1.5118591976901703,-1.510768014501124,-0.4275919520719613,False,False,False
qwen,41,cap16_chunk8192_pollpm_mem0.8,16,8192,lpm,0.8,0,shared_prefix,8.821027284542236,2258.1829848428124,22504.85260251536,20246.66961767255,2278.9228316396475,11031.997360102832,11048.546563540584,4223.175778872246,6.4285306872316,6.886743846458986,6.509336700126039,3893.171307165176,12694.208302977497,12699.372049211524,5879.6765072438575,1,,-0.35793805640611454,-0.35793805640611465,-0.35793805640611465,-0.35793805640611465,-0.017405236626194087,-2.540900042220142,-2.541308507088506,-1.0737246487503431,0.17671625614532938,0.3026379060127311,0.198757137240689,0.07847957004916895,-1.5207510818510284,-1.5196727153173204,-0.4325836853590781,False,False,False
qwen,42,cap16_chunk8192_pollpm_mem0.85,16,8192,lpm,0.85,0,shared_prefix,8.86734053023126,2270.0391757392026,22623.01035604618,20352.971180306977,2267.459397437051,10963.241364387795,10980.915771573782,4228.128058726725,6.268882356752737,6.803231541359541,6.357748491245196,3841.351146344096,12622.646870464088,12627.78282310348,5845.708524018846,1,,-0.35456702357943415,-0.35456702357943415,-0.35456702357943415,-0.35456702357943415,-0.012287486334030762,-2.5188316805098028,-2.5196313120334115,-1.0761563885924588,0.19716196631014904,0.3110944882896801,0.21741633034125363,0.09074549238145257,-1.5065407778981088,-1.5054687516066645,-0.42430738333247,False,False,False
qwen,43,cap16_chunk8192_pollpm_mem0.9,16,8192,lpm,0.9,0,shared_prefix,8.90525471539349,2279.7452071407333,22719.739809555034,20439.9946024143,2228.6554416641598,10884.508292353712,10916.667740079574,4193.691161352035,6.327432075883346,6.7992084852291965,6.389455354512978,3803.368611959741,12558.790800953284,12564.305903492495,5819.333972653112,1,,-0.3518073387230345,-0.3518073387230345,-0.3518073387230345,-0.3518073387230345,0.005036201531585238,-2.4935610129244536,-2.4990383680488213,-1.0592466868297135,0.18966366937221446,0.3115018690359129,0.21351349061054736,0.09973602443229612,-1.4938605655949626,-1.4928743444362627,-0.41788122162975294,False,False,True
qwen,44,cap16_chunk8192_polfcfs_mem0.75,16,8192,fcfs,0.75,0,shared_prefix,8.819524166176453,2257.798186541172,22501.01773655532,20243.21955001415,5185.157022206113,5931.392967049032,5942.692523049191,4259.33670964514,6.456915145812959,7.310485435448879,6.60654987096821,6830.054224468768,7641.200625221245,7652.790181157179,5941.520912423584,1,,-0.3580474648761549,-0.358047464876155,-0.358047464876155,-0.358047464876155,-1.3148681622211904,-0.9037776135991031,-0.9047670628761302,-1.0914809102445142,0.17308113881213172,0.2597291920550565,0.18679103948114584,-0.6166857322553749,-0.5173506124166325,-0.5183842587482306,-0.44765207998624157,False,False,False
qwen,45,cap16_chunk8192_polfcfs_mem0.8,16,8192,fcfs,0.8,0,shared_prefix,8.854797546845296,2266.828171992396,22591.009775706567,20324.18160371417,5171.091644791886,5900.226661353372,5918.782882792875,4239.984232470306,6.458949872895198,7.332807397926409,6.576920942936762,6819.996871519834,7586.090183747001,7605.072554438375,5914.630448522075,1,,-0.3554799980019677,-0.3554799980019676,-0.3554799980019677,-0.3554799980019677,-1.3085887970589827,-0.8937742778883173,-0.8971034836031309,-1.0819781779328248,0.1728205570693524,0.2574688363859198,0.19043810341562428,-0.6143051392933825,-0.50640706228323,-0.5089166408520738,-0.4411002161499271,False,False,True
qwen,46,cap16_chunk8192_polfcfs_mem0.85,16,8192,fcfs,0.85,0,shared_prefix,8.807610337692752,2254.7482464493446,22470.622302405925,20215.87405595658,5175.933775724843,5936.025802674703,5951.495366157033,4265.723436928965,6.455079105445275,7.307286303234743,6.605311713165505,6821.1607141420245,7651.310954266228,7667.335434281267,5947.593538679939,1,,-0.3589146445849507,-0.3589146445849508,-0.3589146445849508,-0.3589146445849507,-1.3107505242132431,-0.9052645979888803,-0.9075885727466897,-1.0946170131411952,0.17331627530930627,0.26005314101984034,0.18694344596249557,-0.6145806228693613,-0.5193582699459354,-0.5212701713187207,-0.4491316758945232,False,False,False
qwen,47,cap16_chunk8192_polfcfs_mem0.9,16,8192,fcfs,0.9,0,shared_prefix,8.846437561355529,2264.6880157070154,22569.68116678864,20304.99315108162,5179.12979866378,5913.327515008859,5927.894778125919,4261.031330963306,6.416067890185901,7.302399152415056,6.504290554646167,6820.506575750187,7595.732862199657,7610.386338955723,5916.848686734738,1,,-0.35608850179170004,-0.35608850179170015,-0.35608850179170004,-0.35608850179170015,-1.3121773607999443,-0.8979792112061589,-0.9000240516862752,-1.0923130276324189,0.1783123313155177,0.26054802130074417,0.1993782739611346,-0.6144257871725647,-0.5083218561452287,-0.5099709447823433,-0.4416406900807268,False,False,True
qwen,48,cap24_chunk-1_pollpm_mem0.75,24,-1,lpm,0.75,0,shared_prefix,10.254509958531504,2625.154549384065,26162.058871780653,23536.90432239659,2374.937147833407,7893.209983641269,10544.905361556455,3031.189292723866,7.874789186679999,8.667243063705518,7.589532247485085,4260.401961859316,9480.69346873089,12062.845337530604,4960.589204591088,1,,-0.2535982054929936,-0.2535982054929937,-0.2535982054929936,-0.2535982054929936,-0.06026999129466648,-1.5334548814710103,-2.379880136139493,-0.4884182616306274,-0.008501979550808336,0.122341863330649,0.0657944388002989,-0.0084445655988159,-0.8826277108116973,-1.3933799362902937,-0.20864798522678663,False,False,False
qwen,49,cap24_chunk-1_pollpm_mem0.8,24,-1,lpm,0.8,0,shared_prefix,10.124345031508676,2591.8323280662207,25829.972550973183,23238.14022290696,2395.879919407889,8410.253281891328,9226.219594259746,3052.462249976088,7.8912442860504,8.57665988526813,7.629339733879207,4408.545775339007,10401.62780331446,11216.49753825739,4992.6338332479645,1,,-0.26307260607425986,-0.2630726060742601,-0.2630726060742601,-0.2630726060742601,-0.06961970914097626,-1.6994083871547905,-1.95721158882897,-0.49886401575396766,-0.010609337588636691,0.13151445293227904,0.06089448265621722,-0.04351046430229921,-1.0655021496745594,-1.225456715422851,-0.2164556617478799,False,False,False
qwen,50,cap24_chunk-1_pollpm_mem0.85,24,-1,lpm,0.85,0,shared_prefix,10.10043100646111,2585.710337654044,25768.96133408562,23183.250996431576,2393.332970328629,8434.5386886969,9263.43354019802,3048.86265996538,7.890833899246779,8.157936216393344,7.709857436806554,4404.215598478913,10437.981498916615,11244.500333084725,5009.573035691574,1,,-0.26481325202239114,-0.26481325202239125,-0.26481325202239125,-0.26481325202239114,-0.06848264592203668,-1.7072031857915433,-1.9691394983124155,-0.4970964931781978,-0.010556780511358443,0.1739150447124851,0.05098345212140687,-0.04248550389674666,-1.0727210809644232,-1.2310127285710322,-0.22058289987634017,False,False,True
qwen,51,cap24_chunk-1_pollpm_mem0.9,24,-1,lpm,0.9,0,shared_prefix,10.261154061268892,2626.8554396848367,26179.00979461057,23552.154354925737,2342.369617894292,8342.50308170449,10530.883008441897,3016.320351594913,7.76115728461543,8.89614361301795,7.642642718587538,4178.055339725688,9682.050422369502,12049.308632444596,4960.56329170824,1,,-0.25311459679534454,-0.2531145967953444,-0.25311459679534454,-0.25311459679534454,-0.045730501390045086,-1.6776628519745898,-2.3753856555226625,-0.48111709981913364,0.0060505367712898606,0.09916304763164063,0.059257000675796756,0.01104702330042373,-0.9226121467535362,-1.3906941289662513,-0.20864167155065805,False,False,False
qwen,52,cap24_chunk-1_polfcfs_mem0.75,24,-1,fcfs,0.75,0,shared_prefix,10.042354138279174,2570.8426593994686,25620.79136295986,23049.94870356039,2990.589892026037,5118.782106577419,5133.447090075351,3081.311879799614,7.615950348141684,8.508214555023347,7.703233875903744,4925.248973304406,7025.326098664664,7040.521822366864,5041.275567000412,1,,-0.26904053141513073,-0.26904053141513085,-0.26904053141513085,-0.26904053141513085,-0.3351227933240388,-0.6429568631737546,-0.645385639298691,-0.5130301768623136,0.024646778449223583,0.13844533055562713,0.05179875499233155,-0.16581501130995568,-0.39505339292498043,-0.39690456100271443,-0.2283072243492381,False,False,False
qwen,53,cap24_chunk-1_polfcfs_mem0.8,24,-1,fcfs,0.8,0,shared_prefix,10.067858611291475,2577.3718044906177,25685.86024749358,23108.488443002963,2944.04956093058,5067.376642441377,5079.7849744791165,3052.0136926897976,7.682781388770467,8.811340890550875,7.760787152189525,4895.515378797427,7001.144888508134,7014.160464359447,5026.605868948536,1,,-0.26718412047971607,-0.26718412047971607,-0.26718412047971607,-0.26718412047971607,-0.31434526812070973,-0.6264574384378554,-0.62818572025265,-0.4986437586892225,0.01608791608836546,0.10775029952222281,0.04471444610237907,-0.1587770176969785,-0.3902516116553092,-0.3916742240811244,-0.22473295116050584,False,False,False
qwen,54,cap24_chunk-1_polfcfs_mem0.85,24,-1,fcfs,0.85,0,shared_prefix,10.078638471999252,2580.1314488318085,25713.36261977728,23133.23117094547,2957.04426150769,5057.8912852332,5072.975218580104,3049.760018220695,7.591798594478137,8.717698988632536,7.744043310316214,4886.107355356216,6983.151075500064,6998.6216583661735,5020.102073081944,1,,-0.2663994796329707,-0.26639947963297084,-0.26639947963297084,-0.26639947963297084,-0.3201466389402863,-0.6234129578562724,-0.6260030398106862,-0.49753712696429697,0.02773982523459151,0.11723262008802982,0.04677546774163477,-0.1565501221605361,-0.38667849212519423,-0.3885911814442018,-0.2231483007397035,False,False,False
qwen,55,cap24_chunk-1_polfcfs_mem0.9,24,-1,fcfs,0.9,0,shared_prefix,10.034926221524554,2568.941112710286,25601.840716247832,23032.89960353755,2929.669961100444,5062.276852084324,5074.870609403588,3038.452506028989,7.882275988941822,8.960254512380297,7.892271694701315,4931.993528269231,7035.359259019606,7047.975813760422,5046.481114692142,1,,-0.26958119210174747,-0.2695811921017476,-0.2695811921017476,-0.26958119210174747,-0.3079256210994705,-0.6248205772874067,-0.6266105553430557,-0.4919847493281835,-0.009460793142202606,0.09267108103269095,0.028529839881486385,-0.16741145921852185,-0.39704572668975513,-0.3983835017457509,-0.22957555649086925,False,False,False
qwen,56,cap24_chunk2048_pollpm_mem0.75,24,2048,lpm,0.75,0,shared_prefix,9.933159194311964,2542.8887537438627,25342.20520290701,22799.31644916315,2416.396653978154,9338.907868904062,9420.313889854588,3118.7945328747446,8.01258489635645,8.368766288839135,7.863045177357505,4462.450747843832,11430.821236595511,11459.609517459758,5122.951975055912,1,,-0.27698857597872384,-0.27698857597872395,-0.27698857597872406,-0.27698857597872395,-0.07877922647980573,-1.9974752701521834,-2.019423190709308,-0.5314354494941842,-0.02614908637334623,0.1525660728218169,0.03212737055225123,-0.05626986519167443,-1.2698741277024186,-1.2736923776579006,-0.2482076881783084,False,False,False
qwen,57,cap24_chunk2048_pollpm_mem0.8,24,2048,lpm,0.8,0,shared_prefix,9.961746787118791,2550.2071775024106,25415.13996907714,22864.932791574727,2445.9377275779843,9324.704104103148,9390.348020633684,3075.92762864806,8.145468724964587,8.36723692715168,7.971580494420197,4556.696887593716,11407.221535989083,11427.15432440862,5108.388500459114,1,,-0.2749077519649056,-0.2749077519649057,-0.2749077519649056,-0.2749077519649057,-0.09196758132831229,-1.9929163394579894,-2.009818453381733,-0.5103863242469668,-0.04316714247931497,0.1527209382985365,0.018767614841332714,-0.07857809063854271,-1.2651878196306452,-1.2672529675764879,-0.24465929634351768,False,False,False
qwen,58,cap24_chunk2048_pollpm_mem0.85,24,2048,lpm,0.85,0,shared_prefix,10.14445177857537,2596.9796553152946,25881.270360678973,23284.29070536368,2366.8229409959167,8359.073263593,9158.35129410494,3037.7622199084726,8.02907405202003,8.303291929757917,7.65598097859653,4475.935856578872,10404.42155110648,11198.966268445363,4988.377529032732,1,,-0.2616090829851051,-0.2616090829851052,-0.2616090829851052,-0.2616090829851051,-0.056647474370040696,-1.6829813229489226,-1.9354582670397522,-0.4916457950866939,-0.02826080590432367,0.15919610541331952,0.05761517661196769,-0.059461813919072126,-1.0660569178492314,-1.2219783495604246,-0.21541861286072517,False,False,True
qwen,59,cap24_chunk2048_pollpm_mem0.9,24,2048,lpm,0.9,0,shared_prefix,10.062455639456212,2575.9886437007904,25672.07578896671,23096.08714526592,2408.3882032427937,9192.958778562024,9255.494881668128,3066.2605950710717,8.076675060004288,8.365021725459133,7.723814821235501,4245.821281103417,11274.922771379352,11292.495998423548,5034.818653290131,1,,-0.26757739016201376,-0.2675773901620139,-0.2675773901620139,-0.2675773901620139,-0.07520392344527682,-1.9506305218001683,-1.966594979101214,-0.5056394780680351,-0.03435693237104065,0.15294525297109585,0.049265419213957884,-0.004993293065695736,-1.2389166063294335,-1.24053551189757,-0.22673399676984274,False,False,False
qwen,60,cap24_chunk2048_polfcfs_mem0.75,24,2048,fcfs,0.75,0,shared_prefix,10.123113880134795,2591.517153314508,25826.83154717547,23235.31439386096,2815.553710795939,4960.264619905502,4973.010651757941,3023.980697100342,7.683987110195791,8.179587974377416,7.703379804479521,4774.764860980213,6888.165983185172,6900.544849024154,4986.35628752163,1,,-0.26316221870309253,-0.26316221870309253,-0.2631622187030924,-0.2631622187030924,-0.2569794157115437,-0.5920780823938443,-0.593962140235448,-0.4848785930944133,0.015933502755462126,0.17172255496364075,0.05178079245095435,-0.13019515979339458,-0.3678168373848729,-0.3691318365610974,-0.21492613719315945,False,False,True
qwen,61,cap24_chunk2048_polfcfs_mem0.8,24,2048,fcfs,0.8,0,shared_prefix,10.13972019120181,2595.7683689476635,25869.1987874956,23273.43041854793,2822.101410944015,4946.787457750179,4960.816001598723,3016.7444478829566,7.6397130567142195,8.208351472447461,7.695660388445376,4770.696235122159,6877.305827615783,6891.627795272507,4977.156126573391,1,,-0.2619534841628087,-0.26195348416280884,-0.26195348416280884,-0.26195348416280895,-0.25990257937729955,-0.5877523667063682,-0.5900534796617294,-0.48132534569191,0.0216035555683588,0.16880991966142322,0.05273098557922029,-0.12923210896562298,-0.36566028313216004,-0.36736261073229426,-0.2126845171889149,False,False,True
qwen,62,cap24_chunk2048_polfcfs_mem0.85,24,2048,fcfs,0.85,0,shared_prefix,10.101518374404506,2585.9887038475536,25771.7355070364,23185.74680318884,2790.952967014164,4931.818996439688,4940.614878935739,3022.9637967058807,7.734153698216759,8.238371999240389,7.762777258503771,4749.262521509081,6892.165426071733,6900.990712293424,5000.592232820054,1,,-0.264734105053153,-0.2647341050531531,-0.264734105053153,-0.2647341050531532,-0.2459966280537147,-0.5829479941565734,-0.5835785639678195,-0.48437926000393006,0.009508809709452337,0.16576999573022,0.04446948128432149,-0.12415871161785796,-0.36861102633643883,-0.369220299952042,-0.2183947264863051,False,False,True
qwen,63,cap24_chunk2048_polfcfs_mem0.9,24,2048,fcfs,0.9,0,shared_prefix,10.147504212365066,2597.761078365457,25889.057953926356,23291.296875560896,2795.181518653408,4932.5395287480205,4943.969765082002,2997.127373346302,7.7719775886804445,8.402718513948368,7.769529365885341,4777.068906696513,6878.359492821619,6890.259986482561,4976.486386880424,1,,-0.26138690346921833,-0.26138690346921845,-0.2613869034692182,-0.26138690346921833,-0.2478844280798418,-0.5831792607892343,-0.5846538806876926,-0.47169268696940336,0.004664811031816485,0.1491280191747546,0.04363835545732864,-0.13074053142787778,-0.3658695145898554,-0.3670912248342795,-0.21252133505527193,False,False,True
qwen,64,cap24_chunk8192_pollpm_mem0.75,24,8192,lpm,0.75,0,shared_prefix,10.126689934501291,2592.432623232331,25835.95503969176,23243.522416459436,2365.2725589927286,8437.424302706477,9260.27903959155,3023.9416070398875,8.074236982392044,8.56831668793936,7.803570584543805,4309.3259918969125,10416.72073681837,11200.310591445304,5009.245418863429,1,,-0.2629019260701728,-0.2629019260701728,-0.26290192607017293,-0.2629019260701727,-0.05595531983680457,-1.7081293708181358,-1.9681284096801628,-0.48485939852943893,-0.0340446946666455,0.1323592977079029,0.039448176834490534,-0.020024968729856596,-1.0684992273615044,-1.2222450756607701,-0.2205030760080593,False,False,False
qwen,65,cap24_chunk8192_pollpm_mem0.8,24,8192,lpm,0.8,0,shared_prefix,10.1330484734772,2594.060409210163,25852.177411282304,23258.11700207214,2383.385846856981,8430.28741318265,9264.46299964562,3047.6965661473514,7.935860114516764,8.685066494908112,7.724546328210317,4314.243100117892,10432.712873606924,11208.306332044303,5012.986970945349,1,,-0.2624391028907861,-0.2624391028907862,-0.2624391028907861,-0.2624391028907862,-0.0640418393405604,-1.7058386693620577,-1.9694694632972687,-0.49652390098222554,-0.016323160557222938,0.12053703573975938,0.04917537705303876,-0.021188856810910872,-1.0716748642463507,-1.2238315044501609,-0.22141470549377584,False,False,False
qwen,66,cap24_chunk8192_pollpm_mem0.85,24,8192,lpm,0.85,0,shared_prefix,10.258674493821918,2626.220670418411,26172.683740046617,23546.463069628204,2273.846171796322,9067.269367072731,10533.302557370633,3006.8549329735106,7.775413477426674,8.719190761501736,7.704655572083559,4174.11848413758,11069.362648203967,12052.601389582274,4967.197311645577,1,,-0.25329507871008317,-0.2532950787100833,-0.25329507871008317,-0.2532950787100833,-0.015138806083895506,-1.91028844883534,-2.376161175556485,-0.47646925352200786,0.004224786477514786,0.11708156091187749,0.05162375652942108,0.011978883875767732,-1.1980975264378388,-1.3913474423966972,-0.2102580510774683,False,False,False
qwen,67,cap24_chunk8192_pollpm_mem0.9,24,8192,lpm,0.9,0,shared_prefix,10.15731899849037,2600.2736636135346,25914.098157062585,23313.824493449047,2331.6168254241347,8401.368589210306,9222.166953263804,3003.10615007038,8.060573805563562,8.545947956542173,7.816333954130371,4307.710505090654,10387.544060684722,11162.494712169282,4991.645207377587,1,,-0.26067250814401466,-0.26067250814401477,-0.26067250814401466,-0.26067250814401477,-0.040930010905853687,-1.6965566996803974,-1.9559126259334825,-0.47462847210155945,-0.03229489025260679,0.13462438926855402,0.03787711679302774,-0.019642580188786507,-1.0627054719595659,-1.2147420559170938,-0.2162147829697565,False,False,False
qwen,68,cap24_chunk8192_polfcfs_mem0.75,24,8192,fcfs,0.75,0,shared_prefix,10.137583944656315,2595.221489832017,25863.748638428133,23268.52714859612,2897.869228385389,5014.8722095415,5021.557565531693,3030.20428623131,7.541284340023115,8.501651551318812,7.678899652206088,4814.153109211475,6915.240313322283,6922.218600530177,4983.980007265927,1,,-0.2621089765521588,-0.2621089765521588,-0.2621089765521587,-0.2621089765521586,-0.2937284611326414,-0.6096052816974746,-0.6095225216621964,-0.4879345895436138,0.03420904293753568,0.13910991023337915,0.0547940867683262,-0.1395184267604248,-0.37319311965113333,-0.37343210905462465,-0.21434715630501588,False,False,False
qwen,69,cap24_chunk8192_polfcfs_mem0.8,24,8192,fcfs,0.8,0,shared_prefix,10.132605725409094,2593.947065704728,25851.047839896644,23257.10077419192,2878.863215446472,5060.310134384781,5073.210253040306,3034.681253338931,7.643028344834356,8.553944620504682,7.680339639458548,4820.622934028506,6922.129590599798,6934.904860979877,4988.830452050024,1,,-0.2624713294870725,-0.2624713294870725,-0.2624713294870724,-0.2624713294870723,-0.28524339229969353,-0.6241893270651642,-0.626078373659223,-0.4901329344690524,0.0211789759951565,0.13381463498552304,0.054616836833094484,-0.14104984556445355,-0.3745611571636731,-0.3759491803074906,-0.21552896759274098,False,False,False
qwen,70,cap24_chunk8192_polfcfs_mem0.85,24,8192,fcfs,0.85,0,shared_prefix,10.122834499379426,2591.445631841133,25826.11877047534,23234.673138634207,2899.3004944641143,4985.962939145975,5003.65972361993,3022.964196425164,7.648791338676425,8.583855937855938,7.7439723266308,4834.212488494813,6928.896560613066,6946.732847699896,4993.270075741748,1,,-0.2631825541748022,-0.2631825541748023,-0.2631825541748023,-0.2631825541748023,-0.2943674373995355,-0.6003263783925963,-0.6037858594273822,-0.4843794562798547,0.02044092567278133,0.13078576976749767,0.0467842052173455,-0.14426651677837699,-0.3759049075240479,-0.37829596212473926,-0.21661068228606828,False,False,False
qwen,71,cap24_chunk8192_polfcfs_mem0.9,24,8192,fcfs,0.9,0,shared_prefix,10.14355416331971,2596.7498658098457,25878.98029872011,23282.230432910263,2852.996982866898,4996.93182578776,5011.355512752198,3011.699640603183,7.704060395453565,8.602724655202644,7.745228978293449,4809.951480478048,6908.259231410921,6923.527104347013,4982.33550864461,1,,-0.2616744183000359,-0.261674418300036,-0.261674418300036,-0.2616744183000361,-0.2736956381972364,-0.6038470220172465,-0.6062525335157902,-0.4788481716996271,0.013362773884041057,0.12887509492128302,0.04662952230231787,-0.13852389392037368,-0.37180685204305974,-0.37369172829818975,-0.213946474074864,False,False,False
qwen,72,cap32_chunk-1_pollpm_mem0.75,32,-1,lpm,0.75,0,shared_prefix,13.782296654401172,3528.2679435267,35162.40736211883,31634.139418592127,2254.0688815061003,3119.4632852450013,3122.267300598324,2055.6558096686786,7.751418872024207,9.68125437313289,7.995513723782088,4225.059625925496,5009.702446917072,5011.869493448176,4090.6613888764696,1,,0.0031811365802323355,0.0031811365802323355,0.0031811365802323355,0.0031811365802323355,-0.006309407199392547,-0.0012427775205023917,-0.000757130308898013,-0.009397748297167663,0.007297707729535086,0.019661545050386975,0.015821641988426505,-7.8973120196002e-05,0.005198862235785473,0.005598799181832703,0.0033100016960359024,False,False,False
qwen,73,cap32_chunk-1_pollpm_mem0.8,32,-1,lpm,0.8,0,shared_prefix,13.742007398078114,3517.953893907997,35059.618452645176,31541.664558737182,2285.2734681218863,3161.4330895012245,3164.2914803372696,2086.635267831298,7.694543335584342,9.47064560874566,7.914485956063508,4240.889239590615,5022.802209132351,5024.75415259134,4101.043203128938,1,,0.00024857584934490085,0.00024857584934490085,0.0002485758493446788,0.00024857584934490085,-0.020240422935811297,-0.014713672845430681,-0.0142268282784066,-0.024609728418418797,0.01458159682521254,0.04098810695244881,0.025795457072930406,-0.0038258702484545992,0.002597578328351058,0.0030423637956271676,0.0007804717628514535,False,False,False
qwen,74,cap32_chunk-1_pollpm_mem0.85,32,-1,lpm,0.85,1,shared_prefix,13.738592315824404,3517.079632851048,35050.905644004415,31533.826011153367,2239.936211844906,3115.591298416257,3119.905125866644,2036.5171342382384,7.8084023099166044,9.87542039614317,8.124049526892833,4224.725986132398,5035.883310483769,5040.087933647446,4104.246451592189,1,,0.0,0.0,0.0,0.0,0.0,0.0,0.0,0.0,0.0,0.0,0.0,0.0,0.0,0.0,0.0,False,False,False
qwen,75,cap32_chunk-1_pollpm_mem0.9,32,-1,lpm,0.9,0,shared_prefix,13.78981449451732,3530.1925105964337,35181.58742791453,31651.39491731809,2200.5393288563937,2915.105422004126,4537.4318477418365,2019.888337694283,8.119460937794386,8.572800206750923,8.130443330193744,4252.100175479427,5010.339009924792,6521.28852475901,4091.044834680361,1,,0.003728342578003252,0.00372834257800303,0.003728342578003252,0.00372834257800303,0.01758839505347498,0.06434922209278338,-0.45434930380501015,0.008165311385988083,-0.03983639873200939,0.13190528981439442,-0.00078702170386169,-0.006479518301751197,0.005072456803317582,-0.2938838787361471,0.003216575093025198,False,False,True
qwen,76,cap32_chunk-1_polfcfs_mem0.75,32,-1,fcfs,0.75,0,shared_prefix,13.710011860406704,3509.763036264116,34977.98908726558,31468.226051001464,2259.869348956272,3166.8131845537573,3167.785624489188,2072.3525553730724,7.763231300346419,9.806261986914071,8.031721161903464,4223.668007645756,5066.203164565377,5067.270504957996,4116.601153178635,1,,-0.0020803044999581077,-0.0020803044999582188,-0.0020803044999582188,-0.0020803044999582188,-0.008898975339546755,-0.01644050237383121,-0.015346780331739751,-0.017596425059413168,0.005784923442381906,0.007003085079406612,0.011364820547158927,0.0002504253506889764,-0.006020761843009259,-0.005393273226262707,-0.003010224101345882,False,False,False
qwen,77,cap32_chunk-1_polfcfs_mem0.8,32,-1,fcfs,0.8,0,shared_prefix,13.802463657313496,3533.430696272255,35213.85890096302,31680.42820469077,2269.139985088259,3225.879012420773,3227.021813010797,2096.4406135535683,7.663386500113704,9.154115912650584,7.813072029317282,4219.243573956192,5002.566752885468,5003.750355159864,4085.0816681231663,1,,0.004649045551451625,0.004649045551451625,0.004649045551451625,0.004649045551451625,-0.013037770044040276,-0.03539864617691624,-0.03433331554093266,-0.02942449062072061,0.018571764625745724,0.07304038254151601,0.03827863143203769,0.001297696511963542,0.006615831929413729,0.007209711212575076,0.004669501136216669,False,False,False
qwen,78,cap32_chunk-1_polfcfs_mem0.85,32,-1,fcfs,0.85,0,shared_prefix,13.7483068097132,3519.566543286579,35075.68997422165,31556.123430935077,2281.566068297252,3180.99796443712,3181.689457949251,2088.25344575962,7.680304249782666,9.565679677488172,7.9202786897362865,4225.091129308566,5035.615421342664,5036.722034448758,4104.167919787869,1,,0.0007070952878927006,0.0007070952878922565,0.0007070952878922565,0.0007070952878924786,-0.01858528659530778,-0.02099333954813365,-0.019803272724661536,-0.02540430947109784,0.016405156272654486,0.0313648134692035,0.0250824218244865,-8.643002584474146e-05,5.319605808706829e-05,0.0006678254909439074,1.913428085920099e-05,False,False,False
qwen,79,cap32_chunk-1_polfcfs_mem0.9,32,-1,fcfs,0.9,0,shared_prefix,13.658239636109258,3496.50934684397,34845.903986615216,31349.394639771243,2253.5750563256443,3164.174758503213,3165.0220726197585,2071.1564895536867,7.789050636852442,9.82679123351095,8.078550408449054,4234.687271993607,5073.452927498147,5074.305047909729,4127.304242239916,1,,-0.005848683610954364,-0.005848683610954475,-0.005848683610954475,-0.005848683610954586,-0.006088943251426171,-0.01559365636681953,-0.014460999592281532,-0.017009115579282863,0.0024783140386588354,0.004924262530758949,0.005600546660032513,-0.0023578537149882006,-0.007460382756718342,-0.006788991524106169,-0.005618032669256978,False,False,False
qwen,80,cap32_chunk2048_pollpm_mem0.75,32,2048,lpm,0.75,0,shared_prefix,13.490854945975252,3453.6588661696646,34418.85987283216,30965.201006662497,2407.074039336294,5275.112242437899,7517.162730912678,2094.644720076758,8.153522085836705,9.319525579556675,8.272559418461764,4404.467401094735,7383.338786032982,9463.49276364781,4203.909244632087,1,,-0.01803222369178259,-0.0180322236917827,-0.0180322236917827,-0.01803222369178259,-0.07461722642258906,-0.6931335779244818,-1.4094202956971547,-0.0285426451176225,-0.04419851362958105,0.0562907495870858,-0.018280278951688267,-0.042545106014528544,-0.4661457247554266,-0.877644376097066,-0.024282848073422958,False,False,False
qwen,81,cap32_chunk2048_pollpm_mem0.8,32,2048,lpm,0.8,0,shared_prefix,13.543253437067646,3467.0728798893174,34552.54275132126,31085.469871431946,2476.884605595842,5183.904009871185,7524.477849537507,2130.558727603784,8.108700643838002,8.691714841269832,8.102709908198065,4510.374636854976,7399.272478255443,9427.40416601766,4195.880380830204,1,,-0.014218260085624768,-0.014218260085624879,-0.014218260085624879,-0.014218260085624879,-0.10578354530720091,-0.6638588034657529,-1.4117649562973056,-0.04617765880016611,-0.038458358317426944,0.11986381413551084,0.0026267218859421515,-0.06761353319960062,-0.4693097560166932,-0.8704840649863763,-0.022326614719363702,False,False,False
qwen,82,cap32_chunk2048_pollpm_mem0.85,32,2048,lpm,0.85,0,shared_prefix,13.576546830636056,3475.5959886428304,34637.48330197658,31161.88731333375,2361.6976300254464,6618.118734704312,7436.376334116794,2040.776752361125,8.23388372584447,9.01268731190951,8.315441736354556,4427.286233520135,8634.257934289035,9408.748428653926,4160.967249950772,1,,-0.01179491184127357,-0.01179491184127368,-0.01179491184127368,-0.01179491184127368,-0.05435932395603915,-1.124193483936256,-1.3835264324107053,-0.002091619093830932,-0.05449020158547757,0.08736165647900918,-0.023558720171284353,-0.047946363397919356,-0.7145468633703491,-0.8667825943752803,-0.01382002738567989,False,False,False
qwen,83,cap32_chunk2048_pollpm_mem0.9,32,2048,lpm,0.9,0,shared_prefix,13.631851938320295,3489.754096209996,34778.581754169456,31288.827657959464,2495.514729758725,6625.730589870344,7466.2991000385955,2114.845158706885,8.048878034905476,8.487331724232611,8.025171334179886,4494.000576902181,8615.912435087357,9365.14544263482,4160.1464611667325,1,,-0.007769382411992987,-0.007769382411992987,-0.007769382411993098,-0.007769382411992987,-0.1141008018720826,-1.126636633385897,-1.393117354158202,-0.03846175568660026,-0.030797045982565496,0.14055995757433015,0.012171047503542809,-0.06373776468667369,-0.7109039077912382,-0.8581313591997957,-0.013620042128039689,False,False,True
qwen,84,cap32_chunk2048_polfcfs_mem0.75,32,2048,fcfs,0.75,0,shared_prefix,13.794431771493551,3531.374533502349,35193.36736401757,31661.99283051522,2346.178461564705,2998.6958746099845,2999.3726443499327,2052.457697358477,7.814431653467984,8.620120643583292,7.927540019068682,4329.619314987212,4895.119371102192,4896.308057415299,4073.3850157303095,1,,0.004064423369258163,0.004064423369257941,0.004064423369258163,0.004064423369258163,-0.04743092645138014,0.037519498743527,0.0386333803926906,-0.007827365089271066,-0.0007721609763526871,0.1271135508367961,0.024188615194140617,-0.02482843365442511,0.02795218449334036,0.028527255501293536,0.00751939149509584,False,False,True
qwen,85,cap32_chunk2048_polfcfs_mem0.8,32,2048,fcfs,0.8,0,shared_prefix,13.831049376388147,3540.7486403553658,35286.78888673002,31746.04024637465,2360.5758105404675,2972.260260139592,2973.31048194319,2038.2605836275616,7.80071530125741,8.706272014179358,7.93561375452116,4341.516488464549,4865.983196115121,4866.806731633842,4061.2481984535407,1,,0.0067297331806877025,0.0067297331806874805,0.0067297331806874805,0.0067297331806874805,-0.05385849742399462,0.046004441708873745,0.04698689159104896,-0.000856093651269596,0.0009844534584791953,0.11838973279764586,0.02319480842009869,-0.027644515340288223,0.03373789738434707,0.03438059103230828,0.010476528065698432,False,False,True
qwen,86,cap32_chunk2048_polfcfs_mem0.85,32,2048,fcfs,0.85,0,shared_prefix,13.82867188605937,3540.1400028311987,35280.7232588063,31740.583255975096,2353.4034094773237,2973.106964631006,2973.62087961752,2041.3861220731635,7.79383596878964,8.67090659909973,7.92928555258328,4330.421513644978,4875.36778608337,4876.990848784335,4062.759033204202,1,,0.0065566812206232505,0.0065566812206232505,0.0065566812206232505,0.0065566812206232505,-0.050656441479179914,0.04573267804980696,0.046887402131655875,-0.0023908405940058497,0.0018654701114035888,0.12197088819771773,0.023973755165429655,-0.025018315474074404,0.03187435341606004,0.032359968121643545,0.010108413049097709,False,False,True
qwen,87,cap32_chunk2048_polfcfs_mem0.9,32,2048,fcfs,0.9,0,shared_prefix,13.790740549040208,3530.4295805542934,35183.95004622045,31653.52046566616,2347.843714756891,3010.959408967756,3011.8948448542506,2055.2176222990965,7.792344992821492,8.654852031967511,7.915397889906133,4324.892022646964,4901.509726210497,4903.154361178167,4073.050638904533,1,,0.0037957479206758293,0.0037957479206758293,0.0037957479206758293,0.0037957479206758293,-0.048174364225804345,0.03358331675328796,0.034619732541511405,-0.009182583218408924,0.002056415186845628,0.12359659793848876,0.0256832059302452,-0.02370947532298162,0.026683220398203145,0.027168885597236403,0.007600862437379785,False,False,False
qwen,88,cap32_chunk8192_pollpm_mem0.75,32,8192,lpm,0.75,0,shared_prefix,13.7880330844162,3529.736469610547,35177.042563642244,31647.306094031697,2220.1373553834856,2978.7167944479734,5158.112200787291,2008.864124705724,7.966917799785733,9.27977438751316,8.153435754695641,4273.952673887834,4988.3609829237685,7102.351206168532,4085.950956996385,1,,0.0035986779034742344,0.0035986779034737904,0.0035986779034740124,0.0035986779034740124,0.00883902691367866,0.043932111390175166,-0.6532913639014826,0.013578579363565324,-0.020300630471846492,0.06031601539339404,-0.003617189642373786,-0.011652042740055046,0.009436741209048138,-0.40917208185069365,0.004457698827687873,False,False,False
qwen,89,cap32_chunk8192_pollpm_mem0.8,32,8192,lpm,0.8,0,shared_prefix,13.7443596440387,3518.556068873907,35065.61967528289,31547.06360640898,2201.1118743103,2986.397095047869,5196.601116978563,2019.5192618084548,8.032535831900496,9.15256068110466,8.167668158836035,4256.856015417725,5023.88917512726,7123.0822752043605,4100.190368219046,1,,0.0004197903308953421,0.0004197903308951201,0.0004197903308953421,0.0004197903308951201,0.017332787125499682,0.041466993258731044,-0.6656279301233741,0.008346540347740183,-0.02870414626296136,0.07319786763921687,-0.00536907508980744,-0.0076052338993801705,0.0023817341699595707,-0.41328531743482455,0.0009882650618043831,False,False,False
qwen,90,cap32_chunk8192_pollpm_mem0.85,32,8192,lpm,0.85,0,shared_prefix,13.424256411977655,3436.60964146628,34248.94880206765,30812.33916060137,2300.309266196564,3112.568787089549,3146.053155986592,2087.5642635510303,8.032477638848563,9.7536189496225,8.312439950856199,4357.973594916984,5150.47258741688,5152.959315981716,4205.08301397058,1,,-0.022879775207005015,-0.022879775207005015,-0.022879775207005015,-0.022879775207005126,-0.0269530239443434,0.0009701244602411396,-0.00838103373822463,-0.02506589728835551,-0.028696693643382787,0.012333798626764314,-0.023189226424548792,-0.03153994110433889,-0.022754553643957065,-0.022394724818339817,-0.024568837073434713,False,False,False
qwen,91,cap32_chunk8192_pollpm_mem0.9,32,8192,lpm,0.9,0,shared_prefix,13.750281242501933,3520.0719980804947,35080.72729214968,31560.65529406918,2208.3985307253897,3044.8758338112384,4637.6753575960265,2058.028183375427,7.916949379501005,8.928995749310536,8.013560863988944,4261.104890378192,5023.208134341985,6531.125206644655,4099.222765122249,1,,0.0008508096323716074,0.0008508096323713854,0.0008508096323713854,0.0008508096323713854,0.014079722874581702,0.0226972853085593,-0.48647961091694336,-0.01056266543283213,-0.013901316207356018,0.09583639064138061,0.013600195633734158,-0.008610950003670625,0.002516971772438814,-0.29583556728109794,0.0012240216393416548,False,False,False
qwen,92,cap32_chunk8192_polfcfs_mem0.75,32,8192,fcfs,0.75,0,shared_prefix,13.849581024960846,3545.4927423899767,35334.06818948664,31788.575447096657,2277.199870441109,3123.1951957102865,3124.268105728552,2064.0700782169006,7.667739728183993,9.131172745506843,7.877944904014866,4227.880294900388,4966.398785333149,4967.627529548481,4069.18430218866,1,,0.008078608534631604,0.008078608534631382,0.008078608534631826,0.008078608534631604,-0.016636035615277933,-0.002440595240426724,-0.0013984335054728625,-0.013529443732850366,0.018014259018643397,0.07536364233435489,0.0302933434936965,-0.0007466303798977503,0.01379788229126866,0.014376813470896477,0.008542895709863552,False,False,True
qwen,93,cap32_chunk8192_polfcfs_mem0.8,32,8192,fcfs,0.8,0,shared_prefix,13.859350774853954,3547.9937983626123,35358.993492879934,31810.99969451732,2270.508133340627,3106.9532952737063,3107.5902842357755,2053.410051896208,7.686962903594008,9.236010162652851,7.91197626981507,4226.269662613049,4961.471256706864,4962.166502410546,4067.180226160417,1,,0.008789725777833768,0.008789725777833546,0.008789725777833546,0.008789725777833546,-0.013648567907449616,0.002772508431045373,0.003947184652753788,-0.008295003942742962,0.015552401311132447,0.06474764697005098,0.02610437767221163,-0.0003653909119119003,0.014776365771222877,0.01546033169713168,0.009031189006058038,False,False,True
qwen,94,cap32_chunk8192_polfcfs_mem0.85,32,8192,fcfs,0.85,0,shared_prefix,13.843762040557095,3544.003082382617,35319.22236914412,31775.219286761505,2258.6984254885465,3122.4279236979783,3123.668426661752,2048.179849418375,7.727297221889044,9.317361138596691,7.930053496513596,4224.470356013626,4962.106646504253,4963.707394851372,4066.5553601320426,1,,0.007655058270529924,0.007655058270529924,0.007655058270529924,0.007655058270530146,-0.008376226762362604,-0.0021943267350876816,-0.0012062228315556922,-0.005726794527805001,0.010386899241161984,0.05650992415112044,0.02387922793147146,6.0508094397504486e-05,0.014650193308873183,0.015154604404054361,0.009183437667473648,False,False,False
qwen,95,cap32_chunk8192_polfcfs_mem0.9,32,8192,fcfs,0.9,0,shared_prefix,13.845374992052152,3544.415997965351,35323.33744944943,31778.92145148408,2291.592933004722,3097.6113924058154,3099.082833896391,2065.6355780374724,7.693938368962183,9.206940838336653,7.86123509518464,4228.105654008687,4959.548973245546,4961.485659559257,4066.495785351435,1,,0.007772461237149697,0.007772461237149697,0.007772461237149697,0.007772461237149697,-0.02306169295654592,0.005770944995122207,0.006674014474869372,-0.014298158021698093,0.01465907318953752,0.06769125070033377,0.03235017596067136,-0.0007999732733869891,0.015158083007862477,0.015595417207593387,0.009197953067879072,False,False,True
qwen,96,cap48_chunk-1_pollpm_mem0.75,48,-1,lpm,0.75,0,shared_prefix,14.212303332586336,3638.349653142102,36259.47197812024,32621.122324978143,599.5456844102591,4024.287760048173,4025.599156152457,1286.8084942529094,10.399509065181892,12.224013743209929,10.284005819834936,3625.023858854547,6674.981767614372,6678.43907432165,3908.6948812800974,1,,0.03448031689653552,0.0344803168965353,0.03448031689653508,0.0344803168965353,0.7323380544321627,-0.29166099613060026,-0.2902953755794835,0.36813274358516923,-0.3318357139429924,-0.23782211317140467,-0.26587187655516575,0.141950538152383,-0.32548380414580036,-0.325063999327597,0.047646156881302804,False,False,False
qwen,97,cap48_chunk-1_pollpm_mem0.8,48,-1,lpm,0.8,0,shared_prefix,14.854653316809058,3802.791249103119,37898.28243044622,34095.4911813431,687.0766482315958,3749.579640408047,3755.1110598491514,1163.988604399492,10.419101841455582,11.781284275793416,10.127182791648137,3493.241024436429,6406.142976065166,6410.890540913679,3746.131276348024,1,,0.08123546978675189,0.08123546978675167,0.08123546978675167,0.08123546978675167,0.6932606184951622,-0.20348893075740215,-0.20359783658679698,0.4284415363709261,-0.33434490538780404,-0.19299065793640313,-0.24656832262338924,0.17314376461267733,-0.27209916932125355,-0.27197989902414266,0.08725479316799778,False,False,False
qwen,98,cap48_chunk-1_pollpm_mem0.85,48,-1,lpm,0.85,0,shared_prefix,14.299145504908807,3660.581249256655,36481.030105621365,32820.44885636471,630.0536110065877,3968.9267085399474,3986.42910735216,1259.653282839281,10.454378909814883,12.3310470823929,10.30877806204648,3654.1666532866657,6634.07368704211,6652.929803896695,3888.016263605096,1,,0.04080135549540587,0.04080135549540587,0.04080135549540587,0.04080135549540587,0.7187180564898101,-0.2738919609120314,-0.277740490985223,0.3814668869405532,-0.33886273976148895,-0.2486604709211946,-0.26892112460929685,0.1350523879462444,-0.31736048633835634,-0.32000272445287603,0.052684503851665565,False,False,False
qwen,99,cap48_chunk-1_pollpm_mem0.9,48,-1,lpm,0.9,0,shared_prefix,14.4988202024004,3711.697971814503,36990.45485747252,33278.75688565801,729.0399691555649,3895.965106529184,3900.065154368058,1247.893201889383,10.30405380160493,11.858690906334305,10.11636284797289,3527.745127910748,6522.864575521089,6526.645621554926,3826.711856152542,1,,0.055335209685227316,0.055335209685227316,0.055335209685227316,0.055335209685227316,0.6745264595927503,-0.25047374105506504,-0.250058895071273,0.3872414914121708,-0.31961102830458277,-0.20082897037635972,-0.2452364814474548,0.16497658321734465,-0.2952771486864485,-0.2949467762225484,0.0676213279862814,False,False,False
qwen,100,cap48_chunk-1_polfcfs_mem0.75,48,-1,fcfs,0.75,0,shared_prefix,14.330995446791665,3668.7348343786657,36562.28801633301,32893.55318195435,712.8862582612783,3953.483999567106,3969.951803027652,1246.8694203998891,10.47712340403129,12.647781253828867,10.330595740948326,3712.4579998198897,6624.215714563616,6642.246751324274,3880.8779051360034,1,,0.043119638267809846,0.043119638267809623,0.043119638267809623,0.043119638267809623,0.6817381430366203,-0.2689353708160547,-0.27245914310451447,0.3877442033571291,-0.3417755628094923,-0.2807334519924274,-0.27160669155834416,0.12125472468368859,-0.3154029404877663,-0.31788310814596565,0.054423765505001054,False,False,False
qwen,101,cap48_chunk-1_polfcfs_mem0.8,48,-1,fcfs,0.8,0,shared_prefix,14.590930850332184,3735.278297685039,37225.45430685179,33490.176009166746,679.4706850778311,3842.743430123664,3855.212324284949,1198.1747664976865,10.441245743091784,12.13436399513454,10.257310215949454,3587.670885026455,6503.894512588158,6518.010194436647,3812.75998248384,1,,0.06203972830069637,0.06203972830069615,0.06203972830069615,0.06203972830069615,0.6966562344566989,-0.23339137327705317,-0.23568255083207124,0.41165495425803766,-0.3371808122426647,-0.22874404413948768,-0.26258587936901945,0.1507920521229229,-0.2915101704299352,-0.29323342771911665,0.07102070320247733,False,False,False
qwen,102,cap48_chunk-1_polfcfs_mem0.85,48,-1,fcfs,0.85,0,shared_prefix,14.291928410322388,3658.7336730425313,36462.61732390711,32803.883650864576,669.9412032030523,3975.433771545067,3989.2247966397554,1280.3944485422107,10.409676295467744,12.178209794995684,10.231746302213509,3610.414608148858,6629.22361085657,6644.693507938646,3889.1157732869033,1,,0.040276040061298035,0.04027604006129781,0.04027604006129781,0.04027604006129781,0.7009105885871365,-0.27598050924262507,-0.2786365724924511,0.37128226076961357,-0.33313780237060064,-0.23318393612406263,-0.2594391834199954,0.1454085732423851,-0.3163973829686968,-0.3183685672583032,0.05241660822337524,False,False,False
qwen,103,cap48_chunk-1_polfcfs_mem0.9,48,-1,fcfs,0.9,0,shared_prefix,14.205813182419943,3636.688174699506,36242.913830395344,32606.22565569584,631.0531350318342,4060.320831905119,4077.343104714528,1310.70313863529,10.33654157894061,12.21384699118561,10.228265887827952,3652.145641390234,6696.416140696965,6713.486612220295,3918.375292585552,1,,0.034007914046432886,0.034007914046432886,0.034007914046432886,0.034007914046432886,0.7182718276999183,-0.3032264000638001,-0.3068804788036392,0.3563996508551056,-0.32377164606558373,-0.23679261249027017,-0.25901077461056654,0.1355307649825459,-0.3297401325317204,-0.3320177545715619,0.04528752383632595,False,False,False
qwen,104,cap48_chunk2048_pollpm_mem0.75,48,2048,lpm,0.75,0,shared_prefix,14.723494926387868,3769.2147011552943,37563.66151285939,33794.446811704096,403.2875264529139,3767.6644907100126,6638.268727641553,1124.125005066162,10.880736316389896,12.17500015079756,10.48410961263644,3501.2664173264056,6541.914204135537,8670.026254821569,3797.308244898886,1,,0.07168875732843705,0.07168875732843683,0.07168875732843705,0.07168875732843705,0.819955798598055,-0.20929355933983484,-1.1277149335743282,0.4480159355562494,-0.3934651269916578,-0.23285892269988695,-0.2905029170404685,0.17124414013612677,-0.29905992668982084,-0.7202132917048498,0.07478552039052877,False,False,False
qwen,105,cap48_chunk2048_pollpm_mem0.8,48,2048,lpm,0.8,0,shared_prefix,14.65858045764445,3752.596597156979,37398.04695304488,33645.4503558879,563.0347719416022,3836.552784545347,3840.6596330320463,1212.7325049841602,10.30353479836063,11.274755008463911,10.094455887316292,3434.835912194103,6461.725862161256,6468.323762505315,3785.953244925622,1,,0.06696378498402522,0.066963784984025,0.06696378498402522,0.06696378498402522,0.748638033099227,-0.23140438429635335,-0.231018084873716,0.40450660365409385,-0.3195445610269374,-0.14169873850304637,-0.24253992468914332,0.18696835641674703,-0.2831365350958688,-0.28337518068345946,0.07755216710806667,False,False,False
qwen,106,cap48_chunk2048_pollpm_mem0.85,48,2048,lpm,0.85,0,shared_prefix,14.74444696508094,3774.578423060721,37617.11589263849,33842.53746957777,399.46396299637854,3780.236792005599,6684.120900081471,1131.475738424342,11.014563247890155,12.222342727358871,10.480208987898465,3508.4595538210124,6590.261785360053,8650.976350833662,3803.670291956223,1,,0.07321380721793247,0.07321380721793247,0.07321380721793225,0.07321380721793247,0.8216627951796167,-0.213328845130361,-1.1424115895911298,0.4444064725006246,-0.4106039636177241,-0.2376529035799113,-0.29002278398304915,0.1695415121980739,-0.30866054255871234,-0.716433614794705,0.0732354070792609,False,False,False
qwen,107,cap48_chunk2048_pollpm_mem0.9,48,2048,lpm,0.9,0,shared_prefix,14.64831093622328,3749.96759967316,37371.84659582721,33621.87899615405,422.2515099681914,3784.821691620164,3790.245660631917,1152.011972735636,10.693937967367033,11.874567854364276,10.381723053413632,3443.858586251736,6510.627477592789,6517.740540876985,3799.0624635967833,1,,0.06621629054026479,0.06621629054026457,0.06621629054026457,0.06621629054026457,0.8114894934349907,-0.21480044367311457,-0.2148592690231459,0.4343224746957274,-0.3695423907379647,-0.20243669413829402,-0.27790002006355086,0.18483267375064039,-0.2928471682492877,-0.2931799259621608,0.07435810485430616,False,False,False
qwen,108,cap48_chunk2048_polfcfs_mem0.75,48,2048,fcfs,0.75,0,shared_prefix,14.124369544018224,3615.838603268665,36035.12883908768,32419.29023581901,637.5305170658976,3930.521833989769,3931.428188965656,1340.629649876064,10.750970457981332,11.056620732643731,10.206032471497611,3376.14252185449,6737.452618707903,6751.586863212287,3942.8752483363496,1,,0.028079822104443153,0.02807982210444293,0.028079822104443153,0.02807982210444293,0.7153800569433177,-0.2615652881004529,-0.2601114554320263,0.3417047039098309,-0.37684638051086217,-0.11961013193543413,-0.2562740339916496,0.20086118414859833,-0.3378889468470774,-0.33957719629035354,0.039318107515994294,False,False,True
qwen,109,cap48_chunk2048_polfcfs_mem0.8,48,2048,fcfs,0.8,0,shared_prefix,14.784832207330089,3784.917045076503,37720.14968845575,33935.23264337925,473.212871234864,3698.139085783623,3712.484690849669,1133.2427292654756,10.51220369397425,11.910078813431456,10.266634617006794,3437.481203349307,6378.864730615169,6393.378273081034,3750.942471906456,1,,0.07615335453986827,0.07615335453986827,0.07615335453986827,0.07615335453986827,0.7887382378424491,-0.186978243155157,-0.18993512336963092,0.44353881918633287,-0.3462681963279275,-0.2060325875425939,-0.26373363222631974,0.18634221139245732,-0.26668239459313203,-0.26850530332994205,0.08608254495747292,False,False,False
qwen,110,cap48_chunk2048_polfcfs_mem0.85,48,2048,fcfs,0.85,0,shared_prefix,14.945440147440271,3826.03267774471,38129.90445991045,34303.87178216574,501.9467989914119,3683.728032256476,3697.5427114823833,1161.0884824876848,10.244379255591944,11.09561298626895,9.995767545070008,3325.0122310128063,6294.935796526261,6309.090622705407,3709.0759559941935,1,,0.08784363083733071,0.08784363083733071,0.08784363083733071,0.08784363083733071,0.7759102262211355,-0.18235277975292186,-0.1851458817855185,0.42986559603782004,-0.3119686779690731,-0.1235585464900637,-0.23039224613061182,0.21296381305506895,-0.2500162153124914,-0.2517818549525981,0.0962833251508799,False,False,True
qwen,111,cap48_chunk2048_polfcfs_mem0.9,48,2048,fcfs,0.9,0,shared_prefix,14.882886012222402,3810.018819128935,37970.31175632331,34160.292937194376,454.88067460246384,3668.366099800914,3683.110731979832,1113.089166585269,10.470173048658989,11.969052403252206,10.256458641162617,3427.4608169216663,6336.917010508478,6352.453323001973,3727.372528857813,1,,0.08329046164940612,0.0832904616494059,0.0832904616494059,0.0832904616494059,0.7969224872578827,-0.17742211620171378,-0.18052010666726326,0.4534349120506559,-0.3408854504540524,-0.21200434241024313,-0.26248105790233356,0.18871405431446753,-0.25835263047422097,-0.2603854152212748,0.09182536360314641,False,False,True
qwen,112,cap48_chunk8192_pollpm_mem0.75,48,8192,lpm,0.75,0,shared_prefix,14.65633801850693,3752.022532737774,37392.32587763811,33640.30334490034,515.029777539894,3827.0650474587455,3830.449716267176,1216.4187810012663,10.327576292569148,11.530359215742234,10.083962373023343,3448.087946046144,6459.170402563177,6462.856570594013,3787.219401285256,1,,0.06680056308428672,0.06680056308428672,0.06680056308428672,0.06680056308428672,0.7700694444706112,-0.22835913985385403,-0.22774557614253021,0.4026965152658688,-0.3226234871957372,-0.1675816069810454,-0.24124826413756595,0.18383157692014984,-0.2826290849743065,-0.2822904393092458,0.07724366800242877,False,False,False
qwen,113,cap48_chunk8192_pollpm_mem0.8,48,8192,lpm,0.8,0,shared_prefix,14.628602170424935,3744.922155628784,37321.56414515999,33576.6419895312,552.683369955048,3838.0451274104416,3841.3943335972726,1223.2547249877823,10.362304381880106,11.41880410065984,10.089574601274604,3457.087657181546,6479.704556148499,6481.736969132908,3795.319412678509,1,,0.06478173557675193,0.06478173557675193,0.06478173557675193,0.06478173557675171,0.7532593263002635,-0.23188337615444898,-0.2312535729849201,0.3993398315082961,-0.3270710153753307,-0.15628536736718934,-0.24193908073496395,0.18170132961773466,-0.2867066523680095,-0.28603648477262955,0.07527009953162933,False,False,False
qwen,114,cap48_chunk8192_pollpm_mem0.85,48,8192,lpm,0.85,0,shared_prefix,14.747514851411935,3775.363801961456,37624.94290954403,33849.57910758258,471.66808042675257,3771.410209638998,3773.3716041361913,1184.1592990131176,10.316577702578083,11.595424744209238,10.104671282025198,3408.755532000214,6402.067670901306,6402.768786735833,3759.915027680108,1,,0.0734371114881569,0.0734371114881569,0.07343711148815668,0.0734371114881569,0.7894278962353724,-0.21049580911209764,-0.20945075311802253,0.4185370311376959,-0.32121492888194525,-0.17417024076644005,-0.2437973511333189,0.19314162783825406,-0.2712899160259328,-0.2703684679767544,0.0838963809735408,False,False,False
qwen,115,cap48_chunk8192_pollpm_mem0.9,48,8192,lpm,0.9,0,shared_prefix,14.727772052180931,3770.3096453583184,37574.57363028408,33804.263984925754,482.3503082152456,3757.308863475919,3759.0616503730416,1177.917391043593,10.356170012086046,11.503919484824236,10.135408653622813,3407.748310593888,6396.135076810606,6397.035052082501,3761.589240719331,1,,0.0720000793106852,0.0720000793106852,0.07200007931068542,0.07200007931068497,0.7846589087383156,-0.20596975135534157,-0.2048640900030103,0.4216020227670737,-0.32628540398511463,-0.16490427985395684,-0.2475808548522298,0.19338003889961797,-0.2701118517768366,-0.26923084206053716,0.08348845882291711,False,False,False
qwen,116,cap48_chunk8192_polfcfs_mem0.75,48,8192,fcfs,0.75,0,shared_prefix,14.791396739974646,3786.597565433509,37736.897606221406,33950.3000407879,659.0294670313597,3738.904460216872,3752.002919255756,1158.264821617195,10.423087012753182,12.178705022852942,10.18525727940793,3498.3765922952443,6395.401455159299,6409.258730867878,3754.477546954149,1,,0.07663117151657528,0.07663117151657484,0.07663117151657506,0.07663117151657528,0.7057820381016319,-0.2000625570232728,-0.20260160738494526,0.4312521107020073,-0.33485527500497136,-0.23323408364562548,-0.2537167881229594,0.17192816675481093,-0.26996617293440206,-0.27165613283845635,0.08522122361885742,False,False,False
qwen,117,cap48_chunk8192_polfcfs_mem0.8,48,8192,fcfs,0.8,0,shared_prefix,14.468313638403547,3703.888291431308,36912.62427107795,33208.73597964664,545.4484345391393,3865.952101768925,3877.4508071457967,1238.6031267233193,10.437447176880989,11.599867907078828,10.183096405611408,3494.1255224402994,6527.193761873059,6538.962851013057,3834.917974993005,1,,0.05311470824697473,0.05311470824697473,0.05311470824697473,0.05311470824697473,0.7564893001618627,-0.2408405761481287,-0.24281048644667425,0.3918032380382499,-0.3366943406112053,-0.17462016215624998,-0.2534508033096752,0.17293440239444746,-0.29613681641206036,-0.29739062831804497,0.06562190642686716,False,False,False
qwen,118,cap48_chunk8192_polfcfs_mem0.85,48,8192,fcfs,0.85,0,shared_prefix,14.553773110078234,3725.765916180028,37130.65475114437,33404.88883496433,534.8453507758677,3848.7469058716665,3864.3121108366176,1224.871202961367,10.361996847296172,11.609656647779047,10.151280683255898,3487.9386769607663,6491.119206440635,6506.7924733273685,3812.911133558373,1,,0.05933510329984015,0.05933510329983993,0.059335103299840375,0.05933510329983993,0.7612229544986254,-0.23531828703851287,-0.2385992377775248,0.39854608519189716,-0.32703163029093996,-0.17561138483918937,-0.2495345639698987,0.17439883949636625,-0.28897331535211257,-0.2910077282359014,0.07098387523020133,False,False,False
qwen,119,cap48_chunk8192_polfcfs_mem0.9,48,8192,fcfs,0.9,0,shared_prefix,14.704329790844836,3764.308426456278,37514.76601162236,33750.457585166085,498.458324931562,3787.364650936797,3801.322933123447,1175.752317350998,10.327990424326238,12.184425525403782,10.18803239366569,3509.161073016003,6420.360262366012,6434.925831905566,3772.5983101699967,1,,0.07029377193965325,0.07029377193965303,0.07029377193965325,0.07029377193965325,0.7774676250619608,-0.21561664806998948,-0.21840978483841544,0.42266514846152303,-0.32267652387861445,-0.2338133503827735,-0.2540583806069261,0.16937546138263804,-0.27492236545672544,-0.2767487227645835,0.08080609810688488,False,False,False
qwen,120,cap64_chunk-1_pollpm_mem0.75,64,-1,lpm,0.75,0,shared_prefix,16.72549072940341,4281.725626727273,42671.300227079424,38389.57460035215,575.5887308623642,849.1770555730909,849.9478478915989,625.4347970971139,12.241655931461093,13.694472119266935,12.482354546894884,3795.6235385499895,3991.254566819407,3993.622020590119,3808.058960472408,1,,0.2174093491469744,0.21740934914697418,0.2174093491469744,0.21740934914697418,0.743033427550919,0.7274427310139325,0.7275725339066196,0.6928899901787182,-0.5677542531222162,-0.38672295152268044,-0.5364695285983752,0.10156929679958682,0.20743704316770795,0.2076285030805035,0.07216610761882458,False,False,False
qwen,121,cap64_chunk-1_pollpm_mem0.8,64,-1,lpm,0.8,0,shared_prefix,16.594278149643767,4248.135206308804,42336.54105767279,38088.40585136398,542.1784478239715,939.6217853063716,942.937153596431,652.8872654016595,12.220019034325118,13.926495707721688,12.49234853970203,3827.3392994888127,4079.9025177257136,4081.342442138121,3838.059805220837,1,,0.20785869237346266,0.20785869237346244,0.20785869237346244,0.20785869237346244,0.7579491572318435,0.6984130152809169,0.6977673629307869,0.6794098834597466,-0.5649832768997824,-0.4102180108869755,-0.5376997023896677,0.09406212093944122,0.18983378561768527,0.19022396119495755,0.0648563992223441,False,False,False
qwen,122,cap64_chunk-1_pollpm_mem0.85,64,-1,lpm,0.85,0,shared_prefix,16.582156237067064,4245.031996689168,42305.61474410416,38060.582747414985,578.5259492695332,903.352625342086,904.9438346689568,644.557672461815,12.303643084733803,13.67850339094944,12.522988099027044,3818.7024279031903,4047.133053513244,4048.730417611077,3837.543437857676,1,,0.20697636671024755,0.20697636671024733,0.20697636671024755,0.20697636671024733,0.7417221319918594,0.7100541955546975,0.7099450790454462,0.6835000002575905,-0.5756927725289309,-0.3851059339500684,-0.5414711662665912,0.09610648348839057,0.19634097853541033,0.1966944880898014,0.06498221217467315,False,False,False
qwen,123,cap64_chunk-1_pollpm_mem0.9,64,-1,lpm,0.9,0,shared_prefix,16.845999979218735,4312.575994679996,42978.75227510632,38666.17628042632,549.1280686110258,837.0981075800955,837.8245981456712,603.1219938340655,12.233487652687757,13.424632608269652,12.450964372033775,3764.7018735297024,3974.396739783697,3977.7049148641527,3777.742364178266,1,,0.22618093556900676,0.22618093556900676,0.22618093556900698,0.22618093556900676,0.7548465595996858,0.731319666990463,0.7314583090365797,0.7038463444798544,-0.5667081647613534,-0.35939859466768853,-0.5326056704624544,0.10888850877257328,0.21078458440255254,0.21078660387864723,0.07955274890650388,False,False,False
qwen,124,cap64_chunk-1_polfcfs_mem0.75,64,-1,fcfs,0.75,0,shared_prefix,16.90824535968966,4328.510812080553,43137.557260908856,38809.0464488283,429.8327311407775,915.7984980847688,916.6315977321938,582.7781219159078,12.236665864931602,14.119030905741392,12.486104200363902,3754.413225920871,4055.7346907211463,4057.4256750615314,3766.3585386108025,1,,0.23071163122108085,0.23071163122108063,0.23071163122108063,0.23071163122108063,0.8081049233153166,0.7060594890766658,0.7061988872249527,0.7138358857295366,-0.567115189414759,-0.4297144161331661,-0.5369310784026453,0.11132384958345753,0.1946329093293595,0.1949692686958291,0.08232641898254123,False,False,False
qwen,125,cap64_chunk-1_polfcfs_mem0.8,64,-1,fcfs,0.8,0,shared_prefix,16.670797347506824,4267.724120961747,42531.76245463962,38264.03833367787,515.5480713583529,893.8915575388819,894.7622847883031,636.5339379772195,12.292698579018603,13.821493130743358,12.486644580156494,3808.2752965856334,4038.5316953761503,4040.295141818933,3820.2521243183583,1,,0.21342834580694592,0.2134283458069457,0.21342834580694592,0.2134283458069457,0.7698380567124607,0.7130908800543665,0.7132084955500828,0.6874399300277354,-0.5742911406353872,-0.39958529118834485,-0.5369975944659464,0.098574603634356,0.1980489923250045,0.19836812472138277,0.06919524220180762,False,False,False
qwen,126,cap64_chunk-1_polfcfs_mem0.85,64,-1,fcfs,0.85,0,shared_prefix,16.226109011818103,4153.883907025434,41397.2409158309,37243.35700880547,622.3292166832834,983.7529500946404,984.950396628119,711.9814955294714,12.336524999609182,14.256951536928469,12.591257059570802,3907.2583818342537,4125.6662965985015,4127.332606762648,3922.281888037105,1,,0.18106052198146427,0.18106052198146405,0.18106052198146405,0.18106052198146427,0.7221665450148214,0.6842483959321912,0.684301170422764,0.6503925827288515,-0.5799038663699358,-0.44368046776990866,-0.5498744829029276,0.07514513493661534,0.1807462480296883,0.18109908773441763,0.04433568151944023,False,False,False
qwen,127,cap64_chunk-1_polfcfs_mem0.9,64,-1,fcfs,0.9,0,shared_prefix,16.84119943664889,4311.347055782116,42966.50477836227,38655.15772258016,496.5006285347045,891.1918652476743,891.927736280486,606.8492904087179,12.234876271994676,13.85888764570814,12.460183295066958,3765.879244543612,4030.460190679878,4032.530848640017,3783.8203467908897,1,,0.22583151530385215,0.22583151530385215,0.22583151530385215,0.22583151530385215,0.7783416215563721,0.7139573904636682,0.7141170323143313,0.7020161135861445,-0.5668860013086783,-0.40337191631059155,-0.5337404398902705,0.10860982300270927,0.19965179052318138,0.19990863220481014,0.07807184792155797,False,False,False
qwen,128,cap64_chunk2048_pollpm_mem0.75,64,2048,lpm,0.75,0,shared_prefix,16.942853728883456,4337.370554594165,43225.85267394819,38888.48211935402,506.0365465469658,698.9567957585675,786.449575740844,537.6075708045391,12.234699588232472,13.35367271548831,12.620749013774718,3745.371831348166,3901.541283866391,3903.784209378064,3755.522978721274,1,,0.2332306934654662,0.2332306934654662,0.2332306934654662,0.233230693465466,0.7740843940684486,0.7756583810868046,0.7479251631017514,0.7360161808775393,-0.5668633739189524,-0.3522130886401116,-0.5535046865478326,0.11346396342809106,0.22525184891712824,0.22545315463316806,0.08496650407911854,False,False,False
qwen,129,cap64_chunk2048_pollpm_mem0.8,64,2048,lpm,0.8,0,shared_prefix,16.73795016442451,4284.915242092675,42703.08765269501,38418.17241060233,537.8117025829852,788.4152897400778,845.3875315189362,564.6436677416204,12.278996720252668,13.481048838892844,12.702681782724738,3787.383192917332,3980.477838544175,3981.933214757592,3803.45130600108,1,,0.2183162422794498,0.21831624227944957,0.21831624227944957,0.21831624227944957,0.759898652587066,0.7469452138536747,0.7290342182170988,0.7227405268294853,-0.5725363823350196,-0.3651113874765115,-0.5635898994307429,0.10351980096475788,0.20957703085423696,0.20994767012409676,0.07328876302601661,False,False,False
qwen,130,cap64_chunk2048_pollpm_mem0.85,64,2048,lpm,0.85,0,shared_prefix,16.96157596464531,4342.163446949199,43273.61821673801,38931.45476978881,531.380747910589,660.4052785085511,750.3243437875062,547.3890427929291,12.22159454379888,13.161302595764544,12.576474121511383,3738.840674981475,3875.1072668936094,3876.7532335221767,3754.013908368506,1,,0.23459344121512382,0.23459344121512382,0.2345934412151236,0.2345934412151236,0.7627696962526798,0.7880321212720507,0.759504115183925,0.7312131415001915,-0.5651850479422094,-0.33273339947175007,-0.5480548315073417,0.115009899516758,0.23050098106396555,0.23081634992097833,0.08533418920002123,False,False,False
qwen,131,cap64_chunk2048_pollpm_mem0.9,64,2048,lpm,0.9,0,shared_prefix,16.961988447839225,4342.269042646842,43274.67057415407,38932.40153150723,465.2244220487773,735.9444637782868,809.0253282478079,513.6658295486995,12.308864828710462,13.572709237170567,12.712520168980449,3738.33736917004,3926.0052557569,3928.9044672157615,3754.982728463801,1,,0.2346234649020078,0.23462346490200758,0.2346234649020078,0.2346234649020078,0.7923046113596249,0.7637865838974489,0.7406891249543758,0.7477723997933183,-0.5763615065118133,-0.37439305798782674,-0.5648009194058357,0.11512903287903686,0.22039391826580046,0.22046906344896555,0.08509813610069539,False,False,False
qwen,132,cap64_chunk2048_polfcfs_mem0.75,64,2048,fcfs,0.75,0,shared_prefix,17.355114442497808,4442.909297279439,44277.64248191728,39834.73318463784,488.8497665524483,635.3294763946906,638.6544562503695,514.3476098019164,12.267506973562288,12.821126697658032,12.365620664092653,3651.4880291651934,3758.627684693784,3759.835949568078,3667.2050587258127,1,,0.2632381865286022,0.263238186528602,0.2632381865286022,0.263238186528602,0.7817572822085809,0.7960806102142965,0.7952968342032629,0.7474376222254036,-0.5710649229718425,-0.29828667371622,-0.5221006005882973,0.13568642294171274,0.25363090187792414,0.25401381899161957,0.10648517286208092,False,False,False
qwen,133,cap64_chunk2048_polfcfs_mem0.8,64,2048,fcfs,0.8,0,shared_prefix,17.35900870747213,4443.906229112866,44287.577816704856,39843.67158759199,501.0719178244472,574.8748520389199,597.6091023953632,520.1084623331553,12.265937522455468,12.705101138528656,12.339823254341947,3657.080728560686,3717.819303763099,3719.9518126854673,3666.387750330614,1,,0.26352164096736863,0.2635216409673684,0.2635216409673684,0.2635216409673684,0.7763008092932507,0.8154845109719157,0.8084527963877235,0.7446088453718301,-0.5708639278073355,-0.28653775017928496,-0.518925163306027,0.13436262125283382,0.2617344218395026,0.26192720014839377,0.10668431012268131,True,True,True
qwen,134,cap64_chunk2048_polfcfs_mem0.85,64,2048,fcfs,0.85,0,shared_prefix,17.34655548816493,4440.718204970222,44255.80624907503,39815.088044104814,503.0280558858067,591.8904311256483,619.5278933271766,526.938655275444,12.208051508402123,12.75007302507612,12.332689547879248,3660.452648764476,3741.181113384664,3742.771155857481,3671.398863927607,1,,0.26261520026216933,0.26261520026216933,0.2626152002621691,0.26261520026216933,0.7754275085041411,0.8100230824798738,0.8014273292508903,0.7412549855748962,-0.5634506297015462,-0.2910916714042513,-0.5180470659434881,0.13356448186702308,0.25709535294508834,0.25739963168680546,0.10546335186491163,False,False,False
qwen,135,cap64_chunk2048_polfcfs_mem0.9,64,2048,fcfs,0.9,0,shared_prefix,17.284553905746463,4424.845799871095,44097.62325876783,39672.77745889674,526.980244088918,596.9258181750774,618.8754073018208,545.0993618251232,12.190740481566856,12.661603813187456,12.29885999793151,3666.676361346617,3744.9685784988105,3746.9648354128,3680.9327701630536,1,,0.25810225010008825,0.258102250100088,0.258102250100088,0.258102250100088,0.7647342628320318,0.8084068926246804,0.8016364657467235,0.7323374536551501,-0.5612336554540382,-0.2821331452514595,-0.5138829419021769,0.13209131825769793,0.25634325745743847,0.25656756692711713,0.10314041479280966,False,False,True
qwen,136,cap64_chunk8192_pollpm_mem0.75,64,8192,lpm,0.75,0,shared_prefix,16.898533205118333,4326.024500510293,43112.77889893015,38786.75439841985,619.7115443646908,770.9668651921672,780.5472490983084,605.6407994401525,12.315253695180896,12.803780728238907,12.385418239402204,3736.054537817836,3921.3271921966234,3922.659046342597,3763.5458787772222,1,,0.23000470620663527,0.23000470620663527,0.23000470620663527,0.23000470620663527,0.7233351820075848,0.7525455711780709,0.7498169919889828,0.7026095242421355,-0.5771797105716017,-0.2965301946274008,-0.5245375103146617,0.11566938303658492,0.22132286424644665,0.22170821263750862,0.08301172379226807,False,False,False
qwen,137,cap64_chunk8192_pollpm_mem0.8,64,8192,lpm,0.8,0,shared_prefix,16.89444786473982,4324.978653373394,43102.3560785393,38777.37742516591,561.7872583679855,751.5327867818996,753.6279039131477,592.2150362312095,12.272166113016308,13.07578953613034,12.443543923469475,3754.360004793853,3896.295018470846,3898.250772031024,3764.942011104722,1,,0.2297073438361248,0.22970734383612457,0.22970734383612457,0.2297073438361248,0.7491949746616786,0.758783256595971,0.7584452496119395,0.7092020360276869,-0.5716616057846764,-0.3240742177656628,-0.5316922776354245,0.11133644711692892,0.22629362551759535,0.2265510397137237,0.08267155603091003,False,False,False
qwen,138,cap64_chunk8192_pollpm_mem0.85,64,8192,lpm,0.85,0,shared_prefix,17.094920063362583,4376.299536220821,43613.81547384278,39237.51593762195,514.6875958889723,708.1735646119341,711.1449794610962,560.9445260015491,12.224846070303636,13.220964240677215,12.41186895714158,3711.169769987464,3847.7222717599934,3849.912554826587,3725.594708103017,1,,0.244299246267923,0.24429924626792276,0.24429924626792276,0.24429924626792276,0.77022220848644,0.7727001083319501,0.7720619856145289,0.7245569327304624,-0.5656014617456615,-0.3387748278382805,-0.5277933641412313,0.12155965092900112,0.23593895359931116,0.23614178849446077,0.092258529782557,False,False,False
qwen,139,cap64_chunk8192_pollpm_mem0.9,64,8192,lpm,0.9,0,shared_prefix,17.218397659256322,4407.909800769618,43928.84058437283,39520.93078360321,468.79597194492817,680.0511863315478,683.0463190702721,536.3566928499495,12.26846397324812,13.164767768580976,12.404008055770824,3691.005239728838,3818.161955010146,3820.0941644981503,3699.0025226295984,1,,0.25328689165801976,0.25328689165801954,0.25328689165801976,0.25328689165801954,0.7907101240357162,0.7817264457384905,0.7810682403746055,0.7366304050024237,-0.5711874832150075,-0.33308428811015034,-0.5268257553957731,0.1263326303659671,0.2418088903963589,0.24205803256023795,0.09873771805428055,False,False,False
qwen,140,cap64_chunk8192_polfcfs_mem0.75,64,8192,fcfs,0.75,0,shared_prefix,17.12379412334479,4383.691295576266,43687.48109610817,39303.7898005319,551.7972887028009,691.8034091824666,720.1162197720259,566.9626445305767,12.266426898685156,12.948631635392267,12.360644804473084,3700.1957048196346,3854.531614272855,3856.205962761305,3718.5510596573295,1,,0.24640092155738835,0.24640092155738813,0.24640092155738835,0.24640092155738835,0.7536549095528406,0.777954377541711,0.7691865006401459,0.7216018294181209,-0.5709266008370109,-0.31119801648640055,-0.5214881154473467,0.12415723127003431,0.23458678912427533,0.23489311822966186,0.09397471533056556,False,False,False
qwen,141,cap64_chunk8192_polfcfs_mem0.8,64,8192,fcfs,0.8,0,shared_prefix,17.11778265252254,4382.15235904577,43672.14419027905,39289.99183123328,399.0568921435624,830.8525681728497,866.8502088356763,506.32299531207536,12.316875083043296,14.138571769181713,12.607318567901745,3705.2127935457975,4006.472059711814,4007.382561769337,3720.812478881271,1,,0.24596336065711122,0.24596336065711122,0.24596336065711122,0.24596336065711122,0.8218445284141006,0.7333242750436504,0.7221549457870506,0.7513779841084096,-0.5773873571295078,-0.4316931535090405,-0.5518515152040939,0.12296967762924638,0.2044152311132612,0.20489828460805326,0.09342372034266366,False,False,False
qwen,142,cap64_chunk8192_polfcfs_mem0.85,64,8192,fcfs,0.85,0,shared_prefix,16.89948610482256,4326.268442834576,43115.21000663414,38788.94156379956,508.1759614404291,777.1000797161832,790.9469562536106,591.3871639822901,12.234216651914336,13.429703733646402,12.453615868763926,3750.964268809184,3931.6325226565823,3933.5091480705887,3766.68382578282,1,,0.23007406554726662,0.2300740655472664,0.2300740655472664,0.2300740655472664,0.7731292709349639,0.7505770156338525,0.7464836511546478,0.7096085497932729,-0.5668015256305359,-0.35991210449039235,-0.5329320467014684,0.11214022373955856,0.21927648433162505,0.21955545223514406,0.08224716273517552,False,False,False
qwen,143,cap64_chunk8192_polfcfs_mem0.9,64,8192,fcfs,0.9,0,shared_prefix,17.103110697906512,4378.396338664067,43634.71202219097,39256.3156835269,539.3063744995743,725.7081231800839,726.7772277723998,568.9313967486669,12.311591835254257,13.270480470439676,12.369839814603074,3711.975277867168,3851.5208799624816,3854.862447581254,3722.8642754453176,1,,0.24489542339842085,0.24489542339842063,0.24489542339842085,0.2448954233984204,0.7592313693364603,0.7670721048845586,0.7670514972565019,0.7206351043240908,-0.5767107465273196,-0.3437889161278076,-0.5226199414042849,0.12136898581075484,0.23518464537406292,0.23515968405107968,0.09292379993382693,False,False,False
qwen,144,cap96_chunk-1_pollpm_mem0.75,96,-1,lpm,0.75,0,shared_prefix,16.769046108249345,4292.875803711832,42782.4219081893,38489.54610447747,385.8340955339372,954.711332754232,976.0408005584032,555.7602009357652,12.326107819692467,14.395089009776711,12.718621363215496,3783.7352603673935,4162.120978324674,4162.947087353095,3798.631816309353,1,,0.22057964329681723,0.220579643296817,0.220579643296817,0.22057964329681723,0.8277477307194618,0.6935697781542981,0.687156897026707,0.7271026147572051,-0.5785697676000141,-0.4576684771211048,-0.5655519234728161,0.10438327295368988,0.17350726343084333,0.17403284582369882,0.07446303210283023,False,False,False
qwen,145,cap96_chunk-1_pollpm_mem0.8,96,-1,lpm,0.8,0,shared_prefix,16.672153136134764,4268.0712028505,42535.22144215294,38267.15023930244,491.2380697205663,931.2063409015536,933.5821799002588,606.3484019723546,12.302436822952302,14.04572996374804,12.576892214978026,3792.10659279488,4071.677386527881,4073.481792272069,3813.078805156693,1,,0.2135270304899739,0.21352703048997412,0.2135270304899739,0.2135270304899739,0.7806910450740194,0.7011140898439048,0.7007658431148834,0.7022620670465609,-0.5755382899941404,-0.4222918519229397,-0.5481062951850628,0.10240176398601597,0.19146709018229058,0.19178358673513396,0.07094302203088743,False,False,False
qwen,146,cap96_chunk-1_pollpm_mem0.85,96,-1,lpm,0.85,0,shared_prefix,16.664686798165253,4266.159820330305,42516.17277241593,38250.01295208563,560.069834580645,877.4884946877137,880.9343170933425,619.7549461903691,12.3728764407775,14.03574881499962,12.551647918781793,3807.3843303136528,4020.038037071936,4022.011282071471,3820.048022913397,1,,0.212983573212993,0.21298357321299277,0.21298357321299277,0.21298357321299277,0.7499617035436256,0.7183557114395056,0.7176406712532204,0.6956789924469803,-0.5845592926307155,-0.4212811457101371,-0.5449989413816834,0.09878549690291472,0.20172136858235623,0.20199581137847455,0.06924497152663467,False,False,False
qwen,147,cap96_chunk-1_pollpm_mem0.9,96,-1,lpm,0.9,0,shared_prefix,16.526813915973293,4230.864362489163,42164.42135032802,37933.556987838856,450.2457415219397,984.0347279096022,1008.1185841886328,602.5014146325702,12.37329557428465,14.502986377178162,12.74242901498173,3839.513212442398,4194.567644363269,4196.288792937994,3851.44406892141,1,,0.2029481286039294,0.2029481286039294,0.2029481286039294,0.2029481286039294,0.798991712736722,0.6841579547324403,0.6768752434711942,0.704151070225129,-0.5846129698735771,-0.4685943276746254,-0.5684824388134013,0.09118053453749553,0.16706417012662655,0.1674175434671049,0.061595322223573556,False,False,False
qwen,148,cap96_chunk-1_polfcfs_mem0.75,96,-1,fcfs,0.75,0,shared_prefix,16.9057536062423,4327.872923198029,43131.20011652581,38803.32719332778,425.343703944236,905.8203239459544,906.5751264477148,566.7649636561691,12.2929958553583,14.184160856895296,12.540454182639994,3754.1764725465328,4064.712622691877,4065.627879379317,3764.203195223672,1,,0.23053026231587737,0.23053026231587714,0.23053026231587714,0.23053026231587692,0.8101090103838694,0.7092621473148906,0.7094222132168564,0.7216988975306764,-0.5743292119754511,-0.4363095734572371,-0.5436210895967153,0.1113798895195659,0.19285011743026204,0.1933418755975801,0.0828515685837048,False,False,False
qwen,149,cap96_chunk-1_polfcfs_mem0.8,96,-1,fcfs,0.8,0,shared_prefix,16.772155107636454,4293.671707554932,42790.35381574284,38496.68210818791,474.8631597030908,930.6304326746612,931.5980618167667,603.2671400389518,12.273382007454831,14.084842316623703,12.542919885905349,3792.530554579571,4065.8452309668064,4067.2206297470257,3801.3357171475946,1,,0.22080594009023247,0.22080594009023224,0.22080594009023247,0.22080594009023247,0.7880014809386141,0.7012989370114986,0.7014017977364012,0.7037750726980234,-0.5718173219466087,-0.4262524279092479,-0.543924596272443,0.10230141149307737,0.19262520986090448,0.19302585921281123,0.0738042264316473,False,False,False
qwen,150,cap96_chunk-1_polfcfs_mem0.85,96,-1,fcfs,0.85,0,shared_prefix,16.619669528247893,4254.635399231461,42401.32140744701,38146.68600821555,553.2837552018464,878.2523962669075,879.0772152645513,639.1973240897642,12.303946446627378,13.886606589726664,12.519318920567825,3821.923725772649,4027.399975201115,4029.737641750835,3831.2465503040585,1,,0.20970687143143496,0.20970687143143496,0.20970687143143496,0.20970687143143496,0.7529912895393844,0.7181105247298167,0.7182359142987202,0.6861321157855829,-0.5757316232286689,-0.4061787784902866,-0.5410195222377023,0.0953439966714863,0.20025947249079012,0.20046283025174005,0.0665164493672703,False,False,False
qwen,151,cap96_chunk-1_polfcfs_mem0.9,96,-1,fcfs,0.9,0,shared_prefix,16.799182909536533,4300.5908248413525,42859.309128804525,38558.71830396317,460.2831434458494,935.7859218027444,936.9245452014728,595.3266418728163,12.260565206445024,14.086796330361096,12.535613222807257,3778.407503385097,4073.391130147502,4074.9980152910575,3791.532080475008,1,,0.2227732305723109,0.2227732305723109,0.2227732305723109,0.2227732305723109,0.7945106021270397,0.6996441984292256,0.6996945396084072,0.7076741305712122,-0.570175910489936,-0.42645029429457737,-0.5430252094489254,0.10564436231186003,0.1911267837228352,0.19148275408321414,0.07619288334789631,False,False,False
qwen,152,cap96_chunk2048_pollpm_mem0.75,96,2048,lpm,0.75,0,shared_prefix,17.20348125340426,4404.09120087149,43890.7847543395,39486.69355346801,411.82822035625577,683.4875822532919,772.8369674878195,461.31516018067487,12.2718687543609,13.624612268553498,12.71714692597562,3689.887074520811,3887.004608660936,3888.029403761029,3703.812325100444,1,,0.2522011613656314,0.2522011613656314,0.2522011613656314,0.25220116136563164,0.8161428802398544,0.7806234782460948,0.752288311243714,0.7734783801103493,-0.5716235239026723,-0.37964883741805755,-0.5653704330430747,0.12659730201844765,0.2281384676708219,0.2285790535905765,0.09756580926966563,False,False,False
qwen,153,cap96_chunk2048_pollpm_mem0.8,96,2048,lpm,0.8,0,shared_prefix,17.206122851898716,4404.767450086071,43897.52419441094,39492.75674432487,458.68584094569087,698.5529752681025,775.9323356254026,464.4673254006193,12.322489711839486,13.43004371733496,12.679045139716528,3680.2637961227447,3894.474221020937,3895.7388941710815,3697.247344582138,1,,0.25239343714132456,0.25239343714132456,0.25239343714132434,0.25239343714132456,0.7952237039072207,0.7757879938799429,0.7512961759021871,0.771930558505046,-0.5781064067600652,-0.3599465317527184,-0.5606804337843352,0.1288751487781321,0.22665519018016778,0.2270494194826903,0.09916536733610659,False,False,False
qwen,154,cap96_chunk2048_pollpm_mem0.85,96,2048,lpm,0.85,0,shared_prefix,16.8171401936185,4305.187889566336,42905.12307069248,38599.93518112615,489.152719033882,792.6020371960468,853.3795326249674,535.3485349442053,12.299089423179918,13.649317214228944,12.74999625466764,3775.184063706547,3971.6862697852775,3973.4004359785463,3786.2204445991674,1,,0.22408029927841722,0.224080299278417,0.224080299278417,0.22408029927841722,0.7816220317135749,0.7456014087602091,0.7264726015064589,0.7371254452300726,-0.5751095979724532,-0.3821504975686567,-0.5694139003537158,0.106407356098707,0.2113228156980984,0.21164065224888884,0.07748706388468651,False,False,False
qwen,155,cap96_chunk2048_pollpm_mem0.9,96,2048,lpm,0.9,0,shared_prefix,17.147926847896482,4389.869273061499,43749.0502752314,39359.1810021699,414.467784576118,777.5076511315998,830.0795994093642,466.33267030483694,12.268916645324698,13.796682959952046,12.741228101350185,3701.923066284508,3937.0056635467336,3937.8621307294816,3714.970656332298,1,,0.24815748613088506,0.24815748613088484,0.24815748613088506,0.24815748613088506,0.8149644697985641,0.7504461989199839,0.7339407559136,0.771014609960908,-0.5712454556476012,-0.3970729757834226,-0.5683346167663337,0.12374836180239457,0.21820951344312867,0.21869178026826575,0.09484708090784288,False,False,False
qwen,156,cap96_chunk2048_polfcfs_mem0.75,96,2048,fcfs,0.75,0,shared_prefix,17.369444886511143,4446.577890946853,44314.20336307608,39867.62547212923,506.97130849584937,628.4556969068944,630.3936896612868,527.5849599966023,12.18042082573269,12.745711634428623,12.301789545905482,3650.087996618822,3757.504618819803,3759.861197597347,3664.1651605859806,1,,0.26428126602931856,0.26428126602931834,0.26428126602931834,0.26428126602931834,0.7736670777431263,0.798286862199687,0.797944596316474,0.7409376277141189,-0.5599120463175493,-0.2906500303932824,-0.5142435438365047,0.13601781308416616,0.2538539145660147,0.2540088095494032,0.1072258443046189,True,True,True
qwen,157,cap96_chunk2048_polfcfs_mem0.8,96,2048,fcfs,0.8,0,shared_prefix,17.430479031584014,4462.202632085508,44469.91815618102,40007.71552409551,420.228763949126,676.5316057251766,717.9913743305951,450.169414980337,12.369661861300177,13.618685466821724,12.568750202559064,3636.7792778182775,3838.786986400373,3840.3885764675215,3654.82500163489,1,,0.26872379868985674,0.26872379868985696,0.26872379868985674,0.26872379868985674,0.8123925307663079,0.782856112716364,0.7698675615556893,0.778951324586462,-0.5841476105285728,-0.37904868051394347,-0.547104084108923,0.139168010006814,0.237713276952082,0.23803143377137825,0.10950157483426748,False,False,False
qwen,158,cap96_chunk2048_polfcfs_mem0.85,96,2048,fcfs,0.85,0,shared_prefix,17.30754740253093,4430.732135047918,44156.28595634928,39725.55382130136,494.15863514877856,675.3092748112977,679.1996161593124,525.981595263147,12.200859476647832,13.007656945846977,12.360170260022205,3650.823848554865,3806.968133221381,3809.4119711592793,3677.448467067734,1,,0.2597758929490708,0.25977589294907055,0.25977589294907055,0.25977589294907033,0.7793871840922788,0.7832484398211741,0.7823011954664343,0.7417249349783197,-0.5625295665353773,-0.3171750086636409,-0.5214297031433215,0.13584363564911872,0.24403170238357508,0.24417747838727544,0.10398936554087401,False,False,False
qwen,159,cap96_chunk2048_polfcfs_mem0.9,96,2048,fcfs,0.9,0,shared_prefix,17.549623096832757,4492.703512789186,44773.88724508591,40281.18373229672,442.938688211143,634.5412131864578,639.4062123354524,471.3055422726029,12.302155881280116,13.00372835970027,12.38099939727542,3614.876146195456,3758.1631355686113,3759.5403779577455,3628.084546657192,1,,0.27739601652046453,0.2773960165204643,0.27739601652046475,0.27739601652046453,0.8022538830039629,0.796333616187395,0.7950558794130514,0.768572758682487,-0.5755023105887467,-0.31677719409078087,-0.5239935891935317,0.14435251941516813,0.2537231496717135,0.2540724631292266,0.11601688898342755,True,True,True
qwen,160,cap96_chunk8192_pollpm_mem0.75,96,8192,lpm,0.75,0,shared_prefix,17.060054193860683,4367.373873628335,43524.86310710724,39157.4892334789,478.03135914728045,785.639912635088,787.689952198416,539.3383930204436,12.267694516363097,13.521321403392244,12.526379801756931,3713.5535937268287,3922.587681002915,3923.8843077095225,3733.189242415392,1,,0.2417614411784057,0.2417614411784057,0.2417614411784057,0.24176144117840548,0.7865870659086521,0.7478360165422047,0.7475275944554204,0.7351662876029846,-0.571088941047931,-0.3691894482459679,-0.5418886554410061,0.12099539569749274,0.22107256281399135,0.22146510946489417,0.09040812084587424,False,False,False
qwen,161,cap96_chunk8192_pollpm_mem0.8,96,8192,lpm,0.8,0,shared_prefix,17.108221240837022,4379.704637654278,43647.75041462079,39268.04577696651,536.580906715244,701.746963756159,703.8552663754672,567.7493206239888,12.261391799434383,13.005264029272046,12.37194550301415,3705.2689648699015,3853.22574947495,3854.809742188081,3722.218312643236,1,,0.245267407864735,0.24526740786473478,0.245267407864735,0.245267407864735,0.7604481306754297,0.7747628310193071,0.7743985031660374,0.7212155443826619,-0.5702817699163016,-0.31693269831340376,-0.5228791333754941,0.1229563817789856,0.2348461010895042,0.23517014128791092,0.09308118882596594,False,False,False
qwen,162,cap96_chunk8192_pollpm_mem0.85,96,8192,lpm,0.85,0,shared_prefix,17.068206735335302,4369.460924245837,43545.66246961955,39176.20154537371,533.6139132268727,751.4735587639734,762.1343552088365,566.2507407650992,12.249964921205653,13.178268747550309,12.399279136593996,3696.312152780592,3902.373461355455,3904.79009243194,3727.689923049184,1,,0.24235484560348852,0.24235484560348852,0.24235484560348852,0.24235484560348852,0.7617727190599924,0.7588022667973271,0.7557187400058738,0.7219513986672614,-0.5688183619392024,-0.33445141765276754,-0.5262436664804886,0.12507647480246453,0.22508659935955178,0.22525357814420233,0.09174803048119218,False,False,False
qwen,163,cap96_chunk8192_pollpm_mem0.9,96,8192,lpm,0.9,0,shared_prefix,17.20443248882754,4404.33471713985,43893.21161600771,39488.87689886786,491.4199830964208,703.1733251642436,708.8475786382332,525.9661105956184,12.251763264922534,13.41423369295822,12.451549311588384,3687.0809372048825,3840.786218782887,3842.410491872579,3700.734617566922,1,,0.25227039956714536,0.25227039956714514,0.25227039956714514,0.2522703995671449,0.7806098314328038,0.7743050169893315,0.7727983544238929,0.7417325384829838,-0.569048670732923,-0.35834558478109235,-0.5326776714457906,0.12726151960916,0.2373162795914895,0.23763026707911494,0.09831569297421938,False,False,False
qwen,164,cap96_chunk8192_polfcfs_mem0.75,96,8192,fcfs,0.75,0,shared_prefix,16.830767599909766,4308.6765055769,42939.89031038542,38631.21380480851,504.5269480906427,795.9852343890816,813.7990113534033,587.1745516487863,12.34778491780162,13.533365897852562,12.529373170914438,3764.717872487381,3954.897577175871,3956.424838518724,3781.787720250577,1,,0.2250722063077546,0.22507220630775437,0.2250722063077546,0.22507220630775437,0.7747583411426289,0.7445155162701529,0.7391590517909268,0.7116770874268045,-0.5813458922473858,-0.3704090919651377,-0.542257113209216,0.10888472179142206,0.2146566285714936,0.21500876758403886,0.07856709755246749,False,False,False
qwen,165,cap96_chunk8192_polfcfs_mem0.8,96,8192,fcfs,0.8,0,shared_prefix,17.004274449312895,4353.094259024101,43382.553726491926,39029.45946746782,429.56198821775615,832.8366922447458,867.9351215390489,522.6800652453676,12.361571058521378,14.259787318296729,12.641719289588949,3730.688431067392,4005.3317666519433,4007.199806733988,3745.941669367312,1,,0.2377013640420067,0.23770136404200648,0.23770136404200648,0.23770136404200626,0.8082257941336862,0.7326874379614232,0.721807206782304,0.7433460998397754,-0.5831114442992118,-0.44396762327868755,-0.5560859455301681,0.11693954985167743,0.20464166468798217,0.20493454489512652,0.08730099092511312,False,False,False
qwen,166,cap96_chunk8192_polfcfs_mem0.85,96,8192,fcfs,0.85,0,shared_prefix,16.846371053392602,4312.670989668506,42979.69898678944,38667.02799712093,535.0398474838585,778.1980751780793,826.1549168080091,591.3563232898014,12.255904543231807,13.47982029695356,12.49561724234312,3747.8396366350353,3973.674690257758,3975.099005866796,3777.3608600109583,1,,0.22620794519017728,0.22620794519017728,0.22620794519017706,0.22620794519017706,0.7611361231384455,0.7502245960265522,0.7351987052559745,0.7096236936346726,-0.5695790325335712,-0.3649869834623023,-0.5381020513204897,0.11287982961800025,0.21092796531140634,0.21130364029381765,0.07964570242959457,False,False,False
qwen,167,cap96_chunk8192_polfcfs_mem0.9,96,8192,fcfs,0.9,0,shared_prefix,17.04767078657515,4364.203721363238,43493.26964903392,39129.06592767067,501.4249149244279,749.7656873194501,750.4308973066509,564.0679896532674,12.321340521870582,13.315718199911656,12.427263641701664,3712.1915742754936,3895.68796842359,3898.391950801015,3732.6430046232417,1,,0.24086008192697284,0.24086008192697284,0.24086008192697306,0.24086008192697284,0.7761432168144498,0.7593504360791554,0.759469962376437,0.7230232045829275,-0.5779592332509025,-0.34836975700923967,-0.5296883162225947,0.12131778807413574,0.22641417041703582,0.22652302854172646,0.09054121173078888,False,False,False
qwen,168,cap128_chunk-1_pollpm_mem0.75,128,-1,lpm,0.75,0,shared_prefix,16.72955750457879,4282.76672117217,42681.67568256065,38398.90896138848,436.1281869933009,965.6234458787368,970.393638536334,587.1064419370668,12.27551286437494,14.087013824587212,12.619217688001225,3786.9476184714586,4116.953400499187,4118.457327797078,3804.629364953144,1,,0.21770536019977293,0.21770536019977293,0.21770536019977293,0.21770536019977293,0.8052943719169184,0.6900673569188647,0.6889669398947575,0.7117105316392662,-0.5720902147658482,-0.4264723180887442,-0.5533161936332553,0.1036229021948265,0.18247641045842755,0.18286002505980026,0.0730017288612902,False,False,False
qwen,169,cap128_chunk-1_pollpm_mem0.8,128,-1,lpm,0.8,0,shared_prefix,16.7028159893913,4275.920893284173,42613.45076518431,38337.52987190014,426.9222049042583,1006.6832466283812,1011.1858497885988,578.2169999438338,12.370031643841488,14.177584311121382,12.684441963488055,3797.0733812544495,4142.817273107357,4144.394341963343,3812.372943277296,1,,0.2157589078578772,0.215758907857877,0.2157589078578772,0.2157589078578772,0.8094043023874207,0.6768885421075266,0.6758921156271658,0.7160755535896257,-0.5841949675328144,-0.4356436224890654,-0.5613447359594588,0.10122611650594904,0.17734049466897184,0.1777138818758468,0.07111500533835258,False,False,False
qwen,170,cap128_chunk-1_pollpm_mem0.85,128,-1,lpm,0.85,0,shared_prefix,16.733527272771084,4283.782981829398,42691.80364670269,38408.02066487329,496.19629979133606,909.4636741559952,912.5460118707268,610.4755371743522,12.282615004326493,13.930404709524238,12.530540459525277,3791.0393325146288,4048.793119820766,4050.678945193067,3805.3874459074,1,,0.217994310341173,0.217994310341173,0.21799431034117323,0.21799431034117323,0.7784774864715243,0.708092754457781,0.7075084096933106,0.7002355016263091,-0.5729997657430734,-0.4106138423195367,-0.5424007963080173,0.10265438635342028,0.19601133104257296,0.19630788221949869,0.07281702237175613,False,False,False
qwen,171,cap128_chunk-1_pollpm_mem0.9,128,-1,lpm,0.9,0,shared_prefix,16.77102398624349,4293.382140478333,42787.46801577838,38494.08587530004,533.0999933648854,874.945241259411,875.9450163366273,604.5921414734039,12.288013515153937,13.782176164837152,12.522947425697955,3785.522864200175,4012.391172046773,4015.268433494493,3797.567804562277,1,,0.2207236084097397,0.22072360840973948,0.2207236084097397,0.22072360840973948,0.7620021541033967,0.7191720102363328,0.7192398547397147,0.7031244513935542,-0.5736911377566016,-0.3956039957772086,-0.5414661597327248,0.10396014401262976,0.20323984400239692,0.20333365481806287,0.07472227865627812,False,False,False
qwen,172,cap128_chunk-1_polfcfs_mem0.75,128,-1,fcfs,0.75,0,shared_prefix,16.717597588993605,4279.704982782363,42651.16266761343,38371.45768483107,519.994096364826,878.3960389206186,906.7536189686508,612.1558613194793,12.289669914565804,13.88042667844132,12.53245509364988,3786.8014979176223,4060.762845398858,4062.5829692929983,3807.554575330869,1,,0.21683482591865832,0.2168348259186581,0.21683482591865832,0.21683482591865832,0.7678531675968858,0.718064420270036,0.7093650023358407,0.6994104046424059,-0.5739032681446277,-0.4055529913301008,-0.5426364711544427,0.10365748918444806,0.1936344440418013,0.193946013883738,0.07228900110182779,False,False,False
qwen,173,cap128_chunk-1_polfcfs_mem0.8,128,-1,fcfs,0.8,0,shared_prefix,16.623811795522563,4255.695819653776,42411.8894639159,38156.19364426212,501.6157960053533,970.2265304047614,971.2795823486522,641.3455784204416,12.233637374388229,14.10334875432811,12.503573891275035,3810.571106616408,4108.880426874384,4110.953878625296,3829.3809275055537,1,,0.2100083773775645,0.21000837737756428,0.2100083773775645,0.2100083773775645,0.7760579996194619,0.688589921631263,0.6886829749097415,0.6850772489766762,-0.5667273391960879,-0.42812641777115146,-0.5390814457598732,0.09803118140098255,0.18407950034893328,0.1843487786828648,0.06697100852216242,False,False,False
qwen,174,cap128_chunk-1_polfcfs_mem0.85,128,-1,fcfs,0.85,0,shared_prefix,16.828362348010806,4308.060761090766,42933.753855105104,38625.693094014336,481.7671764176339,882.4166736798361,883.4087579930201,586.1407783959294,12.290569820313475,13.997262220501025,12.541594060345863,3770.0707358308136,4032.735856436193,4033.956560455263,3783.870568429848,1,,0.2248971336479313,0.22489713364793107,0.2248971336479313,0.2248971336479313,0.7849192428471746,0.7167739317642872,0.7168475571039592,0.7121847056714423,-0.5740185165286062,-0.41738393496317716,-0.543761398650974,0.107617689713838,0.1991999004343905,0.19962575781174097,0.0780596114149178,False,False,False
qwen,175,cap128_chunk-1_polfcfs_mem0.9,128,-1,fcfs,0.9,0,shared_prefix,16.579293859216214,4244.299227959351,42298.31203552519,38054.01280756584,484.0601801406592,1080.21059515886,1081.7917460016906,632.0744424410805,12.279586075786868,14.05606594447996,12.558466835626236,3784.525490831584,4217.000035522506,4219.298101249151,3834.107074373605,1,,0.20676802092160718,0.20676802092160695,0.20676802092160695,0.20676802092160695,0.7838955513193089,0.6532887366491358,0.6532613325217087,0.689629695810289,-0.5726118594314613,-0.4233384889588634,-0.5458382908738142,0.10419622402630746,0.1626096604058519,0.16285228416725273,0.06581948243234448,False,False,False
qwen,176,cap128_chunk2048_pollpm_mem0.75,128,2048,lpm,0.75,0,shared_prefix,16.884084859034814,4322.3257239129125,43075.91721735145,38753.591493438544,381.9962458219379,760.771926376037,928.8268764829264,455.9338806611777,12.402164678582372,14.380817900174389,12.997500549473113,3756.4767084550112,4045.1624188106503,4047.3533629532894,3769.920152004488,1,,0.22895304489000412,0.2289530448900039,0.2289530448900039,0.22895304489000412,0.8294611052752661,0.7558178035858687,0.7022900251734681,0.7761207735520869,-0.5883101544129876,-0.45622336298622734,-0.5998795313159797,0.11083541967323052,0.19673229711471318,0.1969677084533975,0.08145863157364819,False,False,False
qwen,177,cap128_chunk2048_pollpm_mem0.8,128,2048,lpm,0.8,0,shared_prefix,16.909734725970306,4328.892089848398,43141.35704153938,38812.464951690985,405.1388551015407,788.7910990975788,872.5421920185909,471.50701269856654,12.401579366083824,14.136964528200528,12.908638961013684,3746.9368826132263,3978.3962291665375,3979.846744765528,3762.834928307712,1,,0.23082003870901047,0.23082003870901024,0.23082003870901024,0.23082003870901024,0.8191292890578115,0.7468245916919387,0.7203305367254663,0.7684738297696994,-0.5882351950966875,-0.43153040185729186,-0.5889414408765663,0.1130935130674765,0.20999038621799282,0.21036164504269583,0.08318494693515088,False,False,False
qwen,178,cap128_chunk2048_pollpm_mem0.85,128,2048,lpm,0.85,0,shared_prefix,17.229719257692373,4410.808129969248,43957.72507773277,39546.91694776352,465.97915911115706,691.8426241492849,745.2094876067713,487.59522816180834,12.242441161480896,13.296903927408744,12.588365152160748,3681.3165955245495,3861.995673296042,3864.524076562375,3697.253434533195,1,,0.2541109643268775,0.2541109643268775,0.2541109643268775,0.2541109643268775,0.7919676655759064,0.7779417908565325,0.7611435420172376,0.7605739622985328,-0.5678548153100538,-0.346464595330223,-0.5495185141953904,0.1286259493258456,0.23310461438689656,0.23324272761930387,0.09916388351900907,False,False,False
qwen,179,cap128_chunk2048_pollpm_mem0.9,128,2048,lpm,0.9,0,shared_prefix,17.31608780234004,4432.91847739905,44178.0748515279,39745.15637412884,400.4573335405439,752.694736002013,793.7008753046393,449.6293994889129,12.229019950381389,13.743119708390214,12.66375595170834,3664.013099391013,3902.289121365175,3904.4980491604656,3678.512042639341,1,,0.2603975286751177,0.26039752867511745,0.2603975286751177,0.26039752867511745,0.8212193135577239,0.7584103099836526,0.7456009579508717,0.7792164907774777,-0.5661359987625942,-0.3916490799477832,-0.5587984674130597,0.13272171700174573,0.2251033471642725,0.22531152222678963,0.10373022526161657,False,False,False
qwen,180,cap128_chunk2048_polfcfs_mem0.75,128,2048,fcfs,0.75,0,shared_prefix,17.38172836108973,4449.722460438971,44345.541865488645,39895.81940504967,527.9603400267661,670.4733494669199,672.9648994933814,514.183909042913,12.322380907797054,12.730416651522996,12.348858449836156,3637.237567454577,3792.017519660294,3793.8523077964783,3662.7670715315617,1,,0.26517535141275617,0.26517535141275594,0.26517535141275617,0.26517535141275594,0.7642967075424368,0.7848006091788289,0.7842995628572372,0.7475180049318642,-0.5780924725340721,-0.2891012372997144,-0.5200373174680983,0.1390595320516037,0.2470005189028066,0.24726465931896624,0.10756648882265862,False,False,True
qwen,181,cap128_chunk2048_polfcfs_mem0.8,128,2048,fcfs,0.8,0,shared_prefix,17.276271796686245,4422.725579951679,44076.49333391601,39653.767753964334,496.1925980169326,632.4280734639615,635.110504408367,525.4911240554065,12.273555135756148,12.9626964434397,12.39061371225221,3668.161587789655,3759.307828638703,3761.492261835374,3684.721601923229,1,,0.25749941475350924,0.257499414753509,0.2574994147535088,0.2574994147535088,0.7784791390964445,0.7970118629534488,0.7964327507452822,0.7419657732209717,-0.5718394939985145,-0.3126222402139216,-0.5251770279385766,0.13173976257150344,0.25349584236542455,0.253685191338868,0.10221726560943012,False,False,False
qwen,182,cap128_chunk2048_polfcfs_mem0.85,128,2048,fcfs,0.85,0,shared_prefix,17.348327545658286,4441.171851688521,44260.32725228756,39819.15540059903,492.3350084573031,640.0078180711716,642.7447537565604,506.49219264960266,12.33707842709241,12.877461098079737,12.40238101232084,3654.706497211009,3774.606599216349,3776.6195864090696,3668.722112030082,1,,0.2627441841822551,0.26274418418225487,0.2627441841822553,0.2627441841822551,0.7802013263351838,0.794579019913008,0.793985801546443,0.7512949023927281,-0.5799747422625017,-0.3039911802751212,-0.5266254804658139,0.13492460594899414,0.25045789060315937,0.25068379041633526,0.10611554269436019,False,False,False
qwen,183,cap128_chunk2048_polfcfs_mem0.9,128,2048,fcfs,0.9,0,shared_prefix,17.419891791272217,4459.492298565688,44442.9072111971,39983.414912631415,439.9055594112724,678.0515524791554,724.1678680805489,466.3362552200852,12.293811111400526,13.304207297224623,12.49617585856824,3633.36087949574,3844.64136431925,3845.964849712327,3652.484565966006,1,,0.26795317823119436,0.26795317823119413,0.26795317823119436,0.26795317823119436,0.8036079969219536,0.7823682609385165,0.7678878559233784,0.7710128496441456,-0.5744336195110606,-0.3472041455997723,-0.5381708121303876,0.13997715084429274,0.23655074447109914,0.23692504965304206,0.11007182218575795,False,False,False
qwen,184,cap128_chunk8192_pollpm_mem0.75,128,8192,lpm,0.75,0,shared_prefix,17.184303505450025,4399.181697395206,43841.85707539279,39442.675377997584,444.5489146746695,769.5924367522819,785.2765248296782,490.24297715732246,12.310296725299136,13.801496480774208,12.614017237331778,3694.098598090932,3920.6722943810746,3922.133187362924,3706.441340655146,1,,0.2508052579489368,0.2508052579489366,0.25080525794893704,0.2508052579489368,0.8015350114329728,0.7529867164722512,0.748301152391118,0.7592738264189962,-0.5765448854582151,-0.3975604001794557,-0.5526760632829626,0.12560042705331498,0.22145291051145544,0.22181254791629657,0.09692524940424074,False,False,False
qwen,185,cap128_chunk8192_pollpm_mem0.8,128,8192,lpm,0.8,0,shared_prefix,16.999063647611543,4351.760293788555,43369.25954652319,39017.49925273463,505.4415981285274,842.9238139884546,850.0645185401663,551.0368696704973,12.262719115424977,13.50810773086314,12.48925170974367,3677.276571514085,3991.588619723916,3993.3706578612328,3735.4190543628647,1,,0.23732208197426874,0.23732208197426874,0.23732208197426874,0.23732208197426874,0.77435000360469,0.7294498112069652,0.7275351383308375,0.7294219329627132,-0.5704517555212836,-0.36785141178786773,-0.5373185094946578,0.12958223004647118,0.20737070864724483,0.20767837576768589,0.08986482697359532,False,False,False
qwen,186,cap128_chunk8192_pollpm_mem0.85,128,8192,lpm,0.85,0,shared_prefix,17.244276620766833,4414.534814916309,43994.86489146469,39580.33007654837,407.3859974741936,772.6647333474826,789.2263276642188,472.68274111047504,12.326105629258295,13.83429843466729,12.62488373326288,3676.888894289732,3921.21347580105,3923.163927993737,3691.6515174925735,1,,0.2551705607352879,0.25517056073528765,0.2551705607352879,0.25517056073528765,0.8181260719301229,0.7520006126155732,0.7470351514471171,0.7678965066565557,-0.5785694870773046,-0.4008819756240709,-0.5540136346376339,0.1296739939207735,0.22134544546776613,0.2216080394544636,0.10052879108649893,False,False,False
qwen,187,cap128_chunk8192_pollpm_mem0.9,128,8192,lpm,0.9,0,shared_prefix,16.991447496980626,4349.81055922704,43349.82866372253,39000.018104495495,513.1765122059733,697.9938145494089,700.3740594163537,567.2405242476088,12.321914371796977,13.133360633590058,12.462515571919594,3727.668088627979,3856.122890091501,3857.11511767935,3744.8057810361206,1,,0.236767720184077,0.23676772018407677,0.23676772018407677,0.236767720184077,0.7708968186271253,0.775967465660782,0.7755143085571218,0.7214653809137797,-0.5780327245880057,-0.3299039541364004,-0.5340275229324056,0.11765447016824393,0.23427080169554892,0.23471273349629718,0.08757775021444636,False,False,False
qwen,188,cap128_chunk8192_polfcfs_mem0.75,128,8192,fcfs,0.75,0,shared_prefix,16.929014730536142,4333.827771017252,43190.54560506308,38856.71783404583,450.4080140031874,834.6799539634958,870.5066273221746,533.4817168368318,12.359587959579976,14.275375343950502,12.639581538065768,3742.0718357898295,4008.955075987615,4011.17941621691,3756.198552309797,1,,0.23222338514528462,0.2322233851452844,0.23222338514528462,0.23222338514528462,0.7989192676017267,0.7320958129560231,0.7209829811474264,0.7380421171676608,-0.5828574744264143,-0.4455460903239854,-0.5558228068680877,0.1142450781250367,0.20392216641681915,0.20414495361511054,0.08480190051632297,False,False,False
qwen,189,cap128_chunk8192_polfcfs_mem0.8,128,8192,fcfs,0.8,0,shared_prefix,16.965133426481046,4343.074157179148,43282.69427462445,38939.62011744531,483.46570529975,774.7286059893668,793.0885776458308,559.7188367682975,12.338983680249427,13.551549642693764,12.537134299907256,3741.2795680575073,3939.009343925864,3941.099896230735,3756.31096088182,1,,0.2348523805412177,0.2348523805412175,0.2348523805412177,0.2348523805412177,0.7841609494309897,0.7513381789250781,0.7457972131682923,0.7251587883262957,-0.5802187426458576,-0.37225040545983257,-0.5432124408407288,0.11443260927733467,0.21781163282207472,0.21804937768643018,0.08477451215810694,False,False,False
qwen,190,cap128_chunk8192_polfcfs_mem0.85,128,8192,fcfs,0.85,0,shared_prefix,16.962131746791133,4342.30572717853,43275.03616896369,38932.73044178516,554.5656979084015,763.487317529507,796.9144237646833,578.6224765979568,12.254500892195924,13.173878850762312,12.446931014177595,3738.702471833676,3936.64009727072,3937.9786763805896,3752.2128224445614,1,,0.23463389529753997,0.23463389529753975,0.23463389529753975,0.23463389529753975,0.7524189773905938,0.7549462543698818,0.7445709431490108,0.7158764505979022,-0.5693992709152309,-0.3340068900669131,-0.5321091991099807,0.11504261244257907,0.21828210572803175,0.21866865653458445,0.08577302393989061,False,False,False
qwen,191,cap128_chunk8192_polfcfs_mem0.9,128,8192,fcfs,0.9,0,shared_prefix,17.06636783699245,4368.990166270067,43540.97093712316,39171.98077085309,472.8702499996871,760.3292729705572,776.6208944050595,562.5426789410994,12.21810769764524,13.521074674402676,12.440752779858029,3721.0771527606994,3909.797055064701,3911.273211291991,3734.559083393833,1,,0.24222099649430917,0.24222099649430895,0.24222099649430895,0.24222099649430895,0.7888911981068376,0.7559598804384086,0.7510754772745436,0.7237721846364336,-0.564738497416859,-0.36916446409545367,-0.5313487120771143,0.11921455616883059,0.223612460017643,0.22396726747950735,0.09007435897396965,False,False,False
qwen,0,cap8_chunk-1_pollpm_mem0.75,8,-1,lpm,0.75,0,tool_agent,3.694274352031396,765.8784872913888,10740.216052686796,9974.337565395406,1646.8139528296888,37822.614332987,44274.24094621557,5820.71285815211,9.319046095484836,23.187381384502103,12.062011826823095,2435.34361384809,41094.01170606723,48033.835348058485,7732.334083192982,1,,-0.22632292526286857,-0.22632292526286868,-0.22632292526286857,-0.22632292526286857,-3.4425025227599093,-18.653189134391145,-18.5331229455004,-7.897237860851542,0.23660002271939717,0.7265772279058889,0.4651791273023056,-0.6753342693454372,-3.906705876047666,-3.0740813930494557,-1.6928744714954949,False,False,False
qwen,1,cap8_chunk-1_pollpm_mem0.8,8,-1,lpm,0.8,0,tool_agent,4.120911883361252,854.3268470990379,11980.562282020834,11126.235434921797,1410.9680969268084,7335.717596299944,38638.16221754066,3081.604156617541,9.482708019964912,13.322747057597883,9.755938267738376,2057.619271567092,11829.726125812153,42356.588158830986,4863.806633490603,1,,-0.1369739365958923,-0.1369739365958924,-0.1369739365958922,-0.1369739365958922,-2.806276549552253,-2.811747228451785,-16.046570575885198,-3.710379268411349,0.22319312375681732,0.842899792262364,0.5674287595429337,-0.41548817149257156,-0.41249258185681525,-2.592554840572963,-0.6938767229530742,False,False,False
qwen,2,cap8_chunk-1_pollpm_mem0.85,8,-1,lpm,0.85,0,tool_agent,3.767442952890524,781.0474357784989,10952.936199220503,10171.888763442004,1574.3990819901228,36223.65699922665,43412.33864265493,5339.124866267666,9.209241898770744,19.28545493366462,10.725953704674644,2755.9459533076733,39523.548240330965,47724.30397548713,7257.197546255775,1,,-0.21099951836858333,-0.21099951836858344,-0.21099951836858344,-0.21099951836858344,-3.247153651785548,-17.822347283493308,-18.15286473434525,-7.161107593108696,0.24559499070409962,0.7725882685233687,0.5244189772644223,-0.8958847013562452,-3.719189447363032,-3.0478278991025265,-1.527402695828938,False,False,False
qwen,3,cap8_chunk-1_pollpm_mem0.9,8,-1,lpm,0.9,0,tool_agent,4.144607511843399,859.2393063178142,12049.45163488184,11190.212328564025,1203.4412613138556,6694.960260041983,38319.22929476946,2912.082590672653,9.46807883385765,14.889170690316735,9.95345535136834,1759.468498872593,11631.216532224787,42135.85035254247,4679.195394814014,1,,-0.13201145607030695,-0.13201145607030695,-0.13201145607030695,-0.13201145607030695,-2.2464449491660807,-2.4788002510731366,-15.905862212314933,-3.4512574509447287,0.2243915211279096,0.8244287159114148,0.5586709950376154,-0.21038273828528342,-0.38879014568986503,-2.5738325423674135,-0.6295837311559502,False,False,False
qwen,4,cap8_chunk-1_polfcfs_mem0.75,8,-1,fcfs,0.75,0,tool_agent,4.197358439584064,870.1753649023702,12202.812297065166,11332.636932162795,5749.757975107059,9163.02470942028,9652.30536997784,5276.416973269079,9.459146358682936,12.049112522526451,9.55473991637348,6902.853048639372,12287.587166321464,13483.668345925393,7046.059544978198,1,,-0.12096404064442623,-0.12096404064442612,-0.12096404064442612,-0.12096404064442612,-14.510746836812642,-3.761242997956307,-3.258450590453469,-7.065255580931208,0.22512325389063736,0.8579183352983094,0.5763497487947451,-3.748646639793038,-0.46716209122352037,-0.14364305744336048,-1.4538714531943486,False,False,True
qwen,5,cap8_chunk-1_polfcfs_mem0.8,8,-1,fcfs,0.8,0,tool_agent,4.156779883833071,861.7628216168531,12084.839885072532,11223.07706345568,6066.398264141753,9409.762598597445,9906.17565057706,5484.458605193067,9.64650214212922,12.06665172834288,9.637404966842883,7265.403266297653,12662.895856751127,13899.47824617382,7273.510814525653,1,,-0.12946224497871517,-0.12946224497871517,-0.12946224497871517,-0.12946224497871517,-15.364926679306077,-3.889451650058656,-3.370454304061509,-7.38325716068532,0.20977539539087298,0.8577115151233559,0.5726844402982528,-3.998054074763507,-0.511974687516987,-0.17891076749342494,-1.5330839795393896,False,False,False
qwen,6,cap8_chunk-1_polfcfs_mem0.85,8,-1,fcfs,0.85,0,tool_agent,4.172746693887085,865.0729808432009,12131.259553270163,11266.186572426965,5850.919869029895,9222.899920353666,9682.049982128665,5353.65465571871,9.483424139787155,12.170026800350138,9.61952869186982,7054.803002392873,12486.42156526912,13726.34796759579,7135.037208499853,1,,-0.126118379927469,-0.1261183799274691,-0.1261183799274691,-0.12611837992746888,-14.783644675810882,-3.7923550420518177,-3.271573461759475,-7.183317070876178,0.2231344604719242,0.8564925288874825,0.5734770613899033,-3.8531768437860805,-0.4909033097897484,-0.1642263925852545,-1.4848589501199645,False,False,False
qwen,7,cap8_chunk-1_polfcfs_mem0.9,8,-1,fcfs,0.9,0,tool_agent,3.848389155093775,797.828797688266,11188.26785503793,10390.439057349664,9930.760501185432,13233.00993205048,13803.13442937564,8762.178754063789,9.663109209966558,13.740550964696949,10.001118940837118,10816.829215968028,16408.66386252455,17778.768146294165,10652.276741780806,1,,-0.19404727958933432,-0.19404727958933432,-0.1940472795893342,-0.1940472795893342,-25.78956448215332,-5.876067442673937,-5.089733354656417,-12.39340909851287,0.20841497340349124,0.8379730995679,0.5565576259842946,-6.441169520441464,-0.9592267595634412,-0.507940142012522,-2.7097781591715044,False,False,False
qwen,8,cap8_chunk2048_pollpm_mem0.75,8,2048,lpm,0.75,0,tool_agent,3.9866080702383817,826.48365208147,11590.106178281238,10763.622526199768,2009.0806940570476,40491.14412365014,44085.530601753846,7890.842860052362,9.659308538010174,14.47863614999269,15.54118304246298,5810.586399631575,41594.00246385485,44910.17054924741,9737.885399921795,1,,-0.1651006460282355,-0.1651006460282355,-0.16510064602823538,-0.16510064602823527,-4.419765867565315,-20.039796633939893,-18.44986680647508,-11.0615305306052,0.20872631781100104,0.8292696891198343,0.31091519417670666,-2.997248874836814,-3.966405756574148,-2.8091418032218827,-2.3913308346048137,False,False,False
qwen,9,cap8_chunk2048_pollpm_mem0.8,8,2048,lpm,0.8,0,tool_agent,3.956251554760726,820.1902910752199,11501.851895093669,10681.661604018447,2104.540982050821,41008.238949836224,44313.42274068388,8035.7438756665215,9.72222196150746,15.356754930219562,16.14326388917172,6023.936381097883,41985.00083240215,45236.3096748758,9899.199357682372,1,,-0.17145808942738383,-0.17145808942738383,-0.17145808942738372,-0.17145808942738383,-4.677282856358757,-20.30848674430561,-18.55040935837204,-11.283018659914404,0.20357256005764657,0.8189150196064409,0.28421936528062897,-3.144017705847868,-4.013091731314181,-2.8368039154317453,-2.447510279786,False,False,False
qwen,10,cap8_chunk2048_pollpm_mem0.85,8,2048,lpm,0.85,0,tool_agent,3.791195361935866,785.9716664597341,11021.990627941666,10236.018961481932,4311.735764844343,43730.12998325284,46888.85888351127,9546.042935592122,9.640282502660096,17.477770396816222,15.964350723651954,8153.980288887396,44455.50009447616,47956.72086215577,11495.851228262763,1,,-0.20602514651716552,-0.20602514651716541,-0.20602514651716541,-0.20602514651716541,-10.631488171375784,-21.722821533857307,-19.686652684988186,-13.591582972335155,0.2102848973914827,0.793904264018535,0.29215224552433794,-4.60932861049331,-4.308074205468689,-3.067540780794067,-3.0035626975801364,False,False,False
qwen,11,cap8_chunk2048_pollpm_mem0.9,8,2048,lpm,0.9,0,tool_agent,3.9835369554463465,825.8469639183594,11581.177649090943,10755.330685172588,2073.8440291024745,40590.56970525997,44119.45429134182,7910.249409826938,9.68695903958922,14.198204527863044,15.43549574561474,5897.959522670135,41593.9840859035,45090.2638615109,9759.490895390045,1,,-0.1657438172932979,-0.1657438172932978,-0.1657438172932979,-0.16574381729329757,-4.594473689798231,-20.09145963488879,-18.464833423300693,-11.091194369659043,0.20646123702258545,0.8325765045913212,0.3156012924118071,-3.0573550489363868,-3.966403562210587,-2.8244167611174738,-2.398855197438143,False,False,False
qwen,12,cap8_chunk2048_polfcfs_mem0.75,8,2048,fcfs,0.75,0,tool_agent,3.921357394853832,812.9562083141223,11400.405499762752,10587.449291448627,8375.431535067037,12037.837658915669,12488.387556453235,7527.245799971279,9.7610348858737,12.900313528484434,10.255392706172918,9826.216993387789,15277.977426303549,16212.724469350644,9413.419007388877,1,,-0.17876583351718878,-0.17876583351718867,-0.17876583351718867,-0.17876583351718878,-21.593855037361468,-5.255038274110813,-4.509686994466912,-10.505755042639498,0.20039307309344556,0.8478810768947416,0.5452833112983639,-5.759702398231642,-0.8242205737411434,-0.3751131595592827,-2.278331673431823,False,False,False
qwen,13,cap8_chunk2048_polfcfs_mem0.8,8,2048,fcfs,0.8,0,tool_agent,3.982209323409053,825.5717258825478,11577.317877574202,10751.746151691654,7463.895905995741,11083.007674152032,11579.341304702684,6784.470555833541,9.744212334044278,14.389917464694005,10.391187211362965,9024.075509281827,14449.206535285331,15405.003551021213,8644.464005785994,1,,-0.16602185795110003,-0.16602185795110014,-0.16602185795110014,-0.16602185795110014,-19.134864861345168,-4.758894508993517,-4.10862958909749,-9.370387573861187,0.20177114715304334,0.8303158490319288,0.5392622812400292,-5.207889048548762,-0.7252636982249974,-0.30660476874897524,-2.0105342307364724,False,False,False
qwen,14,cap8_chunk2048_polfcfs_mem0.85,8,2048,fcfs,0.85,0,tool_agent,4.026269687102,834.7061001815513,11705.412810524162,10870.70671034261,7211.407237453386,10518.312426656485,11020.481198634952,6475.317532240879,9.74435967709264,13.755773414990731,9.997553031580244,8564.372303429991,13884.547775774256,15059.116565524597,8316.37162615778,1,,-0.156794472530992,-0.15679447253099188,-0.15679447253099188,-0.15679447253099188,-18.453742658657767,-4.465470516547743,-3.8620689947686673,-8.897832398346381,0.20175907706790575,0.8377935982913922,0.5567157358193788,-4.891647623678694,-0.6578423310177233,-0.27726770412570056,-1.8962722777624754,False,False,False
qwen,15,cap8_chunk2048_polfcfs_mem0.9,8,2048,fcfs,0.9,0,tool_agent,4.039615649594256,837.4729183956332,11744.212993439398,10906.740075043765,7160.622484982014,10548.201645235533,11043.087382833472,6447.308073898312,9.749855895183588,12.808213664019211,9.978669591057924,8488.068472826853,13842.433789628552,15112.34396285843,8281.175399576314,1,,-0.153999481082974,-0.153999481082974,-0.1539994810829739,-0.1539994810829739,-18.316743946335624,-4.481001396053893,-3.8720425000358665,-8.855018602287293,0.20130883648289666,0.8489671072590156,0.5575530139023951,-4.839156294913069,-0.652813838186141,-0.28178228738782973,-1.884014786164924,False,False,False
qwen,16,cap8_chunk8192_pollpm_mem0.75,8,8192,lpm,0.75,0,tool_agent,4.257241027962242,882.5899237119921,12376.906550953508,11494.316627241516,1125.900001032278,8053.324839915143,34712.4210768519,3026.392833315768,9.301041922299191,13.263154078863169,9.825891330106003,1494.3724288605154,13031.425836170089,36702.277689971954,4789.791391827166,1,,-0.10842307010750851,-0.10842307010750851,-0.10842307010750829,-0.10842307010750829,-2.0372669519630673,-3.1846265529430706,-14.314593184190647,-3.6259861213863642,0.23807489313639574,0.8436025053964086,0.564327091396652,-0.028016468394411964,-0.5559778923743937,-2.11297370979752,-0.6681000619044695,False,False,True
qwen,17,cap8_chunk8192_pollpm_mem0.8,8,8192,lpm,0.8,0,tool_agent,4.111571502724341,852.3904460872966,11953.407367010366,11101.01692092307,1215.5129639431834,6063.934777188111,38746.561613981605,2928.529942834284,9.40313397459538,13.058751989156008,9.662228792299665,1815.47239003703,11433.448470151052,42676.92252201493,4699.72381841857,1,,-0.13893005508615097,-0.13893005508615108,-0.13893005508615097,-0.13893005508615086,-2.2790099935007166,-2.150910088485102,-16.0943947439036,-3.4763980149837668,0.22971169055054286,0.846012789898259,0.5715837698474937,-0.2489092269298241,-0.3651762498450726,-2.61972461078068,-0.6367329912978408,False,False,False
qwen,18,cap8_chunk8192_pollpm_mem0.85,8,8192,lpm,0.85,0,tool_agent,4.241370303389034,879.2996844470974,12330.7662282308,11451.466543783705,1354.850382078439,5955.042461585247,34473.56532188598,2892.5865462142974,9.2355019490545,12.076324131339788,9.527197309049054,2008.4481230005624,11322.989466274152,37369.92352468892,4651.509006535634,1,,-0.11174681236152018,-0.11174681236152018,-0.11174681236152029,-0.11174681236152006,-2.6548914526765377,-2.094328032708,-14.209213651345411,-3.421456814988466,0.24344381325690145,0.8575974593273877,0.5775709680653864,-0.38166209874121293,-0.35198722738452903,-2.1696013651295925,-0.6199416273098661,False,False,True
qwen,19,cap8_chunk8192_pollpm_mem0.9,8,8192,lpm,0.9,0,tool_agent,4.144294515788389,859.1744175406699,12048.541673970953,11189.367256430283,1283.507211599499,6062.535939505302,38382.79945289716,2898.8826468167827,9.405348973027808,15.156964440280502,10.083420704763912,2048.435755074024,11556.438882346263,42060.99363664164,4667.380614536814,1,,-0.13207700557994506,-0.13207700557994506,-0.13207700557994495,-0.13207700557994484,-2.462433637821505,-2.1501832317610656,-15.933908400975326,-3.4310807057422776,0.22953024174820136,0.821270924686507,0.5529084253501182,-0.40917059897161456,-0.37986154712225884,-2.567483427182534,-0.6254690977409307,False,False,False
qwen,20,cap8_chunk8192_polfcfs_mem0.75,8,8192,fcfs,0.75,0,tool_agent,4.171959590670248,864.9098025398025,12128.971239571983,11264.061437032184,5902.293088147417,9268.351754383184,9744.060021745972,5384.924762796145,9.534196462482214,12.382658192789863,9.640355332730987,7107.412143610418,12527.58282320574,13745.132878129369,7165.966556896456,1,,-0.12628321980028023,-0.12628321980028012,-0.12628321980028023,-0.12628321980028,-14.922230856198611,-3.815972486441641,-3.298931349818395,-7.231114924400696,0.21897528048775494,0.8539852054519023,0.5725536232105475,-3.8893679983572085,-0.49581804499807314,-0.16581967061355263,-1.495630452207315,False,False,False
qwen,21,cap8_chunk8192_polfcfs_mem0.8,8,8192,fcfs,0.8,0,tool_agent,4.169085993152302,864.3140626703695,12120.616944451962,11256.302881781592,5901.562083512545,9287.394531769678,9764.110720115714,5389.557198600378,9.558608269203551,12.477914989974934,9.678594169121505,7130.390549078584,12548.771261237562,13778.724695839916,7173.194923864212,1,,-0.12688502581407402,-0.1268850258140739,-0.1268850258140738,-0.1268850258140738,-14.920258872703458,-3.8258673948772666,-3.307777413534656,-7.238195823979458,0.2169755079246085,0.8528619489221867,0.5708581408861276,-3.9051754227866935,-0.4983479862006661,-0.1686688247254735,-1.4981478143218645,False,False,False
qwen,22,cap8_chunk8192_polfcfs_mem0.85,8,8192,fcfs,0.85,0,tool_agent,4.17795402747156,866.1525392052664,12146.398625906966,11280.2460867017,5821.972452336922,9210.64826680813,9698.925964748489,5336.126014986076,9.523657388148866,12.282708590291865,9.696424258596563,7032.905636820942,12470.709085534329,13662.57742991205,7116.833342164755,1,,-0.12502782892044872,-0.12502782892044872,-0.1250278289204486,-0.1250278289204486,-14.705555119024613,-3.7859889018844664,-3.279018889084578,-7.156523705565736,0.21983862304709,0.8551637989692786,0.570067567626025,-3.8381130939552817,-0.48902720878521677,-0.15881757275815778,-1.4785192438412547,False,False,False
qwen,23,cap8_chunk8192_polfcfs_mem0.9,8,8192,fcfs,0.9,0,tool_agent,4.166976076213132,863.8766452401254,12114.48286733139,11250.606222091264,5979.549999348819,9337.615383137016,9817.060815715233,5428.077698992565,9.594098618254066,12.287465347184074,9.656180775206328,7157.600343460217,12601.934825559149,13791.30569462664,7211.66200034786,1,,-0.12732689726429192,-0.12732689726429192,-0.1273268972642918,-0.1273268972642918,-15.130641783445817,-3.851962891125172,-3.331138191838633,-7.2970762502881215,0.21406820052627196,0.855107707872398,0.571851934547246,-3.9238937263271803,-0.5046958204134513,-0.1697359061419701,-1.5115444170994192,False,False,False
qwen,24,cap16_chunk-1_pollpm_mem0.75,16,-1,lpm,0.75,0,tool_agent,4.837397869473414,1002.8651393098808,14063.573330005278,13060.708190695395,273.171880049631,1290.1155608939005,1955.2514465479148,424.90826776018366,11.938120605107892,39.6463326178491,16.219144197159647,906.6045680083334,7369.292282266541,10111.09006709884,2499.456882106606,1,,0.013076852545037099,0.013076852545036877,0.013076852545037099,0.013076852545037099,0.2630820475000806,0.3296368965866098,0.13737274590017623,0.35050740013570414,0.022050013989300288,0.5324952831895533,0.2808548873542829,0.37632386128480855,0.12009199777466961,0.14240860411577405,0.12953533072781742,False,False,False
qwen,25,cap16_chunk-1_pollpm_mem0.8,16,-1,lpm,0.8,0,tool_agent,4.839249730552487,1003.2490578894888,14068.95717164602,13065.708113756533,263.84013635106385,1256.6886600106952,1937.2869839612365,411.6851009428501,11.54950911273496,19.79169935974128,14.646394622617184,909.2392229940742,7127.484625973737,9986.418135273265,2458.4381101466715,1,,0.01346468039049431,0.01346468039049431,0.01346468039049431,0.01346468039049431,0.28825568344808794,0.34700600807770055,0.1452983940616367,0.3707196427449171,0.05388438860326583,0.7666186960201282,0.35058946497434706,0.3745114156979048,0.14896430784485049,0.1529828918861682,0.1438205908671969,False,False,True
qwen,26,cap16_chunk-1_pollpm_mem0.85,16,-1,lpm,0.85,0,tool_agent,4.83099787244814,1001.538323926586,14044.966874653575,13043.42855072699,270.18686290830374,1215.4428432928396,1910.213541071859,404.2900736024603,11.883844621479511,27.85684441118252,15.253233961116514,878.6835309583694,7174.142967537042,10094.783035879946,2459.106613488402,1,,0.011736526812564652,0.011736526812564652,0.01173652681256443,0.011736526812564652,0.27113453342785765,0.36843794373983896,0.15724278604248654,0.38202329555142855,0.02649620775680006,0.6715154896365017,0.323682647996952,0.39553144658795847,0.14339321003252603,0.14379171608223207,0.1435877768729117,False,False,True
qwen,27,cap16_chunk-1_pollpm_mem0.9,16,-1,lpm,0.9,0,tool_agent,4.838224730752887,1003.0365600560348,14065.977230728638,13062.940670672604,259.44415712729096,1273.7169625936067,1981.5803153766287,412.5189872877672,11.841016240738412,23.45253476996648,15.02481118792548,897.9947690386325,7334.481034683994,10138.944973591708,2483.323645722121,1,,0.013250018789597195,0.013250018789597195,0.013250018789597195,0.013250018789597418,0.3001144297005438,0.33815785050844116,0.12575684869096204,0.369445007603063,0.030004633892878663,0.7234505715369957,0.33381074840474545,0.3822467590574654,0.12424852924907459,0.14004603707474106,0.13515391625903672,False,False,False
qwen,28,cap16_chunk-1_polfcfs_mem0.75,16,-1,fcfs,0.75,0,tool_agent,4.826990234501061,1000.7074804655872,14033.315629155552,13032.608148689966,282.010082853958,1601.726662903092,2183.62544928677,480.0077745923773,11.735890321211802,24.504128887661192,16.030664612089222,1185.8235751278698,7476.043022307567,10128.1377872126,2550.040201584343,1,,0.010897223255752042,0.01089722325575182,0.01089722325575182,0.010897223255752042,0.23923980461197514,0.16771916477023696,0.03661760300629435,0.2662851699298192,0.038616365582573864,0.711050302010652,0.28921193571572634,0.1842420669047462,0.1073457493144735,0.14096266920747214,0.1119191066692663,False,False,False
qwen,29,cap16_chunk-1_polfcfs_mem0.8,16,-1,fcfs,0.8,0,tool_agent,4.84267273222211,1003.9586974806266,14078.90872748005,13074.950029999423,315.2595746796578,1757.234246097505,2221.007912438359,519.2217694618739,12.057842444628475,25.835949415341013,16.18945490891714,1283.5962125100195,7612.576988735235,10289.667722037972,2617.023914032616,1,,0.014181545914333515,0.014181545914333293,0.014181545914333515,0.014181545914333515,0.14954482051110118,0.08691512733789097,0.02012502779461156,0.2063447041603247,0.012242610030402834,0.6953456368493913,0.28217128890284726,0.11698180470635489,0.09104332500646117,0.12726219958800544,0.08859125671901369,False,False,False
qwen,30,cap16_chunk-1_polfcfs_mem0.85,16,-1,fcfs,0.85,0,tool_agent,4.84589417461259,1004.626550809809,14088.274298084198,13083.647747274388,277.6150612626225,1678.6661123856895,2177.895673457529,498.06522029452026,11.729467854214212,25.05749110132456,14.869664915852352,1228.2238842453808,7525.748735573143,10166.80303124709,2559.015919705853,1,,0.014856199685981508,0.014856199685981508,0.014856199685981508,0.014856199685981508,0.2510959675219038,0.12774029024652,0.03914549311419446,0.23868350094414414,0.039142482860008654,0.7045251223052327,0.34068982179791074,0.15507382530981006,0.1014107893232753,0.1376832027618472,0.10879320937451664,False,False,True
qwen,31,cap16_chunk-1_polfcfs_mem0.9,16,-1,fcfs,0.9,0,tool_agent,4.840538300200882,1003.516197706146,14072.703378642016,13069.18718093587,321.6793108731508,1713.6400510556984,2396.57041242346,534.459782843478,11.831549029236871,24.33938982259286,15.326778252751089,1324.6234650723636,7615.155077562667,10559.457041705007,2627.142060920596,1,,0.013734540368711023,0.013734540368711246,0.013734540368711023,0.013734540368711246,0.13222671716005718,0.10956731506810113,-0.05733048185476419,0.18305267225858068,0.030780171321402428,0.7129928849654174,0.32042174734466866,0.08875812333180833,0.09073549612645271,0.10437950368553539,0.08506749543809511,False,False,True
qwen,32,cap16_chunk2048_pollpm_mem0.75,16,2048,lpm,0.75,0,tool_agent,4.822323873489101,999.7400738323933,14019.749304439923,13020.009230607531,228.2250938005745,1651.9137931289151,2403.2900315104043,483.7273783795536,12.702181212309943,79.39963284879923,23.06281225875144,1216.683727223426,7814.660199824721,10825.853235968383,2668.246074861381,1,,0.009919965966938227,0.009919965966938449,0.009919965966938227,0.009919965966938449,0.3843320593537475,0.1416411905256013,-0.06029507578042104,0.260599577726747,-0.04054049626277978,0.06372921733699699,-0.02258840035785248,0.16301259026378667,0.06691419187641534,0.08178460218822081,0.07075254879633952,False,False,False
qwen,33,cap16_chunk2048_pollpm_mem0.8,16,2048,lpm,0.8,0,tool_agent,4.829072683723672,1001.139203426173,14039.369850482482,13038.230647056307,228.11651858501136,1728.272732021287,2484.5492569124312,487.8421774343588,13.13581692132478,162.4413321260363,24.73208924557603,900.4457080736756,8075.601170677691,11428.540306887588,2703.811071147211,1,,0.0113333422521531,0.0113333422521531,0.011333342252153322,0.0113333422521531,0.3846249556267113,0.10196395788004164,-0.09614541237144492,0.2543099106649309,-0.07606317605404889,-0.9154883682659858,-0.09660293356220628,0.38056069630470424,0.035757326390906785,0.030666548348227907,0.058366628898606,False,False,False
qwen,34,cap16_chunk2048_pollpm_mem0.85,16,2048,lpm,0.85,0,tool_agent,4.826468569056366,1000.5993313939204,14031.799012074807,13031.19968068089,221.7190053779632,1586.8207816267377,2323.743005329741,478.7207368342206,12.833700089582374,86.20511214248836,22.15006523370121,1155.3632381837815,7826.706314785402,11037.977359122591,2671.4162035426125,1,,0.010787972951961988,0.010787972951961988,0.010787972951961988,0.010787972951961988,0.40188310947758554,0.17546448087556688,-0.02520013549170108,0.2682524686695569,-0.05131429294679757,-0.01652016412844315,0.017882141994298273,0.20519650062328232,0.06547586204179379,0.06379288995251609,0.0696485149424999,False,False,False
qwen,35,cap16_chunk2048_pollpm_mem0.9,16,2048,lpm,0.9,0,tool_agent,4.828527929450054,1001.026267693938,14037.786108172966,13036.759840479028,229.09274767152965,1733.776378049515,2470.223445459269,511.518245448824,13.052312757021614,88.16195568069816,23.11211787534352,1255.4764850065112,7908.705115853805,11297.981115682049,2724.66246470809,1,,0.011219256547437828,0.011219256547437828,0.01121925654743805,0.01121925654743805,0.38199144613269886,0.09910418210226934,-0.08982508184903981,0.2181199088785739,-0.0692226607825599,-0.03959502436813289,-0.0247745757051554,0.1363260741816773,0.05568504380995409,0.041740175255756795,0.051104890746701215,False,False,False
qwen,36,cap16_chunk2048_polfcfs_mem0.75,16,2048,fcfs,0.75,0,tool_agent,4.82322613626152,999.9271264390572,14022.372416907669,13022.445290468611,333.41516298241913,2025.1599977491408,2734.372559613548,584.8480477882549,12.215192634062172,49.92648102343076,18.85051341471616,1506.5862415358424,7969.51759296935,10869.6199729014,2785.585399426054,1,,0.010108923244035228,0.01010892324403545,0.01010892324403545,0.01010892324403545,0.10056767485441209,-0.052303051099634956,-0.2063636607710031,0.10603180049690208,-0.000647242622754618,0.4112730275159703,0.16418188109890075,-0.0364186580558572,0.048423914355518294,0.07807244288881765,0.029887776500798546,False,False,False
qwen,37,cap16_chunk2048_polfcfs_mem0.8,16,2048,fcfs,0.8,0,tool_agent,4.8290812186314,1001.1409728405686,14039.394663678322,13038.253690837751,315.9826055634767,1884.7791649401177,2501.029908987692,555.0060329819098,12.16115704944211,48.73575917445117,19.1499626887855,1444.0753483213484,7842.140518547966,10595.25085737461,2730.395567757077,1,,0.011335129683679446,0.011335129683679446,0.011335129683679668,0.011335129683679446,0.14759434728376453,0.020640903375581554,-0.10341642586209177,0.1516467467156024,0.0037792580779217877,0.42531387427405354,0.15090451705832542,0.00658416134676354,0.06363298773602943,0.10134358291533041,0.04910827152707542,False,False,False
qwen,38,cap16_chunk2048_polfcfs_mem0.85,16,2048,fcfs,0.85,0,tool_agent,4.830173793198971,1001.3674799370448,14042.57106201564,13041.203582078597,342.2738374210894,2055.9021249879147,2686.7858368065204,593.3401374029927,12.187755078469452,45.35030554980031,18.920710130278177,1532.9018214251846,7984.474840643816,11105.346221970376,2792.2033096966334,1,,0.011563943197463455,0.011563943197463677,0.011563943197463677,0.0115639431974639,0.07667020697440119,-0.06827711454480001,-0.18536912111774728,0.0930512355593669,0.0016003940024430507,0.4652347303422072,0.16106940954636062,-0.054521808903079894,0.04663798954538423,0.058078871311067815,0.027583012967491438,False,False,False
qwen,39,cap16_chunk2048_polfcfs_mem0.9,16,2048,fcfs,0.9,0,tool_agent,4.821616757644764,999.5934781111242,14017.693534830316,13018.100056719191,333.9281799271703,2009.80996210128,2740.5112756229933,587.621365855448,12.239420555562264,51.576569117605615,18.98861567004656,1527.6749038603157,7985.377316409721,10897.64395150354,2790.413579219021,1,,0.009771877529043627,0.009771877529043405,0.009771877529043627,0.009771877529043627,0.0991837425241332,-0.044326945821688835,-0.2090719690779861,0.10179265125368597,-0.002631951629794349,0.39181539004379196,0.15805852706992551,-0.050926080534534846,0.04653023216274588,0.07569553567424914,0.028206307235711936,False,False,False
qwen,40,cap16_chunk8192_pollpm_mem0.75,16,8192,lpm,0.75,0,tool_agent,4.848440749768285,1005.154494038212,14095.677854171345,13090.523360133133,481.4986260607839,4077.6572502916624,13152.52317619044,1229.3828675104303,13.17756569659397,37.78432688156427,18.513245453030773,2009.0554819907995,11381.391712720504,16441.08877722638,3744.338548346423,1,,0.015389518716814488,0.015389518716814488,0.01538951871681471,0.01538951871681471,-0.29890741896190476,-1.1188109436240143,-4.8026935471613355,-0.8791704832126928,-0.07948316279576417,0.5544518276405113,0.179136098371382,-0.3820799163027073,-0.3589605705534169,-0.3944823140482292,-0.30400905871295536,False,False,True
qwen,41,cap16_chunk8192_pollpm_mem0.8,16,8192,lpm,0.8,0,tool_agent,4.831606656941106,1001.6645340837454,14046.7367694586,13045.072235374852,262.7645409666002,1339.731067745015,2137.848975467494,444.7631974471733,12.402838632913154,51.278675859794,19.256492774253644,1139.1810060013086,7425.481843366287,10233.77251190598,2582.640850993339,1,,0.011864022109551398,0.01186402210955162,0.01186402210955162,0.011864022109551398,0.2911572469190181,0.30385594629166424,0.056813488288881775,0.32015819095109044,-0.016018875061512672,0.3953281109926714,0.1461810501859141,0.21632866611140578,0.1133828535910183,0.1320030584827666,0.1005655547400397,False,False,False
qwen,42,cap16_chunk8192_pollpm_mem0.85,16,8192,lpm,0.85,0,tool_agent,4.829647497438856,1001.2583709315364,14041.04098340409,13039.782612472553,271.3317582383752,1221.6337248915795,2067.418704233131,431.5914317034185,12.206508319026655,54.55740042962134,19.38975654821703,1053.2509903423488,7340.053500817155,10074.852187209755,2549.717266927473,1,,0.011453723185268716,0.011453723185268716,0.011453723185268938,0.011453723185268938,0.26804602401645816,0.3652210702075791,0.08788625470348799,0.3402918645621277,6.416129486552791e-05,0.3566657909165266,0.14027223091817032,0.2754420902624115,0.12358316582543927,0.14548218904002364,0.11203157238583916,False,False,False
qwen,43,cap16_chunk8192_pollpm_mem0.9,16,8192,lpm,0.9,0,tool_agent,4.828760596196644,1001.0745030005072,14038.462530898656,13037.388027898149,308.19301353767514,1463.848118041641,2247.4339281860725,462.941502914764,12.079287991722914,41.95737388746981,18.96185897129924,1136.163856368512,7433.891721861435,10461.827678047115,2612.319141726475,1,,0.011267983011889804,0.011267983011889804,0.011267983011890026,0.011267983011890026,0.16860782131125396,0.23936289346334882,0.008466270839593948,0.2923717820362691,0.010485828274317655,0.5052437665182518,0.159244899723178,0.21840423940908105,0.11237869754696628,0.11266012443987938,0.09022974790435245,False,False,False
qwen,44,cap16_chunk8192_polfcfs_mem0.75,16,8192,fcfs,0.75,0,tool_agent,4.82802433595746,1000.9218652090208,14036.322030955684,13035.400165746663,333.15866184420884,2092.4426784506068,2524.762920145876,561.3514317921363,12.020304722269788,27.054904121905547,15.70747130090353,1326.4809539541602,7590.617222618308,10598.716715839671,2707.674435067456,1,,0.01111379098016263,0.01111379098016263,0.01111379098016263,0.011113790980162852,0.1012596212346526,-0.08726412591199928,-0.11388707007670162,0.14194750129457467,0.015317634673716052,0.6809718716794786,0.3035420931737062,0.08748030990092048,0.09366536430048933,0.10104961951679836,0.05702116788217915,False,False,False
qwen,45,cap16_chunk8192_polfcfs_mem0.8,16,8192,fcfs,0.8,0,tool_agent,4.832178990736794,1001.7831874645984,14048.400692609452,13046.617505144854,333.058669930324,1700.385459815152,2153.34801795892,506.3306582719088,11.947488754272126,31.849787014564782,16.124742962616992,1232.4366245884448,7500.648333644494,10154.130350281466,2634.3023697682656,1,,0.011983883683063912,0.011983883683063912,0.011983883683064134,0.011983883683064134,0.10152936289486003,0.11645459647747514,0.049975546044082164,0.2260493838693005,0.02128259157440282,0.6244311976534853,0.2850405697567465,0.15217577502053803,0.10440782671440141,0.13875806037727567,0.08257383534833984,False,False,False
qwen,46,cap16_chunk8192_polfcfs_mem0.85,16,8192,fcfs,0.85,0,tool_agent,4.830966532583886,1001.5318267026285,14044.87576151983,13043.3439348172,307.83009552396834,1659.9017845001058,2122.877575000744,494.8187291668728,11.784279494057014,24.470465795191767,15.105303872450651,1225.0694448594004,7513.623212790117,10147.736949836815,2578.6477517173626,1,,0.011729963430371582,0.011729963430371582,0.011729963430371804,0.011729963430371582,0.16958684155132253,0.13749051220813302,0.06341864288291765,0.24364591783013934,0.034652409071127876,0.7114472530896732,0.33024176104164227,0.15724384368990862,0.10285860060816965,0.13930032883452304,0.10195619758949914,False,False,False
qwen,47,cap16_chunk8192_polfcfs_mem0.9,16,8192,fcfs,0.9,0,tool_agent,4.837289054408229,1002.842580314642,14063.25697631887,13060.414396004227,296.6486669611186,1676.896798075176,2205.959635451433,493.127355792094,11.815480675016133,24.3197445264634,15.566717163526585,1191.3400164339691,7481.1022992013,10116.911319773626,2578.334724365268,1,,0.013054063841952956,0.013054063841952956,0.013054063841953178,0.013054063841953178,0.19975025163973392,0.12865965209910302,0.02676409914222999,0.2462312628890082,0.03209646283035761,0.713224539900369,0.3097830297329248,0.1804471678554339,0.10674166169604882,0.14191486346327908,0.1020652129729871,False,False,False
qwen,48,cap24_chunk-1_pollpm_mem0.75,24,-1,lpm,0.75,0,tool_agent,4.838060616712969,1003.0025367538492,14065.500108544948,13062.497571791098,294.3998894188553,545.8489733049641,737.7801040746256,294.59235832327977,11.103007020947173,65.03372723236667,18.508608529278494,711.0793471802026,6723.116603842935,9763.450527670788,2276.117701416369,1,,0.013215649043815558,0.013215649043815558,0.01321564904381578,0.01321564904381578,0.20581663205111222,0.7163688100264518,0.6745026188672454,0.5497014974170139,0.09046105999581189,0.2331302235201579,0.17934169621388385,0.5108305900733214,0.19724664553596571,0.17189431494459617,0.2073157747301938,False,False,True
qwen,49,cap24_chunk-1_pollpm_mem0.8,24,-1,lpm,0.8,0,tool_agent,4.825378001829208,1000.3732404492222,14028.628449597982,13028.25520914876,278.70836830697954,552.0335282664743,733.6173170711829,286.94423739565536,11.161227246389146,73.89765158295616,19.2625031765202,716.0975388251245,6631.750741507857,9713.997576730322,2275.1098489854485,1,,0.01055957982743716,0.010559579827437382,0.010559579827437382,0.010559579827437382,0.2481466244620143,0.7131552239083556,0.6763391772948185,0.5613920158706649,0.08569176082889307,0.1286079091034662,0.14591455330035175,0.5073784495272913,0.20815590931863748,0.17608876133427187,0.2076667709563088,False,False,True
qwen,50,cap24_chunk-1_pollpm_mem0.85,24,-1,lpm,0.85,0,tool_agent,4.837408862330336,1002.8674182940136,14063.605289098492,13060.737870804478,259.8186330869794,554.575050016865,727.5688684638573,289.52103674877435,11.740544578060508,62.02317709103227,20.48039003320213,697.2294389270246,6748.968305764717,9761.958099156613,2284.646876261104,1,,0.013079154735014198,0.01307915473501442,0.01307915473501442,0.013079154735014198,0.2991042303439193,0.7118346116627331,0.6790076609944026,0.5574532548764202,0.03823509699175942,0.2686302634566272,0.09191433170471142,0.5203582911303299,0.19415990144700368,0.1720208981165623,0.204345391278678,False,False,True
qwen,51,cap24_chunk-1_pollpm_mem0.9,24,-1,lpm,0.9,0,tool_agent,4.836019745109626,1002.579433457402,14059.56676416741,13056.987330710008,316.5217430796474,569.6178839309136,739.3303920468301,298.4467210713774,11.264038970693946,35.70954946801066,17.77426345771566,705.1124854478985,6828.399397898464,9868.861599788064,2301.101169672329,1,,0.012788237481617726,0.012788237481617726,0.012788237481617726,0.012788237481617948,0.14613995119270184,0.7040181329437518,0.6738186553499761,0.5438099197000679,0.0772696039692451,0.578917349748637,0.2119020250937742,0.5149353446893568,0.18467567271554608,0.16295367373985947,0.19861499393722126,False,False,True
qwen,52,cap24_chunk-1_polfcfs_mem0.75,24,-1,fcfs,0.75,0,tool_agent,4.830098002565176,1001.3517674017996,14042.350718937634,13040.998951535834,255.406754789874,608.344429801218,805.9369080979366,295.8879514224828,11.330846774553876,81.20863623917091,20.663215399459254,753.0242870561779,6628.189416788517,9650.07475668098,2280.3182459273376,1,,0.01154807066871788,0.011548070668718102,0.011548070668718102,0.011548070668718102,0.3110058664888661,0.6838952476294236,0.6444328716709695,0.5477211214295019,0.07179682537943333,0.042397670082003125,0.0838079873123545,0.4819756084599388,0.2085811384992755,0.18151049728076019,0.20585288668652346,False,False,False
qwen,53,cap24_chunk-1_polfcfs_mem0.8,24,-1,fcfs,0.8,0,tool_agent,4.831294223009872,1001.5997618432916,14045.82844278768,13044.228680944389,296.4732148684561,627.3969083558768,824.8751448979591,310.2562780934386,10.972761549055576,75.50458163022985,19.78620026922852,744.0966689027846,6644.597751065155,9644.630131223232,2278.4815995767717,1,,0.011798590323243374,0.011798590323243374,0.011798590323243596,0.011798590323243596,0.200223557299391,0.6739952983235113,0.6360776091101674,0.5257584472400563,0.10113054153546441,0.10965918605444791,0.12269420331456693,0.4881171420615882,0.2066219510929156,0.18197229357724176,0.20649251994827744,False,False,False
qwen,54,cap24_chunk-1_polfcfs_mem0.85,24,-1,fcfs,0.85,0,tool_agent,4.833456566923064,1002.0480481716552,14052.114938752748,13050.066890581093,287.0455340016633,606.443292670883,803.3396344399068,299.8224723665044,11.406315560974928,56.92153424024582,19.503574581903184,742.6590148825198,6796.092493180184,9775.919573716812,2307.5828950922005,1,,0.012251441344558023,0.012251441344558245,0.012251441344558245,0.012251441344558245,0.22565599668487013,0.6848831065665119,0.6455787493777614,0.5417070180781511,0.06561455422754592,0.3287882134797573,0.13522562169752605,0.48910614050678336,0.188533180723086,0.17083672901340663,0.19635765834791263,False,False,False
qwen,55,cap24_chunk-1_polfcfs_mem0.9,24,-1,fcfs,0.9,0,tool_agent,4.826700747286717,1000.6474654237456,14032.47401455678,13031.826549133031,259.99712478369474,612.8862290875984,811.0644728550676,298.9374995883554,11.73490320291856,72.97300104983148,20.761794360121417,766.5602662600577,6964.367024460807,9739.749336396337,2329.981838767417,1,,0.010836597108415447,0.010836597108415447,0.010836597108415669,0.010836597108415447,0.29862272494278574,0.6815352616274029,0.6421706679454731,0.5430597412753697,0.03869722858882074,0.1395112753694917,0.07943706755801239,0.472663867110399,0.16844087050208367,0.1739045767041384,0.18855696803079847,False,False,False
qwen,56,cap24_chunk2048_pollpm_mem0.75,24,2048,lpm,0.75,0,tool_agent,4.826058645541071,1000.5143481003472,14030.607257835734,13030.092909735387,182.302325963974,587.6589604653418,829.734253305941,237.52007182920352,13.48834017838883,191.84668767265973,38.64217434235218,763.8614238239825,7129.596020537427,10060.23629846982,2403.860875579994,1,,0.01070212431270079,0.010702124312701011,0.010702124312701011,0.010702124312701011,0.5082149130395968,0.6946437230682845,0.6339338442502814,0.6369392156441362,-0.10494126547180249,-1.262232732998113,-0.713366037227344,0.4745204688626159,0.1487122031784477,0.14672186353044847,0.16282774189147564,False,False,False
qwen,57,cap24_chunk2048_pollpm_mem0.8,24,2048,lpm,0.8,0,tool_agent,4.833017855069883,1001.9570966238128,14050.839489330468,13048.882392706657,185.6122459284961,627.9572013765568,872.2946905717245,251.6749386442825,14.002920424735004,186.0413351096213,39.90313209760865,810.4075479786843,7249.918629787861,10572.588695953598,2438.9834079355933,1,,0.012159563679047247,0.012159563679047247,0.012159563679047247,0.01215956367904747,0.49928595797016917,0.6737041617931498,0.6151568254700676,0.6153028250487731,-0.14709478036428125,-1.1937767239107502,-0.7692759912867086,0.44250021658356986,0.13434544682344984,0.10326571737539625,0.15059591515752124,False,False,False
qwen,58,cap24_chunk2048_pollpm_mem0.85,24,2048,lpm,0.85,0,tool_agent,4.830300728669887,1001.3937955641976,14042.940096432818,13041.54630086862,177.77301371097565,597.4165782798075,847.8224403131744,239.2156133824028,13.64483215307135,199.32903661392615,39.05042326951227,780.7919490151107,7033.056499576194,10171.51874994393,2388.840864584781,1,,0.011590526784512223,0.011590526784512223,0.011590526784512445,0.011590526784512445,0.5204333431031375,0.6895735207094394,0.625953610752824,0.6343474993252932,-0.11776081467170574,-1.350463678760013,-0.7314674991257748,0.4628735337486445,0.16023921198351332,0.13728323008303767,0.16805863384924913,False,False,False
qwen,59,cap24_chunk2048_pollpm_mem0.9,24,2048,lpm,0.9,0,tool_agent,4.826317560938463,1000.5680251459574,14031.359992213957,13030.791967067998,202.798651997,602.8018057812004,855.9492735937228,250.67003039410335,14.757432991505734,187.37272350117564,39.149588831408224,769.6723425760865,7151.199343730693,10106.930493637914,2417.6137042744085,1,,0.010756347926913046,0.010756347926913046,0.010756347926913268,0.010756347926913268,0.45292331197405467,0.6867752769475244,0.6223681752889076,0.6168388753484633,-0.20890313182310494,-1.209476293375546,-0.735864428354182,0.47052299135413433,0.1461327238710306,0.14276140627528067,0.15803816077617727,False,False,False
qwen,60,cap24_chunk2048_polfcfs_mem0.75,24,2048,fcfs,0.75,0,tool_agent,4.832016184697808,1001.749435330626,14047.927373124548,13046.177937793922,217.80105330981317,655.7981914840639,882.4399700993663,283.7188212410547,12.461179788112828,136.41544873826203,29.138641579945,825.3455811645836,6984.005198813973,10046.183542599894,2400.4677315521985,1,,0.011949787866676331,0.011949787866676331,0.011949787866676331,0.011949787866676331,0.4124523130703177,0.6592375720578565,0.6106808821654577,0.5663222186528762,-0.02079808058293775,-0.6085943268871037,-0.29198627416003986,0.4322239669526554,0.1660960338338423,0.14791377483205226,0.16400944341035073,False,False,False
qwen,61,cap24_chunk2048_polfcfs_mem0.8,24,2048,fcfs,0.8,0,tool_agent,4.831920286923929,1001.7295542836345,14047.64857336246,13045.919019078829,228.98036590777335,662.949597928673,903.7283714581272,289.40517069771886,12.660655916248142,133.42353417538106,29.4243225640814,825.9584673214704,7231.643797783181,10128.684397586612,2427.686483687721,1,,0.011929704380151396,0.011929704380151618,0.011929704380151396,0.011929704380151618,0.38229461108229235,0.6555215956265228,0.6012887626809253,0.5576303616743951,-0.03713881654735185,-0.5733140354179502,-0.3046531621918691,0.4318023471138773,0.13652749773204764,0.14091630740567396,0.15453019924124134,False,False,False
qwen,62,cap24_chunk2048_polfcfs_mem0.85,24,2048,fcfs,0.85,0,tool_agent,4.82964372639471,1001.2575891375192,14041.030019998285,13039.772430860765,226.81881044991317,662.42290767841,904.7667277604332,291.2011226336472,12.581351488280191,134.28602409549055,29.463003547601947,862.161545548588,7063.258520909584,10142.846514140248,2411.317194465082,1,,0.011452933430603496,0.011452933430603496,0.011452933430603718,0.011452933430603718,0.3881256981690451,0.6557952716609854,0.6008306556444022,0.5548851632854672,-0.03064233634018576,-0.5834844113197837,-0.3063682489999635,0.4068973368866563,0.15663303119481264,0.13971512046902224,0.16023099289421927,False,False,False
qwen,63,cap24_chunk2048_polfcfs_mem0.9,24,2048,fcfs,0.9,0,tool_agent,4.832259596681271,1001.7998982859776,14048.635035047591,13046.835136761614,231.7188021261245,665.2776425937184,978.8649842329314,292.402678290382,12.680824555627822,160.6292826589196,30.63621787888396,818.7081897631288,7235.844159242697,10141.173437312236,2450.0605268822983,1,,0.012000764663031127,0.012000764663030905,0.012000764663031127,0.012000764663031127,0.3749073104175522,0.6543119092279931,0.5681396298291252,0.5530485280241951,-0.038790996253994514,-0.89412090204568,-0.3583877231578618,0.4367899958328041,0.13602596630692543,0.13985702567240132,0.14673818080352607,False,False,False
qwen,64,cap24_chunk8192_pollpm_mem0.75,24,8192,lpm,0.75,0,tool_agent,4.831053477760761,1001.5498517419722,14045.12853375475,13043.57868201278,219.08405399881303,659.4422820257023,806.5871296590183,283.7339670630172,12.346295882074088,150.915055023506,33.077983578451295,873.2824355829507,7108.332815743051,10018.23948627803,2405.7866730564274,1,,0.011748172010378699,0.011748172010378699,0.011748172010378699,0.011748172010378921,0.40899124584545554,0.6573440487808258,0.6441460037897142,0.5662990675399658,-0.011386991683788095,-0.7795719150434961,-0.46665384667979914,0.3992469962635725,0.15125107167964014,0.15028390328592844,0.16215706072253477,False,False,False
qwen,65,cap24_chunk8192_pollpm_mem0.8,24,8192,lpm,0.8,0,tool_agent,4.837664082278391,1002.9203292175446,14064.347279844676,13061.42695062713,224.70284649170932,638.0843339720741,807.0766300568349,271.0500685637817,12.486867611139004,150.06606131792043,32.859020458505086,851.9189527723938,7067.328013549556,9999.592257458711,2391.5888843801804,1,,0.01313260442607933,0.01313260442607933,0.013132604426079553,0.013132604426079553,0.3938337960426619,0.6684419540954876,0.6439300436456648,0.5856870127454304,-0.022902382172782954,-0.7695606848565975,-0.4569451804490279,0.41394347468311865,0.15614712576431078,0.1518655035769364,0.16710160428035348,False,False,False
qwen,66,cap24_chunk8192_pollpm_mem0.85,24,8192,lpm,0.85,0,tool_agent,4.835628375412588,1002.4982966486608,14058.428950702,13055.93065405334,223.47332909703252,562.6769715920091,741.565729612483,267.52954001305625,12.225781065913347,118.05697996169324,25.681458107057782,754.791725659743,6815.640874789095,9974.287621835245,2306.967243461404,1,,0.012706274494169723,0.012706274494169945,0.012706274494169945,0.012706274494169945,0.39715058487496646,0.7076247335282796,0.6728324583523215,0.5910683089328646,-0.0015146284637304053,-0.3921135030693861,-0.13869726163114304,0.48075974288570156,0.18619906548523246,0.15401176452829368,0.19657206612466793,False,False,False
qwen,67,cap24_chunk8192_pollpm_mem0.9,24,8192,lpm,0.9,0,tool_agent,4.853717846208346,1006.2485152866832,14111.019745567672,13104.77123028099,227.0342325791717,604.6494032489136,759.7638966422514,267.43100858991966,12.776012998074291,98.58493003994226,26.240013801371333,691.1868918687105,6849.852500017731,9830.948942694808,2300.0646839593537,1,,0.016494679879142993,0.016494679879143215,0.016494679879142993,0.016494679879143215,0.38754456795027026,0.6858152380100382,0.6648037033386096,0.5912189189233895,-0.04658866718044452,-0.162501466260496,-0.16346321677792397,0.524515111590228,0.18211413010001898,0.16616930808813657,0.19897596203385426,True,True,True
qwen,68,cap24_chunk8192_polfcfs_mem0.75,24,8192,fcfs,0.75,0,tool_agent,4.839119272541491,1003.2220119869392,14068.577896288976,13065.355884302036,230.286919279024,657.5450856704265,823.9136225264508,295.50377322593704,11.895081128982596,84.00651598349214,23.353304950809505,804.8023439478129,6917.569893994367,9903.22436071466,2344.6251628687605,1,,0.013437359091991397,0.013437359091991397,0.013437359091991619,0.013437359091991619,0.3787700073236663,0.6583298600329791,0.6365018181828952,0.5483083561684279,0.02557573269050284,0.009405413518285166,-0.035468636035727696,0.44635617774904746,0.17402853998259715,0.1600391306081188,0.18345726162570997,False,False,False
qwen,69,cap24_chunk8192_polfcfs_mem0.8,24,8192,fcfs,0.8,0,tool_agent,4.847458505064616,1004.9508599774708,14092.822213434156,13087.871353456683,234.65989623218772,623.1482806149863,818.1311698025081,293.2912679435685,11.489193653687837,82.95693108811975,21.85370289314721,758.1654086243361,6736.08619205188,9694.091577390203,2304.931848105043,1,,0.015183811144340087,0.015183811144340087,0.015183811144340309,0.015183811144340087,0.3669733127954108,0.6762029480596776,0.6390529485370109,0.5516902762605784,0.058825325647085425,0.021781990540157836,0.031022633637437846,0.4784389013205316,0.19569805117798644,0.17777712664872114,0.19728091601857756,False,False,False
qwen,70,cap24_chunk8192_polfcfs_mem0.85,24,8192,fcfs,0.85,0,tool_agent,4.836119387475521,1002.6000908144875,14059.856450432082,13057.256359617597,238.70946909300983,646.8862875830382,848.7053974810976,284.7367494902573,11.696122573178808,91.14596489816893,23.429602970899037,724.587514763698,6888.213930884375,9718.186106644562,2320.0719641172327,1,,0.012809105183044345,0.012809105183044123,0.012809105183044345,0.012809105183044567,0.3560490443803964,0.6638683289741393,0.6255640634551615,0.564766266662262,0.04187407003363319,-0.07478209696877447,-0.038851635014276686,0.501537981038602,0.1775336997542718,0.1757335031779288,0.19200819610424735,False,False,False
qwen,71,cap24_chunk8192_polfcfs_mem0.9,24,8192,fcfs,0.9,0,tool_agent,4.83290467206743,1001.9336320896592,14050.510436914758,13048.5768048251,233.432459179312,618.368548434227,812.6596900960419,287.26966028567404,11.788454951517169,92.77490405365816,23.12242517857817,746.0103593766689,6847.94111268129,9795.162397576489,2316.0528031899594,1,,0.012135860216363259,0.012135860216363259,0.012135860216363259,0.012135860216363481,0.37028448962541016,0.6786865675084335,0.641466882316927,0.5608945914265426,0.034310362889838686,-0.09399034873644463,-0.025231594069111463,0.4868006661386064,0.18234235350984807,0.16920461219266214,0.19340791522417156,False,False,False
qwen,72,cap32_chunk-1_pollpm_mem0.75,32,-1,lpm,0.75,0,tool_agent,4.829493897094964,1001.2265272762426,14040.594427268306,13039.367899992065,280.71355749852955,522.5568882888183,677.9604190215467,282.8065213840455,11.483930051326752,83.17486345767975,21.37736609029858,712.2122216969728,6756.262740073723,9652.26742306258,2271.826710524037,1,,0.011421555280717754,0.011421555280717977,0.011421555280717977,0.011421555280717977,0.24273735644678696,0.7284717214784874,0.700894155745819,0.5677167125964941,0.059256510757846215,0.01921215862917014,0.05214306265501023,0.5100512571323677,0.19328893163411587,0.18132452209802263,0.20881016176870748,False,False,False
qwen,73,cap32_chunk-1_pollpm_mem0.8,32,-1,lpm,0.8,0,tool_agent,4.842584216800019,1003.940346905896,14078.651390134024,13074.711043228128,271.1391714401543,567.4175345106044,687.4285754188895,298.05688658263534,11.352471219383588,93.15232643857598,21.41433893634399,712.5577069818974,6745.873141777701,9557.707843813108,2270.764356451109,1,,0.014163008484162631,0.014163008484162853,0.014163008484162853,0.014163008484162853,0.2685655528530194,0.7051614670067643,0.6967169488863905,0.5444058003520131,0.07002538863337993,-0.09844086744847025,0.05050371342604054,0.5098135890948483,0.19452947011873745,0.18934477323065324,0.20918013881986652,False,False,False
qwen,74,cap32_chunk-1_pollpm_mem0.85,32,-1,lpm,0.85,1,tool_agent,4.774956467834571,989.920100129124,13882.039940676732,12892.119840547608,370.6951080821455,1924.5026379358023,2266.62377899047,654.2157183145173,12.207291554659603,84.80413393117487,22.553367758406665,1453.6463906988502,8375.071329763157,11790.102041163467,2871.4053198695183,1,,0.0,0.0,0.0,0.0,0.0,0.0,0.0,0.0,0.0,0.0,0.0,0.0,0.0,0.0,0.0,False,False,False
qwen,75,cap32_chunk-1_pollpm_mem0.9,32,-1,lpm,0.9,0,tool_agent,4.834164491898768,1002.1948116379932,14054.173060717612,13051.97824907962,301.6262592282146,589.1716910991818,671.6854988969862,290.55415453156456,11.26628967042091,54.545097751542926,19.442117998076657,693.3214096352458,6492.41804149933,9563.380857515143,2235.8682468137704,1,,0.01239969923559281,0.012399699235593031,0.012399699235593031,0.012399699235593031,0.1863225258387422,0.6938576858844319,0.7036625552405755,0.555874084957587,0.07708523057921934,0.3568108625953247,0.1379505621359055,0.523046723005361,0.22479250792447492,0.18886360574947048,0.22133311123231736,False,True,True
qwen,76,cap32_chunk-1_polfcfs_mem0.75,32,-1,fcfs,0.75,0,tool_agent,4.836259049021351,1002.6290447478614,14060.262482857812,13057.633438109951,294.4009725470096,667.2031806549057,688.3921287069097,300.6378630339168,10.91148448176682,57.545226253569126,20.077251022404443,713.4945970028639,6649.794683349317,9523.868175353851,2256.3732904335484,1,,0.012838353940969105,0.012838353940969327,0.012838353940969327,0.012838353940969327,0.2058137101669797,0.653311371206776,0.6962918438041305,0.5404606544635424,0.10615025184666493,0.32143371335798865,0.10978922361070709,0.5091690788295173,0.20600142714995007,0.19221494927672234,0.2141919934396158,False,False,True
qwen,77,cap32_chunk-1_polfcfs_mem0.8,32,-1,fcfs,0.8,0,tool_agent,4.833732068097309,1002.1051636975936,14052.91589229658,13050.810728598986,294.4605159573257,628.4297036007047,688.621918526478,303.89179850695655,11.08237230218947,74.59658929146806,20.38530446379888,720.1220660936087,6672.64324929565,9532.465066621076,2261.213157104794,1,,0.0123091384515579,0.012309138451558121,0.0123091384515579,0.0123091384515579,0.20565308379501557,0.6734586426575384,0.6961904640243459,0.5354868585397407,0.09215142011093724,0.12036612092508392,0.09613035701950312,0.5046098757570572,0.20327326340701757,0.19148578754112322,0.21250645408445945,False,False,False
qwen,78,cap32_chunk-1_polfcfs_mem0.85,32,-1,fcfs,0.85,0,tool_agent,4.835587830377371,1002.4898910546846,14058.311075742911,13055.82118468823,302.13119741529226,659.2834683833644,677.7455112198368,291.2142502493225,11.124919587746264,56.17219647392631,19.80733784655852,700.8516278583556,6667.028833366929,9540.605381443162,2247.620885579381,1,,0.012697783309906452,0.012697783309906452,0.012697783309906452,0.012697783309906674,0.18496038704578632,0.6574265706954272,0.7009889698052593,0.5548650970973463,0.08866602080132924,0.3376243129902794,0.12175697843727018,0.517866496045564,0.20394363571880547,0.19079535120786129,0.2172401193149851,False,False,True
qwen,79,cap32_chunk-1_polfcfs_mem0.9,32,-1,fcfs,0.9,0,tool_agent,4.822024777495223,999.678066746422,14018.87975462076,13019.201687874338,270.4485154245049,598.4173399861902,686.9425644818693,293.61587648279965,11.313274369708129,82.5379285961388,21.15955513654257,710.6230149511248,6728.107646876012,9514.062592783006,2279.524556773249,1,,0.009857327491405998,0.009857327491405776,0.009857327491405998,0.009857327491405998,0.27042869051141116,0.6890535101432518,0.6969313695333126,0.5511940965905646,0.07323632608825681,0.026722816801304505,0.061800642670962525,0.511144512518283,0.19665070517479644,0.19304662847140697,0.20612929808292102,False,False,False
qwen,80,cap32_chunk2048_pollpm_mem0.75,32,2048,lpm,0.75,0,tool_agent,4.82466605571502,1000.2256433405594,14026.558637138049,13026.33299379749,195.33879053778944,585.0918391020966,683.4727191552508,238.6084894090891,13.609201964837585,200.23738187737752,42.88818708635639,839.727470651269,6952.599014993755,9893.458140012805,2378.177782727871,1,,0.010410479805482264,0.010410479805482487,0.010410479805482487,0.010410479805482709,0.4730472933716119,0.6959776372509112,0.6984622126131306,0.635275517341855,-0.11484205189175345,-1.361174775275527,-0.9016311686031906,0.42233030259335325,0.16984599399341815,0.16086747125078305,0.17177217501430986,False,False,False
qwen,81,cap32_chunk2048_pollpm_mem0.8,32,2048,lpm,0.8,0,tool_agent,4.829647829157641,1001.2584397018162,14041.041947796844,13039.783508095026,215.3883830178529,762.3318215133622,1866.8272762466224,325.8415912510827,18.48364398665827,179.5314821880309,53.48953376886085,1647.1874720882624,9808.83469856343,14515.03342074342,3006.405641855672,1,,0.011453792655804484,0.011453792655804484,0.011453792655804929,0.011453792655804707,0.41896081625624493,0.6038811241479878,0.17638414740443276,0.5019355510280894,-0.5141478274599693,-1.1170133325544556,-1.371687206178903,-0.13314178924653475,-0.17119416806696264,-0.23112025409671966,-0.04701541821768607,False,False,False
qwen,82,cap32_chunk2048_pollpm_mem0.85,32,2048,lpm,0.85,0,tool_agent,4.829816633713293,1001.2934354182712,14041.532706529306,13040.239271111035,181.86539318412545,573.5599835636093,660.0971961114544,228.27968005090952,13.404134413900062,192.70755010657007,43.03874467457817,815.9919425379485,7024.810738093219,9847.903513512569,2381.296708502341,1,,0.01148914471750162,0.01148914471750162,0.01148914471750162,0.011489144717501842,0.5093935980837807,0.7019697597407284,0.708775138498964,0.6510635962109932,-0.09804327633869092,-1.2723839177812626,-0.9083067830761404,0.4386585707782379,0.1612237721333083,0.16473127381510255,0.17068597316294187,False,False,False
qwen,83,cap32_chunk2048_pollpm_mem0.9,32,2048,lpm,0.9,0,tool_agent,4.822117848271565,999.6973617144196,14019.150335565992,13019.452973851572,189.15291130542755,589.9969808524472,701.9821465201665,240.3283875412308,13.415257805474637,233.32394268363717,44.09738925109832,848.1467908713967,7075.755663565359,10106.627625408575,2408.27918457333,1,,0.009876818931164433,0.009876818931164433,0.009876818931164655,0.009876818931164655,0.48973453606107065,0.6934288531372081,0.6902961342650249,0.6326465708277407,-0.0989544851457198,-1.7513274632696283,-0.9552463172450696,0.4165384399546822,0.1551408477657159,0.1427870946220211,0.16128901485675085,False,False,False
qwen,84,cap32_chunk2048_polfcfs_mem0.75,32,2048,fcfs,0.75,0,tool_agent,4.830885983193139,1001.5151276056856,14044.641583498083,13043.126455892398,214.4706400576979,659.3313607154412,748.6525554023677,281.48335532983765,12.435984225632184,135.92693973332644,31.354175163172272,845.5537026748061,7036.486841016448,9772.520021460943,2396.039384745527,1,,0.011713094294225401,0.011713094294225623,0.011713094294225623,0.011713094294225401,0.42143655154421,0.6574016851322002,0.6697058584041637,0.5697392351638466,-0.018734104117082984,-0.6028338883059838,-0.390221429413137,0.4183222906993904,0.1598296224641903,0.17112506852429465,0.16555166622927087,False,False,False
qwen,85,cap32_chunk2048_polfcfs_mem0.8,32,2048,fcfs,0.8,0,tool_agent,4.8269711966488815,1000.7035336332629,14033.260281169429,13032.556747536164,212.0083139743656,653.4432822838423,744.7373935813079,272.354137825314,12.343457780770256,136.04456079192457,30.96219126905881,842.7232240792364,6963.977653812616,9767.6585734263,2369.5145869930275,1,,0.01089323623465388,0.010893236234654102,0.010893236234654102,0.010893236234654102,0.4280790079177823,0.6604612176657146,0.6714331683606505,0.5836936805385979,-0.01115449938268065,-0.6042208614775226,-0.3728411473057187,0.42026944828439905,0.16848736212380966,0.17153740151493957,0.17478923278560254,False,False,False
qwen,86,cap32_chunk2048_polfcfs_mem0.85,32,2048,fcfs,0.85,0,tool_agent,4.829776916463022,1001.2852014365312,14041.417238156284,13040.132036719751,212.8595905378461,662.1880686143413,767.4004589254033,277.8058977657929,12.28327389207365,134.26137594506145,30.77430820177437,834.2111788224429,6976.827041688373,9809.040658511216,2365.067102038301,1,,0.011480826892922957,0.011480826892922735,0.011480826892922957,0.011480826892922957,0.42578257469025815,0.6559172975077883,0.6614345679955783,0.5753604048500767,-0.006224340352143365,-0.5831937633373505,-0.36451054811108596,0.4261250988134808,0.16695311992218287,0.16802750101192143,0.1763381206851794,False,False,False
qwen,87,cap32_chunk2048_polfcfs_mem0.9,32,2048,fcfs,0.9,0,tool_agent,4.824932829686896,1000.2809495865388,14027.334218435524,13027.053268848986,227.40478860214355,667.0158927328883,750.85107947234,280.4422674840316,12.314387853257358,136.16805751807985,31.038301030370707,850.440478650853,6899.912966391999,9889.93435647338,2380.4841896146536,1,,0.010466349209459658,0.01046634920945988,0.01046634920945988,0.01046634920945988,0.386544943151095,0.6534086887777295,0.6687359029619107,0.5713305877050058,-0.008773141701270859,-0.6056771198039801,-0.37621579902634816,0.41496055430509604,0.17613681188944275,0.16116634767501758,0.17096894223110692,False,False,False
qwen,88,cap32_chunk8192_pollpm_mem0.75,32,8192,lpm,0.75,0,tool_agent,4.838050929119149,1003.0005283703364,14065.471944190936,13062.4714158206,220.0678023509681,624.6467151679099,700.8697018539533,272.69245138624683,12.133918531663433,122.61342857964335,28.54576480756017,727.0293962210417,6816.271555959245,9665.243343450124,2301.5612191380933,1,,0.013213620209859389,0.013213620209859611,0.013213620209859611,0.013213620209859611,0.40633745211927264,0.6754243393306552,0.6907869279629135,0.5831765520877494,0.006010589873079897,-0.44584258922039877,-0.2656985472566449,0.49985814922189054,0.18612376091225413,0.18022394465244673,0.19845477640799236,False,False,False
qwen,89,cap32_chunk8192_pollpm_mem0.8,32,8192,lpm,0.8,0,tool_agent,4.830078455125737,1001.3477149243924,14042.293889448852,13040.94617452446,228.6554793827236,495.9371470613405,674.2613409832119,253.67639673640952,12.153690913692117,118.32047565840185,28.4105144780696,714.9550647009164,6765.400227881035,9741.130563640032,2294.410717377905,1,,0.011543976926802202,0.011543976926802424,0.011543976926802424,0.011543976926802424,0.3831710362575007,0.7423037322550639,0.7025261328178951,0.6122435006759446,0.004390870876433417,-0.3952206121747328,-0.2597016455548955,0.508164386280217,0.19219789760616202,0.17378742528009872,0.2009450210664906,True,False,True
qwen,90,cap32_chunk8192_pollpm_mem0.85,32,8192,lpm,0.85,0,tool_agent,4.825033609166822,1000.3018426844196,14027.627210586335,13027.325367901914,219.8730495292693,530.4195635486379,692.9361222218722,269.3092185049318,12.047203390726022,121.38856141828,28.31972515143064,733.4700804203749,6711.383879324419,9673.856546250168,2299.0930013149045,1,,0.010487455052121453,0.010487455052121453,0.010487455052121453,0.010487455052121453,0.4068628240960068,0.7243861592636945,0.6942871028510524,0.5883479852811178,0.013114142741390888,-0.4313991051049024,-0.2556761125342175,0.4954274401852611,0.1986475559349996,0.1794933994230693,0.19931436171491823,False,False,False
qwen,91,cap32_chunk8192_pollpm_mem0.9,32,8192,lpm,0.9,0,tool_agent,4.834464448033277,1002.2569970440188,14055.045111189223,13052.788114145204,220.854255836457,534.1518281493319,706.6919260006398,264.97073414735496,12.137292661582643,118.7655640300363,28.30878751959573,741.3523911964148,6592.251054313964,9622.3951034015,2275.077958630864,1,,0.012462517846930865,0.012462517846930865,0.012462517846930865,0.012462517846930865,0.40421588787862817,0.722446819443045,0.6882182510608827,0.5949795660214189,0.005734187044155625,-0.40046903994590366,-0.25519114585642133,0.490004999881708,0.2128722497100941,0.1838581998861185,0.20767787713987806,False,True,True
qwen,92,cap32_chunk8192_polfcfs_mem0.75,32,8192,fcfs,0.75,0,tool_agent,4.831537645145456,1001.65022690333,14046.536134225578,13044.885907322248,237.8779228311032,627.0983822643751,705.9558158600703,282.0786086213775,11.807532981038094,100.63928440213203,24.4319524052536,732.2563037741929,6875.576139776968,9594.822724396356,2300.318044514861,1,,0.011849569245716118,0.011849569245715896,0.011849569245716118,0.011849569245716118,0.3582922524610447,0.6741504168905723,0.68854301167947,0.5688293620518502,0.032747524037706754,-0.18672616223884342,-0.083295083331699,0.49626242774065854,0.17904267688530762,0.186196803819221,0.1988877263000295,False,False,False
qwen,93,cap32_chunk8192_polfcfs_mem0.8,32,8192,fcfs,0.8,0,tool_agent,4.834043212827781,1002.1696686673912,14053.820470925692,13051.650802258302,236.55282449908557,623.1378252850845,730.2505990071222,281.94940424291417,11.540180446082536,81.76258224993944,23.65289774335152,728.2615383155644,6719.954074802806,9526.896496415133,2273.5670138616115,1,,0.012374300245716396,0.012374300245716174,0.012374300245716396,0.012374300245716396,0.3618668837500122,0.676208380803544,0.6778245221920471,0.5690268571209021,0.054648576679765415,0.03586560631235136,-0.048752363581488156,0.4990105276115687,0.19762425772762438,0.19195809644790807,0.20820408107172883,False,False,False
qwen,94,cap32_chunk8192_polfcfs_mem0.85,32,8192,fcfs,0.85,0,tool_agent,4.833824958922045,1002.1244213589238,14053.185950075704,13051.06152871678,213.44924066215756,632.3943998897448,699.1522558173165,275.8860273403116,11.375040073726474,100.84902415983362,23.355841037007647,723.9723624661565,6580.994370626284,8846.146791633211,2250.8755580009893,1,,0.01232859220477267,0.01232859220477267,0.012328592204772892,0.012328592204772892,0.4241919140328727,0.6713985278980739,0.6915446390804603,0.5782950185741669,0.06817658750973743,-0.18919938787041235,-0.03558108426187756,0.5019611598126681,0.21421631989701617,0.2496971815215724,0.21610664212906283,False,False,False
qwen,95,cap32_chunk8192_polfcfs_mem0.9,32,8192,fcfs,0.9,0,tool_agent,4.837358709287476,1002.8570208159332,14063.459481163109,13060.602460347176,203.15319043584168,655.9079225175083,708.0753689492121,275.69226606283337,11.574103888347873,83.13750172965229,23.89273741609839,725.2462734468281,6720.459498441776,9470.891981529998,2271.7096135625616,1,,0.013068651384209318,0.01306865138420954,0.01306865138420954,0.01306865138420954,0.4519668967662146,0.6591805541918991,0.6876078970350424,0.5785911919494833,0.05186962754813851,0.019652723567405217,-0.05938668105088141,0.5010848043325302,0.19756390915039201,0.1967082262338593,0.20885094213526356,False,False,False
qwen,96,cap48_chunk-1_pollpm_mem0.75,48,-1,lpm,0.75,0,tool_agent,4.833450407776072,1002.0467712880964,14052.097032511065,13050.050261222968,272.1318784169853,533.9092505164444,666.4856924302875,281.8987167812884,11.30493517659443,90.81509979441762,21.297191782959523,703.8298023398966,6635.482327803035,9545.456513562236,2253.0283794016577,1,,0.012250151459082925,0.012250151459082925,0.012250151459083147,0.012250151459083147,0.2658875920297248,0.7225728663645227,0.7059566309115786,0.5691043353290937,0.07391945822091373,-0.0708805760356106,0.05569793340415463,0.515817734737039,0.2077103505707475,0.1903838931812778,0.2153568972617076,False,False,True
qwen,97,cap48_chunk-1_pollpm_mem0.8,48,-1,lpm,0.8,0,tool_agent,4.836193839371243,1002.6155258092492,14060.07290145044,13057.457375641192,287.2983170673251,521.9046228332445,652.5563412485642,282.879508738406,11.387347730842926,92.23246527835728,20.85658618306576,700.508517678827,6662.929703644475,9504.807251691816,2255.287988674827,1,,0.012824697345239722,0.0128246973452395,0.012824697345239722,0.012824697345239722,0.22497408030628718,0.7288106482446639,0.7121020491811809,0.5676051479362189,0.06716836573823781,-0.08759397688338022,0.07523406674856514,0.5181025301882028,0.20443307987528514,0.19383163788514035,0.21456996228685987,False,False,True
qwen,98,cap48_chunk-1_pollpm_mem0.85,48,-1,lpm,0.85,0,tool_agent,4.848632235766532,1005.1941919579384,14096.234553754606,13091.040361796668,271.61868498660624,530.0351885147385,676.6229479666799,287.4143227492459,11.236083083936284,75.12053833343066,20.432328135079363,703.2675875816494,6685.005972371436,9443.443233990109,2236.469074599445,1,,0.015429620862150717,0.015429620862150495,0.015429620862150717,0.015429620862150717,0.267272000453764,0.7245858862094117,0.7014842276700897,0.5606734679354339,0.07955970137803436,0.11418777775153277,0.09404536147541398,0.5162044964432176,0.20179712994032684,0.1990363441283487,0.2211238660304934,True,True,True
qwen,99,cap48_chunk-1_pollpm_mem0.9,48,-1,lpm,0.9,0,tool_agent,4.830519524185261,1001.4391551564676,14043.576191882845,13042.137036726375,227.81599359586835,665.451146219857,679.6691566472873,286.3394839223474,11.48022385314107,84.98138543218363,21.819366423054703,704.1386112105101,6625.318564497864,9471.40154550783,2259.302011218388,1,,0.011636348252592299,0.011636348252592299,0.011636348252592521,0.011636348252592299,0.385435662276437,0.654221754180804,0.7001402866469508,0.5623164104646468,0.059560116039090394,-0.0020901280726786098,0.03254508786513122,0.5156052973295722,0.20892392391298897,0.19666500659283725,0.2131720326682912,False,False,False
qwen,100,cap48_chunk-1_polfcfs_mem0.75,48,-1,fcfs,0.75,0,tool_agent,4.836519963810841,1002.6831362974444,14061.021029988706,13058.33789369126,233.0746129155159,612.5980989774689,673.3885034266859,290.6456070835702,11.312250392444804,82.62488506734363,21.323732625364727,701.6240828670561,6611.1106275347975,9553.73362054582,2245.265426170081,1,,0.01289299627985696,0.01289299627985696,0.012892996279857183,0.01289299627985696,0.3712498281367477,0.6816849782889702,0.7029112154966424,0.5557342953599886,0.0733202085169462,0.025697436702789456,0.05452113166485295,0.5173351047707375,0.21062037954944124,0.18968185455984055,0.21806043520456053,False,True,True
qwen,101,cap48_chunk-1_polfcfs_mem0.8,48,-1,fcfs,0.8,0,tool_agent,4.838588963890035,1003.1120710488626,14067.036151158944,13063.92408011008,288.56614488177,656.8600162863731,693.2316994015127,296.4089168724604,11.179012449153152,76.149183232337,20.310463279486545,718.8967340625823,6708.067760034463,9521.020962740293,2255.9247889532708,1,,0.013326298676042514,0.013326298676042514,0.013326298676042736,0.013326298676042736,0.22155394395486827,0.6586858322049831,0.6941566986867707,0.5469248008346379,0.08423482808632932,0.10205812261300895,0.09944876095429644,0.5054528125530117,0.19904350710477303,0.1924564410469901,0.21434818924979082,False,False,False
qwen,102,cap48_chunk-1_polfcfs_mem0.85,48,-1,fcfs,0.85,0,tool_agent,4.834099707776659,1002.181380917718,14053.98471643077,13051.803335513052,279.7179121989757,620.7831289852038,674.0346049610523,292.4734945455566,11.186805469471784,58.57068300247192,20.18239258583841,703.2175264321268,6762.106742314061,9480.487570813852,2256.904341154732,1,,0.01238613175648684,0.01238613175648684,0.012386131756487062,0.012386131756487062,0.24542324379152425,0.67743191578524,0.7026261653086248,0.5529402819928142,0.08359643747496903,0.3093416524953069,0.10512732280013859,0.5162389347700644,0.1925911462648653,0.1958943580204755,0.21400704890478872,False,False,False
qwen,103,cap48_chunk-1_polfcfs_mem0.9,48,-1,fcfs,0.9,0,tool_agent,4.845694241731235,1004.5851017245108,14087.693041215549,13083.107939491038,255.98449795506892,614.7730408702046,674.2516033677383,296.3000677525997,10.958827566355469,90.58616966940464,21.34809516088677,706.679078983143,6690.894109546204,9529.782193535932,2258.01915820688,1,,0.0148143285437623,0.014814328543762079,0.0148143285437623,0.0148143285437623,0.3094473264579928,0.6805548463526128,0.702530428906008,0.5470911819178395,0.10227198905785029,-0.06818105993420476,0.05344091447587174,0.5138576455011165,0.2010940747730421,0.19171334054073064,0.21361880101639974,False,False,False
qwen,104,cap48_chunk2048_pollpm_mem0.75,48,2048,lpm,0.75,0,tool_agent,4.824951474262501,1000.2848148867304,14027.388423064398,13027.103608177667,205.66974533721805,583.2121658371758,693.5722650540981,242.19923649914563,13.769457917660477,191.23079725541172,42.67652187093753,843.2383364997804,6964.579839725045,9987.449939656068,2392.266568390187,1,,0.010470253868220647,0.010470253868220647,0.010470253868220869,0.010470253868220869,0.4451781508493985,0.6969543432464598,0.6940064462912289,0.6297868887602801,-0.12796993960585668,-1.2549702283453579,-0.8922460861762007,0.41991508946382206,0.16841545994068574,0.15289537742877002,0.1668655930125198,False,False,False
qwen,105,cap48_chunk2048_pollpm_mem0.8,48,2048,lpm,0.8,0,tool_agent,4.821467156365248,999.5624635218614,14017.258605014433,13017.69614149257,190.8650421537459,596.1324651027096,690.5867963703338,241.5264264936559,13.384843701755422,198.9491141866892,42.81440529563771,845.5404187552631,6995.86396422237,9922.744914111678,2385.6634714850225,1,,0.009740547132520705,0.009740547132520927,0.009740547132520927,0.009740547132520927,0.4851158324121977,0.6902407648855634,0.6953235897498994,0.6308153110171208,-0.09646301489754605,-1.3459836798540015,-0.898359737413444,0.4183314290425446,0.1646800739044918,0.15838345762675987,0.16916519762057447,False,False,False
qwen,106,cap48_chunk2048_pollpm_mem0.85,48,2048,lpm,0.85,0,tool_agent,4.828148287970023,1000.9475623205052,14036.682391683727,13035.734829363222,200.8289978839457,574.0877372212706,713.8965148432171,236.22566741658372,13.70393828089748,191.18902767077088,43.05826451437322,837.7327115740627,7019.615969853474,9915.292725055471,2384.2643991927616,1,,0.011139749753482864,0.011139749753482864,0.011139749753483086,0.011139749753483086,0.45823671932718824,0.7016955311440727,0.685039695841725,0.6389177746673811,-0.12260268541440689,-1.2544776864997593,-0.9091722786422196,0.42370254765237847,0.16184403768511124,0.15901552926025286,0.1696524406728107,False,False,False
qwen,107,cap48_chunk2048_pollpm_mem0.9,48,2048,lpm,0.9,0,tool_agent,4.821955830996804,999.6637731031022,14018.679309223766,13019.015536120663,198.19003250449896,582.2460897499692,703.1182186165814,239.5330981723964,13.641612910266437,200.2775344066321,43.25181386503189,843.7308301217854,6977.012050454504,9948.058711849148,2382.116930577904,1,,0.009842888302507902,0.00984288830250768,0.009842888302507902,0.009842888302507902,0.46535568400168814,0.6974563306525372,0.6897949165036366,0.6338622086465374,-0.1174970999246221,-1.3616482490013144,-0.9177541167398371,0.419576290685002,0.1669310295113856,0.1562364195732222,0.17040032137080818,False,False,False
qwen,108,cap48_chunk2048_polfcfs_mem0.75,48,2048,fcfs,0.75,0,tool_agent,4.832123810955694,1001.7717478682796,14048.24027063905,13046.46852277077,201.33995241485536,649.772269767709,729.9826256418594,268.35499056149274,12.38898143760468,135.9071226790547,30.906634498154716,829.3241462670267,6995.656408765351,9820.331376511598,2363.885953214485,1,,0.011972327602611355,0.011972327602611355,0.011972327602611355,0.011972327602611355,0.4568583506361279,0.6623687299983925,0.6779427479724995,0.5898065683092013,-0.014883717828114484,-0.6026002080199755,-0.37037780030143863,0.4294870117151919,0.1647048564345559,0.16706985722215928,0.17674946937762714,False,False,False
qwen,109,cap48_chunk2048_polfcfs_mem0.8,48,2048,fcfs,0.8,0,tool_agent,4.840906951147373,1003.5926245771176,14073.775142792712,13070.182518215595,209.2916020192206,656.0588012449442,740.5418952740722,271.5019370755181,12.304886660630793,137.8938158974051,31.094764932181995,840.9070551861078,7001.005952246484,9879.448647960084,2380.113363724668,1,,0.013811745459265001,0.013811745459265001,0.013811745459265223,0.013811745459265223,0.43540770445548516,0.6591021553762978,0.6732841585188427,0.5849963101238234,-0.007994820598344443,-0.6260270520457953,-0.37871936755838,0.4215188366533651,0.1640661104143134,0.16205571304918387,0.17109808662163217,False,False,False
qwen,110,cap48_chunk2048_polfcfs_mem0.85,48,2048,fcfs,0.85,0,tool_agent,4.827948709744471,1000.9061867606752,14036.102165891713,13035.195979131038,214.52883863821623,690.6299674650652,730.7447254005813,276.98689648648724,12.39591680074993,137.00738055631513,31.260884482227794,829.7881360631436,7050.492495344951,9913.991762185464,2383.8223315170035,1,,0.011097952885407603,0.011097952885407825,0.011097952885407825,0.011097952885408047,0.4212795530318222,0.6411384667127158,0.677606521128951,0.5766122874575684,-0.015451850662019151,-0.6155743146614436,-0.3860849881532855,0.4291678214368093,0.1581573197724233,0.15912587290829472,0.16980639583640234,False,False,False
qwen,111,cap48_chunk2048_polfcfs_mem0.9,48,2048,fcfs,0.9,0,tool_agent,4.833377514043125,1002.0316593238504,14051.885111477017,13049.853452153164,213.32277334295213,684.3479292932898,750.1730817975471,286.31224730983377,12.2973415315023,133.199162222445,30.71847192350159,849.2622936610132,6969.657901325261,9884.263249482025,2382.6878239633515,1,,0.012234885616674074,0.012234885616674074,0.012234885616674296,0.012234885616674074,0.4245330766661207,0.6444027065469171,0.6690350252428454,0.5623580429289108,-0.007376736800254635,-0.5706682687255134,-0.36203480795241405,0.4157710574627955,0.1678091293913362,0.16164735343489622,0.1702015011689032,False,False,False
qwen,112,cap48_chunk8192_pollpm_mem0.75,48,8192,lpm,0.75,0,tool_agent,4.828785766153473,1001.0797211101072,14038.535706507346,13037.45598539724,201.5933895017952,618.2203551754355,690.1582342665642,256.24180478043854,12.227773542598456,119.98502723872662,28.22467371733441,716.8050466571003,6696.450592949984,9665.891477065155,2287.834877287969,1,,0.011273254255093512,0.011273254255093512,0.011273254255093734,0.011273254255093734,0.45617466994702727,0.6787635709148567,0.6955126648437645,0.6083221518422015,-0.0016778486732411668,-0.4148488013108389,-0.2514616007542285,0.5068917370527151,0.20043061971875098,0.18016897196325632,0.20323513317446518,False,False,False
qwen,113,cap48_chunk8192_pollpm_mem0.8,48,8192,lpm,0.8,0,tool_agent,4.832669060913183,1001.8847863632166,14049.82545403046,13047.940667667244,207.65838352963328,618.1521406862885,717.3258507950231,264.08199914498255,12.12896241981914,122.36861065030098,27.917007289492293,736.6715548560023,6778.049822151659,9710.556139606046,2294.5829810528085,1,,0.012086517116413509,0.01208651711641373,0.01208651711641373,0.01208651711641373,0.4398135313843514,0.6787990161711024,0.6835267248830714,0.5963380399582148,0.006416585897840998,-0.4429557260688799,-0.2378198940637748,0.493225065208711,0.1906875111542078,0.1763806533901897,0.200885028256102,False,False,False
qwen,114,cap48_chunk8192_pollpm_mem0.85,48,8192,lpm,0.85,0,tool_agent,4.841639850750456,1003.7445656583308,14075.90587249277,13072.16130683444,229.0230775251985,531.0107359662634,699.0779846766964,263.3421611250378,12.059044942006112,118.48327904008327,28.48187897481901,726.5837544109672,6694.084774632936,9797.598174698647,2269.7355070873164,1,,0.013965233686439316,0.013965233686439538,0.013965233686439538,0.013965233686439538,0.3821793907394988,0.7240789773425206,0.6915774063801368,0.597468917739401,0.012144103545794649,-0.3971403697871809,-0.2628658956799266,0.5001647174581039,0.2007131030820436,0.16899801710861162,0.20953844746987615,False,False,False
qwen,115,cap48_chunk8192_pollpm_mem0.9,48,8192,lpm,0.9,0,tool_agent,4.839209035947376,1003.2406212874304,14068.83886184837,13065.59824056094,207.59416627697647,587.0362153742454,696.495929453522,251.33806142024696,12.144503225995734,121.342348260805,28.835356535225948,721.9789659138769,6756.619353266432,9657.28662771638,2274.753599218093,1,,0.013456157882407727,0.013456157882407727,0.013456157882407727,0.013456157882407949,0.43998676607576415,0.6949673106169949,0.6927165699445128,0.6158177579900106,0.005143510203121315,-0.4308541651906228,-0.27853883482557507,0.5033324675564457,0.19324635131704537,0.1808988086787261,0.207790839044116,False,False,False
qwen,116,cap48_chunk8192_polfcfs_mem0.75,48,8192,fcfs,0.75,0,tool_agent,4.83426739643344,1002.2161452915984,14054.472230955082,13052.256085663485,214.89796927198768,600.8430987596503,693.7677500536665,275.61253691557795,11.528097865201772,99.3183184415102,23.63425951852833,719.7356985416263,6708.190836245193,9405.558105586091,2263.436498765368,1,,0.012421250119954985,0.012421250119954763,0.012421250119954985,0.012421250119954985,0.42028377341206624,0.6877930500505278,0.6939202012772215,0.5787130617624874,0.055638360599209125,-0.17114949280791802,-0.047925958185059514,0.5048756677367674,0.1990288115629819,0.20224964357832353,0.21173214972373788,False,False,False
qwen,117,cap48_chunk8192_polfcfs_mem0.8,48,8192,fcfs,0.8,0,tool_agent,4.828214212870805,1000.961229541311,14036.874052510777,13035.912822969469,241.47514859214425,651.3169795973226,947.7776303514838,289.76409784751013,11.575839126247391,83.87783518992364,24.57360595780407,720.0461647007614,6759.733858029358,9729.979020440946,2313.0476952553727,1,,0.011153556141295429,0.011153556141295429,0.01115355614129565,0.011153556141295873,0.34858825129509474,0.6615660759520094,0.5818548984015275,0.5570817243675508,0.05172747989058901,0.010922801735148813,-0.0895758993086242,0.5046620902387448,0.19287447331860275,0.174733264693545,0.19445447870087473,False,False,False
qwen,118,cap48_chunk8192_polfcfs_mem0.85,48,8192,fcfs,0.85,0,tool_agent,4.830234101051397,1001.3799826594704,14042.746392622685,13041.366409963211,203.24555085971951,602.46276804246,687.4541215412319,274.48871864471585,11.438539229691369,101.18449246510863,23.258752726571693,713.9651817269623,6705.497926520182,9451.368841272772,2272.794680397492,1,,0.011576573229346021,0.011576573229346243,0.011576573229346243,0.011576573229346021,0.451717742078537,0.6869514459649408,0.6967056783250476,0.5804308717132441,0.06297484757581606,-0.1931551891942873,-0.03127625885948215,0.5088453517339118,0.19935035028414383,0.19836411862470238,0.20847305510293768,False,False,False
qwen,119,cap48_chunk8192_polfcfs_mem0.9,48,8192,fcfs,0.9,0,tool_agent,4.833656400053821,1002.0894765771578,14052.69590562047,13050.606429043311,221.8899973668158,626.4066460775198,711.2159705068916,279.26946037681773,11.48586268850284,83.6990918032825,23.53441133504373,726.2444898951799,6687.154964869839,9501.906643304968,2275.105407047085,1,,0.012293291596409128,0.012293291596409128,0.012293291596409128,0.012293291596409128,0.4014218355488919,0.6745098532317961,0.6862223113075874,0.5731232794340205,0.059098192496384594,0.013030521941173268,-0.04349876200956215,0.5003981060717022,0.20154053600652155,0.1940776585197982,0.20766831791254403,False,False,False
qwen,120,cap64_chunk-1_pollpm_mem0.75,64,-1,lpm,0.75,0,tool_agent,4.8340531294864775,1002.1717245394892,14053.849301230855,13051.677576691369,277.91728312149644,532.7931509586051,677.2192589147015,291.7548351502046,11.481012510894626,55.48820104449983,20.076292358255586,711.7165736854076,6758.436769363468,9646.28455894533,2277.041731672361,1,,0.012376377051811494,0.012376377051811716,0.012376377051811494,0.012376377051811716,0.25028068333744946,0.7231528081821325,0.7012211443328598,0.5540387872338737,0.05949551057357616,0.34568990363685803,0.1098317300850894,0.5103922258952913,0.19302934825814877,0.18183197013336294,0.2069939705426771,False,False,True
qwen,121,cap64_chunk-1_pollpm_mem0.8,64,-1,lpm,0.8,0,tool_agent,4.837376636971511,1002.8607374937488,14063.511601601796,13060.650864108047,234.92986941710117,594.222396123223,687.3472532397136,286.8494303082116,11.31424803213127,76.48003729991615,21.63925954424773,703.8108131382614,6713.687367993406,9548.74429367482,2260.908991249744,1,,0.013072405907241125,0.013072405907241347,0.013072405907241569,0.013072405907241347,0.3662450237540198,0.691233264943415,0.6967528269972307,0.5615369330360427,0.07315656536338344,0.09815673181704065,0.04053089649186459,0.51583079788758,0.19837251485435814,0.1901050338379825,0.2126123833494592,False,False,False
qwen,122,cap64_chunk-1_pollpm_mem0.85,64,-1,lpm,0.85,0,tool_agent,4.82563379618456,1000.426270456002,14029.372110295524,13028.945839839522,228.69115904904905,587.0816822163761,672.0935206860304,281.3857738976367,11.395106790587306,85.7695570215582,22.052481786481223,697.9321625549346,6710.447921417653,9540.626828763629,2266.4119797945023,1,,0.010613149814320932,0.010613149814320932,0.010613149814321154,0.010613149814321154,0.38307478555025487,0.6949436853741741,0.7034825422217296,0.5698883930478125,0.0665327571177966,-0.011384151286384814,0.02220892140326758,0.519874869830345,0.19875931115115397,0.19079353211245464,0.21069590415835404,False,False,False
qwen,123,cap64_chunk-1_pollpm_mem0.9,64,-1,lpm,0.9,0,tool_agent,4.836263536285064,1002.629975024938,14060.275528500117,13057.64555347518,263.09899170883,511.57810925506055,668.1858269916847,280.3206449514255,11.455018297357755,86.68253943324083,21.387807679699907,699.2170920129865,6722.9512448888245,9549.8175616702,2263.8550307787955,1,,0.012839293690628306,0.012839293690628306,0.012839293690628528,0.01283929369062875,0.2902550209793229,0.7341764572462354,0.7052065573540891,0.5715164935602174,0.061624911138843164,-0.02214992848804309,0.05168009013963337,0.5189909344618306,0.19726638972053434,0.19001400256517142,0.21158639112583766,False,False,True
qwen,124,cap64_chunk-1_polfcfs_mem0.75,64,-1,fcfs,0.75,0,tool_agent,4.836751074348861,1002.731048978634,14061.692928411469,13058.961879432834,286.72157297842205,667.7088989410549,680.9112720936537,293.9548778627068,11.1553344382521,80.51690501160905,20.894733801368613,705.7067009154707,6792.582805175333,9528.202321412968,2271.256102877669,1,,0.012941396833783925,0.012941396833783925,0.012941396833783925,0.012941396833783925,0.22652992519425164,0.6530485925146712,0.6995922841694865,0.5506759167755327,0.08617448937770023,0.05055448031631615,0.07354262896811958,0.5145265688884644,0.1889522443783862,0.1918473404092177,0.20900888245868443,False,False,False
qwen,125,cap64_chunk-1_polfcfs_mem0.8,64,-1,fcfs,0.8,0,tool_agent,4.8367941453719645,1002.7399782477888,14061.818147074098,13059.078168826309,251.7384015955031,658.3021873608232,685.1273452769965,284.71367416204885,11.29937367574913,79.71294946037222,21.433422635445595,710.1223249919713,6703.53427599184,9410.75441620312,2256.641858944204,1,,0.012950417025568539,0.012950417025568761,0.012950417025568761,0.012950417025568761,0.32090174348964373,0.6579364588105164,0.6977322166883183,0.5648015384045368,0.07437504665512096,0.06003462608243304,0.04965755602258626,0.5114889497640652,0.1995848140219466,0.20180890857883949,0.21409846136011546,False,False,False
qwen,126,cap64_chunk-1_polfcfs_mem0.85,64,-1,fcfs,0.85,0,tool_agent,4.846411495111148,1004.7337991089676,14089.778283276835,13085.044484167867,254.58824657835063,589.1181789105758,674.1241701040417,291.0959360096604,11.24956251617826,79.92946817539621,21.188181554167244,699.4341055396944,6668.504083389415,9488.863060753789,2250.438416602556,1,,0.014964540045112162,0.01496454004511194,0.014964540045112162,0.014964540045112162,0.3132139026719116,0.6938854916081296,0.7025866505272924,0.5550459460686411,0.07845548983515283,0.057481463813248035,0.060531368036179645,0.5188416453856863,0.20376748796263722,0.19518397486088157,0.216258881659793,False,True,True
qwen,127,cap64_chunk-1_polfcfs_mem0.9,64,-1,fcfs,0.9,0,tool_agent,4.8410699602232725,1003.6264188036878,14074.24905255871,13070.622633755023,251.0129134170711,663.4888739325106,679.179177833721,291.47395910229534,11.245827423408628,89.73904317244876,21.6828841199691,703.8165188860148,6819.775249669328,9487.06328319385,2274.116319019813,1,,0.013845883796859804,0.013845883796860026,0.013845883796860026,0.013845883796860026,0.3228588456002851,0.6552413798485823,0.7003564578607658,0.5544681197002854,0.07876146211024004,-0.05819184764364138,0.03859661438425743,0.515826872759853,0.18570541298754673,0.19533662642858263,0.2080127792187998,False,False,False
qwen,128,cap64_chunk2048_pollpm_mem0.75,64,2048,lpm,0.75,0,tool_agent,4.820460955913266,999.3538630751586,14014.3333186884,13014.97945561324,197.77886476367712,586.6133070550857,716.2311178073277,242.56155856186524,13.849394146486052,192.3351563513279,43.28780636221484,853.931954363361,7101.848761783911,9963.952708481806,2404.91945263464,1,,0.00952982260366686,0.00952982260366686,0.00952982260366686,0.00952982260366686,0.46646486438162116,0.6951870600269585,0.6840097044572923,0.6292330621667322,-0.13451817583562575,-1.2679926960568078,-0.9193499980099205,0.4125586801389659,0.15202528048382036,0.15488833992326112,0.1624590802304693,False,False,False
qwen,129,cap64_chunk2048_pollpm_mem0.8,64,2048,lpm,0.8,0,tool_agent,4.830207899637951,1001.3745507134416,14042.670218301426,13041.295667587983,202.0959744695574,587.0618525194004,710.7111596222957,237.6304263714701,13.45158716948289,194.00361115112895,42.55372713122101,846.9503975939006,6958.670659991911,9810.891955723053,2363.03396735806,1,,0.011571085972316153,0.011571085972315931,0.011571085972315931,0.011571085972315931,0.454818879280238,0.6949539891776528,0.686445026205964,0.6367705334508209,-0.10193052318377127,-1.2876669114807293,-0.8868014563084177,0.41736146905250904,0.1691210276308538,0.1678704797066457,0.17704618327257238,False,False,False
qwen,130,cap64_chunk2048_pollpm_mem0.85,64,2048,lpm,0.85,0,tool_agent,4.82709673352996,1000.7295593117636,14033.625249522313,13032.895690210547,193.64505680277944,578.043321240693,704.1366642201309,236.74079885473475,13.580585355602274,203.80878909490997,43.48111806694088,844.9939908459783,6952.018149755892,9977.305562836113,2395.7272452046163,1,,0.010919526920637024,0.010919526920637024,0.010919526920637246,0.010919526920637024,0.47761636832858345,0.6996401512545105,0.6893455937651258,0.6381303716384868,-0.11249782925176999,-1.4032883734219443,-0.9279212990589174,0.41870733057732024,0.16991535044603712,0.1537557921041084,0.1656603724222805,False,False,False
qwen,131,cap64_chunk2048_pollpm_mem0.9,64,2048,lpm,0.9,0,tool_agent,4.821537729955526,999.57709448573,14017.463780790504,13017.886686304775,188.00004106014967,567.7631325554096,689.6869159024199,233.1624818383716,13.441584001366907,205.7756590656936,43.2948933372151,829.297608230263,6993.944812682455,9939.982396559784,2381.394267694559,1,,0.0097553270767472,0.0097553270767472,0.009755327076747422,0.009755327076747422,0.49284455888074696,0.7049818891574058,0.6957206033505926,0.6436000002582059,-0.10111108112562173,-1.4264814641311765,-0.9196642293511632,0.4295052678997313,0.1649092243754967,0.15692142766400607,0.17065199704973255,False,False,False
qwen,132,cap64_chunk2048_polfcfs_mem0.75,64,2048,fcfs,0.75,0,tool_agent,4.828658805844873,1001.05340033373,14038.166599880567,13037.11319954684,211.9418818037957,645.6164433155205,739.3319885991508,271.7453869176097,12.442225284712972,125.53384681232264,30.21652817711417,836.7860910948366,7030.053260433486,9825.962967928494,2376.7862243088894,1,,0.011246665466388306,0.011246665466388528,0.011246665466388528,0.01124666546638875,0.42825821764869454,0.6645281588140608,0.6738179509753306,0.5846241854021508,-0.019245360774863496,-0.48027980468738796,-0.33977898559522646,0.42435375174526035,0.16059780464791673,0.16659220305112377,0.1722568012735678,False,False,False
qwen,133,cap64_chunk2048_polfcfs_mem0.8,64,2048,fcfs,0.8,0,tool_agent,4.830580118242724,1001.4517172134904,14043.752354562344,13042.300637348852,204.62883985601368,650.6935845362023,724.7094840370111,269.7428755625151,12.446976487377755,130.6806890759617,30.751445832706644,835.0323673803359,7037.609673175029,9815.777522032144,2379.470338381361,1,,0.011649038223248809,0.011649038223248809,0.01164903822324903,0.011649038223248809,0.44798613363231055,0.661890001234746,0.680269177993099,0.5876851197377759,-0.01963457099758248,-0.5409707406719018,-0.36349684721671705,0.4255601825015446,0.15969555409457648,0.16745610107853603,0.17132202760929327,False,False,False
qwen,134,cap64_chunk2048_polfcfs_mem0.85,64,2048,fcfs,0.85,0,tool_agent,4.829763953137597,1001.282513944721,14041.379550398811,13040.09703645409,213.35038798861208,681.9357366301119,740.522752744145,280.1571475737728,12.37423215551596,137.706750864163,31.206386188481105,840.4925563372672,6964.294362277722,9886.329577080902,2377.581882830709,1,,0.011478112035622656,0.011478112035622878,0.011478112035622878,0.011478112035622878,0.4244585824387681,0.6456561174883357,0.6732926039124296,0.5717664071178952,-0.013675482404009065,-0.6238212039984126,-0.3836685732599321,0.42180398086140136,0.16844954650975275,0.1614720939170683,0.1719797040221578,False,False,False
qwen,135,cap64_chunk2048_polfcfs_mem0.9,64,2048,fcfs,0.9,0,tool_agent,4.831720690696092,1001.6881749916604,14047.06829523312,13045.38012024146,214.9522118270397,669.6706361835822,761.8604676425451,276.6825857083313,12.467033201668029,138.8137355446815,31.409059404021225,845.4901177901775,7025.006243376992,9805.438370727928,2385.480266418308,1,,0.011887903741929495,0.011887903741929717,0.011887903741929717,0.011887903741929717,0.42013744681139253,0.6520292448640846,0.6638787280428737,0.5770774410294512,-0.02127758199641594,-0.6368746322831338,-0.3926549569216171,0.41836603234456315,0.16120042841764604,0.16833303592338444,0.1692290008967775,False,False,False
qwen,136,cap64_chunk8192_pollpm_mem0.75,64,8192,lpm,0.75,0,tool_agent,4.844905681180016,1004.4216212938352,14085.400490667413,13080.97886937358,208.49142502993345,622.6068548159674,704.2753419978544,260.4660486546345,12.101515750783149,122.34252146445216,28.52749765677913,731.6059907898307,6773.436111398039,9639.32561254594,2273.491743793711,1,,0.014649183467251081,0.014649183467251303,0.014649183467251081,0.014649183467251303,0.4375662896966742,0.6764842809029518,0.6892844112349641,0.601865193141975,0.008664969080391938,-0.44264808557260427,-0.26488859501462403,0.49670979443762364,0.19123839729857095,0.18242220644981677,0.20823029474047827,False,False,False
qwen,137,cap64_chunk8192_pollpm_mem0.8,64,8192,lpm,0.8,0,tool_agent,4.845288588013409,1004.5010036239996,14086.51370038786,13082.012696763864,201.9278560765088,624.5925509603693,698.8743737665936,258.2846887339838,12.243837118148804,120.34501368179916,28.702369743244446,724.7505309060216,6764.232303621246,9613.450114699075,2273.5589860379696,1,,0.01472937411107611,0.014729374111075888,0.01472937411107611,0.014729374111076332,0.4552724012970739,0.6754524838530231,0.6916672364225064,0.6051995060598465,-0.002993748721865419,-0.4190937175240592,-0.27264229673840035,0.5014258381245023,0.19233735006140718,0.18461688616985006,0.2082068768538452,False,False,False
qwen,138,cap64_chunk8192_pollpm_mem0.85,64,8192,lpm,0.85,0,tool_agent,4.841004300970553,1003.6128066557102,14074.05816403965,13070.44535738394,207.56310340948403,505.9072865406051,683.0919116130098,252.8778807958588,12.23471552427662,121.31353071890771,28.94502487552256,733.5243050474674,6774.159273039548,9759.493651394729,2290.390847120434,1,,0.013832133042656958,0.013832133042656736,0.013832133042656958,0.013832133042656958,0.4400705623461091,0.7371231004997556,0.6986302191194467,0.613464070463855,-0.0022465236858006943,-0.43051435225272217,-0.28340144964529457,0.4953901376972286,0.19115205037529903,0.1722299249556244,0.2023449872188321,True,False,True
qwen,139,cap64_chunk8192_pollpm_mem0.9,64,8192,lpm,0.9,0,tool_agent,4.834841268787232,1002.3351176386248,14056.140627094366,13053.80550945574,217.25289686582985,510.58782851323485,680.8602118771521,251.6447318461724,12.195724248886108,122.27906100451946,28.92250281323069,726.4731298200786,6748.715265770441,9729.409517678429,2302.232500764076,1,,0.012541433907526045,0.012541433907525823,0.012541433907526045,0.012541433907526045,0.4139310389343285,0.7346910217484113,0.6996148111618241,0.6153489975837099,0.0009475734827583127,-0.441899767572161,-0.2824028377070187,0.5002408189031297,0.19419011492033567,0.17478156815695256,0.1982209948441923,False,False,False
qwen,140,cap64_chunk8192_polfcfs_mem0.75,64,8192,fcfs,0.75,0,tool_agent,4.832974047591942,1001.9480146765236,14050.71212960215,13048.764114925629,229.44508492946625,593.3065827237433,687.059153500013,273.3389205764979,11.504572175541826,102.71320049650969,22.999428535397904,711.9435756467283,6679.252148466183,9311.464902688744,2249.996799235232,1,,0.012150389254476757,0.012150389254476979,0.012150389254476979,0.0121503892544772,0.3810409689069284,0.691709135114454,0.6968799322285316,0.5821883930262144,0.05756554400058911,-0.21118152777633936,-0.01977801194790385,0.5102360655231588,0.20248414783888546,0.21023033811080805,0.21641267999828184,False,False,False
qwen,141,cap64_chunk8192_polfcfs_mem0.8,64,8192,fcfs,0.8,0,tool_agent,4.831266294248852,1001.5939717922008,14045.74724661792,13044.153274825718,208.9194399304688,619.5261190878227,708.1597387976944,275.54735322250053,11.561526839070645,80.14731113798916,23.537723789032924,723.3225151430815,6743.563279462977,9401.554681565607,2271.228633460123,1,,0.011792741314732513,0.011792741314732513,0.011792741314732735,0.011792741314732513,0.43641166183349644,0.6780850766968454,0.6875706743387731,0.5788126981534403,0.05289991745486455,0.05491268617830691,-0.043645633821554064,0.5024082061694939,0.19480527222522392,0.20258920162510774,0.20901844899997202,False,False,False
qwen,142,cap64_chunk8192_polfcfs_mem0.85,64,8192,fcfs,0.85,0,tool_agent,4.827911551098335,1000.8984832159512,14035.994136046143,13035.095652830194,227.17078169807792,643.3610248379409,698.7662579957396,280.6282386253588,11.607051211675364,81.90012071281672,23.696702983730525,725.1045850571245,6797.547042835502,9651.504727844143,2291.2733532092534,1,,0.011090170899040519,0.011090170899040519,0.011090170899040519,0.011090170899040741,0.38717620830394883,0.6657001075727275,0.6917149354592218,0.5710463219252011,0.049170640374778585,0.03424376953976083,-0.050694656229231416,0.5011822753479094,0.18835950463149864,0.181389211548188,0.202037644301163,False,False,False
qwen,143,cap64_chunk8192_polfcfs_mem0.9,64,8192,fcfs,0.9,0,tool_agent,4.839622352525216,1003.3263080137652,14070.040480602458,13066.714172588694,201.8350714351982,617.7106157178056,696.4764674752951,270.0964646949433,11.892506193059186,85.52245311439037,23.817620067474238,721.7169757932425,6755.52245597355,9536.71454740222,2261.894446376245,1,,0.013542717117161818,0.013542717117161818,0.013542717117161818,0.013542717117161818,0.4555227003684337,0.6790284390670649,0.6927251562738399,0.5871446418456532,0.02578666694335341,-0.0084703321632702,-0.05605603219041777,0.5035126971654555,0.19337732301265154,0.1911253597207102,0.21226918724277155,False,False,False
qwen,144,cap96_chunk-1_pollpm_mem0.75,96,-1,lpm,0.75,0,tool_agent,4.830934904863899,1001.5252698018594,14044.78381151462,13043.25854171276,258.14214907586575,587.9936054814607,670.5545547697693,289.28708247840405,11.439964040749324,82.16387354768798,21.676650721474218,700.2041433006525,6811.133500561116,9587.1281812014,2287.829520923551,1,,0.011723339763705765,0.011723339763705765,0.011723339763705765,0.011723339763705765,0.303626771846523,0.6944698365744328,0.7041615106198051,0.5578108651627842,0.06285812954286207,0.031133628292574378,0.03887299876115646,0.518311916996523,0.18673725483914994,0.18684943118140085,0.20323699859011402,False,False,False
qwen,145,cap96_chunk-1_pollpm_mem0.8,96,-1,lpm,0.8,0,tool_agent,4.835856439884534,1002.5455778346624,14059.091993418711,13056.54641558405,288.10095437802374,535.3128722170368,662.6955912867559,283.3683126466349,11.505283293043236,88.94495330750942,20.95714502461417,717.6093677990139,6796.46651346702,9611.239251564251,2266.3509365031496,1,,0.012754037122684192,0.012754037122684414,0.012754037122684414,0.012754037122684414,0.22280885801659678,0.7218435237941754,0.7076287659957783,0.5668579877953892,0.05750729049708048,-0.04882803684658987,0.07077536050896471,0.506338424261475,0.18848852196471733,0.18480440474493143,0.21071716318818534,False,False,False
qwen,146,cap96_chunk-1_pollpm_mem0.85,96,-1,lpm,0.85,0,tool_agent,4.834948915995176,1002.35743451954,14056.453585516134,13054.096150996596,250.5139447748661,582.579504721798,671.0383639298379,286.96238541277125,11.43220336221785,88.16742794588203,21.561861866163667,699.198383372277,6763.565080659463,9596.517257671798,2268.352809480857,1,,0.012563978030947887,0.012563978030947887,0.012563978030947665,0.012563978030947887,0.3242048807416348,0.6972830833078694,0.7039480613634472,0.5613642757589437,0.06349387077151414,-0.039659552651486685,0.043962653509847516,0.5190038046074377,0.19241701779622533,0.1860530787463145,0.21001998784903864,False,False,False
qwen,147,cap96_chunk-1_pollpm_mem0.9,96,-1,lpm,0.9,0,tool_agent,4.834027594302055,1002.1664307127304,14053.775063810592,13051.60863309786,294.381512561813,615.9919136203825,684.4587865984067,301.6014258470386,11.313072602182675,80.35781588405354,20.919691383283737,710.145415039733,6779.791828943414,9587.116536884563,2279.407154757064,1,,0.012371029320456417,0.012371029320456417,0.012371029320456417,0.012371029320456417,0.20586620609900663,0.6799215020660674,0.6980271746274287,0.5389878026408985,0.07325285453148689,0.05243043989730345,0.07243602785282399,0.5114730655380874,0.1904795121147771,0.18685041881635056,0.20617018468829607,False,False,False
qwen,148,cap96_chunk-1_polfcfs_mem0.75,96,-1,fcfs,0.75,0,tool_agent,4.838530479645835,1003.0999463877762,14066.86612225515,13063.766175867371,306.1285209842026,667.2190330456942,686.2167831370607,292.1546542341821,11.042197064186135,56.58618956804276,19.83349434961916,710.7125276234001,6679.396355058998,9382.022298821244,2235.6534659839235,1,,0.013314050555123691,0.013314050555123691,0.013314050555123691,0.013314050555123691,0.17417706813556066,0.6533031340703461,0.6972515732440192,0.5534276446508011,0.09544250542854804,0.33274255693753274,0.12059721802628287,0.5110829344943234,0.20246692928788612,0.20424587793513183,0.22140791113199043,False,False,True
qwen,149,cap96_chunk-1_polfcfs_mem0.8,96,-1,fcfs,0.8,0,tool_agent,4.838194801343851,1003.0303552406006,14065.890218154926,13062.859862914323,255.1324523519725,595.3651630785316,670.095419860445,284.9172021704726,11.391346426660611,85.9157197643071,21.8179728334256,698.2277021743357,6808.8834133930495,9460.018630865954,2269.1621491359547,1,,0.013243750793388687,0.013243750793388687,0.013243750793388909,0.013243750793388687,0.3117458342734981,0.6906394663521414,0.7043640739713326,0.564490436114075,0.06684079956192579,-0.013107684514936047,0.03260687862046463,0.519671560675318,0.18700591967548041,0.1976304702166578,0.20973812598526864,False,False,False
qwen,150,cap96_chunk-1_polfcfs_mem0.85,96,-1,fcfs,0.85,0,tool_agent,4.843954585065115,1004.2244448027742,14082.635406976406,13078.410962173632,281.9374091923237,663.4554403601214,686.8261531880125,297.1822137082927,11.16189862091449,59.64317200705409,20.253547632439087,720.0411877129227,6684.3309861375,9324.829302066932,2246.57278010156,1,,0.014449999218911103,0.014449999218911103,0.014449999218911325,0.014449999218911325,0.2394358516059868,0.6552587524266864,0.6969827284288364,0.5457427796538803,0.08563676300055922,0.2966949930122611,0.10197235954308115,0.5046655140341537,0.20187772462511921,0.20909681107842715,0.21760513412866134,False,False,True
qwen,151,cap96_chunk-1_polfcfs_mem0.9,96,-1,fcfs,0.9,0,tool_agent,4.828223106988082,1000.9630734252344,14036.899910022172,13035.936836596937,273.5953670926392,607.0232715923339,686.3316866150126,292.7872801129706,11.311408528728924,82.34886857680962,21.260283009528017,710.2451112587005,6793.962183268741,9422.381252376355,2287.000194506254,1,,0.011155418800638417,0.011155418800638639,0.011155418800638417,0.011155418800638417,0.2619396341426473,0.684581740951304,0.6972008795739815,0.5524606457526113,0.07338917252195187,0.02895218948120959,0.05733444169980584,0.511404481995621,0.18878754391923847,0.20082275628493718,0.20352582107419814,False,False,False
qwen,152,cap96_chunk2048_pollpm_mem0.75,96,2048,lpm,0.75,0,tool_agent,4.831458276857056,1001.6337726666204,14046.305389975443,13044.671617308824,166.9214174617082,563.2690045982596,691.4816915290422,216.5084084798582,13.421898523933791,198.78295008093116,43.84713777625021,818.6033051460981,6983.668082533403,9873.155898777764,2361.3668832788244,1,,0.01183294746310204,0.011832947463101817,0.01183294746310204,0.01183294746310204,0.5497069860853987,0.7073171044325433,0.694928775591942,0.6690565475289134,-0.09949848120163596,-1.3440242929932982,-0.9441503480076223,0.43686214860510253,0.16613628618123089,0.16258944457757507,0.17762676451887016,False,False,False
qwen,153,cap96_chunk2048_pollpm_mem0.8,96,2048,lpm,0.8,0,tool_agent,4.824369158240044,1000.1640920405348,14025.695478984951,13025.531386944416,180.34948175773025,572.8152406169097,688.7282134173428,225.18872953718528,13.311207693602356,203.87902865186325,43.032439583135776,822.7448037359864,6898.848055605774,9825.23204691242,2363.067121233325,1,,0.010348301756954337,0.010348301756954559,0.010348301756954559,0.010348301756954559,0.5134829734042106,0.702356739177399,0.6961435683322377,0.6557882618330415,-0.09043088173980585,-1.4041166297073073,-0.9080272198858474,0.43401310731391396,0.17626396433320057,0.16665419751169086,0.1770346370533621,False,False,False
qwen,154,cap96_chunk2048_pollpm_mem0.85,96,2048,lpm,0.85,0,tool_agent,4.833438095240567,1002.044218714798,14052.06123676909,13050.017018054292,189.6399813704193,585.5653773760421,730.2667503990225,236.50117044104263,13.25283061716713,192.71715460345143,42.97605926845112,847.6448443252593,6984.719879180191,9929.27050194237,2370.0161532498896,1,,0.012247572894107828,0.012247572894107828,0.01224757289410805,0.01224757289410805,0.4884205989349195,0.6957315797685202,0.6778173964431471,0.6384966551241686,-0.085648733613513,-1.272497172836602,-0.9055273575465015,0.4168837416383303,0.16601069959153225,0.1578299774441534,0.1746145565553291,False,False,False
qwen,155,cap96_chunk2048_pollpm_mem0.9,96,2048,lpm,0.9,0,tool_agent,4.827547890451564,1000.823090908966,14034.936879994211,13034.113789085248,175.97553599625826,585.4499885579569,702.6914948411276,232.5977510632947,13.83712693184082,197.8885365650057,43.472984623038805,835.7512257061899,6954.057026398366,9914.78439723141,2367.4909007083625,1,,0.01101401090696097,0.01101401090696097,0.011014010906960747,0.01101401090696097,0.5252822814234108,0.6957915375029554,0.6899831805549579,0.6444632182446703,-0.13351326704072175,-1.3334774779447378,-0.9275606680441082,0.42506566173607263,0.1696719045621521,0.1590586440545343,0.17549400486032896,False,False,False
qwen,156,cap96_chunk2048_polfcfs_mem0.75,96,2048,fcfs,0.75,0,tool_agent,4.830131538173518,1001.3587198364428,14042.448215670342,13041.089495833898,212.92206924408677,671.4747200487177,781.3861060282213,272.0909078442492,12.492993610909473,138.70034278370434,31.371032528432384,849.109738599509,7100.294215721077,9834.927165573456,2390.32353292685,1,,0.011555093896797208,0.011555093896797208,0.011555093896797208,0.011555093896797208,0.42561402996204756,0.6510918162372938,0.6552643128202589,0.5840960401482738,-0.023404213372852034,-0.6355375186812287,-0.390968872785705,0.4158760039356656,0.1522108963432709,0.16583188752428069,0.16754227750909423,False,False,False
qwen,157,cap96_chunk2048_polfcfs_mem0.8,96,2048,fcfs,0.8,0,tool_agent,4.827261668160194,1000.7637527346304,14034.104757375404,13033.341004640772,197.8908982127905,645.0111178681251,739.1779058240348,265.7081358251162,12.285558561676853,142.9032519925385,31.41289761593748,830.9984498191625,6963.890850380994,9688.265316113824,2363.0360622843727,1,,0.010954068519360538,0.010954068519360316,0.010954068519360538,0.010954068519360316,0.4661626390577074,0.6648426948585759,0.6738859299564672,0.5938524123057285,-0.006411496495090541,-0.6850977112568069,-0.39282514045949823,0.4283352160908579,0.16849772662438567,0.17827129211531656,0.17704545369033675,False,False,False
qwen,158,cap96_chunk2048_polfcfs_mem0.85,96,2048,fcfs,0.85,0,tool_agent,4.82520115019923,1000.3365764535532,14028.114295928212,13027.77771947466,213.14958482980728,657.6489257626234,735.8783104596653,268.5919088101946,12.325209844857454,138.00862203352148,30.751961042787517,841.0019443836063,6942.418129625728,9757.366132466115,2358.4183560684323,1,,0.010522542499208365,0.010522542499208365,0.010522542499208365,0.010522542499208587,0.42500027601504353,0.6582759031871167,0.6753416613376315,0.5894444274402656,-0.009659660348887211,-0.6273808319948904,-0.36351969125874173,0.42145355998215694,0.17106161174366308,0.17241037453283636,0.17865362310619282,False,False,False
qwen,159,cap96_chunk2048_polfcfs_mem0.9,96,2048,fcfs,0.9,0,tool_agent,4.825160600132303,1000.3281698164284,14027.99640634064,13027.668236524212,213.760307058692,647.3247120855373,740.0177348637948,277.1311826375313,12.249193541820883,134.153777686879,30.50245459099161,831.4549641218036,7065.8810605295,9748.681399319314,2374.132808984723,1,,0.010514050261174468,0.010514050261174468,0.01051405026117469,0.01051405026117469,0.4233527705164023,0.6636405171261028,0.6735154101341905,0.5763917391781479,-0.003432537592279017,-0.5819249778053885,-0.3524567558041065,0.42802116839290183,0.1563198948026966,0.17314698674505302,0.1731808837448947,False,False,False
qwen,160,cap96_chunk8192_pollpm_mem0.75,96,8192,lpm,0.75,0,tool_agent,4.832410159290769,1001.8311121733658,14049.072759699682,13047.241647526316,204.0221863426268,594.2820076830681,694.3232501205057,258.2358255703002,12.076593358069658,118.83542989380658,27.88977060603835,720.2482260763645,6686.6352398181325,9508.198351124298,2266.208370910026,1,,0.012032296387039843,0.012032296387039843,0.012032296387040065,0.012032296387040065,0.44962266322269406,0.6912022898963196,0.6936751230811891,0.6052741957414234,0.010706567956104585,-0.4012928896868486,-0.2366122392360921,0.5045230871243037,0.20160259220058163,0.19354401531659582,0.21076681329927793,False,False,False
qwen,161,cap96_chunk8192_pollpm_mem0.8,96,8192,lpm,0.8,0,tool_agent,4.83954964496777,1003.3112346464932,14069.829100828998,13066.517866182505,226.08560789376497,502.5387922534719,657.633214406669,252.0043741283007,12.139496848096142,119.44834366440772,27.64265900809807,719.8671756777912,6693.478213413617,9591.193316243583,2268.060368245933,1,,0.013527490264741981,0.013527490264741981,0.013527490264742204,0.013527490264742204,0.39010361085297973,0.738873419891755,0.7098622098195881,0.6147992671629017,0.005553623935326102,-0.40852029408553725,-0.22565548986777806,0.5047852213001331,0.20078552768542157,0.18650463899656733,0.21012183387993522,True,False,True
qwen,162,cap96_chunk8192_pollpm_mem0.85,96,8192,lpm,0.85,0,tool_agent,4.838802942699113,1003.1564320656664,14067.658243191425,13064.501811125756,223.05270610377192,512.6249633962288,659.1197658982126,256.24721539439633,12.190447455879374,119.78039010427892,28.444501804713727,727.7206662110984,6747.629405395126,9641.968823838975,2278.949344884604,1,,0.013371111400623192,0.01337111140062297,0.013371111400623414,0.013371111400623192,0.3982852720723151,0.7336324963700418,0.7092063658699559,0.6083138814601146,0.0013798391481687489,-0.41243574519008686,-0.26120861901483283,0.4993826071681422,0.19431976878626234,0.18219801744078123,0.20632962225334195,False,False,False
qwen,163,cap96_chunk8192_pollpm_mem0.9,96,8192,lpm,0.9,0,tool_agent,4.832463194699416,1001.8421072091096,14049.226947421825,13047.384840212717,194.89424605853856,577.0226658787572,701.4189423248172,250.28022344456983,12.285624143921517,120.13794123195112,28.92845793779263,727.7230441104621,6756.448411289602,9645.926642213011,2281.6514437273145,1,,0.012043403380162188,0.012043403380162188,0.012043403380162188,0.01204340338016241,0.47424651200050294,0.7001704988579986,0.6905446114055939,0.6174347139054118,-0.006416868878011961,-0.41665194446124953,-0.2826668836191739,0.49938097135122084,0.19326676212551486,0.1818623275239155,0.20538858518552972,False,False,False
qwen,164,cap96_chunk8192_polfcfs_mem0.75,96,8192,fcfs,0.75,0,tool_agent,4.829944733514358,1001.3199924285292,14041.905125956951,13040.585133528422,214.86060810275376,635.5850485851988,709.9095189664513,281.20172244496644,11.825926864271748,83.28585587441921,23.59538814243721,728.9443018380553,6881.59098867327,9489.348543076769,2291.827561594546,1,,0.011515972145548004,0.011515972145548226,0.011515972145548004,0.011515972145548004,0.4203845601999664,0.6697406197026992,0.6867986978930234,0.570169724491735,0.031240729254335298,0.017903349593639595,-0.046202429508211074,0.49854083737131527,0.17832449208908674,0.19514279775136334,0.2018446348428823,False,False,False
qwen,165,cap96_chunk8192_polfcfs_mem0.8,96,8192,fcfs,0.8,0,tool_agent,4.852626175419178,1006.0221955570267,14107.845974749158,13101.823779192133,233.7089974898845,647.7428592508651,700.1283792406321,280.11155371321365,11.582471408676527,81.49294340983033,23.716752363312665,719.4275071378797,6770.119842677375,9564.63685621507,2269.820166153368,1,,0.016266055640048682,0.01626605564004846,0.016266055640048682,0.016266055640048904,0.3695384902729957,0.6634232416820036,0.6911139882453444,0.5718360995133585,0.051184174899515544,0.03904515461512559,-0.05158363120613574,0.5050876803732095,0.1916343663106651,0.18875707582330525,0.20950896397429786,False,True,True
qwen,166,cap96_chunk8192_polfcfs_mem0.85,96,8192,fcfs,0.85,0,tool_agent,4.83521644602068,1002.4128975067772,14057.231364858082,13054.818467351306,223.8337334711105,636.0561534063891,695.0302657205611,274.0186819760129,11.77208611141015,102.26539876312,24.402249441977503,721.1313855368644,6784.874609811231,9619.99690518714,2284.4959205249324,1,,0.01262000577220701,0.01262000577220701,0.01262000577220701,0.012620005772207232,0.39617834551647424,0.6694958266783073,0.6933631985321709,0.581149345231297,0.03565126967769783,-0.20590110437441989,-0.0819780754420445,0.5039155394661176,0.18987261807558797,0.18406160764340407,0.20439796335379645,False,False,False
qwen,167,cap96_chunk8192_polfcfs_mem0.9,96,8192,fcfs,0.9,0,tool_agent,4.848725589805197,1005.2135456504644,14096.505958217056,13091.29241256659,201.67084806598723,601.2282164767372,684.3688590591773,270.4015894397162,11.649262705837849,97.36781739629804,23.617973626996893,724.4902118109167,6738.810559455303,9504.33487587608,2257.379890298471,1,,0.015449171624402291,0.015449171624402513,0.015449171624402513,0.015449171624402291,0.4559657150336679,0.6875929371956553,0.6980668492924803,0.586678244086885,0.04571274850961937,-0.14814942247178142,-0.04720385354393031,0.5016049181929223,0.19537275634810947,0.1938717033412396,0.2138414334340475,True,True,True
qwen,168,cap128_chunk-1_pollpm_mem0.75,128,-1,lpm,0.75,0,tool_agent,4.832844907173637,1001.9212419307026,14050.33668482963,13048.415442898928,257.2051449678838,570.528144412674,677.2166906809434,295.4039117321372,11.319073149934413,69.60016861557958,21.491649424123292,710.2270633913577,6710.946920770219,9526.27358816098,2271.867786506191,1,,0.012123343894131722,0.012123343894131722,0.012123343894131944,0.012123343894131944,0.3061544666759197,0.7035451481507891,0.7012222773986037,0.5484609992355451,0.07276130014164783,0.17928330390042657,0.04707582236305363,0.5114168975785705,0.19869972964636218,0.19201092959998578,0.20879585658445854,False,False,True
qwen,169,cap128_chunk-1_pollpm_mem0.8,128,-1,lpm,0.8,0,tool_agent,4.832458440775775,1001.84112164943,14049.21312652978,13047.37200488035,261.35921664536,583.5974135901779,680.2030521119013,292.3432249063626,11.370986484741149,84.79262273758636,21.46504607331114,704.5395039021969,6848.163735959678,9531.985473786472,2298.9619287033565,1,,0.012042407784982556,0.012042407784982778,0.012042407784982778,0.012042407784982778,0.29494829862323635,0.696754162823005,0.6999047400734247,0.5531394053638172,0.068508650438453,0.00013573859026561053,0.048255395679869584,0.5153295131400665,0.1823157718522571,0.19152646512244786,0.19936000926270292,False,False,False
qwen,170,cap128_chunk-1_pollpm_mem0.85,128,-1,lpm,0.85,0,tool_agent,4.837235242757794,1002.831424352332,14063.100531860024,13060.269107507693,239.32596947997808,514.1393010737365,683.0016881553455,286.2503687408753,11.591710894063642,80.93079496175037,21.48843076521318,713.2989990059286,6704.796854010781,9447.261845604511,2263.2509744749404,1,,0.013042794283623316,0.013042794283623316,0.013042794283623538,0.013042794283623538,0.3543859515217994,0.7328456241425598,0.6986700243392191,0.5624526272796475,0.050427292396485024,0.045673940524739276,0.04721853536913723,0.5093036356228248,0.1994340597215678,0.19871246129840625,0.21179676069633158,False,False,True
qwen,171,cap128_chunk-1_pollpm_mem0.9,128,-1,lpm,0.9,0,tool_agent,4.827169871531076,1000.7447219164652,14033.837880707437,13033.093158790973,282.0693131070584,514.1996195539823,684.6475465549156,281.2158979242668,11.394625828618242,55.68002532236278,20.27398882882804,711.5712517406791,6720.125122158785,9504.99741867184,2256.4126036246307,1,,0.010934843919149673,0.010934843919149895,0.010934843919149895,0.010934843919149895,0.23908002302379383,0.7328142817691814,0.6979438966003214,0.5701480565939705,0.06657215668213978,0.3434279351576017,0.10106601169259966,0.5104921965247775,0.19760383433667694,0.19381550850989326,0.21417830216767653,False,False,True
qwen,172,cap128_chunk-1_polfcfs_mem0.75,128,-1,fcfs,0.75,0,tool_agent,4.832507173490266,1001.8512246721344,14049.35480520131,13047.503580529175,273.14799814485013,664.6106907632202,688.4397064801306,298.82241735002026,11.074359434254486,82.6329176779835,21.789548916013345,714.7045694291592,6744.204928143879,9519.949449235568,2284.473311379552,1,,0.012052613682108637,0.012052613682108415,0.012052613682108637,0.012052613682108637,0.26314647215597753,0.6546584672515319,0.6962708532128987,0.5432356499781316,0.0928078202549909,0.02560271713821738,0.03386717454241883,0.508336708292888,0.19472865810987638,0.1925473235093288,0.2044058372492803,False,False,False
qwen,173,cap128_chunk-1_polfcfs_mem0.8,128,-1,fcfs,0.8,0,tool_agent,4.830499203233557,1001.4349423183648,14043.51711359279,13042.082171274424,239.1770244576037,653.3276725560427,670.3041042527184,286.2764665368013,11.212693427556328,81.21326342225063,21.12879715156858,694.4255821872503,6674.969779490491,9452.092322101813,2249.897865797393,1,,0.011632092517102066,0.011632092517102066,0.011632092517102066,0.011632092517102066,0.3547877507878998,0.6605212901881008,0.7042720055856536,0.5624127355509784,0.08147574117074563,0.04234310690370957,0.06316442945896994,0.5222871348695741,0.20299547112284044,0.19830275521779417,0.21644713470836907,False,False,False
qwen,174,cap128_chunk-1_polfcfs_mem0.85,128,-1,fcfs,0.85,0,tool_agent,4.827604513461095,1000.8348297081868,14035.101497804902,13034.266668096716,252.76839011348784,657.972052320838,672.3454705439508,284.2054012417793,11.188254176106836,79.86091091297548,21.492701397604293,702.5354318320751,6760.779509344138,9497.060723979952,2272.630164681468,1,,0.011025869236960917,0.011025869236960695,0.011025869236960917,0.011025869236960917,0.31812321068592375,0.6581080018541463,0.7033713857694521,0.5655784578609799,0.08347776195808099,0.058289882686747285,0.04702917862043077,0.5167081648417078,0.19274962049364064,0.19448867441330764,0.20853034959733918,False,False,False
qwen,175,cap128_chunk-1_polfcfs_mem0.9,128,-1,fcfs,0.9,0,tool_agent,4.831122199233218,1001.5640987340346,14045.328324942764,13043.76422620873,278.6730697844177,618.3405887102708,683.9148613857105,297.05624035326764,11.195595166178634,59.3147206120193,21.19832559420443,711.5798487793654,6750.2561845351,9586.676035081033,2276.7789251194336,1,,0.011762564072991033,0.011762564072991033,0.011762564072991033,0.011762564072991255,0.248241846982604,0.6787010957940306,0.6982671461735397,0.5459353359491488,0.08287640087491788,0.3005680517867467,0.060081588644212536,0.5104862824051255,0.19400612618710744,0.1868877808172894,0.20708549595398307,False,False,False
qwen,176,cap128_chunk2048_pollpm_mem0.75,128,2048,lpm,0.75,0,tool_agent,4.824447041083133,1000.1802383221496,14025.921904659348,13025.7416663372,205.642472486943,591.4369337027889,729.0580862248307,244.08706650836396,13.372274369678715,191.3402101956308,43.05366376022212,849.3463590275496,7064.5995982689765,9958.422540021123,2402.7159178978764,1,,0.01036461244870912,0.01036461244870912,0.01036461244870912,0.010364612448709343,0.44525172303764815,0.6926806323647564,0.6783506407271764,0.6269012503441289,-0.09543335717040602,-1.2562604123864785,-0.9089682845336509,0.41571322677778555,0.15647290391868707,0.15535739171275154,0.1632264866016686,False,False,False
qwen,177,cap128_chunk2048_pollpm_mem0.8,128,2048,lpm,0.8,0,tool_agent,4.828153130244357,1000.9485661966088,14036.69646943421,13035.7479032376,193.64242721349,572.4663743982088,706.88218273688,233.1062061269768,13.357812602124694,191.21024287305767,41.92796451269936,838.7297964654863,6971.633330057372,9924.436636241147,2384.0290437964723,1,,0.011140763851593904,0.011140763851593904,0.011140763851594127,0.011140763851594127,0.47762346199999184,0.7025380152181921,0.6881343126772816,0.6436860203733138,-0.09424867443474216,-1.2547278535765671,-0.8590555947934164,0.423016627818089,0.1675732593128223,0.15823997098656262,0.16973440590240085,False,False,False
qwen,178,cap128_chunk2048_pollpm_mem0.85,128,2048,lpm,0.85,0,tool_agent,4.835903253906556,1002.5552830836376,14059.228093952375,13056.672810868737,182.66093684360385,576.4859479852018,667.8627170389507,225.2305810782127,13.322068391633884,200.30386769212777,42.587573971285565,826.9095530267805,6890.399045962839,9864.199409531426,2356.712356619537,1,,0.012763841195734482,0.012763841195734482,0.012763841195734704,0.012763841195734482,0.5072475118740265,0.7004493854040472,0.7053491085598644,0.6557242897518827,-0.09132057115067127,-1.361958767890842,-0.8883022006951153,0.43114807127939947,0.17727279271331342,0.16334910630188149,0.1792477570785339,False,False,False
qwen,179,cap128_chunk2048_pollpm_mem0.9,128,2048,lpm,0.9,0,tool_agent,4.825713686277849,1000.4428328706924,14029.60437156814,13029.161538697448,188.37571167387068,589.9957105051722,758.18745187018,243.0234347074293,13.428251232419695,202.90898522362107,43.68230697738464,859.2235890682787,7057.317229569887,10077.505921013648,2405.9029813553207,1,,0.010629880876442233,0.010629880876442233,0.010629880876442455,0.010629880876442455,0.4918311367839068,0.6934295132284183,0.6654992068388744,0.628527062398408,-0.10001888398365022,-1.3926779959606383,-0.9368418697071199,0.4089184312181994,0.1573424330740042,0.145257107544153,0.16211655501681344,False,False,False
qwen,180,cap128_chunk2048_polfcfs_mem0.75,128,2048,fcfs,0.75,0,tool_agent,4.832345467361645,1001.8177005660796,14048.884683441816,13047.066982875736,218.49454217590392,674.0567525150254,771.2678781477729,285.7069107913412,12.396878178677111,135.90970765799284,30.92600063475573,857.4347090907395,7125.939463824032,9933.96563622634,2405.222636105027,1,,0.012018748215541164,0.012018748215541608,0.012018748215541608,0.012018748215541386,0.41058153341617387,0.6497501540252445,0.6597283213488181,0.5632833287353296,-0.015530605062442415,-0.6026306897762095,-0.37123648077916016,0.4101490468541513,0.14914880324660473,0.15743175067159654,0.1623534930922519,False,False,False
qwen,181,cap128_chunk2048_polfcfs_mem0.8,128,2048,fcfs,0.8,0,tool_agent,4.83176743310412,1001.6978653939806,14047.204187566284,13045.506322172305,216.0591536667198,679.6604910166934,757.6814374048257,276.7800083453767,12.410036382580577,144.5162466261535,31.147248647999813,849.1674240212888,6983.761589531784,9888.23689163662,2376.463834706228,1,,0.01189769281714792,0.01189769281714792,0.01189769281714792,0.011897692817148142,0.4171513220540224,0.6468383687196766,0.6657224527388093,0.5769285258714719,-0.016608502140967207,-0.7041179471679957,-0.3810464575247223,0.41583632067971776,0.1661251212615904,0.1613103213938909,0.17236907716872973,False,False,False
qwen,182,cap128_chunk2048_polfcfs_mem0.85,128,2048,fcfs,0.85,0,tool_agent,4.827185681994115,1000.74799966261,14033.883845834209,13033.1358461716,215.86401504464447,660.905439825728,765.8631915692234,276.7726439563557,12.340239662864535,133.82696406915784,31.006002970443884,860.7405158691108,6996.835223422383,9832.75825102813,2379.594849187415,1,,0.010938155041071873,0.010938155041072095,0.010938155041072095,0.010938155041072317,0.4176777347792534,0.6565837703737278,0.6621127870147331,0.5769397826921426,-0.010890876785373704,-0.5780712315011529,-0.37478372642979396,0.407874899028708,0.16456410364444618,0.16601584814970638,0.17127866528590674,False,False,False
qwen,183,cap128_chunk2048_polfcfs_mem0.9,128,2048,fcfs,0.9,0,tool_agent,4.8200016756780935,999.258647393204,14012.998071631891,13013.73942423869,204.42239427939057,635.2318607270712,741.0728070931505,269.8662919434719,12.388299844694982,138.2737508974969,30.78395684487414,836.3282510545105,7038.9932091347855,9818.466323334718,2374.8457497754134,1,,0.009433637384332227,0.009433637384332227,0.009433637384332005,0.00943363738433245,0.4485430483908871,0.669924141331179,0.67304992828443,0.5874964718996061,-0.01482788292758408,-0.6305071992093778,-0.36493836196146634,0.424668711451593,0.15953035717800335,0.16722804526585633,0.17293259389679938,False,False,False
qwen,184,cap128_chunk8192_pollpm_mem0.75,128,8192,lpm,0.75,0,tool_agent,4.832703131311071,1001.8918496677546,14049.924505535422,13048.032655867668,199.55366593785584,608.3666035439819,689.2210236890242,257.2489744052291,12.270557145322009,121.55398651957512,28.576954432932784,716.1330613307655,6694.477055757304,9621.038257712496,2271.6206624615006,1,,0.012093652343324601,0.012093652343324601,0.012093652343324601,0.012093652343324601,0.4616770990847955,0.6838837258251262,0.6959261479220888,0.6067826449233135,-0.0051826066723421604,-0.4333497777151476,-0.2670814726674624,0.5073540127001039,0.2006662639437341,0.1839732833420773,0.2088819203815061,False,False,False
qwen,185,cap128_chunk8192_pollpm_mem0.8,128,8192,lpm,0.8,0,tool_agent,4.832598841104486,1001.8702287435764,14049.621306789426,13047.751078045849,196.7288870364428,624.9475415796041,704.3799439119175,260.97484212135896,12.194849317893386,121.07235100120306,28.804544937754947,731.119530973956,6801.23055600561,9665.862577897493,2300.82681148313,1,,0.01207181126324608,0.01207181126324608,0.01207181126324608,0.01207181126324608,0.4692973207705563,0.6752680254832412,0.6892382624585185,0.6010874780053908,0.001019246301319665,-0.4276703904489214,-0.27717267089826025,0.4970444424090886,0.18791968590935626,0.18017142310130085,0.1987105423390093,False,False,False
qwen,186,cap128_chunk8192_pollpm_mem0.85,128,8192,lpm,0.85,0,tool_agent,4.833956286117927,1002.1516474565382,14053.567752379206,13051.416104922668,204.11331485956907,526.8489448120803,699.0813371259718,253.40310630155727,12.267300449311731,122.21434959210455,28.179400047685206,731.7797467112541,6751.983379106967,9713.597931209948,2278.110426273197,1,,0.01235609553318362,0.01235609553318362,0.01235609553318362,0.012356095533183842,0.44937683176995724,0.7262415055054579,0.6915759273304125,0.612661238170171,-0.00491582382409983,-0.44113669849268167,-0.24945419901564203,0.4965902633587208,0.19379989575588374,0.17612265803160143,0.20662178532958964,False,False,False
qwen,187,cap128_chunk8192_pollpm_mem0.9,128,8192,lpm,0.9,0,tool_agent,4.828748623665789,1001.072020915273,14038.4277236386,13037.35570272333,234.43717043846848,513.2049755658954,685.0664101261644,261.6973192198202,12.20208733741726,122.06184044480324,29.360521908055286,749.3160292506218,6713.172551780006,9763.216157974672,2304.779207748361,1,,0.011265475652726398,0.011265475652726398,0.011265475652726398,0.011265475652726398,0.3675741456331343,0.7333311134785698,0.6977591003517638,0.5999831372226248,0.00042632038556966734,-0.43933832923600025,-0.3018242872890362,0.4845266124931641,0.1984339849234632,0.171914193457547,0.19733407478220655,False,False,False
qwen,188,cap128_chunk8192_polfcfs_mem0.75,128,8192,fcfs,0.75,0,tool_agent,4.830609893371774,1001.4578900443694,14043.838918604024,13042.381028559654,228.9031255058944,640.0005641393363,697.0826098928228,277.05450537381694,11.58389785700153,81.95908078923821,23.271026439127024,710.091475630179,6763.660266599616,9553.641813285643,2283.158318856731,1,,0.011655273909217723,0.011655273909217945,0.011655273909217945,0.011655273909217945,0.3825029774734179,0.6674462525934529,0.6924577354415227,0.5765089440412654,0.051067322744505095,0.03354851951257043,-0.03182046638923164,0.5115101718177845,0.19240565240763285,0.18968964136777955,0.20486379855266068,False,False,False
qwen,189,cap128_chunk8192_polfcfs_mem0.8,128,8192,fcfs,0.8,0,tool_agent,4.832344957592388,1001.817594883266,14048.883201410044,13047.06560652678,235.4516654741019,601.0387751506639,695.5089522805065,282.46189538389444,11.64045686991309,85.45036963187158,24.098488105295903,721.4437909424305,6788.122306321745,9567.83943701535,2292.8385536465794,1,,0.012018641456608359,0.01201864145660858,0.01201864145660858,0.01201864145660858,0.3648374085855858,0.6876913737071669,0.6931520092892175,0.5682434899124518,0.046434107206209,-0.007620332532623619,-0.06850951766674851,0.5037006279115848,0.18948483672034477,0.18848544282224222,0.2014925452075258,False,False,False
qwen,190,cap128_chunk8192_polfcfs_mem0.85,128,8192,fcfs,0.85,0,tool_agent,4.8329968963210135,1001.952751560791,14050.77855679823,13048.82580523744,219.81348167173564,651.8302985001355,721.4688201295212,279.5628702105023,11.58557079948436,81.39227847568691,23.39404301946144,720.0376624241471,6689.510102127678,9509.418361219574,2270.5940442881547,1,,0.012155174372252331,0.012155174372252331,0.012155174372252331,0.012155174372252553,0.40702351641763423,0.6612993478672076,0.68169890971017,0.572674788476878,0.05093027821867069,0.0402321832359841,-0.03727493250942149,0.5046679391691784,0.20125932798272017,0.19344053783259973,0.20923945199372462,False,False,False
qwen,191,cap128_chunk8192_polfcfs_mem0.9,128,8192,fcfs,0.9,0,tool_agent,4.843519201231198,1004.1341832032456,14081.369632971411,13077.235449768164,196.38181617483497,580.6883196812117,688.1937923468649,263.2627515797504,11.681990295817906,87.50771656632413,23.79550383390259,708.7793985847384,6814.141135243698,9489.896110366091,2262.1034266031347,1,,0.014358818527139272,0.014358818527139272,0.014358818527139494,0.014358818527139494,0.4702335911826572,0.698265770992109,0.6963793467950914,0.5975902990255186,0.04303176150824273,-0.03188031655795731,-0.05507541440381658,0.5124127826960806,0.18637813733863462,0.1950963547869674,0.21219640746993929,False,False,False
