model,config_id,hash,cap,chunk,policy,mem,is_cookbook,workload,request_throughput,output_throughput,total_throughput,input_throughput,ttft_p50_ms,ttft_p95_ms,ttft_p99_ms,ttft_mean_ms,tpot_p50_ms,tpot_p95_ms,tpot_mean_ms,e2e_p50_ms,e2e_p95_ms,e2e_p99_ms,e2e_mean_ms,n_rep,request_throughput_ci95,d_request_throughput,d_output_throughput,d_total_throughput,d_input_throughput,d_ttft_p50_ms,d_ttft_p95_ms,d_ttft_p99_ms,d_ttft_mean_ms,d_tpot_p50_ms,d_tpot_p95_ms,d_tpot_mean_ms,d_e2e_p50_ms,d_e2e_p95_ms,d_e2e_p99_ms,d_e2e_mean_ms,pareto_ttft_outthr,pareto_e2e_reqthr,pareto_full
lfm25,0,cap8_chunk-1_pollpm_mem0.75,8,-1,lpm,0.75,0,R_short_decode,1.6601061635655254,424.9871778727745,590.997794229327,166.01061635655256,34.31221004575491,40.08454524446279,40.24352035019547,33.57569588115439,2.226427626595193,2.232529113974833,2.227336189608628,601.6781891230494,607.523226714693,607.5726519478485,600.988308317028,1,,0.00032515678284705807,0.00032515678284705807,0.00032515678284705807,0.00032515678284705807,0.026123539390036865,-0.010911863766496888,0.010584698203373044,0.018254198796468724,-0.0009367886989699592,-0.0018119847008284395,-0.000987837598727559,0.0009379292027286157,-0.0006786487163807919,0.0011263878131758664,0.0005706787697736804,False,False,False
lfm25,1,cap8_chunk-1_pollpm_mem0.8,8,-1,lpm,0.8,0,R_short_decode,1.660479481699625,425.0827473151039,591.1306954850664,166.04794816996247,33.166945446282625,38.93306693062186,39.385743867605925,32.577393925748765,2.229034022300267,2.2335763510298063,2.2298197666548987,601.6762629151344,607.144849631004,607.7257138257846,600.9021082427353,1,,0.0005501059633385985,0.0005501059633383765,0.0005501059633385985,0.0005501059633383765,0.05862935096873301,0.01812783423263231,0.0316737373830992,0.04744432359751127,-0.002108548030354429,-0.0022819156978879374,-0.0021039827180204806,0.000941127592337998,-5.540691728334046e-05,0.0008747479962551985,0.0007140274515169409,False,False,False
lfm25,2,cap8_chunk-1_pollpm_mem0.85,8,-1,lpm,0.85,0,R_short_decode,1.6478078247243173,421.8388031294252,586.619585601857,164.78078247243172,36.27917915582657,41.83136536739767,41.91613319329917,35.2655898896046,2.2361765451291027,2.2402862807383803,2.236495928894783,606.6853837110102,611.1102223396301,611.3354215025902,605.0119983265176,1,,-0.007085416106706877,-0.007085416106707099,-0.007085416106706766,-0.007085416106706988,-0.02970454374687881,-0.054965779692731864,-0.030537667000950508,-0.03115792219567437,-0.005319617538343424,-0.005292890093013147,-0.005104318830340571,-0.007376313002434687,-0.006586949464525427,-0.005059755037266411,-0.00612062240759248,False,False,False
lfm25,3,cap8_chunk-1_pollpm_mem0.9,8,-1,lpm,0.9,0,R_short_decode,1.6564899996553983,424.061439911782,589.7104398773217,165.64899996553982,34.07239029183984,41.04761970229447,41.1176957283169,33.50996057270095,2.2302845511220246,2.235500183247558,2.2308616315646117,602.7998977806419,609.2852224363014,609.4894148549065,602.1001853514463,1,,-0.0018538241821902668,-0.0018538241821902668,-0.0018538241821903778,-0.0018538241821903778,0.03293029456015617,-0.03520011224667696,-0.010907519377015618,0.020176284441198677,-0.0026707492391762067,-0.003145204852879502,-0.0025722075454666093,-0.000924622231816441,-0.0035809105891950743,-0.002024846664776092,-0.0012783464016343782,False,False,False
lfm25,4,cap8_chunk-1_polfcfs_mem0.75,8,-1,fcfs,0.75,0,R_short_decode,1.6558468723801074,423.8967993293075,589.4814865673183,165.58468723801076,33.79978192970157,43.447295227088034,44.47243251372129,34.71099346643314,2.2271734927141784,2.2320150701131114,2.227779861731165,601.669637253508,610.5635644169524,611.6904626274481,602.2369605489075,1,,-0.00224135144195603,-0.00224135144195603,-0.002241351441955919,-0.002241351441955919,0.040667682111056425,-0.09571870968639762,-0.09338608686056338,-0.014941647431383043,-0.0012721083064966,-0.0015813156815034368,-0.0011872284228937602,0.0009521292329900399,-0.005686524777335444,-0.005643456771906363,-0.0015058003152430555,False,False,False
lfm25,5,cap8_chunk-1_polfcfs_mem0.8,8,-1,fcfs,0.8,0,R_short_decode,1.6577962592362014,424.3958423644676,590.1754682880877,165.77962592362013,34.13028595969081,40.38009431678802,40.43334948364645,33.86865626089275,2.2296594611058635,2.236664240157626,2.2278524878898125,600.0733750406653,610.5355935869738,610.7460293686017,601.6914600040764,1,,-0.001066715292021736,-0.001066715292021625,-0.001066715292021736,-0.001066715292021847,0.031287053625918215,-0.018365461199538302,0.005917615211407878,0.009688103137716952,-0.0023897270375332624,-0.003667556904675795,-0.0012198673670444915,0.0036026574733812877,-0.005640452773639781,-0.00409077091992005,-0.0005986458303612885,False,False,False
lfm25,6,cap8_chunk-1_polfcfs_mem0.85,8,-1,fcfs,0.85,0,R_short_decode,1.6293906152521505,417.1239975045505,580.0630590297656,162.93906152521504,35.735305631533265,92.34735886566337,114.01268049143252,44.983133499044925,2.2243849385310623,2.22773224318438,2.224887828898182,602.409039856866,659.429887519218,681.1753932805732,612.0509137981571,1,,-0.018183018390875993,-0.018183018390875993,-0.018183018390875882,-0.018183018390875993,-0.01426789241629045,-1.3289534681124318,-1.8030820786910904,-0.3152967132530182,-1.8455847364151623e-05,0.0003405348864219393,0.00011248093632110212,-0.00027561860533609206,-0.08617642873400766,-0.11987944723580157,-0.017826172107415772,False,False,False
lfm25,7,cap8_chunk-1_polfcfs_mem0.9,8,-1,fcfs,0.9,0,R_short_decode,1.6116168934908297,412.5739247336524,573.7356140827353,161.16168934908293,35.46148003078997,57.068016659468405,60.983441825956106,38.17072696983814,2.2285013550929,2.43499910952982,2.279397756124345,605.9037090744823,669.938626489602,675.3817645413801,618.8362203538418,1,,-0.028892876228715392,-0.028892876228715392,-0.028892876228715503,-0.028892876228715614,-0.006495956230289313,-0.4392263834064578,-0.499320883803654,-0.11610347747278227,-0.0018690764222868417,-0.0926671797438059,-0.024384842115466654,-0.0060783741786964995,-0.10348584218551249,-0.1103544910880323,-0.029109976187194242,False,False,False
lfm25,8,cap8_chunk2048_pollpm_mem0.75,8,2048,lpm,0.75,0,R_short_decode,1.6509261489845248,422.6370941400384,587.7297090384908,165.09261489845247,34.1129032894969,48.569400398992,51.9306269614026,36.387303785886616,2.2268227493280874,2.2292680695586244,2.227020929040169,601.8423973582685,616.1021313862875,619.94761234615,603.9988963166252,1,,-0.005206416875843112,-0.005206416875843001,-0.005206416875843223,-0.005206416875843223,0.03178042240927037,-0.22489559953655092,-0.27675105210458173,-0.06395658441028629,-0.0011144243313527813,-0.00034864280828617034,-0.0008461562503194742,0.0006652681316017262,-0.014809345876161117,-0.019218539421602454,-0.004435857762304929,False,False,False
lfm25,9,cap8_chunk2048_pollpm_mem0.8,8,2048,lpm,0.8,0,R_short_decode,1.658530288158267,424.5837537685164,590.4367825843431,165.85302881582672,33.0038764514029,39.42863896954805,39.5740175107494,31.730084854643792,2.233363204069581,2.2379453431801104,2.234066699382613,602.5084357243031,608.5907394299284,608.6287760408595,601.1372793582268,1,,-0.0006244137015189999,-0.0006244137015189999,-0.0006244137015189999,-0.0006244137015188889,0.06325770499655337,0.005629759215287966,0.027044897216281005,0.07221945039825983,-0.004054821624029703,-0.004242431540588898,-0.004012598052955285,-0.0004406613855889585,-0.0024369966023471967,-0.0006099222138167271,0.0003229434569100853,False,False,False
lfm25,10,cap8_chunk2048_pollpm_mem0.85,8,2048,lpm,0.85,0,R_short_decode,1.6569834084524042,424.1877525638155,589.8860934090559,165.6983408452404,32.576970057561994,39.92911125533283,41.06718203984201,32.43252635002136,2.232530946825065,2.238232798613257,2.2328179026346366,602.1254356019199,608.0714104231447,609.232184914872,601.5212284983136,1,,-0.0015565123336739317,-0.0015565123336739317,-0.0015565123336739317,-0.0015565123336740427,0.0753745021160378,-0.006991897537973024,-0.009665604755920487,0.051680218951827395,-0.003680663091434111,-0.004371422601082031,-0.003451375924841349,0.00019529468245715886,-0.0015815865934858397,-0.0016019504094211268,-0.00031555486852052894,False,False,False
lfm25,11,cap8_chunk2048_pollpm_mem0.9,8,2048,lpm,0.9,0,R_short_decode,1.6478835744024407,421.8581950470248,586.6465524872689,164.78835744024408,36.91199538297951,42.18872978817672,42.26414182689041,36.61726810969412,2.230230499716366,2.233296450236414,2.2306634818514475,605.6483769789338,610.7713062083349,610.7764557702467,605.1571153220721,1,,-0.0070397718519550345,-0.0070397718519550345,-0.0070397718519549235,-0.0070397718519549235,-0.04766563767508836,-0.06397832880487364,-0.03909370445086102,-0.07068068955240348,-0.0026464493069626727,-0.002156314662008052,-0.002483157022322935,-0.005654405657431916,-0.006028705563091874,-0.004140793134743914,-0.006361948533839534,False,False,False
lfm25,12,cap8_chunk2048_polfcfs_mem0.75,8,2048,fcfs,0.75,0,R_short_decode,1.6526009414691458,423.0658410161013,588.3259351630159,165.26009414691458,35.09056544862688,42.09576207213104,42.73706122301519,34.812080033589154,2.2301110913794417,2.2338645449232453,2.230559377874082,603.4748090896755,610.5122597655281,611.4211479900405,603.3252987544984,1,,-0.004197242226940623,-0.004197242226940734,-0.004197242226940623,-0.004197242226940623,0.004031636716475884,-0.06163373024388985,-0.05072076100482392,-0.017897395935145388,-0.002592766808651392,-0.0024112381307097586,-0.002436371622043243,-0.0020452849086378677,-0.005602018593863667,-0.005200692793278172,-0.003315680971871071,False,False,False
lfm25,13,cap8_chunk2048_polfcfs_mem0.8,8,2048,fcfs,0.8,0,R_short_decode,1.6584591238053803,424.5655356941774,590.4114480747155,165.84591238053807,33.69615343399346,42.59357843548059,45.99002685397864,32.14674792252481,2.232824316175253,2.2372502673333785,2.233303280704387,602.6017153635621,611.7227538023144,615.0009817350656,601.3592587551102,1,,-0.000667294990692624,-0.000667294990692513,-0.000667294990692402,-0.000667294990692402,0.0436089485722948,-0.07418840598283105,-0.13069721295252545,0.060036315941220386,-0.003812553376917549,-0.0039305272929921475,-0.0036695098314891705,-0.0005955484186341842,-0.007595877402457596,-0.011086081894412958,-4.620302212132721e-05,False,False,False
lfm25,14,cap8_chunk2048_polfcfs_mem0.85,8,2048,fcfs,0.85,0,R_short_decode,1.6495368225870826,422.28142658229314,587.2351088410014,164.95368225870826,36.9772429112345,42.86221778020263,44.12986038252711,35.397993051446974,2.232563313936778,2.2354868298137798,2.2327298071785484,606.2876384239644,611.6179701639339,613.0137661239132,604.4645071378909,1,,-0.006043579086818296,-0.006043579086818296,-0.006043579086818185,-0.006043579086818296,-0.04951754496394489,-0.08096335375878172,-0.0849637096524285,-0.0350293608894523,-0.003695214398860669,-0.0031392127115397184,-0.0034117849190007377,-0.006715873190406452,-0.007423283590317853,-0.007819020367956675,-0.005210157529230708,False,False,False
lfm25,15,cap8_chunk2048_polfcfs_mem0.9,8,2048,fcfs,0.9,0,R_short_decode,1.6529655124414988,423.1591711850237,588.4557224291735,165.29655124414987,36.41024604439736,42.28107291273773,42.36819080077112,36.22676077065989,2.223870415678796,2.2314009136485526,2.224714921665556,603.7316047586501,609.4417961779982,609.8427772242576,603.2497581909411,1,,-0.003977563797282646,-0.003977563797282646,-0.003977563797282646,-0.003977563797282757,-0.03342458851736341,-0.06630717548597409,-0.04165182178249527,-0.059262342728169326,0.00021285858895869758,-0.0013057227215618195,0.00019018722857233605,-0.0024716836338289916,-0.003838810194306319,-0.002605788458573066,-0.003190058803991036,False,False,False
lfm25,16,cap8_chunk8192_pollpm_mem0.75,8,8192,lpm,0.75,0,R_short_decode,1.6567291078156905,424.1226516008168,589.7955623823858,165.67291078156904,34.40272551961243,40.8361223526299,41.15823628380895,33.865961187984794,2.2277425554599244,2.231670635356169,2.2278380338366075,602.1295536775142,608.8049593847245,608.8211837317795,601.6856114729308,1,,-0.0017097455002470507,-0.0017097455002469397,-0.0017097455002470507,-0.0017097455002470507,0.023554457153910136,-0.029866256551741355,-0.011904237497053716,0.009766906463809955,-0.0015279422848801794,-0.0014267560543557156,-0.0012133715665767486,0.0001884567860446218,-0.0027898478604837518,-0.0009262481126628419,-0.0005889198615993685,False,False,False
lfm25,17,cap8_chunk8192_pollpm_mem0.8,8,8192,lpm,0.8,0,R_short_decode,1.6509779886290603,422.6503650890394,587.7481639519455,165.09779886290602,33.92223035916686,40.748481010086834,41.42349033150822,33.74762600287795,2.236740498383548,2.2406437259721166,2.237215017504558,604.2673115152866,610.8413208974525,611.5082111349329,603.9571712026373,1,,-0.005175180017812253,-0.005175180017812364,-0.005175180017812253,-0.005175180017812364,0.03719225330784348,-0.02765598642411793,-0.018425695147213927,0.013227000679712497,-0.005573154438774264,-0.005453287965000442,-0.005427484662198001,-0.0033612028341267752,-0.006144029885546853,-0.005343828067303713,-0.004366469886078139,False,False,False
lfm25,18,cap8_chunk8192_pollpm_mem0.85,8,8192,lpm,0.85,0,R_short_decode,1.6557252290508233,423.8656586370108,589.438181542093,165.57252290508234,35.57182406075299,39.16041359771043,39.78001287672669,33.22102245874703,2.231918007829318,2.235901321273185,2.232366518040165,604.8014336265624,607.6271882746369,608.2838191557676,602.1948455600068,1,,-0.00231464969547035,-0.002314649695470128,-0.00231464969547035,-0.002314649695470239,-0.0096278283308191,0.012394266805436538,0.021980356007570978,0.02862476995244445,-0.003405103633429274,-0.00332520917133472,-0.0032485190363062966,-0.0042480907954929314,-0.0008498884464001044,-4.2799370555179905e-05,-0.0014357640862714405,False,False,False
lfm25,19,cap8_chunk8192_pollpm_mem0.9,8,8192,lpm,0.9,0,R_short_decode,1.6503550282153503,422.4908872231297,587.5263900446648,165.03550282153506,35.95165302976966,44.05699463095516,45.05662727635354,35.60579940676689,2.230965441056326,2.233981299799647,2.2308427004741542,604.9266890622675,612.1263520792127,612.8891057893634,604.1912720538676,1,,-0.005550555392707324,-0.005550555392707324,-0.005550555392706991,-0.005550555392707102,-0.020408436501782923,-0.11109501885846629,-0.10774892670031888,-0.04110557201314324,-0.002976857453140136,-0.002463630027289998,-0.0025636997183191568,-0.004456072333192784,-0.008260662155683995,-0.0076140738183234635,-0.004755774056569795,False,False,False
lfm25,20,cap8_chunk8192_polfcfs_mem0.75,8,8192,fcfs,0.75,0,R_short_decode,1.6559786001711692,423.9305216438193,589.5283816609362,165.59786001711691,34.454726381227374,42.61295769829303,43.83330921176821,34.071627364028245,2.229666367501897,2.2357673640912914,2.2304852651616924,603.0196500942111,610.3604887612164,611.6286617703736,602.2864845581353,1,,-0.00216197662476747,-0.00216197662476747,-0.002161976624767359,-0.00216197662476747,0.022078527302970885,-0.07467714114419244,-0.07767279018113693,0.0037532737011432005,-0.002392831951335328,-0.0032650980133579477,-0.002403064605321026,-0.0012895119775739872,-0.005352029792068613,-0.005541853704117861,-0.0015881575695226857,False,False,False
lfm25,21,cap8_chunk8192_polfcfs_mem0.8,8,8192,fcfs,0.8,0,R_short_decode,1.6503344626911018,422.4856224489221,587.5190687180323,165.0334462691102,33.853056374937296,41.45436771214008,41.98556885123253,34.134262532461435,2.237366138975702,2.241752401553066,2.2378462781591586,604.9403315410018,612.0292221894488,612.6472028670833,604.5047456282191,1,,-0.005562947498537363,-0.005562947498537363,-0.005562947498537363,-0.005562947498537363,0.039155604395923915,-0.0454580903828552,-0.03224479157285076,0.0019218354538282911,-0.005854424163291627,-0.005950788524875517,-0.005711179705881753,-0.004478725112205595,-0.00810067517483315,-0.007216375789944829,-0.005277073185524728,False,False,False
lfm25,22,cap8_chunk8192_polfcfs_mem0.85,8,8192,fcfs,0.85,0,R_short_decode,1.648910583591257,422.1211093993618,587.0121677584875,164.8910583591257,34.886374371126294,43.8038056017831,44.81945710722357,35.110000520944595,2.2350583782456086,2.23892312420908,2.235566173796668,604.6635976526886,613.615046441555,614.7813933342695,604.8993888543919,1,,-0.0064209300270360314,-0.0064209300270360314,-0.00642093002703592,-0.0064209300270360314,0.009827150429501996,-0.10470972019024916,-0.10191793099157143,-0.02660852402580338,-0.004816922388397815,-0.004681195249023107,-0.004686477307583425,-0.004019219787738226,-0.010712757149510477,-0.010725069827141276,-0.005933355522807604,False,False,False
lfm25,23,cap8_chunk8192_polfcfs_mem0.9,8,8192,fcfs,0.9,0,R_short_decode,1.653962596572964,423.4144247226788,588.8106843799751,165.39625965729638,33.84014149196446,39.39284502994269,39.42758576478809,33.145753433927894,2.2354641609697365,2.23975806950225,2.2359557146862823,603.9634286426008,608.8583005359396,608.8672370044515,603.0342435115017,1,,-0.003376753823785883,-0.003376753823785883,-0.003376753823785994,-0.003376753823785994,0.03952216488567395,0.006532464184929365,0.030645024860735726,0.030825619320940967,-0.004999350441277972,-0.005055863689416906,-0.004861540997820324,-0.002856617729408706,-0.0028777084537447983,-0.0010019615251730674,-0.002831662996940487,False,False,False
lfm25,24,cap16_chunk-1_pollpm_mem0.75,16,-1,lpm,0.75,0,R_short_decode,1.647873874857058,421.85571196340686,586.6430994491127,164.7873874857058,36.99192847125232,45.21251067053527,45.55226558353752,36.08780156355351,2.232949504190508,2.237023070745914,2.2331679315124786,606.2804099638015,613.8070269487798,613.8286886177957,605.2658284315839,1,,-0.007045616477719618,-0.007045616477719618,-0.007045616477719507,-0.007045616477719618,-0.049934362219177464,-0.14023654624913506,-0.11993454368951517,-0.05519920674438694,-0.003868834249682651,-0.0038285764325172167,-0.003608682509793848,-0.0067038706273927495,-0.01102897681997228,-0.009158785369733913,-0.006542735859890181,False,False,False
lfm25,25,cap16_chunk-1_pollpm_mem0.8,16,-1,lpm,0.8,0,R_short_decode,1.6460573997604957,421.3906943386869,585.9964343147365,164.60573997604956,37.55661635659635,41.667714272625744,42.05450928304344,36.25595715129748,2.23477868746747,2.242642741698009,2.2363298004911183,608.6145136505365,611.4912336459383,611.980526256375,606.2400734517723,1,,-0.00814016439016052,-0.00814016439016052,-0.00814016439016052,-0.00814016439016052,-0.06596178331489932,-0.05083858223509896,-0.03393974066161376,-0.0601160383359316,-0.00469118158912174,-0.006350314525267242,-0.00502965901368424,-0.010579554514361877,-0.0072145302093866714,-0.006120332918094551,-0.008162882251698589,False,False,False
lfm25,26,cap16_chunk-1_pollpm_mem0.85,16,-1,lpm,0.85,0,R_short_decode,1.6468214553302762,421.5862925645507,586.2684380975784,164.68214553302764,36.08408151194453,45.86901841685176,46.77539868280292,35.7680952292867,2.234481431215125,2.2398805108679274,2.2356858116489966,605.935909319669,615.5380971496925,616.3384167803451,605.5879007326439,1,,-0.007679769733236919,-0.007679769733236919,-0.0076797697332368076,-0.0076797697332368076,-0.024167127105869213,-0.15679333803405937,-0.15000613270598762,-0.0458510653865547,-0.004557543866031688,-0.005110807307751486,-0.004740243791357068,-0.006131841371322055,-0.013880299886005476,-0.01328487831894054,-0.007078334467684799,False,False,False
lfm25,27,cap16_chunk-1_pollpm_mem0.9,16,-1,lpm,0.9,0,R_short_decode,1.6494484880330758,422.2588129364674,587.203661739775,164.9448488033076,35.486554726958275,41.13003041129559,42.82748026307672,34.452766936738044,2.234549448807158,2.241403411562536,2.235314706294779,604.7705977689475,610.8313498087227,612.4851103313267,604.1782675310969,1,,-0.006096806572219893,-0.006096806572219893,-0.006096806572219671,-0.006096806572219782,-0.007207646218275965,-0.03727846845410232,-0.0529437768104033,-0.007391161741232111,-0.004588122587446675,-0.00579418480899796,-0.004573465220716111,-0.004196889112732194,-0.006127606059826984,-0.006949889212281013,-0.00473414784323789,False,False,False
lfm25,28,cap16_chunk-1_polfcfs_mem0.75,16,-1,fcfs,0.75,0,R_short_decode,1.653424755090926,423.27673730327706,588.6192128123696,165.3424755090926,32.73613494820893,42.69370283000171,43.51583576761186,33.3614413975738,2.23430376317279,2.2366187628905,2.2347438755567115,602.445749565959,612.3524962225929,613.2293120445684,602.9414869844913,1,,-0.0037008393411172014,-0.0037008393411172014,-0.0037008393411172014,-0.0037008393411172014,0.07085695748251208,-0.07671349233859615,-0.06986748187736569,0.02451895174124208,-0.004477669506935067,-0.0036471497032857236,-0.0043169280042876235,-0.0003365735786884372,-0.008633154277568167,-0.008173386437046126,-0.002677411089629267,False,False,False
lfm25,29,cap16_chunk-1_polfcfs_mem0.8,16,-1,fcfs,0.8,0,R_short_decode,1.6491496252010016,422.1823040514564,587.0972665715566,164.91496252010015,34.681133925914764,44.7841873858124,45.327749298885465,35.4427924612537,2.2329549496883856,2.23678253318688,2.233537201924331,604.0912044700235,613.8046490494162,614.5218073297292,604.7149475198239,1,,-0.006276891446255317,-0.006276891446255317,-0.006276891446255206,-0.006276891446255317,0.01565244813227551,-0.12943445064313353,-0.11441465264608186,-0.03633928556323518,-0.0038712823863717993,-0.0037206390229207464,-0.0037746364384256825,-0.0030687842746657257,-0.01102506007569426,-0.010298300108002145,-0.0056266339522494935,False,False,False
lfm25,30,cap16_chunk-1_polfcfs_mem0.85,16,-1,fcfs,0.85,0,R_short_decode,1.64988658084774,422.3709646970215,587.3596227817956,164.98865808477402,33.66325981914997,44.0605245763436,45.63456252682954,34.701530006714165,2.2331301250732416,2.237828951754249,2.2335048115205667,603.3248985186219,613.292475999333,615.0651327939704,603.9653500192799,1,,-0.005832826308106331,-0.00583282630810622,-0.005832826308106109,-0.00583282630810622,0.04454256133456591,-0.11118404228756762,-0.12195787202350927,-0.014664937996176075,-0.003950036119519051,-0.004190202736666704,-0.003760079857171972,-0.001796364525185723,-0.010181436962817036,-0.011191548787513605,-0.004380071064424618,False,False,False
lfm25,31,cap16_chunk-1_polfcfs_mem0.9,16,-1,fcfs,0.9,0,R_short_decode,1.647039577506029,421.6421318415434,586.3460895921463,164.70395775060288,38.08870096690953,43.93319608643651,44.70375517383218,37.50025684712455,2.229508268190365,2.2333080396575973,2.227314948149436,605.370532721281,611.9655479444191,612.4934929748997,605.1861743908376,1,,-0.007548336512611442,-0.007548336512611442,-0.007548336512611331,-0.007548336512611442,-0.08106383230404446,-0.10797288246880088,-0.09907331744015435,-0.0964990817772653,-0.002321755121668989,-0.002161515230710176,-0.0009782914680611654,-0.005193056610004465,-0.00799579448110399,-0.0069636706118201275,-0.006410273076879802,False,False,False
lfm25,32,cap16_chunk2048_pollpm_mem0.75,16,2048,lpm,0.75,0,R_short_decode,1.6458514998390044,421.3379839587851,585.9231339426855,164.58514998390044,36.01057222113013,41.36364907026291,41.47123768925667,35.74894735356793,2.2338526880405114,2.249555300616153,2.2366456537792825,606.3353575300425,614.2166011268273,616.1106939660385,605.813714209944,1,,-0.00826423288395195,-0.00826423288395195,-0.00826423288395206,-0.00826423288395195,-0.022080727895068986,-0.04317021232962759,-0.0195995975783525,-0.04529118580415048,-0.00427487931112025,-0.009452215560195931,-0.005171606736436241,-0.006795108818017592,-0.011703604746963636,-0.012910492952228347,-0.00745385693163203,False,False,False
lfm25,33,cap16_chunk2048_pollpm_mem0.8,16,2048,lpm,0.8,0,R_short_decode,1.644527220356009,420.9989684111383,585.4516904467392,164.4527220356009,37.98564849421382,44.32809543795884,44.38327365554869,37.18504268908873,2.231982835185001,2.238863444841736,2.2331869133901754,606.9544784259051,613.0149292526767,613.1145261740312,606.3678907812573,1,,-0.009062199972156959,-0.009062199972156959,-0.009062199972156848,-0.009062199972156848,-0.07813891498650127,-0.11793204346247,-0.09119405351459764,-0.08728229064278104,-0.0034342481178231132,-0.004654415080706187,-0.003617213161249966,-0.007823133791294179,-0.00972427731658998,-0.007984673899106953,-0.008375439443046195,False,False,False
lfm25,34,cap16_chunk2048_pollpm_mem0.85,16,2048,lpm,0.85,0,R_short_decode,1.6449912143069574,421.1177508625811,585.6168722932769,164.49912143069574,35.82883230410516,45.01046291552484,45.493979854509234,37.01301419641823,2.232583929035885,2.2364016515372493,2.232711508918689,604.8933598212898,613.9252431923524,614.5459976838902,606.0747485025786,1,,-0.0087826125385847,-0.0087826125385847,-0.008782612538584589,-0.0087826125385847,-0.01692244089146855,-0.13514100452995725,-0.11850154797554358,-0.08225221618164591,-0.0037044823448977304,-0.003549724431498813,-0.0034035614924456947,-0.004400730489145133,-0.011223696076245293,-0.010338070012660294,-0.007887950777211383,False,False,False
lfm25,35,cap16_chunk2048_pollpm_mem0.9,16,2048,lpm,0.9,0,R_short_decode,1.6497359524735755,422.3324038332353,587.3059990805929,164.97359524735754,36.379120545461774,40.774295246228576,40.78649434261024,35.39605613332242,2.2325935883118824,2.236386472260085,2.233063162609869,605.6403110269457,610.0973537191749,610.1313805952668,604.5474368729629,1,,-0.0059235899925675906,-0.005923589992567702,-0.0059235899925675906,-0.005923589992567702,-0.03254115982834316,-0.02830700834317934,-0.0027646999580672738,-0.03497272583882549,-0.00370882487307278,-0.0035429129719362074,-0.0035615982852568173,-0.005641012473430962,-0.0049186083083767596,-0.0030802638826481488,-0.005348067714313842,False,False,False
lfm25,36,cap16_chunk2048_polfcfs_mem0.75,16,2048,fcfs,0.75,0,R_short_decode,1.653909768125657,423.4009006401682,588.7918774527338,165.3909768125657,35.000365460291505,40.61224688775837,41.05187357403338,33.53352792328224,2.233678119841452,2.236862218799221,2.233979808414408,604.433125583455,609.4313223613426,610.0412509730086,602.9186429805122,1,,-0.003408586501716271,-0.003408586501716271,-0.003408586501716271,-0.003408586501716271,0.006591764591362903,-0.024220231080711807,-0.009289235338278079,0.01948718040712072,-0.004196398550960545,-0.0037563966759572853,-0.003973548356382306,-0.0036365303253111936,-0.0038215583029597155,-0.002932087197832667,-0.00263942205211376,False,False,False
lfm25,37,cap16_chunk2048_polfcfs_mem0.8,16,2048,fcfs,0.8,0,R_short_decode,1.6490446339401807,422.1554262886863,587.0598896827044,164.90446339401808,33.78032590262592,43.93150226678699,44.59207977633923,34.84154486795887,2.233813473881752,2.240395905978484,2.2348202515522693,603.4217095002532,613.689523213543,613.7356452690437,604.4407034059986,1,,-0.006340155713171702,-0.006340155713171702,-0.006340155713171702,-0.006340155713171702,0.041219898559973545,-0.10793016519788434,-0.0963276991107378,-0.018758941069698,-0.004257249771461469,-0.0053420826785315345,-0.004351252163790065,-0.0019571152080806176,-0.010835431168011445,-0.00900581840263981,-0.0051705724869286485,False,False,False
lfm25,38,cap16_chunk2048_polfcfs_mem0.85,16,2048,fcfs,0.85,0,R_short_decode,1.6474910977306096,421.75772101903607,586.506830792097,164.74910977306098,36.114641930907965,42.80224076937884,43.48955193068832,35.31910217134282,2.2358183155530225,2.2415045237187936,2.236726851252802,605.5267893243581,613.4649174520746,614.0502828033641,605.4044933407567,1,,-0.0072762653346608586,-0.0072762653346608586,-0.0072762653346607475,-0.0072762653346607475,-0.025034517245273724,-0.07945076402063589,-0.06922127522805233,-0.03272260928645787,-0.005158567990980911,-0.0058395572833382925,-0.005208097717822824,-0.005452514320568147,-0.010465472983703705,-0.009523095026972017,-0.006773332319313985,False,False,False
lfm25,39,cap16_chunk2048_polfcfs_mem0.9,16,2048,fcfs,0.9,0,R_short_decode,1.657043465761549,424.2031272349565,589.9074738111113,165.70434657615488,33.5394567809999,41.12534422893077,42.41135457996279,33.47424254752696,2.229873260811848,2.233543394938524,2.2299694031413995,602.1030561532825,608.6436495417729,609.9247996555641,601.837144291494,1,,-0.0015203237823001592,-0.0015203237823001592,-0.0015203237823002702,-0.0015203237823002702,0.04805643771984036,-0.0371602853159505,-0.04271303370540802,0.021220671469421748,-0.0024858451365799006,-0.002267127175306749,-0.0021712308971446603,0.00023245484332579114,-0.0025241472114034824,-0.0027406365989179893,-0.0008409153495396726,False,False,False
lfm25,40,cap16_chunk8192_pollpm_mem0.75,16,8192,lpm,0.75,0,R_short_decode,1.660225251336244,425.0176643420785,591.040189475703,166.0225251336244,32.51341381110251,37.14955823961645,37.17842668760568,31.149747024755925,2.2326580440515977,2.2459265634454058,2.2356671460401136,603.8559016305953,606.2353409361094,606.5632530953735,600.9651490021497,1,,0.00039691514115536286,0.00039691514115536286,0.0003969151411555849,0.00039691514115536286,0.0771784060985875,0.06310701720383216,0.08594218544147625,0.08918839810938595,-0.0037378022897887053,-0.007823877383449362,-0.004731855274365149,-0.0026780735155369495,0.0014426854877175321,0.002785879685755166,0.0006091921618457397,False,False,False
lfm25,41,cap16_chunk8192_pollpm_mem0.8,16,8192,lpm,0.8,0,R_short_decode,1.6461327311736762,421.4099791804611,586.0232522978288,164.6132731173676,37.19768347218633,45.80276804044843,46.65667036548257,36.8469973327592,2.2314285055971617,2.235802301599749,2.232087181635874,605.9555963147432,614.3887320766225,615.4493476869538,605.7496488792822,1,,-0.008094772168051878,-0.008094772168051878,-0.008094772168051767,-0.008094772168051989,-0.05577426445209133,-0.15512253720354785,-0.14708711337340707,-0.07739792040165239,-0.0031850377366255955,-0.003280775665429392,-0.003122982377494532,-0.006164530822962533,-0.011987129324575019,-0.011823213357635476,-0.007347317804245135,False,False,False
lfm25,42,cap16_chunk8192_pollpm_mem0.85,16,8192,lpm,0.85,0,R_short_decode,1.646375839284244,421.47221485676647,586.109798785191,164.63758392842442,34.55328498966992,45.592330722138286,47.42714433930814,36.01380257168785,2.2337508040900325,2.2476584383512863,2.236029430940425,603.5732650198042,616.5565593633801,616.8873076606542,605.9215362765826,1,,-0.007948283248152554,-0.007948283248152554,-0.007948283248152332,-0.007948283248152443,0.019281158418113953,-0.14981541496075979,-0.1660297588652886,-0.053035492854001554,-0.0042290752647662355,-0.008601028743246975,-0.004894669842120614,-0.002208766961361075,-0.015557854499469226,-0.014187276763888645,-0.007633162474490307,False,False,False
lfm25,43,cap16_chunk8192_pollpm_mem0.9,16,8192,lpm,0.9,0,R_short_decode,1.6420142519240049,420.3556484925453,584.5570736849457,164.20142519240048,38.22517697699368,44.66965976171196,45.55958881042898,38.35814516060054,2.231579046586857,2.237186206741092,2.231951463218492,608.3010686561465,613.2839173544198,614.5513203088194,607.2263696696609,1,,-0.010576431770041417,-0.010576431770041306,-0.010576431770041306,-0.010576431770041417,-0.0849374030673875,-0.12654612215578176,-0.12011459038229666,-0.12158354324718745,-0.0032527165657028068,-0.0039017811195614094,-0.003061989122066233,-0.010059091896907235,-0.010167339636410588,-0.01034682061980563,-0.009803069499827677,False,False,False
lfm25,44,cap16_chunk8192_polfcfs_mem0.75,16,8192,fcfs,0.75,0,R_short_decode,1.6507396577102686,422.5893523738288,587.6633181448556,165.07396577102685,35.2869734633714,45.9639802807942,45.99508978892118,35.361586371436715,2.231616725889491,2.235587878322112,2.2316953258283934,604.0043095126748,614.0201615635306,614.0371598768979,604.1643231292255,1,,-0.005318790359692072,-0.005318790359692072,-0.005318790359692183,-0.005318790359692183,-0.0015429719135062747,-0.1591882279917558,-0.1308216887752307,-0.03396483774859638,-0.003269656078906946,-0.0031845566248844825,-0.0029468783393118425,-0.0029244987452914373,-0.011380040366030908,-0.00950152041376362,-0.004710958633224349,False,False,False
lfm25,45,cap16_chunk8192_polfcfs_mem0.8,16,8192,fcfs,0.8,0,R_short_decode,1.6472559488548462,421.6975229068406,586.4231177923252,164.7255948854846,36.82480938732624,43.43459755182266,43.877338618040085,35.625808290205896,2.23489162950393,2.2391755156762096,2.235302903626141,606.5996855031699,613.0782491061836,613.7029512692243,605.3479201509617,1,,-0.0074179582824842605,-0.0074179582824842605,-0.0074179582824841495,-0.0074179582824842605,-0.04519105533986889,-0.09539848076800195,-0.0787552841557031,-0.04169062726776995,-0.0047419570277360545,-0.004794451911623199,-0.004568160979796954,-0.007234014626764207,-0.009828574276208979,-0.008952068166200089,-0.006679252444723893,False,False,False
lfm25,46,cap16_chunk8192_polfcfs_mem0.85,16,8192,fcfs,0.85,0,R_short_decode,1.6495122209376534,422.27512856003926,587.2263506538046,164.95122209376532,36.669525085017085,43.86312381830066,44.15522191207856,35.655484127346426,2.230943753110135,2.2362396859346623,2.2313790936251623,605.447028297931,612.2010214719921,612.3883127141744,604.3773394194432,1,,-0.006058403228407783,-0.006058403228407783,-0.006058403228407783,-0.006058403228407894,-0.04078365265378525,-0.10620569547073111,-0.08558724072517787,-0.0425583420759168,-0.002967107186410356,-0.003477044939542706,-0.0028047603282239653,-0.0053200743922612315,-0.008383653448496009,-0.006790750078572438,-0.0050651996781780895,False,False,False
lfm25,47,cap16_chunk8192_polfcfs_mem0.9,16,8192,fcfs,0.9,0,R_short_decode,1.65267517171743,423.08484395966207,588.3523611314051,165.267517171743,35.0368469953537,42.41163881961256,43.49311970639974,35.65370052820072,2.2258029775876627,2.231350480817889,2.22696808424598,602.8472871985286,609.8659315844998,610.5687476275489,603.2514718244784,1,,-0.0041525135304375516,-0.0041525135304375516,-0.0041525135304374405,-0.0041525135304375516,0.005556316621191049,-0.06959998131570799,-0.06930899150763059,-0.04250619003777234,-0.000655964761917982,-0.001283091789734403,-0.0008224072552145412,-0.0010033104256446101,-0.004537422571228689,-0.0037993126844440006,-0.0031929085359729825,False,False,False
lfm25,48,cap24_chunk-1_pollpm_mem0.75,24,-1,lpm,0.75,0,R_short_decode,1.6462060106255112,421.42873872013087,586.0493397826821,164.62060106255112,36.13628703169525,44.62024716194719,44.960227902047336,35.717040358576924,2.2313277045374407,2.2371776817346065,2.232705332181792,605.6898895185441,613.4885119507089,613.8162273587659,604.7771761659533,1,,-0.008050616390093523,-0.008050616390093523,-0.008050616390093301,-0.008050616390093523,-0.02564886572694114,-0.125299961496677,-0.10537888016382824,-0.044358232441923384,-0.0031397205263064,-0.003897955658288099,-0.003400785603229428,-0.005723335534792984,-0.010504336536523162,-0.009138298564115521,-0.005730118716763988,False,False,False
lfm25,49,cap24_chunk-1_pollpm_mem0.8,24,-1,lpm,0.8,0,R_short_decode,1.6486718921010677,422.0600043778733,586.92719358798,164.86718921010674,38.15609961748123,42.75221151765436,42.79339119326323,37.2453176532872,2.23014343475156,2.2345355651895686,2.227677709469162,603.5122442990541,610.7469921000302,611.1796549148858,604.7482137219049,1,,-0.0065647576373338845,-0.0065647576373338845,-0.0065647576373339955,-0.0065647576373339955,-0.08297679445894879,-0.07818905171243351,-0.052105673011233256,-0.08904471704874428,-0.0026073074434498356,-0.0027123478186292793,-0.0011413201436114573,-0.0021074445455975255,-0.00598865670903459,-0.004803668569879349,-0.005681954858339555,False,False,False
lfm25,50,cap24_chunk-1_pollpm_mem0.85,24,-1,lpm,0.85,0,R_short_decode,1.6325198066600737,417.92507050497886,581.1770511709863,163.25198066600737,37.934834603220224,48.370609479025006,49.76590358652175,38.81316108163446,2.2350640748353565,2.2725081984247044,2.24184560531725,611.6067057009786,617.5161338411272,618.8349813036621,609.9175149574876,1,,-0.016297470975636275,-0.016297470975636275,-0.016297470975636275,-0.016297470975636275,-0.07669667468065478,-0.21988219354234295,-0.22352980275496948,-0.13488810651035843,-0.004819483408653236,-0.019751963932695737,-0.007508518546109233,-0.015547967264198936,-0.017138412492168964,-0.017389329721531066,-0.014278380368813348,False,False,False
lfm25,51,cap24_chunk-1_pollpm_mem0.9,24,-1,lpm,0.9,0,R_short_decode,1.6338892475708349,418.2756473781337,581.6645721352172,163.3889247570835,36.95697383955121,47.59494597092271,47.8645652718842,37.65451500657946,2.232325692460233,2.301505078640041,2.245583322327632,609.6358932554722,620.0341727118939,621.7649201955646,609.9986931076273,1,,-0.0154722911023083,-0.0154722911023083,-0.0154722911023083,-0.0154722911023083,-0.04894225203572944,-0.20032035398923798,-0.17678406068209784,-0.10100955568917747,-0.0035883867280135373,-0.03276385342467103,-0.00918828708991204,-0.012275513652691972,-0.021285986813302626,-0.02220626582795182,-0.014413377709643793,False,False,False
lfm25,52,cap24_chunk-1_polfcfs_mem0.75,24,-1,fcfs,0.75,0,R_short_decode,1.65076668175157,422.59627052840193,587.672938703559,165.076668175157,36.606971407309175,46.175195695832365,48.44506287015975,36.056862969417125,2.228281051650935,2.2331930798982693,2.2286787963401418,605.0366933923215,613.6465732008219,615.8587326854467,604.090694221668,1,,-0.005302506564748732,-0.005302506564748732,-0.00530250656474851,-0.005302506564748621,-0.03900820437566255,-0.16451497343866683,-0.19105600313126847,-0.054294569205494136,-0.0017700344336293306,-0.002109928864408417,-0.0015912189002094124,-0.004638730032552774,-0.010764686283203373,-0.012496258582611608,-0.004588515503990642,False,False,False
lfm25,53,cap24_chunk-1_polfcfs_mem0.8,24,-1,fcfs,0.8,0,R_short_decode,1.5064152050253707,385.6422924864949,536.283812989032,150.64152050253708,40.84436665289104,300.189187307842,375.441621155478,93.15713227260858,2.233362607840522,2.2365634649842736,2.2331959011122477,609.7231218591332,869.0997330006211,944.440491972491,662.342369207181,1,,-0.09228393989539563,-0.09228393989539563,-0.09228393989539563,-0.09228393989539563,-0.15927732952003093,-6.570618775220876,-8.230496777371464,-1.723893609964727,-0.004054553576871012,-0.0036223356460625133,-0.003621252336172942,-0.012420353188147715,-0.43153299853547034,-0.5526977435334581,-0.10145967120804511,False,False,False
lfm25,54,cap24_chunk-1_polfcfs_mem0.85,24,-1,fcfs,0.85,0,R_short_decode,1.6423812098600594,420.4495897241752,584.6877107101811,164.23812098600595,37.69875504076481,48.382676765322685,50.316120237112045,37.11820568423718,2.23488972577102,2.2484590766001857,2.235868380479815,608.4034827072173,614.554605865851,614.948315070942,606.9869619677775,1,,-0.010355315034875412,-0.010355315034875412,-0.010355315034875412,-0.010355315034875412,-0.06999607660201623,-0.22018652437127928,-0.2370572667705444,-0.08532799164298388,-0.004741101165060435,-0.008960302442361012,-0.004822292105404413,-0.010229146247872967,-0.012260347453469045,-0.010999495803241333,-0.009404940162402342,False,False,False
lfm25,55,cap24_chunk-1_polfcfs_mem0.9,24,-1,fcfs,0.9,0,R_short_decode,1.6423158446865678,420.43285623976135,584.664440708418,164.23158446865676,40.60894018039107,49.92211270146071,52.98316746018827,39.36179575975984,2.227949716296851,2.2316725222887497,2.2281703468511305,608.240089379251,617.6933707669377,620.6496806070209,607.2661668877117,1,,-0.010394701930036887,-0.010394701930036887,-0.010394701930036998,-0.010394701930036998,-0.15259526796041656,-0.25901031648016937,-0.30262850184548484,-0.1509300611894442,-0.001621075742433753,-0.001427602785384563,-0.0013627164599814279,-0.009957838296972499,-0.017430347350992026,-0.02037276757438322,-0.009869251330776763,False,False,False
lfm25,56,cap24_chunk2048_pollpm_mem0.75,24,2048,lpm,0.75,0,R_short_decode,1.6501420826038316,422.4363731465809,587.450581406964,165.01420826038316,35.27871239930391,42.919759708456695,43.15009174402803,35.61573603656143,2.231745630064431,2.235315410590761,2.231910758895983,604.1063929442316,612.1364272432402,612.4736044416204,604.4734682072885,1,,-0.005678869386657626,-0.005678869386657626,-0.005678869386657626,-0.005678869386657626,-0.0013084998167165462,-0.08241453195180548,-0.060875407368835566,-0.041396116835011876,-0.0033276076284534106,-0.0030622910575495155,-0.0030436961800490714,-0.0030940041160509857,-0.008277257408476402,-0.006930973071840096,-0.005225059575379776,False,False,False
lfm25,57,cap24_chunk2048_pollpm_mem0.8,24,2048,lpm,0.8,0,R_short_decode,1.644252270351557,420.9285812099986,585.3538082451543,164.4252270351557,38.13479351811111,45.48545088618994,46.59553710371256,37.20309416530654,2.232468465123983,2.238078370211312,2.2336380679516017,607.4755352456123,614.5298281917349,615.7038950594142,606.5008330624551,1,,-0.00922787576587858,-0.00922787576587858,-0.00922787576587858,-0.00922787576587858,-0.08237206778537365,-0.1471199598046975,-0.1455841090607215,-0.08781011175019993,-0.0036525731447920595,-0.0043021253082144995,-0.0038199666705638347,-0.008688327369373416,-0.012219535039453167,-0.012241699365172165,-0.008596519307698225,False,False,False
lfm25,58,cap24_chunk2048_pollpm_mem0.85,24,2048,lpm,0.85,0,R_short_decode,1.6513895579394515,422.7557268324996,587.8946826264447,165.13895579394514,35.953879822045565,39.61895548272878,39.66552867088467,34.564729779958725,2.2378990454051424,2.241536206891839,2.2351681740407185,603.5085751209408,610.188091150485,610.2999124629423,603.9758074330166,1,,-0.004927181941556724,-0.004927181941556724,-0.004927181941556835,-0.004927181941556835,-0.020471639092851213,0.0008300734543111865,0.0247950308692243,-0.010664930112609605,-0.006094003318611874,-0.005853774604076323,-0.004507612115641768,-0.002101352025126957,-0.00506806598531595,-0.0033573369781765283,-0.004397461495766031,False,False,False
lfm25,59,cap24_chunk2048_pollpm_mem0.9,24,2048,lpm,0.9,0,R_short_decode,1.6557128485904369,423.86248923915184,589.4337740981955,165.5712848590437,34.62446643970907,40.56410142220557,40.67064565606415,32.925021601840854,2.2330025813597087,2.2386019566130586,2.234046233458498,604.0671120863408,609.5053380122408,609.8257249919698,602.3270646692254,1,,-0.0023221097520913503,-0.0023221097520913503,-0.0023221097520913503,-0.0023221097520913503,0.01726082983733268,-0.023006026902591348,8.352162305458322e-05,0.037279768480215636,-0.003892696193658951,-0.004537076390828565,-0.0040034004557447656,-0.0030287798550814315,-0.003943472788312308,-0.002577753910265823,-0.0016556413330517383,False,False,False
lfm25,60,cap24_chunk2048_polfcfs_mem0.75,24,2048,fcfs,0.75,0,R_short_decode,1.6551891000548302,423.7284096140365,589.2473196195195,165.51891000548304,33.92279683612287,43.45565971452743,44.35470464173704,33.871532476041466,2.2307554625120813,2.2346500991463323,2.23138536160978,602.9125221539289,611.9207364274189,613.0596063425764,602.5953172356822,1,,-0.002637703325257923,-0.002637703325258034,-0.002637703325257923,-0.002637703325257812,0.03717617510791993,-0.09592965780955187,-0.09049166418144505,0.009604003253216975,-0.002882457236730085,-0.0027637431127924827,-0.0028075772251063835,-0.001111630406007258,-0.0079219834294324,-0.007894383511200198,-0.0021017389970194866,False,False,False
lfm25,61,cap24_chunk2048_polfcfs_mem0.8,24,2048,fcfs,0.8,0,R_short_decode,1.6565513891396064,424.0771556197392,589.7322945336998,165.65513891396063,31.836862675845623,44.658633088693016,47.02528568916023,33.03342836443335,2.2326399033487423,2.238329491619454,2.2335890158992195,601.3630535453558,613.2487341761589,615.6259075552225,602.3188214749098,1,,-0.0018168329061122312,-0.0018168329061123423,-0.0018168329061123423,-0.0018168329061123423,0.0963808190048685,-0.1262680350649903,-0.1561497808177481,0.03410997910715352,-0.003729646759986549,-0.004414812052013994,-0.0037979221727133528,0.0014611989647442813,-0.01010938785163673,-0.012113484805534425,-0.0016419330961601197,False,False,False
lfm25,62,cap24_chunk2048_polfcfs_mem0.85,24,2048,fcfs,0.85,0,R_short_decode,1.6508414110240033,422.6154012221448,587.6995423245452,165.08414110240034,35.29234789311886,41.01136215031147,41.51756219565869,34.77325476706028,2.2316756366076422,2.2357945309393856,2.2322980960931624,604.1780584491789,609.6084772143513,609.8726988304406,603.7295967107639,1,,-0.005257477172771474,-0.005257477172771585,-0.005257477172771363,-0.005257477172771363,-0.0016955132570475318,-0.03428571520843682,-0.02073851820665462,-0.016762153868078444,-0.0032961406159930373,-0.003277288704998549,-0.0032177695081956337,-0.00321300176142314,-0.004113357976004206,-0.0026549807695743777,-0.003988018896608381,False,False,False
lfm25,63,cap24_chunk2048_polfcfs_mem0.9,24,2048,fcfs,0.9,0,R_short_decode,1.657744710522054,424.3826458936458,590.1571169458513,165.7744710522054,32.823409186676145,41.11304364632815,41.51236945297569,33.10131293255836,2.231170893555471,2.2343323264306685,2.2313452892308696,601.6308981925249,609.3794590560719,609.9551323568448,601.8149044830352,1,,-0.0010977768450074477,-0.0010977768450074477,-0.0010977768450073366,-0.0010977768450074477,0.06837987056949935,-0.03685007087274328,-0.020610850969192684,0.03212504959268736,-0.00306922289195688,-0.0026211476532440603,-0.002789568285054944,0.0010164538623120833,-0.00373613193577893,-0.0027905047666152427,-0.0008039310748628736,False,False,False
lfm25,64,cap24_chunk8192_pollpm_mem0.75,24,8192,lpm,0.75,0,R_short_decode,1.6478050718218205,421.8380983863861,586.6186055685681,164.78050718218205,37.46822685934603,45.76786446850747,46.05819923337549,36.22129908762872,2.232699863174383,2.2361140223772864,2.2332411250704536,606.2619092408568,615.1032789144665,615.5187358427793,605.4181017680094,1,,-0.0070870749148496115,-0.0070870749148493895,-0.0070870749148495005,-0.0070870749148495005,-0.06345304223927495,-0.154242286853999,-0.1323732789315497,-0.05910264434388779,-0.003756602945137466,-0.003420655413855833,-0.0036415764490496105,-0.006673150932195782,-0.013164091344619822,-0.011937290246432308,-0.00679596281149486,False,False,False
lfm25,65,cap24_chunk8192_pollpm_mem0.8,24,8192,lpm,0.8,0,R_short_decode,1.634743008817018,418.4942102571566,581.9685111388584,163.4743008817018,34.027111483737826,72.37922376953063,86.65517191402613,40.00486200675368,2.229262604469469,2.2790725929589253,2.2386599948734127,605.9755145106465,644.1052146721631,656.2929876241833,610.2960369316861,1,,-0.014957842766902485,-0.014957842766902485,-0.014957842766902485,-0.014957842766902485,0.03421543373703295,-0.8253672469674826,-1.1304784553008997,-0.16973317371811913,-0.002211311892813761,-0.022697631729599932,-0.0060768723830892935,-0.006197604174141835,-0.060934475435301616,-0.07897178238582181,-0.014907853445924157,False,False,False
lfm25,66,cap24_chunk8192_pollpm_mem0.85,24,8192,lpm,0.85,0,R_short_decode,1.6523138991431654,422.9923581806504,588.2237480949668,165.23138991431654,32.43865189142525,44.6848607622087,46.349015068262815,33.966641465667635,2.234089109754445,2.23803893655584,2.2348052216305527,602.2500859107822,613.7696287827566,615.2218656102195,603.5620419424959,1,,-0.004370204454321902,-0.00437020445432168,-0.004370204454321902,-0.004370204454321902,0.07930035841895977,-0.1269294836645516,-0.13952319112954847,0.006823037772927032,-0.004381167603762837,-0.004284430081574309,-0.004344497562078553,-1.1682066823004433e-05,-0.01096737662989744,-0.011449223773069894,-0.0037093792858180485,False,False,False
lfm25,67,cap24_chunk8192_pollpm_mem0.9,24,8192,lpm,0.9,0,R_short_decode,1.629326558911156,417.107599081256,580.0402549723716,162.93265589111562,37.98208455555141,45.39983232971281,46.7475777072832,37.13869763305411,2.233467318628933,2.347309279888385,2.255381070836914,607.3723677545786,639.8252392886207,649.859991944395,611.981161753647,1,,-0.01822161662679267,-0.01822161662679256,-0.01822161662679256,-0.01822161662679267,-0.07803776044222244,-0.14496070331386202,-0.14932213442128006,-0.08592717162068886,-0.004101628486938624,-0.05331776131012811,-0.013591496241452727,-0.008517021962106908,-0.053884736766867114,-0.06839568155038811,-0.017710176109599463,False,False,False
lfm25,68,cap24_chunk8192_polfcfs_mem0.75,24,8192,fcfs,0.75,0,R_short_decode,1.645910156683051,421.35300011086105,585.9440157791661,164.5910156683051,37.81485254876316,45.02940371166915,45.18093356397003,36.84103552950546,2.2314770138073783,2.2352601297602197,2.232076854683766,606.6882230807096,613.3325442671776,613.7376019358635,605.7412463705987,1,,-0.00822888820660228,-0.00822888820660228,-0.008228888206602392,-0.008228888206602392,-0.07329124849634483,-0.1356186817847369,-0.11080508436264669,-0.07722359861446804,-0.0032068456101803644,-0.0030374846627689855,-0.0031183413387920744,-0.007381027659909112,-0.010247435196892862,-0.009009035240737706,-0.007333344631333283,False,False,False
lfm25,69,cap24_chunk8192_polfcfs_mem0.8,24,8192,fcfs,0.8,0,R_short_decode,1.6456923836606223,421.29725021711937,585.8664885831816,164.56923836606225,37.38762345165014,45.95982867758721,47.16550899203867,37.257487361785024,2.22814143909251,2.233133446118569,2.228768036110135,605.7439693249762,613.7803088407964,615.0352657493204,605.3139536525123,1,,-0.008360111038963947,-0.008360111038963725,-0.008360111038963725,-0.008360111038963836,-0.06116529215569533,-0.15908352666834036,-0.1595972695147878,-0.08940055658999757,-0.0017072687078438786,-0.0020831691528224727,-0.0016313241725116612,-0.005813132845679636,-0.01098496823064199,-0.011142446177843324,-0.006622766962360638,False,False,False
lfm25,70,cap24_chunk8192_polfcfs_mem0.85,24,8192,fcfs,0.85,0,R_short_decode,1.6498197382232505,422.3538529851521,587.3358268074771,164.98197382232505,33.90106954611838,40.30162934213877,40.761576034128666,34.18533562216908,2.236025412475654,2.240454767552006,2.236605887763908,603.9863980840892,610.1927764713764,610.6829287111759,604.2395690456033,1,,-0.005873103466453089,-0.005873103466453089,-0.005873103466453089,-0.005873103466453089,0.0377928563493789,-0.016386614407606137,-0.0021520657875966354,0.0004284697897941614,-0.005251672714535305,-0.005368495874858326,-0.005153735479315191,-0.002894757549321225,-0.005075783386679911,-0.0039870309286411665,-0.004836090809824167,False,False,False
lfm25,71,cap24_chunk8192_polfcfs_mem0.9,24,8192,fcfs,0.9,0,R_short_decode,1.6505745182091,422.5470766615296,587.6045284824396,165.05745182091002,36.408108891919255,40.404026908800006,40.4741211887449,34.79104646248743,2.232385130927843,2.235708707369912,2.232895435259643,606.0009975917637,609.1883191373199,609.4537110906094,603.8998152362183,1,,-0.005418297970122721,-0.005418297970122721,-0.00541829797012261,-0.00541829797012261,-0.033363930154396426,-0.018969029009726857,0.004915214115437383,-0.01728237904356611,-0.0036151085258318005,-0.0032387767411767854,-0.003486219885537878,-0.0062399177900440694,-0.0034212968361451157,-0.0019661482557911114,-0.004271088272503665,False,False,False
lfm25,72,cap32_chunk-1_pollpm_mem0.75,32,-1,lpm,0.75,0,R_short_decode,1.653297124482794,423.2440638675952,588.5737763158746,165.32971244827937,35.11624340899289,42.02564663719386,42.28812539484352,34.67436617938802,2.231478064740989,2.235458796220632,2.2316990012570947,603.7794144358486,610.3654224425554,610.6940947473049,603.4779923502356,1,,-0.0037777453311628184,-0.0037777453311630405,-0.0037777453311629294,-0.0037777453311630405,0.0033028244037865973,-0.05986545460102377,-0.03968335736685824,-0.013870673790410626,-0.003207318079215815,-0.003126633081821373,-0.002948530114847747,-0.0025510696510882003,-0.005360156279021755,-0.004005388336280058,-0.0035696068047565976,False,False,False
lfm25,73,cap32_chunk-1_pollpm_mem0.8,32,-1,lpm,0.8,0,R_short_decode,1.6509835546972442,422.6517900024945,587.750145472219,165.09835546972442,36.12541570328176,43.587770848535,44.149573254399,36.260285414755344,2.228179276354757,2.2313312160739667,2.2285050816638203,604.1565074119717,611.1511137569323,611.959236417897,604.250049975235,1,,-0.005171826088918419,-0.005171826088918419,-0.005171826088918419,-0.005171826088918419,-0.025340307029517284,-0.09926143348243044,-0.085448364496306,-0.06024259578663349,-0.001724279235073567,-0.001274447041845983,-0.0015131497344402778,-0.0031772171439159447,-0.006654303544848084,-0.006085331576616726,-0.00485352034754194,False,False,False
lfm25,74,cap32_chunk-1_pollpm_mem0.85,32,-1,lpm,0.85,1,R_short_decode,1.6595665442470775,424.84903532725184,590.8056897519596,165.95665442470775,35.232610534876585,39.65186944697052,40.67404281813651,34.19998928438872,2.2243438863798097,2.2284911221555554,2.2251381145167466,602.2430504672229,607.1112114703283,608.2577861053869,601.331475423649,1,,0.0,0.0,0.0,0.0,0.0,0.0,0.0,0.0,0.0,0.0,0.0,0.0,0.0,0.0,0.0,False,False,False
lfm25,75,cap32_chunk-1_pollpm_mem0.9,32,-1,lpm,0.9,0,R_short_decode,1.6504011418707911,422.5026923189226,587.5428065060017,165.04011418707913,36.655066069215536,43.73867108952254,44.06597995664925,35.952834761701524,2.2285845340686103,2.233692624498925,2.2294387471098185,605.3112940862775,611.7059029173106,611.9538023974746,604.180354217533,1,,-0.0055227688266302755,-0.0055227688266301644,-0.0055227688266301644,-0.0055227688266302755,-0.040373265356845156,-0.10306706088643836,-0.08339316437460886,-0.05125280779292307,-0.0019064712586787103,-0.002334091570595165,-0.0019327486078346556,-0.005094693274873219,-0.007568121556929652,-0.006076397830848901,-0.004737617953354256,False,False,False
lfm25,76,cap32_chunk-1_polfcfs_mem0.75,32,-1,fcfs,0.75,0,R_short_decode,1.6539960954548552,423.4230004364429,588.8226099819284,165.39960954548553,36.81733994744718,44.53118285164237,45.061738323420286,36.75354004371911,2.2207512584167954,2.225862872992151,2.2219294167092243,602.9629388358444,609.9236506503075,610.333699202165,602.7891045087017,1,,-0.0033565685037050264,-0.0033565685037050264,-0.0033565685037050264,-0.0033565685037049153,-0.044979051750987376,-0.12305380484512396,-0.10787458539349593,-0.07466525027526871,0.0016151405297593069,0.001179385072381356,0.0014420218621886693,-0.0011953452481734406,-0.004632494223204997,-0.0034128837216700347,-0.002424002641847167,False,False,False
lfm25,77,cap32_chunk-1_polfcfs_mem0.8,32,-1,fcfs,0.8,0,R_short_decode,1.6568420163958142,424.1515561973284,589.8357578369098,165.6842016395814,34.91762652993202,42.76965521275997,43.275957480072975,34.611306560691446,2.22606096672369,2.229791812441112,2.2264416101099616,602.5631730444729,609.7971797455102,609.9711649212986,602.0750725874677,1,,-0.0016417105181518732,-0.0016417105181519842,-0.0016417105181518732,-0.0016417105181518732,0.00894012677921674,-0.07862897283970693,-0.06396990516950218,-0.012026824712792594,-0.0007719491371789289,-0.0005836641091476746,-0.0005858043528672585,-0.0005315504711953523,-0.004424178345639351,-0.002816862940435705,-0.0012365844699795403,False,False,False
lfm25,78,cap32_chunk-1_polfcfs_mem0.85,32,-1,fcfs,0.85,0,R_short_decode,1.6575921659252777,424.34359447687103,590.1028110693987,165.75921659252774,35.099094500765204,43.03306683432311,43.35316227283329,34.728866012301296,2.2233788709284044,2.2263768609551065,2.223158031330706,602.1139090880752,608.8476317469031,609.078724058345,601.355766702909,1,,-0.0011896951819401202,-0.0011896951819402313,-0.0011896951819403423,-0.0011896951819403423,0.003789558368921142,-0.08527208009384069,-0.0658680393949469,-0.015464236655594155,0.00043384274226410113,0.0009487411367400389,0.0008898697897098407,0.00021443398815079728,-0.002860135414678666,-0.0013496546558235956,-4.039582202630676e-05,False,False,False
lfm25,79,cap32_chunk-1_polfcfs_mem0.9,32,-1,fcfs,0.9,0,R_short_decode,1.6506562130551887,422.5679905421283,587.6336118476472,165.06562130551887,35.31814063899219,42.91193305980414,43.732098354958,34.85008276766166,2.2341444841859976,2.238168282704596,2.23408010385742,604.9047578126192,611.80650817696,612.4360334174708,604.2606020346284,1,,-0.005369071353466759,-0.005369071353466759,-0.005369071353466648,-0.005369071353466759,-0.002427583503383568,-0.08221714784957501,-0.07518444995730555,-0.01900858733805766,-0.00440606232975016,-0.004342472111659168,-0.004018622162074381,-0.004419656388448656,-0.00773383297478647,-0.006869204813368279,-0.004871068172368265,False,False,False
lfm25,80,cap32_chunk2048_pollpm_mem0.75,32,2048,lpm,0.75,0,R_short_decode,1.6477178360660345,421.8157660329048,586.5875496395082,164.77178360660344,36.99647192843258,49.543396988883615,49.9106849450618,37.63446724042296,2.227793571849664,2.232211639033997,2.2285025388571658,604.8199327196926,616.589412279427,616.6244071349502,605.3446414880455,1,,-0.007139640300726002,-0.007139640300726113,-0.007139640300726113,-0.007139640300726113,-0.05006331823780008,-0.24945929863765404,-0.22708935446187506,-0.10042336351263059,-0.0015508777626416226,-0.0016695228630048131,-0.0015120069709244621,-0.004278807784449334,-0.01561196800524245,-0.01375505784008757,-0.006673800105955197,False,False,False
lfm25,81,cap32_chunk2048_pollpm_mem0.8,32,2048,lpm,0.8,0,R_short_decode,1.6496391827597492,422.3076307864958,587.2715490624707,164.96391827597492,34.819460241124034,44.92307212203741,45.16364473849535,36.868653958663344,2.22661801266904,2.2296019306528456,2.22715527101038,602.5872470345348,612.7767409430817,612.9777762154117,604.5144174713641,1,,-0.005981900226743941,-0.005981900226743941,-0.00598190022674383,-0.005981900226743941,0.011726360535889824,-0.1329370531222107,-0.11038002640733136,-0.07803115527561855,-0.0010223807133218354,-0.0004984576722100176,-0.0009065309162041846,-0.0005715243489232691,-0.009331946710442685,-0.007759851526515371,-0.005293157231579748,False,False,False
lfm25,82,cap32_chunk2048_pollpm_mem0.85,32,2048,lpm,0.85,0,R_short_decode,1.6576038546419636,424.3465867883427,590.1069722525391,165.76038546419636,34.713977947831154,42.651380924507976,44.06652330420911,34.61214917479083,2.225282167394956,2.229350230351947,2.2256862008562037,602.2666804492474,609.7554960986599,611.3641374884173,601.8832647823729,1,,-0.001182651947231439,-0.001182651947231439,-0.001182651947231217,-0.001182651947231439,0.014720242955940988,-0.0756461553861647,-0.0834065229571892,-0.012051462559675263,-0.00042182372109444977,-0.00038551115947926817,-0.0002463156492988894,-3.9236620507532294e-05,-0.004355519348633985,-0.005106965260436747,-0.0009176126334233814,False,False,False
lfm25,83,cap32_chunk2048_pollpm_mem0.9,32,2048,lpm,0.9,0,R_short_decode,1.6436397261178022,420.77176988615736,585.1357424979376,164.3639726117802,38.34150242619216,43.16435062792152,43.83848506491631,36.78812930593267,2.234218302456772,2.2448865329823446,2.235534349437018,608.2552908919752,612.9120761761442,612.9239053698257,606.5682441112585,1,,-0.009596974694679128,-0.009596974694679128,-0.009596974694679017,-0.009596974694679128,-0.08823904457031628,-0.08858299066197906,-0.07780004217748382,-0.07567663252822587,-0.004439248866789702,-0.0073571802300609335,-0.004672175112388155,-0.00998307978828139,-0.009554863419120707,-0.007671285713110931,-0.008708622285105161,False,False,False
lfm25,84,cap32_chunk2048_polfcfs_mem0.75,32,2048,fcfs,0.75,0,R_short_decode,1.6590197012907493,424.7090435304318,590.6110136595067,165.90197012907493,35.79058009199798,41.78858019877225,42.03637993428856,34.451589337550104,2.221409405819049,2.235221234549246,2.223665673618666,603.2739630900323,607.7050839085132,608.0719812307507,601.2082556844689,1,,-0.0003295095085061872,-0.0003295095085061872,-0.0003295095085061872,-0.0003295095085061872,-0.015836736155814046,-0.053886759479507385,-0.03349401784925554,-0.007356729005649987,0.0013192566935037453,-0.0030200310545462905,0.0006617301139529852,-0.0017117883253441324,-0.0009781938250599254,0.00030547060618146826,0.00020491150757284693,False,False,False
lfm25,85,cap32_chunk2048_polfcfs_mem0.8,32,2048,fcfs,0.8,0,R_short_decode,1.6543821998718693,423.52184316719854,588.9600631543855,165.43821998718693,36.20926290750504,42.12726214900613,43.17449541762471,35.23083357140422,2.223146378117449,2.226876719893667,2.223750937398316,603.0602497048676,608.1628479063511,608.9762828499079,602.008905611001,1,,-0.0031239147313374405,-0.0031239147313374405,-0.0031239147313374405,-0.0031239147313374405,-0.027720125128442463,-0.062428146177222255,-0.06147538887806969,-0.03014165526320922,0.0005383647149584947,0.0007244373764103695,0.0006234116926857602,-0.001356925973675649,-0.0017321973571793325,-0.0011812372335116006,-0.0011265503554005463,False,False,False
lfm25,86,cap32_chunk2048_polfcfs_mem0.85,32,2048,fcfs,0.85,0,R_short_decode,1.656176431691695,423.9811665130739,589.5988096822433,165.6176431691695,35.87213298305869,43.26206371188164,44.165556728839874,34.83534470433369,2.223516667407809,2.229776974428176,2.224626902325173,602.8087809681892,610.0484699010849,611.0153076797724,601.8363468465395,1,,-0.0020427698829760255,-0.0020427698829760255,-0.0020427698829761365,-0.0020427698829760255,-0.018151435232113933,-0.0910472649906029,-0.0858413294767566,-0.018577649678825914,0.0003718934725273071,-0.0005770057864880052,0.00022974402723063836,-0.0009393724021014016,-0.00483808958764409,-0.004533475176769386,-0.0008395892174692943,False,False,False
lfm25,87,cap32_chunk2048_polfcfs_mem0.9,32,2048,fcfs,0.9,0,R_short_decode,1.635507579353497,418.6899403144952,582.240698249845,163.5507579353497,35.909959115087986,47.94034003280103,50.10231922380626,37.211215356364846,2.2247002052528,2.370187172195498,2.246886334732556,603.4243872854859,648.332447046414,665.4856853652745,609.5841981587,1,,-0.014497137808050842,-0.014497137808050953,-0.01449713780805073,-0.01449713780805073,-0.019225046623805975,-0.20903101673214453,-0.23180081822271403,-0.0880475735514532,-0.0001601905510977275,-0.06358385215503293,-0.009773874292981821,-0.001961561561144576,-0.0678973387367603,-0.09408494320526839,-0.013724082427644113,False,False,False
lfm25,88,cap32_chunk8192_pollpm_mem0.75,32,8192,lpm,0.75,0,R_short_decode,1.6482157861628,421.9432412576768,586.7648198739568,164.82157861628,36.23807802796364,45.55841272231192,46.53367533814162,36.72957938397303,2.229010037091725,2.232640575046637,2.2289725343882765,604.7575129196048,612.8781314473599,613.4754141326994,604.8383606830612,1,,-0.006839592014930118,-0.006839592014930118,-0.006839592014930118,-0.006839592014930118,-0.028537978816294274,-0.14896002023916344,-0.1440631939688155,-0.07396464596961128,-0.002097764981614292,-0.001862001086667009,-0.0017232278061816153,-0.00417516225456005,-0.009498951539809397,-0.00857798806114829,-0.00583186711944772,False,False,False
lfm25,89,cap32_chunk8192_pollpm_mem0.8,32,8192,lpm,0.8,0,R_short_decode,1.6556474802889076,423.8457549539604,589.4105029828511,165.56474802889076,37.25758846849203,45.35596426576376,46.71907123178244,35.84628936368972,2.223493081207077,2.2276394176109244,2.224079656677966,604.0182942524552,611.0544448951259,611.8277009995654,602.4300359422341,1,,-0.0023614985321048776,-0.0023614985321047666,-0.0023614985321048776,-0.0023614985321048776,-0.0574745357461075,-0.14385437303080395,-0.14862128263656293,-0.0481374443018463,0.0003824971390181675,0.0003821888883305258,0.00047568186076873964,-0.002947719834799356,-0.0064950759437429895,-0.005869082115719904,-0.0018268801210035157,False,False,False
lfm25,90,cap32_chunk8192_pollpm_mem0.85,32,8192,lpm,0.85,0,R_short_decode,1.6473601324253508,421.7241939008898,586.4602071434249,164.73601324253508,36.357791628688574,47.79860170092434,48.35149567108601,37.38068463280797,2.225512693471768,2.229006609130868,2.225979458727532,603.9311571512371,615.0281487731263,615.5700564896688,604.7266592504457,1,,-0.007355180703082054,-0.007355180703082054,-0.007355180703082054,-0.007355180703082054,-0.03193578553306975,-0.20545644802066798,-0.18875558761830602,-0.09300281710530078,-0.0005254615076002445,-0.000231316593630293,-0.0003781087588661247,-0.002803032235414893,-0.013040341132268818,-0.01202166343171962,-0.005646110282859773,False,False,False
lfm25,91,cap32_chunk8192_pollpm_mem0.9,32,8192,lpm,0.9,0,R_short_decode,1.6501820180041928,422.44659660907337,587.4647984094927,165.0182018004193,36.25012305565178,42.62878226581961,43.42183553148061,35.54736910155043,2.229331389033035,2.234180557960479,2.230167346335544,605.1634147297591,611.0000883229077,611.7504397965968,603.9606700651348,1,,-0.005654805633083071,-0.005654805633083071,-0.00565480563308296,-0.005654805633083071,-0.02887985038088403,-0.07507622869661512,-0.06755641984324368,-0.039397083021214474,-0.0022422354222135787,-0.002553043962508772,-0.0022601886085122924,-0.004849145640237085,-0.006405542805182574,-0.005742061624188999,-0.004372288411534475,False,False,False
lfm25,92,cap32_chunk8192_polfcfs_mem0.75,32,8192,fcfs,0.75,0,R_short_decode,1.634556296852704,418.4464119942922,581.9020416795626,163.4556296852704,38.707194151356816,44.606276764534414,44.76897958200425,37.82207780750469,2.2359415030508654,2.2866507007767614,2.245715605411005,608.7116070557386,627.0076730754226,632.3315409105271,610.1994957425632,1,,-0.015070349231292912,-0.015070349231293023,-0.015070349231293023,-0.015070349231293023,-0.09861839823196639,-0.12494763517240459,-0.10067690546959374,-0.10590905432737507,-0.0052139494895868665,-0.026098187263564165,-0.009247736470833656,-0.01074077415006669,-0.032772350813466744,-0.039578210678209436,-0.014747307735166304,False,False,False
lfm25,93,cap32_chunk8192_polfcfs_mem0.8,32,8192,fcfs,0.8,0,R_short_decode,1.6598198692296262,424.9138865227843,590.8958734457469,165.98198692296262,34.20856944285333,43.3444102993235,43.66726468782872,34.75428867386654,2.2212272117316143,2.2253706229338617,2.221507731074282,600.5865640472621,609.2410896671936,609.5635680248961,600.960441865027,1,,0.0001526452695896907,0.0001526452695896907,0.0001526452695896907,0.0001526452695896907,0.029065149487278563,-0.0931240040848842,-0.0735904685717037,-0.016207589565849334,0.0014011658301935626,0.0014002744685270851,0.001631531732246283,0.002750528077784753,-0.003508217533501057,-0.0021467574264357747,0.000617020019383796,False,False,False
lfm25,94,cap32_chunk8192_polfcfs_mem0.85,32,8192,fcfs,0.85,0,R_short_decode,1.6566609920156967,424.1052139560184,589.771313157588,165.66609920156966,36.10283462330699,41.96543318685144,42.690419922582805,35.23406386375427,2.221545100431232,2.232799634392209,2.223169869297793,604.8268799204379,607.8763416269794,608.7865136237815,601.8640926340595,1,,-0.0017507898321118542,-0.0017507898321117432,-0.0017507898321118542,-0.0017507898321118542,-0.02469939284144096,-0.058346901978355126,-0.04957405177208485,-0.030236108285495167,0.0012582523618381858,-0.0019333764419424693,0.000884549685304048,-0.004290343327682189,-0.0012602800643364276,-0.0008692490757578053,-0.0008857298049054219,False,False,False
lfm25,95,cap32_chunk8192_polfcfs_mem0.9,32,8192,fcfs,0.9,0,R_short_decode,1.6536660745700682,423.3385150899375,588.7051225469443,165.36660745700684,35.4278942104429,40.56592364795506,40.68839677609503,34.408170089591295,2.230737939038697,2.235752647483161,2.231330370454601,604.725630255416,609.2227841028944,609.4380902918056,603.1178333214484,1,,-0.0035554281914536023,-0.0035554281914534913,-0.0035554281914536023,-0.0035554281914534913,-0.005542696740368003,-0.023051982510105207,-0.00035290216963912435,-0.006087159954099697,-0.0028745791952582422,-0.0032584941691764513,-0.0027828636332531964,-0.004122222392217045,-0.0034780656207158422,-0.0019404670410814173,-0.00297067087090519,False,False,False
lfm25,96,cap48_chunk-1_pollpm_mem0.75,48,-1,lpm,0.75,0,R_short_decode,1.6489238448757135,422.12450428818266,587.016888775754,164.89238448757135,33.732624258846045,44.23421714454889,44.82391532510519,34.979197138454765,2.2296497452200628,2.2608601159844777,2.23557972432085,605.0067057367414,613.2280790479854,613.4011660004035,604.7726616961882,1,,-0.006412939214915592,-0.006412939214915592,-0.006412939214915592,-0.006412939214915592,0.04257380458781823,-0.11556448060303182,-0.10202753941927445,-0.022783862520732612,-0.0023853590592453067,-0.014525071922930843,-0.004692567052796637,-0.004588936754644779,-0.010075365867223907,-0.008455921177678682,-0.005722611260478017,False,False,False
lfm25,97,cap48_chunk-1_pollpm_mem0.8,48,-1,lpm,0.8,0,R_short_decode,1.6547951861191474,423.62756764650175,589.1070862584165,165.47951861191473,36.08586615882814,44.22385066282004,45.58081479277462,35.32134834676981,2.224915574176931,2.22861018691109,2.225214453399416,603.6704776342958,611.1546093830839,612.4781513633206,602.4723573937081,1,,-0.0028750628557017155,-0.0028750628557017155,-0.0028750628557016045,-0.0028750628557018265,-0.02421778037443234,-0.11530304320112772,-0.12063644611324897,-0.032788286951100254,-0.0002570141247590918,-5.342841815725308e-05,-3.430748058796951e-05,-0.0023701845392245513,-0.0066600613468545955,-0.006938448392015406,-0.001897259692344111,False,False,False
lfm25,98,cap48_chunk-1_pollpm_mem0.85,48,-1,lpm,0.85,0,R_short_decode,1.6513591706077342,422.74794767558,587.8838647363534,165.1359170607734,34.0379779227078,49.11337906960397,53.17888394463807,35.36847949726507,2.233822358881726,2.2366706027921963,2.230533404272252,604.0068690199405,612.1167821343988,613.4744596015662,603.5994534031488,1,,-0.004945492344247571,-0.00494549234424746,-0.00494549234424746,-0.004945492344247682,0.03390701381568706,-0.23861446520918905,-0.30744032950974987,-0.03416639119854148,-0.0042612442077663015,-0.0036704120358932446,-0.0024246988177079043,-0.002928748702619721,-0.008244899072029632,-0.00857641877398918,-0.0037715936587254806,False,False,False
lfm25,99,cap48_chunk-1_pollpm_mem0.9,48,-1,lpm,0.9,0,R_short_decode,1.6430484014116349,420.6203907613785,584.9252309025419,164.30484014116345,36.18512349203229,44.539483450353146,44.95126534253359,37.13464440079406,2.235055812543221,2.2388632276071867,2.2356299458718136,606.2061255797744,614.3251354107633,614.7392998309806,606.9402028806508,1,,-0.00995328743683288,-0.009953287436832992,-0.009953287436833103,-0.009953287436833103,-0.027034981021710536,-0.12326314172700492,-0.10515852932351888,-0.08580865602039589,-0.004815768923592811,-0.004654317600152114,-0.00471513713536198,-0.006580524440218838,-0.011882376414963591,-0.010655866433036731,-0.009327180908084598,False,False,False
lfm25,100,cap48_chunk-1_polfcfs_mem0.75,48,-1,fcfs,0.75,0,R_short_decode,1.6479107896935183,421.8651621615407,586.6562411308926,164.79107896935184,36.279232474043965,44.86778581049293,45.27760188560933,36.09639115165919,2.23283367048876,2.2355970249580177,2.233085065979225,605.7295585051179,613.2681573973969,613.4533602604643,605.2534965565428,1,,-0.0070233728162115705,-0.0070233728162115705,-0.0070233728162114595,-0.0070233728162115705,-0.02970605706697027,-0.13154276043650492,-0.11318174315881113,-0.0554503643700297,-0.003816758802869913,-0.0031886610324878273,-0.003571441885172444,-0.005789204267596215,-0.010141380707098913,-0.00854173061777641,-0.006522228243799777,False,False,False
lfm25,101,cap48_chunk-1_polfcfs_mem0.8,48,-1,fcfs,0.8,0,R_short_decode,1.649896934100814,422.3736151298084,587.3633085398898,164.9896934100814,37.02622768469155,47.21338280942291,47.81846474390477,37.51498641213402,2.221311534773193,2.229783412763081,2.223205374808055,603.6149207502604,612.980432389304,613.1542637106031,603.8752722670324,1,,-0.0058265877796725984,-0.0058265877796725984,-0.0058265877796725984,-0.0058265877796725984,-0.0509078697997547,-0.19069752493170533,-0.17565064672112118,-0.09692977094757449,0.0013632566552252978,-0.0005798948870281428,0.0008685931430874039,-0.0022779346012762325,-0.009667455991730911,-0.008050003990196064,-0.004230273896092429,False,False,False
lfm25,102,cap48_chunk-1_polfcfs_mem0.85,48,-1,fcfs,0.85,0,R_short_decode,1.6508748898804853,422.6239718094042,587.7114607974528,165.08748898804853,36.76800755783916,44.97916465625167,45.07692797109485,36.12673218594864,2.228647076031741,2.233167933097395,2.229148951066554,604.8690415918827,613.0443804198876,613.2361943321303,604.2803376913071,1,,-0.005237303919340852,-0.005237303919340852,-0.005237303919340741,-0.005237303919340852,-0.04357886059685234,-0.13435167833399997,-0.1082480335835978,-0.05633752939330372,-0.0019345882973764716,-0.002098644636876923,-0.001802511279475505,-0.004360351061954981,-0.009772787649877435,-0.008184701191610744,-0.004903888101950082,False,False,False
lfm25,103,cap48_chunk-1_polfcfs_mem0.9,48,-1,fcfs,0.9,0,R_short_decode,1.6527855263458844,423.1130947445464,588.3916473791348,165.27855263458844,33.52028806693852,42.58424444124103,43.820285852998495,34.659723576623946,2.232245141275081,2.236607440245712,2.2328363922913854,602.6543753687292,611.2335353391245,612.322478950955,603.753247007262,1,,-0.004086017475285697,-0.004086017475285697,-0.004086017475285697,-0.004086017475285697,0.04860049942206368,-0.07395300739079147,-0.07735260173004188,-0.01344252737661189,-0.0035521732694536734,-0.003642068846254176,-0.003459685367130927,-0.0006829882074805838,-0.006790063815182323,-0.006682516752631873,-0.004027348779484408,False,False,False
lfm25,104,cap48_chunk2048_pollpm_mem0.75,48,2048,lpm,0.75,0,R_short_decode,1.6543562599424944,423.51520254527856,588.9508285395281,165.43562599424945,36.02103050798178,41.88864193856716,42.88155935704708,34.05460005160421,2.2328639959953,2.235898848397504,2.232970288647218,605.3103781305254,610.637708962895,611.6222849907354,603.1824183883145,1,,-0.0031395452762317255,-0.0031395452762317255,-0.0031395452762316145,-0.0031395452762316145,-0.022377563318072502,-0.05641026571491281,-0.05427334943764772,0.004251148489419987,-0.0038303922642810573,-0.0033240995076448954,-0.003519859769321565,-0.005093172367738763,-0.005808651571474144,-0.0055313700246912845,-0.0030780743072886807,False,False,False
lfm25,105,cap48_chunk2048_pollpm_mem0.8,48,2048,lpm,0.8,0,R_short_decode,1.655144219610864,423.7169202203812,589.2313421814675,165.5144219610864,36.6713865660131,39.51008887961507,40.077787432819605,34.41343200393021,2.2293478880515867,2.233891250963297,2.23019132284484,604.6372461132705,608.129699761048,608.3734670747072,602.8329114778899,1,,-0.002664746798821338,-0.002664746798821338,-0.002664746798821449,-0.002664746798821338,-0.04083648668929252,0.003575633868790673,0.014659358745893747,-0.006241017146719319,-0.0022496528987345776,-0.0024232220420596917,-0.002270963898881595,-0.0039754641322804485,-0.001677597566108302,-0.00019018411595017604,-0.0024968525939592645,False,False,False
lfm25,106,cap48_chunk2048_pollpm_mem0.85,48,2048,lpm,0.85,0,R_short_decode,1.6459741787919335,421.369389770735,585.9668076499283,164.59741787919336,36.53639066033065,44.745638105086975,46.8522517150268,35.32606945373118,2.235574348300111,2.248812678883087,2.238310031767442,606.3216566108167,615.0368004804477,617.3186559183523,605.8146726572886,1,,-0.008190310597825823,-0.008190310597825823,-0.008190310597825712,-0.008190310597825712,-0.037004925427352564,-0.12846225737045613,-0.1518956186508078,-0.03292633105755027,-0.0050488874445486775,-0.009118975851191813,-0.005919595356693508,-0.006772359000954076,-0.013054591745925492,-0.01489643046081035,-0.007455450806863384,False,False,False
lfm25,107,cap48_chunk2048_pollpm_mem0.9,48,2048,lpm,0.9,0,R_short_decode,1.644398093756602,420.9659120016901,585.4057213773503,164.43980937566022,36.63115948438645,54.22408338636159,56.72639053314924,37.89243055507541,2.231190725247941,2.241823452401757,2.2308574736458957,603.5208033863455,624.1067360155284,627.2036584280431,606.4802664914168,1,,-0.00914000739714671,-0.00914000739714671,-0.009140007397146599,-0.009140007397146599,-0.03969472963479248,-0.36750383128542286,-0.3946582784206296,-0.10796615285409383,-0.0030781386412668255,-0.005982671464854539,-0.0025703389339457594,-0.002121656560638341,-0.02799408777848078,-0.031147767863301423,-0.008562317587218482,False,False,False
lfm25,108,cap48_chunk2048_polfcfs_mem0.75,48,2048,fcfs,0.75,0,R_short_decode,1.6511425014384984,422.6924803682556,587.8067305121054,165.11425014384986,34.725411562249064,41.72496711835265,42.44752047583461,33.94049417693168,2.235945276733415,2.2384871638447428,2.235974854848916,604.8584235832095,610.9731561271474,611.301310933195,603.8341829553246,1,,-0.005076050031124879,-0.005076050031124879,-0.005076050031124768,-0.005076050031124768,0.01439572500951769,-0.052282469913673024,-0.04360219773647156,0.007587578618789004,-0.005215646026967002,-0.004485564959091359,-0.0048701427841582046,-0.004342720292010993,-0.006361181582310138,-0.0050036759040859025,-0.004161943343997665,False,False,False
lfm25,109,cap48_chunk2048_polfcfs_mem0.8,48,2048,fcfs,0.8,0,R_short_decode,1.6547838866827422,423.624674990782,589.1030636590561,165.47838866827422,36.95003082975745,38.83656938560307,39.29232523776591,34.17089121649042,2.230578472874328,2.2349652840236223,2.2310411321839783,605.3059487603605,607.4819892412052,607.8713557077572,602.8068244922906,1,,-0.002881871522967483,-0.002881871522967483,-0.002881871522967594,-0.002881871522967483,-0.04874519000460675,0.020561453286781717,0.03397050021677461,0.0008508209653617094,-0.002802887868505577,-0.0029051773209689546,-0.0026528769736675617,-0.005085817579399743,-0.0006107246314541737,0.0006353069479044793,-0.0024534705548253655,False,False,False
lfm25,110,cap48_chunk2048_polfcfs_mem0.85,48,2048,fcfs,0.85,0,R_short_decode,1.6369050846172628,419.0477016620193,582.7382101237455,163.69050846172627,41.29950958304107,46.01837280206382,47.474289229139686,39.20697909779847,2.2317914118734645,2.242119169449432,2.2337461724919847,610.8419049996883,614.9012561654672,616.2108675343916,608.5315854288638,1,,-0.013655047282298605,-0.013655047282298605,-0.013655047282298605,-0.013655047282298605,-0.17219555849144053,-0.16055997974087233,-0.1671888491982152,-0.14640325678976995,-0.0033481897917213566,-0.006115369793663117,-0.003868549965091672,-0.014278046921079923,-0.012831330649079264,-0.013075182284023823,-0.011973612390973276,False,False,False
lfm25,111,cap48_chunk2048_polfcfs_mem0.9,48,2048,fcfs,0.9,0,R_short_decode,1.6416852401593058,420.2714214807823,584.4399454967129,164.1685240159306,37.41393354721368,45.99197404459119,47.09337504580617,37.10205893730745,2.2343954664892425,2.2375978080755523,2.2344493563809995,607.1873086038977,615.1046955026686,615.8745254762471,606.6067736246623,1,,-0.010774683395346596,-0.010774683395346596,-0.010774683395346485,-0.010774683395346596,-0.06191204623278801,-0.1598942164908459,-0.1578238056239465,-0.08485586439184756,-0.004518896637782044,-0.004086480681685822,-0.0041845680515320005,-0.008209738797050337,-0.013166424670335797,-0.01252222255900648,-0.00877269595325414,False,False,False
lfm25,112,cap48_chunk8192_pollpm_mem0.75,48,8192,lpm,0.75,0,R_short_decode,1.661162266151934,425.2575401348951,591.3737667500885,166.1162266151934,32.650000881403685,38.58300591818988,38.82452904246748,33.1414281972684,2.226445617555988,2.2301301827258246,2.2266272773551505,600.3936333581805,605.9508133446798,605.9645782364532,600.6524100084789,1,,0.0009615293284792603,0.0009615293284792603,0.0009615293284792603,0.0009615293284792603,0.07330168313575258,0.026956195097184832,0.04547159926881761,0.030952088268738853,-0.000944876909118042,-0.0007355024006934219,-0.0006692451262637622,0.0030708816110167625,0.0019113435952503588,0.003770124972204414,0.0011292697005285124,False,False,False
lfm25,113,cap48_chunk8192_pollpm_mem0.8,48,8192,lpm,0.8,0,R_short_decode,1.6552029890955304,423.7319652084558,589.2522641180088,165.52029890955305,37.529726047068834,43.57154523022473,45.431678080931306,35.99014657083899,2.221354335436926,2.2261959693255986,2.222293252732712,604.4264365918934,609.4822905026376,611.1390326730907,602.396551752463,1,,-0.002629334247953752,-0.002629334247953752,-0.002629334247953641,-0.002629334247953752,-0.06519856114318712,-0.09885223163302026,-0.1169698149767735,-0.05234379670602474,0.0013440147277538061,0.001029913382709302,0.0012785102036924068,-0.003625423527887417,-0.0039055102055634006,-0.004736883988205154,-0.0017711967065481282,False,False,False
lfm25,114,cap48_chunk8192_pollpm_mem0.85,48,8192,lpm,0.85,0,R_short_decode,1.64732243904607,421.7145443957939,586.4467883004008,164.732243904607,35.64778668805957,42.87071507424116,43.94422616809607,35.25714168790728,2.236062314763081,2.2423313921500068,2.237610461577531,605.9149000793695,612.4625735916197,613.5618394054472,605.5675769457594,1,,-0.007377893488786036,-0.007377893488786036,-0.007377893488786036,-0.007377893488785925,-0.011783860090980314,-0.08117765119688602,-0.08039976170014218,-0.030910898676834275,-0.005268262904412291,-0.006210601360199242,-0.005605201303871876,-0.006096956385462704,-0.008814467629960632,-0.008720074647990295,-0.007044536491501718,False,False,False
lfm25,115,cap48_chunk8192_pollpm_mem0.9,48,8192,lpm,0.9,0,R_short_decode,1.6528227805111777,423.12263181086144,588.4049098619793,165.28227805111774,35.664472030475736,41.09654079657048,41.26527992542833,34.460101916920394,2.231672413501085,2.2348672373396323,2.231930008386928,604.7492625657469,610.1323113311082,610.1421395037323,603.3227672451176,1,,-0.004063569345427731,-0.004063569345427842,-0.00406356934542762,-0.004063569345427842,-0.012257436762219243,-0.03643387738709336,-0.014535980844967433,-0.0076056349131783385,-0.0032946916014873207,-0.002861180428625376,-0.003052347099656849,-0.004161462878782274,-0.004976188552774818,-0.003097951956210432,-0.003311471131734356,False,False,False
lfm25,116,cap48_chunk8192_polfcfs_mem0.75,48,8192,fcfs,0.75,0,R_short_decode,1.6487150274803617,422.0710470349726,586.9425497830088,164.87150274803616,37.42985054850578,42.61681321077049,43.14346364699304,36.27166076330468,2.2265865157047906,2.2447781024772637,2.230239821302555,605.5327991489321,613.4492879267782,615.1480368059129,604.7011726768687,1,,-0.006538765682119085,-0.006538765682119085,-0.006538765682119085,-0.006538765682119196,-0.06236381523458667,-0.07477437520985508,-0.060712450933336104,-0.060575208421530524,-0.0010082205987631543,-0.007308523762910246,-0.0022927596055835053,-0.005462493388934897,-0.01043972889431588,-0.011327846281497633,-0.00560372671469711,False,False,False
lfm25,117,cap48_chunk8192_polfcfs_mem0.8,48,8192,fcfs,0.8,0,R_short_decode,1.6490841708397932,422.1655477349871,587.0739648189664,164.90841708397932,35.803561797365546,53.47029224503785,57.8159416327253,38.65522606065497,2.2258350214756586,2.235271036231285,2.2223234267977823,604.1575465351343,612.3389976564795,612.9320193547755,604.7958989511244,1,,-0.006316332082989762,-0.006316332082989651,-0.006316332082989762,-0.006316332082989762,-0.0162051932519669,-0.3484936017089373,-0.4214456598581646,-0.13027012199386645,-0.0006703707574082785,-0.0030423787684519255,0.001264949667888593,-0.0031789425655075476,-0.008610920186254312,-0.0076846254271849546,-0.005761254265020277,False,False,False
lfm25,118,cap48_chunk8192_polfcfs_mem0.85,48,8192,fcfs,0.85,0,R_short_decode,1.6521202003311315,422.9427712847697,588.1547913178829,165.21202003311316,35.32252786681056,43.53223908692598,45.09509351104498,35.52876610774547,2.23006585923334,2.23226090380505,2.230119243803156,604.082047007978,611.1681779613718,612.3372894106433,603.9300670963712,1,,-0.004486920962439855,-0.004486920962439633,-0.004486920962439633,-0.004486920962439744,-0.0025521052958867863,-0.09786095067081213,-0.1086946461819902,-0.038853135663504235,-0.002572431757772442,-0.0016916296466320535,-0.002238570834732778,-0.003053578682773228,-0.006682410758348967,-0.006706865737596157,-0.004321396399367794,False,False,False
lfm25,119,cap48_chunk8192_polfcfs_mem0.9,48,8192,fcfs,0.9,0,R_short_decode,1.6517836786401516,422.8566217318788,588.034989595894,165.17836786401517,34.52251176349819,42.13613094761968,42.65621492639184,34.03755376348272,2.2341417450019545,2.2382432942458994,2.234683796050837,603.8543917238712,611.7354780901223,612.6496885064989,603.6020573810674,1,,-0.004689697821340988,-0.004689697821340988,-0.004689697821340877,-0.004689697821340877,0.020154588621114966,-0.06265181277194376,-0.04873309784124724,0.004749578122825615,-0.004404830872662968,-0.004376132349547257,-0.004289927655193315,-0.0026755663770603455,-0.007616836145382333,-0.007220462280035811,-0.0037759240123240723,False,False,False
lfm25,120,cap64_chunk-1_pollpm_mem0.75,64,-1,lpm,0.75,0,R_short_decode,1.654718999081204,423.6080637647882,589.0799636729085,165.4718999081204,35.1712005212903,41.56956777442247,41.84619514737278,34.28197139874101,2.231499627597776,2.2343318197319464,2.230832985232709,603.7928559817374,609.4361630268395,609.6065952070057,602.8649860527366,1,,-0.0029209706490395115,-0.0029209706490395115,-0.0029209706490395115,-0.0029209706490394005,0.0017429878925802056,-0.048363377419484044,-0.028818190866279236,-0.0023971385976342408,-0.0032170121094055038,-0.002620920280239414,-0.002559333588692425,-0.0025733887893137908,-0.0038295315793634988,-0.0022174958256682142,-0.0025501918521848577,False,False,False
lfm25,121,cap64_chunk-1_pollpm_mem0.8,64,-1,lpm,0.8,0,R_short_decode,1.6541762242721456,423.4691134136693,588.8867358408838,165.41762242721455,35.78893397934735,42.25247709546238,42.521824282594025,34.67429819284007,2.2297280685355263,2.232960859748641,2.229874211624148,603.7565304432064,610.6007155030966,611.0386896878481,603.0130284489132,1,,-0.003248028826332683,-0.003248028826332683,-0.003248028826332683,-0.003248028826332794,-0.01579001487613474,-0.06558600350406807,-0.04542900917716475,-0.013868685879029119,-0.002420570932707422,-0.0020057237601924793,-0.002128450848288166,-0.0025130717154964177,-0.005747717991102963,-0.0045719161283031,-0.0027963828503732024,False,False,False
lfm25,122,cap64_chunk-1_pollpm_mem0.85,64,-1,lpm,0.85,0,R_short_decode,1.650388465467766,422.4994471597481,587.5382937065248,165.0388465467766,33.44592801295221,41.21577951591462,41.38137219008058,33.63185457419604,2.239268567120912,2.242960306821267,2.239703569375468,604.2805570177734,612.1830327436328,612.4928508326411,604.4757302151993,1,,-0.005530407208513277,-0.005530407208513277,-0.005530407208513055,-0.005530407208513277,0.05071104567048046,-0.03944101730274374,-0.017390190965444807,0.016612131233971428,-0.006709700254753592,-0.0064928168310205425,-0.00654586551895231,-0.0033831964502866185,-0.008354023410342526,-0.006962614904399089,-0.0052288212409556944,False,False,False
lfm25,123,cap64_chunk-1_pollpm_mem0.9,64,-1,lpm,0.9,0,R_short_decode,1.6486478005271972,422.0538369349625,586.9186169876822,164.86478005271974,35.85259895771742,40.51541469525546,40.73042595293373,34.52670876868069,2.2370437214917995,2.2410302978632024,2.237768351974156,606.7875965964049,610.5865699937567,610.7613793341443,604.877406032756,1,,-0.006579274424234671,-0.006579274424234671,-0.006579274424234671,-0.00657927442423456,-0.017597004974329478,-0.021778172387050265,-0.0013862190943083608,-0.00955320428831552,-0.005709474685885452,-0.005626755961907648,-0.005676158875267179,-0.00754603332600734,-0.005724418290697697,-0.004116006873972955,-0.005896798611130238,False,False,False
lfm25,124,cap64_chunk-1_polfcfs_mem0.75,64,-1,fcfs,0.75,0,R_short_decode,1.652649412474538,423.07824959348176,588.3431908409356,165.2649412474538,33.92420755699277,44.3394721718505,44.749363088049,34.57304212497547,2.230622005813262,2.2345228763487004,2.231038447545465,602.3282099049538,612.8925191704184,613.2291979063302,603.2084101461805,1,,-0.00416803519962361,-0.004168035199623499,-0.004168035199623499,-0.00416803519962361,0.037136134905150886,-0.11821895891060241,-0.10019462014470082,-0.010907981212644469,-0.002822459005504818,-0.0027066539028033354,-0.002651670469453027,-0.0001414037698979076,-0.009522650201251759,-0.008173198789241498,-0.0031212979849579714,False,False,False
lfm25,125,cap64_chunk-1_polfcfs_mem0.8,64,-1,fcfs,0.8,0,R_short_decode,1.643827482451594,420.8198355076081,585.2025837527674,164.3827482451594,36.915455013513565,46.61606529261917,47.61743936222047,37.35563554801047,2.232034606676476,2.2480795903203834,2.23507279851824,607.7583751175553,615.4096190584823,616.0159459104761,607.0195261854678,1,,-0.009483838927726862,-0.009483838927726751,-0.009483838927726862,-0.009483838927726751,-0.04776383166303111,-0.17563348066003281,-0.17070829607790805,-0.09227038749577043,-0.0034575230672551083,-0.008790014000989332,-0.004464749372939947,-0.009157971430394207,-0.013668677882025415,-0.012754723379315713,-0.00945909368507869,False,False,False
lfm25,126,cap64_chunk-1_polfcfs_mem0.85,64,-1,fcfs,0.85,0,R_short_decode,1.6343400746313608,418.3910591056284,581.8250665687644,163.43400746313608,34.21468962915242,39.87363637425005,40.11404496617615,34.02159595862031,2.239400813100385,2.339272143538384,2.260037116079702,606.7212764173746,631.9663350004703,641.064894432202,610.0500748143531,1,,-0.015200637602128642,-0.01520063760212842,-0.01520063760212853,-0.01520063760212853,0.028891441487610803,-0.005592849224324903,0.013767941742704237,0.00521618075037944,-0.006769154181946568,-0.04971122401226946,-0.01568397095680263,-0.0074359113761088835,-0.040939984405734764,-0.05393619132584493,-0.014498824270859467,False,False,False
lfm25,127,cap64_chunk-1_polfcfs_mem0.9,64,-1,fcfs,0.9,0,R_short_decode,1.653420412475071,423.2756255936182,588.6176668411252,165.3420412475071,36.42089408822358,41.35696443263441,42.23802246619016,33.886409422848374,2.232759236814637,2.244058999251856,2.233922920028286,605.4248183500022,609.5275848172605,610.3559499047697,603.2569772214629,1,,-0.0037034560580364584,-0.0037034560580364584,-0.0037034560580364584,-0.0037034560580364584,-0.03372680977388032,-0.04300162916515804,-0.038451541565380554,0.009169004672275993,-0.003783295598471348,-0.006985837610715695,-0.003947982129391292,-0.00528319568039981,-0.003980116494769037,-0.003449464762000032,-0.0032020638807528368,False,False,False
lfm25,128,cap64_chunk2048_pollpm_mem0.75,64,2048,lpm,0.75,0,R_short_decode,1.655999694333673,423.9359217494203,589.5358911827876,165.5999694333673,34.48744001798332,42.96065352391452,43.745520426891744,33.98202278185636,2.230094847105005,2.233046370540683,2.230242690268922,602.8559189289808,611.3585178740323,612.0728653110564,602.4147314019501,1,,-0.0021492659789804636,-0.0021492659789804636,-0.0021492659789803525,-0.0021492659789804636,0.02115002282205647,-0.08344585319915598,-0.07551444105245575,0.006373291544622184,-0.0025854638576390254,-0.002044095370109078,-0.0022940489486353854,-0.001017643061688167,-0.00699592813220784,-0.006272141997716085,-0.0018014290330270466,False,False,False
lfm25,129,cap64_chunk2048_pollpm_mem0.8,64,2048,lpm,0.8,0,R_short_decode,1.657777545668284,424.3910516910807,590.1688062579091,165.7777545668284,34.97051796875894,37.56185113452375,37.859131125733256,32.72458084393293,2.2329403534896817,2.238344156282301,2.2338676874591483,604.4627553783357,606.4189949305728,606.5491366619244,601.8013010034338,1,,-0.0010779914701192217,-0.0010779914701192217,-0.0010779914701192217,-0.0010779914701191107,0.007438919856880943,0.052709199883801516,0.06920658723278161,0.04314061119104717,-0.0038647203620403303,-0.004421392586574369,-0.0039231600436171465,-0.0036857293901368937,0.001140180788424261,0.0028090876639702556,-0.0007813088105088628,False,False,False
lfm25,130,cap64_chunk2048_pollpm_mem0.85,64,2048,lpm,0.85,0,R_short_decode,1.647426042881525,421.7410669776704,586.4836712658229,164.7426042881525,36.16101830266416,47.2733800066635,49.17512410786003,37.22652303986251,2.2326537006187674,2.2415559308312085,2.2302913583152013,605.088290059939,612.7364698564634,612.8411830915138,605.3949542692862,1,,-0.00731546523858162,-0.00731546523858162,-0.00731546523858162,-0.00731546523858162,-0.026350808347526566,-0.19221062376102616,-0.20900507303229987,-0.08849516677642111,-0.003735849609334485,-0.005862625408628919,-0.002315920870185506,-0.00472440419280673,-0.009265614404503575,-0.007535286996446011,-0.0067574690694087725,False,False,False
lfm25,131,cap64_chunk2048_pollpm_mem0.9,64,2048,lpm,0.9,0,R_short_decode,1.644294067942642,420.9392813933164,585.3686881875806,164.42940679426422,39.48198049329221,46.08143342193216,46.32665335666388,37.84582600928843,2.2311485062042875,2.2339663096969318,2.230964169588743,607.9100121278316,614.7897942224517,615.2834998490289,606.4623109414242,1,,-0.009202689917664153,-0.009202689917664153,-0.009202689917664153,-0.009202689917664153,-0.12060900097678529,-0.1621503365323138,-0.13897341269471442,-0.106603446409965,-0.0030591581931840306,-0.002456903456756976,-0.0026182891902248873,-0.009409758495697362,-0.012647736703012225,-0.01155055291380136,-0.00853245793289048,False,False,False
lfm25,132,cap64_chunk2048_polfcfs_mem0.75,64,2048,fcfs,0.75,0,R_short_decode,1.6464126471151377,421.4816376614752,586.122902372989,164.64126471151374,40.20466795191169,42.03883896116167,42.171250958926976,37.08613174967468,2.2301344767066777,2.2376943086220766,2.2310354288001912,608.430047519505,611.0541183501482,611.1861108988523,605.7201384101063,1,,-0.007926104064665651,-0.007926104064665762,-0.007926104064665651,-0.007926104064665762,-0.14112089174071518,-0.06019815830835995,-0.03680991701476155,-0.0843901570052068,-0.002603280168289368,-0.0041297837693961,-0.002650313814217098,-0.010273256034224465,-0.006494538076921463,-0.0048142824643728765,-0.007298242593014814,False,False,False
lfm25,133,cap64_chunk2048_polfcfs_mem0.8,64,2048,fcfs,0.8,0,R_short_decode,1.649413309548912,422.24980724452143,587.1911381994126,164.9413309548912,35.54540663026273,44.88759522791952,46.44129022490233,35.67565855337307,2.2315527266804494,2.236027612635368,2.2318668670089084,604.7946780454367,613.5865540476516,615.0208290154114,604.5220389496535,1,,-0.006118003965169039,-0.00611800396516915,-0.006118003965169039,-0.006118003965168928,-0.008878027788389753,-0.13204234387866975,-0.1417918408689438,-0.04314823775859922,-0.0032408839050386273,-0.003381880414458527,-0.0030239707136665572,-0.00423687342881629,-0.010665826054572447,-0.01111871161292921,-0.0053058315694463065,False,False,False
lfm25,134,cap64_chunk2048_polfcfs_mem0.85,64,2048,fcfs,0.85,0,R_short_decode,1.6428892685336536,420.5796527446153,584.8685795979807,164.28892685336538,37.61630901135504,47.49375362880527,49.834610829129815,37.144297384656966,2.2340361868926126,2.240375622942174,2.2349498294002275,607.4415284674615,616.9890383491293,619.476282489486,606.7763832979836,1,,-0.010049175654471942,-0.010049175654471942,-0.010049175654471942,-0.010049175654471831,-0.06765602776208834,-0.19776833453772724,-0.22521901872288463,-0.08609090709897482,-0.004357375031869504,-0.005332980988105973,-0.004409485784037104,-0.008631860502508859,-0.016270209958532122,-0.01844365438530593,-0.00905475282247381,False,False,False
lfm25,135,cap64_chunk2048_polfcfs_mem0.9,64,2048,fcfs,0.9,0,R_short_decode,1.6597187464833778,424.8879990997447,590.8598737480825,165.97187464833775,32.54987206310034,38.05992817506194,38.07143284007907,32.443924399558455,2.2302562334373883,2.233762372162835,2.230648715376688,601.2652115896344,606.5032670740038,606.7975033540279,600.97992408555,1,,9.17120418146844e-05,9.17120418146844e-05,9.17120418146844e-05,9.171204181446235e-05,0.07614361896688349,0.04014794999861493,0.06398700000622859,0.051346942545150376,-0.002658018435809817,-0.0023653897270996538,-0.0024765208163890495,0.001623661538028398,0.0010013723759969562,0.0024007629408397957,0.0005846215481257744,False,False,False
lfm25,136,cap64_chunk8192_pollpm_mem0.75,64,8192,lpm,0.75,0,R_short_decode,1.6477255177353936,421.8177325402608,586.5902843138001,164.77255177353936,38.65980147384107,46.16922924760729,48.1797017948702,37.11820574244484,2.226477777402775,2.2318873150754843,2.227447296754847,605.9853667393327,613.7972739292309,615.2653147419915,604.8382160952315,1,,-0.007135011580422068,-0.007135011580421957,-0.007135011580422068,-0.007135011580422068,-0.09727326153059046,-0.16436450264603364,-0.184531914132394,-0.08532799334496288,-0.000959335036291753,-0.0015239876372690198,-0.001037770295261975,-0.006213963397678768,-0.01101291218574274,-0.011520655874334151,-0.005831626673311829,False,False,False
lfm25,137,cap64_chunk8192_pollpm_mem0.8,64,8192,lpm,0.8,0,R_short_decode,1.6516763480876069,422.8291451104273,587.996779919188,165.16763480876068,36.76213184371591,40.540934284217656,40.73331406805664,34.34461128199473,2.2328033632434465,2.239510456136557,2.2337041067347947,606.9338032975793,609.0211360249668,609.4167905766517,603.659269574564,1,,-0.0047543716682059145,-0.0047543716682060255,-0.0047543716682058035,-0.0047543716682059145,-0.043412091401097364,-0.0224217634539563,-0.0014572254394564776,-0.004228714705241776,-0.003803133551172566,-0.004944751123954649,-0.003849645180298511,-0.007788803584727555,-0.0031459220626366413,-0.0019054494619554774,-0.0038710665349339646,False,False,False
lfm25,138,cap64_chunk8192_pollpm_mem0.85,64,8192,lpm,0.85,0,R_short_decode,1.651778781968492,422.85536818393393,588.0332463807831,165.1778781968492,34.88939697854221,43.8025773037225,45.64221152104437,34.37592851696536,2.232998458887724,2.2387785780746405,2.2342801868108326,604.1653724387288,613.2011262932792,615.2587294252589,603.8374093477614,1,,-0.004692648393992971,-0.004692648393992971,-0.004692648393992971,-0.004692648393992971,0.009741360379601494,-0.10467874313726977,-0.12214592793545864,-0.005144423617025717,-0.003890842850742704,-0.004616332466756301,-0.004108541503308638,-0.0031919371589501644,-0.010030970780793513,-0.011509829351628031,-0.004167308758197041,False,False,False
lfm25,139,cap64_chunk8192_pollpm_mem0.9,64,8192,lpm,0.9,0,R_short_decode,1.6545319930417828,423.5601902186964,589.0133895228747,165.4531993041783,32.51473023556173,42.024629400111735,43.47547371406108,33.0354020697996,2.2359129854057933,2.238841402984699,2.2363889402519668,602.5409922003746,611.2139507895336,612.2915574116632,603.0346985789947,1,,-0.003033654313379097,-0.003033654313379097,-0.003033654313378875,-0.003033654313378986,0.07714104229161334,-0.05983980039867953,-0.06887515235331887,0.03405226840584763,-0.005201128789853016,-0.004644524147411344,-0.005056237031679123,-0.0004947200850562439,-0.006757805228582603,-0.006631680511817395,-0.0028324197634022052,False,False,False
lfm25,140,cap64_chunk8192_polfcfs_mem0.75,64,8192,fcfs,0.75,0,R_short_decode,1.658043736640571,424.45919657998616,590.2635702440433,165.8043736640571,32.11044194176793,39.93082030210644,40.47764014918357,32.506540534086525,2.2326425959666567,2.236048831168093,2.233021194473856,601.3139162678272,609.1061557177454,609.6256704349071,601.6473257332109,1,,-0.0009175935799533574,-0.0009175935799533574,-0.0009175935799532464,-0.0009175935799533574,0.08861587448985753,-0.0070349988292224275,0.004828697993732867,0.0495160608449432,-0.003730857282303379,-0.003391401894043522,-0.0035427373724266076,0.0015427894081549987,-0.003285961796992254,-0.00224885625924931,-0.0005252515833125138,False,False,False
lfm25,141,cap64_chunk8192_polfcfs_mem0.8,64,8192,fcfs,0.8,0,R_short_decode,1.6526158768688044,423.0696644784139,588.3312521652944,165.26158768688046,33.84153335355222,41.55921847559512,42.47793239541352,33.64727017469704,2.236015974160503,2.239935360773773,2.23618879980265,604.0256067644805,611.1426717136055,611.9229452777654,603.5951838712208,1,,-0.004188242648279328,-0.004188242648279328,-0.004188242648279217,-0.004188242648279217,0.039482659962063904,-0.04810237336162526,-0.044349896206350437,0.016161382540081037,-0.005247429523898894,-0.005135420331918494,-0.0049662918511930165,-0.0029598619624993106,-0.006640398278123794,-0.006025667498390952,-0.003764493528260804,False,False,False
lfm25,142,cap64_chunk8192_polfcfs_mem0.85,64,8192,fcfs,0.85,0,R_short_decode,1.651667710137159,422.8269337951127,587.9937048088286,165.1667710137159,34.50681013055146,43.40302939526737,44.53955850563944,34.4145210692659,2.2323353115615308,2.23775063941026,2.233082256248612,603.4869987051934,612.2707850066945,613.2439567660913,603.5706422990188,1,,-0.00475957661191706,-0.00475957661191706,-0.00475957661191706,-0.00475957661191706,0.020600244867085893,-0.09460234789972666,-0.09503642666618073,-0.006272861172360367,-0.0035927111948177437,-0.004155061315993969,-0.0035701791632789526,-0.0020655252675898517,-0.008498564083293081,-0.008197462941872624,-0.003723681475000573,False,False,False
lfm25,143,cap64_chunk8192_polfcfs_mem0.9,64,8192,fcfs,0.9,0,R_short_decode,1.6498261579056994,422.3554964238591,587.338112214429,164.98261579056995,36.574744153767824,45.86751707829535,46.94234271533787,36.23714332934469,2.2313696989680043,2.2360580373488994,2.2294342382753856,605.5293427780271,611.8337757186964,611.8724793801084,604.1869249893352,1,,-0.005869235177789811,-0.0058692351777897,-0.005869235177789811,-0.005869235177789811,-0.03809350481034235,-0.15675547503850962,-0.15411056936799827,-0.059565926410563685,-0.0031585999949086396,-0.0033955330214754387,-0.0019307222911741917,-0.00545675422614611,-0.007778746560997973,-0.005942699554848385,-0.004748544991220571,False,False,False
lfm25,144,cap96_chunk-1_pollpm_mem0.75,96,-1,lpm,0.75,0,R_short_decode,1.646624749260212,421.5359358106143,586.1984107366354,164.6624749260212,37.04707231372595,43.43358199112117,43.58031666837633,36.221026559360325,2.233518772375058,2.235876989047051,2.2334740169853764,606.4179972745478,612.1052833041176,612.2620864538476,605.4773121722974,1,,-0.00779829831574308,-0.007798298315742969,-0.00779829831574308,-0.00779829831574308,-0.05149949865489645,-0.09537286884312546,-0.07145279025334328,-0.059094675678572406,-0.004124760587348009,-0.0033142904712815113,-0.003746240475702045,-0.006932328740175464,-0.008225958834946479,-0.006583229084661246,-0.0068944283113197,False,False,False
lfm25,145,cap96_chunk-1_pollpm_mem0.8,96,-1,lpm,0.8,0,R_short_decode,1.6525760543992625,423.0594699262112,588.3170753661375,165.25760543992627,34.63090839795768,43.96982707548887,46.039261356927454,33.93384738592431,2.2343492290625973,2.2422911859781323,2.2352724479948787,604.3956077191979,613.1901621818542,615.1073763519526,603.6480196053162,1,,-0.004212238353471065,-0.004212238353471065,-0.004212238353470954,-0.004212238353470954,0.017077989050038767,-0.10889669740018393,-0.1319076778961985,0.0077819292939339535,-0.004498109642152359,-0.006192559479091919,-0.004554473905244771,-0.00357423344329999,-0.010012911303027616,-0.011260998877503647,-0.0038523581025511344,False,False,False
lfm25,146,cap96_chunk-1_pollpm_mem0.85,96,-1,lpm,0.85,0,R_short_decode,1.6532397943433446,423.2293873518962,588.5533667862306,165.32397943433446,36.2615967169404,41.8747273972258,42.16118085663766,36.15366778103635,2.2230126639353296,2.22873427567741,2.223658461534008,603.2235792372376,608.1140264403075,608.5476543661207,602.9078238643706,1,,-0.0038122905801305507,-0.0038122905801305507,-0.0038122905801305507,-0.0038122905801305507,-0.029205504969472162,-0.05605934805238055,-0.0365623364549843,-0.0571251201397136,0.0005984787031499961,-0.00010911128136759096,0.0006649712991232404,-0.0016281279945928873,-0.0016517813392880054,-0.00047655495310605644,-0.002621430118240564,False,False,False
lfm25,147,cap96_chunk-1_pollpm_mem0.9,96,-1,lpm,0.9,0,R_short_decode,1.6486263170562938,422.0483371664112,586.9109688720406,164.86263170562938,34.79720698669553,42.23301336169243,42.47039310634136,34.38839840237051,2.2328693291866317,2.236173281553797,2.2335196166368734,604.5501960907131,611.8072450859472,611.8387001147494,603.6563355010003,1,,-0.006592219654408038,-0.006592219654408038,-0.006592219654408038,-0.006592219654408038,0.01235797011833828,-0.06509513802807887,-0.04416453747262761,-0.005509040263582676,-0.003832789911229595,-0.0034472470282094214,-0.0037667334290154564,-0.003830921123457287,-0.007735046770501741,-0.005887165098684033,-0.0038661872400964636,False,False,False
lfm25,148,cap96_chunk-1_polfcfs_mem0.75,96,-1,fcfs,0.75,0,R_short_decode,1.6432138143134942,420.6627364642545,584.984117895604,164.3213814313494,36.544934613630176,47.97851198818535,48.79142473917455,37.42669912753627,2.2329027636670595,2.2377907960870203,2.233472864588722,605.351556558162,617.1577324159443,618.2269616611302,606.6824645386077,1,,-0.009853615084173817,-0.009853615084173817,-0.009853615084173817,-0.009853615084173928,-0.03724742671152703,-0.20999369405144153,-0.1995715537138223,-0.09434827058909168,-0.0038478210764341103,-0.00417308098695468,-0.003745722576769195,-0.005161547465807104,-0.01654807349263887,-0.0163897212390407,-0.00889856815026846,False,False,False
lfm25,149,cap96_chunk-1_polfcfs_mem0.8,96,-1,fcfs,0.8,0,R_short_decode,1.661024825330056,425.2223552844944,591.3248378175,166.10248253300563,34.29759480059147,46.59518925473093,50.47127930447459,33.27089257072657,2.2298784451741795,2.233749489974037,2.226437643090266,602.8474243357778,607.8122936189175,608.9396824687719,600.4586631897837,1,,0.0008787120275675075,0.0008787120275677296,0.0008787120275677296,0.0008787120275677296,0.02653836091309636,-0.17510699759178427,-0.2408719617605728,0.027166579086802645,-0.002488175874359788,-0.0023596090494608646,-0.0005840215333337007,-0.0010035381364483786,-0.001154783728818387,-0.001121064750771339,0.0014514660707729554,False,False,False
lfm25,150,cap96_chunk-1_polfcfs_mem0.85,96,-1,fcfs,0.85,0,R_short_decode,1.6693137207960371,427.3443125237855,594.2756846033892,166.9313720796037,30.874551041051745,37.124114972539246,37.19249273184687,30.896962736733258,2.2232887042942,2.226077830875475,2.223591533414683,598.2632560189813,603.2209428492934,603.4026640374213,597.6346913375892,1,,0.005873326732663164,0.005873326732663164,0.005873326732663164,0.005873326732662942,0.12369391389578754,0.06374868347157847,0.08559636183343011,0.09657975387621531,0.00047437902568525647,0.0010829261360242315,0.0006950494856807765,0.006608286214600634,0.006407835249184868,0.007982013841618785,0.0061476643700636435,False,False,True
lfm25,151,cap96_chunk-1_polfcfs_mem0.9,96,-1,fcfs,0.9,0,R_short_decode,1.624270369700603,415.8132146433544,578.2402516134147,162.4270369700603,38.20341499522328,85.26374956127253,104.72650192212312,45.00920919235796,2.2307984667884955,2.235893666422432,2.231511039552545,607.183396583423,653.6362339975312,672.9180459165946,613.7648666044697,1,,-0.021268309287644782,-0.02126830928764456,-0.02126830928764467,-0.02126830928764467,-0.08431973717661112,-1.1503084406979163,-1.574774835891791,-0.3160591606648053,-0.0029017907025117307,-0.0033217741786273347,-0.002864058187769025,-0.00820324304675224,-0.07663344317843612,-0.10630403964940704,-0.020676435026224516,False,False,False
lfm25,152,cap96_chunk2048_pollpm_mem0.75,96,2048,lpm,0.75,0,R_short_decode,1.6513902171760655,422.7558955970728,587.8949173146794,165.13902171760657,35.27284855954349,45.26427418459207,46.519114137627184,35.24403419578448,2.228838745869842,2.234589195223167,2.2302711338149317,603.8670560810715,613.4594397619367,614.8103922232985,603.6836595158093,1,,-0.004926784707341425,-0.004926784707341314,-0.004926784707341203,-0.004926784707341314,-0.0011420676485800474,-0.14154199577216509,-0.1437051965949241,-0.030527638553159875,-0.002020757454616273,-0.0027364134444982646,-0.0023068317713392794,-0.0026965950251955917,-0.010456450435553544,-0.01077274515443083,-0.003911626429504933,False,False,False
lfm25,153,cap96_chunk2048_pollpm_mem0.8,96,2048,lpm,0.8,0,R_short_decode,1.6504617198312077,422.5182002767891,587.5643722599099,165.04617198312076,32.42269204929471,48.07168459519743,50.21637758240104,35.159081453457475,2.23136101027622,2.241317316725412,2.232083024483734,602.4620637763292,615.9646378131583,618.4868178749457,604.0612090728246,1,,-0.005486266547992225,-0.005486266547992336,-0.005486266547992336,-0.005486266547992336,0.07975334336353956,-0.212343459858491,-0.23460502332975874,-0.028043639461213354,-0.003154693813028464,-0.005755551118126201,-0.0031211141104809936,-0.0003636626590151071,-0.014582874069132057,-0.016816935192978333,-0.004539482399873451,False,False,False
lfm25,154,cap96_chunk2048_pollpm_mem0.85,96,2048,lpm,0.85,0,R_short_decode,1.6504489362646635,422.5149276837539,587.5598213102203,165.04489362646638,34.854949451982975,56.37489596847443,62.63476379681378,38.04067231249064,2.2229033969707936,2.226195189039907,2.2226671289701976,601.8500465434045,622.9819904081523,629.5960639975965,604.542352783028,1,,-0.005493969503073237,-0.005493969503073015,-0.005493969503073015,-0.005493969503073015,0.010719077501219032,-0.4217462317601164,-0.5399197979131054,-0.11230070852259244,0.000647601936839215,0.0010302635235215352,0.0011104863695553524,0.0006525669719452676,-0.026141469038905685,-0.03508097780192254,-0.0053396129931782,False,False,False
lfm25,155,cap96_chunk2048_pollpm_mem0.9,96,2048,lpm,0.9,0,R_short_decode,1.6516873288223115,422.83195617851175,588.000689060743,165.16873288223115,34.654800314456224,44.70205164980143,44.932116656564176,35.28900048695505,2.231833472957506,2.23515832868228,2.231852109783388,603.7723359186202,612.8349374048412,612.9733177833259,604.1317519266158,1,,-0.004747755040061197,-0.004747755040061197,-0.004747755040061086,-0.004747755040061197,0.016399869656220645,-0.12736302911480402,-0.10468774538755699,-0.031842442800513515,-0.0033670992257792687,-0.0029918030457645184,-0.0030173386644358757,-0.0025393160621960398,-0.00942780470261928,-0.007752521686786862,-0.004656793494792533,False,False,False
lfm25,156,cap96_chunk2048_polfcfs_mem0.75,96,2048,fcfs,0.75,0,R_short_decode,1.6488913332444035,422.1161813105673,587.0053146350076,164.88913332444037,36.14829108119011,43.16021574195474,43.79582084249705,35.43961560353637,2.232871511403252,2.236854547949044,2.2330527648415863,605.6233390700072,611.9589041685686,612.4033041251823,604.58826640388,1,,-0.006432529650395646,-0.006432529650395646,-0.006432529650395646,-0.006432529650395535,-0.025989574215827593,-0.08847871093886739,-0.07675111220978859,-0.03624639495760018,-0.003833770972042183,-0.0037529545037626733,-0.003556925421035473,-0.005612831231778914,-0.007984851221080058,-0.006815396554705533,-0.005415966257107385,False,False,False
lfm25,157,cap96_chunk2048_polfcfs_mem0.8,96,2048,fcfs,0.8,0,R_short_decode,1.6542267751047677,423.4820544268205,588.9047319372972,165.42267751047677,36.869100062176585,37.47448653448373,37.50388538930565,33.656178624369204,2.23241193110452,2.236184882262073,2.2327246194398667,605.5413747671992,606.6884118597955,606.7378912027925,602.7213199413382,1,,-0.00321756856380373,-0.00321756856380373,-0.003217568563803841,-0.00321756856380373,-0.04644814853216883,0.05491249070611337,0.07794055395489952,0.01590090147390044,-0.003627157101971923,-0.003452452661815153,-0.0034094534957744838,-0.005476732852985888,0.0006964121277036606,0.0024987676891505828,-0.0023112785119223656,False,False,False
lfm25,158,cap96_chunk2048_polfcfs_mem0.85,96,2048,fcfs,0.85,0,R_short_decode,1.663272431750638,425.7977425281633,592.1249857032271,166.3272431750638,32.681965036317706,41.8997231638059,42.84495025407523,33.4364547743462,2.2204797249287367,2.2250523564791957,2.220978644942049,599.2978783324361,607.4178282637149,608.3405090216547,599.5077169500291,1,,0.0022330454397305743,0.0022330454397305743,0.0022330454397307964,0.0022330454397307964,0.07239445104511932,-0.05668972858496879,-0.05337328884776382,0.022325577464173296,0.0017372140498302935,0.001543091485611825,0.0018693084926104664,0.00489033809938022,-0.0005050422189438741,-0.00013599976548994697,0.0030328671425937648,False,False,True
lfm25,159,cap96_chunk2048_polfcfs_mem0.9,96,2048,fcfs,0.9,0,R_short_decode,1.6514345432755746,422.7672430785471,587.9106974061045,165.14345432755746,34.68350204639137,41.39876286499202,41.72192274592817,34.53160572098568,2.231433040772875,2.2341063133069503,2.2312550210293747,603.5510015208274,610.0842024898157,610.7896716101095,603.2222827197984,1,,-0.00490007526344316,-0.00490007526344316,-0.00490007526344316,-0.00490007526344316,0.015585234251707214,-0.0440557643910775,-0.025762866319361866,-0.009696390073090866,-0.0031870766190758015,-0.0025197278533304335,-0.00274900082503704,-0.002171799330170421,-0.004896946330948504,-0.0041625205012729705,-0.0031443677462872355,False,False,False
lfm25,160,cap96_chunk8192_pollpm_mem0.75,96,8192,lpm,0.75,0,R_short_decode,1.6444582143545314,420.9813028747601,585.4271243102132,164.44582143545315,35.88752797804773,54.51296074315905,58.20450259372592,37.19271084992215,2.233376112017853,2.235607398872033,2.233382781147347,605.5146355647594,623.4781310195103,626.991571043618,606.4257581019774,1,,-0.009103780710041032,-0.00910378071004092,-0.00910378071004092,-0.009103780710041032,-0.018588388235462716,-0.3747891714428093,-0.43099870484899516,-0.08750650594207987,-0.004060624660309875,-0.0031933161616521932,-0.0037052381498534626,-0.005432333498905928,-0.026958684405685718,-0.030799087765372768,-0.008471671426711014,False,False,False
lfm25,161,cap96_chunk8192_pollpm_mem0.8,96,8192,lpm,0.8,0,R_short_decode,1.6373294505916651,419.15633935146633,582.8892844106329,163.73294505916655,39.543252903968096,54.2614216916263,58.41064935550094,40.28892598580569,2.2311186956643474,2.234328058653597,2.2312625083076685,608.1922689918429,622.2308734199032,626.0500950692222,608.9815560844727,1,,-0.01339933835886109,-0.01339933835886098,-0.013399338358860868,-0.013399338358860868,-0.12234808331402025,-0.36844548437228797,-0.43606696823005975,-0.17803914062032722,-0.0030457562457053555,-0.002619232556060558,-0.002752365685062985,-0.009878434495847577,-0.0249042706903031,-0.029251263806679084,-0.01272190293287756,False,False,False
lfm25,162,cap96_chunk8192_pollpm_mem0.85,96,8192,lpm,0.85,0,R_short_decode,1.6456918885009448,421.2971234562419,585.8663123063365,164.5691888500945,34.42758438177407,45.09407214354724,45.48833431210369,35.87292728479952,2.234732762307805,2.238808016363423,2.2351103383786124,604.4240572955459,614.3798396922648,614.5485966838896,605.5460419738665,1,,-0.008360409405835156,-0.008360409405835156,-0.008360409405834934,-0.008360409405835156,0.022848893138520787,-0.13724958677812116,-0.11836274833787819,-0.0489163311280465,-0.004670534979599461,-0.004629542431332956,-0.004481620173061307,-0.0036214728034320576,-0.011972482281018992,-0.010342342872061039,-0.007008724343338768,False,False,False
lfm25,163,cap96_chunk8192_pollpm_mem0.9,96,8192,lpm,0.9,0,R_short_decode,1.6512233242515175,422.7131710083885,587.8355034335402,165.12233242515177,35.9886041842401,47.12393952067941,50.35420931410045,35.50247638486326,2.228604977512184,2.2442466526829894,2.231553267977546,603.7633463274688,615.1035898830742,618.2717842143029,603.9884792407975,1,,-0.005027348872801762,-0.005027348872801762,-0.005027348872801651,-0.005027348872801651,-0.021457213583851997,-0.18844181063649112,-0.23799371356435617,-0.03808443007521878,-0.0019156620334048746,-0.0070700441077791165,-0.0028830360771525676,-0.0025243892130699663,-0.013164603554906451,-0.016463411299729724,-0.004418534411950725,False,False,False
lfm25,164,cap96_chunk8192_polfcfs_mem0.75,96,8192,fcfs,0.75,0,R_short_decode,1.6494707071796475,422.2645010379898,587.2115717559545,164.94707071796478,35.421680426225066,42.05676047131419,42.18947118148208,34.81998882489279,2.2339936053636027,2.2379712673984424,2.2342205454324127,605.3202713374048,611.1144626280293,611.219965997152,604.2663819971494,1,,-0.006083418048181022,-0.0060834180481808,-0.006083418048180911,-0.0060834180481808,-0.00536633217005944,-0.06065012968833439,-0.03725787402352432,-0.018128647215310156,-0.004338231620965027,-0.004254064621858289,-0.004081738053207884,-0.005109599633893014,-0.006593933832988785,-0.004869941592908544,-0.00488068011313203,False,False,False
lfm25,165,cap96_chunk8192_polfcfs_mem0.8,96,8192,fcfs,0.8,0,R_short_decode,1.6581714432429573,424.49188947019707,590.3090337944928,165.81714432429573,32.09039312787354,40.87424036115408,41.6889875009656,33.01087726140395,2.2306615541524746,2.2343416747582308,2.231283138469592,601.0551247745752,608.8714411947876,609.8249893356115,601.7087099608034,1,,-0.0008406417982793624,-0.0008406417982793624,-0.0008406417982792513,-0.0008406417982794734,0.08918491588616684,-0.030827573358636506,-0.024953130117090883,0.03476936829122246,-0.0028402387829280507,-0.0026253425667750463,-0.0027616370924372635,0.00197250211808353,-0.0028993530200114304,-0.002576544461944552,-0.0006273320998018139,False,False,False
lfm25,166,cap96_chunk8192_polfcfs_mem0.85,96,8192,fcfs,0.85,0,R_short_decode,1.65491566315592,423.6584097679155,589.1499760835075,165.491566315592,35.108520882204175,38.62043088302016,39.17697889730334,33.41680584708229,2.2337195171298934,2.2407402198335227,2.234888745711999,605.4587096441537,607.692713290453,607.8917634487152,602.7539622737095,1,,-0.002802467371543327,-0.002802467371543549,-0.002802467371543438,-0.002802467371543438,0.0035220113068140657,0.02601235650010858,0.036806371265499904,0.022900107681142923,-0.00421500956191756,-0.005496588052870122,-0.0043820341450444555,-0.0053394707907978844,-0.0009578176273772332,0.0006017558098438958,-0.0023655619374627346,False,False,False
lfm25,167,cap96_chunk8192_polfcfs_mem0.9,96,8192,fcfs,0.9,0,R_short_decode,1.6540964886027325,423.44870108229946,588.8583499425728,165.40964886027325,35.21729027852416,41.42615015152842,42.92372763622552,35.121269698720425,2.228005662304806,2.232556893961956,2.2286188256215724,603.1845021061599,608.7801923509687,610.0221295189112,603.1399362254888,1,,-0.003296074907816804,-0.003296074907816915,-0.003296074907816693,-0.003296074907816804,0.00043483171186697867,-0.04474645784181197,-0.05531008629134537,-0.026938032251145883,-0.0016462274324660076,-0.0018244505288707025,-0.0015642674412512658,-0.0015632420136797442,-0.002749052972681021,-0.002900650766546331,-0.003007427476776847,False,False,False
lfm25,168,cap128_chunk-1_pollpm_mem0.75,128,-1,lpm,0.75,0,R_short_decode,1.6558852800743578,423.9066316990356,589.4951597064714,165.5885280074358,28.32575677894056,43.67647052276879,47.29917331133038,30.64041509060189,2.237671980743899,2.2457472647294248,2.2385749322126,598.9590166136622,613.668595906347,616.8526823632419,601.1960709583946,1,,-0.0022182082336383857,-0.0022182082336383857,-0.0022182082336382747,-0.0022182082336382747,0.19603582167432543,-0.10149839419754647,-0.1628835009791485,0.10408114938830315,-0.005991921683378365,-0.007743419932127793,-0.006038644346699984,0.0054530041500900905,-0.010800960865370524,-0.014130351397369179,0.00022517441841707342,False,False,False
lfm25,169,cap128_chunk-1_pollpm_mem0.8,128,-1,lpm,0.8,0,R_short_decode,1.6614356955767822,425.3275380676562,591.4711076253344,166.1435695576782,27.23171329125762,39.17408874258399,39.18954720720649,29.826699465047568,2.2335285120004533,2.24734915137364,2.237097196131164,597.9222950991243,608.6363675771281,608.7024445598945,600.0066472915933,1,,0.0011262888711418562,0.0011262888711416341,0.0011262888711416341,0.0011262888711416341,0.22708783488237172,0.012049386600182954,0.036497370511398786,0.12787401139150156,-0.004129139238264079,-0.008462241123870395,-0.005374534522777141,0.007174437903013642,-0.0025121527621045914,-0.000731036190025014,0.002203157802645128,False,False,False
lfm25,170,cap128_chunk-1_pollpm_mem0.85,128,-1,lpm,0.85,0,R_short_decode,1.6673934320914334,426.85271861540696,593.5920618245503,166.73934320914333,25.347616989165545,33.30820300616324,34.34211325831711,26.90515259746462,2.23882557258156,2.2430787638769587,2.2395305141262503,596.6823725029826,604.0014114929363,605.027335002087,597.7049419889227,1,,0.004716224167984118,0.004716224167984118,0.004716224167984118,0.004716224167984118,0.2805637560102433,0.1599840443662096,0.15567494945439753,0.21329938516249702,-0.006510542857345536,-0.006545972553524404,-0.006468092706519268,0.009233278756685226,0.005122290477654889,0.005310990137888938,0.0060308392009105205,False,False,False
lfm25,171,cap128_chunk-1_pollpm_mem0.9,128,-1,lpm,0.9,0,R_short_decode,1.6719781678754786,428.0264109761225,595.2242277636703,167.19781678754785,26.85073669999838,37.598021305166185,38.18981386255473,27.96950668562204,2.232026821915426,2.235298855125246,2.23201539217573,595.2229162212461,606.5316620282829,607.4792346172035,596.8539735185914,1,,0.007478834561606584,0.007478834561606584,0.007478834561606584,0.007478834561606584,0.2379010157814173,0.05179700655857111,0.06107651916209489,0.182177910845449,-0.0034540232662136905,-0.003054862055319907,-0.0030907194542739713,0.011656646333287779,0.0009546017782176008,0.0012799696213811051,0.007445979610335662,False,False,False
lfm25,172,cap128_chunk-1_polfcfs_mem0.75,128,-1,fcfs,0.75,0,R_short_decode,1.673928233581842,428.52562779695154,595.9184511551357,167.3928233581842,26.626404374837875,33.02019755356014,33.22819865308702,27.96552010113373,2.228211807817513,2.231988624710376,2.2283249269851786,594.2767914384604,600.8236489258707,600.9372295252979,595.9091855329461,1,,0.008653879764297212,0.008653879764297212,0.008653879764297212,0.008653879764297212,0.24426819441947023,0.1672473955428363,0.18306132484399606,0.18229447767987583,-0.0017389044299251921,-0.0015694487270103696,-0.001432186365260435,0.013227647911557172,0.010356525173089937,0.012035286267294332,0.00901713965144213,False,False,True
lfm25,173,cap128_chunk-1_polfcfs_mem0.8,128,-1,fcfs,0.8,0,R_short_decode,1.6554622714349074,423.7983414873363,589.344568630827,165.54622714349074,31.584843061864376,39.63193008676171,40.14540927484632,31.73630626406521,2.2323683817304816,2.253602315455411,2.238462456882594,602.6087959762663,610.384907014668,611.004248522222,602.2633039974608,1,,-0.002473099271853574,-0.002473099271853574,-0.002473099271853685,-0.002473099271853685,0.10353384031538915,0.0005028605331074409,0.012996828116001113,0.07203753778508082,-0.003607578576229953,-0.011268249197944336,-0.005988096774272034,-0.0006073054869784045,-0.0053922501882501805,-0.004515293481766047,-0.0015496088461945945,False,False,False
lfm25,174,cap128_chunk-1_polfcfs_mem0.85,128,-1,fcfs,0.85,0,R_short_decode,1.6497856334186252,422.345122155168,587.3236854970305,164.9785633418625,32.57646062411368,41.226279153488576,42.23691265564412,32.32616087188944,2.239897200703001,2.249172094424128,2.241369246215861,605.6131066288799,611.5629787789658,612.5200477102771,603.5950247896835,1,,-0.005893653895565731,-0.005893653895565842,-0.005893653895565731,-0.005893653895565842,0.07538896126171513,-0.039705812827403486,-0.03842425609117783,0.05479032162605457,-0.006992315540069072,-0.00928025786729103,-0.007294437856788738,-0.005595840681004827,-0.007332704823315606,-0.007007327653265394,-0.0037642289794324046,False,False,False
lfm25,175,cap128_chunk-1_polfcfs_mem0.9,128,-1,fcfs,0.9,0,R_short_decode,1.6694207442870916,427.37171053749546,594.3137849662047,166.94207442870916,27.22617844119668,37.27232413366436,39.98867521062493,28.913099435158077,2.2299837275389947,2.2338404278992003,2.230657654079228,595.3351049683988,606.333039700985,609.0387638658285,597.4514276022092,1,,0.005937815554413195,0.005937815554413195,0.005937815554413417,0.005937815554413195,0.22724492940295693,0.06001092373434014,0.016850245513484463,0.15458747092777458,-0.0025355077484732202,-0.0024004159991763974,-0.002480537961428997,0.01147036149850944,0.0012817614872548955,-0.0012839585095032469,0.006452427621065793,False,False,False
lfm25,176,cap128_chunk2048_pollpm_mem0.75,128,2048,lpm,0.75,0,R_short_decode,1.656537751395146,424.0736643571574,589.727439496672,165.6537751395146,28.540077852085236,41.435707779601216,42.84009755589068,31.520433723926544,2.2281201072402443,2.2693611109295397,2.2350265285251405,599.1957150399685,611.3386526471004,612.1031977189705,601.1732018087059,1,,-0.0018250505606002276,-0.0018250505606002276,-0.0018250505606001166,-0.0018250505606002276,0.1899527903606928,-0.044987496365495705,-0.053253981843878195,0.07834960233994326,-0.0016976785305353737,-0.0183397583987015,-0.004443955161201885,0.0050599760759220125,-0.006963207229419899,-0.006322009683107144,0.00026320527265188964,False,False,False
lfm25,177,cap128_chunk2048_pollpm_mem0.8,128,2048,lpm,0.8,0,R_short_decode,1.6700851396133798,427.5417957410252,594.5503097023633,167.008513961338,25.78763198107481,33.022187440656126,33.65956317167729,27.476776216644797,2.234163472209783,2.237349729807419,2.2341636031999363,594.8787843808532,602.2953585954383,602.7687543863431,596.9086744007654,1,,0.0063381582394301805,0.0063381582394301805,0.006338158239430403,0.0063381582394301805,0.26807490022495606,0.16719721160135403,0.1724559242321364,0.1965852390138868,-0.004414598790277502,-0.00397515949863636,-0.004056147627110374,0.012228063205804607,0.007932406425548821,0.009024186528198141,0.00735501333897004,False,False,False
lfm25,178,cap128_chunk2048_pollpm_mem0.85,128,2048,lpm,0.85,0,R_short_decode,1.6700290656375592,427.5274408032152,594.530347366971,167.00290656375591,25.362482527270917,30.837207450531423,30.91558131854981,26.517630496528,2.2390127255051744,2.2427212524904903,2.2392126125161607,595.5366692505777,601.7455418361351,601.7634149035439,597.2364351619035,1,,0.00630436991318617,0.006304369913186392,0.00630436991318617,0.00630436991318617,0.28014183047365393,0.2223012967453557,0.23991865139197366,0.2246304442957089,-0.006594681341848929,-0.006385544996549308,-0.0063252244467848495,0.011135672236387562,0.00883803417367035,0.010677004635527676,0.0068099549568071405,False,False,False
lfm25,179,cap128_chunk2048_pollpm_mem0.9,128,2048,lpm,0.9,0,R_short_decode,1.6710479113151515,427.7882652966788,594.893056428194,167.10479113151516,26.295028626918796,35.766372992657125,35.814027595333755,28.26930145965889,2.230038728528455,2.2353137744365896,2.2310181820544925,594.7849741205573,604.4274111511186,604.4600816303864,596.8993370770477,1,,0.006918292675804016,0.006918292675804016,0.0069182926758042385,0.006918292675804016,0.2536735646968459,0.09799024632394115,0.11948689842642546,0.17341197903348504,-0.0025602345858102282,-0.0030615568593492792,-0.002642562948962368,0.012383831313420024,0.004420607408500921,0.00624357724923974,0.007370541087141302,False,False,False
lfm25,180,cap128_chunk2048_polfcfs_mem0.75,128,2048,fcfs,0.75,0,R_short_decode,1.6625363379357,425.6093025115392,591.8629363051091,166.25363379356995,27.68993284553289,35.31240040902048,36.78154558409005,29.050813463982195,2.23739853621844,2.2460537103708744,2.2394475194478387,598.2934446074069,606.0787746915594,607.7278571249917,599.5485514285974,1,,0.001789499612966594,0.001789499612966594,0.001789499612966372,0.001789499612966372,0.2140822827158162,0.1094392042159208,0.09569978699808035,0.15056074367710315,-0.005868989016746484,-0.007880932547010167,-0.006430794042732835,0.006558159295905419,0.0017005727439434182,0.0008712243270871944,0.0029649603719735795,False,False,False
lfm25,181,cap128_chunk2048_polfcfs_mem0.8,128,2048,fcfs,0.8,0,R_short_decode,1.674002164670046,428.5445541555318,595.9447706225363,167.4002164670046,26.05738490819931,34.09008635208011,35.48219567164779,28.115132066886872,2.2266093248903167,2.231666680677899,2.2271767661649253,593.9556951634586,601.666466658935,602.8328607510775,595.766069192905,1,,0.008698428196814323,0.008698428196814323,0.008698428196814323,0.008698428196814323,0.2604185579037569,0.14026534366377386,0.12764522006584722,0.17791985742754035,-0.0010184749419273054,-0.0014249814552871332,-0.0009161910601767076,0.013760815168120222,0.008968282430836694,0.008918793114091716,0.009255138734959867,False,False,True
lfm25,182,cap128_chunk2048_polfcfs_mem0.85,128,2048,fcfs,0.85,0,R_short_decode,1.6681003948880344,427.0337010913368,593.8437405801402,166.81003948880343,27.550366707146168,38.30217744689434,40.43469389434904,29.398764891084284,2.230928750599132,2.2345415519796896,2.231079401711576,596.3245967868716,606.8760267226025,608.7151139741763,598.0445486493409,1,,0.005142216605016348,0.005142216605016348,0.005142216605016348,0.005142216605016348,0.21804355996061664,0.03403854645192017,0.005884561927066434,0.14038672215304038,-0.0029603624959446684,-0.0027150342956188123,-0.002670075693759655,0.00982735072784957,0.0003873833052039366,-0.0007518652111593305,0.005466081368836306,False,False,False
lfm25,183,cap128_chunk2048_polfcfs_mem0.9,128,2048,fcfs,0.9,0,R_short_decode,1.6695974063589123,427.4169360278816,594.3766766637727,166.95974063589122,28.047350933775306,35.62659944873303,35.810660920105875,28.767939598765224,2.230364550818123,2.2356373344708227,2.23115057214668,596.5005534235388,604.5972413849086,604.8784652259201,597.431791597046,1,,0.0060442662854387486,0.006044266285438971,0.0060442662854387486,0.0060442662854387486,0.2039377580037286,0.10151526408157863,0.11956967050892864,0.15883191191826096,-0.002706714764375784,-0.003206749286196464,-0.0027020604207479426,0.009535181915721669,0.004140872443009647,0.005555737972717578,0.006485081832537709,False,False,False
lfm25,184,cap128_chunk8192_pollpm_mem0.75,128,8192,lpm,0.75,0,R_short_decode,1.6745203365642105,428.6772061604378,596.1292398168589,167.45203365642104,24.70069145783782,34.029421070590615,34.837973611429334,26.59606386441737,2.231311957881439,2.236552207030601,2.2319883563393583,593.1389634497464,603.0383961740881,603.8014083076268,595.4734398983419,1,,0.009010661469990744,0.009010661469990522,0.009010661469990744,0.009010661469990744,0.2989253114416053,0.14179529123839263,0.14348387330961065,0.22233707024704585,-0.0031326412899985723,-0.0036172838181416367,-0.0030785692707886447,0.015116964837391778,0.006708516033456902,0.007326462397290179,0.009741774320361274,False,False,False
lfm25,185,cap128_chunk8192_pollpm_mem0.8,128,8192,lpm,0.8,0,R_short_decode,1.6632211534734036,425.7846152891913,592.1067306365317,166.32211534734034,28.98428961634636,35.2004588348791,35.486843972466886,29.515759088099003,2.2342094594576194,2.2388942164071426,2.235098894668899,598.5737810842693,604.7327186679468,605.1178184105083,599.1860093781725,1,,0.002202146843098829,0.002202146843098829,0.002202146843098829,0.002202146843098607,0.1773448184415698,0.11226231383729923,0.12753093831520135,0.13696583812755547,-0.004435273312826782,-0.004668223331993682,-0.004476477251982081,0.0060926720202201246,0.003917721757470405,0.005162231814546003,0.0035678592143625343,False,False,False
lfm25,186,cap128_chunk8192_pollpm_mem0.85,128,8192,lpm,0.85,0,R_short_decode,1.662517838486529,425.60456665255134,591.8563505012042,166.25178384865288,27.37392787821591,34.693510620854795,34.79967478197068,28.784190071746707,2.240015967182961,2.243476639285636,2.2402669209782022,598.1859918683767,605.8194235898554,606.0891086049378,599.7716464335099,1,,0.0017783524557555275,0.0017783524557553054,0.0017783524557555275,0.0017783524557553054,0.22305138726184948,0.12504729021028682,0.14442547701568675,0.15835675174068453,-0.007045709478248785,-0.006724512824437534,-0.006799041534885308,0.006736580182533758,0.0021277615304522435,0.003565392091953168,0.0025939586632151013,False,False,False
lfm25,187,cap128_chunk8192_pollpm_mem0.9,128,8192,lpm,0.9,0,R_short_decode,1.6703972340518929,427.6216919172845,594.6614153224738,167.03972340518928,24.794717784971,33.18223236128688,33.21894308552146,26.92912390921265,2.2361980130275088,2.24189342324554,2.23755322898256,595.684444764629,603.7159478990361,603.7937423354015,597.225122677628,1,,0.006526216042592736,0.006526216042592514,0.006526216042592514,0.006526216042592514,0.29625658137290645,0.16316096002323377,0.18328887949370087,0.21259846939469673,-0.005329268878020432,-0.006014069769782582,-0.005579480385877078,0.010890297027928764,0.005592490316674192,0.0073390655606206945,0.00682876735020066,False,False,False
lfm25,188,cap128_chunk8192_polfcfs_mem0.75,128,8192,fcfs,0.75,0,R_short_decode,1.6595240919727932,424.8381675450351,590.7905767423144,165.9524091972793,28.66226783953607,37.75498205795884,38.80482302978635,30.62000928912312,2.236850198139163,2.2403051608659945,2.237097126790625,598.4468793030828,608.259522379376,609.2336764605716,600.7995807449333,1,,-2.558033869237697e-05,-2.5580338692265947e-05,-2.5580338692154925e-05,-2.558033869237697e-05,0.18648469686447344,0.047838536126235676,0.04595608547465757,0.10467781043720248,-0.005622472242683418,-0.0053013622504414215,-0.005374503360424221,0.006303387247382997,-0.001891434200772979,-0.0016044025698926934,0.0008845282518112896,False,False,False
lfm25,189,cap128_chunk8192_polfcfs_mem0.8,128,8192,fcfs,0.8,0,R_short_decode,1.6636346847637065,425.89047929950885,592.2539477758795,166.36346847637063,26.99322788976133,35.72126436047256,37.37664661370218,28.7287860410288,2.236859935938436,2.242135198339167,2.2378074207997907,597.3528244066983,606.7361964611337,608.7439019745216,599.0893351263367,1,,0.002451327143663695,0.002451327143663695,0.002451327143663695,0.002451327143663473,0.23385671739989666,0.09912786310755561,0.08106880890050172,0.15997675314645088,-0.005626850072628198,-0.006122562503374063,-0.0056937168081341305,0.008120020740348455,0.0006177039759921454,-0.0007991938290625722,0.003728626205260044,False,False,False
lfm25,190,cap128_chunk8192_polfcfs_mem0.85,128,8192,fcfs,0.85,0,R_short_decode,1.6657896253706113,426.4421440948765,593.0211066319376,166.57896253706113,28.74937793239951,36.25071467831731,36.713501159101725,29.01708672288805,2.2324172980791213,2.241412587555881,2.2344227393710794,597.9663056787103,607.670008810237,608.5889063123614,598.515099438373,1,,0.003749823196367963,0.003749823196367963,0.003749823196367963,0.003749823196367963,0.1840122688626593,0.08577539510972709,0.09737270712781931,0.1515469060063862,-0.0036295699368911194,-0.005798302390285892,-0.004172606092970099,0.007101360132250045,-0.0009204200636576676,-0.0005443747939415378,0.0046835665525271075,False,False,False
lfm25,191,cap128_chunk8192_polfcfs_mem0.9,128,8192,fcfs,0.9,0,R_short_decode,1.6837352135614474,431.0362146717305,599.4097360278753,168.37352135614475,23.156773997470737,29.41812344361097,29.599092439748347,24.600349890533835,2.2291512392899566,2.2323715013871883,2.229058031248404,591.653916053474,597.6619865512475,597.7505586249754,592.7309247781523,1,,0.014563242069533855,0.014563242069533633,0.014563242069533855,0.014563242069533855,0.3427460058757792,0.2580898743512188,0.2722854580231169,0.2806912982933839,-0.0021612453629960005,-0.0017412585551965787,-0.0017616509762177213,0.01758282541497802,0.015564240522253248,0.01727430000968544,0.014302512003778745,True,True,True
lfm25,0,cap8_chunk-1_pollpm_mem0.75,8,-1,lpm,0.75,0,R_medium_balanced,6.864866229079233,1757.4057546442837,7249.298737907669,5491.892983263387,107.45457140728831,114.1853294102475,114.22740740235896,108.88591324328443,4.126204101953144,4.273765848255625,4.1193220811192965,1159.4274416565895,1202.7591109508649,1203.1083471374586,1159.3130439287052,1,,-0.03419615060188197,-0.03419615060188186,-0.03419615060188208,-0.03419615060188186,-0.10881019155599159,-0.1571561544304123,-0.15542817761318384,-0.12530713193685705,-0.026455899420367857,-0.03107887695411704,-0.026685238385179444,-0.035254788375765234,-0.04334693567011905,-0.04349414644862937,-0.03520642744055347,False,False,False
lfm25,1,cap8_chunk-1_pollpm_mem0.8,8,-1,lpm,0.8,0,R_medium_balanced,6.989876305025107,1789.4083340864274,7381.309378106513,5591.9010440200855,101.81898437440395,107.0876964367926,107.16648185625672,103.21390457102098,4.069361021267433,4.141453625269088,4.061323492993218,1139.0275317244232,1156.2894488452002,1156.3238009577617,1138.8513952842914,1,,-0.016608741243393954,-0.016608741243393843,-0.016608741243394065,-0.016608741243393954,-0.050657278602870504,-0.08522861593189401,-0.08400580603419949,-0.06668842157122201,-0.012315320314390643,0.0008424643472422222,-0.012229875802789003,-0.01703967315515742,-0.0030363039583034546,-0.002916421093365429,-0.01693523632124605,False,False,False
lfm25,2,cap8_chunk-1_pollpm_mem0.85,8,-1,lpm,0.85,0,R_medium_balanced,6.458520325046518,1653.3812032119083,6820.197463249123,5166.816260037214,142.3708009533584,229.16329570580277,229.3099133530632,161.05276535381563,4.272131054826518,4.284495479591629,4.198556048476009,1231.725265737623,1241.4139073807746,1241.5263919625431,1231.684557715198,1,,-0.09136411647418896,-0.09136411647418896,-0.09136411647418896,-0.09136411647418896,-0.46910636755251156,-1.3223449051216547,-1.3195058114283635,-0.6644377594176953,-0.06275744388114979,-0.03366748302680911,-0.04643323163792501,-0.09980964181454355,-0.07687847414436488,-0.07681533899821136,-0.09983043613926634,False,False,False
lfm25,3,cap8_chunk-1_pollpm_mem0.9,8,-1,lpm,0.9,0,R_medium_balanced,7.107119156306783,1819.4225040145363,7505.117829059962,5685.695325045426,99.03010143898427,105.45631952118129,105.62802532222122,100.30299171921796,4.008082373469484,4.134092513270968,4.001350847629867,1120.7549762912097,1150.034851860255,1150.2066920511425,1120.647457864834,1,,-0.00011408667858958665,-0.00011408667858947563,-0.00011408667858969768,-0.00011408667858947563,-0.02187914677142966,-0.06869621332075848,-0.06844407641184769,-0.03660490667924732,0.0029286734354421196,0.002618389225123252,0.0027174938102059176,-0.000724076483521241,0.002389316632452343,0.0023891420775936645,-0.0006800642432316373,False,False,True
lfm25,4,cap8_chunk-1_polfcfs_mem0.75,8,-1,fcfs,0.75,0,R_medium_balanced,7.166711016104152,1834.678020122663,7568.046833005985,5733.368812883322,97.22141874954104,99.9518921598792,100.15616808086634,97.648842347553,3.979151224827065,4.1373347375067135,3.971977044563448,1110.5932781938463,1154.0371637092903,1154.0823770919817,1110.5029887112323,1,,0.008269768980723402,0.008269768980723624,0.008269768980723402,0.008269768980723402,-0.003215577850344875,-0.012914248766787928,-0.013095380470004914,-0.009174974485107512,0.010125735787971268,0.0018361776949360475,0.01003851639830411,0.008349321501861517,-0.0010825338530418005,-0.0009723628635172066,0.008378420629148398,False,False,False
lfm25,5,cap8_chunk-1_polfcfs_mem0.8,8,-1,fcfs,0.8,0,R_medium_balanced,6.610796052952681,1692.3637895558863,6981.000631918031,5288.636842362145,127.24885647185148,187.21353320870548,187.39227142650637,145.98333596950397,4.220475831671672,4.280996263739379,4.146328119688905,1203.5543615929782,1209.013644605875,1209.3264281749723,1203.297006490175,1,,-0.06994075886254347,-0.06994075886254336,-0.06994075886254347,-0.06994075886254336,-0.3130649266194412,-0.8972252675891836,-0.8955022756530839,-0.5086991899803799,-0.04990742307920515,-0.03282327029282639,-0.033416127740435675,-0.07465579228434027,-0.04877250132460964,-0.04888728596114844,-0.07448182504466971,False,False,False
lfm25,6,cap8_chunk-1_polfcfs_mem0.85,8,-1,fcfs,0.85,0,R_medium_balanced,7.141197041685971,1828.1464426716088,7541.104076020385,5712.957633348777,98.23565348051488,104.52593816444278,104.7037116251886,99.13400924415328,3.98665440140986,4.148098775276951,3.980109698878711,1114.3118550535291,1161.3202970474958,1161.7427237331867,1114.0619824582243,1,,0.004680260622622612,0.004680260622622834,0.00468026062262239,0.004680260622622612,-0.01368133832572993,-0.059267712142211604,-0.05909449810317269,-0.024523781792501698,0.00825920672699798,-0.0007607291946067907,0.008011562455411347,0.005028997726852724,-0.007400369886298774,-0.007616425219899137,0.0052004237788573215,False,False,False
lfm25,7,cap8_chunk-1_polfcfs_mem0.9,8,-1,fcfs,0.9,0,R_medium_balanced,7.053622239383151,1805.7272932820867,7448.625084788608,5642.897791506522,104.2726703453809,109.27934292703868,109.375518001616,105.36888416390866,4.010130021282855,4.138272267528901,4.004054358594265,1126.394834369421,1157.3608437320215,1157.8437897143883,1126.4027456054464,1,,-0.007640457414979651,-0.00764045741497954,-0.007640457414979651,-0.00764045741497954,-0.07597655516659119,-0.10743880035420617,-0.10635055381196823,-0.08895956604550004,0.0024192899619064345,0.0016099913673012223,0.0020436803175242213,-0.005759915615365152,-0.003965697518393707,-0.004234755700536441,-0.005819237732267224,False,False,False
lfm25,8,cap8_chunk2048_pollpm_mem0.75,8,2048,lpm,0.75,0,R_medium_balanced,6.851651937704975,1754.0228960524737,7235.344446216453,5481.32155016398,129.16980404406786,150.3035674104467,150.40318940300494,122.03244853299113,4.1370388394331234,4.50899734426582,4.080248903597285,1162.7883634064349,1250.3902185708284,1250.5861338227987,1162.4959189502988,1,,-0.0360552419593021,-0.03605524195930199,-0.0360552419593021,-0.0360552419593021,-0.3328869427293466,-0.5231790192325352,-0.5213518978592846,-0.26117309917829856,-0.02915120482218536,-0.08783028434098283,-0.016946778078198,-0.03825576127831476,-0.08466507637293597,-0.08467314134993287,-0.038048569774195906,False,False,False
lfm25,9,cap8_chunk2048_pollpm_mem0.8,8,2048,lpm,0.8,0,R_medium_balanced,6.831305903935911,1748.814311407593,7213.859034556322,5465.044723148729,127.54185264930128,128.79811215680093,129.51490876730531,113.17617155145854,4.110271129391941,4.2879357591600105,4.123610001075647,1164.6690440829843,1176.5189740108326,1177.0356795052066,1164.696721825749,1,,-0.038917683422605265,-0.038917683422605265,-0.038917683422605376,-0.038917683422605265,-0.3160883172801501,-0.3052423540837568,-0.31006365647107326,-0.16964581752286834,-0.022492330659188875,-0.034497476929077564,-0.027753944360548788,-0.039935024340280734,-0.02058463337809724,-0.02088049230743061,-0.04001377261058847,False,False,False
lfm25,10,cap8_chunk2048_pollpm_mem0.85,8,2048,lpm,0.85,0,R_medium_balanced,6.871312209149848,1759.0559255423611,7256.105692862239,5497.049767319879,136.36223901994526,148.82575580850244,149.35201527550817,126.17006711661816,4.114266896766482,4.270497524617788,4.050191541946512,1158.8685913011432,1186.634628335014,1186.8261218536643,1158.9689103129786,1,,-0.033289278980848325,-0.033289278980848214,-0.033289278980848436,-0.033289278980848325,-0.40710477356623676,-0.5082028502350753,-0.5107191063593468,-0.30393429355783996,-0.02348633844284853,-0.030290368742465823,-0.00945538777077437,-0.03475578991697881,-0.02935957163908376,-0.0293720544398568,-0.034899133968126606,False,False,False
lfm25,11,cap8_chunk2048_pollpm_mem0.9,8,2048,lpm,0.9,0,R_medium_balanced,6.441331021176837,1648.9807414212703,6802.04555836274,5153.064816941469,140.23388409987092,248.09980276040733,248.52714180015028,146.15375534049235,4.308699689549851,4.491073552372993,4.271778678886738,1235.3910757228732,1239.6308660972863,1239.928291225806,1235.457318456611,1,,-0.09378244412862868,-0.09378244412862857,-0.09378244412862868,-0.0937824441286288,-0.4470557916242548,-1.514247803636077,-1.513891097309723,-0.5104604291331887,-0.0718544468209088,-0.08350603170951043,-0.06468298057185717,-0.10308284995517858,-0.07533175490327748,-0.07542925538555245,-0.10319931582983788,False,False,False
lfm25,12,cap8_chunk2048_polfcfs_mem0.75,8,2048,fcfs,0.75,0,R_medium_balanced,6.810107396954662,1743.3874936203936,7191.473411184124,5448.08591756373,134.75662004202604,139.84556798823178,139.9408216122538,118.5077001573518,4.180210353076166,4.404105231914596,4.10709765331144,1166.2120709661394,1223.5906952992082,1223.9479197189212,1165.817601751769,1,,-0.04190005758122439,-0.04190005758122428,-0.04190005758122428,-0.04190005758122439,-0.3905365935143661,-0.4171974675135133,-0.4155234034121911,-0.22474575640047223,-0.039890774114172745,-0.06252425559619601,-0.02363846531648539,-0.041312795740185315,-0.061417528108047126,-0.06156897076099277,-0.041014660256838864,False,False,False
lfm25,13,cap8_chunk2048_polfcfs_mem0.8,8,2048,fcfs,0.8,0,R_medium_balanced,6.7195096175620455,1720.1944620958836,7095.80215614552,5375.607694049636,129.30510635487735,131.62128964904696,132.3305129306391,114.45761186769232,4.25081080391857,4.407665977144943,4.191251481111691,1183.428835589439,1221.501965657808,1221.947812777944,1183.2267395511735,1,,-0.05464607202119509,-0.05464607202119498,-0.05464607202119509,-0.05464607202119509,-0.3342831102371766,-0.33385248488667885,-0.3385439350776036,-0.18288916447250902,-0.05745370786110504,-0.06338331276581699,-0.04461266715230039,-0.05668567495299959,-0.05960563605837854,-0.05983421437754077,-0.056560117491640804,False,False,False
lfm25,14,cap8_chunk2048_polfcfs_mem0.85,8,2048,fcfs,0.85,0,R_medium_balanced,6.7366663880888815,1724.5865953507537,7113.919705821859,5389.333110471105,125.95971394330265,129.30726364720613,129.38336378429085,111.70037044212222,4.252363670179072,4.4090574255724455,4.1927298681591365,1181.1415839474648,1216.9272885657847,1217.002131137997,1180.846486822702,1,,-0.05223232141555789,-0.05223232141555767,-0.05223232141555789,-0.05223232141555778,-0.29976242719756674,-0.3104021043222749,-0.30873305829455,-0.1543938031512213,-0.05784000691338598,-0.06371901039945183,-0.04498113510123525,-0.054643383965656156,-0.05563728089716147,-0.05554466734400698,-0.05443467524258594,False,False,False
lfm25,15,cap8_chunk2048_polfcfs_mem0.9,8,2048,fcfs,0.9,0,R_medium_balanced,6.937137858835248,1775.9072918618235,7325.617578930022,5549.710287068198,120.4551535192877,130.91775553766638,131.60381347406656,110.0242419342976,4.118994777729991,4.406040126238676,4.066023984741347,1146.7895316891372,1219.3149974336848,1219.478082167916,1146.860358043341,1,,-0.024028404298980233,-0.02402840429898012,-0.024028404298980233,-0.024028404298980233,-0.24296156132235702,-0.32672285771793064,-0.3311932558678192,-0.1370714580680381,-0.024662470594055907,-0.06299106373158114,-0.013401409709563161,-0.023970376485209055,-0.05770852584381281,-0.05769213844481125,-0.024086824728466683,False,False,False
lfm25,16,cap8_chunk8192_pollpm_mem0.75,8,8192,lpm,0.75,0,R_medium_balanced,7.044383979050384,1803.3622986368985,7438.869481877205,5635.507183240307,101.48373222909868,126.26335711684078,126.40169847290964,110.7346249918919,4.062912192232176,4.139915906239812,3.9954202224537,1129.9502451438457,1155.9662473155186,1155.985522060655,1129.5667817175854,1,,-0.008940169178237922,-0.0089401691782377,-0.008940169178238033,-0.008940169178237811,-0.04719785393077802,-0.2795551015302764,-0.2785730450777002,-0.14441307919520696,-0.010711076209146242,0.0012134508884034112,0.004195621813518513,-0.008934548107767615,-0.0027559391516460696,-0.002623021043538065,-0.008644557896733351,False,False,False
lfm25,17,cap8_chunk8192_pollpm_mem0.8,8,8192,lpm,0.8,0,R_medium_balanced,6.876496301240264,1760.3830531175076,7261.580094109719,5501.197040992211,105.1875101402402,111.70113377738744,111.71930825803427,106.9383045542054,4.12548994462864,4.2690794768871045,4.1167678844466735,1157.0713298860935,1191.602659295313,1191.953426017426,1156.714115088107,1,,-0.032559939773137425,-0.032559939773137314,-0.032559939773137536,-0.032559939773137425,-0.08541667181212831,-0.13198127180564656,-0.13005836060077014,-0.10517911093981591,-0.026278241946152248,-0.029948253822384974,-0.026048639457473932,-0.03315101205935411,-0.03366914604309268,-0.03381912846662849,-0.03288571876368884,False,False,False
lfm25,18,cap8_chunk8192_pollpm_mem0.85,8,8192,lpm,0.85,0,R_medium_balanced,6.593955854245931,1688.0526986869584,6963.217382083703,5275.164683396745,123.0548529420048,190.16654253937304,190.2528308797628,150.24396125227213,4.243779523919026,4.270654633257757,4.1357065354674765,1204.8923175316304,1207.6162331504747,1207.8520336886868,1204.8491277964786,1,,-0.07230997163273745,-0.07230997163273734,-0.07230997163273745,-0.07230997163273745,-0.26978753230841246,-0.9271511165464994,-0.9244372840822603,-0.5527316260816146,-0.05570457023783715,-0.030328272410053314,-0.03076884172743166,-0.07585045547960378,-0.04756030102066866,-0.047608496715229265,-0.07586778887977674,False,False,False
lfm25,19,cap8_chunk8192_pollpm_mem0.9,8,8192,lpm,0.9,0,R_medium_balanced,6.804794398127967,1742.0273659207596,7185.862884423133,5443.835518502374,106.90094833262263,130.16631559003145,130.42137047741562,115.569774992764,4.193789279088378,4.272786530611269,4.1318474499527,1169.299989705905,1195.3082159161568,1195.732220634818,1169.1908747307025,1,,-0.04264753241138697,-0.04264753241138686,-0.04264753241138697,-0.04264753241138697,-0.10309742476133277,-0.3191077519545049,-0.3192326591264487,-0.1943830763959371,-0.04326873806569642,-0.030842609041279223,-0.029807016928674823,-0.04407000377805104,-0.03688357286398203,-0.03709659726090786,-0.04402681809254272,False,False,False
lfm25,20,cap8_chunk8192_polfcfs_mem0.75,8,8192,fcfs,0.75,0,R_medium_balanced,6.565413326037532,1680.745811465608,6933.076472295634,5252.330660830025,131.50040339678526,201.42217737156895,201.62035378161815,148.56160708586685,4.234677240909899,4.2866179970659175,4.166991402641596,1210.917861200869,1214.1662810463458,1214.3120328430086,1211.144414759474,1,,-0.07632556096766963,-0.07632556096766951,-0.07632556096766963,-0.07632556096766963,-0.3569361039784471,-1.0412159196640873,-1.0394215647304406,-0.5353449404626067,-0.053440239181481886,-0.03417955669003936,-0.03856617116174044,-0.08123067394953565,-0.053242213831328655,-0.05321145950709805,-0.08148915367059373,False,False,False
lfm25,21,cap8_chunk8192_polfcfs_mem0.8,8,8192,fcfs,0.8,0,R_medium_balanced,6.658331600868508,1704.532889822338,7031.198170517145,5326.665280694807,120.16836646944284,172.64541634358466,172.7341913152486,142.080171557609,4.231498168562265,4.269036195040041,4.131163373776693,1195.6849438138306,1207.6233240077272,1207.923158374615,1195.5268318706658,1,,-0.06325308081779413,-0.06325308081779413,-0.06325308081779413,-0.06325308081779402,-0.24000224186754338,-0.7495917127708607,-0.7472334916947705,-0.4683610174932382,-0.05264939668186619,-0.029937811743935283,-0.029636520206639982,-0.06762917540010327,-0.04756645206464616,-0.047670185418171585,-0.06754346206275019,False,False,False
lfm25,22,cap8_chunk8192_polfcfs_mem0.85,8,8192,fcfs,0.85,0,R_medium_balanced,6.269520415952784,1604.9972264839128,6620.61355924614,5015.616332762227,188.62566095776856,317.43414234369993,317.5437876954675,211.66200799052604,4.2440690611507375,4.279762186456983,4.152152961229577,1270.4532383941114,1329.172493191436,1329.5949517283589,1270.461013104068,1,,-0.11795412327802224,-0.11795412327802213,-0.11795412327802235,-0.11795412327802235,-0.9464044434760353,-2.2168832312917677,-2.212005317051297,-1.1874709047040581,-0.05577659701892901,-0.03252553965816207,-0.034867890605289276,-0.13438991626399943,-0.1530056476994337,-0.1532000027904994,-0.1344557998942426,False,False,False
lfm25,23,cap8_chunk8192_polfcfs_mem0.9,8,8192,fcfs,0.9,0,R_medium_balanced,7.1539994874944846,1831.423868798588,7554.623458794175,5723.199589995587,98.57360436581077,100.7025591097772,100.84670772776008,98.42448504059575,3.979202511482963,4.142374456312288,3.971821589363447,1111.5807383321226,1155.9813041239977,1156.4943134784698,1111.238990328275,1,,0.006481410278124544,0.006481410278124544,0.006481410278124544,0.006481410278124544,-0.01716861095595723,-0.020521520957430983,-0.020080297522089063,-0.017191036694784945,0.010112977453868743,0.0006203067767066583,0.01007726150148569,0.007467616619130757,-0.002769000349723605,-0.0030643120274433944,0.0077212093534198,False,False,False
lfm25,24,cap16_chunk-1_pollpm_mem0.75,16,-1,lpm,0.75,0,R_medium_balanced,6.552548609950929,1677.4524441474375,6919.49133210818,5242.038887960743,129.64830035343766,206.2907558865845,206.43543424084783,156.78752309759147,4.25583013315119,4.264812359549836,4.149368319856733,1214.9551848415283,1218.2059736223891,1218.2958580786362,1214.8764446610585,1,,-0.07813547129996778,-0.07813547129996778,-0.07813547129996778,-0.07813547129996778,-0.3378244858929611,-1.0905541807268286,-1.0881268603034338,-0.6203576081161815,-0.058702342192963775,-0.028918778949834856,-0.03417385645709792,-0.08483560728218409,-0.05674649064942905,-0.05666675787963671,-0.08482166283345793,False,False,False
lfm25,25,cap16_chunk-1_pollpm_mem0.8,16,-1,lpm,0.8,0,R_medium_balanced,7.033085120237207,1800.469790780725,7426.93788697049,5626.468096189765,103.40619087219238,111.14874039776625,111.29165687598288,104.55739637836814,4.067131490720545,4.137289283486704,4.016171787710239,1128.712008474395,1156.994535238482,1157.43037101347,1128.6812022444792,1,,-0.010529782285241707,-0.010529782285241596,-0.010529782285241818,-0.010529782285241818,-0.06703546259079096,-0.12638330749449822,-0.12573259966253159,-0.08057305427966588,-0.011760690750208802,0.001847143826813169,-0.0009764247763626166,-0.007828924422200956,-0.003647939090488661,-0.0038761845082850854,-0.007853781352494593,False,False,False
lfm25,26,cap16_chunk-1_pollpm_mem0.85,16,-1,lpm,0.85,0,R_medium_balanced,6.43973132471661,1648.5712191274522,6800.35627890074,5151.785059773288,160.31903051771224,256.26477552577853,256.41417456790805,181.75188192981292,4.223335224806386,4.282438225916349,4.136940047108367,1236.6450144909322,1268.8731662929058,1269.184119254351,1236.6715939424466,1,,-0.09400750211921427,-0.09400750211921416,-0.09400750211921438,-0.09400750211921438,-0.6543118883666055,-1.596991782525523,-1.5936696732650204,-0.878357657905563,-0.05061874052239679,-0.0331711547569804,-0.031076277797770446,-0.10420249407202675,-0.10069831752023006,-0.10080376581092687,-0.10428360086760535,False,False,False
lfm25,27,cap16_chunk-1_pollpm_mem0.9,16,-1,lpm,0.9,0,R_medium_balanced,6.718347747145242,1719.897023269182,7094.575220985376,5374.678197716194,143.1372354272753,192.28293397463855,192.3375476617366,162.25062232115306,4.128482264886592,4.273650051076331,4.006388509650623,1183.6313444655389,1231.952162459493,1232.5415454804895,1183.879692282062,1,,-0.05480953317012427,-0.05480953317012416,-0.05480953317012416,-0.05480953317012427,-0.4770151083786023,-0.9485986649062583,-0.9455245219616162,-0.6768172945497863,-0.027022627028866708,-0.031050939994110127,0.0014619247794690482,-0.056866495482287505,-0.06867077695892676,-0.06902249579080633,-0.057143170418864075,False,False,False
lfm25,28,cap16_chunk-1_polfcfs_mem0.75,16,-1,fcfs,0.75,0,R_medium_balanced,7.07165365351126,1810.3433352988825,7467.66625810789,5657.322922809008,101.22943646274508,104.95816520415246,105.05978572182356,102.1162522956729,4.013904836941876,4.143510787181702,4.007771446520244,1123.8553980365396,1156.6009382950142,1157.2162630269304,1124.097971158335,1,,-0.005103655007781871,-0.00510365500778176,-0.005103655007781982,-0.005103655007781871,-0.04457380793897325,-0.06364790863237846,-0.06269624355048875,-0.05534447544408505,0.001480247271169799,0.00034615821586247986,0.0011172464946207494,-0.003492448476900112,-0.003306508989384227,-0.003690481839698556,-0.0037611936742405483,False,False,False
lfm25,29,cap16_chunk-1_polfcfs_mem0.8,16,-1,fcfs,0.8,0,R_medium_balanced,7.038527527649254,1801.863047078209,7432.685069197612,5630.822022119403,95.20821156911552,99.25264737103134,99.3650757940486,96.23642449150792,4.064338908110763,4.140907169009248,4.057087071408865,1130.8745625428855,1153.8825441384688,1154.2368832277134,1130.7936277007684,1,,-0.009764101228518007,-0.009764101228517896,-0.009764101228518007,-0.009764101228518007,0.017558453539241237,-0.005828089668699299,-0.005093357662449005,0.005421990717648262,-0.011065993439168809,0.0009743011222801412,-0.011174005099168216,-0.009759872728312802,-0.0009484073650838365,-0.0011063709506606845,-0.009740067736738967,False,False,False
lfm25,30,cap16_chunk-1_polfcfs_mem0.85,16,-1,fcfs,0.85,0,R_medium_balanced,6.975006904862817,1785.6017676448812,7365.607291535135,5580.005523890254,103.61055005341768,110.70878768805414,110.80114089418204,105.21302913548423,4.066625542427394,4.139703055661099,4.057515087519207,1140.142418909818,1156.1900664819404,1156.8560542305931,1139.8793764528818,1,,-0.018700686437336467,-0.018700686437336356,-0.018700686437336467,-0.018700686437336356,-0.06914421924872594,-0.12192481892743712,-0.12077095341815935,-0.08734884552334798,-0.011634828432816269,0.0012648027273789442,-0.011280682317804214,-0.018035157870897267,-0.002950093608099058,-0.003378061290567169,-0.017853170194746193,False,False,False
lfm25,31,cap16_chunk-1_polfcfs_mem0.9,16,-1,fcfs,0.9,0,R_medium_balanced,6.992641643134751,1790.1162606424962,7384.229575150297,5594.113314507801,102.87675098516048,111.24358337838204,111.42578723374754,104.26324821310118,4.062024617165911,4.150124430638172,4.053960662841907,1138.3733262773603,1156.5615579020232,1156.7084999289364,1138.023217237787,1,,-0.016219691536952796,-0.016219691536952685,-0.016219691536952796,-0.016219691536952685,-0.06157223906415199,-0.12734444794302102,-0.12708934931096505,-0.07753311074278724,-0.010490278439468703,-0.0012494341281719112,-0.010394790106592389,-0.01645553196846472,-0.003272348024001559,-0.0032500827502899288,-0.01619571627418348,False,False,False
lfm25,32,cap16_chunk2048_pollpm_mem0.75,16,2048,lpm,0.75,0,R_medium_balanced,7.053961958328678,1805.814261332141,7448.983827995084,5643.169566662942,129.5019902754575,133.67336324881762,133.8882772019133,116.35217154980636,4.0298800038940765,4.26417498338018,3.9663795592929874,1128.11325234361,1183.0096173798663,1183.493020455353,1127.7789591695182,1,,-0.007592663058271998,-0.007592663058272109,-0.007592663058271998,-0.007592663058271998,-0.33631473062180706,-0.3546482351602309,-0.3543009654964884,-0.20246893800482524,-0.002493817985211866,-0.028765007047362623,0.011433613792023567,-0.007294294026892301,-0.02621501506296786,-0.026481149554247185,-0.007048125075956646,False,False,False
lfm25,33,cap16_chunk2048_pollpm_mem0.8,16,2048,lpm,0.8,0,R_medium_balanced,6.352989420751358,1626.3652917123477,6708.756828313434,5082.391536601087,145.4381262883544,246.3210909627378,246.4591878466308,148.80757124046795,4.306793783553967,4.528994574302844,4.333672909906097,1253.930070437491,1266.8883403530344,1267.0592146692798,1253.8941632665228,1,,-0.10621104141017568,-0.10621104141017557,-0.10621104141017568,-0.10621104141017557,-0.5007577114434123,-1.496222306715747,-1.4929734180745937,-0.5378869149855647,-0.07138032377588321,-0.09265476986987142,-0.08010927938447909,-0.11963635072669598,-0.09897655790656468,-0.09896076846030644,-0.11966246212918952,False,False,False
lfm25,34,cap16_chunk2048_pollpm_mem0.85,16,2048,lpm,0.85,0,R_medium_balanced,6.666749787207989,1706.6879455252451,7040.087775291637,5333.399829766391,130.53806452080607,135.94896788708866,136.10024503432214,115.45131300226784,4.287075993659742,4.480548174686584,4.22090354818376,1191.9265219476074,1230.9586071642116,1231.0676884138957,1191.7817177891266,1,,-0.06206874357067027,-0.06206874357067016,-0.06206874357067016,-0.06206874357067016,-0.34700585029596964,-0.3777092529444419,-0.37667536774950094,-0.19315880303680277,-0.0664752242557507,-0.08096670340053214,-0.05200304327511818,-0.06427327394913851,-0.06780890622910851,-0.06774417266608368,-0.06419926940571852,False,False,False
lfm25,35,cap16_chunk2048_pollpm_mem0.9,16,2048,lpm,0.9,0,R_medium_balanced,6.763297991278666,1731.4042857673385,7142.042678790272,5410.638393022933,130.70526695810258,134.21357923652977,134.30400628130883,116.11381883267312,4.222589582387431,4.477516628400076,4.158598706628397,1176.9099379889667,1234.1223590774462,1234.6235340228304,1176.5564890229143,1,,-0.04848557617420346,-0.04848557617420335,-0.04848557617420346,-0.04848557617420335,-0.3487311911921207,-0.36012279356568855,-0.35850613046967905,-0.20000562567619307,-0.05043325065304405,-0.08023531954575147,-0.03647440534753055,-0.05086493989589469,-0.07055333845484668,-0.07082827069218989,-0.05060392968227023,False,False,False
lfm25,36,cap16_chunk2048_polfcfs_mem0.75,16,2048,fcfs,0.75,0,R_medium_balanced,6.698361006543049,1714.7804176750203,7073.46922290946,5358.688805234439,126.72724318690598,138.0924981785938,138.45173397567123,115.1876685617026,4.250198577110673,4.407666376609282,4.197587169405511,1185.9868534374982,1222.7500551380217,1222.8761133737862,1185.572396760108,1,,-0.05762142641995216,-0.05762142641995216,-0.05762142641995216,-0.05762142641995216,-0.30768246481419737,-0.39943182695490487,-0.40046104794628734,-0.19043410743177347,-0.0573014071500344,-0.06338340913966078,-0.04619175165168676,-0.05896973355883217,-0.06068830533335379,-0.06063935901826323,-0.058654667735837496,False,False,False
lfm25,37,cap16_chunk2048_polfcfs_mem0.8,16,2048,fcfs,0.8,0,R_medium_balanced,6.823318110595285,1746.769436312393,7205.423924788621,5458.654488476228,124.70659846439958,134.76177584379911,135.07303837686777,112.9775877634529,4.181807484550803,4.403634908536047,4.12983785043288,1166.1496814340353,1219.3460781127214,1220.2653259038923,1166.0862396238372,1,,-0.040041469567759,-0.04004146956775889,-0.040041469567759114,-0.040041469567759,-0.286831686364422,-0.3656782277113526,-0.3662850109757192,-0.167593506564788,-0.04028808481034374,-0.062410786464245804,-0.02930615146551485,-0.04125708801796413,-0.05773548712885823,-0.05837493998323806,-0.04125453994531059,False,False,False
lfm25,38,cap16_chunk2048_polfcfs_mem0.85,16,2048,fcfs,0.85,0,R_medium_balanced,6.812215503129853,1743.9271688012425,7193.699571305125,5449.772402503882,128.0724578537047,132.18242372386158,132.28961653076112,111.7150611244142,4.195945195890232,4.476261883061014,4.142551467977647,1167.95854549855,1231.7504431121051,1232.050373312086,1168.065685458714,1,,-0.04160347247803409,-0.041603472478033865,-0.04160347247803409,-0.04160347247803409,-0.321563565570008,-0.33953902755801857,-0.3381302615656463,-0.15454562746957223,-0.04380505509346433,-0.07993260258347523,-0.032474848450757765,-0.04287222590156814,-0.06849579323937216,-0.06859648654247308,-0.04302208242382077,False,False,False
lfm25,39,cap16_chunk2048_polfcfs_mem0.9,16,2048,fcfs,0.9,0,R_medium_balanced,6.733054664239973,1723.6619940454332,7110.105725437412,5386.443731391979,131.9873109459877,133.13869864214212,133.42153003904969,114.92281616665424,4.247595632777495,4.420432837807811,4.183774553901315,1181.5978572703898,1223.8997872918844,1224.3384469300508,1181.7853274114896,1,,-0.052740447383324396,-0.052740447383324174,-0.052740447383324396,-0.052740447383324285,-0.3619604416667421,-0.34922993454870643,-0.3495797445911235,-0.18769692793645576,-0.05665388523869974,-0.06646341608029127,-0.04274914430941368,-0.055050791212884365,-0.06168565343793464,-0.06190768743585595,-0.05527301120106132,False,False,False
lfm25,40,cap16_chunk8192_pollpm_mem0.75,16,8192,lpm,0.75,0,R_medium_balanced,6.989575600647482,1789.3313537657557,7380.991834283742,5591.660480517986,101.24921682290731,104.6020892681554,104.70103065017612,101.76617017714308,4.079352409633643,4.148009033672803,4.068975080850114,1139.671363402158,1160.9641519607976,1161.4508334780112,1139.3548157939222,1,,-0.01665104672113371,-0.01665104672113349,-0.01665104672113371,-0.01665104672113371,-0.04477791898472283,-0.060039428778515536,-0.05906737961958486,-0.05172646928506097,-0.014800829823491624,-0.0007390783424763292,-0.01413693044629194,-0.017614551585092286,-0.007091427820113294,-0.007363259515076326,-0.017384764729474034,False,False,False
lfm25,41,cap16_chunk8192_pollpm_mem0.8,16,8192,lpm,0.8,0,R_medium_balanced,6.939828696097386,1776.596146200931,7328.45910307884,5551.862956877909,103.3419519662857,121.52187782339752,121.69500603340566,108.0560470581986,4.1363631119476825,4.16466237648445,4.072297092381062,1146.6676185373217,1158.9230376994235,1159.1657080454752,1146.4918056153692,1,,-0.023649835962882393,-0.023649835962882282,-0.023649835962882393,-0.023649835962882393,-0.06637258940977264,-0.2315048662342889,-0.230964111358265,-0.1167306842696203,-0.02898310735373899,-0.004756825363121608,-0.014964896828479457,-0.02386152001894959,-0.005320840268069338,-0.005381297526012352,-0.023757726523039535,False,False,False
lfm25,42,cap16_chunk8192_pollpm_mem0.85,16,8192,lpm,0.85,0,R_medium_balanced,6.846203014613201,1752.6279717409795,7229.590383431541,5476.962411690562,123.7329391296953,133.2172096008435,133.3468209253624,125.0635368633084,4.114615367542879,4.272510316770743,4.055303424327433,1159.1425586957484,1212.081082747318,1213.2612818153575,1159.165910066804,1,,-0.036821839693547465,-0.036821839693547354,-0.036821839693547354,-0.036821839693547354,-0.2767846182938447,-0.35002556599734125,-0.34882405016505014,-0.29249859587515425,-0.02357302583769627,-0.030775970328116298,-0.010729455221073492,-0.035000415882290525,-0.05143338508436934,-0.05230010971109866,-0.035075044532087096,False,False,False
lfm25,43,cap16_chunk8192_pollpm_mem0.9,16,8192,lpm,0.9,0,R_medium_balanced,6.765002892655359,1731.8407405197718,7143.843054644059,5412.002314124286,131.58377492800355,167.96689573675394,168.2108113542199,131.17404305376112,4.101423247187745,4.139794830570188,4.097701092043589,1174.7563173994422,1219.203755259514,1219.5438593626022,1174.5356952014845,1,,-0.04824571712123604,-0.04824571712123604,-0.048245717121236154,-0.048245717121236265,-0.35779640431085524,-0.702179501922189,-0.701478792504115,-0.35564906218476056,-0.020291285664450598,0.0012426613247948914,-0.021296499683474135,-0.048941968308759964,-0.0576120275670744,-0.05774918909846871,-0.04879946559603243,False,False,False
lfm25,44,cap16_chunk8192_polfcfs_mem0.75,16,8192,fcfs,0.75,0,R_medium_balanced,7.007928707927306,1794.0297492293903,7400.372715571235,5606.342966341845,99.40225095488132,105.95359117724,106.0833838302642,100.70417693350464,4.064406061033701,4.145119573884443,4.056589348885395,1135.0649467203766,1161.7983827600256,1162.0257706614211,1135.1344608992804,1,,-0.014068985968924808,-0.014068985968924697,-0.014068985968924808,-0.014068985968924697,-0.025719310764501957,-0.07373557310720491,-0.07305009928388473,-0.04075104982501632,-0.011082698748021702,-4.1973948045948006e-05,-0.011049954501133996,-0.013501474081721643,-0.007815090721596585,-0.007861920825914526,-0.013616206671843711,False,False,False
lfm25,45,cap16_chunk8192_polfcfs_mem0.8,16,8192,fcfs,0.8,0,R_medium_balanced,7.050107240837019,1804.827453654277,7444.913246323893,5640.085792669615,93.14861916936934,96.53113910462709,96.7195852426812,93.89714457211085,4.066163621039367,4.142579836223056,4.059192213782237,1129.135002847761,1151.8645855830982,1152.006506011821,1128.991159086581,1,,-0.008134975299698644,-0.008134975299698533,-0.008134975299698533,-0.008134975299698644,0.0388111281661202,0.02175172339544995,0.02166619502434519,0.029597830350940324,-0.01151991847633016,0.0005707572938237204,-0.01169868332458468,-0.008206616837223901,0.0008020935090193859,0.0008281061682899882,-0.00813055673844687,False,False,False
lfm25,46,cap16_chunk8192_polfcfs_mem0.85,16,8192,fcfs,0.85,0,R_medium_balanced,7.093092880465076,1815.8317773990595,7490.306081771119,5674.47430437206,98.7467970699072,104.27709447685628,104.44084585178643,100.21142355981284,4.00711130898665,4.139532252470506,4.004569401092572,1121.5671068057418,1158.8209328474477,1159.1994609916585,1121.3766208384186,1,,-0.0020874144534640537,-0.0020874144534639427,-0.0020874144534641648,-0.0020874144534641648,-0.018955764660915753,-0.056745925796547914,-0.05643556949377926,-0.03565857395568672,0.003170240464724694,0.0013060103106181664,0.001915312950336312,-0.0014492292388796901,-0.0052322682643686225,-0.005410572530089475,-0.001331168964997076,False,False,False
lfm25,47,cap16_chunk8192_polfcfs_mem0.9,16,8192,fcfs,0.9,0,R_medium_balanced,6.685607401540077,1711.5154947942597,7060.001416026322,5348.485921232062,124.49437705799936,225.14815093018117,225.3006171900779,143.8800726318732,4.200752823631845,4.279869818585176,4.104131200309733,1190.6742446590215,1214.7061366122216,1214.940336486325,1190.4335287108552,1,,-0.05941570476341029,-0.05941570476341018,-0.05941570476341018,-0.05941570476341018,-0.28464180039492715,-1.2816553567178763,-1.278951150647242,-0.4869625193342051,-0.04500102546615126,-0.03255150673680007,-0.02289911708217862,-0.06315511337021484,-0.053710517621532894,-0.05375640724647068,-0.06299540647452773,False,False,False
lfm25,48,cap24_chunk-1_pollpm_mem0.75,24,-1,lpm,0.75,0,R_medium_balanced,7.063005511244937,1808.129410878704,7458.533819874653,5650.40440899595,102.4966104887426,109.44787377957256,109.62277979124336,103.71422584285028,4.014938522824178,4.145815849358984,4.008099658862122,1125.927194720134,1155.855365213938,1156.1857633525506,1125.7796388526913,1,,-0.006320344279246104,-0.006320344279245771,-0.006320344279246104,-0.006320344279245993,-0.057649617149318155,-0.10914669500431762,-0.10885164567319006,-0.0718591096674066,0.0012231022182787044,-0.00020995576076798805,0.0010354440135750265,-0.005342359355469339,-0.002659753223930972,-0.0027966966866896925,-0.005262835715735381,False,False,False
lfm25,49,cap24_chunk-1_pollpm_mem0.8,24,-1,lpm,0.8,0,R_medium_balanced,7.111068552177732,1820.4335493574995,7509.288391099685,5688.854841742186,97.61921525932848,99.44748762063682,99.48774143122137,97.49098913744092,4.012424382837672,4.139793926265601,4.003853428145578,1118.9273151103407,1153.9887411054224,1154.359709052369,1118.4736133145634,1,,0.00044154566844767373,0.0004415456684478958,0.00044154566844767373,0.0004415456684478958,-0.007320389943874739,-0.0078026042155872055,-0.006334139860324273,-0.007543603283385769,0.0018485327004732488,0.0012428794952307198,0.0020937595105435802,0.000907845378117389,-0.0010405291200052957,-0.0012129016960966688,0.0012610662068068823,False,False,True
lfm25,50,cap24_chunk-1_pollpm_mem0.85,24,-1,lpm,0.85,0,R_medium_balanced,6.938556726041167,1776.2705218665387,7327.115902699472,5550.845380832933,107.19138733111322,115.53812585771084,115.68010300397872,109.03756562038323,4.059260162324006,4.153237213818904,4.049610252167993,1142.004317138344,1162.1036358410493,1162.7050063805657,1141.6881799232217,1,,-0.023828786802654323,-0.02382878680265421,-0.023828786802654434,-0.023828786802654434,-0.10609442821436432,-0.17086541763400298,-0.17012242192614302,-0.126874419168431,-0.009802578337621659,-0.002000417008410915,-0.009310509166218006,-0.019697650052207027,-0.008079885944339171,-0.008451043575060657,-0.01946833789106317,False,False,False
lfm25,51,cap24_chunk-1_pollpm_mem0.9,24,-1,lpm,0.9,0,R_medium_balanced,6.9960176289641485,1790.980513014822,7387.794616186141,5596.814103171319,103.78134483471511,113.52150503080338,113.70242421980949,105.57091375812888,4.059829029674623,4.15057760581155,4.050759921608237,1138.646750012413,1156.8720755167303,1157.165087852627,1138.514693768229,1,,-0.01574473106420038,-0.015744731064200268,-0.015744731064200268,-0.015744731064200157,-0.07090662909027046,-0.15042894638974613,-0.15011789021644661,-0.09104748849999011,-0.009944092725567844,-0.0013587661237515203,-0.00959704870356859,-0.01669967249921167,-0.003541710025774636,-0.003646095982883457,-0.016634579328398402,False,False,False
lfm25,52,cap24_chunk-1_polfcfs_mem0.75,24,-1,fcfs,0.75,0,R_medium_balanced,6.67021794699117,1707.5757944297395,7043.750152022675,5336.174357592936,137.82923412509265,154.71214067656547,154.75690478924662,140.05875200382434,4.136100212367726,4.253108624606302,4.128686614978292,1192.8193331696093,1193.8762383069843,1194.0359666477889,1192.873838823289,1,,-0.061580815334758565,-0.061580815334758454,-0.061580815334758676,-0.061580815334758565,-0.4222425113306427,-0.567855578940291,-0.5653904132118428,-0.4474701807196322,-0.028917707092837253,-0.026095162890786172,-0.029019221620298685,-0.06507046664915994,-0.035641387760684706,-0.03562538221151823,-0.06517447685294653,False,False,False
lfm25,53,cap24_chunk-1_polfcfs_mem0.8,24,-1,fcfs,0.8,0,R_medium_balanced,6.998488886627575,1791.6131549766592,7390.404264278719,5598.79110930206,111.77914869040252,131.18358748033643,131.4126425422728,118.58460324583577,4.053639213317165,4.274961823487983,3.993502130284541,1137.0542927179486,1200.3858785610646,1200.9563816245643,1136.9276464683935,1,,-0.015397054928271925,-0.015397054928271814,-0.015397054928271925,-0.015397054928271814,-0.15343495998499979,-0.3294168033420628,-0.32925953184870527,-0.22554052949242975,-0.00840428195531695,-0.031367415176197566,0.0046736803088627266,-0.015277764598685684,-0.04128824850742219,-0.041627678294362536,-0.015217428392293675,False,False,False
lfm25,54,cap24_chunk-1_polfcfs_mem0.85,24,-1,fcfs,0.85,0,R_medium_balanced,7.022146241494519,1797.6694378225968,7415.386431018212,5617.716993195615,98.04801852442324,99.81329832226038,99.88002609461546,97.86794421961532,4.067978579733594,4.14481442558634,4.059775497001943,1133.415333693847,1155.4284325102344,1155.465115350671,1133.1106959551107,1,,-0.01206875053971923,-0.01206875053971912,-0.01206875053971923,-0.01206875053971912,-0.011745156841016735,-0.011509736357049771,-0.010302160881185518,-0.01143933441844025,-0.011971416999636553,3.1645425519366555e-05,-0.011844058767358279,-0.012028531728173641,-0.0022894056421991493,-0.002171655747192913,-0.011809089527078598,False,False,False
lfm25,55,cap24_chunk-1_polfcfs_mem0.9,24,-1,fcfs,0.9,0,R_medium_balanced,6.993053636620591,1790.2217309748712,7384.664640271344,5594.442909296473,96.4700081385672,132.5763383647427,132.64365594368428,110.85680034011602,4.017520305134502,4.184289920764665,4.0220592719931885,1136.283443076536,1188.920360640623,1189.169676718302,1136.4819146983791,1,,-0.01616172902446189,-0.01616172902446178,-0.01616172902446189,-0.01616172902446178,0.004538133625857754,-0.3435309655186136,-0.34171142586745096,-0.14567572912492088,0.000580844681334014,-0.009492121360227257,-0.0024438004963225346,-0.0145894716070607,-0.03134235586836631,-0.031404694134319344,-0.014819413036864182,False,False,False
lfm25,56,cap24_chunk2048_pollpm_mem0.75,24,2048,lpm,0.75,0,R_medium_balanced,6.813767850744696,1744.324569790642,7195.338850386398,5451.014280595757,132.34246685169637,133.82954231929034,134.71961410250515,117.56103482912296,4.095033099692241,4.296369112425429,4.11567180371825,1167.3452763352543,1177.290162188001,1177.5816057110203,1167.0573447772767,1,,-0.04138507589869955,-0.04138507589869955,-0.041385075898699775,-0.041385075898699664,-0.36562525073613417,-0.35623095663175564,-0.36271006889712787,-0.21496222046196123,-0.018701639482910037,-0.03653208825843102,-0.025775456180762157,-0.042324636794174086,-0.021253609247120275,-0.021353991474413414,-0.042121686486813026,False,False,False
lfm25,57,cap24_chunk2048_pollpm_mem0.8,24,2048,lpm,0.8,0,R_medium_balanced,6.776569660721118,1734.8018331446062,7156.057561721501,5421.255728576894,127.48389737680554,130.3447085665539,130.99978028330952,113.69733995525166,4.1617501727944495,4.315285417981738,4.156996343654635,1173.7143597565591,1190.2480507269502,1190.7667541876435,1173.7314075871836,1,,-0.04661841241489173,-0.04661841241489162,-0.04661841241489173,-0.04661841241489173,-0.3154902841210572,-0.32091558954411714,-0.32508336521473025,-0.17503195521744952,-0.03529852407361789,-0.04109579244383488,-0.036075038078038135,-0.0480116025089492,-0.03249407558553741,-0.03278989023461065,-0.04808127846599408,False,False,False
lfm25,58,cap24_chunk2048_pollpm_mem0.85,24,2048,lpm,0.85,0,R_medium_balanced,6.902868728927795,1767.1343946055156,7289.429377747752,5522.294983142237,123.71406145393848,135.0769669516012,135.09952628519386,114.43709649029188,4.132303448540031,4.311591315576258,4.069793176170731,1152.6406274642795,1196.2239226559177,1196.706168469973,1152.2343564138282,1,,-0.02884965739783074,-0.02884965739783063,-0.02884965739783063,-0.02884965739783063,-0.2765898219348075,-0.3688723799907978,-0.3665529403312213,-0.18267714346983333,-0.027973204462005574,-0.04020456183017118,-0.014340829625023144,-0.029194830125711668,-0.03767791298762213,-0.03794133320455639,-0.02888552658325705,False,False,False
lfm25,59,cap24_chunk2048_pollpm_mem0.9,24,2048,lpm,0.9,0,R_medium_balanced,6.760678086347462,1730.7335901049505,7139.27605918292,5408.542469077969,118.63106209784746,132.75463331956416,133.05574285332114,109.03157194843516,4.158492137988409,4.346299955767451,4.1906203222050165,1177.8781472239643,1192.9910980397835,1193.279120628722,1177.6397541107144,1,,-0.04885416518718311,-0.048854165187182885,-0.04885416518718311,-0.04885416518718322,-0.2241389916360792,-0.34533780975456896,-0.345879749721137,-0.12681247615313396,-0.0344880384639521,-0.04857828819226162,-0.044455359342957745,-0.05172945561345332,-0.03487356286789112,-0.03496894558007235,-0.05157122922865698,False,False,False
lfm25,60,cap24_chunk2048_polfcfs_mem0.75,24,2048,fcfs,0.75,0,R_medium_balanced,6.60761972108491,1691.5506485977369,6977.646425465664,5286.095776867927,140.01781796105206,232.62232262641191,232.7037924900651,148.16645896644332,4.2896775346176295,4.476468748066063,4.147033159981719,1205.8410628233105,1239.057985250838,1239.4449768820778,1205.6599147617817,1,,-0.0703876304318487,-0.07038763043184859,-0.07038763043184881,-0.07038763043184881,-0.4448262323450649,-1.3573987453145802,-1.3538354322740216,-0.5312611890964845,-0.06712239705618073,-0.07998251035677417,-0.03359184948465588,-0.07669759180816715,-0.07483480296152645,-0.07501006147855716,-0.07659177959321029,False,False,False
lfm25,61,cap24_chunk2048_polfcfs_mem0.8,24,2048,fcfs,0.8,0,R_medium_balanced,6.7222258325984345,1720.8898131451992,7098.670479223947,5377.780666078747,127.31185741722584,139.02208814397454,139.83009131625295,114.84933333122171,4.247475307726978,4.435372610083397,4.190466291152452,1183.6280215065926,1229.57206715364,1230.0416831159964,1183.418237575097,1,,-0.05426393333845925,-0.054263933338459136,-0.05426393333845925,-0.05426393333845925,-0.3137150254416121,-0.4088523081593891,-0.4144033490660026,-0.18693750225572137,-0.056623952556045465,-0.0700677510314327,-0.044416969189236655,-0.05686352840643849,-0.06660613648241331,-0.06685428562878526,-0.056731115296112966,False,False,False
lfm25,62,cap24_chunk2048_polfcfs_mem0.85,24,2048,fcfs,0.85,0,R_medium_balanced,6.244121904161276,1598.4952074652867,6593.792730794308,4995.297523329021,141.05896279215813,269.4650334306061,269.60229771211743,153.98557743174024,4.373245262632183,4.682844058227013,4.3954100298887,1275.0589391216636,1309.117300901562,1309.2321273870766,1274.815135053359,1,,-0.12152738743768121,-0.1215273874376811,-0.12152738743768121,-0.12152738743768121,-0.4555696747551654,-1.7307634303679569,-1.7270696114863044,-0.5914002402881036,-0.08791113782183801,-0.12977214099801793,-0.09549642039903428,-0.13850235449058768,-0.13560854529596678,-0.135538677394623,-0.13834380499465215,False,False,False
lfm25,63,cap24_chunk2048_polfcfs_mem0.9,24,2048,fcfs,0.9,0,R_medium_balanced,6.545289709989612,1675.5941657573403,6911.82593374903,5236.23176799169,137.14977516792715,239.9740176042542,240.1120113907382,149.00894640595652,4.292841714934683,4.476616666287038,4.15994597646846,1210.1164844352752,1236.9869763497263,1237.424621777609,1209.795170405414,1,,-0.0791567109412209,-0.07915671094122101,-0.07915671094122101,-0.0791567109412209,-0.41523125990985843,-1.4319009526738196,-1.4287707307143807,-0.539968074092096,-0.0679095349371528,-0.08001819676510324,-0.03681019410832076,-0.08051512323539267,-0.0730382829675833,-0.07325774321871226,-0.08028434843284904,False,False,False
lfm25,64,cap24_chunk8192_pollpm_mem0.75,24,8192,lpm,0.75,0,R_medium_balanced,7.081591938564988,1812.887536272637,7478.161087124627,5665.27355085199,101.95108712650836,102.49351942911744,102.58541190996766,100.5661380768288,4.010430606556874,4.135421527020049,4.002592789566181,1122.1064645797014,1155.7496554451063,1156.1790516832843,1121.227299416205,1,,-0.003705458212533652,-0.003705458212533541,-0.003705458212533763,-0.003705458212533652,-0.05202043026731462,-0.038671144613718456,-0.03766756357619916,-0.03932445472859958,0.00234451481259923,0.00229775443779201,0.002407956602909267,-0.0019308227375995912,-0.0025680540945067776,-0.0027908754424028626,-0.001197832678616395,False,False,False
lfm25,65,cap24_chunk8192_pollpm_mem0.8,24,8192,lpm,0.8,0,R_medium_balanced,7.0398743037017,1802.2078217476355,7434.107264708996,5631.89944296136,106.746734585613,116.23706028331073,116.363106505014,108.33204849041068,4.010722970626518,4.137936861290797,4.001172637571489,1128.8924210239202,1156.7287985235453,1156.8655375391245,1128.6310710711405,1,,-0.009574626087659466,-0.009574626087659244,-0.009574626087659466,-0.009574626087659466,-0.1015061125247021,-0.1779484315054296,-0.177031109678504,-0.11958308611703927,0.0022717848126646567,0.0016909107015808944,0.002761910253655908,-0.007990015102883996,-0.0034174227845218397,-0.003386286465768551,-0.00780901681445445,False,False,False
lfm25,66,cap24_chunk8192_pollpm_mem0.85,24,8192,lpm,0.85,0,R_medium_balanced,6.888032727476974,1763.3363782341053,7273.762560215684,5510.426181981579,106.69712186791004,109.67267607338728,109.751238534227,107.13078832486644,4.12120587448133,4.265281421077602,4.112784742085519,1156.1204323079437,1195.930483401753,1196.464413148351,1155.8908975566735,1,,-0.030936903796046633,-0.030936903796046522,-0.030936903796046633,-0.030936903796046522,-0.10099416513801218,-0.1114248454388902,-0.1101510260467744,-0.10716837983103633,-0.02521251447179962,-0.029031943650579706,-0.02505589516993001,-0.03230195395044122,-0.03742336580202976,-0.03773165112265109,-0.03215062819933712,False,False,False
lfm25,67,cap24_chunk8192_pollpm_mem0.9,24,8192,lpm,0.9,0,R_medium_balanced,7.102532500649152,1818.2483201661828,7500.274320685504,5682.026000519321,96.90546290948988,103.15125656779855,103.44075381290168,98.10552137787454,4.019103251288042,4.146801601803185,4.009851437020937,1120.9498322568834,1159.4967618584633,1159.6666026860476,1120.6176378182136,1,,-0.0007593737886629759,-0.0007593737886629759,-0.0007593737886630869,-0.0007593737886629759,4.4730677642101924e-05,-0.04533666444847584,-0.046319481348105374,-0.013894631551110148,0.00018706279909586065,-0.0004477761185530671,0.0005988370328233739,-0.0008980637157183224,-0.005818523750824811,-0.005815739383778773,-0.0006534364880366184,False,False,False
lfm25,68,cap24_chunk8192_polfcfs_mem0.75,24,8192,fcfs,0.75,0,R_medium_balanced,6.813351028774464,1744.2178633662627,7194.898686385834,5450.680823019571,114.00716076605022,121.46641104482114,121.59726652316748,114.00448199128732,4.199049851911909,4.269810563282055,4.130142723328854,1167.2680778428912,1201.5948262996972,1202.3391068913045,1167.190876440145,1,,-0.04144371772068578,-0.04144371772068567,-0.04144371772068578,-0.04144371772068567,-0.17642553603991873,-0.23094276491595322,-0.22997546085167064,-0.1782061869740983,-0.04457738540247935,-0.030124634037358655,-0.02938213690576852,-0.04225570612546381,-0.04233696383786811,-0.04282695990970753,-0.04224092333693896,False,False,False
lfm25,69,cap24_chunk8192_polfcfs_mem0.8,24,8192,fcfs,0.8,0,R_medium_balanced,6.584538746769916,1685.6419191730984,6953.272916589031,5267.630997415932,125.30036945827304,192.458935896866,192.52714642789212,153.55612526764162,4.26697247643389,4.278416043677021,4.138494746681924,1208.9667536783963,1215.1686813449487,1215.5480549437923,1208.8722856715322,1,,-0.0736348450311447,-0.0736348450311447,-0.0736348450311447,-0.07363484503114481,-0.2929587344819169,-0.9503822715092165,-0.9474423432782211,-0.5869619656877323,-0.0614741692071632,-0.032200772360405416,-0.03146376561029429,-0.0794885266337968,-0.05411175725888606,-0.054283500799237494,-0.07946026022535024,False,False,False
lfm25,70,cap24_chunk8192_polfcfs_mem0.85,24,8192,fcfs,0.85,0,R_medium_balanced,7.049712172381367,1804.72631612963,7444.496054034724,5639.769737905093,100.26798001490532,121.13452889025211,121.26312740147114,105.13673594687134,4.02640341325987,4.148111490064219,4.019316803260533,1128.4309329930693,1172.6557492511347,1172.957724914886,1128.2521498796996,1,,-0.008190556664653403,-0.008190556664653292,-0.008190556664653514,-0.008190556664653514,-0.03465265992135014,-0.22757946527239414,-0.22659559112311278,-0.08656037558534524,-0.0016289632959680667,-0.0007637967348141927,-0.0017602773075298117,-0.007577951633837676,-0.01723343555457868,-0.01734355255083475,-0.0074706598409628455,False,False,False
lfm25,71,cap24_chunk8192_polfcfs_mem0.9,24,8192,fcfs,0.9,0,R_medium_balanced,7.037298881332314,1801.5485136210723,7431.387618686923,5629.839105065851,95.1649600174278,100.73667240794748,100.90257122647016,96.58029311685824,4.062345312616112,4.138366692681231,4.055014251407199,1130.9863696806133,1154.7941933386028,1155.1338995806873,1130.608927225694,1,,-0.009936956940902242,-0.00993695694090213,-0.009936956940902353,-0.009936956940902242,0.01800476085482461,-0.020867225726419525,-0.02064536559093111,0.0018681993682433395,-0.010570056300341024,0.0015872105731544739,-0.010657382787139236,-0.009859705516936268,-0.001739227730280568,-0.0018843817722331568,-0.009575139790875209,False,False,False
lfm25,72,cap32_chunk-1_pollpm_mem0.75,32,-1,lpm,0.75,0,R_medium_balanced,7.083805478026913,1813.4542023748895,7480.49858479642,5667.044382421531,98.34492905065416,103.13490824773908,103.21790585294366,99.50841145473532,4.020705236596804,4.146083784928801,4.014636488065269,1123.339481651783,1159.205722506158,1159.6381781389937,1123.240715911379,1,,-0.0033940399180203418,-0.0033940399180203418,-0.0033940399180203418,-0.0033940399180202308,-0.01480893917389925,-0.04517099028289673,-0.04406533921081501,-0.02839312967444063,-0.0002114553619871895,-0.0002745972774611527,-0.000593772133294701,-0.0030317858355557448,-0.005566058387127093,-0.005791085869790047,-0.002995709195088514,False,False,False
lfm25,73,cap32_chunk-1_pollpm_mem0.8,32,-1,lpm,0.8,0,R_medium_balanced,6.757848393789248,1730.0091888100474,7136.287903841445,5406.278715031398,124.4591234717518,201.0653129545972,201.1622722959146,156.55732032610103,4.133057093941698,4.280206889790647,4.004504725647469,1177.9838725924492,1213.1588166812437,1213.1979112746194,1177.7060253662055,1,,-0.049252268788060216,-0.049252268788060216,-0.04925226878806044,-0.04925226878806033,-0.2842780230776083,-1.0375994493300356,-1.0347879985114292,-0.6179785233215209,-0.02816068519478021,-0.03263282775726073,0.0019314324290916618,-0.05182385797969391,-0.05236827752225737,-0.05224514642497846,-0.05163040602305102,False,False,False
lfm25,74,cap32_chunk-1_pollpm_mem0.85,32,-1,lpm,0.85,1,R_medium_balanced,7.107930076440851,1819.6300995688575,7505.974160721538,5686.34406115268,96.90979775041342,98.67754578590392,98.86153861880302,96.7610620718915,4.01985521665683,4.1449455941534215,4.012254123375112,1119.944051140919,1152.789230342023,1152.9612803598866,1119.885863532545,1,,0.0,0.0,0.0,0.0,0.0,0.0,0.0,0.0,0.0,0.0,0.0,0.0,0.0,0.0,0.0,False,False,False
lfm25,75,cap32_chunk-1_pollpm_mem0.9,32,-1,lpm,0.9,0,R_medium_balanced,7.04821953072245,1804.3441998649475,7442.919824442907,5638.57562457796,111.89802130684257,118.89591556973755,118.95319581963122,113.56746361707336,3.9906517940336,4.2742326933269705,3.9818936586836537,1129.3129173573109,1199.0429408615455,1199.4688440812752,1128.950346581405,1,,-0.008400553336379901,-0.00840055333637968,-0.008400553336380012,-0.008400553336379901,-0.1546615915454761,-0.2048933181587278,-0.20323027014882866,-0.1736897175921348,0.007264794637931615,-0.031191506917705336,0.007566934635216849,-0.008365477013648537,-0.040123302076477074,-0.040337489656956826,-0.008094113287819393,False,False,False
lfm25,76,cap32_chunk-1_polfcfs_mem0.75,32,-1,fcfs,0.75,0,R_medium_balanced,6.874201116466711,1759.795485815478,7259.156378988847,5499.360893173369,106.86361021362244,110.29541597235948,110.33052301499993,107.52144450088964,4.125453938967457,4.269098435236397,4.118091574819832,1157.8854196704924,1197.5773010635749,1197.9697945760563,1157.634796079947,1,,-0.03288284457789359,-0.032882844577893366,-0.03288284457789359,-0.03288284457789348,-0.10271213741302598,-0.1177357026254211,-0.11601057960891925,-0.11120570814945574,-0.026269284991425446,-0.029952827669945004,-0.02637855135548839,-0.0338779142501997,-0.03885191632841978,-0.03903731632871543,-0.03370783914382791,False,False,False
lfm25,77,cap32_chunk-1_polfcfs_mem0.8,32,-1,fcfs,0.8,0,R_medium_balanced,6.896805196823555,1765.5821303868302,7283.026287845674,5517.4441574588445,101.8547855783254,131.47077476605773,131.57284064218402,113.4978303743992,4.1362093862000044,4.149936268781769,4.078275969425472,1153.428760357201,1158.9052280178294,1159.15950674098,1153.4582025778946,1,,-0.029702723204476422,-0.02970272320447631,-0.029702723204476422,-0.02970272320447631,-0.051026706718009684,-0.33232716439162124,-0.3308799608057025,-0.17297007643500883,-0.028944865740697434,-0.0012040386333145303,-0.016455050956448947,-0.029898555362805945,-0.005305391059206688,-0.005375918937328805,-0.029978357740358952,False,False,False
lfm25,78,cap32_chunk-1_polfcfs_mem0.85,32,-1,fcfs,0.85,0,R_medium_balanced,6.960451150562292,1781.8754945439466,7350.236414993779,5568.3609204498325,104.41955644637346,110.34345929510891,110.49957000650464,105.79676248016769,4.075392648833347,4.145034953641395,4.067838594532006,1143.4651259332895,1159.0795592637733,1159.5972638810051,1143.095604085829,1,,-0.020748505442867993,-0.020748505442867993,-0.020748505442868215,-0.020748505442868215,-0.07749225434667673,-0.1182225745106793,-0.1177205164950581,-0.09338157534445868,-0.013815779221696856,-2.155866366493342e-05,-0.013853676623587274,-0.021002008777500025,-0.005456616661732694,-0.0057555996321465575,-0.020725094680695166,False,False,False
lfm25,79,cap32_chunk-1_polfcfs_mem0.9,32,-1,fcfs,0.9,0,R_medium_balanced,6.967365520047886,1783.6455731322587,7357.537989170568,5573.8924160383085,104.788682423532,117.64739046338946,117.82197237480432,108.5016697179526,4.110429178485099,4.127379182233091,4.054520444547319,1142.5941530615091,1155.8536038501188,1156.1575973173603,1142.404383077519,1,,-0.01977573708256708,-0.01977573708256697,-0.01977573708256697,-0.01977573708256697,-0.08130121882423347,-0.1922407425762649,-0.19178776722371493,-0.12133607666829938,-0.022531647770039687,0.004238031964788225,-0.010534308115222935,-0.020224315578546648,-0.002658225309050355,-0.0027722673882648596,-0.020107870166288233,False,False,True
lfm25,80,cap32_chunk2048_pollpm_mem0.75,32,2048,lpm,0.75,0,R_medium_balanced,6.751394219402901,1728.3569201671426,7129.472295689463,5401.11537552232,129.1835941374302,140.71868965402246,141.4419618435204,118.9570949645713,4.153745820490169,4.321735238145088,4.154762655368769,1178.4648310858756,1201.0585330426693,1201.3273686170578,1178.421572083607,1,,-0.050160293250447685,-0.050160293250447574,-0.050160293250447685,-0.050160293250447685,-0.33302924096628916,-0.42604569796793745,-0.4307076727674839,-0.22939013294612853,-0.033307319944893665,-0.042651861158572,-0.03551832152490331,-0.05225330665879224,-0.04187175021259093,-0.041949447115929406,-0.05226935213417039,False,False,False
lfm25,81,cap32_chunk2048_pollpm_mem0.8,32,2048,lpm,0.8,0,R_medium_balanced,6.844909773471464,1752.2969020086948,7228.224720785866,5475.927818777172,132.31291458941996,149.7364710085094,150.30432706698775,125.27837936067954,4.112562270579385,4.275095306665582,4.062993697109906,1161.804045084864,1199.6261335443703,1199.945824360475,1161.3417721237056,1,,-0.037003783118402356,-0.037003783118402245,-0.037003783118402356,-0.037003783118402134,-0.36532030466295673,-0.5174320542323343,-0.5203518897934747,-0.29471893629691914,-0.023062286805358267,-0.031399619019304215,-0.012646151558344476,-0.0373768617292094,-0.04062919913681973,-0.04075118982826775,-0.03701797651092131,False,False,False
lfm25,82,cap32_chunk2048_pollpm_mem0.85,32,2048,lpm,0.85,0,R_medium_balanced,6.701585156087275,1715.6057999583425,7076.873924828163,5361.26812486982,143.1131805293262,147.04714599065483,147.4928883370012,125.7940999348648,4.240299905559011,4.485730445195062,4.168380273154517,1188.925350550562,1242.8828572155908,1243.1238271528855,1188.7310695892666,1,,-0.05716782748052074,-0.05716782748052063,-0.05716782748052074,-0.05716782748052074,-0.4767668889156842,-0.4901783867800704,-0.49191374519988207,-0.3000487721125089,-0.05483896235584251,-0.0822169660133365,-0.03891232832681868,-0.06159352276515029,-0.07815273122115962,-0.07820084536130767,-0.06147519876673635,False,False,False
lfm25,83,cap32_chunk2048_pollpm_mem0.9,32,2048,lpm,0.9,0,R_medium_balanced,6.935377705984168,1775.456692731947,7323.758857519281,5548.302164787334,132.5680164154619,141.199336736463,141.66176829021424,120.48369075637312,4.064359463860884,4.2312347069930505,4.027939799319332,1147.548062261194,1178.854581550695,1179.2516661109405,1147.6083395828027,1,,-0.024276036567749237,-0.024276036567749126,-0.024276036567749237,-0.024276036567749237,-0.36795266828318574,-0.43091658403033906,-0.4329310495201093,-0.24516709693467598,-0.011071106994014368,-0.020817912052052634,-0.0039094422890206815,-0.02464766975828292,-0.02261068244100306,-0.022802487992352738,-0.02475473345364909,False,False,False
lfm25,84,cap32_chunk2048_polfcfs_mem0.75,32,2048,fcfs,0.75,0,R_medium_balanced,6.673127944419714,1708.3207537714468,7046.823109307218,5338.502355535771,115.6981997191906,134.36826539691538,135.03618657123295,111.3191734184511,4.253712338486723,4.41703320910022,4.243768462865595,1193.537978688255,1220.316129270941,1220.6898738630116,1193.480131449178,1,,-0.061171413807555974,-0.06117141380755586,-0.061171413807555974,-0.061171413807555974,-0.19387515405992084,-0.3616903858598992,-0.36591224917017096,-0.1504542326720557,-0.058175508625503136,-0.06564322951080137,-0.05770181358695514,-0.06571214648835677,-0.058576968930290185,-0.0587431639352054,-0.06571586472615065,False,False,False
lfm25,85,cap32_chunk2048_polfcfs_mem0.8,32,2048,fcfs,0.8,0,R_medium_balanced,6.607264763500132,1691.459779456034,6977.27159025614,5285.811810800106,132.95380235649645,153.35735154803842,155.55202073883265,122.94705066597088,4.288605837078364,4.48192259954179,4.244958502856795,1205.522771924734,1234.0414476348087,1234.3850092729554,1205.4114688944535,1,,-0.07043756868123496,-0.07043756868123474,-0.07043756868123496,-0.07043756868123485,-0.3719335448301384,-0.5541261218714411,-0.5734331360006504,-0.2706252704690624,-0.06685579602666514,-0.08129829396643617,-0.05799841493736979,-0.07641338930871888,-0.07048315091274637,-0.07062139058794159,-0.07636993031783446,False,False,False
lfm25,86,cap32_chunk2048_polfcfs_mem0.85,32,2048,fcfs,0.85,0,R_medium_balanced,6.786854358342422,1737.43471573566,7166.918202409598,5429.483486673938,132.06122908741236,148.2459066901356,148.86838202364743,120.86671296856366,4.176206401932765,4.4463612979241445,4.120541564828041,1171.761817065999,1238.3624512003737,1238.3980510989204,1171.604811999714,1,,-0.045171479551076366,-0.045171479551076366,-0.045171479551076366,-0.045171479551076255,-0.36272319366025085,-0.5023266489802842,-0.5058270800099942,-0.24912553025474393,-0.038894730493792995,-0.0727188564780874,-0.026989178183418838,-0.04626817372911751,-0.07423145411669196,-0.07410202943880773,-0.04618233888945422,False,False,False
lfm25,87,cap32_chunk2048_polfcfs_mem0.9,32,2048,fcfs,0.9,0,R_medium_balanced,6.832367585072225,1749.0861017784896,7214.98016983627,5465.89406805778,137.29783287271857,141.10511518083513,141.2066764663905,119.48551758541726,4.164275837441286,4.405462684785472,4.0977211015107216,1164.2618880141526,1222.577280481346,1222.911615879275,1164.4043984706514,1,,-0.038768317696592725,-0.038768317696592614,-0.038768317696592725,-0.038768317696592725,-0.41675904872201497,-0.4299617411136707,-0.4283277242008614,-0.23485124105646893,-0.035926821489995264,-0.06285175154036238,-0.021301486772157485,-0.03957147397504879,-0.06053843001171799,-0.06067015147078836,-0.0397527430140765,False,False,False
lfm25,88,cap32_chunk8192_pollpm_mem0.75,32,8192,lpm,0.75,0,R_medium_balanced,6.821907011411408,1746.4081949213205,7203.933804050447,5457.525609129127,114.79303054511549,115.69680389948188,115.89682237245142,114.3008716753684,4.1246758006951385,4.270192471734595,4.11756102671372,1164.4841621164232,1203.6386271938682,1203.7943260744214,1164.2789334873669,1,,-0.040239994197109885,-0.040239994197109774,-0.040239994197109885,-0.040239994197109774,-0.1845348273325209,-0.1724734637250085,-0.1723145723974031,-0.18126929601542785,-0.026075711285314496,-0.03021677238848164,-0.02624631942555622,-0.03976994290931746,-0.044109881939787376,-0.04408911780512503,-0.03964070929048891,False,False,False
lfm25,89,cap32_chunk8192_pollpm_mem0.8,32,8192,lpm,0.8,0,R_medium_balanced,7.126114415938779,1824.2852904803276,7525.17682323135,5700.891532751023,93.64187787286936,94.70951883122324,94.82780313119292,93.3131342753768,4.018731723886495,4.143704171749015,4.011550073867992,1116.2858156021684,1149.5308699086308,1150.064610503614,1116.2584031117149,1,,0.002558317161588386,0.002558317161588608,0.002558317161588164,0.002558317161588386,0.0337212537163728,0.04021205557027052,0.04080186839053401,0.03563342239828837,0.0002794858794118449,0.000299502701834764,0.0001754748043046872,0.003266444904121646,0.0028265014519831544,0.0025123739240995313,0.003239134039417002,True,True,True
lfm25,90,cap32_chunk8192_pollpm_mem0.85,32,8192,lpm,0.85,0,R_medium_balanced,7.067046274535491,1809.1638462810856,7462.8008659094785,5653.637019628392,102.21726959571242,104.529487201944,104.69369594939052,102.23565547494218,4.023454019653738,4.146661261078336,4.012764921507744,1125.8452904876322,1160.8298417413607,1161.006202851422,1125.4907104594167,1,,-0.005751857638677249,-0.005751857638677138,-0.005751857638677138,-0.005751857638677249,-0.05476713364904695,-0.059303678151225725,-0.05899318796843245,-0.05657847574040842,-0.000895256869450467,-0.0004139178394366727,-0.00012730951652728528,-0.005269226923167558,-0.006974918907727945,-0.006977617226680888,-0.005004837644071891,False,False,False
lfm25,91,cap32_chunk8192_pollpm_mem0.9,32,8192,lpm,0.9,0,R_medium_balanced,6.856134286454705,1755.1703773324043,7240.077806496169,5484.907429163764,110.68991711363196,118.09773766435684,118.21059887297451,111.6263891744893,4.122944849123265,4.265533742385314,4.113756903611562,1160.5730820447206,1204.759984044358,1205.1293795462698,1160.6343995954376,1,,-0.035424629572640254,-0.035424629572640254,-0.035424629572640254,-0.03542462957264014,-0.14219531650152217,-0.19680456910215427,-0.1957187853284268,-0.15362922630544462,-0.025645110808784732,-0.02909281810646336,-0.02529819326375704,-0.03627773267995993,-0.04508261556790871,-0.045247052156078826,-0.036386329526793215,False,False,False
lfm25,92,cap32_chunk8192_polfcfs_mem0.75,32,8192,fcfs,0.75,0,R_medium_balanced,7.098298599819861,1817.1644415538844,7495.803321409773,5678.638879855888,104.99428142793477,105.73116736486554,105.89885907247664,104.45040892227551,3.99235230231402,4.275685031989625,3.984916357519836,1120.7114038988948,1194.9214726919308,1195.0272280024365,1120.6040800898336,1,,-0.001355032550603319,-0.001355032550603208,-0.001355032550603319,-0.001355032550603319,-0.08342276906141688,-0.07148152624575332,-0.07118360235934218,-0.07946736720056857,0.006841767392230413,-0.031541894788828184,0.006813567888436678,-0.0006851706182946504,-0.036548088098817155,-0.03648513472145343,-0.0006413301396832605,False,False,False
lfm25,93,cap32_chunk8192_polfcfs_mem0.8,32,8192,fcfs,0.8,0,R_medium_balanced,6.604708543030037,1690.8053870156896,6974.572221439719,5283.76683442403,126.1138131376356,188.84930026251823,188.98673134390265,148.21221469901502,4.235566533444559,4.277327174649519,4.147269831075534,1205.97840892151,1213.5358511004597,1213.7192834634334,1205.7660216232762,1,,-0.0707971980589307,-0.07079719805893059,-0.0707971980589307,-0.07079719805893059,-0.30135255737955147,-0.9138021599387542,-0.9116304882995034,-0.5317340624981604,-0.05366146419749129,-0.03193807433391327,-0.03365083654941747,-0.07682022837921698,-0.052695340275180635,-0.05269734911182944,-0.07668652751793159,False,False,False
lfm25,94,cap32_chunk8192_polfcfs_mem0.85,32,8192,fcfs,0.85,0,R_medium_balanced,6.643716537793617,1700.791433675166,7015.764663910059,5314.973230234894,122.75892891921104,176.5052431728691,176.620503840968,145.66268122871406,4.224388047541473,4.263997693801774,4.12891214181596,1198.7086578737944,1209.6975258318707,1209.819171554409,1198.535277391784,1,,-0.06530924385228043,-0.06530924385228032,-0.06530924385228043,-0.06530924385228032,-0.26673392958027664,-0.7887072663503845,-0.7865441536570985,-0.505385307991862,-0.05088064615788479,-0.028722234573182126,-0.029075431130148433,-0.07032905496719732,-0.04936574179563036,-0.049314657970799036,-0.07022984789820352,False,False,False
lfm25,95,cap32_chunk8192_polfcfs_mem0.9,32,8192,fcfs,0.9,0,R_medium_balanced,7.047250058273725,1804.0960149180737,7441.896061537054,5637.800046618981,111.13913846202196,117.52584867645056,117.72800034377724,112.39544043201022,3.9934219628134193,4.2709952886855485,3.983655978592259,1128.645091317594,1205.5649997200817,1205.9589486103505,1128.2277149730362,1,,-0.008536946412605939,-0.008536946412605717,-0.008536946412605828,-0.008536946412605828,-0.14683077502912067,-0.19100903595070085,-0.19083722536142989,-0.16157716777129516,0.006575673107300228,-0.030410458151712394,0.007127700266102988,-0.007769173975977539,-0.045780935481502194,-0.04596656379815389,-0.0074488407364816656,False,False,False
lfm25,96,cap48_chunk-1_pollpm_mem0.75,48,-1,lpm,0.75,0,R_medium_balanced,7.119072464632967,1822.4825509460395,7517.740522652412,5695.257971706374,99.8361969832331,104.49410288129002,104.5881749363616,101.036401320016,3.992305290611351,4.276408041443895,3.9849306441907424,1117.2833475284278,1193.6661092331633,1194.1880377708003,1117.193715588655,1,,0.0015675995785393582,0.0015675995785395802,0.0015675995785393582,0.0015675995785393582,-0.030197145188110674,-0.05894509281783322,-0.057925826338185216,-0.04418450104390148,0.006853462266830368,-0.031716326379749304,0.006810007129205764,0.002375746904303644,-0.03545910892922932,-0.03575727833465936,0.0024039485018571005,False,False,False
lfm25,97,cap48_chunk-1_pollpm_mem0.8,48,-1,lpm,0.8,0,R_medium_balanced,6.853936844898269,1754.6078322939568,7237.757308212572,5483.149475918615,106.99337930418552,111.04019079357386,111.20848823338748,108.00717683741824,4.131424620601477,4.276055252343855,4.123838667817158,1159.7402824554592,1200.1645343843848,1200.7986303884536,1159.5860371307936,1,,-0.03573378308608288,-0.03573378308608277,-0.03573378308608288,-0.03573378308608277,-0.10405120831788217,-0.12528326387943012,-0.12489133577207068,-0.11622562345554988,-0.02775458267311315,-0.0316312132963501,-0.027810936448905865,-0.03553412447166315,-0.041096241008693246,-0.041490855628417034,-0.03545019621287038,False,False,False
lfm25,98,cap48_chunk-1_pollpm_mem0.85,48,-1,lpm,0.85,0,R_medium_balanced,7.1097707773286585,1820.1013189961368,7507.917940859063,5687.816621862927,98.79890945740044,100.64431896898896,100.7552643539384,98.6773778568022,4.009058909928974,4.132194246859381,4.00090983831415,1118.8789133448154,1153.1772844027728,1153.55959138833,1118.9093866269104,1,,0.00025896440567252377,0.0002589644056727458,0.00025896440567252377,0.00025896440567252377,-0.01949350582541043,-0.019931314337227723,-0.019155333424835108,-0.019804617104005162,0.002685745168910514,0.003076360594943983,0.0028274094093072577,0.0009510633991213213,-0.00033662186506955294,-0.0005189341902762656,0.0008719432376389502,False,False,False
lfm25,99,cap48_chunk-1_pollpm_mem0.9,48,-1,lpm,0.9,0,R_medium_balanced,6.8372648517817085,1750.3398020561174,7220.151683481484,5469.811881425367,118.75299457460642,125.365296844393,125.4830569960177,120.17167592421174,4.096214608380608,4.266373690345563,4.087683605372577,1162.6255770679563,1203.9317545713857,1204.4867027783766,1162.5309952942189,1,,-0.038079331359246016,-0.038079331359245905,-0.03807933135924613,-0.038079331359246016,-0.22539719750988563,-0.27045414279346036,-0.26928084216718196,-0.2419425061180771,-0.018995557702519372,-0.02929546201123112,-0.01879977680327327,-0.038110409072271256,-0.04436415858447007,-0.044689638148478705,-0.03807989113029331,False,False,False
lfm25,100,cap48_chunk-1_polfcfs_mem0.75,48,-1,fcfs,0.75,0,R_medium_balanced,6.876386155317792,1760.3548557613549,7261.463780015588,5501.108924254233,105.2255635149777,108.9072385802865,109.05277412384748,106.10787384212016,4.1270995941743545,4.276219166030049,4.120874260301136,1157.0678483694792,1198.3311217045411,1198.4452818287537,1156.9308102189098,1,,-0.032575435975447875,-0.03257543597544754,-0.032575435975447875,-0.032575435975447875,-0.08580933979432226,-0.10366788830133133,-0.10308594876659272,-0.09659682903525968,-0.026678666702507625,-0.03167075873367131,-0.027072098024202962,-0.03314790340708629,-0.039505826532579835,-0.03944972155064019,-0.033079216277907886,False,False,False
lfm25,101,cap48_chunk-1_polfcfs_mem0.8,48,-1,fcfs,0.8,0,R_medium_balanced,7.040658238462196,1802.4085090463225,7434.93509981608,5632.526590769758,108.40394836850464,116.4783580461517,116.56132128555328,110.20969078526832,4.007345892708091,4.136843688092103,3.9979460193802985,1129.8034337814895,1159.845124813728,1160.175895667635,1129.6859257272445,1,,-0.009464335925535639,-0.009464335925535416,-0.009464335925535527,-0.009464335925535527,-0.1186066928722096,-0.1803937473158217,-0.17903608333467536,-0.13898802292377455,0.0031118842034172367,0.001954647142473065,0.003566101137875588,-0.008803459985814888,-0.006120715119459996,-0.00625746538990124,-0.008750947318672653,False,False,False
lfm25,102,cap48_chunk-1_polfcfs_mem0.85,48,-1,fcfs,0.85,0,R_medium_balanced,6.816039813174164,1744.906192172586,7197.738042711917,5452.831850539331,115.84517592564224,124.9804311664775,125.1078766072169,117.22095526056364,4.1316968607990185,4.277555621229112,4.122912274404228,1168.689724523574,1214.443041360937,1214.8268651915714,1168.5635852336418,1,,-0.0410654381975637,-0.041065438197563586,-0.04106543819756381,-0.04106543819756381,-0.19539178302689253,-0.2665539071841301,-0.2654858335719037,-0.21144758801294317,-0.027822306554414533,-0.031993188828037145,-0.02758004543740844,-0.04352509693050832,-0.05348229268295812,-0.053657989982433874,-0.0434666811022586,False,False,False
lfm25,103,cap48_chunk-1_polfcfs_mem0.9,48,-1,fcfs,0.9,0,R_medium_balanced,7.187598332535362,1840.0251731290527,7590.103839157342,5750.078666028289,93.76945765689015,99.8031550552696,99.88408791832626,95.18945298623294,3.979284245995622,4.136011373324721,3.971450815465776,1108.2950895652175,1153.2059932360426,1153.6201779963449,1107.9094109300058,1,,0.011208362383666515,0.011208362383666737,0.011208362383666515,0.011208362383666515,0.03240477399004649,-0.011406944309375833,-0.010343246866367783,0.016242164482350274,0.010092644753248003,0.0021554494807609625,0.010169671873877295,0.010401378143697904,-0.00036152566579383816,-0.0005714828829748164,0.010694351087494725,True,True,True
lfm25,104,cap48_chunk2048_pollpm_mem0.75,48,2048,lpm,0.75,0,R_medium_balanced,6.905260636865197,1767.7467230374905,7291.955232529648,5524.208509492158,128.06019792333245,138.90990521758795,139.05886169523,117.47904968797228,4.107275785987868,4.270882824636704,4.058733874676275,1152.412415947765,1187.175242928788,1187.4415656086055,1152.4561877304222,1,,-0.028513144810948354,-0.028513144810948243,-0.028513144810948354,-0.028513144810948354,-0.3214370568922804,-0.40771544439273266,-0.4066022402445355,-0.21411492569901447,-0.02174719352299026,-0.03038332533505894,-0.01158444850997209,-0.028991059663890928,-0.029828533856586237,-0.029905848388903644,-0.029083610445030494,False,False,False
lfm25,105,cap48_chunk2048_pollpm_mem0.8,48,2048,lpm,0.8,0,R_medium_balanced,6.355559944542523,1627.0233458028858,6711.4713014369045,5084.447955634018,140.67818457260728,242.45241994503888,242.5954981939867,143.8357318402268,4.326355001688295,4.543553263076818,4.3485510788456185,1252.7216167654842,1263.538598897867,1263.7592695420608,1252.7162569458596,1,,-0.10584939972778429,-0.10584939972778418,-0.10584939972778418,-0.10584939972778418,-0.4516404722556253,-1.457017125973893,-1.4538915900287854,-0.48650426897298593,-0.07624647369423676,-0.09616716549564508,-0.0838174614891074,-0.11855732033158328,-0.09607078695815496,-0.09609862106348421,-0.1186106528698534,False,False,False
lfm25,106,cap48_chunk2048_pollpm_mem0.85,48,2048,lpm,0.85,0,R_medium_balanced,6.754797028030004,1729.228039175681,7133.065661599684,5403.837622424003,116.96995748206972,135.18331293016672,135.3425243869424,110.4565455170814,4.1553344723640695,4.335614484186997,4.183829869212144,1177.5139938108623,1194.699431071058,1194.914471032098,1177.3331621661782,1,,-0.04968155913369232,-0.04968155913369221,-0.04968155913369243,-0.04968155913369243,-0.2069982622739579,-0.36995009202466056,-0.3690109043194767,-0.14153920132681508,-0.03370252121167505,-0.0460003360001926,-0.042762930901470986,-0.05140430239465532,-0.03635547559426833,-0.036387337013708,-0.05129745852173051,False,False,False
lfm25,107,cap48_chunk2048_pollpm_mem0.9,48,2048,lpm,0.9,0,R_medium_balanced,6.794207987077676,1739.317244691885,7174.683634354025,5435.36638966214,130.62639744020998,138.50415800698102,138.90629881061614,118.77677144366316,4.106228447099235,4.302190112260481,4.12728006029319,1171.2254073936492,1185.350808664225,1185.506440210156,1171.2331868184265,1,,-0.044136912714293985,-0.044136912714293874,-0.044136912714293985,-0.044136912714294096,-0.34791734656832185,-0.4036035949605703,-0.4050590426902052,-0.22752653702182846,-0.021486652077543855,-0.03793644923321993,-0.02866865691481113,-0.04578921259547597,-0.02824590780791847,-0.02822745256467818,-0.0458504968746658,False,False,False
lfm25,108,cap48_chunk2048_polfcfs_mem0.75,48,2048,fcfs,0.75,0,R_medium_balanced,6.659248134368358,1704.7675223982997,7032.166029892986,5327.398507494687,121.20141298510134,143.0783442920074,143.23349527549,118.549301114399,4.2398098700990285,4.395401402029629,4.2084944275819565,1191.7123310267923,1225.8039005100727,1226.4844171702862,1191.715380147798,1,,-0.06312413561293229,-0.06312413561293218,-0.06312413561293229,-0.06312413561293218,-0.2506621187802891,-0.44995847994069305,-0.4488293149854701,-0.22517569129531956,-0.054717058597231416,-0.06042438970236019,-0.048910238028932795,-0.06408202250171402,-0.06333739789222936,-0.06376895569940566,-0.06414003333221419,False,False,False
lfm25,109,cap48_chunk2048_polfcfs_mem0.8,48,2048,fcfs,0.8,0,R_medium_balanced,6.912208680496335,1769.525422207062,7299.29236660413,5529.766944397068,124.49581455439328,133.28769674990326,134.1625699074939,111.83538183104248,4.134378203318692,4.427598896619005,4.079859284113399,1152.3425094783306,1224.5454625226555,1224.7748986817896,1152.1994992799591,1,,-0.02753563890466948,-0.027535638904669257,-0.02753563890466959,-0.02753563890466948,-0.2846566337392049,-0.35073988401668776,-0.3570754793206987,-0.15578911016862418,-0.028489331204596846,-0.06819228287683088,-0.01684967069867893,-0.02892864005519402,-0.06224575168814073,-0.06228623592588223,-0.02885440097036729,False,False,False
lfm25,110,cap48_chunk2048_polfcfs_mem0.85,48,2048,fcfs,0.85,0,R_medium_balanced,6.678493720170563,1709.694392363664,7052.489368500114,5342.794976136451,116.9286584481597,132.2497867513448,132.31238783337176,113.00161233521068,4.247245043698771,4.394128464856276,4.228733430785474,1191.4470065385103,1215.8026240067557,1216.03938175831,1191.3286371855063,1,,-0.060416513900952595,-0.060416513900952484,-0.060416513900952595,-0.060416513900952484,-0.2065721027434595,-0.3402216856738718,-0.33836059687024256,-0.16784179416357348,-0.05656667088399603,-0.0601172838201629,-0.053954535469019405,-0.0638451138025593,-0.054661677960017974,-0.054709644177065586,-0.06379469192298193,False,False,False
lfm25,111,cap48_chunk2048_polfcfs_mem0.9,48,2048,fcfs,0.9,0,R_medium_balanced,6.680285064438066,1710.152976496145,7054.381028046598,5344.2280515504535,140.85817406885326,190.51701261196283,190.96529048401865,141.23211905825883,4.164393623268195,4.452769764169466,4.113031064808442,1190.236485330388,1273.6668499419466,1274.2163029732185,1190.0550405844117,1,,-0.060164493376237416,-0.060164493376237305,-0.060164493376237416,-0.060164493376237305,-0.45349776120291563,-0.9307027864811184,-0.9316439249479564,-0.4595966190752043,-0.03595612250223579,-0.07426494824208074,-0.025117287772529195,-0.06276423730083658,-0.1048566523856751,-0.1051683388495781,-0.06265743620562048,False,False,False
lfm25,112,cap48_chunk8192_pollpm_mem0.75,48,8192,lpm,0.75,0,R_medium_balanced,7.033084282389988,1800.469576291837,7426.937002203827,5626.46742591199,108.99959178641438,110.13282695785163,110.27216548100114,108.44338382594287,4.024496917411977,4.143938835819855,4.015124864036254,1132.2401973884553,1164.396216161549,1164.4497217610478,1132.3002241551876,1,,-0.01052990016023625,-0.010529900160236028,-0.01052990016023625,-0.01052990016023625,-0.124753062297557,-0.11608802266730178,-0.11542028398117465,-0.12073370738088474,-0.001154693516302041,0.00024288819013373875,-0.0007154932297077643,-0.010979250467922697,-0.010068610561257962,-0.009964290732794812,-0.011085380239985287,False,False,False
lfm25,113,cap48_chunk8192_pollpm_mem0.8,48,8192,lpm,0.8,0,R_medium_balanced,7.111497171485086,1820.543275900182,7509.741013088251,5689.1977371880685,98.27646496705712,99.50093331281096,99.68872957397252,97.94419311219826,4.008402235294675,4.132039131888864,4.000234607305816,1118.177057011053,1151.113486965187,1151.4480011770502,1118.0040179751811,1,,0.0005018472334241686,0.0005018472334243906,0.0005018472334243906,0.0005018472334243906,-0.014102466916332768,-0.008344223808459006,-0.00836716651112468,-0.012227346568681963,0.002849102951444249,0.0031137832744445593,0.0029957015930948128,0.001577752145802358,0.0014536424636262257,0.0013125151803572432,0.0016803904921416368,False,False,True
lfm25,114,cap48_chunk8192_pollpm_mem0.85,48,8192,lpm,0.85,0,R_medium_balanced,7.093151762217153,1815.8468511275912,7490.368260901314,5674.521409773723,95.65521543845534,103.88869664166124,104.0525296004489,97.57086509489454,4.018374391849719,4.140508045241528,4.01082081028589,1121.9030141364783,1158.3409230224788,1158.728717919439,1120.3301717177965,1,,-0.0020791305013930783,-0.0020791305013929673,-0.0020791305013930783,-0.0020791305013930783,0.012945876898734165,-0.05280989524266966,-0.052507689584537554,-0.008369100190336543,0.00036837764727826183,0.0010705928005791954,0.00035723387531017003,-0.0017491614813824885,-0.004815878336067225,-0.005002282086829624,-0.00039674416806190216,False,False,False
lfm25,115,cap48_chunk8192_pollpm_mem0.9,48,8192,lpm,0.9,0,R_medium_balanced,7.116332652025798,1821.781158918604,7514.847280539242,5693.066121620638,95.67547077313066,101.67366708628832,101.86500302515924,96.81289407308212,4.013505704043543,4.145395414739409,4.00777695741614,1118.7416445463896,1157.8022666508332,1158.2542593823746,1118.7960182141978,1,,0.0011821410023147294,0.0011821410023147294,0.0011821410023147294,0.0011821410023147294,0.012736864650793267,-0.03036274642343617,-0.030380514488421717,-0.0005356700317336038,0.0015795376378175963,-0.000108522675574374,0.001115872978455834,0.001073630949067983,-0.004348614800402606,-0.004590769102702064,0.0009731753510213714,False,False,False
lfm25,116,cap48_chunk8192_polfcfs_mem0.75,48,8192,fcfs,0.75,0,R_medium_balanced,6.914721621563928,1770.1687351203657,7301.946032371508,5531.777297251143,104.78175058960916,122.25052702706309,122.456569573842,109.41420833114536,4.133484182952374,4.163167048154362,4.074824370521431,1148.354047909379,1159.7428284585476,1160.1330518722534,1148.4944228141103,1,,-0.02718209841671204,-0.02718209841671182,-0.02718209841671193,-0.02718209841671193,-0.08122969010284775,-0.23888901019391362,-0.23866744625549763,-0.13076692202750761,-0.028266930068701734,-0.004396065904131996,-0.015594786676593753,-0.02536733575174388,-0.006031976994147925,-0.006220305603088727,-0.02554595982783736,False,False,False
lfm25,117,cap48_chunk8192_polfcfs_mem0.8,48,8192,fcfs,0.8,0,R_medium_balanced,7.16554625056387,1834.3798401443507,7566.816840595447,5732.437000451096,95.88567563332616,100.2766186138615,100.39412926416844,96.89205451286398,3.982433976203788,4.135964684389239,3.974330952555379,1110.4344523046166,1154.0036641526967,1154.2183621320871,1110.3464474144855,1,,0.008105900522852316,0.008105900522852316,0.008105900522852316,0.008105900522852316,0.01056778716765916,-0.016205032413625364,-0.015502395236583144,-0.0013537722526768547,0.009309101556190913,0.0021667135454926933,0.009451836711636852,0.008491137415851058,-0.0010534742854193535,-0.0010903070151742078,0.008518203889071874,False,False,True
lfm25,118,cap48_chunk8192_polfcfs_mem0.85,48,8192,fcfs,0.85,0,R_medium_balanced,7.147340034186487,1829.7190487517407,7547.59107610093,5717.87202734919,97.66185516491532,99.54742074478418,99.6806329349056,97.53792465198784,3.984965829580438,4.139716542946796,3.975232718306977,1111.6961878724396,1153.9220343111083,1154.074602550827,1111.222267820267,1,,0.0055445055482834515,0.0055445055482834515,0.0055445055482832295,0.0055445055482834515,-0.007760385760362309,-0.008815328268982237,-0.008285267734511992,-0.008028669419927859,0.008679264599337544,0.0012615488159847255,0.009227083811180092,0.007364531522871309,-0.0009826635600587164,-0.0009656197566261238,0.007736141685858788,True,False,True
lfm25,119,cap48_chunk8192_polfcfs_mem0.9,48,8192,fcfs,0.9,0,R_medium_balanced,6.903531226790303,1767.3039940583176,7290.12897549056,5522.824981432243,116.04516999796031,134.44719987455755,134.59372252691537,118.27363903285004,4.069111227770062,4.14035983255827,4.058054936753002,1153.100113151595,1159.086529049091,1159.2382468050346,1153.0776479048654,1,,-0.02875645194203935,-0.02875645194203924,-0.02875645194203935,-0.02875645194203935,-0.19745549667567297,-0.36249030925699555,-0.3614366558251829,-0.22232679654730458,-0.012253180390461083,0.0011063502501987843,-0.011415232427840705,-0.02960510569871677,-0.005462662680496777,-0.0054442127000038365,-0.02963854215251982,False,False,False
lfm25,120,cap64_chunk-1_pollpm_mem0.75,64,-1,lpm,0.75,0,R_medium_balanced,6.861829111974583,1756.6282526654932,7246.091542245159,5489.463289579666,110.03786674700676,112.34944604802875,112.64417304191738,109.53213402535766,4.129088499272863,4.267652045136068,4.124589935052139,1159.837327897549,1196.288809995167,1196.8909265240654,1159.4356943969617,1,,-0.03462343633373188,-0.03462343633373177,-0.034623436333731994,-0.03462343633373188,-0.13546689087520392,-0.1385512798604469,-0.13941351323954576,-0.13198565290630548,-0.027173437034102577,-0.029603874935229202,-0.027998179632383158,-0.03562077651646023,-0.03773420024078278,-0.038101579742961134,-0.03531594794817883,False,False,False
lfm25,121,cap64_chunk-1_pollpm_mem0.8,64,-1,lpm,0.8,0,R_medium_balanced,6.755066803536686,1729.2971017053917,7133.350544534741,5404.053442829349,124.4583185762167,137.2336152708158,137.2855716152117,125.08098300895654,4.1325628328337976,4.279148728385859,4.129772843660641,1178.0018790159374,1205.9845147887245,1206.303418544121,1178.17305814242,1,,-0.04964360497491749,-0.049643604974917266,-0.04964360497491738,-0.04964360497491749,-0.28426971746193486,-0.3907278923268438,-0.3886651323986232,-0.2926788971789489,-0.028037730242111092,-0.032377538180895726,-0.02928994940795815,-0.05183993594668701,-0.04614484855216672,-0.046265333531048114,-0.05204744207236889,False,False,False
lfm25,122,cap64_chunk-1_pollpm_mem0.85,64,-1,lpm,0.85,0,R_medium_balanced,7.102673703324202,1818.284468050996,7500.423430710357,5682.138962659361,98.61378045752645,101.216790266335,101.30298864096405,98.83987763896585,4.0166403742178405,4.13921841000225,4.007369452430045,1120.9770401474088,1155.3813487989828,1155.7464329292998,1120.7190880086273,1,,-0.0007395082759847904,-0.0007395082759843463,-0.0007395082759847904,-0.0007395082759847904,-0.017583182987354506,-0.02573274862287689,-0.024695650667292623,-0.02148400939966777,0.0007997408527721239,0.001381727219592288,0.0012174380771670101,-0.0009223576887054108,-0.0022485623466403926,-0.002415651433276045,-0.0007440262469731174,False,False,False
lfm25,123,cap64_chunk-1_pollpm_mem0.9,64,-1,lpm,0.9,0,R_medium_balanced,7.015817534467392,1796.0492888236524,7408.703316397566,5612.6540275739135,100.50553642213345,109.08240836579353,109.7486391896382,100.2794235246256,4.057178129533342,4.1253951494582,4.0532898775050095,1132.2565423324704,1156.867716112174,1157.8202302800491,1132.063891593134,1,,-0.012959123258508676,-0.012959123258508565,-0.012959123258508787,-0.012959123258508787,-0.03710397457417747,-0.10544306201599851,-0.1101247332677513,-0.036361335617833834,-0.009284641079076561,0.004716695129315607,-0.010227605946200091,-0.01099384489699129,-0.0035379284111987097,-0.004214321853589054,-0.010874347518036176,False,False,True
lfm25,124,cap64_chunk-1_polfcfs_mem0.75,64,-1,fcfs,0.75,0,R_medium_balanced,7.016659742669,1796.264894123264,7409.592688258464,5613.3277941352,95.33614804968238,101.19286086410284,101.33954416960478,96.54290525941178,4.071148437466107,4.147125007675998,4.063008809873067,1132.6946001499891,1157.6082862447947,1157.9616846051067,1132.610151777044,1,,-0.012840634726327016,-0.012840634726326905,-0.012840634726327127,-0.012840634726327016,0.016238293106171753,-0.025490247636035468,-0.025065415584483386,0.002254592992350979,-0.012759967223878288,-0.0005258002724211064,-0.012649918209881372,-0.011384987487616627,-0.004180344312673556,-0.004337009690090543,-0.011362129533773802,False,False,False
lfm25,125,cap64_chunk-1_polfcfs_mem0.8,64,-1,fcfs,0.8,0,R_medium_balanced,6.62130150455785,1695.0531851668095,6992.09438881309,5297.041203646279,149.39159201458097,256.3950413605198,256.51941287796944,179.02851194958205,4.1338933083940965,4.2691886251536655,4.01635824202779,1203.4669073764237,1210.35413374193,1210.360253090039,1203.1998636666683,1,,-0.06846276857673739,-0.06846276857673728,-0.06846276857673728,-0.06846276857673739,-0.5415530264476653,-1.5983118988063225,-1.5947341753103221,-0.8502123490187357,-0.028368706232188012,-0.029974586681063453,-0.0010228959897549128,-0.07457770426158117,-0.049935323721603364,-0.04978395520119783,-0.07439508154100571,False,False,False
lfm25,126,cap64_chunk-1_polfcfs_mem0.85,64,-1,fcfs,0.85,0,R_medium_balanced,6.651812294212685,1702.8639473184471,7024.313782688595,5321.449835370147,119.70095569267868,173.11047948896885,173.32735508680344,142.36373474705033,4.225064066293485,4.272533934928623,4.13215955863159,1196.1505899671463,1208.0802025739104,1208.452181937173,1196.0644221981056,1,,-0.06417026860463393,-0.06417026860463393,-0.06417026860463404,-0.06417026860463404,-0.2351790889189842,-0.7543046709386005,-0.7532334364644144,-0.47129156810284867,-0.05104881608331158,-0.030781668390332806,-0.029884805789821778,-0.0680449516639634,-0.04796277652202119,-0.048129024384899965,-0.06802350234626986,False,False,False
lfm25,127,cap64_chunk-1_polfcfs_mem0.9,64,-1,fcfs,0.9,0,R_medium_balanced,6.667910981814788,1706.9852113445857,7041.313996796415,5334.32878545183,113.56053920462728,175.40254583582282,175.5727923475206,139.76188615197316,4.2400524001933775,4.276207949527922,4.1355219251914495,1194.3689570762217,1202.2515556309372,1202.7766399551183,1194.3199770757928,1,,-0.06190537750005465,-0.06190537750005454,-0.06190537750005465,-0.06190537750005454,-0.1718169043866653,-0.7775325119696994,-0.7759463872447503,-0.4444021506102622,-0.054777391639412754,-0.03166805266627648,-0.030722830116414412,-0.0664541285428355,-0.04290665109201197,-0.043206446256098374,-0.06646580331718299,False,False,False
lfm25,128,cap64_chunk2048_pollpm_mem0.75,64,2048,lpm,0.75,0,R_medium_balanced,6.84369344279054,1751.9855213543783,7226.94027558681,5474.954754232432,122.54513381049036,132.22625816706568,132.50427276361734,112.66227322630584,4.115922794695578,4.280000427902182,4.120547725367086,1163.5446504224092,1181.8480681395158,1182.1227920008823,1163.4019431949127,1,,-0.03717490616939512,-0.037174906169395006,-0.03717490616939534,-0.03717490616939523,-0.26452780477469906,-0.33998324658327883,-0.3403015430959073,-0.16433481416936147,-0.02389826818654539,-0.03258301723893786,-0.026990713614340134,-0.038931051276242634,-0.025207416093635082,-0.02529270682177054,-0.038857602439146266,False,False,False
lfm25,129,cap64_chunk2048_pollpm_mem0.8,64,2048,lpm,0.8,0,R_medium_balanced,6.903491321535288,1767.2937783130335,7290.086835541264,5522.79305722823,136.37509453110397,147.35120872501284,147.89844893384725,124.02984654181635,4.065837767705613,4.245480384641127,4.034925234394477,1153.3047349657863,1185.5186829343438,1185.761702246964,1152.935781312408,1,,-0.02876206612993737,-0.02876206612993737,-0.02876206612993737,-0.02876206612993737,-0.4072374279671034,-0.49325976392556314,-0.4960160543740275,-0.2818156796342799,-0.011438857513635714,-0.02425479133658892,-0.005650467373759849,-0.029787812874117803,-0.028391532234049555,-0.028448849450381397,-0.02951186264251149,False,False,False
lfm25,130,cap64_chunk2048_pollpm_mem0.85,64,2048,lpm,0.85,0,R_medium_balanced,6.7951222927629145,1739.551306947306,7175.649141157637,5436.097834210332,136.14552468061447,141.483134473674,142.7246963372454,121.41283170785756,4.071966557781778,4.313044272837978,4.115076976663926,1171.74594826065,1175.0902191270145,1175.357490638271,1170.7574607571587,1,,-0.04400828093606801,-0.0440082809360679,-0.04400828093606801,-0.0440082809360679,-0.4048685255875861,-0.43379259533514736,-0.44368273376335865,-0.25476952307169065,-0.012963487070135615,-0.04055509894307541,-0.025627203593554748,-0.046254004445096086,-0.019345243864201445,-0.019424945711441044,-0.04542569817262021,False,False,False
lfm25,131,cap64_chunk2048_pollpm_mem0.9,64,2048,lpm,0.9,0,R_medium_balanced,6.308863585524619,1615.0690778943024,6662.159946313997,5047.090868419695,157.12311444804072,237.74652113206685,237.88415477611125,150.1061575836502,4.31199710012651,4.55291908891762,4.344750606390995,1257.6087261550128,1262.4153810320422,1263.7076411163434,1258.0175622133538,1,,-0.11241901401995047,-0.11241901401995036,-0.11241901401995047,-0.11241901401995047,-0.6213336328768722,-1.4093274638983666,-1.4062356109321845,-0.5513074615915685,-0.0726747277511759,-0.098426743004699,-0.08287024520176356,-0.12292102884412026,-0.09509643897132336,-0.09605384208729739,-0.12334444355346075,False,False,False
lfm25,132,cap64_chunk2048_polfcfs_mem0.75,64,2048,fcfs,0.75,0,R_medium_balanced,6.323152858806634,1618.7271318544983,6677.249418899806,5058.522287045307,146.3077289517969,249.13201306480917,249.2850411916152,148.90520836343055,4.32417287089515,4.551233984438666,4.350984417696429,1258.333915611729,1271.0695965215564,1271.175060980022,1258.40623487602,1,,-0.11040868567845807,-0.11040868567845796,-0.11040868567845807,-0.11040868567845807,-0.5097310318261679,-1.5247082411771702,-1.5215573687642596,-0.5388959688433039,-0.07570363553824944,-0.09802019859038125,-0.0844239382415728,-0.12356855177705373,-0.10260363565717956,-0.10253057291155177,-0.12369150808505536,False,False,False
lfm25,133,cap64_chunk2048_polfcfs_mem0.8,64,2048,fcfs,0.8,0,R_medium_balanced,6.299862354220075,1612.7647626803391,6652.6546460564,5039.88988337606,142.65084639191628,241.50940019171685,241.67665464337915,145.67154640099034,4.342444687533905,4.627472096962817,4.38347247614087,1263.546468457207,1284.2508089961484,1284.7907826537266,1263.4570278169122,1,,-0.11368537865884565,-0.11368537865884554,-0.11368537865884543,-0.11368537865884554,-0.47199612116936573,-1.4474605470601039,-1.444597343110876,-0.5054769272040374,-0.08024902726356431,-0.11641322952224398,-0.09252114680450219,-0.12822284932001393,-0.11403782685853314,-0.11433992150429417,-0.1282016042523202,False,False,False
lfm25,134,cap64_chunk2048_polfcfs_mem0.85,64,2048,fcfs,0.85,0,R_medium_balanced,6.611284601880644,1692.488858081445,6981.51653958596,5289.027681504515,132.369140163064,152.710618567653,153.135646157898,123.30330268014222,4.274729728771776,4.4765681443809,4.231080092266019,1202.1537199616432,1233.968804241158,1234.582279366441,1202.2287262079772,1,,-0.06987202592303654,-0.06987202592303643,-0.06987202592303654,-0.06987202592303654,-0.3659004892774045,-0.547572118372118,-0.5489911273621659,-0.27430704086867475,-0.06340390346867175,-0.08000649048210473,-0.054539409060867294,-0.07340515692455774,-0.07042013558285043,-0.07079248921618353,-0.07352790615258908,False,False,False
lfm25,135,cap64_chunk2048_polfcfs_mem0.9,64,2048,fcfs,0.9,0,R_medium_balanced,6.3105902395974365,1615.5111013369435,6663.983293014893,5048.472191677949,136.69062545523047,247.217136900872,247.33732445165515,145.90981072979048,4.3422404813635005,4.619911526256772,4.378390013623764,1262.1654220856726,1289.0459191985428,1289.400687161833,1262.3992642038502,1,,-0.1121760946250987,-0.1121760946250987,-0.1121760946250987,-0.1121760946250987,-0.41049335184116975,-1.505302852152885,-1.5018559078405107,-0.5079393260626104,-0.08019822787915909,-0.11458918369720106,-0.09125441185680883,-0.12698971060194353,-0.11819739920374994,-0.11833823834860979,-0.12725707620039395,False,False,False
lfm25,136,cap64_chunk8192_pollpm_mem0.75,64,8192,lpm,0.75,0,R_medium_balanced,7.029467677186826,1799.5437253598277,7423.117867109288,5623.574141749461,99.10048148594797,102.7043922804296,102.83115124329925,99.99927674653009,4.0578510475290175,4.14215848580295,4.0495427724832265,1132.7941834460944,1157.9231991199777,1158.3705577766525,1132.632683729753,1,,-0.011038712875649614,-0.011038712875649281,-0.011038712875649614,-0.011038712875649503,-0.022605389613716387,-0.04080813383079618,-0.04015325555272331,-0.033466092716434304,-0.009452039644300303,0.0006724113229381601,-0.009293690768706009,-0.011473905586698363,-0.004453519032643349,-0.004691638400100784,-0.011382249399058963,False,False,False
lfm25,137,cap64_chunk8192_pollpm_mem0.8,64,8192,lpm,0.8,0,R_medium_balanced,6.982554035967672,1787.533833207724,7373.577061981862,5586.043228774138,103.19940792396665,109.95228576939552,110.01760286744684,104.45941737270914,4.068031815775469,4.147558851971054,4.05877865360155,1139.6197751164436,1166.2917140638456,1166.3080763770267,1139.4479740411043,1,,-0.017638896151881966,-0.017638896151881855,-0.017638896151881855,-0.017638896151881855,-0.06490169538638213,-0.11425841505983425,-0.11284534313854966,-0.07956046715462795,-0.011984660273089531,-0.0006304685449474157,-0.011595609050630395,-0.017568488314644304,-0.011712881562760957,-0.011576100814915558,-0.017467950213116312,False,False,False
lfm25,138,cap64_chunk8192_pollpm_mem0.85,64,8192,lpm,0.85,0,R_medium_balanced,6.852309864884453,1754.19132541042,7236.039217317983,5481.847891907562,108.61560399644075,109.7567129181698,109.88646394107492,108.26858563814312,4.1317786318341305,4.274842584067407,4.123204282608212,1159.9604366347194,1197.7338475408033,1197.747603082098,1159.6856777032372,1,,-0.03596267954346477,-0.03596267954346466,-0.03596267954346477,-0.03596267954346477,-0.12079074064497664,-0.11227647631512672,-0.11151885228878089,-0.11892721431376763,-0.027842648340549836,-0.031338647749010295,-0.027652824527417463,-0.035730700522972114,-0.03898771433304038,-0.038844602576967535,-0.035539170076804405,False,False,False
lfm25,139,cap64_chunk8192_pollpm_mem0.9,64,8192,lpm,0.9,0,R_medium_balanced,6.854049109823723,1754.6365721148732,7237.875859973852,5483.239287858979,109.06489798799156,110.63222808297724,110.94371050130576,108.83601839304902,4.131396585052797,4.276299802586436,4.124831496144408,1160.9217119403183,1198.4155884711072,1198.6336964881048,1160.668049909873,1,,-0.035717988765620046,-0.035717988765619935,-0.035717988765620046,-0.035717988765619935,-0.12542694876820426,-0.12114896253105889,-0.12221306740015425,-0.12479148184820521,-0.027747608404844915,-0.03169021292301011,-0.028058385463031188,-0.03658902492285576,-0.03957909818046024,-0.039613139579120826,-0.03641637751251303,False,False,False
lfm25,140,cap64_chunk8192_polfcfs_mem0.75,64,8192,fcfs,0.75,0,R_medium_balanced,6.822993519316521,1746.686340945029,7205.081156398246,5458.394815453217,111.17388145066798,116.70004879124464,116.83994666673244,111.16972746094687,4.187276338537535,4.278248787273233,4.133914861207207,1165.491265011951,1200.921985320747,1200.930323638022,1165.318017068785,1,,-0.04008713564427835,-0.04008713564427835,-0.04008713564427824,-0.04008713564427813,-0.14718928355408423,-0.18264036526043426,-0.18185442285347975,-0.14890974820377667,-0.04164854524784167,-0.032160420466758266,-0.0303222911837282,-0.04066918684431764,-0.041753300353476686,-0.04160507737359764,-0.04056855704288442,False,False,False
lfm25,141,cap64_chunk8192_polfcfs_mem0.8,64,8192,fcfs,0.8,0,R_medium_balanced,7.045886838361898,1803.747030620646,7440.456501310165,5636.709470689519,98.1864221394062,103.11051330063492,103.20610080379991,99.30043856729752,4.052669666342291,4.1381793617106535,4.04327235335265,1130.553010618314,1157.1889269398523,1157.6209796825424,1130.334888672223,1,,-0.008728735006073518,-0.008728735006073407,-0.008728735006073518,-0.008728735006073518,-0.013173326316093137,-0.04492377145606152,-0.04394592928346941,-0.026243784855516594,-0.00816309242917268,0.001632405610416665,-0.007730873724280718,-0.00947275845305584,-0.003816566360985041,-0.004041505471199525,-0.00933043757398444,False,False,False
lfm25,142,cap64_chunk8192_polfcfs_mem0.85,64,8192,fcfs,0.85,0,R_medium_balanced,6.773819673747662,1734.0978364794014,7153.1535754775305,5419.055738998129,111.05076922103764,135.58455859310925,135.6588999275118,120.03490663482808,4.200286156150932,4.26997930158441,4.129631176942448,1173.6376569606364,1198.9642271073535,1199.0820568287745,1173.0908567551523,1,,-0.04700530240169265,-0.04700530240169254,-0.04700530240169276,-0.04700530240169276,-0.1459189039589539,-0.37401632269291296,-0.3722110926332487,-0.2405290316640445,-0.04488493484702172,-0.03016534345043098,-0.02925464089712193,-0.04794311444845656,-0.040055020943967845,-0.0400020167671995,-0.047509299791300696,False,False,False
lfm25,143,cap64_chunk8192_polfcfs_mem0.9,64,8192,fcfs,0.9,0,R_medium_balanced,6.349041281276295,1625.3545680067316,6704.587593027768,5079.233025021036,195.0381223578006,202.12723303120583,202.19551061745733,190.3850990056526,4.254744033895287,4.290473698090543,4.164581228956106,1252.7092243544755,1288.096972275525,1288.290899340063,1252.3533123894597,1,,-0.10676649699747087,-0.10676649699747076,-0.10676649699747087,-0.10676649699747087,-1.012573825198893,-1.0483609662298643,-1.0452393665153887,-0.9675796743963014,-0.05843215851783978,-0.03510977421329575,-0.037965468012992165,-0.11854625512614203,-0.11737422450880919,-0.11737568406281129,-0.11828656220292122,False,False,False
lfm25,144,cap96_chunk-1_pollpm_mem0.75,96,-1,lpm,0.75,0,R_medium_balanced,6.978248363705077,1786.4315811084998,7369.030272072561,5582.5986909640615,101.27108823508024,107.64621128328145,107.7852396760136,101.68886158498935,4.121988761585717,4.138829196145868,4.067974359335779,1139.166503213346,1155.6656769244,1155.708908266388,1139.0223232156131,1,,-0.01824465228851946,-0.018244652288519347,-0.01824465228851957,-0.01824465228851957,-0.04500360733286346,-0.09088861529690284,-0.09026463862371381,-0.05092750541986191,-0.02540726952196759,0.0014756280555723311,-0.013887514162187475,-0.01716376104042383,-0.0024952059809957294,-0.0023831050992830782,-0.017087866099768867,False,False,False
lfm25,145,cap96_chunk-1_pollpm_mem0.8,96,-1,lpm,0.8,0,R_medium_balanced,6.81669437925328,1745.0737610888395,7198.429264491463,5453.355503402623,105.96894123591484,115.1877010706812,115.32847066409886,107.88187480648048,4.184404887514664,4.270752125839685,4.132965953755832,1161.7182032205164,1193.9381301635876,1194.0966188209131,1161.7881930142175,1,,-0.04097334864799351,-0.04097334864799351,-0.040973348647993624,-0.040973348647993735,-0.09348016088974642,-0.16731420662405405,-0.16656560554646171,-0.11493066008645547,-0.04093422822195181,-0.03035179324517978,-0.03008578885306923,-0.03730021337855294,-0.03569507654869053,-0.035677987770921904,-0.037416607215218,False,False,False
lfm25,146,cap96_chunk-1_pollpm_mem0.85,96,-1,lpm,0.85,0,R_medium_balanced,6.917511561054221,1770.8829596298806,7304.892208473257,5534.009248843377,113.91404550522566,154.3479422107339,154.42976634949446,129.80252839042805,4.003012474334123,4.321515234187245,4.003346055933256,1150.8511579595506,1246.5224398765713,1246.8632441479713,1150.6557726534083,1,,-0.026789587592845,-0.026789587592844888,-0.02678958759284511,-0.026789587592845,-0.1754646913886444,-0.5641647852249532,-0.5620813564813627,-0.34147482066688584,0.004189887798176528,-0.04259878351187063,0.0022202151628329947,-0.027597009678425932,-0.08130992818759974,-0.08144416069095928,-0.027475933148940035,False,False,False
lfm25,147,cap96_chunk-1_pollpm_mem0.9,96,-1,lpm,0.9,0,R_medium_balanced,7.086828013696246,1814.2279715062389,7483.690382463235,5669.462410956997,108.6207355838269,120.71600602939724,120.90879874303936,108.202229894232,3.990001357434427,4.096266279624056,3.986029534104728,1122.9951945133507,1161.1165199428797,1161.4661112427711,1122.84795960295,1,,-0.002968805618185133,-0.002968805618185022,-0.002968805618185133,-0.002968805618185133,-0.12084369284903929,-0.22333814717391887,-0.2230115010575311,-0.118241445240028,0.007426600614544365,0.01174425898328535,0.006536123701039287,-0.0027243712481201943,-0.007223601142062996,-0.007376510406515768,-0.002644998179601288,False,False,True
lfm25,148,cap96_chunk-1_polfcfs_mem0.75,96,-1,fcfs,0.75,0,R_medium_balanced,7.102212851654206,1818.1664900234769,7499.936771346841,5681.7702813233645,95.92905989848076,101.20124672539532,101.35731720365584,96.96476452518256,4.009389819796471,4.141797502433844,4.003506494736226,1117.793979588896,1156.3834099797532,1156.7676819628105,1117.85892068292,1,,-0.0008043445454809506,-0.0008043445454807285,-0.0008043445454809506,-0.0008043445454808396,0.010120110398522342,-0.025575230103178415,-0.025245192617082468,-0.002105211010806407,0.0026034263166976324,0.000759501336764834,0.0021802279641071065,0.001919802645348856,-0.0031178116026151503,-0.0033014132111495176,0.0018099548495338347,False,False,False
lfm25,149,cap96_chunk-1_polfcfs_mem0.8,96,-1,fcfs,0.8,0,R_medium_balanced,7.065002761214712,1808.640706870966,7460.642915842735,5652.002208971769,95.3703022096306,114.79776666965336,114.81331314425915,102.63764765113592,4.057098461278514,4.148768135529084,4.008500958683298,1124.887268524617,1152.0568181294948,1152.4079410824925,1124.805392115377,1,,-0.006039355306606153,-0.006039355306606264,-0.006039355306606264,-0.006039355306606264,0.015885860630394877,-0.16336260448476025,-0.16135470627221427,-0.060732958624185374,-0.009264822391453542,-0.0009222175029401924,0.000935425468179818,-0.004413807438560902,0.0006353392218202414,0.0004799287598117319,-0.004392883902752276,False,False,False
lfm25,150,cap96_chunk-1_polfcfs_mem0.85,96,-1,fcfs,0.85,0,R_medium_balanced,6.466130625625409,1655.3294401601047,6828.233940660432,5172.904500500327,144.81758954934776,228.07858185842636,228.29733164981008,165.45152658363804,4.257372009805312,4.27906157302798,4.174457414888357,1230.2423401270062,1241.3410671288148,1241.7067050235346,1229.938167380169,1,,-0.09029343900591791,-0.0902934390059178,-0.09029343900591791,-0.09029343900591791,-0.49435447097226004,-1.3113523957443962,-1.3092633883647542,-0.7098977940187441,-0.05908590741385367,-0.03235651128056638,-0.04042697359777381,-0.09848553494589574,-0.07681528804751148,-0.076971730252682,-0.09827100013610068,False,False,False
lfm25,151,cap96_chunk-1_polfcfs_mem0.9,96,-1,fcfs,0.9,0,R_medium_balanced,6.665892431980113,1706.468462586909,7039.182408171,5332.713945584091,135.88296039961278,225.5954067222774,225.6268366239965,169.3029818998184,4.146933286249929,4.28931875674821,4.013574090284094,1193.21324583143,1216.927222441882,1217.7129621617496,1192.7643749222625,1,,-0.06218936310668921,-0.0621893631066891,-0.06218936310668921,-0.06218936310668921,-0.402159157834308,-1.2861878548514092,-1.2822509114892866,-0.7497015666697595,-0.03161259864945731,-0.03483113573274177,-0.00032898387499735726,-0.06542219195313326,-0.055637223537237324,-0.05616119370604644,-0.06507673126601587,False,False,False
lfm25,152,cap96_chunk2048_pollpm_mem0.75,96,2048,lpm,0.75,0,R_medium_balanced,6.894689282200955,1765.0404562434444,7280.791882004208,5515.751425760764,130.95228257589042,133.72208608780056,133.81468516308814,115.25729583809152,4.140696622540846,4.482172552824897,4.075764680358891,1154.8884538933637,1233.137381146662,1233.4819530835375,1154.577289329609,1,,-0.030000406862003337,-0.030000406862003226,-0.030000406862003337,-0.030000406862003337,-0.35128011424759964,-0.35514199327505724,-0.3535565704582022,-0.19115368692891876,-0.030061133889422775,-0.08135859711817339,-0.01582914616842701,-0.03120191827158303,-0.06969890825645564,-0.06983814122406362,-0.030977644174946528,False,False,False
lfm25,153,cap96_chunk2048_pollpm_mem0.8,96,2048,lpm,0.8,0,R_medium_balanced,6.856855204574139,1755.3549323709797,7240.839096030291,5485.484163659312,120.50879397429526,149.4932232890278,149.55596295185387,118.52367807296103,4.124682573784216,4.50238922163479,4.073393110793047,1157.2879799641669,1250.182551331818,1250.5936400964856,1157.238921325188,1,,-0.03532320509157738,-0.03532320509157727,-0.03532320509157738,-0.03532320509157727,-0.24351507042311593,-0.5149669775267447,-0.5127820691575702,-0.2249108839349072,-0.026077396194026825,-0.0862360239385418,-0.015238064573662724,-0.03334445929259089,-0.08448493308781102,-0.08467965177991399,-0.03335434351748767,False,False,False
lfm25,154,cap96_chunk2048_pollpm_mem0.85,96,2048,lpm,0.85,0,R_medium_balanced,6.347640625763195,1624.996000195378,6703.108500805934,5078.112500610557,149.62228131480515,238.9120787847787,239.0485277865082,147.06309427856468,4.319820875375002,4.546816998124853,4.343996773697619,1254.92249452509,1259.0761536266657,1259.512613294646,1254.7822715714574,1,,-0.10696355232835308,-0.10696355232835297,-0.10696355232835297,-0.10696355232835297,-0.5439334802880327,-1.4211392458334458,-1.4180134269227551,-0.5198582066957862,-0.07462101059640713,-0.09695456667471913,-0.0826823626125266,-0.1205224879284501,-0.09219978855380884,-0.09241536099243541,-0.12045549678910827,False,False,False
lfm25,155,cap96_chunk2048_pollpm_mem0.9,96,2048,lpm,0.9,0,R_medium_balanced,6.789515401256013,1738.115942721539,7169.728263726351,5431.612321004811,125.98015763796866,127.29474168736488,127.68683845642954,111.78171672509052,4.158417926188193,4.306451991821328,4.150898255722816,1170.582732884213,1187.559454003349,1187.5851534772664,1170.2607719344087,1,,-0.04479710292033112,-0.04479710292033112,-0.04479710292033101,-0.04479710292033101,-0.2999733831085334,-0.2900071710696004,-0.29157243798089216,-0.15523449548372037,-0.03446957715223409,-0.03896466045192892,-0.034555172250923194,-0.04521536740313681,-0.030161822080008394,-0.03003038671565128,-0.044982180811678596,False,False,False
lfm25,156,cap96_chunk2048_polfcfs_mem0.75,96,2048,fcfs,0.75,0,R_medium_balanced,6.610297214217527,1692.236086839687,6980.47385821371,5288.237771374023,129.4119532685727,149.39261716790497,150.41615539230406,120.38274717633612,4.278155801562118,4.47089316359922,4.234927495160853,1200.2875295002011,1231.0485917842016,1231.5148398978636,1200.2892584423537,1,,-0.0700109394537689,-0.0700109394537688,-0.0700109394537688,-0.07001093945376857,-0.33538565008531984,-0.513947433310058,-0.5214830508787527,-0.24412387171705685,-0.06425619107747549,-0.07863735772685598,-0.05549832212482775,-0.07173883220097799,-0.0678869644010811,-0.06813200137428477,-0.07179606201670041,False,False,False
lfm25,157,cap96_chunk2048_polfcfs_mem0.8,96,2048,fcfs,0.8,0,R_medium_balanced,6.871213292065771,1759.0306027688373,7256.001236421453,5496.970633652617,128.26004065573215,139.8191535845399,139.90583810955286,117.75960607337764,4.136964467847172,4.475141102539411,4.078608593908047,1157.861051382497,1238.0737074417991,1238.28608894255,1157.8047975199297,1,,-0.033303195421079734,-0.03330319542107962,-0.033303195421079956,-0.03330319542107962,-0.32349920888350003,-0.4169297834777834,-0.4151695397844375,-0.21701440178369102,-0.029132703761340473,-0.07966220566362603,-0.016537953103807235,-0.03385615576327283,-0.07398098009162779,-0.07400492109850387,-0.03385964161363186,False,False,False
lfm25,158,cap96_chunk2048_polfcfs_mem0.85,96,2048,fcfs,0.85,0,R_medium_balanced,6.343561047917518,1623.9516282668849,6698.800466600899,5074.848838334015,142.5138625781983,220.47774493694305,220.6097275018692,139.19389754300937,4.3311640035872365,4.581945337464704,4.373611537305931,1254.5192611869425,1262.7448763232678,1263.2205632980913,1254.4648395560216,1,,-0.10753749970850512,-0.10753749970850479,-0.10753749970850512,-0.1075374997085049,-0.4705826024447599,-1.234325379507344,-1.2315020642406855,-0.4385321384710632,-0.07744278590941667,-0.10542954868398868,-0.09006344135222522,-0.12016244017629973,-0.09538226337230937,-0.09563138399911253,-0.12017204646102364,False,False,False
lfm25,159,cap96_chunk2048_polfcfs_mem0.9,96,2048,fcfs,0.9,0,R_medium_balanced,6.698168791001356,1714.731210496347,7073.266243297432,5358.5350328010845,123.15550306811927,143.8962696120143,144.52134612947702,116.34876867174172,4.252722596420961,4.411876686921745,4.205722229295026,1189.019665820524,1229.3257192941385,1229.6499639982358,1188.8079371419735,1,,-0.057648468827464106,-0.057648468827463994,-0.057648468827463994,-0.057648468827464106,-0.2708261282858151,-0.4582473496475008,-0.4618561287694718,-0.20243377015949826,-0.057929295263971836,-0.06439917888061975,-0.04821930515138173,-0.06167773703448454,-0.06639243925744132,-0.0665145351753802,-0.06154383750503123,False,False,False
lfm25,160,cap96_chunk8192_pollpm_mem0.75,96,8192,lpm,0.75,0,R_medium_balanced,7.074932003568845,1811.1825929136244,7471.128195768701,5659.945602855076,94.8060154914856,95.71175137534738,95.89069606736302,94.40093825105578,4.052541227828638,4.139768685141177,4.043482680343931,1125.5962715949863,1149.5353555073962,1149.7234183130786,1125.4890217387583,1,,-0.004642430710084966,-0.004642430710084855,-0.004642430710084966,-0.004642430710084966,0.02170866421933948,0.030055413183778246,0.03005053929916235,0.024391255845065074,-0.008131141399413844,0.0012489691106071232,-0.007783294878279001,-0.005046877518845028,0.002822610368819589,0.002808300766004357,-0.005003329704099224,False,False,True
lfm25,161,cap96_chunk8192_pollpm_mem0.8,96,8192,lpm,0.8,0,R_medium_balanced,6.837727123574551,1750.458143635085,7220.639842494726,5470.18169885964,122.12871783412992,145.95484582241625,146.14203132223338,123.01419535651804,4.064555888009422,4.133145862678979,4.060104702754567,1158.718441380188,1162.4918753514066,1162.7178416820243,1158.3408945589326,1,,-0.038014295295600076,-0.038014295295599965,-0.038014295295600076,-0.03801429529560019,-0.26023086075018576,-0.4791089974925773,-0.47824961419766754,-0.2713191930977463,-0.011119970482361685,0.002846775960361647,-0.011926108842578165,-0.03462172079022019,-0.00841666867975932,-0.008462176040371805,-0.034338348468017754,False,False,False
lfm25,162,cap96_chunk8192_pollpm_mem0.85,96,8192,lpm,0.85,0,R_medium_balanced,7.066064562830266,1808.912528084548,7461.764178348761,5652.851650264213,103.1605270691216,112.6381092472002,112.82694877590984,105.38465494755656,4.016705209791076,4.144436719042121,4.006146554556657,1127.1672232542187,1155.8768986724317,1156.2196101062,1126.952026359504,1,,-0.00588997263061819,-0.005889972630618079,-0.005889972630618301,-0.005889972630618079,-0.06450048874115533,-0.14147659784309874,-0.14126231851352822,-0.08912255292586502,0.0007836120198313479,0.00012277003394656205,0.001522228809704096,-0.006449583000098125,-0.00267843266500023,-0.0028260530529666816,-0.006309716960503087,False,False,False
lfm25,163,cap96_chunk8192_pollpm_mem0.9,96,8192,lpm,0.9,0,R_medium_balanced,6.304689792845783,1614.0005869685203,6657.752421245146,5043.751834276626,154.95349490083754,299.39637635834515,299.5069599244744,175.99924441310577,4.275176811086781,4.420772664175899,4.2643814628450745,1263.472476042807,1312.9336225101724,1313.2447568001226,1263.4165174385998,1,,-0.11300621629036534,-0.11300621629036522,-0.11300621629036545,-0.11300621629036534,-0.5989456019701218,-2.0340881907210333,-2.0295599695179085,-0.8189056697449426,-0.06351512198051079,-0.06654540180492119,-0.06283932465819797,-0.12815678136391861,-0.1389190564528746,-0.13901895854664348,-0.12816543058531393,False,False,False
lfm25,164,cap96_chunk8192_polfcfs_mem0.75,96,8192,fcfs,0.75,0,R_medium_balanced,7.078251764206503,1812.0324516368648,7474.633863002067,5662.601411365203,98.02808240056038,104.21191179193556,104.32627615518868,99.20775759383103,4.021144763329158,4.14118077103779,4.011980569054026,1122.3361901938915,1159.1400699689984,1159.4604117795825,1122.2628027026076,1,,-0.004175380443417143,-0.004175380443417032,-0.004175380443417143,-0.004175380443417032,-0.011539438489254206,-0.05608536331091263,-0.05527667900716127,-0.025285951492778125,-0.0003207943079601705,0.0009082925288431687,6.817970962835762e-05,-0.0021359451398803575,-0.005509107354421783,-0.005636903450623398,-0.0021224834132336223,False,False,False
lfm25,165,cap96_chunk8192_polfcfs_mem0.8,96,8192,fcfs,0.8,0,R_medium_balanced,7.039080860076677,1802.0047001796293,7433.26938824097,5631.264688061341,93.46305788494648,101.12442402169108,101.27297034487128,94.7721624688711,4.069310948983127,4.144733280911312,4.063428058996614,1130.9281783178449,1156.9938715547323,1157.2039254009724,1130.9463175130077,1,,-0.009686254032291841,-0.00968625403229173,-0.009686254032291952,-0.009686254032291841,0.03556647465454266,-0.02479670746064211,-0.02439201088470222,0.02055475167834231,-0.012302864073653774,5.122220238751307e-05,-0.012754410375794833,-0.009807746347449964,-0.003647363370545831,-0.003679781024182871,-0.00987641182073129,False,False,False
lfm25,166,cap96_chunk8192_polfcfs_mem0.85,96,8192,fcfs,0.85,0,R_medium_balanced,7.098894173632764,1817.3169084499875,7496.432247356198,5679.115338906211,96.50078392587602,101.199783035554,101.28726803231984,97.68999082734808,4.018093485786927,4.141991793671076,4.0112311336641,1120.8493451122197,1156.134733115323,1156.6299876431003,1120.5539299116936,1,,-0.0012712425011096595,-0.0012712425011094375,-0.0012712425011096595,-0.0012712425011095485,0.004220562151938334,-0.025560397044353644,-0.024536634240238886,-0.009600233147155857,0.00043825729409441294,0.0007126270816465441,0.0002549663305354555,-0.0008083385686796785,-0.0029020940560897657,-0.003181986546910487,-0.0005965486313410651,False,False,False
lfm25,167,cap96_chunk8192_polfcfs_mem0.9,96,8192,fcfs,0.9,0,R_medium_balanced,6.556653744773847,1678.5033586621048,6923.826354481183,5245.322995819078,162.56222617812455,235.97489355597645,236.13118280190972,189.2941115074791,4.125321254718537,4.269649439454809,4.019361560680338,1214.3937796354294,1249.4062419282272,1249.9856094131246,1214.2313094809651,1,,-0.07755792836147934,-0.07755792836147923,-0.07755792836147912,-0.07755792836147923,-0.6774591419207772,-1.3913737586052273,-1.3885040239197592,-0.9563046069795866,-0.026236277770576022,-0.030085761674962797,-0.0017714324882409649,-0.08433432759278614,-0.08381151475325521,-0.08415228742369618,-0.08424559057368475,False,False,False
lfm25,168,cap128_chunk-1_pollpm_mem0.75,128,-1,lpm,0.75,0,R_medium_balanced,7.089927538304744,1815.0214498060143,7486.96348044981,5671.942030643796,98.15837326459588,104.41703186370432,104.51013301499188,99.37768807867542,4.009713358519708,4.129906835071012,4.001907342656826,1119.768087286502,1156.3411116367206,1156.6832651151344,1119.864060456166,1,,-0.0025327399035305342,-0.0025327399035305342,-0.0025327399035305342,-0.002532739903530312,-0.012883893508869981,-0.05816405375801614,-0.057136420038626845,-0.027042138136514238,0.0025229411485016007,0.0036282162795143735,0.002578794961666797,0.00015711843304844209,-0.0030811194286086696,-0.0032281957934321426,1.9469016521278526e-05,False,False,True
lfm25,169,cap128_chunk-1_pollpm_mem0.8,128,-1,lpm,0.8,0,R_medium_balanced,6.813751170022544,1744.3202995257711,7195.321235543806,5451.000936018035,112.11328255012631,118.15686849877238,118.29434735700488,113.46094569307752,4.13651727231256,4.275688421273348,4.129857252644119,1168.1006266735494,1207.3669098317623,1207.5975373387337,1166.574545117328,1,,-0.041387422675042695,-0.041387422675042695,-0.041387422675042806,-0.041387422675042806,-0.15688284520899276,-0.19740380202738161,-0.19656591440612914,-0.1725888830031479,-0.0290214570844054,-0.03154271247959062,-0.029310987203891026,-0.042999090430965614,-0.0473440227000963,-0.04738776393409583,-0.04169057142797494,False,False,False
lfm25,170,cap128_chunk-1_pollpm_mem0.85,128,-1,lpm,0.85,0,R_medium_balanced,7.041752087696239,1802.6885344502373,7436.09020460723,5633.401670156992,105.41980294510722,106.06603452470154,106.18209231179208,105.10700207669288,4.019293447445128,4.140653932814066,4.009881099074276,1128.623925615102,1160.9154774341732,1161.6044156719,1127.6266823406331,1,,-0.009310444536301365,-0.009310444536301254,-0.009310444536301254,-0.009310444536301365,-0.0878136720149898,-0.07487507598565624,-0.07404855108735608,-0.08625308389650077,0.0001397486181526908,0.0010353963018016055,0.0005914441677588034,-0.007750275083242331,-0.0070492045538448345,-0.0074964662380643254,-0.006912149764682907,False,False,False
lfm25,171,cap128_chunk-1_pollpm_mem0.9,128,-1,lpm,0.9,0,R_medium_balanced,6.572238969148496,1682.493176102015,6940.284351420812,5257.791175318796,127.6166697498411,206.24709490220997,206.3757948344573,153.04660750553012,4.254332024092768,4.275239923256724,4.153241049018963,1212.1156759094447,1218.1062590098009,1218.3950007660314,1212.1230750053655,1,,-0.07536527533773807,-0.07536527533773796,-0.07536527533773818,-0.07536527533773818,-0.31686034551957043,-1.0901117195364254,-1.0875235983349905,-0.5816962342953573,-0.058329664825825134,-0.031434508884045975,-0.035139081750198864,-0.08230020479561251,-0.05665999208580286,-0.05675274748664605,-0.0823630465178562,False,False,False
lfm25,172,cap128_chunk-1_polfcfs_mem0.75,128,-1,fcfs,0.75,0,R_medium_balanced,6.7632847371484095,1731.4008927099928,7142.0286824287205,5410.627789718727,125.43132901191711,126.32799718994649,126.42623449210078,125.03979078610428,4.127019430127214,4.280395249324833,4.12661760860561,1177.4214962497354,1216.362125123851,1216.7288990458474,1177.3272809805349,1,,-0.0484874408704109,-0.04848744087041079,-0.0484874408704109,-0.0484874408704109,-0.2943100896254014,-0.2802101651781497,-0.2788212307678475,-0.29225318644396703,-0.02665872467902175,-0.032678270943403476,-0.02850354980364367,-0.05132171116071582,-0.05514702350486589,-0.05530768445758749,-0.05129220692794334,False,False,False
lfm25,173,cap128_chunk-1_polfcfs_mem0.8,128,-1,fcfs,0.8,0,R_medium_balanced,7.0500474846883785,1804.812156080225,7444.850143830928,5640.037987750703,99.44591065868735,103.9368222700432,104.0837628999725,100.57470225729048,4.039219744941767,4.139678636291886,4.02991050619212,1128.3580479212103,1158.3443940617144,1158.5237276740372,1128.201881336281,1,,-0.008143382268815946,-0.008143382268815835,-0.008143382268815946,-0.008143382268815946,-0.026169829750399165,-0.0532976012146682,-0.052823619317778236,-0.039412963269931156,-0.0048172203328860075,0.0012706940879910755,-0.004400614286653282,-0.0075128724258319846,-0.00481888932814134,-0.004824487525213694,-0.007425772638565364,False,False,False
lfm25,174,cap128_chunk-1_polfcfs_mem0.85,128,-1,fcfs,0.85,0,R_medium_balanced,6.67677363548669,1709.2540506845926,7050.672959073945,5341.4189083893525,133.79713986068964,220.35244933795184,220.51230648066849,168.4451361943502,4.140801953297912,4.27241069949506,4.002553260287124,1189.14649146609,1216.3370344787836,1216.8552126735449,1189.0962175675668,1,,-0.06065850906204373,-0.06065850906204362,-0.06065850906204373,-0.06065850906204362,-0.3806358383419375,-1.2330556316838313,-1.2305166353007584,-0.7408359580550996,-0.030087336513992424,-0.030751936894282128,0.002417808740346694,-0.06179097987499693,-0.05512525834224391,-0.055417240285566605,-0.06180125697515826,False,False,False
lfm25,175,cap128_chunk-1_polfcfs_mem0.9,128,-1,fcfs,0.9,0,R_medium_balanced,7.053095074992443,1805.5923391980652,7448.06839919202,5642.476059993955,102.90534398518504,110.42486969381572,110.5739189311862,104.24152101040818,4.021974128908386,4.154658272369381,4.014934531376496,1128.303482895717,1157.971250358969,1158.3056670613587,1128.0498265114147,1,,-0.007714623084174255,-0.007714623084174255,-0.007714623084174366,-0.007714623084174255,-0.06186728663094376,-0.11904758893577916,-0.11847256755273206,-0.07730856584603063,-0.0005271115842124807,-0.002343258311920726,-0.0006680553920470622,-0.007464151219234605,-0.0044952016210355605,-0.004635356618224007,-0.0072899955653671356,False,False,False
lfm25,176,cap128_chunk2048_pollpm_mem0.75,128,2048,lpm,0.75,0,R_medium_balanced,6.8170956883156855,1745.1764962088157,7198.853046861364,5453.676550652548,141.64952747523785,152.20111410599202,152.31608112808317,127.65954749193044,4.152131221238889,4.4818374013309095,4.078045090450448,1167.8213272243738,1241.923826164566,1242.192179779522,1167.5610455567949,1,,-0.04091688930496551,-0.04091688930496529,-0.0409168893049654,-0.04091688930496551,-0.4616636373553218,-0.5424087911166304,-0.5407010982844782,-0.31932767952755614,-0.03290566387415028,-0.08127773924287074,-0.016397507498850272,-0.042749703464812105,-0.07732080893581683,-0.07739279795396303,-0.04257146516151589,False,False,False
lfm25,177,cap128_chunk2048_pollpm_mem0.8,128,2048,lpm,0.8,0,R_medium_balanced,6.904698271821706,1767.6027575863568,7291.361375043722,5523.758617457365,126.51711725629866,136.40509394463152,136.45828187000006,114.81212516082452,4.1266106653447245,4.476809545931425,4.067809962183603,1152.265266980976,1235.7610700419173,1235.9201269922778,1152.103665517643,1,,-0.028592262787271006,-0.028592262787270895,-0.028592262787271117,-0.028592262787271006,-0.3055142017955448,-0.3823316425054115,-0.3802969666106968,-0.18655296564977197,-0.02655703823499378,-0.08006473046259233,-0.013846540398531948,-0.028859670094350198,-0.07197485673532622,-0.07195284702578775,-0.028768826390459967,False,False,False
lfm25,178,cap128_chunk2048_pollpm_mem0.85,128,2048,lpm,0.85,0,R_medium_balanced,6.321127142406354,1618.2085484560266,6675.110262381109,5056.901713925083,145.87107207626104,247.8043910814449,247.9448558529839,149.12314058165066,4.349171780232413,4.547017439743321,4.356808877805722,1260.0673367269335,1268.4125785017386,1268.43275569845,1260.10940442211,1,,-0.11069367953440423,-0.11069367953440412,-0.11069367953440423,-0.11069367953440423,-0.5052252245118194,-1.5112540964394734,-1.5080011834433042,-0.5411482407133481,-0.08192249367863158,-0.09700292475660843,-0.08587560603982136,-0.12511632651940663,-0.10029877545387111,-0.10015208429420963,-0.12521235016508436,False,False,False
lfm25,179,cap128_chunk2048_pollpm_mem0.9,128,2048,lpm,0.9,0,R_medium_balanced,6.724459281079589,1721.4615759563749,7101.029000820047,5379.567424863672,128.30791343003511,144.04374989680946,144.1535612102598,119.3571998446714,4.2184607838006585,4.493079470543593,4.1615305753771725,1180.871954653412,1243.513734312728,1243.797258893028,1180.5474965658505,1,,-0.053949714085155476,-0.053949714085155365,-0.053949714085155365,-0.053949714085155254,-0.3239932020133409,-0.45974191747061166,-0.45813592651128765,-0.23352511112364005,-0.049406149336144844,-0.08398997489405557,-0.03720513392518843,-0.05440263149790736,-0.07869999266369598,-0.07878493413481125,-0.054167692448546134,False,False,False
lfm25,180,cap128_chunk2048_polfcfs_mem0.75,128,2048,fcfs,0.75,0,R_medium_balanced,6.6946054973096425,1713.8190073112685,7069.503405158982,5355.684397847714,111.63409450091422,129.45713580120355,130.11009192559868,108.77476990572175,4.268130365138252,4.4123915508024245,4.233335670741165,1188.6147730983794,1218.6500078532845,1218.7208589632064,1188.275365944719,1,,-0.058149781256454314,-0.0581497812564542,-0.058149781256454425,-0.058149781256454314,-0.15193816406905025,-0.3119209113903245,-0.3160840276549399,-0.1241584949212764,-0.06176221159723849,-0.06452339375123373,-0.05510158144720867,-0.06131620761546386,-0.057131673143512085,-0.057035374668257255,-0.06106827904448009,False,False,False
lfm25,181,cap128_chunk2048_polfcfs_mem0.8,128,2048,fcfs,0.8,0,R_medium_balanced,6.776289559963395,1734.7301273506291,7155.761775321345,5421.031647970716,134.4397710636258,149.24147399142385,150.33179866150022,123.14080956275576,4.160844005059962,4.416145376094123,4.103161926454335,1173.6676928121597,1232.0579568622634,1232.0749707287175,1169.4471008086111,1,,-0.04665781921190726,-0.04665781921190715,-0.04665781921190726,-0.04665781921190726,-0.3872670688042199,-0.5124157456776046,-0.520629769289346,-0.2726277174517229,-0.035073101095513426,-0.06542903297047808,-0.022657538701150504,-0.04796993351275969,-0.06876254950501393,-0.06861782066448607,-0.04425561469249306,False,False,False
lfm25,182,cap128_chunk2048_polfcfs_mem0.85,128,2048,fcfs,0.85,0,R_medium_balanced,6.37061962720416,1630.878624564265,6727.374326327594,5096.495701763329,146.17811795324087,229.4718557968736,229.57660052925348,143.6858091619797,4.320454542689463,4.524492753633098,4.335616293303924,1249.392239842564,1251.3333066599444,1251.337173790671,1249.2679639544804,1,,-0.10373068408206454,-0.10373068408206443,-0.10373068408206443,-0.10373068408206432,-0.5083935922528253,-1.3254718585598795,-1.3222033941275222,-0.4849548577218392,-0.0747786449589174,-0.09156867101344823,-0.08059364137603509,-0.1155845138601097,-0.08548316875642925,-0.08532454220845742,-0.11553150605349649,False,False,False
lfm25,183,cap128_chunk2048_polfcfs_mem0.9,128,2048,fcfs,0.9,0,R_medium_balanced,6.688096357662415,1712.1526675615785,7062.629753691511,5350.477086129932,117.0807396993041,131.51963369455189,131.57348099630326,111.5183913789224,4.278728224373624,4.423477304825449,4.227937734914104,1189.9255618918687,1223.2282896293327,1223.4776945551855,1189.6425137820188,1,,-0.05906553866785624,-0.05906553866785602,-0.05906553866785624,-0.05906553866785624,-0.20814141002378306,-0.33282230163996895,-0.33088643808825546,-0.15251309763494025,-0.06439858994028369,-0.06719791716082013,-0.05375621904964434,-0.062486613219345566,-0.061103155228480865,-0.0611611295162382,-0.06228907116430138,False,False,False
lfm25,184,cap128_chunk8192_pollpm_mem0.75,128,8192,lpm,0.75,0,R_medium_balanced,7.014435534690896,1795.695496880869,7407.243924633586,5611.548427752717,96.08018188737331,109.25125505309552,109.39144936855882,100.31313955551012,4.102728428209529,4.131115034368693,4.055804372125981,1134.6196895465257,1148.411495028995,1148.8634614972398,1134.5432544476353,1,,-0.013153553952344188,-0.013153553952344188,-0.013153553952344188,-0.013153553952344188,0.008560701624584333,-0.10715415734125466,-0.10651170209233474,-0.03670978188498486,-0.020615969254141886,0.0033367289076693396,-0.010854309675239149,-0.013103903173248721,0.00379751579716725,0.0035541686719676724,-0.013088289969886091,False,True,True
lfm25,185,cap128_chunk8192_pollpm_mem0.8,128,8192,lpm,0.8,0,R_medium_balanced,7.098377517611529,1817.1846445085516,7495.886658597775,5678.702014089223,95.35173000767828,102.00693865772335,102.1841776324436,96.22095755185,4.021959559188462,4.145626905009005,4.012534819433794,1119.5543776266277,1158.32029201556,1158.5483649978414,1119.4173365074676,1,,-0.0013439297695095886,-0.0013439297695093666,-0.0013439297695095886,-0.0013439297695096997,0.016077504843709067,-0.03374012644217017,-0.03360901580191089,0.005581837450690741,-0.0005234871452364231,-0.00016437148331793772,-6.995969099921062e-05,0.0003479401617378919,-0.0047979817367793665,-0.004845856259987125,0.00041837033606229035,False,False,False
lfm25,186,cap128_chunk8192_pollpm_mem0.85,128,8192,lpm,0.85,0,R_medium_balanced,6.771695374029069,1733.5540157514415,7150.910314974697,5417.356299223256,110.37744442000984,140.78102284111085,140.93855400569737,121.3175501616206,4.21992287624116,4.275927856546261,4.132494300389297,1175.270304782316,1199.4849732145667,1199.8180633410811,1175.1035967608914,1,,-0.047304165741054116,-0.047304165741054116,-0.047304165741054116,-0.047304165741053894,-0.13897095012293503,-0.4266773835919764,-0.4256156233733903,-0.2537848134767695,-0.04976986702290209,-0.03160047808048283,-0.029968235639331375,-0.049400908540953026,-0.040506748019054184,-0.04064037863142178,-0.049306572237789226,False,False,False
lfm25,187,cap128_chunk8192_pollpm_mem0.9,128,8192,lpm,0.9,0,R_medium_balanced,7.129685215199005,1825.1994150909447,7528.947587250149,5703.748172159204,92.60637406259777,96.98628983460368,97.10271055810152,93.8057126768399,4.0194768586433405,4.149459160444345,4.011396779085272,1117.0012129005045,1154.003074276261,1154.1430998360738,1116.7118913435845,1,,0.003060685533508689,0.003060685533508689,0.003060685533508689,0.003060685533508689,0.04440648714280593,0.017139217821343866,0.017790822247702565,0.030542754820692575,9.412229871408329e-05,-0.0010889325778582482,0.000213681452738812,0.00262766540651449,-0.0010529625904622808,-0.0010250296313665253,0.002834192565792981,True,False,True
lfm25,188,cap128_chunk8192_polfcfs_mem0.75,128,8192,fcfs,0.75,0,R_medium_balanced,6.828086479585166,1747.9901387738023,7210.459322441936,5462.469183668133,111.86759755946696,117.3282207455486,117.42862085811794,113.33127992111258,4.125784190517722,4.271019684771696,4.118152289975471,1163.5395977646112,1205.180072458461,1205.3718174342066,1163.4601138648577,1,,-0.03937061758432636,-0.03937061758432636,-0.03937061758432636,-0.03937061758432625,-0.15434765272729845,-0.18900627099208767,-0.18780895481413773,-0.17124882152399024,-0.026351440077234667,-0.030416343895105946,-0.026393683785731037,-0.038926539749267075,-0.04544702599354955,-0.04545732624946486,-0.0389095458307358,False,False,False
lfm25,189,cap128_chunk8192_polfcfs_mem0.8,128,8192,fcfs,0.8,0,R_medium_balanced,7.074166609860327,1810.986652124244,7470.319940012505,5659.333287888261,93.80209841765463,96.21406777296215,96.34821985382588,94.04804074438287,4.050526925928744,4.142975750123607,4.043546144384891,1125.1931560691446,1151.6059675486758,1151.7928675049916,1125.15230756253,1,,-0.004750112369905302,-0.0047501123699049685,-0.004750112369905302,-0.004750112369905302,0.032067958089877724,0.024964929896885146,0.02542261429561765,0.02803835829636625,-0.007630053227992262,0.00047524002066356985,-0.0077991124309582105,-0.004686934961508182,0.0010264346354069698,0.0010134016421872172,-0.004702661406379871,False,False,False
lfm25,190,cap128_chunk8192_polfcfs_mem0.85,128,8192,fcfs,0.85,0,R_medium_balanced,6.674151162870997,1708.5826976949752,7047.903627991773,5339.320930296798,114.36734488233924,232.45623405091465,232.5990298297256,144.95226190774702,4.232143183403156,4.279883942274632,4.099267638087565,1190.6300813425332,1204.8888033023104,1205.727776768617,1190.265509620076,1,,-0.06102745931725029,-0.06102745931725018,-0.06102745931725029,-0.06102745931725018,-0.18014223058113177,-1.3557156007432951,-1.352775741500409,-0.4980433120923211,-0.0528098539138131,-0.032554914185495276,-0.021686940068306848,-0.06311567986776145,-0.04519436128391807,-0.04576606110507009,-0.0628453741397601,False,False,False
lfm25,191,cap128_chunk8192_polfcfs_mem0.9,128,8192,fcfs,0.9,0,R_medium_balanced,6.634027024737359,1698.310918332764,7005.532538122651,5307.221619789887,125.0499584712088,182.3102852795273,182.4362859595567,140.21822332870215,4.212802172839349,4.284873473234327,4.15837980292251,1198.8518068101257,1205.370482057333,1205.68076223135,1198.7307940144092,1,,-0.06667244142907891,-0.0666724414290788,-0.06667244142907902,-0.06667244142907902,-0.2903747750384231,-0.847535666068119,-0.8453717037826693,-0.4491182747097471,-0.0479984839710188,-0.03375867689995227,-0.03641984656357611,-0.07045687290255342,-0.04561219894438939,-0.04572528390112751,-0.07040443410291597,False,False,False
lfm25,0,cap8_chunk-1_pollpm_mem0.75,8,-1,lpm,0.75,0,R_long_prefill,12.203572563260655,390.51432202434097,49204.80457506696,48814.29025304262,219.88959913142023,220.28788870666176,220.32077935058624,219.56978854723275,3.166358805291595,3.240203514935509,3.184636266181065,318.15448263660073,318.89985678717494,318.9924537949264,318.29351279884577,1,,-0.06356098174059144,-0.06356098174059155,-0.06356098174059155,-0.06356098174059144,-0.10337860596617032,-0.10339857318913448,-0.10339188076459882,-0.10442845202407858,0.005666344924234901,0.010597957037908445,0.0074746679611231714,-0.06709447547069525,-0.0670362342476356,-0.06700572617222167,-0.06711166817055325,False,False,False
lfm25,1,cap8_chunk-1_pollpm_mem0.8,8,-1,lpm,0.8,0,R_long_prefill,12.944883864979216,414.2362836793349,52193.7717435962,51779.535459916864,200.29394375160336,200.6836675805971,200.71805925574157,199.51683818362653,3.164726632436917,3.283933469755275,3.1965252109653046,298.6898841336369,299.15082298684865,299.1929062316194,298.609119723551,1,,-0.006676587928255873,-0.006676587928255984,-0.006676587928255984,-0.006676587928255873,-0.005050049265980849,-0.005203117478954633,-0.005219197019981747,-0.0035628043631339423,0.006178897196452149,-0.0027550642886478016,0.003769353481451243,-0.0018099465285328353,-0.0009561335268850613,-0.0007777312013768078,-0.0011177201733232334,False,False,False
lfm25,2,cap8_chunk-1_pollpm_mem0.85,8,-1,lpm,0.85,0,R_long_prefill,12.052917515157947,385.6933604850543,48597.36342111684,48211.67006063178,223.43991976231337,223.8504156703129,223.8911128835753,222.8358545107767,3.192012641398657,3.2861504823930803,3.219016061554993,322.6546994410455,322.93380566406995,322.9419949511066,322.6253524189815,1,,-0.07512147065560382,-0.07512147065560393,-0.07512147065560404,-0.07512147065560393,-0.12119367245372414,-0.12124289132990573,-0.1212725229969549,-0.12085665100441978,-0.002389745428008183,-0.003432033134279422,-0.003240156265838179,-0.08218826403104207,-0.08053379320584542,-0.08021664379507643,-0.0816346050744281,False,False,False
lfm25,3,cap8_chunk-1_pollpm_mem0.9,8,-1,lpm,0.9,0,R_long_prefill,13.093402020471512,418.9888646550884,52792.59694654113,52373.60808188604,197.9844605084509,198.3104089507833,198.33721299190077,197.50370923429728,3.1815025309521343,3.2573895431273887,3.203402731507536,296.8417939264328,297.0676728524268,297.0883553661406,296.8091939110309,1,,0.004719926903933969,0.004719926903933747,0.004719926903933747,0.004719926903933747,0.006538649842105837,0.006684282238386907,0.006704355740742796,0.006563164714594172,0.0009107511922977762,0.0053501720376541995,0.0016259019883335668,0.004388573240656002,0.006014069273454714,0.0062618328941745904,0.004916715839814789,True,True,True
lfm25,4,cap8_chunk-1_polfcfs_mem0.75,8,-1,fcfs,0.75,0,R_long_prefill,12.18000961076719,389.7603075445501,49109.79875061331,48720.03844306876,219.1648164298385,219.60886614397168,219.64818509295583,218.65243115462363,3.205690930988039,3.299021572926112,3.2296888455147705,318.87060473673046,319.347136374563,319.38800564035773,318.7727853655815,1,,-0.06536908080223036,-0.06536908080223047,-0.06536908080223058,-0.06536908080223036,-0.09974173669150455,-0.09999742149062629,-0.10002345112711386,-0.09981417602656717,-0.006685147345145692,-0.00736224406388053,-0.006566441454495031,-0.0694963587648676,-0.06853282797894256,-0.06832881729570173,-0.06871847863835256,False,False,False
lfm25,5,cap8_chunk-1_polfcfs_mem0.8,8,-1,fcfs,0.8,0,R_long_prefill,11.666930053353209,373.3417617073027,47041.06197512014,46667.72021341284,234.67871081084013,235.1625297218561,235.21307326853275,233.9243039023131,3.1451108009223976,3.2814498960731493,3.1833045537613573,332.4596802704036,333.45577525906265,333.54363112710416,332.6067450689152,1,,-0.10474015140824189,-0.104740151408242,-0.104740151408242,-0.10474015140824189,-0.17758852536560332,-0.1779040658388975,-0.1779742067869421,-0.1766311684271913,0.012338869153700416,-0.0019967005427856677,0.007889710120124849,-0.11507430350594361,-0.11574021482867458,-0.11567831811373042,-0.11509824832520144,False,False,False
lfm25,6,cap8_chunk-1_polfcfs_mem0.85,8,-1,fcfs,0.85,0,R_long_prefill,5.454225872919242,174.53522793341574,21991.438719610385,21816.903491676967,627.3424981627613,627.8154346626252,627.8655927535146,613.5961747495458,3.157908817933452,4.712057616111011,3.613044305013553,725.4580107983202,726.3038407778367,726.3749820692465,725.6005482049659,1,,-0.5814709262123745,-0.5814709262123746,-0.5814709262123745,-0.5814709262123745,-2.1479264768337734,-2.1446606479365107,-2.144423323563542,-2.086367564182261,0.008319899790197871,-0.4388353726689014,-0.1260431957603232,-1.4331960659283531,-1.4302065325177806,-1.4296695924800522,-1.4326503063535796,False,False,False
lfm25,7,cap8_chunk-1_polfcfs_mem0.9,8,-1,fcfs,0.9,0,R_long_prefill,12.837617323190605,410.8037543420993,51761.273047104514,51350.46929276241,200.89224446564916,201.24624690506607,201.2725804420188,200.48409618902951,3.1676871416669696,3.241606125037276,3.1891995627853658,299.3626515381038,299.7173318872228,299.7548104496673,299.34928263537586,1,,-0.014907667357161203,-0.014907667357161536,-0.014907667357161425,-0.014907667357161314,-0.008052247689280811,-0.008021017398778918,-0.007996303094378154,-0.008428078719334042,0.005249206613475832,0.010169667489498657,0.0060524686583416365,-0.004066417581946702,-0.00285166753499988,-0.00265725847885534,-0.00359919229825012,False,False,True
lfm25,8,cap8_chunk2048_pollpm_mem0.75,8,2048,lpm,0.75,0,R_long_prefill,8.898955401271174,284.76657284067755,35880.58817792537,35595.82160508469,197.82018288969996,335.6332289054989,350.7988939806819,203.72659899294376,7.355110509501349,11.190198904143706,7.195638960492747,425.96972291357815,426.9851176533848,427.12789197452366,426.1966123012826,1,,-0.31714020494388173,-0.31714020494388184,-0.31714020494388195,-0.31714020494388184,0.0073629744608455505,-0.6811510976090729,-0.7568413317182456,-0.024737755820655183,-1.3097299978058374,-2.41694761019735,-1.2425964385123556,-0.42870826232567527,-0.4286886065449447,-0.4287106203386166,-0.4288678833642552,False,False,False
lfm25,9,cap8_chunk2048_pollpm_mem0.8,8,2048,lpm,0.8,0,R_long_prefill,11.843882100147187,379.0042272047101,47754.532627793466,47375.52840058876,166.58837907016277,222.2947455011308,225.85287122055888,158.49980246275663,5.188542906375181,7.897016728266832,5.457620898772391,327.5407070759684,328.1971456948668,328.28568999655545,327.6860503247008,1,,-0.09116176687209332,-0.0911617668720931,-0.09116176687209332,-0.0911617668720931,0.16408027394354663,-0.11345070513616462,-0.13109723507100557,0.20275146850447368,-0.6293614052809007,-1.4113684366546733,-0.7009248598403051,-0.09857600030030955,-0.09814488460804172,-0.09809090114687447,-0.09860111418356032,False,False,False
lfm25,10,cap8_chunk2048_pollpm_mem0.85,8,2048,lpm,0.85,0,R_long_prefill,12.05692026974144,385.82144863172607,48613.50252759749,48227.68107896576,162.81042783521116,217.0022482750937,220.45361732598397,154.49014585465193,5.138256902536077,7.826961864597134,5.414955839965373,322.34630174934864,322.9654664639384,323.02903291769326,322.35377689357847,1,,-0.07481431997877797,-0.07481431997877808,-0.07481431997877797,-0.07481431997877797,0.18303756243511238,-0.08694115019829396,-0.10405714867052707,0.2229199027418851,-0.6135700597413716,-1.3899770564790952,-0.6876278462665464,-0.08115389396549899,-0.08063972997547975,-0.08050777923617392,-0.08072412025367637,False,False,False
lfm25,11,cap8_chunk2048_pollpm_mem0.9,8,2048,lpm,0.9,0,R_long_prefill,11.477191338924266,367.2701228455765,46276.03547854264,45908.76535569706,165.34550627693534,233.4262408548966,238.58524330426008,160.42651410680264,5.558639644615113,8.328587270431939,5.728785004917412,338.0306432954967,338.7264037039131,338.80889649502933,338.0188492592424,1,,-0.11929971866156819,-0.1192997186615683,-0.11929971866156841,-0.1192997186615683,0.17031685473409575,-0.16920717982444033,-0.19486242336345683,0.19306017548729815,-0.7455831176941408,-1.5431492874969739,-0.7854360008288972,-0.13375938949895927,-0.13337569320289333,-0.13329023410282836,-0.13324288306836318,False,False,False
lfm25,12,cap8_chunk2048_polfcfs_mem0.75,8,2048,fcfs,0.75,0,R_long_prefill,11.733764431023156,375.480461792741,47310.538185885365,46935.05772409262,184.7177145536989,231.7777641583234,232.0534321013838,169.4601938361302,4.752127048108847,7.954609626153063,5.2434730065626,332.03365304507315,332.3749929200858,332.4071793165058,332.0078570395708,1,,-0.09961162706122872,-0.09961162706122895,-0.09961162706122884,-0.09961162706122884,0.07310952775121882,-0.1609501356191798,-0.1621503593031144,0.14762107848968764,-0.49231345772745594,-1.4289545328878535,-0.6341834206128263,-0.11364540237972709,-0.11212392622747624,-0.11187697242356931,-0.11309041474285353,False,False,False
lfm25,13,cap8_chunk2048_polfcfs_mem0.8,8,2048,fcfs,0.8,0,R_long_prefill,11.337127454007891,362.7880785282526,45711.29789455982,45348.509816031576,189.1005120705813,241.5107377106324,244.63837631512436,172.42877779062837,5.016983306455996,8.558373458142722,5.560573855144602,344.6269945707172,345.3178178751841,345.4144749091938,344.80656730011106,1,,-0.13004749651143777,-0.13004749651143777,-0.13004749651143777,-0.13004749651143754,0.051117195992409936,-0.20970156355086256,-0.22517721181447192,0.13268920373923832,-0.5754864357841101,-1.6133149183030513,-0.7330112297321636,-0.15588364167268032,-0.15543050949079573,-0.15538539625711634,-0.1559994044249271,False,False,False
lfm25,14,cap8_chunk2048_polfcfs_mem0.85,8,2048,fcfs,0.85,0,R_long_prefill,10.789763374341378,345.2724279789241,43504.32592534444,43159.05349736552,196.1845881305635,250.86046271026132,254.17736373841765,179.61769131943583,5.112690355388388,8.708404674525221,5.644580905115412,354.6779891476035,355.1418093033135,355.1912140287459,354.5996993780136,1,,-0.1720493839699101,-0.1720493839699102,-0.1720493839699101,-0.17204938396990987,0.015570185135612258,-0.2565333402993284,-0.2729495613159647,0.09652921700842332,-0.6055413807961605,-1.6591272233983028,-0.7591929089560427,-0.18959481461325423,-0.18830150204739637,-0.18808785206680922,-0.1888318847867545,False,False,False
lfm25,15,cap8_chunk2048_polfcfs_mem0.9,8,2048,fcfs,0.9,0,R_long_prefill,8.654202046452475,276.9344654864792,34893.74265129638,34616.8081858099,212.2765474487096,339.0088582178577,352.4963542399928,213.26926082838327,7.7949672667009215,11.800342575166251,7.768962607388534,453.99518380872905,454.73008200060576,454.801718830131,454.1071016574279,1,,-0.3359213110596535,-0.3359213110596535,-0.3359213110596536,-0.3359213110596534,-0.06517726135506297,-0.6980592653196995,-0.7653424085279998,-0.0727370152307747,-1.4478584930241003,-2.603256091077481,-1.4212787731462435,-0.5227060405304671,-0.5215230235141284,-0.521277486321643,-0.5224406633885696,False,False,False
lfm25,16,cap8_chunk8192_pollpm_mem0.75,8,8192,lpm,0.75,0,R_long_prefill,11.710951097916023,374.7504351333128,47218.55482679741,46843.804391664096,231.5750329289585,232.97066891100255,232.99816641490904,215.0676399469376,3.241783195746041,5.12379931451212,3.77879558777016,332.1270633023232,332.8920395579189,332.94561500661075,332.2103031678125,1,,-0.10136220420962738,-0.10136220420962727,-0.10136220420962738,-0.10136220420962727,-0.1620146565323084,-0.16692526847729816,-0.16688169773653883,-0.08178280007758265,-0.01801922403816336,-0.564561449964033,-0.177701323472079,-0.11395870165697697,-0.11385395992182201,-0.11367799924311561,-0.11376913616486117,False,False,False
lfm25,17,cap8_chunk8192_pollpm_mem0.8,8,8192,lpm,0.8,0,R_long_prefill,9.450506222420753,302.4161991174641,38104.44108880047,37802.02488968301,285.62554297968745,317.1555236913264,317.18328231945634,266.03587670251727,4.163210618219549,7.349751678655944,4.797973617490742,414.6850721444935,415.3329989640042,415.3868239140138,414.7730588447303,1,,-0.2748170486058429,-0.274817048605843,-0.2748170486058431,-0.2748170486058429,-0.4332333802332422,-0.5885982401241263,-0.5884904703820548,-0.3381512704158989,-0.30737565936822353,-1.2442600573103162,-0.4953388581247211,-0.3908593896852084,-0.38970071557320063,-0.38943763220706784,-0.3905692480001064,False,False,False
lfm25,18,cap8_chunk8192_pollpm_mem0.85,8,8192,lpm,0.85,0,R_long_prefill,12.278188658475306,392.9020370712098,49505.65667097244,49112.754633901226,218.38148729875684,219.67915552668276,219.81195046566427,206.41033514402807,3.191096422773215,4.568829364143311,3.5811039513998453,317.3095870297402,318.1227232562378,318.17889569792897,317.4245576374233,1,,-0.057835328651141604,-0.057835328651141826,-0.057835328651141604,-0.057835328651141604,-0.09581108872961974,-0.10034949352258904,-0.10084360700677952,-0.03823685595913129,-0.002102024714499162,-0.39510036514436564,-0.11608864917284101,-0.06426068407803975,-0.06443595200005792,-0.06428443562837649,-0.06419840681088185,False,False,False
lfm25,19,cap8_chunk8192_pollpm_mem0.9,8,8192,lpm,0.9,0,R_long_prefill,12.279911035355603,392.9571531313793,49512.60129455379,49119.64414142241,215.61397681944072,217.94132727663964,218.2314966386184,203.9662488969043,3.2534288212416635,4.62548826040039,3.6360738055420017,316.57469691708684,317.10581548977643,317.1767910430208,316.68453686870635,1,,-0.05770316236077899,-0.0577031623607791,-0.057703162360779214,-0.05770316236077899,-0.08192406602947133,-0.091644896902215,-0.09292851190850548,-0.025943186559601816,-0.02167630716637814,-0.4124012622794786,-0.1332205814170211,-0.061795852613803604,-0.0610333871803872,-0.06093247105275612,-0.06171741123531249,False,False,False
lfm25,20,cap8_chunk8192_polfcfs_mem0.75,8,8192,fcfs,0.75,0,R_long_prefill,12.367264735490377,395.75247153569205,49864.8114134972,49469.05894196151,214.29643500596285,215.5188472243026,215.55781888309863,201.9526476506144,3.208996307465338,4.62584470533916,3.610811387789586,313.9377024490386,314.5063316449523,314.5752188190818,313.88780067209154,1,,-0.05100009137304207,-0.05100009137304229,-0.05100009137304229,-0.051000091373041956,-0.07531280540050211,-0.07951095232168837,-0.07953842525432253,-0.015814841844475902,-0.007723136807546993,-0.4125101033905376,-0.12534728366114,-0.052951337190410674,-0.05233553613487918,-0.05223040795699996,-0.0523410661066932,False,False,False
lfm25,21,cap8_chunk8192_polfcfs_mem0.8,8,8192,fcfs,0.8,0,R_long_prefill,12.281498141320505,393.0079405222561,49519.00050580427,49125.99256528202,216.13838523626328,217.51429319847372,217.54249109420925,202.9430470429361,3.220007559584994,4.724545624377505,3.648986934774345,316.0630534403026,316.35924177244306,316.38362841680646,316.0616420209408,1,,-0.057581376060583556,-0.05758137606058378,-0.05758137606058367,-0.057581376060583556,-0.08455548211370711,-0.08950592868513407,-0.08947789265350936,-0.020796516577528346,-0.01118100726392135,-0.44264860873090917,-0.1372450937342038,-0.06007979341211489,-0.0585353578116774,-0.058279401822157295,-0.05962909233038394,False,False,False
lfm25,22,cap8_chunk8192_polfcfs_mem0.85,8,8192,fcfs,0.85,0,R_long_prefill,12.197323670692354,390.3143574621553,49179.60904023157,48789.29468276941,216.45522746257484,217.8301076637581,217.85968265030533,203.46369734033945,3.2275008082750345,4.723278713232326,3.650442227691172,316.5077525191009,317.3307849559933,317.4142531771213,316.62740639876574,1,,-0.06404048942504492,-0.06404048942504514,-0.06404048942504514,-0.06404048942504503,-0.08614535692070024,-0.09108780970652464,-0.09106642455991931,-0.023415369589190993,-0.013534116881791514,-0.44226175510597066,-0.1376986510527669,-0.06157132018960998,-0.061786133119100306,-0.06172676400175847,-0.06152587547152755,False,False,False
lfm25,23,cap8_chunk8192_polfcfs_mem0.9,8,8192,fcfs,0.9,0,R_long_prefill,9.340370125281751,298.89184400901604,37660.37234513602,37361.480501127,288.12343697063625,321.621575136669,321.6498856851831,268.6656410805881,4.221408094670022,7.462458451458763,4.857195030537343,419.0572197549045,419.8050047736615,419.9089407082647,419.23868702724576,1,,-0.2832683228655022,-0.2832683228655023,-0.2832683228655023,-0.2832683228655023,-0.4457675009941662,-0.6109682161655339,-0.6108597353368432,-0.35137889440040726,-0.3256514496477323,-1.2786752755991562,-0.5137958333441788,-0.4055236324214673,-0.40466400933803537,-0.4045637722034303,-0.40554072479010017,False,False,False
lfm25,24,cap16_chunk-1_pollpm_mem0.75,16,-1,lpm,0.75,0,R_long_prefill,12.352017805907169,395.2645697890294,49803.3357934177,49408.07122362867,217.079067369923,217.52509044017643,217.57024850230664,216.4998716907576,3.1520130803748483,3.254374528243657,3.179485800736133,314.9796314537525,315.6436829827726,315.69044215604663,315.0639315135777,1,,-0.05217006186294226,-0.052170061862942374,-0.052170061862942485,-0.05217006186294226,-0.08927570783331662,-0.08956001091888321,-0.08961690495555374,-0.08898687627692103,0.010171341978687964,0.006270812322060615,0.009079864598545151,-0.05644598128767098,-0.05614110412964357,-0.05596074600213563,-0.0562841654592654,False,False,False
lfm25,25,cap16_chunk-1_pollpm_mem0.8,16,-1,lpm,0.8,0,R_long_prefill,12.83037004395327,410.57184140650463,51732.05201721958,51321.48017581308,212.23822119645772,212.7352727809921,212.7846270473674,212.255188729614,3.005330714707573,3.0125294524865844,2.9848621154244066,302.603361196816,303.1270846258849,303.1823711004108,302.5300782173872,1,,-0.015463786069028762,-0.015463786069028873,-0.015463786069028873,-0.015463786069028762,-0.06498494499745155,-0.06556832439444693,-0.06564996060578654,-0.06763626760199215,0.05623409789420719,0.08011864654957579,0.06973637973592206,-0.0149358019915522,-0.014260671473203868,-0.014122190635203813,-0.014263135932485405,False,False,True
lfm25,26,cap16_chunk-1_pollpm_mem0.85,16,-1,lpm,0.85,0,R_long_prefill,11.961618530600392,382.7717929792125,48229.24591538078,47846.47412240157,219.3723840173334,219.68951162416488,219.71455345395952,218.6945347348228,3.200443236217384,3.2955881583714675,3.227910041929253,318.8088240567595,318.975172797218,318.9895059634,318.75974603462964,1,,-0.08212728235737932,-0.08212728235737965,-0.08212728235737954,-0.08212728235737932,-0.10078328497863831,-0.10040136611192052,-0.10035583153574801,-0.10002595558062932,-0.005037210442572659,-0.0063138446781496604,-0.0060120586390706166,-0.06928914552134668,-0.06728824098274222,-0.06699586589784512,-0.0686747629431077,False,False,False
lfm25,27,cap16_chunk-1_pollpm_mem0.9,16,-1,lpm,0.9,0,R_long_prefill,13.020909118399418,416.6690917887814,52500.30556538645,52083.63647359767,195.805806433782,196.12031464930624,196.14634856116027,195.38555818144232,3.1794115315161404,3.264425734749004,3.20165398936238,294.4067574571818,295.2781688189134,295.39801097940654,294.6368318516761,1,,-0.0008428033289765713,-0.0008428033289767933,-0.0008428033289767933,-0.0008428033289766823,0.017470864486573645,0.0176542313426582,0.017676457563641446,0.017217391345388244,0.0015673890655792944,0.0032016581146829814,0.002170915840214671,0.012555718780690173,0.012001734693967703,0.011915907523187053,0.012199782593655617,True,True,True
lfm25,28,cap16_chunk-1_polfcfs_mem0.75,16,-1,fcfs,0.75,0,R_long_prefill,12.149384332403532,388.780298636913,48986.31762825104,48597.537329614126,210.7056479435414,211.17802804801613,211.2179769249633,209.96853348333389,3.326135349550074,3.3456485177720747,3.3187399160177,313.21544758975506,313.891910482198,313.9179904945195,312.8494708798826,1,,-0.06771910621127519,-0.0677191062112753,-0.06771910621127541,-0.06771910621127519,-0.05729468340243549,-0.05776825137835839,-0.05780399605285225,-0.056134470698732786,-0.04450838416281733,-0.02159986656969859,-0.03432014264101291,-0.05052888453836468,-0.050279688100475894,-0.0500320287246141,-0.04885995891436545,False,False,False
lfm25,29,cap16_chunk-1_polfcfs_mem0.8,16,-1,fcfs,0.8,0,R_long_prefill,11.865119247746044,379.6838159278734,47840.16080691205,47460.47699098417,226.87019756995144,227.29409609455612,227.3294089967385,226.5875645680353,3.263755581311641,3.329208234865819,3.2793405285525705,328.36752315051854,328.7796947173774,328.82058342918754,328.247120953165,1,,-0.08953213804455018,-0.08953213804455029,-0.08953213804455029,-0.08953213804455029,-0.1384063790138299,-0.13849191981230735,-0.13849190659804456,-0.13972762300105201,-0.024919226152157803,-0.01657979625024275,-0.022040909831531064,-0.10134915269492972,-0.10009408872969572,-0.09988007938203514,-0.10048216104825203,False,False,False
lfm25,30,cap16_chunk-1_polfcfs_mem0.85,16,-1,fcfs,0.85,0,R_long_prefill,12.959320266256166,414.6982485201973,52251.979313544856,51837.28106502466,200.74538933113217,201.18957196827975,201.2295015109703,200.34098136238757,3.198728506122866,3.273348968415972,3.2197639135824097,300.1762118656188,300.4976605996489,300.51176477223635,300.15366268344223,1,,-0.0055688131869735535,-0.0055688131869736646,-0.005568813186973776,-0.0055688131869735535,-0.007315346925250044,-0.007737138676472632,-0.007780558837794382,-0.007708216084790109,-0.004498732668196226,0.00047693246728741645,-0.003473232202864329,-0.0067951100201577574,-0.005462640832921695,-0.005189213661567216,-0.006295958963041359,False,False,False
lfm25,31,cap16_chunk-1_polfcfs_mem0.9,16,-1,fcfs,0.9,0,R_long_prefill,5.1712924701618,165.4813590451776,20850.65123969238,20685.1698806472,667.0036744326353,667.4336718162522,667.4694106308743,648.5789995640516,3.153814603724787,5.205751666348546,3.757092850132575,765.0976863224059,765.4012109385803,765.4252038011327,765.0488779181615,1,,-0.6031817716666488,-0.6031817716666488,-0.6031817716666488,-0.6031817716666488,-2.346941316810254,-2.3431041783740456,-2.342763812472321,-2.2623299646242647,0.009605608463504667,-0.5895857498139521,-0.17093743740174694,-1.5661480784559196,-1.5610260037010097,-1.5602896422665724,-1.564904880305244,False,False,False
lfm25,32,cap16_chunk2048_pollpm_mem0.75,16,2048,lpm,0.75,0,R_long_prefill,11.076099100127015,354.43517120406455,44658.83157171213,44304.39640050807,190.53013273514807,246.7318371636793,250.45782753732053,175.85450818296522,5.176842047442351,8.617967077260536,5.64922304117992,351.012236205861,351.5882842242718,351.6581016778946,350.98042245954275,1,,-0.15007746184978177,-0.15007746184978177,-0.15007746184978188,-0.15007746184978166,0.043943537655858234,-0.23585349464790917,-0.2543216949086391,0.11545789819718943,-0.6256869771615217,-1.6315119384071552,-0.760639679404437,-0.17729982923333143,-0.1764114370694878,-0.17626985742549484,-0.1766978874706313,False,False,False
lfm25,33,cap16_chunk2048_pollpm_mem0.8,16,2048,lpm,0.8,0,R_long_prefill,11.25599737538019,360.1919160121661,45384.18141753292,45023.98950152076,182.57107958197597,245.36541907582432,249.8236284824088,175.07048370316625,5.261989761023752,8.139220445657209,5.512830538434848,346.0376965813339,346.5905479155481,346.63998840376735,345.9682303946465,1,,-0.13627299898520961,-0.13627299898520973,-0.13627299898520984,-0.13627299898520961,0.0838810745273002,-0.22900925197360267,-0.25114555287591367,0.11940151424884449,-0.6524259674254322,-1.485325782757923,-0.7181315237597103,-0.1606151554630546,-0.1596890534837776,-0.1594846465705797,-0.15989399917102043,False,False,False
lfm25,34,cap16_chunk2048_pollpm_mem0.85,16,2048,lpm,0.85,0,R_long_prefill,9.046494791898557,289.4878333407538,36475.46700093498,36185.97916759423,197.61873758398,316.5432572131976,329.0737473173067,198.24380066711456,7.536908559080574,11.31223055774406,7.514811098395336,431.26290291547775,431.4985797274858,431.508504236117,431.20294471737,1,,-0.3058187954633794,-0.3058187954633794,-0.30581879546337953,-0.3058187954633793,0.00837380190098691,-0.5855314625434558,-0.6480392908601575,0.002840530371723937,-1.36682015411461,-2.454210197816213,-1.3420697866976439,-0.44646166026899636,-0.4437906126213609,-0.4433634383336946,-0.44565212658985787,False,False,False
lfm25,35,cap16_chunk2048_pollpm_mem0.9,16,2048,lpm,0.9,0,R_long_prefill,11.816897791218995,378.1407293190079,47645.73189419499,47267.59116487598,168.20755158551037,224.7184925712645,228.4258727170527,160.4431242449209,5.18585724996463,7.872918254936173,5.438541820753486,329.0617521852255,329.35802354477346,329.3688146304339,329.037920688279,1,,-0.09323240312472625,-0.09323240312472625,-0.09323240312472636,-0.09323240312472625,0.15595546804158478,-0.12559099607389346,-0.14398312340525488,0.1929766270663098,-0.6285180269023929,-1.4040099239452961,-0.6949786648393868,-0.10367760634897838,-0.10202917211404894,-0.10171387144838984,-0.1031333983201208,False,False,False
lfm25,36,cap16_chunk2048_polfcfs_mem0.75,16,2048,fcfs,0.75,0,R_long_prefill,10.806446877899246,345.80630009277587,43571.59381168976,43225.78751159699,197.54234654828903,257.7103212242946,261.80279857944697,182.45382979512212,5.294269168629281,8.912817279868307,5.784830476547922,361.696784151718,362.3707505874336,362.4201123975217,361.7835745681077,1,,-0.17076917822590598,-0.1707691782259061,-0.1707691782259061,-0.17076917822590587,0.0087571225982912,-0.2908435520649706,-0.31113861872440207,0.08226353844147272,-0.6625626901791664,-1.7215449846288586,-0.8029031605576453,-0.21313594881725284,-0.21248947868406365,-0.21226797251053453,-0.21291656364376643,False,False,False
lfm25,37,cap16_chunk2048_polfcfs_mem0.8,16,2048,fcfs,0.8,0,R_long_prefill,11.097660722562306,355.1251431219938,44745.76803337122,44390.642890249226,189.44916408509016,248.03510853089392,251.98873278684917,174.60005776956675,5.231554409669291,8.77537455544957,5.716193812869249,351.7230816651136,352.4128693854436,352.4737572623417,351.8020659685135,1,,-0.14842293450209587,-0.14842293450209598,-0.14842293450209598,-0.14842293450209587,0.04936770363235443,-0.2423814421238495,-0.26198864501442953,0.12176774044542116,-0.642868334820681,-1.679576598475534,-0.7815118236156062,-0.1796840146020109,-0.17917049207207603,-0.17899816390684165,-0.17945253165985608,False,False,False
lfm25,38,cap16_chunk2048_polfcfs_mem0.85,16,2048,fcfs,0.85,0,R_long_prefill,8.148970492590328,260.7670557628905,32856.64902612421,32595.881970361315,242.95564997009933,360.1775638991966,372.4868056224659,242.98398080281916,7.450952772952376,11.248225794594374,7.448733626534381,473.935185931623,474.5250605046749,474.5776552706957,473.89472322538495,1,,-0.37469016647799935,-0.37469016647799946,-0.37469016647799935,-0.37469016647799924,-0.2191211746008772,-0.8040910575447966,-0.8654568952925075,-0.22220103029783655,-1.3398274043185583,-2.434666226850283,-1.3214760487579165,-0.5895850796999949,-0.5877568548265426,-0.5874265038656938,-0.588780695501806,False,False,False
lfm25,39,cap16_chunk2048_polfcfs_mem0.9,16,2048,fcfs,0.9,0,R_long_prefill,11.681518555014362,373.8085937604596,47099.88281381791,46726.07422005745,185.1007246877998,232.27422735653815,232.44860368780792,169.8901845375076,4.758285936869441,7.9736891683311235,5.252844041904375,332.61146978475153,333.3957497263327,333.4527836041525,332.7283498365432,1,,-0.10362070527043021,-0.10362070527043044,-0.10362070527043032,-0.10362070527043021,0.07118763062873323,-0.16343686690416903,-0.1641294241977398,0.1454582401144764,-0.494247537454078,-1.4347805058314478,-0.6371040021759122,-0.1155834076079909,-0.11553936990184344,-0.11537443999359076,-0.11550594078899046,False,False,False
lfm25,40,cap16_chunk8192_pollpm_mem0.75,16,8192,lpm,0.75,0,R_long_prefill,9.306083463199506,297.7946708223842,37522.12852362041,37224.33385279803,290.0859545916319,322.80881186015904,322.8452102188021,270.1662009349093,4.227537459002868,7.481463275279008,4.873282261072628,421.2912756484002,421.5612964238972,421.5817070286721,421.2379510281608,1,,-0.2858993039174238,-0.2858993039174239,-0.2858993039174239,-0.2858993039174237,-0.45561516984886263,-0.6169149584691069,-0.6168460585023727,-0.35892665863538054,-0.32757625779966504,-1.284478433156147,-0.5188095876614862,-0.4130166863683604,-0.4105405464038978,-0.41015904952484994,-0.4122434625379414,False,False,False
lfm25,41,cap16_chunk8192_pollpm_mem0.8,16,8192,lpm,0.8,0,R_long_prefill,12.177150888299302,389.66882842557766,49098.27238162278,48708.6035531972,217.45920670218769,219.7062482358888,219.97724170330912,205.75387740973383,3.2637492272882693,4.631292073416613,3.644989720816093,318.8234905246645,319.08235119190067,319.0915178088472,318.7485587550327,1,,-0.06558844437362954,-0.06558844437362965,-0.06558844437362976,-0.06558844437362965,-0.09118319962994526,-0.10048519801754474,-0.1016714045940812,-0.03493489623096102,-0.024917230794186063,-0.41417346715141123,-0.13599932003210924,-0.06933833705480064,-0.06764685898842937,-0.0673370878356514,-0.06863725644010676,False,False,False
lfm25,42,cap16_chunk8192_pollpm_mem0.85,16,8192,lpm,0.85,0,R_long_prefill,8.588654109558806,274.8369315058818,34629.4533697411,34354.61643823522,298.7892283126712,332.5723675079644,332.5997662730515,279.36242485884577,4.596773595098526,7.847486253106785,5.229624453932047,441.3375398144126,442.227031220682,442.3073871294037,441.4807829307392,1,,-0.34095112059743005,-0.34095112059743016,-0.34095112059743027,-0.34095112059743016,-0.49928711278565885,-0.6658195688600428,-0.6656980005772286,-0.40518334731728056,-0.44352771477809716,-1.3962442158807788,-0.6298673737713514,-0.48025212988028265,-0.4796879209360787,-0.47948488806180545,-0.4801096340163029,False,False,False
lfm25,43,cap16_chunk8192_pollpm_mem0.9,16,8192,lpm,0.9,0,R_long_prefill,11.981746302382968,383.41588167625497,48310.40109120812,47926.98520953187,224.33854453265667,226.04540926404297,226.1294443253428,209.00459145195785,3.202846919697139,4.962886274311571,3.705409573270909,323.97694513201714,324.388518393971,324.42647953052074,323.872288223356,1,,-0.08058278129016161,-0.08058278129016172,-0.08058278129016183,-0.08058278129016161,-0.12570285956536864,-0.1322373804672825,-0.1324823450872099,-0.051285875577348206,-0.005792040683566091,-0.5154263601526037,-0.1548298014771281,-0.08662309411848224,-0.08540124974491081,-0.08518213287735898,-0.08581508533180804,False,False,False
lfm25,44,cap16_chunk8192_polfcfs_mem0.75,16,8192,fcfs,0.75,0,R_long_prefill,11.938340766135108,382.0269045163234,48135.38996905676,47753.36306454043,221.6914147138596,222.8889228543267,222.93212759774175,207.158548058942,3.3058378875495924,4.972985019576885,3.782343217021515,324.3524089921266,325.2446955535561,325.3292487282306,324.41118778660893,1,,-0.08391349756527422,-0.08391349756527444,-0.08391349756527411,-0.08391349756527433,-0.11241989201795799,-0.11642687621659409,-0.11646981405011658,-0.04200034107641559,-0.038134359353635405,-0.5185100304068948,-0.17880697937948797,-0.08788240502789146,-0.08826601130804357,-0.08820182783223585,-0.08762180142495901,False,False,False
lfm25,45,cap16_chunk8192_polfcfs_mem0.8,16,8192,fcfs,0.8,0,R_long_prefill,12.41661409272262,397.33165096712384,50063.7880218576,49666.45637089048,213.83713581599292,215.1631132233888,215.1953320298344,201.90860226284715,3.184990762102027,4.5644177980120135,3.578047662402593,312.70609446801245,313.46417386084795,313.5650425776839,312.8280797973275,1,,-0.047213277028411604,-0.047213277028411715,-0.047213277028411715,-0.047213277028411604,-0.0730080993027502,-0.07772911859788412,-0.0777230492741059,-0.015593295065420065,-0.00018466023840479906,-0.39375328539371135,-0.11513612461485057,-0.048820507218733766,-0.048848484968892825,-0.04885144453265644,-0.04878824311472951,False,False,False
lfm25,46,cap16_chunk8192_polfcfs_mem0.85,16,8192,fcfs,0.85,0,R_long_prefill,12.330432357170404,394.5738354294529,49716.30326411107,49321.72942868162,215.7943896017969,217.15667934622616,217.1848541079089,203.7390710320324,3.181625007381362,4.55900188310132,3.57242392361044,314.4892069976777,314.7730750963092,314.78614393621683,314.484212663956,1,,-0.05382641751772799,-0.0538264175177281,-0.0538264175177281,-0.05382641751772799,-0.08282935488843024,-0.0877146789862091,-0.08768680536656315,-0.02480048974646243,0.0008722898418875857,-0.3920995259145772,-0.113383427369248,-0.05480109097094088,-0.053228057475946944,-0.05293593658345874,-0.05434059851927353,False,False,False
lfm25,47,cap16_chunk8192_polfcfs_mem0.9,16,8192,fcfs,0.9,0,R_long_prefill,12.151529229469244,388.8489353430158,48994.96585321999,48606.11691787697,219.5207083132118,221.21501257643104,221.2424075417221,207.471635309048,3.2288002436079326,4.633824714279222,3.6265856601418025,319.67360549606383,320.515041728504,320.630576373078,319.8957907734439,1,,-0.06755451790796729,-0.0675545179079674,-0.0675545179079674,-0.06755451790796729,-0.10152755781129486,-0.10804243791124479,-0.1080075010714101,-0.04357515912980503,-0.013942179379931696,-0.41494681365017394,-0.1302635012745348,-0.07218963426732894,-0.07244062945424568,-0.07248512278573327,-0.07248346952242968,False,False,False
lfm25,48,cap24_chunk-1_pollpm_mem0.75,24,-1,lpm,0.75,0,R_long_prefill,13.008383821832329,416.2682822986345,52449.80356962796,52033.53528732932,198.85174953378737,199.20602906495333,199.23789147287607,198.28037463594228,3.172149205760609,3.260896324871048,3.197881385623928,297.418896574527,297.7117379195988,297.7359839715064,297.41469759028405,1,,-0.0018039297827172618,-0.0018039297827173728,-0.0018039297827171508,-0.0018039297827170397,0.0021867015938688006,0.002198216472825809,0.002193653999323586,0.002656564571856701,0.0038479818085055406,0.004279369847172698,0.0033466874088302623,0.0024529630853080686,0.003859032984603994,0.004095563999291896,0.002886702612182379,False,False,False
lfm25,49,cap24_chunk-1_pollpm_mem0.8,24,-1,lpm,0.8,0,R_long_prefill,11.835647090210806,378.7407068867458,47721.32906772997,47342.58836084322,227.82026487402615,228.2421454554424,228.27787242364136,227.3430994246155,3.233631336761098,3.317256704453499,3.257638425566256,328.351859934628,328.6936881020665,328.72685719281435,328.32989061716944,1,,-0.091793678927371,-0.09179367892737123,-0.09179367892737123,-0.09179367892737111,-0.14317369834900884,-0.14324059809079293,-0.14324192086148124,-0.14352793723200374,-0.015459290613494492,-0.012930374677811551,-0.015277221556931453,-0.10129661805513335,-0.09980631131942541,-0.09956657218237241,-0.10075965484149041,False,False,False
lfm25,50,cap24_chunk-1_pollpm_mem0.85,24,-1,lpm,0.85,0,R_long_prefill,9.393328055708094,300.586497782659,37873.89872061504,37573.31222283239,317.2767127398401,317.72872519213706,317.7787059778348,298.7674612086266,3.1869604117086814,5.249461934210792,3.793299986770557,416.3740547373891,416.7184355901554,416.7339703300968,416.3597607985139,1,,-0.2792046052844068,-0.27920460528440694,-0.27920460528440694,-0.2792046052844066,-0.5920550057448857,-0.5914693453939517,-0.5914724207555351,-0.5027900098688967,-0.0008031905481504786,-0.6029327596921841,-0.18222177172130927,-0.39652426034523813,-0.3943363748527333,-0.39394373547958295,-0.39588882914363266,False,False,False
lfm25,51,cap24_chunk-1_pollpm_mem0.9,24,-1,lpm,0.9,0,R_long_prefill,12.079322904781192,386.5383329529982,48703.829952077765,48317.29161912477,218.3677558787167,218.86438434012237,218.9088223967701,217.9613374173641,3.2236698353963518,3.3167605904201345,3.248570299136542,318.6685382388532,319.41898819059134,319.4939313456416,318.66701669059694,1,,-0.07309525767515335,-0.07309525767515335,-0.07309525767515346,-0.07309525767515324,-0.09574218617505759,-0.09626839142476329,-0.09632063744646047,-0.09633799839987667,-0.012331074049567237,-0.012778885354412406,-0.012451044736928374,-0.06881862497411406,-0.06877324355006009,-0.06868313079980548,-0.06836387830041124,False,False,False
lfm25,52,cap24_chunk-1_polfcfs_mem0.75,24,-1,fcfs,0.75,0,R_long_prefill,7.742723125407537,247.7671400130412,31218.659641643186,30970.892501630147,406.70608449727297,407.1319072507322,407.1702462993562,392.1803197590634,3.165654034443921,4.799971098621045,3.64319660941199,505.1553600933403,505.78596584964544,505.8428908744827,505.1194146508351,1,,-0.40586348754632406,-0.40586348754632406,-0.4058634875463242,-0.40586348754632395,-1.0408004486031106,-1.0392803626096208,-1.0391555675315205,-0.9726534617153704,0.005887664558569261,-0.46567991462387504,-0.1354404780347862,-0.6942979697875882,-0.6923555807542572,-0.6920063615472518,-0.6934646781005356,False,False,False
lfm25,53,cap24_chunk-1_polfcfs_mem0.8,24,-1,fcfs,0.8,0,R_long_prefill,8.985509771877478,287.5363127000793,36229.57540020999,35942.03908750991,337.44089491665363,337.8760999068618,337.92339373379946,316.50433444883674,3.16345015720975,5.503311218513597,3.8510246292477657,435.7585059478879,436.50725826155394,436.58136607613415,435.8860979555175,1,,-0.31049847036849676,-0.31049847036849676,-0.31049847036849676,-0.31049847036849676,-0.6932363590630257,-0.69238539958219,-0.6923593410722968,-0.5920058696009776,0.006579749518090927,-0.6804461008560827,-0.20021226267625325,-0.4615399741749915,-0.46054960880089135,-0.46033177901694655,-0.4613528784534884,False,False,False
lfm25,54,cap24_chunk-1_polfcfs_mem0.85,24,-1,fcfs,0.85,0,R_long_prefill,12.01216886440665,384.3894036610128,48433.06486128761,48048.6754576266,224.5657010935247,224.98823455534875,225.03195020370185,224.0300690755248,3.236951464186272,3.3368522774488216,3.2637016847729683,325.0933450181037,325.8346075657755,325.90623606927693,325.2048213034868,1,,-0.0782483112842094,-0.07824831128420962,-0.07824831128420962,-0.0782483112842094,-0.12684270287972588,-0.12694210494381442,-0.12698596791128058,-0.12686350901460375,-0.01650191232537157,-0.018913918571032307,-0.017166899954834225,-0.09036751456790215,-0.09023985193123374,-0.09013180701983492,-0.0902825392410227,False,False,False
lfm25,55,cap24_chunk-1_polfcfs_mem0.9,24,-1,fcfs,0.9,0,R_long_prefill,12.374695928248173,395.9902697039415,49894.77398269663,49498.783712992685,214.6840610075742,215.03297379240396,215.06460262462497,213.80157896783203,3.226934248701699,3.3618452425505363,3.2642946255603627,314.809603150934,315.57908593676984,315.6849204283208,314.99471236020327,1,,-0.05042986008916739,-0.0504298600891675,-0.05042986008916761,-0.0504298600891675,-0.07725786437092919,-0.0770772640483337,-0.07706834133094032,-0.07541455708489586,-0.0133561998212135,-0.026545565971368257,-0.0173516961772906,-0.055875704040254215,-0.05592496295791438,-0.05594227623888037,-0.05605210114360526,False,False,False
lfm25,56,cap24_chunk2048_pollpm_mem0.75,24,2048,lpm,0.75,0,R_long_prefill,10.57310313758954,338.33930040286526,42630.75185076102,42292.41255035816,198.19582952186465,261.6228027269244,266.0732853040099,183.43016074504703,5.486535103691201,9.165931456241632,5.96030312590301,368.2784177362919,368.7651489395648,368.8076562527567,368.1995576480404,1,,-0.18867476955663154,-0.18867476955663165,-0.18867476955663165,-0.18867476955663143,0.005478026473441866,-0.3104407552202437,-0.33252570891482724,0.07735262748772453,-0.7229400831761905,-1.7988338592480257,-0.857591054247228,-0.23521083765574557,-0.23388508170087818,-0.23363382549116185,-0.234426805392576,False,False,False
lfm25,57,cap24_chunk2048_pollpm_mem0.8,24,2048,lpm,0.8,0,R_long_prefill,10.484751840939316,335.51205891005816,42274.51942266733,41939.00736375727,208.67264945991337,265.3323062462732,268.8757830252871,191.7994220275432,5.233355407272615,8.935085168829367,5.778264107873604,370.90666708536446,371.69438009150326,371.7760711256415,370.9256093716249,1,,-0.19545439093948458,-0.19545439093948458,-0.19545439093948458,-0.19545439093948447,-0.04709335036232121,-0.329021263275046,-0.3465609408191135,0.03525553232736778,-0.6434339032353227,-1.7283445250678997,-0.8008566828113555,-0.24402602183078126,-0.24368626445804464,-0.2435629496110041,-0.24356617357100285,False,False,False
lfm25,58,cap24_chunk2048_pollpm_mem0.85,24,2048,lpm,0.85,0,R_long_prefill,11.596892876319536,371.1005720422251,46758.67207732036,46387.57150527814,169.72495801746845,229.79326059576124,233.80864165257665,161.6435992764309,5.366256009907492,8.207711626234794,5.63214709531636,336.2592803314328,336.61909613292664,336.65321064647287,336.24015923123807,1,,-0.11011444200741616,-0.11011444200741638,-0.11011444200741638,-0.11011444200741627,0.1483413116640594,-0.15100996863008276,-0.17094065122898372,0.18693827912456218,-0.6851687634030537,-1.5062396894542118,-0.7553177815732501,-0.12781821395008297,-0.12632465982332186,-0.12607962734121236,-0.1272796422022462,False,False,False
lfm25,59,cap24_chunk2048_pollpm_mem0.9,24,2048,lpm,0.9,0,R_long_prefill,8.405880039473178,268.9881612631417,33892.50831915585,33623.520157892715,221.1413644254208,348.12106087338174,361.5840041777119,220.96042963676155,7.808207939829557,11.94510232251618,7.82002696031404,463.2288559805602,463.8765824958682,463.95766992121935,463.3812654064968,1,,-0.35497625707832714,-0.35497625707832725,-0.35497625707832725,-0.35497625707832714,-0.10965980821742227,-0.7437013179434095,-0.8108544078322246,-0.11142332866895455,-1.4520164699677292,-2.6474587435054864,-1.4371935149272619,-0.553675902973433,-0.5521271371168581,-0.5519034529441156,-0.5535332491661824,False,False,False
lfm25,60,cap24_chunk2048_polfcfs_mem0.75,24,2048,fcfs,0.75,0,R_long_prefill,11.61930195120122,371.817662438439,46849.02546724332,46477.20780480488,182.9608345869929,235.41606115177277,235.73710748925805,167.74812212679535,4.861112263414167,8.2520910516201,5.35780148610713,333.6952212266624,334.5972082577646,334.6762643568218,333.8399681961164,1,,-0.10839488554364096,-0.10839488554364107,-0.10839488554364096,-0.10839488554364096,0.08192533248309886,-0.17917397776946742,-0.18059863062066062,0.15623274004934773,-0.5265381537103164,-1.5197910278004945,-0.6698150917479131,-0.11921832473020988,-0.11955944002636332,-0.11946689093852392,-0.11923275542502365,False,False,False
lfm25,61,cap24_chunk2048_polfcfs_mem0.8,24,2048,fcfs,0.8,0,R_long_prefill,11.964958673268256,382.8786775445842,48242.71337061761,47859.83469307303,175.47489888966084,221.84306671842933,222.01910188421607,160.44420888647437,4.739993499712117,7.909661953547789,5.229903186010497,322.41469738073647,323.2160592218861,323.3225321350619,322.5712076527998,1,,-0.08187097709066116,-0.08187097709066127,-0.08187097709066127,-0.08187097709066105,0.11948882492067447,-0.1111882942188025,-0.11189727594362009,0.19297117135676156,-0.4885031518624994,-1.415229679218304,-0.6299542435503749,-0.08138329384632237,-0.08147821123246146,-0.08148951200707133,-0.08145307918891831,False,False,False
lfm25,62,cap24_chunk2048_polfcfs_mem0.85,24,2048,fcfs,0.85,0,R_long_prefill,11.777263773916491,376.8724407653278,47485.9275364313,47109.05509566597,182.8763750381768,231.8589264294133,232.08408217411488,167.9719319799915,4.767123452057281,7.9911692916686015,5.247253924608231,330.6572020519525,330.944965290837,330.9573454177007,330.63680364284664,1,,-0.09627371254949002,-0.09627371254949002,-0.09627371254949002,-0.09627371254948991,0.08234913997377291,-0.16135666879103572,-0.1623038584033627,0.1551069842185998,-0.4970227879291118,-1.4401180933198914,-0.6353617834225771,-0.10902876696933461,-0.10733906582723463,-0.10702738725746341,-0.10849381751891363,False,False,False
lfm25,63,cap24_chunk2048_polfcfs_mem0.9,24,2048,fcfs,0.9,0,R_long_prefill,11.624067262144877,371.97015238863605,46868.23920096814,46496.26904857951,186.19838124141097,234.85629139468077,235.0569230876863,170.75131938327104,4.752456052829661,8.045645927890174,5.256169580764348,333.5400235373527,334.4354845350608,334.51243102084845,333.6925763869658,1,,-0.10802922023713768,-0.10802922023713779,-0.10802922023713779,-0.10802922023713768,0.06567972683184087,-0.17637015067340678,-0.1771921886666643,0.14112676158556248,-0.4924167752876887,-1.4567526333797614,-0.6381404412808278,-0.1186977895628416,-0.11901831381263306,-0.1189188807723216,-0.11873860925800228,False,False,False
lfm25,64,cap24_chunk8192_pollpm_mem0.75,24,8192,lpm,0.75,0,R_long_prefill,11.644260765383034,372.6163444922571,46949.6594060244,46577.04306153214,228.18352817557752,230.3600310580805,230.42460641358048,212.62619807384908,3.271222046966995,5.082672211762157,3.787985022720551,329.90149897523224,330.7679677149281,330.8543374715373,330.05373377818614,1,,-0.10647967527810764,-0.10647967527810775,-0.10647967527810753,-0.10647967527810753,-0.14499650832659605,-0.15384886151303,-0.1539930123456441,-0.06950243178810878,-0.02726392507673281,-0.5520032142561948,-0.18056530736632892,-0.10649412853965878,-0.1067468334293542,-0.10668283343780383,-0.10653901595708892,False,False,False
lfm25,65,cap24_chunk8192_pollpm_mem0.8,24,8192,lpm,0.8,0,R_long_prefill,12.32821331607642,394.50282611444544,49707.35609042013,49312.85326430568,211.41134994104505,213.39471607934684,213.63424019422385,199.8935429146513,3.265662997540447,4.617478642913122,3.6457972000202825,312.7576175611466,313.44249225221574,313.5326235275716,312.9132561152801,1,,-0.053996695250150606,-0.05399669525015072,-0.05399669525015072,-0.053996695250150606,-0.06083580808186029,-0.06887140564315186,-0.06990492126267744,-0.00545761614807283,-0.025518213274959622,-0.40995551099604266,-0.13625097940488096,-0.04899331637605564,-0.048775938489065584,-0.04874300525236808,-0.049073805462324094,False,False,False
lfm25,66,cap24_chunk8192_pollpm_mem0.85,24,8192,lpm,0.85,0,R_long_prefill,12.563316293797568,402.0261214015222,50655.29129659179,50253.265175190274,211.65023534558716,213.1013409467414,213.2656068587676,200.0791725004092,3.196307247684848,4.523056572783858,3.57376855813087,310.92283641919494,311.15853644441813,311.1761522432789,310.8659978024661,1,,-0.0359561091426156,-0.03595610914261582,-0.03595610914261582,-0.0359561091426156,-0.0620345052721345,-0.06740192084929175,-0.06805876299054114,-0.0063913265524271345,-0.0037383833519615273,-0.3811235599608733,-0.1138024968366258,-0.04283943539330437,-0.04113384159729172,-0.040860786334684374,-0.04221016185817805,False,False,False
lfm25,67,cap24_chunk8192_pollpm_mem0.9,24,8192,lpm,0.9,0,R_long_prefill,10.901971203341914,348.86307850694124,43956.7478918746,43607.88481336766,237.1696508489549,256.912927585654,257.15045993682,217.6037939498201,3.893235856066308,6.696651124155088,4.527093865157616,357.85996238701046,358.49864550400525,358.58349232468754,357.9437037697062,1,,-0.16343913572616087,-0.16343913572616098,-0.16343913572616098,-0.16343913572616076,-0.19008775205780237,-0.28684949225391243,-0.28783917007515103,-0.09453956710837863,-0.22259531432917767,-1.0448346138453295,-0.4109163389874104,-0.20026719627114553,-0.19953344769534542,-0.19943476740439414,-0.2000430027055915,False,False,False
lfm25,68,cap24_chunk8192_polfcfs_mem0.75,24,8192,fcfs,0.75,0,R_long_prefill,12.33444707872651,394.70230651924834,49732.49062142529,49337.78831490604,216.12748270854357,217.77255358174443,217.79641004279256,203.61402491107583,3.2366503165253717,4.681484258523391,3.64263421450291,316.46364252083004,317.0626673381776,317.1136991586536,316.535685560666,1,,-0.053518348557339834,-0.053518348557339945,-0.053518348557339945,-0.05351834855733972,-0.08450077458827443,-0.09079952743940622,-0.09074954804191604,-0.02417151207738777,-0.01640734273525446,-0.42949974226236387,-0.13526520175604784,-0.06142337465359926,-0.06088901382863776,-0.060721433452668894,-0.06121837194847446,False,False,False
lfm25,69,cap24_chunk8192_polfcfs_mem0.8,24,8192,fcfs,0.8,0,R_long_prefill,12.235108426113134,391.5234696356203,49331.95717408816,48940.43370445254,217.127236770466,218.77343938685956,218.80862561054528,205.1224180031568,3.2081118214034268,4.599236209516323,3.5982798717375246,316.72531249932945,317.2409728402272,317.2967141168192,316.66909402702004,1,,-0.06114108278916108,-0.061141082789161194,-0.061141082789161194,-0.06114108278916108,-0.08951741588240725,-0.09581285783978921,-0.09581884038163047,-0.03175867722771741,-0.007445381091001568,-0.40438515074299164,-0.12144170509865049,-0.06230101933155341,-0.06148562253636625,-0.061333604700028355,-0.061665637523657946,False,False,False
lfm25,70,cap24_chunk8192_polfcfs_mem0.85,24,8192,fcfs,0.85,0,R_long_prefill,12.053930509636372,385.725776308364,48601.447814853855,48215.72203854549,221.9237342942506,223.51046158000827,223.53790750727055,206.70646510552612,3.261554993749145,5.009043524642625,3.756667919186575,323.1462971307337,323.8786410307512,323.9649546844885,323.16317060031,1,,-0.07504373870047676,-0.07504373870047654,-0.07504373870047676,-0.07504373870047665,-0.1135856427208699,-0.11954009749773364,-0.11950362972412876,-0.03972637943656032,-0.02422817425030943,-0.5295205605830868,-0.17080500321051728,-0.08383708938931811,-0.08369520438302369,-0.08363836703704308,-0.08343769572369508,False,False,False
lfm25,71,cap24_chunk8192_polfcfs_mem0.9,24,8192,fcfs,0.9,0,R_long_prefill,11.92876037290511,381.7203319329635,48096.7618235534,47715.04149162044,224.89286493510008,226.2194404378533,226.2615987285972,209.41672893241048,3.2849934688138385,5.055422631783351,3.793877872428106,326.903322013095,327.67761719878763,327.78124071192,327.02694297768176,1,,-0.08464864737360545,-0.08464864737360567,-0.08464864737360567,-0.08464864737360556,-0.12848437026584092,-0.13310908408203947,-0.13314418958498253,-0.05335891286799299,-0.031588573375491036,-0.5436825053943546,-0.18240187585446588,-0.09643820210333565,-0.09640654663691306,-0.09640355629320752,-0.0963913891583903,False,False,False
lfm25,72,cap32_chunk-1_pollpm_mem0.75,32,-1,lpm,0.75,0,R_long_prefill,12.53211147068608,401.0275670619545,50529.47344980628,50128.44588274432,210.6185224838555,211.00780703127384,211.0423232614994,210.05496429279447,3.19931004947472,3.3013318642793643,3.226970112131488,309.9682666361332,310.69786625448614,310.7978682266548,310.0910377688706,1,,-0.03835060581709371,-0.03835060581709404,-0.03835060581709382,-0.03835060581709371,-0.056857498703240195,-0.05691563243456188,-0.05692430224156553,-0.05656921468483089,-0.004681355094204198,-0.008067695735113345,-0.0057191196480383955,-0.039637795317341906,-0.0395924430226815,-0.03959545479766691,-0.03961202881128112,False,False,False
lfm25,73,cap32_chunk-1_pollpm_mem0.8,32,-1,lpm,0.8,0,R_long_prefill,12.767291836264052,408.55333876044966,51477.72068381666,51069.16734505621,204.6572139952332,205.0916170002893,205.12807274702936,203.9586884202436,3.233535290365258,3.3575029765826563,3.267501837634031,305.22488174028695,306.02114133071154,306.1157320579514,305.2512453868985,1,,-0.02030408136582429,-0.0203040813658244,-0.0203040813658244,-0.02030408136582429,-0.026944395601082416,-0.02728206666192512,-0.027305053354968134,-0.025905157623152153,-0.015429129103158745,-0.025219647151793367,-0.0183512574967859,-0.02372841766079592,-0.023944160826660177,-0.02393406204905868,-0.02338612814207952,False,False,False
lfm25,74,cap32_chunk-1_pollpm_mem0.85,32,-1,lpm,0.85,1,R_long_prefill,13.031892440731331,417.02055810340266,52544.590321028736,52127.569762925326,199.28753189742565,199.64489175472409,199.67591133434323,198.8085223129019,3.1844027295348143,3.2749108797419937,3.2086196325479017,298.15024812705815,298.8650680752471,298.96039540413767,298.27573092188686,1,,0.0,0.0,0.0,0.0,0.0,0.0,0.0,0.0,0.0,0.0,0.0,0.0,0.0,0.0,0.0,False,False,False
lfm25,75,cap32_chunk-1_pollpm_mem0.9,32,-1,lpm,0.9,0,R_long_prefill,12.447864341764674,398.3316589364696,50189.78902599517,49791.4573670587,208.823797525838,209.21199144795537,209.24276174977425,208.4281345596537,3.233929788092932,3.321965190491849,3.255016793827376,309.12840249948204,310.12234170921147,310.2335305605084,309.3336551683024,1,,-0.04481529460305167,-0.04481529460305178,-0.04481529460305178,-0.04481529460305167,-0.04785179252117344,-0.04792058343764216,-0.047911890580591976,-0.04838631732100307,-0.015553013473692312,-0.014368119462708107,-0.014460162497550888,-0.03682087954441515,-0.03766674274268156,-0.03770778781962614,-0.037072825912582985,False,False,False
lfm25,76,cap32_chunk-1_polfcfs_mem0.75,32,-1,fcfs,0.75,0,R_long_prefill,12.058978501141368,385.8873120365238,48621.801316602,48235.91400456547,219.44588492624464,219.8811318492517,219.92021046113223,218.91800803132355,3.139944837218331,3.226835417350934,3.1637973527634338,317.1054425183684,317.34413478989154,317.3516262555495,316.99572596699,1,,-0.07465638195026147,-0.07465638195026159,-0.07465638195026147,-0.07465638195026147,-0.10115210337992742,-0.1013611714112328,-0.10138578555372835,-0.1011500185428249,0.013961139997822447,0.014679929975635608,0.013969334142880485,-0.06357598060167446,-0.06183080155085863,-0.06151728166719339,-0.06276070462469363,False,False,False
lfm25,77,cap32_chunk-1_polfcfs_mem0.8,32,-1,fcfs,0.8,0,R_long_prefill,13.055085039176571,417.7627212536503,52638.10287795994,52220.34015670629,197.63186923228204,198.06820526719093,198.11262264847755,197.05052964854983,3.186901122511875,3.294808559510256,3.216024206560706,296.61087645217776,297.4347924347967,297.5149930547923,296.74728005193174,1,,0.001779680008158424,0.001779680008158202,0.001779680008158202,0.001779680008158424,0.008307908926263319,0.007897454694058559,0.007829130090950542,0.008842642377197563,-0.0007845719242383087,-0.006075792746405906,-0.002307713241449072,0.005163073599805834,0.004785690243632956,0.0048347619670207065,0.0051242884066735606,True,False,True
lfm25,78,cap32_chunk-1_polfcfs_mem0.85,32,-1,fcfs,0.85,0,R_long_prefill,12.051785871570935,385.6571478902699,48592.80063417401,48207.14348628374,219.0679225604981,219.479136983864,219.5161254843697,218.54888321831825,3.338003711354348,3.43332074642662,3.362652699222728,322.70015636459,323.4159169020131,323.4678496653214,322.7911168942228,1,,-0.0752083071294436,-0.07520830712944371,-0.07520830712944371,-0.0752083071294436,-0.09925553532999509,-0.09934762194420443,-0.099362081371976,-0.09929333348369873,-0.04823541331468828,-0.04837074122063023,-0.04800602262491038,-0.08234072717279695,-0.0821469333464715,-0.0819755881980766,-0.08219034749010845,False,False,False
lfm25,79,cap32_chunk-1_polfcfs_mem0.9,32,-1,fcfs,0.9,0,R_long_prefill,11.829263603027206,378.5364352968706,47695.59084740569,47317.05441210882,228.9808241184801,229.348849109374,229.38252754043788,228.24271256104112,3.235003790788112,3.3570183065509607,3.26784489481079,329.5357378665358,330.2468783920631,330.32974518369883,329.5459043001756,1,,-0.09228351470622143,-0.09228351470622154,-0.09228351470622154,-0.09228351470622154,-0.14899724000966463,-0.14878395882596895,-0.14877416112729303,-0.1480529602338332,-0.015890283218256807,-0.025071652275140854,-0.018458174868131394,-0.10526736079086718,-0.10500327294494904,-0.10492811175592598,-0.10483646551344084,False,False,False
lfm25,80,cap32_chunk2048_pollpm_mem0.75,32,2048,lpm,0.75,0,R_long_prefill,10.710387043867076,342.73238540374643,43184.28056087205,42841.54817546831,199.2050965782255,259.9365456029773,264.0861929580569,184.25889348145571,5.328600925783958,8.9391392220052,5.8074601730632205,364.39172527752817,364.7698729066178,364.8061068123207,364.2901588464156,1,,-0.17814031288413368,-0.1781403128841338,-0.1781403128841338,-0.17814031288413346,0.0004136501587193031,-0.3019944728779995,-0.3225741212011459,0.07318413044963301,-0.6733439135578096,-1.7295824375866529,-0.8099559430955767,-0.22217481812136852,-0.2205169217527203,-0.2202489440755928,-0.22132014468792538,False,False,False
lfm25,81,cap32_chunk2048_pollpm_mem0.8,32,2048,lpm,0.8,0,R_long_prefill,10.792905348884252,345.3729711642961,43516.9943667013,43171.62139553701,193.8493326306343,255.4023357341066,259.7620110632852,179.78014005348086,5.369104955705904,8.903615831607771,5.818747791401561,360.2915862575173,360.4731655446813,360.48274678643793,360.16132158692926,1,,-0.17180828509979862,-0.17180828509979873,-0.17180828509979884,-0.17180828509979862,0.02728820621648531,-0.279283098552223,-0.3009181194036572,0.09571210548747278,-0.6860634196511433,-1.7187353056487518,-0.8134738478742674,-0.20842289590843244,-0.20614017511716276,-0.2057876304957844,-0.20747779403229138,False,False,False
lfm25,82,cap32_chunk2048_pollpm_mem0.85,32,2048,lpm,0.85,0,R_long_prefill,11.70294349553513,374.4941918571242,47186.26817399765,46811.77398214053,169.84845558181405,227.93011995963752,232.33356564305723,163.1438775220886,5.092668677529981,7.8322543071643,5.371455553798906,331.58451691269875,331.7711093230173,331.7740608146414,329.6589996898547,1,,-0.10197666618568424,-0.10197666618568435,-0.10197666618568435,-0.10197666618568413,0.14772161627634617,-0.14167769561398824,-0.16355330039801874,0.17939193137143916,-0.5992539606552627,-1.3915931134533182,-0.6740705253160653,-0.11213899366400137,-0.11010333679908424,-0.10975923873175875,-0.10521562941433715,False,False,False
lfm25,83,cap32_chunk2048_pollpm_mem0.9,32,2048,lpm,0.9,0,R_long_prefill,11.706910443558794,374.6211341938814,47202.26290842905,46827.64177423518,167.28808591142297,225.27182491030544,229.19385771732777,159.7187821753323,5.295435011747383,8.016606574998265,5.542040224217119,331.44657127559185,332.08351803477854,332.1372837526724,331.522029126063,1,,-0.10167226311899957,-0.10167226311899968,-0.1016722631189998,-0.10167226311899957,0.16056923221103947,-0.12836257882854119,-0.14782928088686087,0.1966200426561534,-0.6629288006297349,-1.4478854141001345,-0.727235029044653,-0.11167632211509781,-0.11114865371675964,-0.11097419209553117,-0.1114616268022246,False,False,False
lfm25,84,cap32_chunk2048_polfcfs_mem0.75,32,2048,fcfs,0.75,0,R_long_prefill,8.532292751486876,273.03336804758004,34402.20437399508,34129.1710059475,216.45995578728616,343.7772993696853,357.271924703382,216.0576531896368,7.828069753163765,12.0057609014874,7.846051973531082,459.13011813536286,459.9590574624017,460.0734083587304,459.28526436910033,1,,-0.34527599960700295,-0.34527599960700295,-0.34527599960700306,-0.34527599960700295,-0.0861690830648616,-0.72194387919545,-0.7892590163525304,-0.08676253249137234,-1.4582536877511436,-2.665980951039879,-1.4453044835671864,-0.5399286803199386,-0.5390191313579509,-0.5389108906442224,-0.5398009853150909,False,False,False
lfm25,85,cap32_chunk2048_polfcfs_mem0.8,32,2048,fcfs,0.8,0,R_long_prefill,7.679253919989269,245.7361254396566,30962.75180539673,30717.01567995708,256.6712081898004,389.6902967244386,403.5481497645378,248.50165494717655,8.079767242194183,13.29167936778357,8.344473535074822,507.14399269782007,507.9176990315318,508.0144838616252,507.18033453449607,1,,-0.41073378598585797,-0.41073378598585797,-0.4107337859858581,-0.41073378598585786,-0.28794413652486006,-0.951917193068966,-1.021015690214254,-0.24995474065273382,-1.5372944091699408,-3.0586384960896167,-1.6006427968056283,-0.7009678706747151,-0.699488342022127,-0.6992701764890501,-0.7003741235230352,False,False,False
lfm25,86,cap32_chunk2048_polfcfs_mem0.85,32,2048,fcfs,0.85,0,R_long_prefill,10.665598141908037,341.2991405410572,43003.6917081732,42662.39256763215,209.23999813385308,259.49781846720725,260.0312730157748,194.2668779520318,4.811493274305136,8.094043926816553,5.3191892231904685,358.3962896373123,358.9889309136197,359.06257247086614,358.350382768549,1,,-0.1815771814865057,-0.1815771814865057,-0.1815771814865058,-0.1815771814865056,-0.049940235305588665,-0.2997969353807266,-0.3022666143257049,0.022844314257927545,-0.5109562712276696,-1.4715310504737227,-0.657781174569017,-0.2020660451859828,-0.20117393854552068,-0.20103725440114473,-0.20140643578674067,False,False,False
lfm25,87,cap32_chunk2048_polfcfs_mem0.9,32,2048,fcfs,0.9,0,R_long_prefill,11.657302920400808,373.0336934528258,47002.24537505606,46629.21168160324,184.67660178430376,233.1010348862037,233.3954606903717,169.165744446218,4.801186680373165,8.087520196192687,5.304971938922761,333.5133888758719,334.2457426479086,334.3409630237147,333.6198745528236,1,,-0.10547888778104308,-0.1054788877810433,-0.1054788877810432,-0.10547888778104286,0.07331582650460144,-0.16757825776270074,-0.1688713933027577,0.1491021487500901,-0.5077196850269423,-1.4695390174494896,-0.6533502086410246,-0.11860845654484775,-0.11838343905669668,-0.11834533323970642,-0.11849486889763994,False,False,False
lfm25,88,cap32_chunk8192_pollpm_mem0.75,32,8192,lpm,0.75,0,R_long_prefill,12.366910876432383,395.7411480458363,49863.38465377538,49467.64350572954,213.52429455146196,216.12185563426465,216.43919823225588,201.77703897934407,3.2483510853302096,4.634712789688379,3.632624979100881,314.4506586249918,314.7670763079077,314.7917938698083,314.3884133314714,1,,-0.05102724468631592,-0.05102724468631592,-0.05102724468631592,-0.05102724468631581,-0.07143830082337543,-0.08253135722492466,-0.08395247471711142,-0.0149315362938518,-0.020081742551683046,-0.4152179890933443,-0.13214571844288225,-0.054671799203021676,-0.053207985580492334,-0.05295483518567612,-0.05401942142521854,False,False,False
lfm25,89,cap32_chunk8192_pollpm_mem0.8,32,8192,lpm,0.8,0,R_long_prefill,12.061327010079506,385.9624643225442,48631.27050464057,48245.30804031802,221.7873940244317,223.68147510569543,223.76142946537584,207.10814651101828,3.234268421487462,4.939949006262806,3.723191266368714,322.3828582558781,323.2282041106373,323.2977053988725,322.5270757684484,1,,-0.07447616952533409,-0.0744761695253342,-0.0744761695253342,-0.07447616952533409,-0.11290150423753986,-0.12039668603443032,-0.12062305347740776,-0.04174682303132715,-0.0156593547324122,-0.5084224235903447,-0.16037165284443544,-0.08127650498715355,-0.08151884792790876,-0.08140646844487676,-0.08130512251736821,False,False,False
lfm25,90,cap32_chunk8192_pollpm_mem0.85,32,8192,lpm,0.85,0,R_long_prefill,12.293265984270146,393.3845114966447,49566.448448577234,49173.06393708059,215.4251914471388,217.705110902898,217.98455545213076,202.95781258028,3.249018550700238,4.71597617011397,3.6594785502060287,316.43321621231735,317.04160128720105,317.0956762973219,316.4016476366669,1,,-0.05667837267844533,-0.05667837267844544,-0.05667837267844544,-0.05667837267844533,-0.08097676455755032,-0.09046171424391858,-0.09169180195767823,-0.02087078672033771,-0.020291347123315262,-0.4400319102685042,-0.14051491584875353,-0.06132132439972948,-0.06081852699954049,-0.06066114833929359,-0.06076899605193464,False,False,False
lfm25,91,cap32_chunk8192_pollpm_mem0.9,32,8192,lpm,0.9,0,R_long_prefill,9.158692383934758,293.07815628591226,36927.84769202495,36634.76953573903,296.2654014118016,330.50671957898885,330.5460765818134,275.42692061979324,4.24454458087923,7.661688689803402,4.925015615299344,427.9223824851215,428.6855979356915,428.79027237184346,428.1024046940729,1,,-0.297209332751308,-0.2972093327513081,-0.2972093327513079,-0.297209332751308,-0.48662286391449183,-0.6554729583817076,-0.6554128856752146,-0.3853878969348341,-0.33291701502192983,-1.33951059163082,-0.534932830722751,-0.435257509169539,-0.43437839924389765,-0.4342711575297473,-0.4352572479528525,False,False,False
lfm25,92,cap32_chunk8192_polfcfs_mem0.75,32,8192,fcfs,0.75,0,R_long_prefill,12.353499882751594,395.311996248051,49809.31152725442,49413.999531006375,213.10656564310196,214.38756128773093,214.41498978063464,201.0107057867572,3.245878386341276,4.624506844688327,3.637301867016621,313.84308100678027,314.0593586722389,314.0721631469205,313.7670636642724,1,,-0.052056334954040384,-0.052056334954040606,-0.05205633495404072,-0.052056334954040495,-0.06934218921828506,-0.07384446155085755,-0.07381500526426477,-0.011076906805782105,-0.019305239326761425,-0.4121015852048644,-0.13360331967061834,-0.05263397558211835,-0.05083996833369042,-0.050547724632069135,-0.05193628289672181,False,False,False
lfm25,93,cap32_chunk8192_polfcfs_mem0.8,32,8192,fcfs,0.8,0,R_long_prefill,12.278397490259293,392.9087196882973,49506.49868072546,49113.58996103716,215.15097748488188,216.92503800150007,216.9687595171854,202.5273817125708,3.1919431827601885,4.660870594483229,3.603873571621314,314.2833891324699,314.9436797713861,315.0025336397812,314.2474624328315,1,,-0.05781930398051638,-0.05781930398051671,-0.05781930398051671,-0.0578193039805166,-0.07960079306728152,-0.08655441216099691,-0.08660457872600613,-0.01870573432368161,-0.0023679332879091852,-0.4232053224148882,-0.12318504040304368,-0.05411077504297945,-0.05379889928150039,-0.053659743839840734,-0.05354686907171602,False,False,False
lfm25,94,cap32_chunk8192_polfcfs_mem0.85,32,8192,fcfs,0.85,0,R_long_prefill,11.343366905196689,362.987740966294,45736.45536175305,45373.46762078675,228.0047384556383,229.28899920079857,229.32775360066444,216.0433997632936,3.204345935955644,4.579415695080834,3.594482542886849,327.500939136371,328.0138127040118,328.0683658178896,327.4723585927859,1,,-0.12956871330959863,-0.12956871330959885,-0.12956871330959874,-0.12956871330959863,-0.14409936379258048,-0.14848417700811534,-0.14849984691779516,-0.08669083824920709,-0.006262777705803302,-0.39833292057144853,-0.12025822768918881,-0.09844261808833021,-0.09753145396512419,-0.09736396814167803,-0.0978846907211004,False,False,False
lfm25,95,cap32_chunk8192_polfcfs_mem0.9,32,8192,fcfs,0.9,0,R_long_prefill,8.957861416208942,286.6515653186861,36118.09723015445,35831.44566483577,299.4902557693422,340.3210728196427,340.36506143864244,283.26541709247977,4.474043545703735,7.583495665852341,5.000382545404136,438.3688915986568,438.583352859132,438.5946820070967,438.277276000008,1,,-0.31262006213226234,-0.31262006213226257,-0.31262006213226246,-0.31262006213226246,-0.5028047812017231,-0.7046320085051208,-0.7045874946263555,-0.4248152634354998,-0.40498671986671564,-1.315634209395582,-0.5584217258664066,-0.47029524326219496,-0.46749620383439106,-0.46706616912986076,-0.46936954825461497,False,False,False
lfm25,96,cap48_chunk-1_pollpm_mem0.75,48,-1,lpm,0.75,0,R_long_prefill,11.675553344127598,373.6177070120832,47075.83108352248,46702.21337651039,229.981109732762,230.3928991081193,230.4364110762253,229.3863028753549,3.271618099402516,3.375103710699946,3.299886278147178,331.6861502826214,332.2606559144333,332.31065212283283,331.6827774979174,1,,-0.1040784446903874,-0.1040784446903874,-0.10407844469038752,-0.1040784446903874,-0.15401654856729574,-0.1540134940751252,-0.15405213145803942,-0.1538051800129927,-0.027388297673153428,-0.030594063361457424,-0.02844420842953066,-0.11247987337334608,-0.1117413555697917,-0.11155409623275325,-0.11200055221649685,False,False,False
lfm25,97,cap48_chunk-1_pollpm_mem0.8,48,-1,lpm,0.8,0,R_long_prefill,11.853438973844142,379.3100471630125,47793.06594253958,47413.75589537657,225.85152694955468,226.3274461496621,226.36651151813567,225.5393798695877,3.217817284166813,3.292176457152011,3.2377527245590763,325.96584130078554,326.4803714118898,326.52367344126105,325.9097143309191,1,,-0.09042842183103961,-0.09042842183103994,-0.09042842183103983,-0.09042842183103961,-0.13329481678664012,-0.13365007318954691,-0.13366960493847913,-0.1344552901742031,-0.010493193691264002,-0.005272075498853779,-0.009079634031921913,-0.09329387900382913,-0.092400572320114,-0.09219708851355723,-0.09264576545876979,False,False,False
lfm25,98,cap48_chunk-1_pollpm_mem0.85,48,-1,lpm,0.85,0,R_long_prefill,11.851168068227883,379.2373781832923,47783.90965109483,47404.672272911535,226.09398677013812,226.57098055351528,226.6194928297773,225.77924106735736,3.242211836961008,3.3223030885921854,3.2627653375628496,326.8046882003546,327.63890323694795,327.7006286336109,326.9249665318057,1,,-0.09060267937855904,-0.09060267937855904,-0.09060267937855915,-0.09060267937855904,-0.1345114499511686,-0.134869911081279,-0.13493656453290925,-0.1356617837137113,-0.01815383050957209,-0.014471297262881766,-0.01687507751486006,-0.09610738294970389,-0.09627701004674205,-0.09613391496429458,-0.09604950265773238,False,False,False
lfm25,99,cap48_chunk-1_pollpm_mem0.9,48,-1,lpm,0.9,0,R_long_prefill,9.487916577908685,303.6133304930779,38255.27964212782,37951.66631163474,310.9319116920233,311.26525928266346,311.2927390728146,296.5167697984725,3.144882724530274,4.7566674965163385,3.615342159455101,408.6764743551612,409.11973351612687,409.16558967903256,408.5923767415807,1,,-0.2719463714836925,-0.2719463714836926,-0.2719463714836926,-0.2719463714836925,-0.5602175847712418,-0.5590945330325396,-0.5589899502277811,-0.49146910981909,0.012410492127141737,-0.452457080875154,-0.12675934622522678,-0.3707064707221097,-0.3689111817280708,-0.36862807237700634,-0.3698478769249378,False,False,False
lfm25,100,cap48_chunk-1_polfcfs_mem0.75,48,-1,fcfs,0.75,0,R_long_prefill,12.272047874437622,392.7055319820039,49480.89702973249,49088.191497750486,219.06802151352167,219.47628958150744,219.51180091127756,218.4834040235728,3.160316684854126,3.264908905651781,3.188983634895375,317.34253210015595,317.962878360413,318.03557220380753,317.3418967053294,1,,-0.05830654064629992,-0.05830654064630003,-0.05830654064630003,-0.05830654064629992,-0.09925603186393595,-0.09933335960905754,-0.0993404234110169,-0.09896397539590818,0.007563755820610862,0.0030541209997754226,0.006119764852568155,-0.06437118229369676,-0.06390111232523688,-0.06380502933802945,-0.06392127755253285,False,False,False
lfm25,101,cap48_chunk-1_polfcfs_mem0.8,48,-1,fcfs,0.8,0,R_long_prefill,12.943238247085915,414.1836239067493,52187.13661225041,51772.95298834366,201.59954437986016,201.9463744945824,201.97462933138013,201.10154489520937,3.159281624961765,3.252795889162489,3.18458013521928,299.67958736233413,300.4401960875839,300.5434431415051,299.82352908700705,1,,-0.006802864131100872,-0.006802864131100983,-0.006802864131100983,-0.006802864131100872,-0.011601390515612042,-0.011527881928909078,-0.011512244925667936,-0.011533824383536784,0.007888796332214842,0.006752852639839491,0.0074921617647562,-0.005129424660496262,-0.005270365059660387,-0.005295175420234166,-0.00518915219933036,False,False,True
lfm25,102,cap48_chunk-1_polfcfs_mem0.85,48,-1,fcfs,0.85,0,R_long_prefill,9.80825747636037,313.8642392435318,39546.89414468501,39233.02990544148,299.4372283574194,299.7909824596718,299.8290882119909,284.5792998559773,3.16135341962499,4.811707277962516,3.646096639004686,397.6186329964548,397.81153481453657,397.8144371882081,397.60829566512257,1,,-0.24736506835303929,-0.2473650683530394,-0.2473650683530394,-0.24736506835303929,-0.5025386962569305,-0.5016211024721999,-0.5015786641882316,-0.4314240483518206,0.007238189345853074,-0.4692635783547172,-0.136344302708574,-0.3336183199385019,-0.3310740441381297,-0.3306593224511847,-0.333022617818173,False,False,False
lfm25,103,cap48_chunk-1_polfcfs_mem0.9,48,-1,fcfs,0.9,0,R_long_prefill,10.04004255663984,321.2813618124749,40481.45158837184,40160.17022655936,291.05899133719504,291.4407151285559,291.48127716965973,278.9480516221374,3.1767740860701568,4.545110598536988,3.5768991351247794,389.7079965099692,390.46839580405504,390.54285465274006,389.8319248110056,1,,-0.22957908052865983,-0.22957908052865983,-0.22957908052865983,-0.22957908052865972,-0.46049774697899637,-0.4597955027399778,-0.4597718634252026,-0.40309906424989683,0.0023956277244404633,-0.38785779687997635,-0.11477817402882184,-0.30708593723488464,-0.30650396287111215,-0.30633642668554906,-0.30695153643960293,False,False,False
lfm25,104,cap48_chunk2048_pollpm_mem0.75,48,2048,lpm,0.75,0,R_long_prefill,11.549000968516816,369.56803099253807,46565.57190505979,46196.00387406725,168.83941320702434,228.25964377261695,232.30985929258168,161.71875386498868,5.20476936963537,7.948325612702436,5.450865497902757,330.4211592767388,331.6504724789411,331.8035813514143,330.69558429997414,1,,-0.11378941922354424,-0.11378941922354457,-0.11378941922354469,-0.11378941922354446,0.15278486516694445,-0.14332824529789545,-0.16343457625990343,0.18656025414010258,-0.6344570117849686,-1.4270356979389396,-0.6988194682254474,-0.10823707628084311,-0.10969968693510679,-0.10985798270329061,-0.10869088570460161,False,False,False
lfm25,105,cap48_chunk2048_pollpm_mem0.8,48,2048,lpm,0.8,0,R_long_prefill,11.835595492701412,378.7390557664452,47721.121026572095,47342.38197080565,168.01274847239256,229.12887930870056,233.38622316718104,160.7366162352264,5.1991897710268535,7.9992428662315485,5.444158277955027,329.3647584505379,330.13734985142946,330.24498488754034,329.5055228518322,1,,-0.0917976382532808,-0.09179763825328091,-0.09179763825328091,-0.0917976382532808,0.15693296578699356,-0.14768215352186087,-0.16882513072091254,0.19150037249285867,-0.6327048469106056,-1.4425833740128375,-0.6967290927008161,-0.10469389349687064,-0.10463679137070891,-0.10464459495081901,-0.10470108256351529,False,False,False
lfm25,106,cap48_chunk2048_pollpm_mem0.85,48,2048,lpm,0.85,0,R_long_prefill,10.70666843397425,342.613389887176,43169.287125784176,42826.673735897006,195.5677275545895,257.2381014470011,261.65308845229447,181.6718319896609,5.370129598304629,8.900596329852217,5.8161572575749405,362.041745102033,362.56979496683925,362.6178292511031,361.972706974484,1,,-0.1784256597675381,-0.17842565976753821,-0.17842565976753832,-0.1784256597675381,0.018665514633152025,-0.2884782534933765,-0.3103888531359942,0.08619696039121416,-0.6863851888134487,-1.7178132952898646,-0.8126664808057802,-0.21429295255104797,-0.2131554795007118,-0.21292932049047053,-0.2135506494468311,False,False,False
lfm25,107,cap48_chunk2048_pollpm_mem0.9,48,2048,lpm,0.9,0,R_long_prefill,10.62971055853638,340.1507378731642,42858.992972018685,42518.84223414552,201.4923389069736,263.0731310462579,267.2762083960697,186.4515703637153,5.353162313000329,9.014474540468184,5.842393568356431,367.4403706099838,368.2216444751248,368.2851117430255,367.5657709827647,1,,-0.18433100895514642,-0.18433100895514642,-0.18433100895514654,-0.1843310089551463,-0.01106344681253213,-0.3177052953073265,-0.3385500865376523,0.0621550414712011,-0.6810569414950642,-1.7525862142478723,-0.8208433025503559,-0.2324000161602997,-0.2320665203415988,-0.23188595347278018,-0.23230197055161583,False,False,False
lfm25,108,cap48_chunk2048_polfcfs_mem0.75,48,2048,fcfs,0.75,0,R_long_prefill,8.83726402827197,282.79244890470306,35631.848561992585,35349.056113087885,214.41651252098384,328.0598744051531,339.8470140853897,212.07936096470803,7.313814855390979,11.260595835084397,7.394319719394609,441.1447730381042,441.91078695002943,442.0163509296253,441.3032722659409,1,,-0.3218740817219302,-0.3218740817219302,-0.3218740817219303,-0.3218740817219301,-0.07591533940690853,-0.6432169715025549,-0.7019930537156274,-0.06675186001794908,-1.2967618974687287,-2.4384434412369527,-1.3045173832346482,-0.4796055874825509,-0.47862977027066544,-0.4785113938991923,-0.4795145112946195,False,False,False
lfm25,109,cap48_chunk2048_polfcfs_mem0.8,48,2048,fcfs,0.8,0,R_long_prefill,10.892548140579054,348.5615404985297,43918.754102814746,43570.19256231622,192.99791613593695,254.35111082624644,258.7360269716009,179.12130407057705,5.337901728888673,8.858737659700694,5.789270936211031,358.47286973148584,359.1010473202914,359.1822302993387,358.58870309311897,1,,-0.16416221280845844,-0.16416221280845855,-0.16416221280845855,-0.16416221280845844,0.03156050808399802,-0.2740176249474606,-0.29577987270765815,0.09902602772399982,-0.6762646506299308,-1.7050316741439415,-0.8042870764378776,-0.20232289586665342,-0.2015490790977228,-0.20143750082278467,-0.2022054291337132,False,False,False
lfm25,110,cap48_chunk2048_polfcfs_mem0.85,48,2048,fcfs,0.85,0,R_long_prefill,10.633701028057455,340.27843289783857,42875.08254512766,42534.804112229824,200.3071065992117,260.90674363076687,265.0206910073757,185.028747539036,5.330585769467777,8.971719803558962,5.823042112282447,365.5552654527128,365.8843626733869,365.89837129227817,365.54305301979184,1,,-0.1840248009704485,-0.1840248009704486,-0.1840248009704486,-0.1840248009704485,-0.005116098794935242,-0.30685409147010234,-0.3272541952424961,0.06931179113226404,-0.6739672152732021,-1.7395309774859515,-0.8148122180685169,-0.22607734774357668,-0.2242459951233442,-0.2239024864736785,-0.22552060098889215,False,False,False
lfm25,111,cap48_chunk2048_polfcfs_mem0.9,48,2048,fcfs,0.9,0,R_long_prefill,11.396681293509666,364.6938013923093,45951.41897543098,45586.72517403866,187.81746202148497,237.89309186395255,238.17160322796556,172.23347001709044,4.868714386717446,8.20130903138629,5.3700405480940985,338.7476080097258,338.9968393370509,339.0201439335942,338.70472700800747,1,,-0.12547764299456576,-0.12547764299456587,-0.12547764299456576,-0.12547764299456587,0.057555381246049975,-0.19158116079533216,-0.19279086614090368,0.13367159509382287,-0.5289254532917325,-1.5042846454595464,-0.6736295239301564,-0.13616409893231718,-0.13428056855309567,-0.13399684087018748,-0.13554235861283748,False,False,False
lfm25,112,cap48_chunk8192_pollpm_mem0.75,48,8192,lpm,0.75,0,R_long_prefill,12.383609535100188,396.275505123206,49930.71364552396,49534.43814040075,213.2689084392041,214.6113036898896,214.75276065524668,201.6887671779841,3.2341215053513164,4.576010748954309,3.6168408489996384,313.8271209318191,314.51248864177614,314.5767776714638,313.8108334969729,1,,-0.04974587601758651,-0.04974587601758662,-0.04974587601758662,-0.04974587601758651,-0.0701568051380892,-0.07496516341401138,-0.07550660077197957,-0.0144875321820912,-0.015613218565405873,-0.39729321407207885,-0.12722642855849386,-0.05258044527294903,-0.05235613739438216,-0.05223562220077915,-0.05208302575295476,False,False,False
lfm25,113,cap48_chunk8192_pollpm_mem0.8,48,8192,lpm,0.8,0,R_long_prefill,11.24894341235512,359.9661891953639,45355.73983861585,44995.77364942049,245.5652761273086,248.20149005390704,248.2741733361036,230.32600106671453,3.2844277279030893,5.058159134651143,3.784061447086353,347.68538270145655,347.9743212228641,347.9888249887153,347.6319059263915,1,,-0.13681428361114956,-0.13681428361114956,-0.13681428361114945,-0.13681428361114933,-0.23221595344811807,-0.24321482945247452,-0.24338570274701787,-0.15853182945652455,-0.031410913400041984,-0.5445181015275868,-0.1793424838211517,-0.16614151718997983,-0.1643191473125003,-0.1639964033306167,-0.1654716421344724,False,False,False
lfm25,114,cap48_chunk8192_pollpm_mem0.85,48,8192,lpm,0.85,0,R_long_prefill,12.042477464003614,385.3592788481157,48555.269134862574,48169.909856014456,221.87444707378745,223.1108090607449,223.2424104725942,210.36199177615345,3.2497209031134844,4.580758506762645,3.630027272588303,322.6989316754043,323.53475561831146,323.6477830680087,322.89283722639084,1,,-0.07592258616525172,-0.07592258616525172,-0.07592258616525183,-0.07592258616525172,-0.11333832559072188,-0.11753828059297478,-0.11802374648382363,-0.058113552320798956,-0.02051190729515917,-0.3987429505634452,-0.13133611593150096,-0.08233661954855931,-0.08254456669005261,-0.0825774518745146,-0.08253137534327504,False,False,False
lfm25,115,cap48_chunk8192_pollpm_mem0.9,48,8192,lpm,0.9,0,R_long_prefill,12.476286620754491,399.2411718641438,50304.38765488211,49905.14648301797,210.6109713204205,211.9918572017923,212.14469064492727,199.1005013696849,3.2374298109883264,4.567492937278602,3.613203121799856,310.9712954610586,311.7762633599341,311.8449884839356,311.10979814548045,1,,-0.0426343159678243,-0.0426343159678243,-0.0426343159678243,-0.04263431596782419,-0.05681960790614382,-0.06184463493429737,-0.0624450852747378,-0.0014686445700926587,-0.016652127873680866,-0.3946922847678962,-0.1260926926794006,-0.043001967680861064,-0.04320075065258622,-0.04309799317190621,-0.043027527529400755,False,False,False
lfm25,116,cap48_chunk8192_polfcfs_mem0.75,48,8192,fcfs,0.75,0,R_long_prefill,11.526256690633698,368.84021410027833,46473.86697663507,46105.02676253479,228.99037646129727,230.7782801333815,230.8181553054601,216.82271175086495,3.2308557100834383,4.6437901895373095,3.6216491698137214,329.14690347388387,329.7899086493999,329.84378003515303,329.09383601509035,1,,-0.11553469743133793,-0.11553469743133804,-0.11553469743133793,-0.11553469743133793,-0.14904517247551552,-0.1559438265863906,-0.15596395059878487,-0.09061075062773605,-0.014587658815193194,-0.4179897896651037,-0.1287249922290854,-0.10396320493289135,-0.1034742560357258,-0.10330259494494887,-0.10332086019185449,False,False,False
lfm25,117,cap48_chunk8192_polfcfs_mem0.8,48,8192,fcfs,0.8,0,R_long_prefill,9.22493557863775,295.197938516408,37194.940253067405,36899.742314551,295.8214252721518,328.02696221042424,328.0551732936874,275.48164140898734,4.187832323593959,7.478594840804655,4.846538638605947,425.64422730356455,426.2970632640645,426.3447352265939,425.7243392057717,1,,-0.2921261727264487,-0.2921261727264488,-0.2921261727264488,-0.2921261727264487,-0.4843950469736997,-0.6430521178244086,-0.6429381546399062,-0.38566314061431783,-0.3151076290547359,-1.2836025514666338,-0.5104746569032883,-0.4276165456088241,-0.42638638235477244,-0.4260910200170722,-0.4272845393420941,False,False,False
lfm25,118,cap48_chunk8192_polfcfs_mem0.85,48,8192,fcfs,0.85,0,R_long_prefill,9.041813070331044,289.3380182505934,36456.59029957477,36167.252281324174,300.8336005732417,334.9502947879955,334.9749916186556,279.91421171464026,4.253022763277254,7.6705842624388385,4.930464363086128,432.6773062348366,433.379096374847,433.4437734307721,432.7586069703102,1,,-0.30617804655364167,-0.30617804655364167,-0.30617804655364167,-0.30617804655364167,-0.5095455180210791,-0.6777303533490973,-0.6775934031309547,-0.40795881614213325,-0.3355794239940708,-1.3422268709318734,-0.5366309901840696,-0.45120558829939017,-0.4500828054810757,-0.44983676799342764,-0.45086764395069756,False,False,False
lfm25,119,cap48_chunk8192_polfcfs_mem0.9,48,8192,fcfs,0.9,0,R_long_prefill,12.480533803382196,399.3770817082303,50321.512295237015,49922.13521352878,211.39322756789625,212.63034490402788,212.6626507146284,199.59370500873771,3.22023589133976,4.572811540997316,3.60417154227053,311.3551477435976,311.7948913015425,311.8333092518151,311.32302281912416,1,,-0.04230840914753542,-0.04230840914753542,-0.04230840914753553,-0.04230840914753553,-0.060744872271796035,-0.0650427518338772,-0.06503908905936973,-0.00394944183831325,-0.011252710429054291,-0.396316330097378,-0.12327790608465738,-0.04428941347354565,-0.043263079588277575,-0.043058927020335425,-0.043742385131072314,False,False,False
lfm25,120,cap64_chunk-1_pollpm_mem0.75,64,-1,lpm,0.75,0,R_long_prefill,12.515271795833783,400.48869746668106,50461.57588080181,50061.087183335134,210.946686565876,211.39441030099988,211.44206108525395,210.50523850135505,3.173209569086471,3.2617422729550354,3.195861395778916,309.5147281419486,310.2046725573018,310.25507914368063,309.57694177050143,1,,-0.03964279533821535,-0.039642795338215464,-0.039642795338215686,-0.03964279533821535,-0.05850418517125999,-0.058852087038173684,-0.05892623537953523,-0.05883407840054189,0.0035149952437010246,0.004021058059447302,0.003976238454557635,-0.03811662102004165,-0.03794222106679812,-0.037779866206942625,-0.03788846921499678,False,False,False
lfm25,121,cap64_chunk-1_pollpm_mem0.8,64,-1,lpm,0.8,0,R_long_prefill,8.930034936849784,285.7611179791931,36005.90086537833,35720.13974739914,342.99980383366346,343.365148617886,343.3967241970822,327.1533466177061,3.1264278542010056,4.902049262947852,3.646245038497352,440.0722261052578,440.7625369960442,440.8543591247872,440.186942811124,1,,-0.3147553221864495,-0.31475532218644964,-0.31475532218644964,-0.3147553221864495,-0.7211302712615624,-0.7198794599750191,-0.7197704114748655,-0.6455700329727521,0.01820588671027734,-0.49684966796227714,-0.13639055296870461,-0.4760082504366019,-0.4747877355980281,-0.47462461885239304,-0.4757719022282816,False,False,False
lfm25,122,cap64_chunk-1_pollpm_mem0.85,64,-1,lpm,0.85,0,R_long_prefill,11.522860439271176,368.7315340566777,46460.173291141386,46091.44175708471,236.62613844498992,237.0904104085639,237.1286719525233,235.34342064522207,3.266175660575109,3.4492136993175078,3.317071402805948,338.2302597165108,338.8265395537019,338.89080818742514,338.17263413220644,1,,-0.11579530818898254,-0.11579530818898254,-0.11579530818898254,-0.11579530818898243,-0.18736047454681026,-0.18756061487335196,-0.1875677459934968,-0.18376927662496478,-0.025679205171464048,-0.053223683323329496,-0.03380013297865636,-0.13442890569848642,-0.13371074691269524,-0.13356422254295297,-0.13375846263794045,False,False,False
lfm25,123,cap64_chunk-1_pollpm_mem0.9,64,-1,lpm,0.9,0,R_long_prefill,11.28656853154044,361.17019300929405,45507.444319171045,45146.27412616176,245.8017966710031,246.20321874972436,246.2448092503473,245.3625811031088,3.2593994626715297,3.34552334726698,3.2823330332194605,347.0164737664163,347.7023003622889,347.7520052716136,347.1149051329121,1,,-0.13392712663403072,-0.13392712663403084,-0.13392712663403095,-0.1339271266340306,-0.23340278406136616,-0.23320570131190732,-0.23322241328363202,-0.23416530764680243,-0.023551271464860024,-0.021561645528060724,-0.02297355533320866,-0.16389798749566564,-0.1634089678046473,-0.1632042592180778,-0.1637383439144613,False,False,False
lfm25,124,cap64_chunk-1_polfcfs_mem0.75,64,-1,fcfs,0.75,0,R_long_prefill,11.802420172696278,377.6774455262809,47587.35813631139,47209.68069078511,228.2531731761992,228.631985350512,228.667552950792,227.5533403735608,3.266673850556536,3.3779857041794927,3.296535191757064,329.6076995320618,330.24396607652307,330.3313502110541,329.74593131802976,1,,-0.09434334066419414,-0.09434334066419436,-0.09434334066419436,-0.09434334066419425,-0.14534597826060858,-0.14519326460604032,-0.14519348589777703,-0.14458544194306633,-0.02583565208592198,-0.031474085317894085,-0.027399807168589252,-0.10550872119884303,-0.10499352836168696,-0.10493348045151207,-0.10550707661960068,False,False,False
lfm25,125,cap64_chunk-1_polfcfs_mem0.8,64,-1,fcfs,0.8,0,R_long_prefill,12.234387055311483,391.5003857699675,49329.04860701591,48937.54822124594,213.38142291642723,213.73339910060167,213.76456949859855,212.0548270177096,3.338784527694506,3.511594217120399,3.3682562380788785,316.88374327495694,317.4095650902018,317.46915231924504,316.47077039815485,1,,-0.061196437052168706,-0.061196437052168706,-0.061196437052168706,-0.061196437052168595,-0.07072138876332601,-0.07056783282582635,-0.07055762545470423,-0.06662845511199733,-0.04848061356304778,-0.07227168801523298,-0.04975242434835203,-0.06283239831454179,-0.06204973078448095,-0.06191039749625382,-0.06100073720390253,False,False,False
lfm25,126,cap64_chunk-1_polfcfs_mem0.85,64,-1,fcfs,0.85,0,R_long_prefill,12.22589070971046,391.22850271073474,49294.791341552576,48903.56283884184,218.55013770982623,218.94893646240237,218.9902462810278,217.9764872416854,3.2012301286862743,3.305248367870527,3.229616033363967,317.96039594337344,318.73788232915103,318.81270132027566,318.0945842759684,1,,-0.061848402654222534,-0.061848402654222645,-0.061848402654222756,-0.061848402654222645,-0.09665735547527943,-0.096691904000201,-0.0967284176524632,-0.09641420149290836,-0.005284318781474617,-0.009263607237740556,-0.0065437487831465635,-0.06644350605360927,-0.06649426907563649,-0.06640446768643526,-0.06644473988154176,False,False,False
lfm25,127,cap64_chunk-1_polfcfs_mem0.9,64,-1,fcfs,0.9,0,R_long_prefill,11.66483111931546,373.2745958180947,47032.59907307993,46659.32447726184,214.7561279125512,215.30730391386896,215.3584847645834,214.3712603719905,3.3865489531308413,3.4579736849052773,3.353514182831972,318.8340258784592,322.395471483469,322.4279637634754,318.33020003978163,1,,-0.10490121274659281,-0.10490121274659292,-0.10490121274659292,-0.1049012127465927,-0.07761948711918065,-0.07845135440974427,-0.07854013699219231,-0.07828003486990665,-0.06348010624446276,-0.055898560872504,-0.04515790803443176,-0.06937367277516593,-0.07873253157273474,-0.0784972481977555,-0.06723466591100791,False,False,False
lfm25,128,cap64_chunk2048_pollpm_mem0.75,64,2048,lpm,0.75,0,R_long_prefill,11.11306704995474,355.6181455985517,44807.88634541751,44452.26819981896,188.4983261115849,246.28988890908656,250.21927292458716,173.905955045484,5.217974149291554,8.7067975632606,5.693145674623309,350.3265930339694,351.0034261504188,351.0525839449838,350.3934709588066,1,,-0.14724073264902648,-0.1472407326490266,-0.1472407326490267,-0.1472407326490266,0.054138890090695724,-0.23363982290951224,-0.25312698588670846,0.12525905317189623,-0.6386037170787782,-1.6586364890474656,-0.7743286293185503,-0.1750001726803061,-0.1744545068814951,-0.17424444622648894,-0.1747300723254901,False,False,False
lfm25,129,cap64_chunk2048_pollpm_mem0.8,64,2048,lpm,0.8,0,R_long_prefill,10.943560488424737,350.1939356295915,44124.43588932853,43774.24195369894,190.4385816305876,251.1181449284777,255.3816953627393,176.3080912642181,5.3794412543216055,8.911870866863715,5.8409080863179215,357.20126051455736,357.9889828339219,358.097538985312,357.37624194007367,1,,-0.16024778916832438,-0.1602477891683246,-0.1602477891683246,-0.1602477891683245,0.044402929689513426,-0.2578240430864198,-0.2789809930308551,0.1131763909661313,-0.6893093340324601,-1.7212559956947033,-0.8203803364750253,-0.19805790120400757,-0.1978281206948842,-0.19780929009420167,-0.19814052868305332,False,False,False
lfm25,130,cap64_chunk2048_pollpm_mem0.85,64,2048,lpm,0.85,0,R_long_prefill,11.389570118908829,364.46624380508246,45922.74671944039,45558.28047563531,173.63383807241917,235.88909623213112,240.2802520338446,166.76941723562777,5.468792988047484,8.256042245475035,5.697691204747366,343.4162475168705,343.97685867734253,344.02798370458186,343.3978445827961,1,,-0.1260233177408222,-0.12602331774082243,-0.12602331774082243,-0.12602331774082232,0.12872703866998858,-0.18154336010728112,-0.2033512226295151,0.16115559184554595,-0.7173685153970395,-1.5209975320383275,-0.7757452915112102,-0.15182277953537726,-0.1509436713116883,-0.15074768763107027,-0.1512765169376986,False,False,False
lfm25,131,cap64_chunk2048_pollpm_mem0.9,64,2048,lpm,0.9,0,R_long_prefill,11.82919507068758,378.5342422620026,47695.31452501233,47316.78028275032,168.78648661077025,225.32344989012927,228.9708171179518,160.6054820585996,5.111026157054209,7.855754960778981,5.380802814127698,327.3991325404495,327.9625116381794,328.0089056957513,327.4103692965582,1,,-0.09228877352338383,-0.09228877352338394,-0.09228877352338383,-0.09228877352338383,0.15305044423127512,-0.12862116285425862,-0.14671226783363123,0.19215997287166142,-0.6050187715423923,-1.3987690808239273,-0.6769836971467098,-0.09810115737662173,-0.09735980103103348,-0.09716507851264233,-0.09767686524352581,False,False,False
lfm25,132,cap64_chunk2048_polfcfs_mem0.75,64,2048,fcfs,0.75,0,R_long_prefill,11.587580948603833,370.8025903553226,46721.12638477064,46350.32379441532,188.44854016788304,239.4488648511469,239.7755259461701,173.2671728823334,4.763625975277636,8.09484244729843,5.257506501830874,336.12094540148973,336.8086594855413,336.88834763597697,336.2498744390905,1,,-0.11082899116119826,-0.11082899116119849,-0.1108289911611986,-0.11082899116119838,0.05438870975190513,-0.19937386199354612,-0.20082349615363904,0.12847210538776277,-0.4959244730874597,-1.4717748801567887,-0.638557106769303,-0.12735423670769586,-0.1269589372041997,-0.12686614285670816,-0.12731221343364463,False,False,False
lfm25,133,cap64_chunk2048_polfcfs_mem0.8,64,2048,fcfs,0.8,0,R_long_prefill,11.464236442860628,366.8555661715401,46223.80133761405,45856.94577144252,186.15576159209013,235.3843011660501,235.5429647257552,170.41527922265232,4.787764098915842,8.135935836171189,5.303500062455573,334.8075083922595,335.62359288334846,335.68685814738274,334.8237811587751,1,,-0.12029381035796283,-0.12029381035796294,-0.12029381035796294,-0.1202938103579626,0.06589358692090441,-0.17901489538351956,-0.1796263412633441,0.14281703198599238,-0.5035045832959861,-1.4843228212708373,-0.6528914828848591,-0.1229489510589965,-0.12299371433682049,-0.12284725103336136,-0.12253108935121348,False,False,False
lfm25,134,cap64_chunk2048_polfcfs_mem0.85,64,2048,fcfs,0.85,0,R_long_prefill,9.177881580586927,293.69221057878167,37005.21853292649,36711.52632234771,200.27836388908327,311.41960478853434,322.8757859161124,198.1903447303921,7.23526841630378,11.076121136636262,7.309092989852352,424.7098902706057,425.3976130858064,425.4607042297721,424.772227415815,1,,-0.29573685308348985,-0.29573685308348996,-0.29573685308348996,-0.29573685308348985,-0.00497187145740563,-0.5598676332331722,-0.6169991851219334,0.003109411886965674,-1.2720959096027173,-2.3821137561791814,-1.277955578065308,-0.4244827664527502,-0.4233768296357119,-0.4231340029324955,-0.42409248685088397,False,False,False
lfm25,135,cap64_chunk2048_polfcfs_mem0.9,64,2048,fcfs,0.9,0,R_long_prefill,11.9716300422564,383.0921613522048,48269.6123303778,47886.52016902559,176.7497560940683,225.1077615190297,225.29197641648352,161.82939161080867,4.712162321553596,7.943603047920811,5.201927420022266,322.90096720680594,323.9142059115693,324.0223326301202,323.08914163149893,1,,-0.08135905075160599,-0.0813590507516061,-0.08135905075160621,-0.08135905075160621,0.11309175034069707,-0.12754080277490054,-0.12828820918337014,0.18600375010027148,-0.4797633094109177,-1.4255936541841496,-0.621235302325791,-0.08301424947733116,-0.0838142041746257,-0.08383029194252822,-0.08318950600815134,False,False,False
lfm25,136,cap64_chunk8192_pollpm_mem0.75,64,8192,lpm,0.75,0,R_long_prefill,9.221955274823214,295.10256879434286,37182.9236680872,36887.82109929286,293.66272152401507,328.07098457124084,328.1087799696252,273.64103542640805,4.249644555872487,7.580136950878845,4.903977642947387,425.55918358266354,426.1745847063139,426.2569408724085,425.66434235777706,1,,-0.29235486582133796,-0.2923548658213381,-0.2923548658213381,-0.29235486582133796,-0.47356294058157555,-0.6432726211412212,-0.6432066230574511,-0.3764049561000624,-0.33451856338952624,-1.314608619662966,-0.5283761257339297,-0.42733130780863693,-0.4259765701323559,-0.4257973545164404,-0.42708339375170623,False,False,False
lfm25,137,cap64_chunk8192_pollpm_mem0.8,64,8192,lpm,0.8,0,R_long_prefill,8.626920616219506,276.0614597190242,34783.743924597045,34507.682464878024,309.6016792114824,352.2092542843893,352.23440697882324,288.0830983631313,4.525684376036929,8.287030481733382,5.229016916165429,450.0026977621019,450.748432520777,450.8445088006556,450.1826227642596,1,,-0.33801474686393473,-0.33801474686393485,-0.33801474686393485,-0.33801474686393473,-0.5535426439564519,-0.7641786433338842,-0.7640305464239578,-0.44904803381477465,-0.4212035224257116,-1.5304598464023718,-0.6296780282470471,-0.5093151878590123,-0.5082004578979076,-0.5080409168953615,-0.5092834451293473,False,False,False
lfm25,138,cap64_chunk8192_pollpm_mem0.85,64,8192,lpm,0.85,0,R_long_prefill,12.429687827272083,397.7500104727067,50116.501319561045,49718.75130908834,212.02490711584687,213.84333004243672,214.0615573618561,200.49266738351437,3.228763846920863,4.563656002433309,3.605055956981115,312.3190694022924,312.5519989989698,312.567154597491,312.2494020499289,1,,-0.04621006628147506,-0.04621006628147506,-0.04621006628147506,-0.04621006628147495,-0.06391456152398534,-0.07111846520549236,-0.07204497493653661,-0.008471191531526978,-0.013930749705307832,-0.39352066972669664,-0.12355354321584411,-0.047522419867972676,-0.045796355565638214,-0.045513584416289055,-0.04684816657678903,False,False,False
lfm25,139,cap64_chunk8192_pollpm_mem0.9,64,8192,lpm,0.9,0,R_long_prefill,12.040813752143778,385.3060400686009,48548.561048643714,48163.25500857511,205.64333209767935,207.44278302881867,207.65904602129007,194.54240798950195,3.260658595771078,4.558177350179082,3.626389793240495,307.0256425999105,307.4845134746284,307.52569555304945,306.9604915799573,1,,-0.07605025080547201,-0.07605025080547223,-0.07605025080547223,-0.07605025080547201,-0.03189261334986604,-0.03905880689236341,-0.03998045950359863,0.021458407686797187,-0.023946677827211715,-0.39184775328548405,-0.13020245729807822,-0.029768194152466565,-0.028840591692071316,-0.02865028371846079,-0.029116551424509973,False,False,False
lfm25,140,cap64_chunk8192_polfcfs_mem0.75,64,8192,fcfs,0.75,0,R_long_prefill,9.30860219951808,297.8752703845785,37532.284068456895,37234.40879807231,288.5900652036071,319.99596452806145,320.0224840315059,268.4751335764304,4.161494611311824,7.405611889947565,4.813553371106185,417.7068960852921,418.3673669351265,418.4457014640793,417.6952880807221,1,,-0.2857060291240636,-0.28570602912406384,-0.28570602912406384,-0.28570602912406384,-0.44810898331635673,-0.6028257057595843,-0.6027095201065631,-0.3504206482349945,-0.30683678063538955,-1.261317074537002,-0.5001944519312924,-0.40099462841058675,-0.3998536852416339,-0.399669347166939,-0.4003663214226072,False,False,False
lfm25,141,cap64_chunk8192_polfcfs_mem0.8,64,8192,fcfs,0.8,0,R_long_prefill,11.625634267258322,372.0202965522663,46874.55736558556,46502.537069033286,232.99868940375745,235.09078389033675,235.12678092345595,215.48073727171868,3.290924453927625,5.310260705018956,3.86239422650467,335.1673351135105,335.963639523834,336.0730463825166,335.21495829336345,1,,-0.10790897637228292,-0.10790897637228303,-0.10790897637228292,-0.10790897637228292,-0.16915838730785793,-0.17754469860997046,-0.1775420447674969,-0.08386066535204462,-0.03345108437599276,-0.6214977750592445,-0.2037557170457187,-0.12415581479133087,-0.12413150753117241,-0.12413902158581802,-0.12384255084149065,False,False,False
lfm25,142,cap64_chunk8192_polfcfs_mem0.85,64,8192,fcfs,0.85,0,R_long_prefill,12.502611675011089,400.0835736003549,50410.53027364471,50010.44670004436,212.55588834173977,213.61931739374995,213.65079982206225,200.72565227746964,3.172448963948315,4.52329081017524,3.5568028801090774,311.03298300877213,311.4916717866436,311.54128533322364,310.98654156085104,1,,-0.04061426750776187,-0.04061426750776187,-0.04061426750776198,-0.04061426750776176,-0.06657895914503786,-0.06999640970626131,-0.06998785378932904,-0.009643097500369624,0.003753848555532846,-0.3811950847748251,-0.10851496513617298,-0.04320886855751982,-0.042248509645889554,-0.04208212901270425,-0.0426142971795882,False,False,False
lfm25,143,cap64_chunk8192_polfcfs_mem0.9,64,8192,fcfs,0.9,0,R_long_prefill,11.775158869898556,376.8050838367538,47477.44056343097,47100.635479594224,225.044199032709,227.0951089914888,227.13055360130969,211.09753102064133,3.2325365370319736,4.848309235286809,3.686558627974122,325.3754854667932,325.87220412679017,325.9042152855545,325.3808484878391,1,,-0.09643523199323223,-0.09643523199323234,-0.09643523199323245,-0.09643523199323223,-0.12924374590850185,-0.13749521460578595,-0.13749601583635984,-0.06181328931361363,-0.01511548996322798,-0.48044005266756207,-0.14895470643452313,-0.09131381748216039,-0.0903656497076577,-0.0901250476505222,-0.09087268844226082,False,False,False
lfm25,144,cap96_chunk-1_pollpm_mem0.75,96,-1,lpm,0.75,0,R_long_prefill,11.82147989381197,378.2873566019831,47664.20693184987,47285.919575247884,227.8423300012946,228.24331801384687,228.27991630882025,227.35197050496936,3.2397973756756517,3.323556964976653,3.2626755287750595,328.5702916327864,328.8926585111767,328.91301904805005,328.4949118969962,1,,-0.09288079627914991,-0.09288079627914991,-0.09288079627915002,-0.09288079627914991,-0.14328441840790251,-0.14324647131096002,-0.1432521568742542,-0.14357255845975914,-0.017395615707479717,-0.01485417069990369,-0.016847087663124816,-0.10202924095090671,-0.10047206463208802,-0.10018926956335505,-0.10131290561826911,False,False,False
lfm25,145,cap96_chunk-1_pollpm_mem0.8,96,-1,lpm,0.8,0,R_long_prefill,12.186587028638732,389.9707849164394,49136.31889947136,48746.34811455492,222.78368240222332,223.25626786332575,223.2990894978866,222.18542045447973,3.1469774342352346,3.2466130962054573,3.175949670314308,320.6876718904823,321.0263190092519,321.0466998303309,320.6398602342233,1,,-0.06486436378576821,-0.06486436378576832,-0.06486436378576854,-0.06486436378576832,-0.11790075516059506,-0.11826686824328903,-0.11830760158138465,-0.11758499016850621,0.011752689115753556,0.008640779726734382,0.010181936774989686,-0.07559082678951756,-0.07415135892838798,-0.07387702440096366,-0.0749780387536565,False,False,False
lfm25,146,cap96_chunk-1_pollpm_mem0.85,96,-1,lpm,0.85,0,R_long_prefill,8.357414863115672,267.4372756197015,33697.09672808239,33429.659452462685,367.3022298607975,367.7956737112254,367.8344956692308,347.2816306166351,3.1398321246548044,5.386312642405109,3.797690124971973,465.0172388646752,465.8204636070877,465.91480751521885,465.0100244907662,1,,-0.3586952239573069,-0.358695223957307,-0.358695223957307,-0.3586952239573069,-0.8430768165157965,-0.8422493582409551,-0.8421575903230405,-0.7468146062171996,0.013996535195320847,-0.6447203726134547,-0.18359000438961415,-0.5596741635663705,-0.5586313469388304,-0.5584499307521671,-0.5589938311559921,False,False,False
lfm25,147,cap96_chunk-1_pollpm_mem0.9,96,-1,lpm,0.9,0,R_long_prefill,11.662265644376443,373.1925006200463,47022.25507812583,46649.06257750578,228.787065949291,229.22419786918908,229.26898455712944,228.23928180150688,3.23928975980849,3.3380405774580373,3.265371613745247,329.3916597031057,330.0521867349744,330.10522071272135,329.46580182760954,1,,-0.10509807401986404,-0.10509807401986393,-0.10509807401986393,-0.10509807401986393,-0.14802498566267008,-0.14815959403962609,-0.14820552476775584,-0.14803570363188112,-0.0172362087761726,-0.01927676814247148,-0.01768735085382489,-0.10478412066500731,-0.10435183630050426,-0.1041770943153919,-0.10456791375323404,False,False,False
lfm25,148,cap96_chunk-1_polfcfs_mem0.75,96,-1,fcfs,0.75,0,R_long_prefill,12.426688244383914,397.65402382028526,50104.40700135594,49706.75297753566,212.92790048755705,213.1778655340895,213.20672671776265,212.91244600433856,3.207087006059385,3.225370871293689,3.2092746827871568,312.4678526073694,312.99600563943386,313.04373890161514,312.3999611707404,1,,-0.046440238752726626,-0.04644023875272685,-0.04644023875272685,-0.046440238752726626,-0.06844566973287702,-0.06778522435721279,-0.06776388445155535,-0.07094224899090928,-0.007123557681375514,0.015127131780821923,-0.00020415328529765908,-0.04802144076770909,-0.047281998044110374,-0.047107723009395475,-0.047352931481215554,False,False,False
lfm25,149,cap96_chunk-1_polfcfs_mem0.8,96,-1,fcfs,0.8,0,R_long_prefill,9.104756724050771,291.3522151696247,36710.37911137271,36419.02689620308,333.2286183722317,333.54673886206,333.5727899847552,317.0935391681269,3.1510653545058545,4.9587100646608775,3.680439406795608,431.0236636083573,431.81131810415536,431.91668136511,431.1871607787907,1,,-0.30134807623229387,-0.301348076232294,-0.301348076232294,-0.301348076232294,-0.6720996802938293,-0.6707000911991403,-0.6705710155803977,-0.5949695489867273,0.0104689569317854,-0.514151146931833,-0.14704758690049013,-0.44565924836887794,-0.44483703259504237,-0.44472876007954376,-0.44559920931586294,False,False,False
lfm25,150,cap96_chunk-1_polfcfs_mem0.85,96,-1,fcfs,0.85,0,R_long_prefill,12.288144189191918,393.2206140541414,49545.79737082181,49152.57675676767,217.01198583468795,217.4317907774821,217.470373515971,216.71789523679763,3.177561016092377,3.2449779175822777,3.1969701052613315,315.79036032781005,316.26878320239484,316.3158312719316,315.8239684998989,1,,-0.05707139273301698,-0.05707139273301709,-0.0570713927330172,-0.05707139273301709,-0.08893910104915737,-0.08909268284515037,-0.08911671950169398,-0.09008352718254398,0.0021485075926425123,0.009140084496612078,0.003630697502564173,-0.059165176992354906,-0.058232684198361584,-0.05805262548014989,-0.0588322674586208,False,False,False
lfm25,151,cap96_chunk-1_polfcfs_mem0.9,96,-1,fcfs,0.9,0,R_long_prefill,12.608215962987773,403.4629108156087,50836.3267627667,50432.86385195109,206.446026917547,206.8866595160216,206.93262464366853,205.72702877689156,3.2478051650668345,3.368176108286266,3.2797043189226143,307.3195083998144,308.06623029056937,308.122536172159,307.39786266349256,1,,-0.03251074083602423,-0.03251074083602434,-0.03251074083602423,-0.03251074083602412,-0.03592043592474137,-0.03627324344563987,-0.03634245743931741,-0.034799848535168376,-0.019910306866645078,-0.028478707350845456,-0.022154288920268606,-0.030753824054671863,-0.030787011257553898,-0.03064667062550508,-0.03058288286952382,False,False,False
lfm25,152,cap96_chunk2048_pollpm_mem0.75,96,2048,lpm,0.75,0,R_long_prefill,11.800937425249284,377.6299976079771,47581.37969860512,47203.74970099714,169.48170377872884,227.48685835395008,231.39674220699817,161.93572361953557,5.153066681457624,7.874227537503165,5.3997243897268365,329.2267709039152,329.9212703248486,329.97827391605824,329.3271797010675,1,,-0.09445711903166754,-0.09445711903166765,-0.09445711903166754,-0.09445711903166742,0.1495619311198958,-0.13945744543983407,-0.15886158055160027,0.18546890376929004,-0.6182207839679865,-1.4044097157610342,-0.682880804864683,-0.10423108138287929,-0.10391379109512489,-0.10375246684427974,-0.1041031688471914,False,False,False
lfm25,153,cap96_chunk2048_pollpm_mem0.8,96,2048,lpm,0.8,0,R_long_prefill,10.692181810656384,342.1498179410043,43110.87706056654,42768.72724262554,191.24214723706243,252.99158417619765,257.4585968721658,177.8223868459463,5.389593211152861,8.871880012954916,5.821090443210016,358.31953678280115,358.8938053697348,358.9637687802315,358.2761905854568,1,,-0.17953728828839577,-0.17953728828839588,-0.17953728828839588,-0.17953728828839588,0.040370737615959995,-0.26720790075116585,-0.2893823553962378,0.10555953649675953,-0.6924973594468018,-1.7090447156393664,-0.8142039599089539,-0.20180861506478287,-0.20085564927706412,-0.200706763499495,-0.20115769887856882,False,False,False
lfm25,154,cap96_chunk2048_pollpm_mem0.85,96,2048,lpm,0.85,0,R_long_prefill,11.61570616132077,371.7025971622646,46834.52724244534,46462.82464528308,172.03349038027227,234.0505185769871,238.44621977303177,165.4363664565608,5.243438326062695,7.993975564867498,5.465163522580219,334.92887672036886,335.3994833538309,335.4484232189134,334.85643565654755,1,,-0.10867080785475602,-0.10867080785475614,-0.10867080785475614,-0.10867080785475602,0.13675738395506443,-0.17233412044688023,-0.19416617748031917,0.1678607912180805,-0.6466002485899986,-1.4409749939507623,-0.7032755977499396,-0.12335602208735152,-0.12224384573905867,-0.122049704160482,-0.12264056690633174,False,False,False
lfm25,155,cap96_chunk2048_pollpm_mem0.9,96,2048,lpm,0.9,0,R_long_prefill,11.968469572242428,382.9910263117577,48256.869315281474,47873.87828896971,163.641412043944,219.41536949016157,222.97786419279876,155.45247052796185,5.198314034890744,7.90908761217349,5.466017030900525,324.88742796704173,325.20676942076534,325.2359106717631,324.8989984858781,1,,-0.08160156886847547,-0.08160156886847558,-0.08160156886847558,-0.08160156886847558,0.17886778723231367,-0.09902821735968437,-0.11669886819466191,0.21807944287570624,-0.632429838938785,-1.4150543030339162,-0.7035416025800689,-0.08967686596923241,-0.08813911078723335,-0.08788961906511372,-0.08925723685834641,False,False,False
lfm25,156,cap96_chunk2048_polfcfs_mem0.75,96,2048,fcfs,0.75,0,R_long_prefill,8.293747982076647,265.3999354264527,33440.39186373304,33174.99192830659,220.35366017371416,352.7559904847293,367.1657291520387,221.47705196402967,8.079611576132235,12.25248778449191,8.038314739091982,470.8216190338135,471.5979832690209,471.65115303359926,470.66480887588114,1,,-0.3635806910012208,-0.3635806910012209,-0.3635806910012209,-0.3635806910012208,-0.10570720644546583,-0.7669171867322884,-0.8388083304512661,-0.1140219211299709,-1.5372455252582093,-2.741319453999064,-1.5052251932738172,-0.5791421338451161,-0.5779628790551186,-0.5776375743550128,-0.5779520761584855,False,False,False
lfm25,157,cap96_chunk2048_polfcfs_mem0.8,96,2048,fcfs,0.8,0,R_long_prefill,10.725667051700237,343.2213456544075,43245.88955245535,42902.66820680094,199.880039319396,258.5311706876382,262.481377418153,184.2225939035416,5.258091132066422,8.895289964012559,5.769175789018552,362.9296144936234,363.74758242163807,363.8252482982352,363.0670433631167,1,,-0.1769678041404762,-0.17696780414047641,-0.17696780414047641,-0.17696780414047641,-0.0029731284056209173,-0.29495509960384814,-0.3145370198343376,0.07336671607268297,-0.6512016785121075,-1.7161929868190349,-0.7980242128099688,-0.21727087860399563,-0.21709634640223352,-0.21696804624041444,-0.21721952450163484,False,False,False
lfm25,158,cap96_chunk2048_polfcfs_mem0.85,96,2048,fcfs,0.85,0,R_long_prefill,11.898113476166891,380.7396312373405,47973.19353590491,47592.45390466756,181.8368211388588,229.2567854747176,229.52588591724637,166.4459278108552,4.709338033271413,7.938707366796029,5.207103628274655,327.8367039747536,328.1877478584647,328.2043742015958,327.8661402873695,1,,-0.08700033166486254,-0.08700033166486265,-0.08700033166486254,-0.08700033166486254,0.08756549189213114,-0.14832282188503743,-0.14949211641719495,0.16278273247819663,-0.47887639637821966,-1.4240987490387713,-0.6228485219794644,-0.09956877793723806,-0.09811343952661233,-0.09781890593878106,-0.099204884266068,False,False,False
lfm25,159,cap96_chunk2048_polfcfs_mem0.9,96,2048,fcfs,0.9,0,R_long_prefill,10.968889589041664,351.00446684933326,44226.56282301599,43875.55835616665,190.78206503763795,251.72719389665872,256.03492266032845,176.73587542958558,5.330430922068415,8.844503935336345,5.7826156975821625,356.0254236217588,356.2595135066658,356.28297400660813,355.9969620546326,1,,-0.15830416503759104,-0.15830416503759115,-0.15830416503759104,-0.15830416503759115,0.04267937275757683,-0.2608747045024369,-0.2822524306981429,0.11102465139083184,-0.6739185884465997,-1.7006853804929003,-0.8022129014370898,-0.1941141282231531,-0.19204133089574782,-0.1917397069433937,-0.1935163513114042,False,False,False
lfm25,160,cap96_chunk8192_pollpm_mem0.75,96,8192,lpm,0.75,0,R_long_prefill,9.34606623965322,299.074119668903,37683.33907828177,37384.26495861287,287.9446102306247,318.2532914215699,318.2759239571169,268.41603871434927,4.1939550860514565,7.337637099197073,4.831722933768986,418.0035346653312,418.7194309895858,418.81465941201895,418.1994496611878,1,,-0.2828312325198463,-0.28283123251984654,-0.28283123251984665,-0.28283123251984665,-0.4448701706980409,-0.5940968417692523,-0.593962545758393,-0.35012340311997825,-0.31703036401558427,-1.240560848414645,-0.5058571869212836,-0.40198955825519556,-0.40103168860190186,-0.4009034837068004,-0.4020565748632994,False,False,False
lfm25,161,cap96_chunk8192_pollpm_mem0.8,96,8192,lpm,0.8,0,R_long_prefill,8.279749963103024,264.9519988192968,33383.95185123139,33118.99985241209,340.55648115463555,375.3153673373163,375.3527088277042,320.1299578649923,4.280539785301493,7.667613283340488,4.948163352486107,473.3572311233729,474.0597235970199,474.1512302868068,473.5230217920616,1,,-0.36465482655269865,-0.36465482655269854,-0.36465482655269876,-0.36465482655269876,-0.7088699825432219,-0.8799147027433794,-0.8798096691753796,-0.6102426301481398,-0.3442206117964248,-1.3413196770547122,-0.5421470660755348,-0.587646611387858,-0.5861998414537457,-0.586000144419947,-0.587534528298814,False,False,False
lfm25,162,cap96_chunk8192_pollpm_mem0.85,96,8192,lpm,0.85,0,R_long_prefill,12.542235814494791,401.3515460638333,50570.294804043,50168.94325797916,209.11194733344016,210.400143195875,210.53998759482056,197.80964241363108,3.249253506862348,4.547527184589736,3.614111033628785,309.838806046173,310.4585468769073,310.50282947719097,309.8470844561234,1,,-0.03757371605570592,-0.03757371605570614,-0.03757371605570614,-0.03757371605570603,-0.04929769234671033,-0.0538719090011297,-0.0544085472698117,0.005024331390073411,-0.020365130555269673,-0.3885957058312386,-0.12637565293424657,-0.039203582732333375,-0.038791682401441596,-0.03860857240789417,-0.03879415029333,False,False,False
lfm25,163,cap96_chunk8192_pollpm_mem0.9,96,8192,lpm,0.9,0,R_long_prefill,12.52386073081477,400.7635433860726,50496.20646664515,50095.44292325908,210.3002609219402,212.246693787165,212.4824971193448,199.02116910088807,3.2283402303413995,4.545386219697613,3.598343130321272,310.6532134115696,310.9947364544496,311.020558248274,310.5698061408475,1,,-0.03898372490619262,-0.03898372490619284,-0.03898372490619284,-0.03898372490619273,-0.055260501847064214,-0.06312108424954332,-0.06413685907038547,-0.001069605998335721,-0.013797721123359308,-0.38794195830321665,-0.12146142030051044,-0.041935116147155505,-0.04058576821078508,-0.04034033614329857,-0.041217148914405755,False,False,False
lfm25,164,cap96_chunk8192_polfcfs_mem0.75,96,8192,fcfs,0.75,0,R_long_prefill,11.274904849185278,360.7969551739289,45460.41635191504,45099.61939674111,243.91328683122995,245.30404689721763,245.3401108738035,228.8545835763216,3.2726469705061567,4.996092531890157,3.767928762000896,345.5156094860285,346.2236419087276,346.3133228523657,345.66037519834936,1,,-0.1348221372710665,-0.13482213727106662,-0.13482213727106662,-0.13482213727106662,-0.2239264770300502,-0.22870184526728887,-0.22869157944144192,-0.15113065030547634,-0.027711394715527415,-0.525565951365297,-0.1743145631159957,-0.15886406822235943,-0.15846138907594476,-0.15839197491097723,-0.15886188303020776,False,False,False
lfm25,165,cap96_chunk8192_polfcfs_mem0.8,96,8192,fcfs,0.8,0,R_long_prefill,12.4454707897165,398.255065270928,50180.13822413692,49781.88315886599,220.39123135618863,220.7176435738802,220.7436500489712,205.86450141854584,3.036008301811913,4.577481595033238,3.4664928994482,311.8356221821159,312.22209751140326,312.24884846713394,311.8077771505341,1,,-0.04499896340319409,-0.0449989634031942,-0.044998963403194425,-0.044998963403194314,-0.10589573395703034,-0.10555116954880694,-0.10550966600749123,-0.035491331174116514,0.04660039584395759,-0.3977423396003572,-0.08036891137997748,-0.04590093129563888,-0.044692507967485806,-0.04444887439031109,-0.045367573777536085,False,False,False
lfm25,166,cap96_chunk8192_polfcfs_mem0.85,96,8192,fcfs,0.85,0,R_long_prefill,12.324592282847131,394.38695305110826,49692.75608443964,49298.369131388536,212.96335896477103,214.84674960374832,214.87374022603035,202.85840868018568,3.2345906290556155,4.424594341957521,3.5624701957849245,313.2356684654951,313.8855619588867,313.93301744479686,313.29498474951833,1,,-0.05427455460524866,-0.05427455460524866,-0.05427455460524866,-0.05427455460524844,-0.06862359595272816,-0.07614448692081055,-0.07611248041953056,-0.020370788536467677,-0.015760537778502837,-0.3510579385006356,-0.1102812435751499,-0.05059670563147822,-0.0502584459949591,-0.05008229274121434,-0.05035358988547656,False,False,False
lfm25,167,cap96_chunk8192_polfcfs_mem0.9,96,8192,fcfs,0.9,0,R_long_prefill,12.569955855573925,402.2385873783656,50682.06200967406,50279.823422295696,209.5117531716824,211.4174840738997,211.45199108403176,197.8553872322664,3.21902452607549,4.582162984767027,3.598539684448512,309.4452926889062,310.0214306032285,310.0855082971975,309.4101174501702,1,,-0.03544662352442529,-0.0354466235244254,-0.03544662352442551,-0.03544662352442529,-0.05130386821950905,-0.05896766110920049,-0.05897596595901011,0.004794236532453033,-0.010872304630178853,-0.3991718104793198,-0.1215226784581449,-0.03788373356320207,-0.03732909503218518,-0.03721266450032901,-0.037329173559880635,False,False,False
lfm25,168,cap128_chunk-1_pollpm_mem0.75,128,-1,lpm,0.75,0,R_long_prefill,12.397426952317645,396.71766247416457,49986.42547174474,49589.70780927057,213.972045108676,214.43680415395647,214.4771544681862,213.25975202489644,3.227690610313608,3.3448404902892728,3.2594323781649432,314.37752465717494,314.8796659661457,314.9240026017651,314.3021557480097,1,,-0.04868559891045887,-0.048685598910459205,-0.048685598910459094,-0.048685598910459094,-0.07368505732114028,-0.07409111382326361,-0.07412633319128492,-0.07268918627768861,-0.013593720535818532,-0.021353133906589994,-0.015836325721379385,-0.054426506877168324,-0.053584709628448524,-0.05339706343392958,-0.05373023402403421,False,False,False
lfm25,169,cap128_chunk-1_pollpm_mem0.8,128,-1,lpm,0.8,0,R_long_prefill,12.176489324979055,389.64765839932977,49095.60495831555,48705.95729991622,220.72790539823472,221.12409935798496,221.16716797929257,219.7582140797749,3.2104402254786217,3.3597099354430555,3.252811008884061,320.4310049768537,321.23924556653947,321.3281846558675,320.5953553551808,1,,-0.06563920931995293,-0.06563920931995304,-0.06563920931995315,-0.06563920931995293,-0.10758512234395345,-0.10758706328258771,-0.10763069266259029,-0.10537622594418039,-0.00817657129304461,-0.025893546058188388,-0.013772706458530237,-0.07472996245939911,-0.07486380939527892,-0.07481856993630487,-0.0748288315791239,False,False,False
lfm25,170,cap128_chunk-1_pollpm_mem0.85,128,-1,lpm,0.85,0,R_long_prefill,12.937205658539485,413.99058107326346,52162.8132152312,51748.822634157936,199.9842810910195,200.3786378307268,200.41212738957256,199.27167147397995,3.171021066185447,3.2931587846589183,3.2042076721066426,298.5826130025089,299.33468664530665,299.4255342381075,298.6021093092859,1,,-0.007265773764054573,-0.007265773764054795,-0.007265773764054684,-0.007265773764054684,-0.0034962006250971456,-0.003675255948467626,-0.0036870549397247654,-0.0023296242821477797,0.004202252191676137,-0.005572030991683796,0.0013750337984922423,-0.0014501576911869485,-0.0015713397791317085,-0.0015558543577018913,-0.0010942170400196627,False,False,False
lfm25,171,cap128_chunk-1_pollpm_mem0.9,128,-1,lpm,0.9,0,R_long_prefill,12.210036440100694,390.7211660832222,49230.86692648599,48840.145760402775,219.23644607886672,219.6184933418408,219.64935131836685,218.7231929274276,3.167923945452898,3.249421993631028,3.190714441570303,317.7329576574266,317.9306791396812,317.9309612745419,317.635340616107,1,,-0.06306497727543525,-0.06306497727543536,-0.06306497727543547,-0.06306497727543525,-0.10010116534389568,-0.10004564309942632,-0.10002929171851638,-0.10017010529952164,0.005174842971047089,0.007783077783470427,0.005580340778311821,-0.0656806749395129,-0.06379337400392959,-0.06345511366065604,-0.06490507837960857,False,False,False
lfm25,172,cap128_chunk-1_polfcfs_mem0.75,128,-1,fcfs,0.75,0,R_long_prefill,9.817004378760148,314.1441401203247,39582.16165516091,39268.017515040585,307.19375098124146,307.51745612360537,307.545317010954,289.63820077478886,2.8856555620829263,4.769307430983791,3.4365916164011083,393.79095612093806,394.6124289184809,394.7247891128063,394.0112707205117,1,,-0.2466938763186085,-0.24669387631860862,-0.24669387631860862,-0.24669387631860862,-0.5414599601712953,-0.5403221861614635,-0.5402224282126404,-0.4568701452291437,0.0938157616437949,-0.45631670787924783,-0.0710498625454643,-0.32078023947550816,-0.32036986276069856,-0.320324682402207,-0.3209632225281387,False,False,False
lfm25,173,cap128_chunk-1_polfcfs_mem0.8,128,-1,fcfs,0.8,0,R_long_prefill,8.981563996051502,287.41004787364807,36213.66603207966,35926.255984206015,337.3500523157418,337.7692269627005,337.81426918692887,316.0223461454734,3.1765846820968773,5.554980874782608,3.872647629900565,436.0118533950299,436.7074242560193,436.75667201634496,436.0744226723909,1,,-0.31080124879027393,-0.31080124879027404,-0.31080124879027404,-0.3108012487902738,-0.6927805222123862,-0.6918500843871855,-0.6918128327521826,-0.5895814850838754,0.002455106373771776,-0.6962235244765635,-0.2069512978780137,-0.4623897049692254,-0.46121936253207996,-0.4609181641800175,-0.46198425639460106,False,False,False
lfm25,174,cap128_chunk-1_polfcfs_mem0.85,128,-1,fcfs,0.85,0,R_long_prefill,12.745881885120196,407.86822032384623,51391.39576080463,50983.52754048078,200.37027052603665,201.4604542404413,201.50579877197745,200.07151109166443,3.234432664729895,3.3184163760574115,3.243481188321546,300.74994219467044,301.24255947303027,301.2609618296847,300.6194279296324,1,,-0.021946970243339803,-0.021946970243340025,-0.021946970243339914,-0.021946970243339803,-0.005433047508302202,-0.009093959127928652,-0.009164287396541404,-0.0063527899310811264,-0.015710932141547618,-0.013284482513565399,-0.010864969914168743,-0.008719409371426678,-0.00795506618787778,-0.007695221376855299,-0.007857484752453292,False,False,False
lfm25,175,cap128_chunk-1_polfcfs_mem0.9,128,-1,fcfs,0.9,0,R_long_prefill,12.78981341107344,409.2740291543501,51568.5276734481,51159.25364429376,203.94225581549108,204.5299620833248,204.58400445990264,203.61601165495813,3.172880827238964,3.263145546248603,3.196354189346875,302.7316441293806,303.5318561363965,303.61041703261435,302.70299152471125,1,,-0.01857589223966194,-0.018575892239662162,-0.018575892239662384,-0.01857589223966194,-0.023356824552683175,-0.02446879700083837,-0.0245802966054387,-0.024181505330489683,0.003618230253663035,0.0035925660042137597,0.003822654164615691,-0.015366064697588389,-0.015615033537390355,-0.01555397203094655,-0.014842845541408911,False,False,False
lfm25,176,cap128_chunk2048_pollpm_mem0.75,128,2048,lpm,0.75,0,R_long_prefill,11.893080892614334,380.5785885636587,47952.902159021,47572.32357045734,168.18611696362495,224.4974041590467,228.1100254924968,159.93074316065758,5.116071762336839,7.852626813485497,5.386256361230006,326.9607338588685,327.23799005616456,327.2534233191982,326.9046903587878,1,,-0.08738650608852705,-0.08738650608852716,-0.08738650608852694,-0.08738650608852694,0.15606302430303953,-0.12448358776369517,-0.1424013240662898,0.19555388622151293,-0.6066032461554283,-1.3978138953522143,-0.6786833523651059,-0.09663076221735234,-0.09493555792132202,-0.09463804687846267,-0.09598152470674304,False,False,False
lfm25,177,cap128_chunk2048_pollpm_mem0.8,128,2048,lpm,0.8,0,R_long_prefill,12.29437672538543,393.42005521233375,49570.92695675405,49177.50690154172,159.64331780560315,215.25154900737107,218.94110643304884,152.44258509483188,5.0595226292047775,7.655124279159692,5.294102724761732,316.57219026237726,316.8614480411634,316.8755671335384,316.5597695624456,1,,-0.056593140152138455,-0.056593140152138566,-0.05659314015213868,-0.056593140152138455,0.19892972588083224,-0.0781720840211666,-0.09648231962466114,0.23321906263703995,-0.5888450861690744,-1.3375061368884587,-0.6499627039175688,-0.06178744525970847,-0.06021573575599404,-0.05992489976868964,-0.06129911603618532,False,False,False
lfm25,178,cap128_chunk2048_pollpm_mem0.85,128,2048,lpm,0.85,0,R_long_prefill,11.97031954088818,383.0502253084217,48264.32838886113,47881.27816355271,163.2781932130456,219.21823383308947,222.99519483931363,155.93453915789723,5.107390791958859,7.751807233979626,5.3519650001920045,321.849997388199,322.67575305886567,322.73181782104075,321.8454541638493,1,,-0.08145961184618078,-0.081459611846181,-0.081459611846181,-0.08145961184618089,0.18069037406170618,-0.09804078584896847,-0.11678566207179553,0.21565465431872144,-0.6038771555458877,-1.3670284531804828,-0.6679960896275245,-0.0794892823669262,-0.07967035136278833,-0.07951361712901339,-0.07901991613301895,False,False,False
lfm25,179,cap128_chunk2048_pollpm_mem0.9,128,2048,lpm,0.9,0,R_long_prefill,11.730983026962836,375.39145686281074,47299.32356471416,46923.93210785135,171.21480777859688,228.03246094845235,231.7602378409356,163.17729756701738,5.169947819423772,7.909378476230607,5.433913369122292,331.5505834762007,332.26035265251994,332.3139807395637,331.6286120098084,1,,-0.09982505761807003,-0.09982505761807015,-0.09982505761806992,-0.09982505761806981,0.14086543122666573,-0.14219031072732946,-0.16068200862180837,0.17922382969984085,-0.6235219783833721,-1.4151431189033543,-0.6935361592883256,-0.11202518045501964,-0.11174034085798445,-0.1115652302049519,-0.111818956858599,False,False,False
lfm25,180,cap128_chunk2048_polfcfs_mem0.75,128,2048,fcfs,0.75,0,R_long_prefill,9.080946403988936,290.59028492764594,36614.37590088339,36323.78561595574,203.84826231747863,317.90583431720734,329.7631420940161,202.32113415841013,7.337092369374249,11.205560224311006,7.391108136113373,431.2981257680804,431.9780572783202,432.0706425514072,431.4454863779247,1,,-0.30317515700127085,-0.30317515700127096,-0.30317515700127096,-0.30317515700127085,-0.02288517689305536,-0.5923564661387581,-0.6514918594354175,-0.01766831625044607,-1.3040717498838692,-2.4216382172799187,-1.3035164595824154,-0.4465797981971851,-0.4453949404671087,-0.4452437486488128,-0.4464652723989557,False,False,False
lfm25,181,cap128_chunk2048_polfcfs_mem0.8,128,2048,fcfs,0.8,0,R_long_prefill,11.664174348574088,373.2535791543708,47029.95097345072,46656.69739429635,183.23684763163328,229.88977569621056,229.902479252778,167.38933988381177,4.792434058242267,8.062576717366614,5.297434095653795,331.8552349228412,332.65663308557123,332.7630132390186,331.60979684907943,1,,-0.1049516099352098,-0.10495160993520991,-0.10495160993520991,-0.1049516099352098,0.08054033342162992,-0.15149340248907617,-0.15137813928803112,0.15803740233851715,-0.5049710935721872,-1.4619224807735245,-0.6510009606365237,-0.1130469855635321,-0.11306629184852146,-0.11306721008709619,-0.11175587710125234,False,False,False
lfm25,182,cap128_chunk2048_polfcfs_mem0.85,128,2048,fcfs,0.85,0,R_long_prefill,11.814353621125653,378.0593158760208,47635.47380037863,47257.4144845026,183.13238047994676,229.37381973024455,229.53082389663905,167.47899819165468,4.665581021277655,7.887237591128195,5.171873340112788,327.7687751688063,328.17380677443,328.19300105329603,327.8070717351511,1,,-0.0934276295743699,-0.09342762957437034,-0.09342762957437001,-0.09342762957437012,0.08106453657017554,-0.14890903400646116,-0.14951684638767415,0.15758642414704005,-0.4651353542707253,-1.4083823593237974,-0.6118686327447,-0.09934094379531122,-0.09806679277687835,-0.09778086361453142,-0.09900685088254124,False,False,False
lfm25,183,cap128_chunk2048_polfcfs_mem0.9,128,2048,fcfs,0.9,0,R_long_prefill,10.504314784706471,336.13807311060714,42353.3972119365,42017.259138825895,203.68376350961623,267.9400761378929,272.6087559154257,190.1355140144005,5.443338402396728,9.01603736734438,5.877877288918581,372.42725398391485,372.86056098528206,372.9083234164864,372.3497099708766,1,,-0.19395323185179825,-0.19395323185179814,-0.19395323185179814,-0.19395323185179802,-0.02205974237491848,-0.34208330492659744,-0.36525609971531114,0.04362493215884922,-0.7093749957914102,-1.7530634262800726,-0.8319021766537888,-0.24912609103448813,-0.24758829590417264,-0.24735024822396667,-0.2483406169856588,False,False,False
lfm25,184,cap128_chunk8192_pollpm_mem0.75,128,8192,lpm,0.75,0,R_long_prefill,12.210536792945245,390.7371773742478,49232.88434915522,48842.14717178097,217.64806704595685,219.5773433195427,219.63739602360877,203.2073293812573,3.2634815922187217,4.934309615993932,3.736233642895616,319.0662160050124,319.620030769147,319.68120463658124,319.0305723110214,1,,-0.06302658278692741,-0.06302658278692763,-0.06302658278692774,-0.06302658278692763,-0.09213087729934588,-0.09983952702034005,-0.09996941822311989,-0.022125847610456884,-0.024833185184293338,-0.506700425503692,-0.16443644643810473,-0.07015244162748702,-0.06944593032423008,-0.06930954584948612,-0.06958273582965369,False,False,False
lfm25,185,cap128_chunk8192_pollpm_mem0.8,128,8192,lpm,0.8,0,R_long_prefill,11.962192682715582,382.7901658468986,48231.56089670923,47848.77073086233,224.76716618984935,226.59537997096777,226.6590384021401,209.86860536504537,3.260588258384697,4.971927079191851,3.750677862685294,326.1106456629932,326.49447112344205,326.5105942171067,326.1396191082895,1,,-0.08208322489467379,-0.0820832248946739,-0.0820832248946739,-0.08208322489467379,-0.12785362962665525,-0.13499212516468484,-0.13513461332156163,-0.055631835715453715,-0.023924589733350654,-0.5181869863840549,-0.1689381392044138,-0.09377955481029687,-0.09244774983618531,-0.09215333949410387,-0.09341654482006678,False,False,False
lfm25,186,cap128_chunk8192_pollpm_mem0.85,128,8192,lpm,0.85,0,R_long_prefill,12.181090115779677,389.7948837049496,49114.15534682365,48724.36046311871,219.1119380295277,220.6543315667659,220.82380549050868,207.6906473375857,3.2153814550369018,4.542133691270024,3.588149744656778,318.7887631356716,319.64588654227555,319.7111463639885,318.9232894219458,1,,-0.06528616843801305,-0.06528616843801327,-0.06528616843801327,-0.06528616843801294,-0.09947639946841114,-0.10523404644809653,-0.10591109370601437,-0.04467678206824721,-0.00972826873145305,-0.38694879282573513,-0.11828454462441185,-0.06922186091831883,-0.06953244352329713,-0.06940969867195879,-0.06922305893356828,False,False,False
lfm25,187,cap128_chunk8192_pollpm_mem0.9,128,8192,lpm,0.9,0,R_long_prefill,12.67935543068567,405.7393737819414,51123.161096524615,50717.42172274268,205.97155392169952,206.87973583117127,206.9646918959916,194.61162691004571,3.208088207869761,4.509757345752609,3.584685765447155,305.76632521115243,306.33402082603425,306.4024586742744,305.73688563890755,1,,-0.027051866154435333,-0.027051866154435444,-0.027051866154435555,-0.027051866154435333,-0.0335395895600441,-0.03623856344561838,-0.03650305393845832,0.021110238907418477,-0.007437965718113393,-0.37706261677200215,-0.11720495913086038,-0.025544426449206403,-0.024991052982165973,-0.024893140979682205,-0.0250142869282739,False,False,False
lfm25,188,cap128_chunk8192_polfcfs_mem0.75,128,8192,fcfs,0.75,0,R_long_prefill,11.624960380946924,371.9987321903016,46871.840255978,46499.8415237877,229.50708982534707,230.19208523910493,230.23384091909972,212.64204487670213,3.2610298254557195,5.1761806319137245,3.8082674633891833,330.7729964144528,331.9425411755219,331.99620351661,330.6983362417668,1,,-0.10796068692118921,-0.10796068692118921,-0.10796068692118932,-0.10796068692118921,-0.15163797574388949,-0.15300763879253143,-0.15303763674121607,-0.0695821406590802,-0.024063255319498822,-0.5805561806071249,-0.18688654297272156,-0.10941714284098913,-0.11067694633334235,-0.11050228933439232,-0.10870011187189355,False,False,False
lfm25,189,cap128_chunk8192_polfcfs_mem0.8,128,8192,fcfs,0.8,0,R_long_prefill,8.587992228621669,274.8157513158934,34626.78466580257,34351.96891448667,323.965975549072,356.16658164653927,356.1915257992223,304.6834262786433,4.2008703138919605,7.372801445965323,4.823540739204374,454.2968892492354,454.7615467570722,454.8044824413955,454.2131891939789,1,,-0.3410019099160304,-0.3410019099160304,-0.3410019099160305,-0.3410019099160304,-0.6256208929107467,-0.7840004746232707,-0.7838482539979732,-0.5325471098221151,-0.3192019573810736,-1.2512983457266391,-0.5033071200696029,-0.5237179646942123,-0.5216283043241912,-0.5212867303931219,-0.522796332742637,False,False,False
lfm25,190,cap128_chunk8192_polfcfs_mem0.85,128,8192,fcfs,0.85,0,R_long_prefill,12.17403229999162,389.5690335997318,49085.69823356621,48696.12919996648,218.97100191563368,220.5876064253971,220.61509878840295,206.0527232242748,3.2419971520862267,4.736563770641242,3.664145002051467,319.5874651428312,320.26572674512863,320.339132770896,319.6412182878703,1,,-0.0658277487050507,-0.06582774870505081,-0.06582774870505081,-0.06582774870505059,-0.09876919961224284,-0.10489982732141434,-0.10486586646397478,-0.036438080355385205,-0.018086412882778236,-0.44631837157486287,-0.1419692645655981,-0.07190071834733969,-0.0716064236202183,-0.07151026589277265,-0.07162998913773055,False,False,False
lfm25,191,cap128_chunk8192_polfcfs_mem0.9,128,8192,fcfs,0.9,0,R_long_prefill,11.97488354581037,383.1962734659318,48282.73045670741,47899.53418324148,227.7442505583167,229.28641168400645,229.32053765282035,215.73746774811295,3.1794172396222438,4.56853729086898,3.570267671508895,326.4483765233308,327.00368389487267,327.05241180956364,326.4157655648887,1,,-0.0811093937222247,-0.08110939372222492,-0.08110939372222492,-0.08110939372222481,-0.14279226798562528,-0.14847121641208227,-0.14846370861850877,-0.08515201078033674,0.0015655965454152154,-0.3950111800382492,-0.11271140876047547,-0.09491230872366496,-0.09415157147954445,-0.0939656785222367,-0.09434235415676917,False,False,False
lfm25,0,cap8_chunk-1_pollpm_mem0.75,8,-1,lpm,0.75,0,R_concurrent_decode,7.87615893041105,2016.2966861852287,3591.5284722674387,1575.23178608221,1548.7883291207254,3058.9916236000136,3059.0982744982466,1557.033186647459,3.7999453726133297,3.882580958306789,3.789315439073606,2517.910677008331,4049.011174985208,4049.053779938258,2523.3086236112285,1,,-0.6360099766198946,-0.6360099766198946,-0.6360099766198946,-0.6360099766198947,-8.456155187911673,-17.181909644709,-17.158986703270976,-8.544624027916411,0.2563019689905873,0.24115980542018578,0.2583685849270515,-0.7175396507124678,-1.757697587239162,-1.7564256074108267,-0.7211764317422282,False,False,True
lfm25,1,cap8_chunk-1_pollpm_mem0.8,8,-1,lpm,0.8,0,R_concurrent_decode,7.818676223306227,2001.581113166394,3565.3163578276394,1563.7352446612454,1570.3643304295838,3087.5535924220458,3087.728193886578,1575.7359964190982,3.796384920019145,3.881192046272404,3.795083927380962,2538.5671299882238,4077.1972937509418,4077.3344312096015,2543.4823979012435,1,,-0.6386664913103548,-0.6386664913103548,-0.6386664913103548,-0.6386664913103548,-8.587887854587292,-17.351675110031202,-17.328935583247283,-8.659272379067039,0.25699879521416447,0.24143126460925224,0.25723959679845654,-0.7316300143460968,-1.7768945685155066,-1.7756778859912745,-0.7349371840031103,False,False,False
lfm25,2,cap8_chunk-1_pollpm_mem0.85,8,-1,lpm,0.85,0,R_concurrent_decode,7.83257781836588,2005.1399215016647,3571.655485174841,1566.515563673176,1563.1197004113346,3077.8144194278866,3077.9875256400555,1569.2090333322994,3.806465222299391,3.891583180931561,3.805124415963541,2534.0386705938727,4070.098417671397,4070.347397495061,2539.5157594030024,1,,-0.6380240408525248,-0.6380240408525251,-0.6380240408525248,-0.6380240408525248,-8.543655634829761,-17.293787810821932,-17.271114405469465,-8.619262050936705,0.25502595081176116,0.23940034478263816,0.2552745078858949,-0.728541021302197,-1.7720596711564638,-1.7709214071452721,-0.7322314964655139,False,False,False
lfm25,3,cap8_chunk-1_pollpm_mem0.9,8,-1,lpm,0.9,0,R_concurrent_decode,7.701784902937148,1971.65693515191,3512.01391573934,1540.3569805874297,1632.9173198901117,3147.80043810606,3147.959113577381,1634.1136979463045,3.80578265872364,3.886939342243268,3.812018621772272,2601.26226162538,4137.368311802857,4137.761091887951,2606.178446498234,1,,-0.6440685248155182,-0.6440685248155182,-0.6440685248155181,-0.6440685248155182,-8.969806264407932,-17.709767854108854,-17.686469853691882,-9.017128086619959,0.2551595372551304,0.24030797079009647,0.25392519830955007,-0.7743961757817341,-1.8178758017431713,-1.8168138164867855,-0.7777028450081713,False,False,False
lfm25,4,cap8_chunk-1_polfcfs_mem0.75,8,-1,fcfs,0.75,0,R_concurrent_decode,7.835043067295356,2005.771025227611,3572.779638686682,1567.008613459071,1568.5735244769603,3077.475908375345,3077.5984729500487,1575.313228997402,3.799209614083463,3.880179721369025,3.7958144827166063,2537.448243238032,4066.941937431693,4066.9694954995066,2543.2459220901364,1,,-0.6379101114583359,-0.6379101114583359,-0.6379101114583359,-0.637910111458336,-8.576954056416785,-17.291775782634748,-17.26880496589258,-8.656680811895608,0.25644596636852435,0.24162912083811328,0.25709661509211024,-0.7308667893533838,-1.7699098578897146,-1.7686218734601424,-0.7347758812639422,False,False,False
lfm25,5,cap8_chunk-1_polfcfs_mem0.8,8,-1,fcfs,0.8,0,R_concurrent_decode,7.853915932448568,2010.6024787068332,3581.385665196547,1570.7831864897137,1553.4207317978144,3066.367694805376,3066.6322911297902,1561.8731940194266,3.808311827699928,3.894845414084985,3.797731648356764,2524.6444495860487,4059.5742543926463,4059.861549497582,2530.294764350401,1,,-0.6370379179577905,-0.6370379179577905,-0.6370379179577905,-0.6370379179577905,-8.484438406337214,-17.22575123589028,-17.203709067692845,-8.574293306037092,0.25466454645833847,0.23876274992821211,0.25672139421395945,-0.72213295162132,-1.764891881682129,-1.7637830826115564,-0.725941754809166,False,False,False
lfm25,6,cap8_chunk-1_polfcfs_mem0.85,8,-1,fcfs,0.85,0,R_concurrent_decode,7.815881762107291,2000.8657310994663,3564.0420835209247,1563.1763524214582,1575.5125056020916,3089.814148726873,3090.00630391296,1580.8250339032384,3.800876968193288,3.8869099469636295,3.7959362227268807,2544.6180489379917,4080.903756339103,4081.181897097267,2548.788770698593,1,,-0.6387956349711319,-0.6387956349711319,-0.6387956349711319,-0.6387956349711319,-8.61932013132289,-17.365111312394117,-17.342458577922713,-8.690468213469693,0.2561196437909923,0.24031371601987017,0.25707278856788907,-0.7357575210580591,-1.7794189633602802,-1.778297079035572,-0.7385567189705629,False,False,False
lfm25,7,cap8_chunk-1_polfcfs_mem0.9,8,-1,fcfs,0.9,0,R_concurrent_decode,6.969807873696752,1784.2708156663684,3178.2323904057184,1393.9615747393502,1854.765293886885,3587.838368862868,3587.9342867434025,1858.0311924743,3.812674555343156,3.901225301875349,3.8128154896149486,2824.793055187911,4578.332412731834,4578.41608769726,2830.299142326112,1,,-0.6778962241218611,-0.6778962241218611,-0.6778962241218611,-0.6778962241218611,-10.324303086725969,-20.325247359034478,-20.298188276043508,-10.38974385157003,0.2538107047211696,0.23751581770858143,0.2537692381538722,-0.926872991025645,-2.1182073110024335,-2.116793214266188,-0.9305780248078366,False,False,False
lfm25,8,cap8_chunk2048_pollpm_mem0.75,8,2048,lpm,0.75,0,R_concurrent_decode,7.899606696693257,2022.2993143534736,3602.2206536921253,1579.9213393386517,1523.5942585859448,3038.2721993373707,3038.4305034950376,1538.6313002672978,3.8097264774728057,3.8932246512130777,3.772785638084672,2495.03510678187,4030.922022787854,4031.053456407972,2500.691637978889,1,,-0.6349263579330855,-0.6349263579330855,-0.6349263579330855,-0.6349263579330855,-8.30233233406351,-17.058758375863608,-17.036301602905876,-8.431820339202972,0.25438768135963485,0.2390795237511647,0.2616037391113373,-0.7019355630633834,-1.7453774406122444,-1.7441717438127697,-0.7057491382818968,False,False,False
lfm25,9,cap8_chunk2048_pollpm_mem0.8,8,2048,lpm,0.8,0,R_concurrent_decode,7.67983680013326,1966.0382208341143,3502.0055808607663,1535.967360026652,1638.8755273073912,3161.5856733405963,3161.725818803534,1642.9687216732418,3.807095933121209,3.883584330095818,3.806517108380064,2609.38393487595,4151.815865677781,4151.987109784968,2613.630584310158,1,,-0.6450828378230795,-0.6450828378230795,-0.6450828378230795,-0.6450828378230795,-9.006184207681528,-17.791703973035006,-17.768189823015383,-9.071409442314037,0.25490251261717467,0.2409636990538797,0.2550019350520324,-0.7799362038555493,-1.82771573123226,-1.826498291466375,-0.7827860297791338,False,False,False
lfm25,10,cap8_chunk2048_pollpm_mem0.85,8,2048,lpm,0.85,0,R_concurrent_decode,7.092205697429816,1815.604658542033,3234.045798027996,1418.441139485963,1823.0097340419888,3509.142974228598,3509.3084850162268,1824.6339546021773,3.805540518506485,3.914615057007063,3.8120816917131273,2792.0953277498484,4500.087035633624,4500.265264543705,2796.7147859890247,1,,-0.6722397122210853,-0.6722397122210853,-0.6722397122210853,-0.6722397122210853,-10.130418941083658,-19.8575008821706,-19.831460907393677,-10.185018556185252,0.25520692720026594,0.23489882542982754,0.25391285448380185,-0.9045689260419787,-2.064916006456419,-2.0635914190102156,-0.9076697677433874,False,False,False
lfm25,11,cap8_chunk2048_pollpm_mem0.9,8,2048,lpm,0.9,0,R_concurrent_decode,7.950189575628605,2035.248531360923,3625.286446486644,1590.037915125721,1515.447698533535,3021.384538966231,3021.4958822121844,1529.6934148936998,3.794102252954069,3.882935940945412,3.758120410174004,2483.114337548613,4011.482858308591,4011.5365394577375,2488.0141194880707,1,,-0.6325887129656611,-0.6325887129656611,-0.6325887129656611,-0.6325887129656611,-8.25259336415084,-16.958382188949685,-16.93577669814429,-8.377031041051087,0.25744554242636963,0.24109042500096,0.2644739656476678,-0.6938040618103529,-1.7321378286018865,-1.730885447165913,-0.6971016641540018,False,False,True
lfm25,12,cap8_chunk2048_polfcfs_mem0.75,8,2048,fcfs,0.75,0,R_concurrent_decode,7.631610974824343,1953.692409555032,3480.0146045199003,1526.322194964869,1664.098987588659,3185.858192690648,3186.081462907605,1663.3025310293306,3.8249639228132426,3.946880960526566,3.831343496830075,2636.7817744612694,4178.196717053652,4178.5851843468845,2640.295122721,1,,-0.6473115535507346,-0.6473115535507346,-0.6473115535507346,-0.6473115535507346,-9.16018650115904,-17.935973983540205,-17.91276635431625,-9.19605583201436,0.25140551793724253,0.22859253979973693,0.2501430021145745,-0.7986250621464066,-1.84568318230723,-1.844605142551817,-0.8009742032932976,False,False,False
lfm25,13,cap8_chunk2048_polfcfs_mem0.8,8,2048,fcfs,0.8,0,R_concurrent_decode,7.893127659219709,2020.6406807602452,3599.266212604188,1578.625531843942,1531.5265473909676,3045.2380050439388,3045.3511057375,1543.210258023464,3.8047040328748674,3.890665797242785,3.783713249654016,2501.657105749473,4037.2195683419695,4037.3465791437775,2508.057136685238,1,,-0.6352257811700103,-0.6352257811700104,-0.6352257811700102,-0.6352257811700102,-8.350763066995372,-17.10016144770673,-17.077382703551493,-8.459889381402656,0.2553706381635038,0.23957964500184048,0.25946502562552587,-0.7064526199620611,-1.7496665683596326,-1.7484558372336823,-0.7107732255706141,False,False,False
lfm25,14,cap8_chunk2048_polfcfs_mem0.85,8,2048,fcfs,0.85,0,R_concurrent_decode,7.883630366808686,2018.209373903024,3594.935447264761,1576.7260733617372,1535.6188756413758,3050.7495545083657,3050.875636348501,1547.438908019103,3.808941813551036,3.894090586451485,3.786653579628168,2507.172947982326,4043.591069220565,4043.893565163016,2513.035570824286,1,,-0.6356646905060559,-0.6356646905060557,-0.6356646905060558,-0.6356646905060558,-8.375748851229492,-17.132920770612824,-17.110176641145223,-8.485811034646883,0.25454125014981543,0.23891027899571393,0.2588895546428185,-0.7102151353795088,-1.7540060655456484,-1.752912750106562,-0.7141690699896954,False,False,False
lfm25,15,cap8_chunk2048_polfcfs_mem0.9,8,2048,fcfs,0.9,0,R_concurrent_decode,7.887045232042683,2019.083579402927,3596.492625811464,1577.4090464085366,1536.2342945300045,3054.411491053179,3054.5481126662344,1551.1422932322605,3.8033219556525055,3.8852896123174943,3.764931163773416,2505.981988506392,4045.033372566104,4045.204970831983,2511.199739994481,1,,-0.6355068753975308,-0.6355068753975308,-0.6355068753975308,-0.6355068753975308,-8.379506302397624,-17.15468643968782,-17.13197667587367,-8.508512811200688,0.2556411283964375,0.24063040614722653,0.26314098904256367,-0.7094027474973703,-1.7549883884596063,-1.7538054999597632,-0.7129168296860882,False,False,False
lfm25,16,cap8_chunk8192_pollpm_mem0.75,8,8192,lpm,0.75,0,R_concurrent_decode,7.836892005335747,2006.2443533659512,3573.6227544331005,1567.3784010671493,1562.352045904845,3077.329152310267,3077.5075519504026,1569.1155066306237,3.80598152348516,3.8915505100443375,3.800892009052868,2532.9104708507657,4069.5786560419942,4069.693764396943,2538.342968939105,1,,-0.6378246643506155,-0.6378246643506155,-0.6378246643506155,-0.6378246643506156,-8.538968706340194,-17.2909034999209,-17.268265253508254,-8.618688731619095,0.25512061687152543,0.23940673022126369,0.25610285959659185,-0.7277714436478333,-1.771705672283801,-1.770476441208186,-0.7314315232529851,False,False,False
lfm25,17,cap8_chunk8192_pollpm_mem0.8,8,8192,lpm,0.8,0,R_concurrent_decode,7.858590277857891,2011.79911113162,3583.517166703198,1571.718055571578,1556.5089124720544,3066.8272657319903,3067.014351002872,1562.71543011826,3.799836933795436,3.8841935517449007,3.799049911207939,2525.382331106812,4057.21222164575,4057.360155619681,2531.4731574762845,1,,-0.6368218970382207,-0.6368218970382207,-0.6368218970382206,-0.6368218970382207,-8.503293349362579,-17.228482814819287,-17.205976997498492,-8.57945621905336,0.2563231918576142,0.24084462829149345,0.2564633884713723,-0.7226362819344292,-1.7632831501361812,-1.762080238808041,-0.7267455496587614,False,False,False
lfm25,18,cap8_chunk8192_pollpm_mem0.85,8,8192,lpm,0.85,0,R_concurrent_decode,7.867165851452111,2013.9944579717403,3587.427628262162,1573.433170290422,1553.8578720297664,3063.260468374938,3063.380731646903,1562.0600235124584,3.797250135126067,3.879048510491117,3.7857527430876905,2522.1566564869136,4052.364094508812,4052.410660702735,2527.42697299982,1,,-0.6364255841577116,-0.6364255841577116,-0.6364255841577116,-0.6364255841577117,-8.487107373938851,-17.20728263016805,-17.184407619973147,-8.57543857210053,0.2568294615242501,0.2418502130167235,0.2590658631842967,-0.7204359560409961,-1.7599811912305694,-1.7587108307254873,-0.7239856029387262,False,False,True
lfm25,19,cap8_chunk8192_pollpm_mem0.9,8,8192,lpm,0.9,0,R_concurrent_decode,7.864451255790628,2013.299521482401,3586.189772640526,1572.8902511581257,1550.088209565729,3062.375932536088,3062.623871555552,1558.5555048310198,3.802426407734553,3.890016672986688,3.7920976788097738,2519.766631303355,4054.287216253578,4054.56845278386,2525.540412927512,1,,-0.636551036900225,-0.636551036900225,-0.636551036900225,-0.636551036900225,-8.464091631506042,-17.202025162126816,-17.179914854098428,-8.553955848739212,0.2558163986063874,0.23970651462338677,0.25782405480656345,-0.7188056507817802,-1.7612909895902957,-1.7601797648693975,-0.7226987596635366,False,False,False
lfm25,20,cap8_chunk8192_polfcfs_mem0.75,8,8192,fcfs,0.75,0,R_concurrent_decode,7.83153616293976,2004.8732577125784,3571.180490300531,1566.307232587952,1561.2410579342395,3075.7393195293844,3075.9077014401555,1566.857165656984,3.8118258072976383,3.8987465375376975,3.8107310740195,2533.433015923947,4069.91099154111,4070.055272299796,2538.593589531956,1,,-0.6380721800770197,-0.6380721800770197,-0.6380721800770196,-0.6380721800770197,-8.532185549168604,-17.28145391668269,-17.25876844708494,-8.604845086085346,0.25397681559603213,0.23800028565207054,0.2541771926017159,-0.7281278867459418,-1.7719320191039154,-1.7707225405921063,-0.7316024743026059,False,False,False
lfm25,21,cap8_chunk8192_polfcfs_mem0.8,8,8192,fcfs,0.8,0,R_concurrent_decode,7.859256782407976,2011.9697362964416,3583.821092778037,1571.8513564815953,1554.1655216366053,3066.767651308328,3067.0390198379755,1561.2908908951797,3.803698639111484,3.884141122849256,3.791642118948421,2524.154655169696,4057.108817365952,4057.52869757358,2528.1596312270267,1,,-0.6367910950941624,-0.6367910950941624,-0.6367910950941624,-0.6367910950941624,-8.488985734184128,-17.228128481039427,-17.20612343314993,-8.570723783923576,0.25556740661380994,0.24085487538068473,0.2579132153713297,-0.7217988486928624,-1.7632127236244757,-1.762194975085428,-0.7244853571350185,False,False,False
lfm25,22,cap8_chunk8192_polfcfs_mem0.85,8,8192,fcfs,0.85,0,R_concurrent_decode,7.837499078613536,2006.3997641250653,3573.899579847772,1567.4998157227071,1554.615921108052,3073.4609693754464,3073.677184046246,1563.140285492409,3.806865018080263,3.8951483031040897,3.796405656555412,2525.425515603274,4066.670717857778,4066.918344516307,2531.223727914039,1,,-0.63779660897254,-0.63779660897254,-0.63779660897254,-0.63779660897254,-8.49173565631259,-17.267911951965193,-17.24552796506608,-8.582060585387532,0.2549477056514009,0.23870355106934438,0.2569809126393382,-0.7226657393276745,-1.7697251358595016,-1.7685870520209623,-0.7265754110241529,False,False,False
lfm25,23,cap8_chunk8192_polfcfs_mem0.9,8,8192,fcfs,0.9,0,R_concurrent_decode,7.851221224659515,2009.912633512836,3580.156878444739,1570.244244931903,1551.4279671479017,3067.888272437267,3068.0804732907563,1560.0971286621643,3.806321905451078,3.88899277850036,3.79973015823292,2522.096532396972,4059.457934158854,4059.7560906223953,2529.028319011559,1,,-0.6371624515991005,-0.6371624515991005,-0.6371624515991003,-0.6371624515991005,-8.47227154568347,-17.23478918319864,-17.21230556190296,-8.563406013313053,0.2550539997565352,0.23990663209668028,0.2563302529296506,-0.7203949436614148,-1.7648126583818682,-1.763711290642397,-0.7250778985813118,False,False,False
lfm25,24,cap16_chunk-1_pollpm_mem0.75,16,-1,lpm,0.75,0,R_concurrent_decode,13.108205824679386,3355.700691117923,5977.3418560538,2621.641164935877,696.0634759161621,1288.8870536582544,1289.0491210203618,695.5305061128456,4.470763521670711,4.47460628059857,4.457143718472628,1832.3232615366576,2429.64540340472,2429.833889962174,1832.1021543233653,1,,-0.39421535462244983,-0.39421535462244983,-0.3942153546224497,-0.39421535462244983,-3.2498281560768305,-6.660834299464499,-6.651871155499651,-3.2636067347334095,0.12501425622111273,0.12545001969043934,0.12766359616593814,-0.24988065833662954,-0.6547811248854838,-0.6541287718209874,-0.24969693324814068,False,False,False
lfm25,25,cap16_chunk-1_pollpm_mem0.8,16,-1,lpm,0.8,0,R_concurrent_decode,12.48444240526134,3196.0172557469027,5692.90573679917,2496.888481052268,827.6562090031803,1415.2063691988587,1415.3850318863988,821.9074263179209,4.45498019986439,4.577202874454944,4.431623908663717,1952.6262648869304,2551.7271001823246,2551.980652874336,1951.9715230271688,1,,-0.42304205347701185,-0.42304205347701196,-0.42304205347701196,-0.42304205347701185,-4.053269970736377,-7.411645894965966,-7.40180852909981,-4.038298115435848,0.1281032546669183,0.1053977863741894,0.1326582430791554,-0.3319428141710816,-0.7379284381676936,-0.7372811534518771,-0.33146114170455077,False,False,False
lfm25,26,cap16_chunk-1_pollpm_mem0.85,16,-1,lpm,0.85,0,R_concurrent_decode,13.156555565202344,3368.0782246918,5999.389337732269,2631.311113040469,683.0444168299437,1276.5915097203106,1276.8329961085692,682.510838683811,4.460116011985376,4.463925250970266,4.4550732823029415,1818.9149152021853,2414.5853271940723,2414.9316353723407,1818.554525671061,1,,-0.39198091225798426,-0.39198091225798426,-0.39198091225798426,-0.39198091225798426,-3.1703400550851573,-6.5877525469067235,-6.579355521828116,-3.1837960848100044,0.12709811038522956,0.12753759872317372,0.1280688146100164,-0.24073443774579273,-0.6445240191293129,-0.6439839433272057,-0.2404559474550627,False,False,False
lfm25,27,cap16_chunk-1_pollpm_mem0.9,16,-1,lpm,0.9,0,R_concurrent_decode,13.234759435049607,3388.0984153726995,6035.050302382621,2646.9518870099214,680.5720115080476,1268.023891421035,1268.1352343270555,679.9393582768971,4.433238429619985,4.458353732365604,4.413156104262681,1805.3777520544827,2404.5065491227438,2404.5202803611755,1805.2941648638807,1,,-0.38836678655716705,-0.38836678655716705,-0.38836678655716694,-0.38836678655716705,-3.1552447396235923,-6.536828686708486,-6.5277250979691015,-3.1680328924197427,0.13235839786922776,0.12862653732032536,0.13627269643661433,-0.23150034748331838,-0.6376595722882337,-0.636896330487186,-0.23141091020351445,False,False,True
lfm25,28,cap16_chunk-1_polfcfs_mem0.75,16,-1,fcfs,0.75,0,R_concurrent_decode,13.173705447633882,3372.468594594274,6007.2096841210505,2634.7410895267767,683.2399035338312,1277.5246475357562,1277.5847560865805,682.7874991577119,4.480579188375369,4.488816622124002,4.46312994318232,1818.658298579976,2417.6382683217525,2417.7112329518422,1818.6422282888088,1,,-0.3911883449466368,-0.3911883449466368,-0.3911883449466367,-0.3911883449466368,-3.171533602695491,-6.593298893394108,-6.583818013131046,-3.1854920153973634,0.12309320439391802,0.12267264596816485,0.12649199343880313,-0.24055939213051292,-0.6466033140529228,-0.6458761765162033,-0.240515770370602,False,False,False
lfm25,29,cap16_chunk-1_polfcfs_mem0.8,16,-1,fcfs,0.8,0,R_concurrent_decode,12.808980648406289,3279.09904599201,5840.895175673268,2561.7961296812578,750.6410351488739,1343.6814879532903,1343.773125060834,748.7451200868236,4.470010344669515,4.473773531579212,4.458456648246604,1885.3983096778395,2484.1811779653654,2484.293786999769,1885.651565389708,1,,-0.40804379306177885,-0.40804379306177885,-0.40804379306177874,-0.40804379306177885,-3.5830524322275688,-6.9865192231168285,-6.976716051789776,-3.589812680456343,0.1251616626172224,0.12561277828702022,0.1274066341943576,-0.2860846827598722,-0.6919243105731991,-0.6912027804486705,-0.28622357267647947,False,False,False
lfm25,30,cap16_chunk-1_polfcfs_mem0.85,16,-1,fcfs,0.85,0,R_concurrent_decode,12.470404077586062,3192.423443862032,5686.504259379245,2494.0808155172126,811.9655665941536,1410.786688933149,1410.953767085448,805.9479607327376,4.463305258575608,4.61874732108531,4.4739984217277895,1947.5220653694123,2549.21433320269,2549.384690062143,1946.817558273324,1,,-0.42369082291702553,-0.42369082291702553,-0.4236908229170254,-0.42369082291702553,-3.957470469391982,-7.385376379668941,-7.375504281449468,-3.940466482813404,0.1264739339361014,0.09727803399729462,0.12436485325927327,-0.3284610921479234,-0.7362170446601026,-0.7355139310931944,-0.32794556593179736,False,False,False
lfm25,31,cap16_chunk-1_polfcfs_mem0.9,16,-1,fcfs,0.9,0,R_concurrent_decode,12.5608968823427,3215.589601879731,5727.768978348271,2512.17937646854,802.4207467678934,1397.8223328478634,1397.8972143027931,801.6190481575904,4.463688162721548,4.467064854323718,4.451141136015911,1936.8547156918796,2536.3358417060226,2536.7548252036795,1936.660037841648,1,,-0.4195087744832492,-0.4195087744832492,-0.4195087744832491,-0.4195087744832492,-3.8991943991112787,-7.308319368748757,-7.297999818664703,-3.9139302192746275,0.12639899468527616,0.12692397153929236,0.12883840037346417,-0.3211845846028083,-0.7274457710348157,-0.7269160500063847,-0.32101701006338335,False,False,False
lfm25,32,cap16_chunk2048_pollpm_mem0.75,16,2048,lpm,0.75,0,R_concurrent_decode,13.067397411539934,3345.253737354223,5958.73321966221,2613.479482307987,702.6164310518652,1295.926957228221,1296.1460560699925,701.0882646281971,4.462609934054461,4.4813113659620285,4.428636174998246,1830.6492154952136,2435.763609292917,2436.2592621613294,1830.3904892527496,1,,-0.39610128092027763,-0.39610128092027763,-0.39610128092027763,-0.39610128092027763,-3.2898373423145717,-6.702677791165845,-6.693998978026491,-3.2976758322464814,0.12661001786010107,0.12413952846397946,0.1332429917446626,-0.24873874314497768,-0.6589481081035962,-0.6585028951173115,-0.24852938776796707,False,False,False
lfm25,33,cap16_chunk2048_pollpm_mem0.8,16,2048,lpm,0.8,0,R_concurrent_decode,13.161645609449607,3369.3812760191,6001.710397909022,2632.3291218899217,690.6635004561394,1277.2281647892669,1277.3749444866553,690.013360363082,4.450563382466926,4.471720699768733,4.397816965801587,1811.6370087955147,2413.7624339433387,2414.0812420425937,1811.4566866424864,1,,-0.39174568016821354,-0.39174568016821343,-0.39174568016821343,-0.39174568016821354,-3.2168585081263723,-6.59153667133822,-6.58257255917326,-3.229786593749714,0.12896768246251122,0.12601399884294207,0.13927481836227862,-0.23576996742451706,-0.643963563592385,-0.6434050312954367,-0.23561443376229896,False,False,False
lfm25,34,cap16_chunk2048_pollpm_mem0.85,16,2048,lpm,0.85,0,R_concurrent_decode,13.233350496258186,3387.737727042096,6034.407826293734,2646.6700992516376,681.1347955372185,1262.2543659061191,1262.3555754125118,680.2718042454217,4.439247891708624,4.476222795178639,4.383349472796088,1798.0182920582592,2401.1317340657115,2401.393181742169,1798.025919808424,1,,-0.38843189947174395,-0.38843189947174395,-0.38843189947174384,-0.38843189947174395,-3.1586808277042264,-6.50253601627561,-6.493416703808128,-3.170070788468699,0.13118226908723085,0.1251340761849069,0.14210634492235008,-0.22648024710137604,-0.635361055702838,-0.6347675331980425,-0.22645316069458765,False,False,False
lfm25,35,cap16_chunk2048_pollpm_mem0.9,16,2048,lpm,0.9,0,R_concurrent_decode,13.126049984981773,3360.2687961553333,5985.478793151688,2625.209996996354,695.3440115321428,1288.1973148789257,1288.4162342222407,694.7261342575075,4.452860329811479,4.473917960810164,4.417042418636436,1821.6922571882608,2424.922234960832,2425.1011744327843,1821.0719510097988,1,,-0.39339070184651537,-0.3933907018465155,-0.39339070184651537,-0.3933907018465155,-3.2454354532526013,-6.656734658240425,-6.648114302361731,-3.2586759297873886,0.12851814041651566,0.1255845499752617,0.13551208073312704,-0.24262894299104665,-0.6515642727556841,-0.6509069380329462,-0.2421731108337959,False,False,False
lfm25,36,cap16_chunk2048_polfcfs_mem0.75,16,2048,fcfs,0.75,0,R_concurrent_decode,12.369057486343545,3166.478716503947,5640.290213772655,2473.8114972687085,829.5212558005005,1432.7000117860734,1432.8985059261322,802.9670868854737,4.478810490200333,4.801986807062491,4.559508107280742,1966.0486388020215,2571.915109315887,2572.5566081982106,1965.641654242063,1,,-0.4283744699132058,-0.42837446991320594,-0.42837446991320594,-0.42837446991320594,-4.0646570477284865,-7.515623894259489,-7.505769537762653,-3.9221937058483594,0.12343936130441058,0.06146436039027492,0.10762920004730869,-0.3410986033801129,-0.751678072750757,-0.751288398905785,-0.340785687836457,False,False,False
lfm25,37,cap16_chunk2048_polfcfs_mem0.8,16,2048,fcfs,0.8,0,R_concurrent_decode,12.965834027571738,3319.253511058365,5912.420316572712,2593.1668055143477,711.5425195079297,1315.6880578259006,1315.86539094802,709.8239808692597,4.464775288258405,4.4786744705383095,4.468262092981889,1849.2234773002565,2454.107071901672,2454.393215980381,1849.2308145796412,1,,-0.4007949468089137,-0.4007949468089137,-0.4007949468089137,-0.4007949468089137,-3.3443357370109545,-6.820133014898748,-6.811054105948518,-3.3512258322404023,0.12618623027896447,0.1246549027106234,0.12548754723224742,-0.26140878399439327,-0.6714414602806151,-0.6708477285986789,-0.2613805798954658,False,False,False
lfm25,38,cap16_chunk2048_polfcfs_mem0.85,16,2048,fcfs,0.85,0,R_concurrent_decode,13.056751216924273,3342.5283115326138,5953.878554917468,2611.3502433848544,698.5747548751533,1292.3203281126916,1292.4699265137317,697.7666914754082,4.465706613572205,4.484033317159058,4.434842023400444,1829.2760057374835,2432.620588317513,2432.871274002828,1828.6514074425213,1,,-0.39659328579997877,-0.39659328579997877,-0.39659328579997877,-0.3965932857999789,-3.265160815233579,-6.681240856133196,-6.672177257459965,-3.277314566220512,0.12600395797392172,0.12360753029107041,0.13202840504523083,-0.24780203707784687,-0.6568074616627908,-0.6561964951964294,-0.2473431410296063,False,False,False
lfm25,39,cap16_chunk2048_polfcfs_mem0.9,16,2048,fcfs,0.9,0,R_concurrent_decode,12.451576576272954,3187.603603525876,5677.918918780467,2490.3153152545906,814.5224414765835,1419.9724355246872,1420.1028937194496,787.1494472055929,4.474644157487679,4.860609766808064,4.558858327857474,1949.8353749513624,2557.3758735787123,2558.0023236572742,1949.6583208092488,1,,-0.42456091996606893,-0.42456091996606893,-0.42456091996606893,-0.42456091996606904,-3.973081515284907,-7.439974245599016,-7.429814033535031,-3.8252314669903784,0.12425476603555796,0.05000665772859603,0.10775637257778592,-0.33003906747788747,-0.7417757006455838,-0.7413804537940281,-0.3298832811519088,False,False,False
lfm25,40,cap16_chunk8192_pollpm_mem0.75,16,8192,lpm,0.75,0,R_concurrent_decode,13.026594616412453,3334.808221801588,5940.127145084078,2605.3189232824902,710.0186659954488,1306.324842502363,1306.507666944526,709.3484538490884,4.461349866480804,4.4652007793204165,4.450397029708541,1844.661597860977,2444.5094760274515,2444.9432834610343,1844.1996964247664,1,,-0.39798694758643394,-0.39798694758643394,-0.39798694758643405,-0.39798694758643405,-3.335031821797541,-6.764480317557863,-6.755506107648203,-3.3483108483713533,0.12685662924041763,0.12728830007574965,0.12898403422806737,-0.2582969941718718,-0.6649047366605003,-0.6644146117767462,-0.25794879913252133,False,False,False
lfm25,41,cap16_chunk8192_pollpm_mem0.8,16,8192,lpm,0.8,0,R_concurrent_decode,13.017365346471449,3332.445528696691,5935.918597990981,2603.47306929429,708.6493705864996,1303.086668602191,1303.3093006256968,707.2699322889093,4.461836141041096,4.466147728757385,4.46122378052678,1844.891263637692,2441.7215660680085,2441.950008594431,1844.881996323238,1,,-0.39841347049071874,-0.39841347049071874,-0.39841347049071874,-0.39841347049071874,-3.3266715638838793,-6.745233391606005,-6.7365204176689115,-3.3355694970655776,0.12676145907412373,0.12710322130914475,0.12686506085172178,-0.2584536558364501,-0.6630059489722635,-0.6623769160728255,-0.25841420336157217,False,False,False
lfm25,42,cap16_chunk8192_pollpm_mem0.85,16,8192,lpm,0.85,0,R_concurrent_decode,13.22667990687424,3386.0300561598056,6031.3660375346535,2645.3359813748484,678.0867499765009,1265.4720873571932,1265.548659726046,677.5763634941541,4.439980607918081,4.458803457627986,4.421659789787715,1805.343658896163,2402.1785794757307,2402.312979432754,1805.0996098900212,1,,-0.3887401751181948,-0.3887401751181948,-0.3887401751181947,-0.3887401751181947,-3.1400709303412127,-6.521661377794718,-6.51237103949432,-3.1535477183241456,0.1310388671304057,0.12853863970549706,0.13460838518286233,-0.23147709155459673,-0.6360740404135883,-0.6353936928011894,-0.23127820212628913,False,False,True
lfm25,43,cap16_chunk8192_pollpm_mem0.9,16,8192,lpm,0.9,0,R_concurrent_decode,13.152161664870686,3366.953386206896,5997.385719181033,2630.4323329741374,698.4747981186956,1282.4491160688922,1282.6575101912022,696.5280523727415,4.459537137482389,4.462641450010386,4.418817981986292,1823.7719091121107,2420.385041716509,2420.485353525728,1823.326637779246,1,,-0.392183972645488,-0.3921839726454879,-0.392183972645488,-0.392183972645488,-3.2645505274470734,-6.622568748606173,-6.613930178896593,-3.269721700093693,0.12721140354759342,0.12778851423032178,0.13516457375439228,-0.24404753367875798,-0.6484740844795913,-0.6477646811900089,-0.2437110573585375,False,False,False
lfm25,44,cap16_chunk8192_polfcfs_mem0.75,16,8192,fcfs,0.75,0,R_concurrent_decode,13.155130541786498,3367.7134186973435,5998.739527054643,2631.0261083573,680.889236042276,1270.797483017668,1270.839167656377,679.380022775149,4.463411215692759,4.468175906815803,4.4499625942633285,1815.577658591792,2409.483987558633,2409.935844358988,1814.1204843122975,1,,-0.39204676850987485,-0.39204676850987485,-0.39204676850987474,-0.39204676850987474,-3.1571815597614217,-6.553314247313571,-6.543775804735537,-3.164604161988411,0.12645319676972944,0.12670681926395377,0.12906906039682298,-0.238457998551467,-0.6410496024393195,-0.6405830188083201,-0.23743143931021615,False,False,False
lfm25,45,cap16_chunk8192_polfcfs_mem0.8,16,8192,fcfs,0.8,0,R_concurrent_decode,12.77655768023432,3270.798766139986,5826.11030218685,2555.311536046864,759.0391174890101,1355.3674063179642,1355.5345121398568,753.9725271053612,4.477549105970644,4.647951935253599,4.475891903911127,1892.972108675167,2493.059910135344,2493.3547602547333,1893.0857843806732,1,,-0.40954219311277307,-0.40954219311277307,-0.40954219311277307,-0.40954219311277307,-3.6343270760223554,-7.055977508057111,-7.046532335026059,-3.621856721046295,0.1236862303711943,0.09157006928617173,0.12399426762352384,-0.29125098996974197,-0.6979714310242764,-0.6973711101536983,-0.2912945348235305,False,False,False
lfm25,46,cap16_chunk8192_polfcfs_mem0.85,16,8192,fcfs,0.85,0,R_concurrent_decode,13.168749776670186,3371.199942827568,6004.949898161605,2633.749955334037,682.8081931453198,1275.8888656273484,1276.1189845437184,682.2969400382135,4.46871897004837,4.47272995569031,4.452104051996881,1817.6138859707864,2416.2492021685466,2416.5810649096966,1817.583473297418,1,,-0.3914173670887593,-0.3914173670887592,-0.3914173670887592,-0.3914173670887593,-3.168897787101299,-6.583576199605846,-6.575117107318784,-3.182484884657165,0.12541440118814062,0.1258167424384692,0.12864994186346546,-0.23984696810198525,-0.6456572498872133,-0.6451068056208393,-0.2397935820020769,False,False,False
lfm25,47,cap16_chunk8192_polfcfs_mem0.9,16,8192,fcfs,0.9,0,R_concurrent_decode,13.291264752540291,3402.563776650315,6060.816727158373,2658.252950508059,672.2945319488645,1256.2901474302637,1256.4253673981875,671.7347891972167,4.432231700960912,4.464959183835662,4.41328820318221,1797.4987882189453,2394.691663235426,2395.05419629626,1797.1232810086804,1,,-0.3857554411010563,-0.3857554411010563,-0.3857554411010563,-0.3857554411010563,-3.1047064382917116,-6.467086137762479,-6.458214641364609,-3.117738828138923,0.13255542757573602,0.12733551927520215,0.13624684250331287,-0.22612587851679256,-0.6309748569439786,-0.6304522183719763,-0.2258374608891982,False,False,True
lfm25,48,cap24_chunk-1_pollpm_mem0.75,24,-1,lpm,0.75,0,R_concurrent_decode,13.283848348695097,3400.6651772659447,6057.434847004964,2656.7696697390197,126.3124744873494,1395.8025871776044,1395.938355405815,440.5205439688871,4.836130338520103,4.863052483575016,4.615157067161692,1360.837569925934,2388.810348021798,2388.840754381381,1617.385596095119,1,,-0.3860981839320302,-0.3860981839320302,-0.3860981839320302,-0.3860981839320301,0.22879689983226492,-7.296314486813603,-7.286371917410159,-1.700393931750054,0.053507285556374296,0.04952923518760011,0.09673778244763365,0.07173335977745676,-0.626969215054271,-0.6262223683044885,-0.10323641864079014,False,False,False
lfm25,49,cap24_chunk-1_pollpm_mem0.8,24,-1,lpm,0.8,0,R_concurrent_decode,13.345210425942073,3416.3738690411706,6085.415954229585,2669.0420851884146,126.27663020975888,1392.2949621919545,1392.38016536925,439.2780028574634,4.829001129038778,4.870763477577152,4.608507780985925,1358.9363978244364,2382.915669772774,2383.2190181175247,1614.4474870088743,1,,-0.3832623874315889,-0.3832623874315889,-0.3832623874315889,-0.3832623874315889,0.22901574771813904,-7.2754660084900316,-7.265250292746993,-1.6927771462830052,0.05490256326013487,0.04802214177427011,0.09803915721968604,0.07303020421954409,-0.6229544718781315,-0.6223953265712865,-0.10123230227317181,False,False,False
lfm25,50,cap24_chunk-1_pollpm_mem0.85,24,-1,lpm,0.85,0,R_concurrent_decode,13.28075373885406,3399.87295714664,6056.023704917452,2656.1507477708124,130.64519758336246,1406.313769891858,1406.4026997890323,448.172363860067,4.834547127578773,4.888722017297851,4.602646748546748,1364.3749000038952,2396.628401451744,2396.7321904283017,1621.8472847394878,1,,-0.38624119870843876,-0.38624119870843865,-0.38624119870843865,-0.38624119870843865,0.20234338051538803,-7.358790425909074,-7.34848887916238,-1.7472996397445621,0.05381714023697726,0.044512192613553325,0.09918625775843604,0.06932044468796095,-0.6322939292002496,-0.6315945262409308,-0.1062797853017694,False,False,False
lfm25,51,cap24_chunk-1_pollpm_mem0.9,24,-1,lpm,0.9,0,R_concurrent_decode,13.246241876381058,3391.037920353551,6040.286295629762,2649.2483752762114,130.82814449444413,1400.5329362116754,1400.7341220742092,446.55531317403074,4.850357325345863,4.853412444776326,4.616727011321642,1367.6726431585848,2394.419185514562,2394.6930534532294,1623.8207010610497,1,,-0.38783613524278615,-0.38783613524278615,-0.38783613524278615,-0.38783613524278615,0.2012263948370936,-7.324430542464713,-7.314839869515309,-1.7373871080370447,0.05072288182105489,0.05141335531189639,0.09643051852948015,0.06707095876387137,-0.6307892780159563,-0.6302063675054366,-0.10762587417528446,False,False,False
lfm25,52,cap24_chunk-1_polfcfs_mem0.75,24,-1,fcfs,0.75,0,R_concurrent_decode,13.124277752146153,3359.815104549415,5984.670654978646,2624.855550429231,163.57769607566297,1432.5572728645056,1432.7476887777448,477.2129108023364,4.817437333986163,4.882999554495601,4.601504362482742,1393.2161058764905,2424.543091002852,2424.701154585928,1650.5965232354356,1,,-0.39347260408807394,-0.39347260408807394,-0.39347260408807383,-0.39347260408807394,0.001273414650100002,-7.514775488479392,-7.504874278327863,-1.9253183900872153,0.05716574621892334,0.04563063285548674,0.0994098415183079,0.049647024533358786,-0.6513060456644384,-0.6506346213364356,-0.12588995556264893,False,False,False
lfm25,53,cap24_chunk-1_polfcfs_mem0.8,24,-1,fcfs,0.8,0,R_concurrent_decode,13.4161677530828,3434.5389447891966,6117.772495405757,2683.23355061656,126.7866468988359,1379.1017512558028,1379.2790352227166,437.9748564242618,4.768801907844403,4.775901536968554,4.552760201919477,1342.6998406648636,2369.61570084095,2369.7413147054613,1598.9287079137284,1,,-0.37998315457288945,-0.37998315457288945,-0.37998315457288945,-0.37998315457288945,0.22590183158792443,-7.197048739441614,-7.187481216116806,-1.684788849781111,0.06668432270152569,0.0665626575401127,0.10894987621753449,0.08410562916105147,-0.6138961387077417,-0.613220272636916,-0.090646773187256,False,False,False
lfm25,54,cap24_chunk-1_polfcfs_mem0.85,24,-1,fcfs,0.85,0,R_concurrent_decode,12.888643559501231,3299.492751232315,5877.221463132561,2577.7287119002463,143.48755008541048,1475.8313270751387,1476.0414192499593,483.2297595712589,5.068473551678014,5.072821199108718,4.746290945445699,1435.633800458163,2469.365780428052,2469.655557554215,1693.533950659912,1,,-0.4043622390037448,-0.4043622390037448,-0.4043622390037448,-0.4043622390037448,0.12393416477305674,-7.771986046869875,-7.761868400593809,-1.9622017139782426,0.008034739716826111,0.008530493726257471,0.07107272360535688,0.02071268901419887,-0.6818338503899701,-0.6812376891745568,-0.15517804479244957,False,False,False
lfm25,55,cap24_chunk-1_polfcfs_mem0.9,24,-1,fcfs,0.9,0,R_concurrent_decode,13.265611600709702,3395.996569781684,6049.118889923624,2653.1223201419407,147.68927334807813,1403.741949237883,1403.925347216427,458.5362165671541,4.768367697868277,4.814384609789533,4.563447777478609,1364.5377738866955,2397.6062065688893,2397.906426130794,1622.2153998241993,1,,-0.3869409798156874,-0.3869409798156874,-0.3869409798156874,-0.3869409798156874,0.09828046731073115,-7.34350414320329,-7.33378316905157,-1.8108301273527543,0.06676930316114404,0.05904124258931254,0.10685814173064379,0.06920934370478093,-0.6329598919985249,-0.6323938965470313,-0.10653088063035732,False,False,False
lfm25,56,cap24_chunk2048_pollpm_mem0.75,24,2048,lpm,0.75,0,R_concurrent_decode,12.600313609891844,3225.680284132312,5745.743006110681,2520.0627219783687,186.2024161964655,1534.1110490961,1534.234191388823,511.2399288336746,5.100057755286494,5.407522918163415,4.847869378350237,1488.4771138895303,2526.950518670492,2526.97195218876,1747.446620312985,1,,-0.4176871637579014,-0.4176871637579014,-0.4176871637579014,-0.4176871637579014,-0.1368622237213717,-8.118386681552499,-8.10730410767956,-2.1339042421328918,0.0018533061088811253,-0.05688607333083451,0.05119215199627958,-0.015333262465397457,-0.7210536220453436,-0.7202562812905482,-0.19195246687894518,False,False,False
lfm25,57,cap24_chunk2048_pollpm_mem0.8,24,2048,lpm,0.8,0,R_concurrent_decode,13.140274617688222,3363.910302128185,5991.965225665829,2628.0549235376448,143.36507651023567,1426.1248779017478,1426.2222730042413,451.3520411128411,4.891985831964835,5.049122450690644,4.693919445351496,1392.510762438178,2418.630139832385,2418.7045286176726,1648.3014996774727,1,,-0.3927333224770613,-0.3927333224770613,-0.3927333224770613,-0.39273332247706116,0.12468192940395939,-7.476542881659009,-7.466139027730595,-1.7667910829380071,0.04257564932936764,0.013162351517244097,0.08132268836781864,0.05012815967994422,-0.6472788571802475,-0.6465523704513372,-0.12432449487294317,False,False,False
lfm25,58,cap24_chunk2048_pollpm_mem0.85,24,2048,lpm,0.85,0,R_concurrent_decode,13.181247886510254,3374.399458946625,6010.649036248677,2636.249577302051,134.7275876905769,1422.618856607005,1422.8507813857868,445.0851600704482,4.89359786094842,5.0364618896342375,4.689387925934758,1384.076392510906,2414.064729656093,2414.3361241091043,1640.8790811838116,1,,-0.39083977751329646,-0.39083977751329646,-0.39083977751329635,-0.39083977751329646,0.17741827379449016,-7.455703935288042,-7.446125655822906,-1.7283750595094323,0.04226015458840049,0.015636824739747812,0.08220958132025324,0.055881487195151625,-0.6441694509366445,-0.6435785442920978,-0.11926158197426906,False,False,False
lfm25,59,cap24_chunk2048_pollpm_mem0.9,24,2048,lpm,0.9,0,R_concurrent_decode,13.044230800006924,3339.323084801773,5948.169244803158,2608.846160001385,152.95456373132765,1447.0759574323893,1447.240559286438,463.2212140713818,4.903124293823744,5.063599792820419,4.702406181033938,1404.0277048479766,2439.207492978312,2439.496632697992,1662.334790235036,1,,-0.3971719062781509,-0.3971719062781509,-0.3971719062781508,-0.3971719062781509,0.06613314153530203,-7.6010710536377655,-7.590904807341435,-1.8395491939295314,0.04039570953006277,0.010332793231987325,0.07966169447730787,0.04227212037544292,-0.6612936659001813,-0.6607067608926065,-0.1338967559675457,False,False,False
lfm25,60,cap24_chunk2048_polfcfs_mem0.75,24,2048,fcfs,0.75,0,R_concurrent_decode,13.19313496199834,3377.442550271575,6016.069542671243,2638.626992399668,144.13615432567894,1420.2505360124633,1420.5221129674464,449.7619327303255,4.842118717109164,4.993107218441426,4.658003086931821,1380.649003200233,2411.0623471206054,2411.379898153245,1637.5527198979398,1,,-0.3902904263736029,-0.3902904263736029,-0.3902904263736029,-0.3902904263736029,0.11997409983958829,-7.4416272079353245,-7.432302543568721,-1.7570437077343812,0.05233528308557023,0.02411038072665106,0.08835211100294316,0.0582194085095421,-0.6421245904222466,-0.641566069929224,-0.11699263453156239,False,False,False
lfm25,61,cap24_chunk2048_polfcfs_mem0.8,24,2048,fcfs,0.8,0,R_concurrent_decode,12.67678362919798,3245.2566090746827,5780.613334914278,2535.356725839596,173.2608878519386,1512.0013400679454,1512.19266992528,496.7011887929402,5.085059535671391,5.380681740649629,4.833132562777667,1471.8170184642076,2503.486538305878,2503.6684654513374,1729.1499923012452,1,,-0.4141531664933662,-0.4141531664933662,-0.4141531664933662,-0.4141531664933662,-0.05784748807697304,-7.986971894823656,-7.976464344043006,-2.044781666764276,0.004788649989555971,-0.051640036072104545,0.05407638941659476,-0.003968929830832524,-0.7050727913580193,-0.704392247104771,-0.1794721366413019,False,False,False
lfm25,62,cap24_chunk2048_polfcfs_mem0.85,24,2048,fcfs,0.85,0,R_concurrent_decode,13.130927407603494,3361.5174163464944,5987.702897867193,2626.185481520699,162.08377829752862,1429.6269769081846,1430.307247173041,463.675528211752,4.840981182368363,5.054536990310047,4.665053056041692,1398.117459146306,2421.7206561472267,2422.423280728981,1653.2640575023834,1,,-0.39316529588533544,-0.39316529588533544,-0.39316529588533544,-0.39316529588533544,0.010394556695403567,-7.497358514892722,-7.490387673886497,-1.842334142701071,0.05255791321942305,0.012104094048186798,0.08697231598422805,0.04630366979884559,-0.6493837437850107,-0.6490839405673012,-0.12770950988437302,False,False,False
lfm25,63,cap24_chunk2048_polfcfs_mem0.9,24,2048,fcfs,0.9,0,R_concurrent_decode,13.460773970258762,3445.958136386243,6138.112930437996,2692.154794051753,137.21906812861562,1371.0741406073794,1371.2082326924428,438.6161030270159,4.707892254615823,4.861930669741888,4.531435866773987,1338.474843883887,2362.4813742935658,2362.5435485877097,1594.1322490543826,1,,-0.377921715973665,-0.377921715973665,-0.37792171597366486,-0.37792171597366475,0.16220649486591598,-7.149334554693123,-7.139572459129912,-1.688719695818918,0.07860512280092513,0.049748490738625306,0.11312339966885898,0.08698762158505668,-0.6090370967698371,-0.608320336029152,-0.08737505609832041,False,False,False
lfm25,64,cap24_chunk8192_pollpm_mem0.75,24,8192,lpm,0.75,0,R_concurrent_decode,13.35464595121744,3418.7893635116643,6089.718553755152,2670.929190243488,122.94687004759908,1392.2914578579366,1392.5077024800703,436.9080960168503,4.826268072550496,4.85762316395766,4.607607881988253,1355.5614065844566,2383.3424993092194,2383.667121892795,1611.8481059238547,1,,-0.3828263326114756,-0.3828263326114757,-0.3828263326114756,-0.3828263326114756,0.2493456586813657,-7.275445179572429,-7.266007360513944,-1.678249601225637,0.05543745745719919,0.050590381368224135,0.09821528226860243,0.07533238329539593,-0.6232451766284888,-0.6227003767850061,-0.0994592359828308,False,False,False
lfm25,65,cap24_chunk8192_pollpm_mem0.8,24,8192,lpm,0.8,0,R_concurrent_decode,12.82479479605205,3283.1474677893248,5848.106426999735,2564.95895921041,148.2969974167645,1489.8324040230364,1489.9782815296203,487.71888729243074,5.08893017803191,5.093295267399619,4.771231155609712,1445.8599037025124,2481.4601061167195,2481.7285358626395,1704.3828319729073,1,,-0.40731295560380276,-0.40731295560380276,-0.40731295560380265,-0.40731295560380276,0.09456999700508906,-7.85520507696833,-7.844598432162732,-1.9897200974522256,0.004031115651561112,0.004528891149892078,0.06619151388461753,0.013737168414986178,-0.6900710449368694,-0.6894564653073756,-0.1625781854854944,False,False,False
lfm25,66,cap24_chunk8192_pollpm_mem0.85,24,8192,lpm,0.85,0,R_concurrent_decode,13.623336005771662,3487.5740174775456,6212.241218631878,2724.667201154333,112.85159992985427,1344.9474482797086,1345.1274380041286,417.3621050576912,4.697772609435168,4.734070665458692,4.508751676607347,1312.1998484712094,2334.150597313419,2334.415510389954,1567.0937825925648,1,,-0.3704090489960358,-0.3704090489960358,-0.3704090489960358,-0.37040904899603566,0.310982513183929,-6.994043786470041,-6.984755332820519,-1.5584325436586637,0.08058566711337956,0.07473839090326984,0.11756306913516812,0.1049105554109625,-0.5897415917819935,-0.5891719500139616,-0.06893182216765248,False,False,True
lfm25,67,cap24_chunk8192_pollpm_mem0.9,24,8192,lpm,0.9,0,R_concurrent_decode,13.270017804255064,3397.1245578892967,6051.12811874031,2654.003560851013,128.63592989742756,1410.3368780110031,1410.5099842790514,447.4385921639623,4.916975974087038,4.921494948622935,4.664679142953059,1382.200519554317,2399.240760365501,2399.4368189154197,1635.9584931778954,1,,-0.3867373508455684,-0.38673735084556826,-0.38673735084556826,-0.3867373508455684,0.21461100075439332,-7.38270281185641,-7.372869960693029,-1.7428016142549931,0.037684758101069304,0.03810680973789948,0.08704549693141916,0.05716107435924789,-0.6340731527099246,-0.6334357236232335,-0.11590519503576768,False,False,False
lfm25,68,cap24_chunk8192_polfcfs_mem0.75,24,8192,fcfs,0.75,0,R_concurrent_decode,13.222859335834372,3385.0519899736,6029.623857140475,2644.5718671668747,141.6294756345451,1413.59097850509,1413.7632701639086,457.8006923256908,4.845253435675712,4.848451058508134,4.6132056823219445,1377.504289383069,2405.9668824542314,2406.228720415384,1634.1681413177866,1,,-0.3889167395773955,-0.38891673957739537,-0.38891673957739537,-0.3889167395773955,0.135278671977635,-7.4020444016475775,-7.392181656436033,-1.8063213587482125,0.051721778469816515,0.05238304515521697,0.0971197005864961,0.06036450869933119,-0.6386541750519128,-0.6380593646601276,-0.11468397643519279,False,False,False
lfm25,69,cap24_chunk8192_polfcfs_mem0.8,24,8192,fcfs,0.8,0,R_concurrent_decode,13.366560140037864,3421.839395849693,6095.151423857266,2673.3120280075727,119.05911518260837,1387.6287850318477,1387.839983701706,434.5675568038132,4.861519259272837,4.881969694340346,4.62610744266296,1360.904349712655,2378.844148060307,2379.1271537728608,1614.224954682868,1,,-0.38227572845206015,-0.38227572845206015,-0.38227572845206015,-0.38227572845206026,0.2730824164065365,-7.247731375006001,-7.23829950819108,-1.663902079925121,0.04853834823707892,0.045831916303017084,0.0945946136855812,0.07168780735472524,-0.6201814428303902,-0.6196097573309947,-0.10108051053781342,False,False,False
lfm25,70,cap24_chunk8192_polfcfs_mem0.85,24,8192,fcfs,0.85,0,R_concurrent_decode,12.757389590354752,3265.891735130817,5817.369653201768,2551.47791807095,251.5007713809609,1505.9453712543473,1506.1083423020318,559.6516876248643,4.7574466176550185,4.908281653096863,4.559978971305742,1465.2062382083386,2495.875278301537,2496.014752853662,1722.4463253078284,1,,-0.4104280301743485,-0.4104280301743485,-0.41042803017434826,-0.4104280301743486,-0.535542513681017,-7.950976674395287,-7.94034741856534,-2.430668652907589,0.06890669858520271,0.04068931345275251,0.1075370442057636,0.0005404744603048073,-0.6998889199280032,-0.6991819212996351,-0.17489949200823895,False,False,False
lfm25,71,cap24_chunk8192_polfcfs_mem0.9,24,8192,fcfs,0.9,0,R_concurrent_decode,12.97206587504417,3320.848864011308,5915.262039020141,2594.413175008834,190.02482085488737,1463.0394537001848,1463.2459849817678,503.9514490053989,4.828914209250726,4.946597685087837,4.609819203638015,1422.0844442024827,2453.939554421231,2454.2753050569445,1679.4553459330928,1,,-0.4005069472488193,-0.4005069472488193,-0.4005069472488193,-0.4005069472488193,-0.16019998457701679,-7.695954231648278,-7.685913952619501,-2.0892258111960853,0.05491957457711205,0.03320054619102952,0.0977824902166704,0.029955096548055615,-0.6713273675968296,-0.6707674597985054,-0.14557487440699868,False,False,False
lfm25,72,cap32_chunk-1_pollpm_mem0.75,32,-1,lpm,0.75,0,R_concurrent_decode,21.838212141583803,5590.5823082454535,9958.224736562212,4367.642428316761,147.7202265523374,149.5401605265215,149.64603146072477,143.24048261914868,5.114803192041376,5.1561329153129,5.134759391041691,1452.3217636160553,1455.6903259363023,1456.4081565104425,1452.60412733478,1,,0.00923450354752342,0.00923450354752342,0.009234503547523198,0.00923450354752342,0.0980914819616453,0.11116929318404267,0.11169238394661174,0.1219348669627146,-0.0010325649249536273,-0.00775256118336376,-0.004956946568783538,0.00932934699375687,0.008559491165989308,0.008538548601694895,0.00916282486207709,False,False,False
lfm25,73,cap32_chunk-1_pollpm_mem0.8,32,-1,lpm,0.8,0,R_concurrent_decode,21.775133639444125,5574.434211697696,9929.46093958652,4355.026727888825,135.5495871976018,141.51474845129997,142.06142317969352,135.87007884052582,5.148022896701507,5.153220320284805,5.144710247016822,1446.7041690368203,1454.9878964200616,1455.414497954771,1447.7711918298155,1,,0.00631938392240361,0.00631938392240361,0.006319383922403832,0.00631938392240361,0.17239954092011023,0.15887041014281023,0.15671506336587804,0.16711549227254474,-0.007534087058537198,-0.007183302177154793,-0.006904492904442394,0.013161270627730759,0.009037901350211541,0.009214989576978194,0.012459423070254383,False,False,False
lfm25,74,cap32_chunk-1_pollpm_mem0.85,32,-1,lpm,0.85,1,R_concurrent_decode,21.63839233084194,5539.428436695536,9867.106902863923,4327.678466168388,163.78626390360296,168.2436929550022,168.4619480418041,163.13195596740115,5.1095272733957735,5.11646719037683,5.109432208586904,1465.9985729958862,1468.2578661711889,1468.950864863582,1466.0371691570615,1,,0.0,0.0,0.0,0.0,0.0,0.0,0.0,0.0,0.0,0.0,0.0,0.0,0.0,0.0,0.0,False,False,False
lfm25,75,cap32_chunk-1_pollpm_mem0.9,32,-1,lpm,0.9,0,R_concurrent_decode,22.02668208347852,5638.8306133705,10044.167030066204,4405.336416695704,129.77485707961023,134.0767958201468,134.2661224026233,129.2524508025963,5.127327302105579,5.134732786419929,5.126928563079084,1436.6375184617937,1438.807478570379,1438.8611623644829,1436.6192343877628,1,,0.017944482505899417,0.017944482505899195,0.017944482505899417,0.017944482505899417,0.2076572602206146,0.20307980961873884,0.2029884257939072,0.2076815971701771,-0.0034836938443378873,-0.0035699625080081177,-0.0034243246172784847,0.020028023952363694,0.020058048575355647,0.02048380461105037,0.02006629530833337,False,False,False
lfm25,76,cap32_chunk-1_polfcfs_mem0.75,32,-1,fcfs,0.75,0,R_concurrent_decode,21.175516752347253,5420.932288600897,9656.035639070347,4235.103350469451,166.90299892798066,177.34999160747975,177.55890008527786,166.35859293455724,5.141098315224928,5.206255203971238,5.162502714037877,1479.2326788883656,1489.8441754747182,1490.996623649262,1482.796785014216,1,,-0.0213914033638688,-0.0213914033638688,-0.02139140336386869,-0.0213914033638688,-0.019029282127175584,-0.05412564651034546,-0.05400004065734976,-0.019779306562111465,-0.0061788576789751914,-0.01754883013093167,-0.010386771618533741,-0.009027366149091387,-0.014701987846195141,-0.015007825866066193,-0.011431917423206261,False,False,False
lfm25,77,cap32_chunk-1_polfcfs_mem0.8,32,-1,fcfs,0.8,0,R_concurrent_decode,19.887721012263157,5091.256579139367,9068.800781591995,3977.544202452631,279.9185246694833,282.0664091734216,282.3889272939414,274.62383116653655,5.14929580739608,5.312213019887899,5.172551267006544,1593.637194717303,1596.5420444030317,1597.5735546695068,1593.6244042532053,1,,-0.08090579428507216,-0.08090579428507239,-0.0809057942850725,-0.08090579428507227,-0.7090476209545291,-0.6765348181513231,-0.6762772280412317,-0.6834459535409172,-0.007783212002286932,-0.03825800542202873,-0.012353438864217026,-0.08706599315480701,-0.08737169484156926,-0.0875609204381862,-0.08702864960068069,False,False,False
lfm25,78,cap32_chunk-1_polfcfs_mem0.85,32,-1,fcfs,0.85,0,R_concurrent_decode,21.810813038556343,5583.568137870424,9945.730745581692,4362.162607711269,136.09929126687348,141.3391154492274,141.55114389490336,136.00056312861852,5.170619193756697,5.176722526038978,5.167569612168853,1453.3564329613,1456.8621853599325,1457.004509898834,1453.730814231676,1,,0.007968277175039784,0.007968277175039784,0.007968277175039784,0.007968277175039784,0.16904331277148343,0.15991433041695413,0.15974411111655185,0.16631562269874534,-0.011956472114165395,-0.0117767462235423,-0.011378446999305236,0.008623569127186093,0.007761362001739602,0.008132576283181203,0.008394299397239235,False,False,False
lfm25,79,cap32_chunk-1_polfcfs_mem0.9,32,-1,fcfs,0.9,0,R_concurrent_decode,20.708868357101007,5301.470299417858,9443.24397083806,4141.773671420202,162.58344752714038,219.88784298300743,220.07675870787352,181.7258866649354,5.369781825107102,5.376358416168859,5.290837665476526,1530.975157627836,1533.3825200796127,1534.1602806560695,1530.8894913614497,1,,-0.04295716426289442,-0.04295716426289442,-0.0429571642628942,-0.04295716426289431,0.007343817166319266,-0.30696039251716734,-0.30638854213689326,-0.11398092168557028,-0.0509351526640085,-0.050795053720043226,-0.03550403439833327,-0.04432240646671648,-0.04435505193529177,-0.04439182912938566,-0.04423647883476023,False,False,False
lfm25,80,cap32_chunk2048_pollpm_mem0.75,32,2048,lpm,0.75,0,R_concurrent_decode,20.890545083836937,5347.979541462256,9526.088558229643,4178.109016767387,146.28168661147356,187.35916479490697,187.93329823762176,148.3599880739348,5.3776278653565575,5.534653543385074,5.369432528580849,1517.6533535122871,1520.7834696164357,1521.288128257729,1517.5652828620514,1,,-0.0345611279974376,-0.0345611279974376,-0.0345611279974376,-0.03456112799743771,0.10687451361874756,-0.11361776185581784,-0.11558307630982512,0.09055226369270197,-0.052470723340048986,-0.08173341828415892,-0.050886343018112346,-0.035235218824831716,-0.03577409980592794,-0.03562900887022358,-0.0351478903734872,False,False,False
lfm25,81,cap32_chunk2048_pollpm_mem0.8,32,2048,lpm,0.8,0,R_concurrent_decode,20.31642591702428,5201.005034758215,9264.29021816307,4063.285183404855,171.35310848243537,239.6137604722753,239.76232982240617,170.1270219637081,5.375777415967748,5.538880684522583,5.380125732649592,1541.8990850448608,1545.0331365223974,1545.5624306108805,1542.0590837893542,1,,-0.061093559706532186,-0.0610935597065323,-0.061093559706532186,-0.0610935597065323,-0.04619950659162675,-0.42420649632531227,-0.4232432463793472,-0.042879802150504354,-0.05210856666883501,-0.08255960185579592,-0.052979179096996454,-0.05177393310408607,-0.05229004531160264,-0.052153933517996354,-0.05185538008971746,False,False,False
lfm25,82,cap32_chunk2048_pollpm_mem0.85,32,2048,lpm,0.85,0,R_concurrent_decode,21.74290170508909,5566.182836502807,9914.763177520625,4348.580341017818,152.6432354003191,159.01538690086454,159.03319159522653,137.59041151206475,5.119720451972064,5.27092058211565,5.180293018758461,1458.6651145946234,1461.532998085022,1462.149995174259,1458.5651312954724,1,,0.004829812337684203,0.004829812337684203,0.004829812337684203,0.004829812337684203,0.06803396229760839,0.05485082912799477,0.05596965104688101,0.1565698412911839,-0.00199493574080023,-0.03018750751090904,-0.013868627134824951,0.005002363942467003,0.0045801682668341615,0.004629746203222762,0.0050967588126604735,False,False,False
lfm25,83,cap32_chunk2048_pollpm_mem0.9,32,2048,lpm,0.9,0,R_concurrent_decode,19.7716300747433,5061.537299134285,9015.863314082946,3954.32601494866,185.6326460838318,230.58994573075324,274.83401444274944,187.77781928656623,5.566300701021271,5.798752757209335,5.560650599392259,1605.5759857408702,1608.42318511568,1609.2205786751583,1605.7437221315922,1,,-0.08627083877381592,-0.08627083877381592,-0.0862708387738157,-0.08627083877381592,-0.13338348198165506,-0.37057111432061784,-0.6314308224344463,-0.15107930983240392,-0.08939641637765994,-0.1333509121519949,-0.08831086750638129,-0.09520978759191179,-0.09546369351999706,-0.09548972478708673,-0.09529536898089619,False,False,False
lfm25,84,cap32_chunk2048_polfcfs_mem0.75,32,2048,fcfs,0.75,0,R_concurrent_decode,20.952569836723796,5363.857878201291,9554.37184554605,4190.513967344758,148.484114324674,184.91119265090677,186.0081672621891,149.04617148567922,5.356316472056742,5.509471461341224,5.355189846572923,1514.3473497591913,1517.299498198554,1518.3129149349406,1514.6195823617743,1,,-0.03169470650278472,-0.03169470650278483,-0.03169470650278472,-0.03169470650278494,0.09342755133565461,-0.09906760487219213,-0.10415538597494356,0.08634595471004292,-0.04829981042394027,-0.07681164685343167,-0.048098815671338,-0.03298009810780411,-0.033401239085646406,-0.03360360870609713,-0.03313859581926337,False,False,False
lfm25,85,cap32_chunk2048_polfcfs_mem0.8,32,2048,fcfs,0.8,0,R_concurrent_decode,21.261974613132764,5443.065500961988,9695.460423588542,4252.394922626553,142.03675207681954,173.1183360563591,173.2942972658202,140.39511572627816,5.28088126276784,5.435748074897656,5.287873575249321,1488.5119474492967,1491.616059653461,1491.9901811750606,1488.8028774148552,1,,-0.01739582645299631,-0.01739582645299631,-0.0173958264529962,-0.01739582645299631,0.13279203828462793,-0.028973704842895298,-0.028685108300047446,0.13937698537536403,-0.033536172761865934,-0.06240260567317568,-0.034923913142937746,-0.015357023443346662,-0.01590878143441099,-0.015684198064458865,-0.015528738791038554,False,False,False
lfm25,86,cap32_chunk2048_polfcfs_mem0.85,32,2048,fcfs,0.85,0,R_concurrent_decode,19.640214110224694,5027.894812217522,8955.93763426246,3928.0428220449385,187.3489674180746,229.67047037091103,277.6983097335325,188.4432295046281,5.5846065821527855,5.81842274313756,5.580110482211846,1611.3816539291292,1614.250523247756,1614.806832545437,1611.3714024686487,1,,-0.09234411642352802,-0.09234411642352802,-0.09234411642352802,-0.09234411642352813,-0.1438625129659199,-0.36510597417959567,-0.6484334472056632,-0.15515827899645207,-0.09297911202679154,-0.1371953589541206,-0.09211948694297578,-0.099170001670698,-0.09943257273824502,-0.09929261159827862,-0.09913407133814434,False,False,False
lfm25,87,cap32_chunk2048_polfcfs_mem0.9,32,2048,fcfs,0.9,0,R_concurrent_decode,19.384546149734906,4962.443814332136,8839.353044279118,3876.909229946981,187.4236434232444,260.2636179886758,305.5675253504887,193.1888225662988,5.675463515388615,5.820521395379568,5.651345229239714,1634.0867991093546,1636.9931149063632,1637.5719821127132,1634.281856022426,1,,-0.10415959497575744,-0.10415959497575744,-0.10415959497575733,-0.10415959497575744,-0.14431844866766919,-0.5469442771818191,-0.8138667449972836,-0.18424879675263584,-0.11076097879730518,-0.13760553499237504,-0.10606129967671785,-0.11465783746976399,-0.1149220805301654,-0.11479016846815404,-0.1147615424799231,False,False,False
lfm25,88,cap32_chunk8192_pollpm_mem0.75,32,8192,lpm,0.75,0,R_concurrent_decode,21.821665849987568,5586.346457596817,9950.67962759433,4364.333169997513,134.7550819627941,139.37746838200837,139.57291731610894,134.38374802353792,5.172919763215617,5.1801943152631615,5.171839082351083,1453.246848890558,1456.0227838577705,1456.3989123422652,1453.202714023064,1,,0.008469830676117507,0.008469830676117507,0.008469830676117507,0.008469830676117285,0.17725040701761952,0.17157388824503672,0.17148698006582652,0.1762267102934021,-0.012406723054384061,-0.012455298258570169,-0.012214052602419923,0.008698319589267367,0.008333060966548178,0.008544841642802226,0.008754522330001402,False,False,False
lfm25,89,cap32_chunk8192_pollpm_mem0.8,32,8192,lpm,0.8,0,R_concurrent_decode,22.17268696333663,5676.207862614177,10110.745255281505,4434.537392667326,127.47697508893908,132.1895906003192,132.32829879969358,127.18789458449464,5.111782933019248,5.1163181497295405,5.108659781741581,1429.8345155548304,1432.319266512059,1432.773724407889,1429.8961389285978,1,,0.024691974538845196,0.024691974538845196,0.024691974538845418,0.024691974538844974,0.22168702032322962,0.21429690303056936,0.21449146030974242,0.22033734083400103,-0.00044146150960377994,2.9129600903066155e-05,0.00015117665012265302,0.02466854886983394,0.024477035326803898,0.02462787648043807,0.02465219231054283,True,False,True
lfm25,90,cap32_chunk8192_pollpm_mem0.85,32,8192,lpm,0.85,0,R_concurrent_decode,21.73201132268422,5563.39489860716,9909.797163144003,4346.402264536843,141.6472636628896,146.47520524449646,146.51973756961524,141.21640619123357,5.1680304612233945,5.174707223697767,5.166755706943827,1458.7594396434724,1461.325422115624,1462.1111072134229,1458.7391114619095,1,,0.004326522525836651,0.004326522525836651,0.004326522525836651,0.004326522525836651,0.13517006684848343,0.12938664937845745,0.13025024776956673,0.134342469237278,-0.011449823965562267,-0.0113828607032751,-0.011219152347414552,0.00493802210026717,0.004721543957154406,0.004656219492266134,0.004978085036785429,False,False,False
lfm25,91,cap32_chunk8192_pollpm_mem0.9,32,8192,lpm,0.9,0,R_concurrent_decode,21.86293057355366,5596.9102268297365,9969.496341540467,4372.586114710732,133.13104631379247,138.0810993956402,138.1290694978088,132.8335441503441,5.1669644940571455,5.173506298212006,5.163932069748019,1449.7216830495745,1452.0157019374892,1452.3079891875386,1449.636221936089,1,,0.01037684497436886,0.01037684497436886,0.01037684497436886,0.01037684497436886,0.18716598607959423,0.17927919335097553,0.18005774536376684,0.1857294705833824,-0.011241200523663952,-0.011148142988673282,-0.010666520062546647,0.011102937101124533,0.011062201407478045,0.01132977016054848,0.01118726562055905,False,False,False
lfm25,92,cap32_chunk8192_polfcfs_mem0.75,32,8192,fcfs,0.75,0,R_concurrent_decode,21.79206086776467,5578.767582147755,9937.17975570069,4358.412173552934,145.72334429249167,150.25307030882686,150.38918409962207,145.01124477828853,5.119705462243919,5.125649862046189,5.119008776405369,1450.3413429483771,1452.930050692521,1453.5921510169285,1450.3584827616578,1,,0.0071016614623304886,0.0071016614623304886,0.007101661462330933,0.007101661462330711,0.11028348275739586,0.10693192909755633,0.10728098631328453,0.1110800828792472,-0.001992002058809117,-0.0017947289267543631,-0.001874291981479148,0.01068024917344379,0.010439457422175114,0.010455566768109548,0.0106946036057316,False,False,False
lfm25,93,cap32_chunk8192_polfcfs_mem0.8,32,8192,fcfs,0.8,0,R_concurrent_decode,21.623242475971,5535.550073848576,9860.198569042775,4324.6484951942,149.62510159239173,154.60321959108114,154.78591335006058,149.11799888068344,5.16777414755494,5.170626228985687,5.166318381545317,1466.147079365328,1468.5797397978604,1469.698676788248,1466.5291861747392,1,,-0.000700137729240824,-0.000700137729240824,-0.000700137729240824,-0.000700137729240824,0.08646123291233898,0.08107568922401909,0.08118174371549947,0.0859056522899666,-0.011399660094280284,-0.010585241064522188,-0.011133560567221146,-0.00010130048703826944,-0.00021922145563624262,-0.0005090789233004323,-0.00033561019326722175,False,False,False
lfm25,94,cap32_chunk8192_polfcfs_mem0.85,32,8192,fcfs,0.85,0,R_concurrent_decode,21.864213031743464,5597.238536126327,9970.08114247502,4372.842606348693,132.54316803067923,135.85936557501554,136.04261114262044,131.7682293447433,5.163381105361909,5.1693447519495495,5.165150995519213,1448.819026350975,1451.010959688574,1451.9860220886767,1448.8817332021426,1,,0.010436112694918398,0.010436112694918398,0.01043611269491862,0.010436112694918398,0.19075528758206473,0.19248464421574507,0.19244308448302372,0.19225985758992126,-0.010539885411032124,-0.01033477976213204,-0.010905083903191448,0.01171866532571264,0.011746510527874787,0.011548951827249021,0.011701910644450364,False,False,False
lfm25,95,cap32_chunk8192_polfcfs_mem0.9,32,8192,fcfs,0.9,0,R_concurrent_decode,22.171846785569706,5675.992777105845,10110.362134219786,4434.369357113941,125.37198117934167,130.648532230407,130.8110255142674,125.38593642238992,5.116537523766359,5.121376207737509,5.111354242213636,1428.535612532869,1431.0962348012254,1431.5052899811417,1428.7812681868672,1,,0.024653146433962103,0.024653146433962103,0.024653146433962103,0.02465314643396188,0.23453909875415535,0.223456582914227,0.22349808348526012,0.231383356627895,-0.0013719958805360477,-0.0009594544786510895,-0.0003761736232652524,0.025554568164727898,0.02531001687521739,0.02549137331827489,0.02541265784660529,True,False,True
lfm25,96,cap48_chunk-1_pollpm_mem0.75,48,-1,lpm,0.75,0,R_concurrent_decode,21.90325910128964,5607.234329930148,9987.886150188076,4380.651820257928,137.2319320216775,141.582434438169,141.79808613378555,136.6467233019648,5.130728966939976,5.135914890698212,5.13016759508116,1444.7775336448103,1447.5460433866829,1448.1130691757426,1444.8394600476604,1,,0.012240593774158315,0.012240593774158537,0.012240593774158537,0.012240593774158537,0.16212795413389558,0.1584681009347786,0.15827824750905695,0.16235465643977764,-0.0041494432674025195,-0.003801001667314452,-0.004058256504393398,0.014475484316269771,0.01410639320361129,0.014185495366977108,0.014459189408948858,False,False,False
lfm25,97,cap48_chunk-1_pollpm_mem0.8,48,-1,lpm,0.8,0,R_concurrent_decode,21.731181029532276,5563.182343560262,9909.418549466716,4346.236205906454,136.49408402852714,141.12297156825662,141.3213667506352,136.12943424959667,5.176367835306069,5.181382439537521,5.174157647279037,1455.534131033346,1457.8599429223686,1458.5566076170653,1455.539634305751,1,,0.004288151230074755,0.004288151230074533,0.004288151230074533,0.004288151230074533,0.16663289841655304,0.1611990376007686,0.16110808171607938,0.16552564185033392,-0.013081554972476539,-0.012687514010210954,-0.012667833929444372,0.00713809832785528,0.007081810006531852,0.007075973400568425,0.007160483425769026,False,False,False
lfm25,98,cap48_chunk-1_pollpm_mem0.85,48,-1,lpm,0.85,0,R_concurrent_decode,20.437474787913693,5231.9935457059055,9319.488503288643,4087.494957582739,237.2532826848328,239.33366851415485,239.48286735918373,221.98021873191465,5.148121286366209,5.493031580585475,5.212540056627225,1550.998248858377,1554.566155327484,1555.149290887639,1551.1779331718571,1,,-0.05549938852049263,-0.05549938852049263,-0.05549938852049263,-0.05549938852049252,-0.4485542134624254,-0.4225416971687974,-0.4215843408136042,-0.36074025113922636,-0.007553343177437499,-0.07359851557670427,-0.02017990332997055,-0.05798073574436513,-0.058782786828422307,-0.05868026500128165,-0.05807544706642709,False,False,False
lfm25,99,cap48_chunk-1_pollpm_mem0.9,48,-1,lpm,0.9,0,R_concurrent_decode,21.932932016134988,5614.830596130557,10001.416999357554,4386.586403226997,136.75467856228352,142.23265927284956,142.40716340951622,136.54484917060472,5.132212873329134,5.141078980603054,5.12842905528469,1444.1591016948223,1446.9930683029816,1447.0698365941644,1444.2942582682008,1,,0.013611902436634793,0.013611902436634793,0.013611902436635015,0.013611902436634793,0.16504183377202486,0.15460332108324226,0.15466272909192735,0.16297914555814785,-0.004439862773896852,-0.004810309401087176,-0.003717995644576755,0.014897334624571434,0.014483013071579842,0.0148956842552046,0.014831077510376045,False,False,False
lfm25,100,cap48_chunk-1_polfcfs_mem0.75,48,-1,fcfs,0.75,0,R_concurrent_decode,21.85919697321665,5595.954425143463,9967.793819786792,4371.839394643331,151.056649396196,153.46847863402218,153.98699732031673,147.3323956161039,5.071562935835591,5.0758886898813,5.070632688847242,1444.7506945580244,1447.765588806942,1448.6361328931523,1440.3437312721508,1,,0.010204299792641924,0.010204299792641924,0.010204299792641702,0.010204299792641924,0.07772089187466302,0.0878203162417015,0.0859241561061338,0.09685141245075557,0.007430107626170135,0.007930960755861305,0.0075937047710420424,0.014493792033125952,0.013956865368400795,0.013829415575664084,0.01752577521597487,False,False,False
lfm25,101,cap48_chunk-1_polfcfs_mem0.8,48,-1,fcfs,0.8,0,R_concurrent_decode,21.772226374971247,5573.689951992639,9928.135226986888,4354.445274994249,136.984558776021,141.26873451750726,141.44924448803067,136.42932774382643,5.172574253497171,5.179427198371759,5.170668103599775,1454.6502192970363,1457.2845672024414,1457.975753173232,1454.949694161769,1,,0.006185027153729372,0.006185027153729372,0.006185027153729372,0.006185027153729372,0.16363829596452728,0.16033265772827243,0.1603489919698079,0.16368729269028526,-0.012339102372477706,-0.012305367288066416,-0.011984872782920597,0.007741040071859384,0.007473686483534969,0.007471394689140376,0.007562888055333228,False,False,False
lfm25,102,cap48_chunk-1_polfcfs_mem0.85,48,-1,fcfs,0.85,0,R_concurrent_decode,22.099821745635467,5657.55436688268,10077.518716009772,4419.964349127094,145.7188508938998,148.82963423151523,148.9818538725376,144.6175471501192,5.059276259157295,5.064403202622106,5.060638749615892,1434.918171260506,1437.6434027217329,1437.754349349998,1435.0804283021716,1,,0.021324570131572962,0.021324570131572962,0.021324570131572962,0.021324570131572962,0.11031091728386211,0.11539249039593635,0.11563498104885073,0.11349345201857142,0.009834767787643361,0.010175768908016636,0.009549683209224336,0.021200840374533958,0.020850876508014315,0.021237276385334458,0.021115931782745512,False,False,False
lfm25,103,cap48_chunk-1_polfcfs_mem0.9,48,-1,fcfs,0.9,0,R_concurrent_decode,21.43122769549902,5486.39429004775,9772.639829147554,4286.245539099805,173.18402510136366,176.45254416856915,176.68077905196697,171.9943481439259,5.131177669025812,5.137544019677329,5.1349618497268095,1481.239180546254,1484.674339229241,1485.122541342862,1481.4096198242623,1,,-0.009573938404270343,-0.009573938404270343,-0.009573938404270232,-0.009573938404270232,-0.05737820116155645,-0.04879143502729977,-0.048787462721987085,-0.05432652434018337,-0.00423726001870417,-0.0041194106238267025,-0.004996571066546274,-0.010396058926048113,-0.011180919534837352,-0.011008997554715183,-0.010485716863535943,False,False,False
lfm25,104,cap48_chunk2048_pollpm_mem0.75,48,2048,lpm,0.75,0,R_concurrent_decode,21.339984761600803,5463.036098969806,9731.033051289967,4267.996952320161,147.3025749437511,181.68572057038543,181.9627335248515,143.3823374536587,5.253993765469275,5.404361650877285,5.269968828389549,1487.2050383128226,1489.0336729353294,1490.5126422178,1487.2243886929937,1,,-0.013790653421872023,-0.013790653421872023,-0.013790653421871912,-0.013790653421872023,0.10064146142043628,-0.07989617547790262,-0.08014145413833851,0.12106529586201398,-0.028273944798319794,-0.05626821198852472,-0.03141965941594216,-0.014465542946334065,-0.014149971365941427,-0.014678351652164023,-0.014452034356069232,False,False,False
lfm25,105,cap48_chunk2048_pollpm_mem0.8,48,2048,lpm,0.8,0,R_concurrent_decode,21.953459408069683,5620.085608465839,10010.777490079776,4390.691881613937,140.4757960699499,146.8100108904764,146.95689089596272,128.3417183731217,5.11294076693993,5.235381490167449,5.160804125240675,1444.2314219195396,1446.9029372557998,1447.429134156555,1444.346770309494,1,,0.014560558493001752,0.014560558493001752,0.014560558493001974,0.014560558493001752,0.14232248344936016,0.1273966452356603,0.12765527999536652,0.21326439315931234,-0.000668064453228423,-0.023241485846772436,-0.010054329826988617,0.014848002908941282,0.014544399459665014,0.01465108957815664,0.014795258472224737,False,False,False
lfm25,106,cap48_chunk2048_pollpm_mem0.85,48,2048,lpm,0.85,0,R_concurrent_decode,21.12873759656601,5408.956824720899,9634.7043440341,4225.747519313202,138.69201834313571,171.1246098158881,171.7263607447967,137.9341406718595,5.348032374190641,5.50182421874328,5.351545740838857,1502.536735497415,1505.6032844120637,1505.7782752532512,1502.578304585768,1,,-0.023553262482883364,-0.02355326248288314,-0.023553262482883253,-0.023553262482883253,0.15321337065992635,-0.0171234761332566,-0.019377745187788786,0.15446277920297213,-0.04667850625569869,-0.07531701348368625,-0.04738560418612803,-0.024923736744750125,-0.025435190303636057,-0.025070552916750755,-0.02492510844709117,False,False,False
lfm25,107,cap48_chunk2048_pollpm_mem0.9,48,2048,lpm,0.9,0,R_concurrent_decode,19.982908119821712,5115.624478674358,9112.206102638702,3996.581623964343,200.74990740977228,274.05549082905054,274.1534481011331,203.3765705418773,5.426556732980352,5.782182666418308,5.41848858228346,1584.9437424913049,1587.786611658521,1587.921024383977,1585.0911590241594,1,,-0.07650680261770693,-0.07650680261770693,-0.0765068026177067,-0.0765068026177067,-0.22568219474085094,-0.6289198484388261,-0.6273909407310279,-0.246699761158496,-0.062046730083090695,-0.13011233166775127,-0.060487420339417675,-0.08113593811509978,-0.08140855107354539,-0.08098988357343284,-0.0812080296269373,False,False,False
lfm25,108,cap48_chunk2048_polfcfs_mem0.75,48,2048,fcfs,0.75,0,R_concurrent_decode,21.00958469596536,5378.453682167133,9580.370621360204,4201.916939193073,145.41561203077435,180.51761195529247,181.2767104525119,145.89340233942494,5.357354578982089,5.505641199301417,5.355254824583729,1511.446080636233,1514.3210710957646,1514.3580710422248,1511.483382608276,1,,-0.029059813005623325,-0.029059813005623103,-0.029059813005623214,-0.029059813005623103,0.11216234765352928,-0.07295321913537056,-0.07606918096143467,0.10567245102744316,-0.048502981259479716,-0.07606303225330047,-0.04811153293778814,-0.031001058580480967,-0.03137269411993393,-0.03091131722970175,-0.030999359639254598,False,False,False
lfm25,109,cap48_chunk2048_polfcfs_mem0.8,48,2048,fcfs,0.8,0,R_concurrent_decode,21.79118559047515,5578.543511161638,9936.78062925667,4358.23711809503,141.40654145739973,146.91537751350552,147.1054264716804,126.33474168251269,5.13524823895126,5.283230281818439,5.196044934906668,1451.129590626806,1454.355862736702,1454.7260110313073,1451.326200083713,1,,0.007061211262697542,0.007061211262697542,0.007061211262697764,0.007061211262697764,0.136639800632945,0.12677037139930747,0.12677356410970653,0.22556717392784587,-0.005033922744558161,-0.032593405808457376,-0.016951536449432147,0.010142562648402964,0.009468366391756189,0.00968368253324503,0.010034513027938341,False,False,False
lfm25,110,cap48_chunk2048_polfcfs_mem0.85,48,2048,fcfs,0.85,0,R_concurrent_decode,21.048666787524876,5388.458697606367,9598.192055111344,4209.733357504975,139.74392041563988,175.3456396749243,175.91656834818423,140.25618811137974,5.358442887846453,5.510905847117743,5.3567240244649605,1506.119771162048,1509.5072705997154,1509.7772320639342,1506.2208143499447,1,,-0.02725366719950384,-0.02725366719950395,-0.02725366719950373,-0.02725366719950384,0.1467909635090846,-0.04221226124548738,-0.04425106318092831,0.14022861259992925,-0.048715977258156684,-0.07709199376530407,-0.04839907954203948,-0.02736782893599332,-0.02809411437794207,-0.027792874613368213,-0.027409704227340903,False,False,False
lfm25,111,cap48_chunk2048_polfcfs_mem0.9,48,2048,fcfs,0.9,0,R_concurrent_decode,20.94604839574149,5362.188389309821,9551.39806845812,4189.209679148298,143.29565363004804,184.3857948901132,184.95924832765013,145.42288520897273,5.374108239387473,5.533190135314476,5.3670254628420535,1513.8985884841532,1516.6685690870509,1517.867753827013,1514.0143782336963,1,,-0.03199608938200216,-0.03199608938200216,-0.031996089382001935,-0.03199608938200216,0.1251057920560099,-0.09594476709108091,-0.09792894168451727,0.10855672423842722,-0.05178188741046874,-0.08144739904155518,-0.050415240625413915,-0.032673985071062894,-0.03297152634509892,-0.03330056173660645,-0.03272577945907096,False,False,False
lfm25,112,cap48_chunk8192_pollpm_mem0.75,48,8192,lpm,0.75,0,R_concurrent_decode,20.164784752428154,5162.184896621608,9195.14184710724,4032.956950485631,260.3985958267004,262.2546792961657,262.79143462423235,226.1071207904024,5.112606503398103,5.4275977102966575,5.254440067915757,1564.8968524765223,1573.7530539743602,1574.7585615050048,1565.9893381089205,1,,-0.06810152787152313,-0.06810152787152313,-0.0681015278715229,-0.06810152787152313,-0.5898683419505739,-0.5587786661715,-0.5599453626110285,-0.38603818883643903,-0.0006026447922808931,-0.06080963843665588,-0.028380425340638338,-0.06746137499883753,-0.07185058580906745,-0.07202943214254409,-0.06817846849635423,False,False,False
lfm25,113,cap48_chunk8192_pollpm_mem0.8,48,8192,lpm,0.8,0,R_concurrent_decode,19.301144196128444,4941.092914208882,8801.32175343457,3860.2288392256887,325.8441903162748,328.53130276780576,328.7387783266604,322.3141827329528,5.144276988564753,5.264931885598629,5.160675796693848,1638.2933312561363,1640.7175262225792,1641.6323823248968,1638.286510889884,1,,-0.10801394572101064,-0.10801394572101064,-0.10801394572101064,-0.10801394572101075,-0.9894476041534941,-0.9527109575256023,-0.9514126611256053,-0.9757881331194314,-0.006800964807432308,-0.02901703259253474,-0.010029213817696725,-0.11752723463308135,-0.11745869988159341,-0.11755431824967899,-0.11749316139908106,False,False,False
lfm25,114,cap48_chunk8192_pollpm_mem0.85,48,8192,lpm,0.85,0,R_concurrent_decode,22.065701760474493,5648.81965068147,10061.96000277637,4413.140352094899,129.93639218620956,135.00835720915347,135.12459838297218,128.2281485182466,5.113867179070618,5.141270777539296,5.121034362887525,1433.8508534710854,1437.8284093458203,1438.0289238551632,1434.0919110545656,1,,0.019747743875754287,0.019747743875754287,0.01974774387575451,0.01974774387575451,0.20667100470229827,0.19754283303052378,0.19789246204465838,0.21396057714240502,-0.0008493751853406728,-0.0048477956057486615,-0.0022707326033453157,0.021928888688550585,0.020724872330989186,0.021050357604228243,0.02179021021742833,False,False,False
lfm25,115,cap48_chunk8192_pollpm_mem0.9,48,8192,lpm,0.9,0,R_concurrent_decode,20.25713990632585,5185.827816019418,9237.255797284588,4051.42798126517,250.66108698956668,252.95917696785185,253.53921573609117,246.74577625410168,5.1449353605800985,5.266272968831745,5.162028366569704,1563.2171740289778,1566.261480934918,1567.015351895243,1563.063009729376,1,,-0.06383341254735186,-0.06383341254735186,-0.06383341254735175,-0.06383341254735198,-0.5304158054248935,-0.5035284385698033,-0.5050236488608988,-0.5125532872505323,-0.006929816652254228,-0.029279143768706994,-0.0102939340098116,-0.06631561778018491,-0.06674823069008684,-0.066758180533675,-0.06618238787772501,False,False,False
lfm25,116,cap48_chunk8192_polfcfs_mem0.75,48,8192,fcfs,0.75,0,R_concurrent_decode,21.892345789670863,5604.440522155741,9982.909680089911,4378.4691579341725,131.1884275637567,135.5392734054476,135.64042643178254,130.6489845737815,5.170779684375899,5.177372105912689,5.169351510909002,1448.7659947481006,1451.701968209818,1451.8553155008703,1448.8336198555771,1,,0.011736244308083732,0.011736244308083732,0.01173624430808351,0.01173624430808351,0.1990266800336311,0.19438719499756574,0.19483047650545304,0.19912083565105276,-0.011987882186098364,-0.011903704894348,-0.01172719391821997,0.011754839714863685,0.011275878946621298,0.011637931377847188,0.011734729284780698,False,False,False
lfm25,117,cap48_chunk8192_polfcfs_mem0.8,48,8192,fcfs,0.8,0,R_concurrent_decode,22.021861438154808,5637.596528167631,10041.968815798591,4404.372287630962,122.92812904343008,129.50327876023948,129.5690968632698,123.63447052484844,5.15955581019322,5.168827076844286,5.153550053364597,1437.6629833132029,1439.7850037319586,1440.2124362485483,1437.7897341328207,1,,0.01772170045952537,0.01772170045952537,0.017721700459525147,0.01772170045952537,0.2494600822216697,0.23026369377854816,0.23087024476817153,0.2421198544964761,-0.00979122609990446,-0.010233601529964886,-0.008634588536774901,0.019328524737085684,0.019392276449013424,0.0195639141529097,0.019267884620198572,True,False,True
lfm25,118,cap48_chunk8192_polfcfs_mem0.85,48,8192,fcfs,0.85,0,R_concurrent_decode,21.579178192649508,5524.269617318274,9840.105255848175,4315.835638529901,161.50577552616596,164.01448992546648,164.20240689069033,153.34321283444297,5.124007396436497,5.2815226411593015,5.157527729170397,1467.9793089162558,1471.019010222517,1471.6996653517708,1468.5127837728942,1,,-0.002736531313744184,-0.002736531313744184,-0.0027365313137440728,-0.002736531313744295,0.013923563082061552,0.025137364469685286,0.02528488599726253,0.06000506200584199,-0.0028339457382129396,-0.03225965195143088,-0.009413085176600111,-0.0013511172226599033,-0.0018805579829981323,-0.001871267823817968,-0.0016886438269885229,False,False,False
lfm25,119,cap48_chunk8192_polfcfs_mem0.9,48,8192,fcfs,0.9,0,R_concurrent_decode,20.786541639280543,5321.35465965582,9478.662987511929,4157.30832785611,212.23640791140497,214.5146230934188,215.03404658753425,208.24244429240932,5.152699457225847,5.278935601806962,5.1690684471681125,1526.56909939833,1529.3256617384031,1529.8011503228918,1526.3548983202782,1,,-0.03936755922237456,-0.03936755922237445,-0.03936755922237434,-0.03936755922237434,-0.2958132315437485,-0.2750232672959221,-0.2764547073513195,-0.2765276003557675,-0.008449349914396498,-0.03175402194227028,-0.0116717936840387,-0.04131690679525235,-0.04159200980578581,-0.04142431643890343,-0.04114338328672673,False,False,False
lfm25,120,cap64_chunk-1_pollpm_mem0.75,64,-1,lpm,0.75,0,R_concurrent_decode,21.73257639428862,5563.539556937887,9910.05483579561,4346.515278857724,138.9928727876395,144.8174765566364,144.94608137290925,138.8081286859233,5.179209728706994,5.18536450715699,5.17593248771257,1458.2896393258125,1461.419820203446,1461.7269571404904,1458.6709130526287,1,,0.004352636832101409,0.004352636832101409,0.004352636832101409,0.004352636832101409,0.15137649840132938,0.1392397895392803,0.13959156321200417,0.14910522673030735,-0.013637749948814504,-0.013465798609975321,-0.01301519942155327,0.00525848647609517,0.004657251376132265,0.004917732713791256,0.0050246039182404445,False,False,False
lfm25,121,cap64_chunk-1_pollpm_mem0.8,64,-1,lpm,0.8,0,R_concurrent_decode,21.75945214723464,5570.419749692068,9922.310179138996,4351.890429446928,136.39837759546936,140.39779279846698,140.4946405859664,135.79484120418783,5.175857024048181,5.181936798343325,5.175400710397619,1455.4606194142252,1457.9508265014738,1458.5466474061832,1455.5220223555807,1,,0.005594677023216255,0.005594677023216255,0.005594677023216477,0.005594677023216255,0.167217235776578,0.1655093255946466,0.1660155766980539,0.1675766994951996,-0.012981582659862267,-0.012795861974768785,-0.012911121846346907,0.007188242728044303,0.007019911084551578,0.0070827538934497,0.007172496729756728,False,False,False
lfm25,122,cap64_chunk-1_pollpm_mem0.85,64,-1,lpm,0.85,0,R_concurrent_decode,20.11977030224011,5150.661197373468,9174.61525782149,4023.9540604480217,259.05529083684087,260.92815769370645,261.0964542487636,221.39570616127455,5.155984318687343,5.473042639958508,5.309279764975038,1575.1953232102096,1577.7644410729408,1578.5729252872989,1575.2620462299092,1,,-0.07018183261412103,-0.07018183261412103,-0.07018183261412092,-0.07018183261412114,-0.581666769011282,-0.5508941411758792,-0.5498838597305791,-0.3571571851042863,-0.009092239419772108,-0.06969172992105443,-0.03911345688318768,-0.07448625955424437,-0.0745826584177034,-0.07462609066498449,-0.07450348420268882,False,False,False
lfm25,123,cap64_chunk-1_pollpm_mem0.9,64,-1,lpm,0.9,0,R_concurrent_decode,20.608182683147028,5275.694766885639,9397.331303515044,4121.636536629405,219.78474990464747,221.9056876609102,222.19476781319827,211.2224293377949,5.155538652530488,5.448134740832828,5.190228060168653,1534.499104367569,1539.0873041702434,1540.6109862029552,1534.7305846808013,1,,-0.04761026752558306,-0.04761026752558306,-0.04761026752558306,-0.04761026752558328,-0.3418997702640232,-0.31895397541148984,-0.3189611683586864,-0.2947949289592513,-0.009005016838697921,-0.06482354681757863,-0.015813078299769412,-0.04672619239437359,-0.048240462136094786,-0.04878319830393241,-0.04685653063164619,False,False,False
lfm25,124,cap64_chunk-1_polfcfs_mem0.75,64,-1,fcfs,0.75,0,R_concurrent_decode,20.95233059241641,5363.7966316586,9554.26275014188,4190.466118483281,201.2176588177681,203.47696263343096,203.8929753191769,197.49651811434887,5.141561341417186,5.262220035416677,5.15854876127788,1512.914715334773,1516.379004344344,1516.8646018533036,1512.9264522402082,1,,-0.03170576297609973,-0.03170576297609995,-0.03170576297610006,-0.03170576297609995,-0.22853805943211158,-0.20941807124890044,-0.21032065513441967,-0.21065499977095126,-0.006269477841562177,-0.028487008636346234,-0.009612917969325618,-0.03200285675790937,-0.03277430980066298,-0.032617658041388164,-0.03198369323071604,False,False,False
lfm25,125,cap64_chunk-1_polfcfs_mem0.8,64,-1,fcfs,0.8,0,R_concurrent_decode,22.03205538230442,5640.206177869932,10046.617254330817,4406.411076460884,133.61322251148522,136.59593053162098,136.78888934664428,132.6617679442279,5.122743488526812,5.127600688651642,5.123880660040395,1439.334032824263,1441.6565247345716,1442.0672979392111,1439.2513362545287,1,,0.018192804966447484,0.018192804966447484,0.018192804966447707,0.018192804966447484,0.18422205057364394,0.18810667946908177,0.18801313331186287,0.18678245989560838,-0.002586582754896316,-0.0021760128347450003,-0.002827799814861809,0.018188653565420654,0.018117622285236723,0.018301202284847995,0.01827090981460866,False,False,False
lfm25,126,cap64_chunk-1_polfcfs_mem0.85,64,-1,fcfs,0.85,0,R_concurrent_decode,21.80678606258756,5582.537232022415,9943.894444539928,4361.357212517512,134.65557200834155,140.41653519961983,140.47123688273132,132.3370184400119,5.148279602073279,5.199760834540369,5.169638485291644,1451.644541695714,1454.1889712680131,1454.6484102774411,1450.5948321893811,1,,0.0077821738866248324,0.0077821738866248324,0.0077821738866250545,0.0077821738866248324,0.17785796684639188,0.16539792527512398,0.16615450245254704,0.18877317656598847,-0.007584327591180662,-0.016279522777005173,-0.011783359529373483,0.009791299640107165,0.009582032711912936,0.009736509864452847,0.010533387074053047,False,False,False
lfm25,127,cap64_chunk-1_polfcfs_mem0.9,64,-1,fcfs,0.9,0,R_concurrent_decode,21.743337383955136,5566.294370292515,9914.96184708354,4348.667476791027,141.50533801876009,143.7665287638083,143.888907157816,140.4553326428868,5.164629301311924,5.169478635139325,5.168071940915622,1457.980644190684,1460.6426226673648,1461.3824851205572,1458.3136775763703,1,,0.004849946867985011,0.004849946867985011,0.004849946867984789,0.004849946867985011,0.13603659643861465,0.14548637016509403,0.14586701133178326,0.13900785526684833,-0.01078417336238835,-0.010360946877994381,-0.011476761004905356,0.0054692609889905874,0.005186584508947711,0.005152234784740473,0.0052682781468167406,False,False,False
lfm25,128,cap64_chunk2048_pollpm_mem0.75,64,2048,lpm,0.75,0,R_concurrent_decode,20.03523865423595,5129.021095484403,9136.068826331591,4007.04773084719,193.94489470869303,270.11005638632923,270.3100338811055,202.45933541445996,5.444638911342504,5.807522707892692,5.411477618926095,1582.5993129983544,1584.7522171679884,1585.800096904859,1582.3861282406142,1,,-0.07408839123047783,-0.07408839123047783,-0.07408839123047795,-0.07408839123047783,-0.18413406647360886,-0.6054691361213276,-0.6045762085929791,-0.24107710358672851,-0.0655856442320184,-0.1350649758520126,-0.05911525938862128,-0.07953673499434943,-0.07934188788007979,-0.07954604530092868,-0.07936289852081369,False,False,False
lfm25,129,cap64_chunk2048_pollpm_mem0.8,64,2048,lpm,0.8,0,R_concurrent_decode,19.67488721894855,5036.771128050829,8971.74857184054,3934.9774437897104,182.67887691035867,226.2114114360884,270.88127032388013,184.7597192536341,5.571885522929769,5.802953569309822,5.564594601552623,1603.4079999662936,1606.9056011270732,1608.0144245596605,1603.731342649553,1,,-0.09074172803007807,-0.09074172803007807,-0.09074172803007796,-0.09074172803007807,-0.11534919080805839,-0.34454616076805955,-0.6079671016071861,-0.13257833609593228,-0.09048943763181327,-0.13417194978287972,-0.08908277365942419,-0.09373094183140984,-0.09443009852039097,-0.09466862576713408,-0.0939227029091374,False,False,False
lfm25,130,cap64_chunk2048_pollpm_mem0.85,64,2048,lpm,0.85,0,R_concurrent_decode,18.391016878798183,4708.100320972335,8386.303696731971,3678.203375759637,202.3938789498061,338.1923145148903,386.54651326593023,236.14579513377976,5.958058717934525,6.190562372132406,5.825857674148317,1721.6822712216526,1724.2925689555705,1724.9250571941957,1721.7395020416006,1,,-0.15007470991341443,-0.15007470991341443,-0.15007470991341443,-0.15007470991341443,-0.23571949274650894,-1.0101336851024896,-1.2945627648209794,-0.44757533086263646,-0.1660684832737609,-0.20992906663718247,-0.14021625815044358,-0.17440924086525955,-0.1743799292232293,-0.1742564700109186,-0.17441736012161435,False,False,False
lfm25,131,cap64_chunk2048_pollpm_mem0.9,64,2048,lpm,0.9,0,R_concurrent_decode,21.173655966041032,5420.455927306504,9655.18712051471,4234.731193208207,152.71853795275092,191.32453587371856,192.1825209353119,153.9982518152101,5.269512058436579,5.423220155541511,5.2645300925303,1496.4750274084508,1498.912856657989,1499.721502144821,1496.4534254104365,1,,-0.021477398029173478,-0.021477398029173478,-0.021477398029173367,-0.021477398029173367,0.06757420120020563,-0.1371869727377506,-0.1408067113626248,0.05598966859697474,-0.031311073702221304,-0.059954056920687115,-0.03035520927016866,-0.0207888704490915,-0.020878478633143516,-0.020947356386965765,-0.020747261320027466,False,False,False
lfm25,132,cap64_chunk2048_polfcfs_mem0.75,64,2048,fcfs,0.75,0,R_concurrent_decode,22.095211153059196,5656.374055183153,10075.416285794992,4419.042230611839,141.1721205804497,147.3276659147814,147.59233688469976,128.9714442245895,5.074259372172403,5.19861724556369,5.123457766489546,1435.322014382109,1438.578702742234,1439.4609677325934,1435.4531746794237,1,,0.021111495495260924,0.0211114954952607,0.021111495495260924,0.021111495495260924,0.13807106154190618,0.12431982841588551,0.1238832353519117,0.20940416940527573,0.006902380462279423,-0.01605601133168011,-0.0027450325848477064,0.020925367308569198,0.020213863050058012,0.020075482329851235,0.02086167739882261,False,False,False
lfm25,133,cap64_chunk2048_polfcfs_mem0.8,64,2048,fcfs,0.8,0,R_concurrent_decode,21.127417244043585,5408.618814475158,9634.102263283874,4225.483448808716,144.1967044956982,181.77486571948972,182.9872988210991,142.9012371954741,5.314257503578476,5.475409384542967,5.3226210775570575,1499.9487346503884,1502.7599490480495,1503.3381261117756,1500.169611972524,1,,-0.02361428145796407,-0.02361428145796407,-0.02361428145796407,-0.023614281457964292,0.11960440968013197,-0.08042603277916949,-0.08622333380408564,0.1240144437180033,-0.0400683310271559,-0.0701543038996213,-0.041724571394032406,-0.02315838656317526,-0.023498653521150548,-0.02340940195531127,-0.023282112850582015,False,False,False
lfm25,134,cap64_chunk2048_polfcfs_mem0.85,64,2048,fcfs,0.85,0,R_concurrent_decode,21.072093692354223,5394.455985242681,9608.874723713525,4214.418738470845,140.23782988078892,172.42320799268782,173.5423283278942,139.09654860617593,5.342269943588796,5.497638220424015,5.346703141592169,1502.5921231135726,1505.2670000120995,1506.0062750801444,1502.505849712179,1,,-0.026171012607094202,-0.026171012607094202,-0.026171012607094202,-0.026171012607094202,0.14377539032622144,-0.024842031010359866,-0.030157435225843354,0.1473372106568026,-0.04555072470302002,-0.07449887116721876,-0.046437827789652886,-0.024961518238659997,-0.025206153969002942,-0.02522576561470191,-0.02487568618474123,False,False,False
lfm25,135,cap64_chunk2048_polfcfs_mem0.9,64,2048,fcfs,0.9,0,R_concurrent_decode,18.18392766281119,4655.085481679665,8291.871014241902,3636.7855325622377,139.07061773352325,455.6935208849609,456.4476198935881,223.94408103718888,6.297657925489486,6.443032059252408,5.966707835357417,1745.0864005368203,1748.1587601825595,1748.3652430586517,1745.4545790533302,1,,-0.15964516287593988,-0.15964516287593988,-0.15964516287593977,-0.15964516287593988,0.15090182522648055,-1.7085325629819534,-1.7094998318571024,-0.3727787404323153,-0.2325324024161799,-0.25927360022372703,-0.1677829535207016,-0.19037387394627237,-0.19063469739227412,-0.19021356321609728,-0.19059367373129255,False,False,False
lfm25,136,cap64_chunk8192_pollpm_mem0.75,64,8192,lpm,0.75,0,R_concurrent_decode,21.458045894369626,5493.259748958623,9784.868927832547,4291.609178873925,166.47628042846918,168.40231297537684,168.45387881621718,155.85004561580718,5.146964029500298,5.3241174758466725,5.19180547123017,1479.498895118013,1482.482199231163,1483.019295767881,1479.7604407795006,1,,-0.00833455802607197,-0.00833455802607208,-0.00833455802607208,-0.00833455802607208,-0.01642394460166363,-0.0009427992074393376,4.789939615867933e-05,0.04463816000005005,-0.007326853170830372,-0.040584699900039656,-0.016121803613487584,-0.009208959934072558,-0.009687898418734298,-0.009577196379271458,-0.009360793785555765,False,False,False
lfm25,137,cap64_chunk8192_pollpm_mem0.8,64,8192,lpm,0.8,0,R_concurrent_decode,21.6941873574923,5553.711963518029,9892.54943501649,4338.83747149846,145.62403177842498,147.794299852103,148.22305611800402,144.9607898684917,5.153576413388638,5.18713903412515,5.157944452880389,1460.0294737610966,1462.7808218123391,1463.1143268290907,1460.2366253529908,1,,0.002578519965683146,0.002578519965683146,0.002578519965683368,0.002578519965683146,0.1108898371103173,0.1215462686519162,0.12013924900582162,0.11138937181958763,-0.008620981479484202,-0.013812625219456365,-0.009494644867183988,0.0040716951194510465,0.00373030138985897,0.003973269749246056,0.003956614420223659,False,False,False
lfm25,138,cap64_chunk8192_pollpm_mem0.85,64,8192,lpm,0.85,0,R_concurrent_decode,21.783430205067496,5576.558132497279,9933.24417351078,4356.6860410135,134.5988535322249,138.85313984937966,139.00306208524853,134.06958436826244,5.179512801160123,5.183135473406782,5.178929390340094,1454.4933263678104,1457.4614704819396,1457.927651135251,1454.6965789049864,1,,0.00670280268552248,0.00670280268552248,0.006702802685522924,0.006702802685522702,0.17820426252934385,0.1746903707913925,0.1748696741251342,0.17815253563775257,-0.013697065113782436,-0.013030139850274791,-0.013601742603883249,0.007848061273732276,0.007353201326551262,0.007504140534581261,0.007735540742528135,False,False,False
lfm25,139,cap64_chunk8192_pollpm_mem0.9,64,8192,lpm,0.9,0,R_concurrent_decode,21.88667797636877,5602.989561950404,9980.32515722416,4377.335595273754,130.46797714196146,134.27158806007355,134.41596336197108,129.82989965530578,5.175928010002656,5.181115830828454,5.17558362112408,1449.5494121219965,1451.7542102374136,1452.4668205017224,1449.603723041946,1,,0.011474311110116098,0.011474311110115876,0.01147431111011632,0.011474311110116098,0.20342540312935586,0.20192201144808852,0.20209896107448821,0.20414183177421208,-0.012995475521310418,-0.01263540604212543,-0.012946920486781588,0.011220448080160428,0.011240297984448921,0.011221644478483173,0.011209433471979668,False,False,False
lfm25,140,cap64_chunk8192_polfcfs_mem0.75,64,8192,fcfs,0.75,0,R_concurrent_decode,22.271841937022455,5701.591535877749,10155.959923282242,4454.368387404492,130.46961766667664,136.17885664571077,136.3507488137111,130.35432586912066,5.069003372873161,5.073266563042267,5.066084001765714,1422.171097015962,1424.6184018673375,1424.8437652783468,1422.2057463193778,1,,0.02927433778329447,0.02927433778329469,0.029274337783294913,0.02927433778329469,0.2034153868760018,0.1905856662208869,0.19061396120223273,0.2009270955154273,0.007931046915751194,0.00844344852163137,0.008483957718107948,0.029895988159360343,0.029721934620143386,0.030026259312173287,0.029897893286625066,True,True,True
lfm25,141,cap64_chunk8192_polfcfs_mem0.8,64,8192,fcfs,0.8,0,R_concurrent_decode,21.79321307349529,5579.062546814796,9937.705161513852,4358.642614699059,136.18082739412785,141.89130058512092,141.98117141611874,136.06765784788877,5.173917153083226,5.182197364412394,5.170584589701749,1454.4521146453917,1456.9989477051422,1457.2875501494857,1454.5667282218346,1,,0.00715490967564536,0.007154909675645804,0.00715490967564536,0.007154909675645582,0.16854549247012807,0.15663227492830523,0.15719144253938055,0.16590433161311857,-0.012601925039664064,-0.012846788924825159,-0.011968527738184243,0.007876172980781582,0.007668216003096862,0.007939894378413692,0.0078241133148228,False,False,False
lfm25,142,cap64_chunk8192_polfcfs_mem0.85,64,8192,fcfs,0.85,0,R_concurrent_decode,21.855327994269917,5594.963966533098,9966.02956538708,4371.065598853982,130.35942637361586,134.20553100295365,134.36193799134344,129.7089833096834,5.169416209865435,5.1717990972832135,5.167109918992912,1447.3188382107764,1450.1774961594492,1450.2544029289857,1447.322012652876,1,,0.010025498202968386,0.010025498202968164,0.010025498202968164,0.010025498202967942,0.2040881618110576,0.20231463868991661,0.20241965884188096,0.20488304979556993,-0.011721032742400883,-0.010814475075781482,-0.01128847747682693,0.012741987017720113,0.012314165262324317,0.012727765360846521,0.012765813103460588,False,False,False
lfm25,143,cap64_chunk8192_polfcfs_mem0.9,64,8192,fcfs,0.9,0,R_concurrent_decode,21.77562730286459,5574.560589533335,9929.686050106253,4355.125460572917,138.24914582073689,142.6962306490168,142.80699057504535,137.56337638187688,5.172262472264906,5.176968774210443,5.171087634402747,1456.0787656810137,1458.5865320637822,1459.7873588558286,1456.1907231545774,1,,0.006342198159844159,0.006342198159844159,0.006342198159844159,0.006342198159843937,0.1559173368646839,0.15184796444534898,0.1522893315966668,0.15673556682317769,-0.012278082787771982,-0.011824874778324723,-0.012066981867814075,0.006766587292510562,0.006586945202362027,0.006238129693061145,0.006716368595310329,False,False,False
lfm25,144,cap96_chunk-1_pollpm_mem0.75,96,-1,lpm,0.75,0,R_concurrent_decode,21.73530565865311,5564.238248615196,9911.29938034582,4347.061131730622,142.0727230142802,143.68002461269498,144.01938552502543,137.1911555470433,5.157139305682744,5.20477194859482,5.180524158811964,1458.085497142747,1460.798126156442,1461.0554711334407,1458.224816044094,1,,0.004478767476317591,0.004478767476317591,0.004478767476317591,0.004478767476317369,0.1325724170746232,0.14600053001022106,0.14509248409446873,0.1590172830732295,-0.009318285183616881,-0.017258931784821296,-0.013913865048563068,0.005397737759708865,0.005080674305665167,0.005374852160813681,0.005328891570640981,False,False,False
lfm25,145,cap96_chunk-1_pollpm_mem0.8,96,-1,lpm,0.8,0,R_concurrent_decode,21.851980320507423,5594.106962049901,9964.503026151386,4370.3960641014855,132.42436153814197,136.54562297742814,136.74222600180656,131.86530106759164,5.177923738408614,5.184051811183784,5.177638797984257,1451.90435834229,1454.3035617563874,1454.9291717354208,1452.1631945535771,1,,0.009870788291468813,0.009870788291469035,0.009870788291469035,0.009870788291469035,0.19148066277352271,0.18840569545778985,0.18829012966255287,0.19166480726840274,-0.01338606515889773,-0.013209235648782958,-0.013349152432774236,0.009614071195713114,0.0095039875054036,0.00954537926594523,0.00946358993848817,False,False,False
lfm25,146,cap96_chunk-1_pollpm_mem0.85,96,-1,lpm,0.85,0,R_concurrent_decode,22.071486051055697,5650.300429070258,10064.597639281395,4414.297210211139,128.35092190653086,132.47093146201223,132.7151387091726,126.60415470600128,5.122519838715009,5.146535179559507,5.129480507058164,1434.522503055632,1436.7643869947642,1438.0856355139986,1434.6216840058332,1,,0.02001505997266051,0.02001505997266051,0.020015059972660287,0.020015059972660287,0.2163511222035549,0.21262468069193896,0.21219515592779958,0.22391567026082415,-0.002542811619165919,-0.005876709077550446,-0.003923782066736603,0.021470737093509218,0.02144955590025266,0.021011750690823616,0.02142884628859132,False,False,False
lfm25,147,cap96_chunk-1_pollpm_mem0.9,96,-1,lpm,0.9,0,R_concurrent_decode,21.75507334231148,5569.298775631738,9920.313444094034,4351.014668462295,138.5337933897972,140.6367517542094,140.77970647253096,133.87171998328995,5.15877521122057,5.206689997941402,5.1805599239385485,1454.8386740498245,1457.9044088488445,1458.425665446557,1454.9145005876198,1,,0.0053923142572487315,0.0053923142572485094,0.0053923142572487315,0.0053923142572485094,0.15417941597757057,0.16408901109996699,0.16432340888284014,0.1793654456638668,-0.009638452872386072,-0.01763380946412907,-0.013920864872638328,0.007612489637868869,0.007051525185656549,0.007165113325967032,0.007586893977481468,False,False,False
lfm25,148,cap96_chunk-1_polfcfs_mem0.75,96,-1,fcfs,0.75,0,R_concurrent_decode,21.372961098767963,5471.478041284599,9746.07026103819,4274.592219753593,183.0264136660844,184.76730254478755,185.00814685598016,177.5196728121955,5.0999706391902535,5.152990714025994,5.125647827619961,1484.5384133514017,1486.8812748230994,1487.4104206683114,1484.5598688552857,1,,-0.01226667989079977,-0.012266679890799659,-0.01226667989079977,-0.01226667989079977,-0.11747108276311446,-0.09821235672831263,-0.09821920621545988,-0.08819680214996906,0.0018703558458880165,-0.007138426240249851,-0.003173663603130761,-0.01264656098377226,-0.012684017624557509,-0.012566489626216093,-0.012634536209524816,False,False,False
lfm25,149,cap96_chunk-1_polfcfs_mem0.8,96,-1,fcfs,0.8,0,R_concurrent_decode,21.805925731186704,5582.316987183796,9943.502133421138,4361.185146237341,149.6520102955401,155.66633762791753,155.81443464849144,149.72898790438194,5.128202683237546,5.135692795373353,5.120825680205599,1455.3201980888844,1458.5159314097837,1458.748054075986,1455.5395363568095,1,,0.007742414398595354,0.007742414398595354,0.007742414398595576,0.007742414398595354,0.08629694133802113,0.07475677159825866,0.07507638098886382,0.08216028541763787,-0.0036550171556988253,-0.0037575937226144163,-0.0022298899669415118,0.007284028172810375,0.006635029844457407,0.006945644698976072,0.007160550237814145,False,False,False
lfm25,150,cap96_chunk-1_polfcfs_mem0.85,96,-1,fcfs,0.85,0,R_concurrent_decode,22.25229706768453,5696.58804932724,10147.047462864146,4450.459413536906,131.7233166191727,139.77591085713357,139.81773590669036,132.96198649914004,5.072497237729383,5.082280207060132,5.064852644036543,1424.7067482210696,1426.310483040288,1426.4722126489503,1424.4994107284583,1,,0.028371088177728154,0.028371088177728154,0.028371088177728154,0.028371088177728154,0.19576090522036105,0.16920564211273292,0.17003372255914817,0.18494211811136507,0.007247252766258483,0.006681755602967243,0.008724954697596488,0.02816634718165756,0.028569493205092056,0.028917680795658596,0.028333359687248927,False,False,False
lfm25,151,cap96_chunk-1_polfcfs_mem0.9,96,-1,fcfs,0.9,0,R_concurrent_decode,21.95162178824824,5619.615177791549,10009.939535441195,4390.324357649648,135.10227063670754,137.89069652557373,137.96009886544198,133.47802429052535,5.122976655177041,5.131992713420415,5.118414478698362,1437.791816657409,1443.4099223231897,1443.6770938243717,1438.6737163586076,1,,0.014475634447197017,0.014475634447197017,0.014475634447197017,0.014475634447197017,0.17513064028237124,0.1804109021640803,0.1810607649437429,0.18177880293914683,-0.00263221645792866,-0.003034422476662302,-0.001757978136271765,0.019240643789191658,0.016923419530382455,0.01720532091558924,0.01866491066811571,False,False,False
lfm25,152,cap96_chunk2048_pollpm_mem0.75,96,2048,lpm,0.75,0,R_concurrent_decode,21.57636493499885,5523.5494233597055,9838.822410359477,4315.272986999769,137.67100032418966,164.74774947855622,165.61487934086472,133.72810395958368,5.231261933587637,5.374526766256667,5.245593701051,1471.4398994110525,1474.079510010779,1474.9163786089048,1471.3544977275888,1,,-0.00286654363663974,-0.00286654363663974,-0.002866543636639518,-0.002866543636639851,0.15944721466254053,0.020779046245620547,0.016900366723961224,0.18024581286632324,-0.023825033839375065,-0.050437062582010084,-0.02664904570712623,-0.003711686024391092,-0.0039650009536615904,-0.004061070991558946,-0.003627008020256728,False,False,False
lfm25,153,cap96_chunk2048_pollpm_mem0.8,96,2048,lpm,0.8,0,R_concurrent_decode,21.69361686368193,5553.565917102575,9892.289289838962,4338.723372736386,151.31577919237316,158.23639524169266,158.44981977716088,136.93382221390493,5.1271985869343375,5.272164883859017,5.184856114632852,1458.8993825018406,1462.0104674249887,1462.4994730344042,1459.072131445282,1,,0.002552155076755769,0.002552155076755991,0.002552155076755991,0.002552155076755769,0.07613877021194737,0.059480967978906896,0.05943258036027632,0.1605947381562165,-0.003458502634984484,-0.03043070300050532,-0.01476170011986655,0.004842563031652758,0.004254973795911998,0.004391836366682611,0.004750928460964143,False,False,False
lfm25,154,cap96_chunk2048_pollpm_mem0.85,96,2048,lpm,0.85,0,R_concurrent_decode,21.948331322782845,5618.772818632408,10008.439083188978,4389.666264556569,147.17030222527683,153.2459226436913,153.3926490182057,134.98248779796995,5.07885553673202,5.201111400463417,5.127198710711216,1442.3273724969476,1445.1596934581175,1445.2999078063294,1442.41815902933,1,,0.014323568368761919,0.014323568368761919,0.014323568368761919,0.014323568368761919,0.10144905489819045,0.08914313545959862,0.08945224247234118,0.1725564314024184,0.006002852127525604,-0.01654348731988109,-0.003477196956337636,0.016146810054913363,0.01573168667797098,0.016100577373259428,0.016110785336576394,False,False,False
lfm25,155,cap96_chunk2048_pollpm_mem0.9,96,2048,lpm,0.9,0,R_concurrent_decode,19.450841131083585,4979.415329557398,8869.583555774114,3890.168226216717,179.7461260575801,251.19533310644323,292.4693410238251,185.69863445009105,5.667749741205983,5.821463788731718,5.645876849245956,1624.5956849306822,1631.7933802958578,1633.133774232119,1625.3972310078098,1,,-0.10109582848446474,-0.10109582848446474,-0.10109582848446474,-0.10109582848446474,-0.09744322737204869,-0.4930445753685815,-0.7361151549265497,-0.1383338926384199,-0.10925129428641189,-0.13778972328423444,-0.10499104768578849,-0.10818367415644214,-0.11138064906209189,-0.11176882310749336,-0.10870124250831692,False,False,False
lfm25,156,cap96_chunk2048_polfcfs_mem0.75,96,2048,fcfs,0.75,0,R_concurrent_decode,22.020888239222163,5637.347389240874,10041.525037085306,4404.177647844433,142.33329822309315,148.4566735336557,148.57902540825307,128.3233644790016,5.071900847057501,5.212584539207027,5.128464720545191,1435.9797982033342,1439.3449077848345,1439.5747189503163,1436.0818682180252,1,,0.017676724893976647,0.017676724893976647,0.017676724893976647,0.017676724893976425,0.13098147041888708,0.1176092789798584,0.11802619442948059,0.21337690265514486,0.007363974067461254,-0.01878588198727771,-0.0037249759232151902,0.020476673951466573,0.0196920166767105,0.019998045282470178,0.020432838654602437,False,False,False
lfm25,157,cap96_chunk2048_polfcfs_mem0.8,96,2048,fcfs,0.8,0,R_concurrent_decode,21.688136215901523,5552.16287127079,9889.790114451094,4337.6272431803045,153.90665805898607,161.3870753441006,161.56870359554887,141.43917280307505,5.11507248031158,5.256458447205231,5.165829396847745,1458.5798957850784,1461.9362686760724,1462.1674828696996,1458.72566899925,1,,0.0022988715750700273,0.0022988715750700273,0.0022988715750700273,0.0022988715750700273,0.060320112377870494,0.04075408409357395,0.04091870316342694,0.13297690839102672,-0.0010852680921540347,-0.027360921436513808,-0.011037858211732532,0.005060494155630146,0.004305509025878118,0.004617841315279314,0.004987254287703635,False,False,False
lfm25,158,cap96_chunk2048_polfcfs_mem0.85,96,2048,fcfs,0.85,0,R_concurrent_decode,21.060796554628496,5391.563917984895,9603.723228910594,4212.159310925699,138.39037623256445,173.8766536815092,175.13258854858577,138.60291385208257,5.354136484218579,5.508949805927627,5.354140841746794,1503.627529134974,1506.7900941707194,1506.9188867835328,1503.908828497515,1,,-0.02669310027206484,-0.02669310027206484,-0.02669310027206473,-0.02669310027206484,0.155055052027961,-0.033480962213624066,-0.03959731312810377,0.150363195057995,-0.04787315885295951,-0.07670969068051248,-0.04789350815705773,-0.02566779861333024,-0.02624350183119528,-0.025847033299835287,-0.025832673370913772,False,False,False
lfm25,159,cap96_chunk2048_polfcfs_mem0.9,96,2048,fcfs,0.9,0,R_concurrent_decode,19.16063986837348,4905.12380630361,8737.251779978305,3832.127973674695,211.7167429532856,272.44095818605274,322.7117482898758,218.97144585091155,5.669123180867995,5.910850006027841,5.639085042982034,1656.844918616116,1659.7556975437328,1660.087705636397,1656.93813181133,1,,-0.1145072343908301,-0.11450723439083033,-0.11450723439083021,-0.11450723439083033,-0.29264040773219113,-0.6193234551676106,-0.9156358574803751,-0.34229645290753985,-0.10952009403803742,-0.15526002338979228,-0.1036617793861705,-0.13018180858813522,-0.13042520376336708,-0.13011792657242172,-0.13021563618610865,False,False,False
lfm25,160,cap96_chunk8192_pollpm_mem0.75,96,8192,lpm,0.75,0,R_concurrent_decode,21.848406918496217,5593.192171135032,9962.873554834276,4369.681383699243,133.00502044148743,136.72626046463847,136.81638605426997,132.3308033606736,5.174717060564195,5.178618543580467,5.1728614024457285,1451.291698263958,1454.3664359953254,1454.870420023799,1451.4104609843343,1,,0.00970564653987438,0.00970564653987438,0.00970564653987438,0.009705646539874158,0.18793543932494816,0.18733202972900298,0.18784991124334638,0.18881127504461837,-0.012758477189827477,-0.012147317844729333,-0.012414137475437181,0.010031984343527256,0.009461165164460161,0.009585374961531223,0.009977037745323436,False,False,False
lfm25,161,cap96_chunk8192_pollpm_mem0.8,96,8192,lpm,0.8,0,R_concurrent_decode,21.757092588369016,5569.815702622468,9921.23422029627,4351.418517673803,138.16848653368652,143.95512326154858,144.04444752261043,136.4525148528628,5.176121791751653,5.205801384359161,5.183644126301777,1458.2823787350208,1460.5402934132144,1460.8742464333773,1458.281767059816,1,,0.005485632005936436,0.005485632005936436,0.005485632005936436,0.005485632005936436,0.1564098036022965,0.14436540988166335,0.14494371460749367,0.16354515555413152,-0.01303340109419171,-0.017460132286268193,-0.014524494050464742,0.0052634391349349885,0.005256278842966311,0.005498222318657819,0.005290044659443827,False,False,False
lfm25,162,cap96_chunk8192_pollpm_mem0.85,96,8192,lpm,0.85,0,R_concurrent_decode,20.20094123792353,5171.440956908424,9211.629204493129,4040.1882475847056,181.3631309196353,251.79885539691892,251.8951500812545,198.95527299377136,5.432331424169973,5.438917000668452,5.3604168593700905,1565.7970672473311,1569.7031792486086,1570.1930885901677,1565.8615721331444,1,,-0.06643058647520506,-0.06643058647520506,-0.06643058647520506,-0.06643058647520517,-0.10731587983701285,-0.496631766542738,-0.4952643787471003,-0.21959717710691096,-0.06317691118999846,-0.0630219638460876,-0.04912182812825705,-0.06807543751389789,-0.06909230007530032,-0.06892145009628203,-0.06809131792577916,False,False,False
lfm25,163,cap96_chunk8192_pollpm_mem0.9,96,8192,lpm,0.9,0,R_concurrent_decode,21.756912470517964,5569.769592452599,9921.152086556192,4351.382494103593,133.54147295467556,140.55626096669585,140.65292958170176,134.0064311370952,5.20030489355764,5.203681928836101,5.194128279610738,1458.5747143719343,1460.8067283406854,1461.1978876916692,1458.5091424378334,1,,0.005477308011792248,0.005477308011792248,0.00547730801179247,0.005477308011792248,0.18466011879194033,0.1645674289597977,0.16507596393935497,0.17853966537449062,-0.017766344185014216,-0.017045890301672806,-0.016576415454048643,0.005064028547299815,0.005074815536274979,0.005277900954592352,0.005134949425297686,False,False,False
lfm25,164,cap96_chunk8192_polfcfs_mem0.75,96,8192,fcfs,0.75,0,R_concurrent_decode,20.838440597763952,5334.640793027572,9502.328912580362,4167.68811955279,206.46500983275476,208.74679815024135,209.00395287200809,202.5836986722425,5.155360317040308,5.277797907463037,5.171995566742422,1521.2188696023077,1524.1250328021124,1524.3544150190428,1521.44256819156,1,,-0.03696909275176541,-0.03696909275176541,-0.03696909275176541,-0.03696909275176552,-0.2605758560697773,-0.24074070465198338,-0.2406597175294649,-0.24183945120308015,-0.00897011429671335,-0.03153166258734963,-0.012244679174013395,-0.03766736040784435,-0.03804996923095638,-0.037716408002936186,-0.037792629136651046,False,False,False
lfm25,165,cap96_chunk8192_polfcfs_mem0.8,96,8192,fcfs,0.8,0,R_concurrent_decode,21.74463280082511,5566.625997011228,9915.552557176248,4348.926560165021,145.87418595328927,147.60394557379186,147.74489170871675,141.19634446979035,5.1482559063051845,5.188979379942312,5.170490067194253,1459.747033426538,1462.399946548976,1462.888095518574,1459.6713116043247,1,,0.004909813462978141,0.004909813462978141,0.004909813462978141,0.004909813462977919,0.10936251626605209,0.12267768864732753,0.12297766097271046,0.13446544772622127,-0.0075796900255455935,-0.014172315949150471,-0.011950028127339696,0.004264355835335243,0.00398970763731632,0.004127278515589472,0.00434222111598781,False,False,False
lfm25,166,cap96_chunk8192_polfcfs_mem0.85,96,8192,fcfs,0.85,0,R_concurrent_decode,22.15268834916576,5671.088217386435,10101.625887219589,4430.537669833152,124.85247221775352,130.67378816194832,130.83070287946612,125.12958313163836,5.131202601992031,5.13894387584764,5.127341939106712,1432.5602590106428,1435.027279751375,1435.4648908320814,1432.6017776038498,1,,0.023767755499597643,0.023767755499597643,0.023767755499598087,0.023767755499597643,0.23771097012606668,0.22330646773844987,0.22338127749181513,0.23295480404438262,-0.004242139719875304,-0.00439300881535698,-0.0035052291113106815,0.022809240473481207,0.022632663638622263,0.02279584350468411,0.02280664655483211,False,False,False
lfm25,167,cap96_chunk8192_polfcfs_mem0.9,96,8192,fcfs,0.9,0,R_concurrent_decode,21.743467205585432,5566.327604629871,9915.021045746957,4348.693441117086,154.0687880478799,156.454800022766,156.60930213984102,152.63825700094458,5.122898371123216,5.127863588596823,5.128055669746234,1459.8990448284894,1463.2147659081966,1463.3813001215458,1460.2924527862342,1,,0.00485594646482701,0.00485594646482701,0.004855946464827232,0.00485594646482701,0.05933022479493344,0.07007034097491671,0.07035800095949163,0.064326446061577,-0.002616895264863972,-0.0022273959347238748,-0.003644917947640325,0.0041606644643125135,0.003434751060549912,0.0037915255542283477,0.003918533916933642,False,False,False
lfm25,168,cap128_chunk-1_pollpm_mem0.75,128,-1,lpm,0.75,0,R_concurrent_decode,20.115874794986112,5149.663947516445,9172.838906513667,4023.1749589972223,205.39535768330097,280.92679302208126,281.1290672281757,233.52053402049933,5.390116808862955,5.398412289956182,5.27560357301149,1578.5601735115051,1582.0922174258158,1582.7438385551795,1578.7994451384293,1,,-0.07036186018707724,-0.07036186018707724,-0.07036186018707724,-0.07036186018707735,-0.2540450755027126,-0.6697612141527163,-0.6687986248289914,-0.4314824623764335,-0.05491496971317722,-0.05510542510848904,-0.032522471703474,-0.07678152120270498,-0.07753021718962438,-0.07746547308930252,-0.07691638271777479,False,False,False
lfm25,169,cap128_chunk-1_pollpm_mem0.8,128,-1,lpm,0.8,0,R_concurrent_decode,21.871884244806544,5599.202366670475,9973.579215631784,4374.3768489613085,129.11149859428406,133.9085200568661,134.0918475529179,128.88078222749755,5.178378552527112,5.1847256353015405,5.176565998151679,1448.8289824221283,1451.0960015002638,1451.5997013868764,1448.9051117561758,1,,0.010790631318381427,0.010790631318381427,0.010790631318381427,0.010790631318381205,0.21170740746444328,0.20408000023703254,0.20402293151897555,0.20995992806429697,-0.013475078113357464,-0.013340932793059368,-0.013139187843993705,0.011711874001807843,0.011688590312598501,0.01181194272166275,0.011685963876847838,False,False,False
lfm25,170,cap128_chunk-1_pollpm_mem0.85,128,-1,lpm,0.85,0,R_concurrent_decode,20.91914136326213,5355.300188995106,9539.128461647531,4183.828272652426,201.201600022614,203.53758544661105,203.70026228018105,197.58819231356028,5.153439756409794,5.266188209072924,5.168650582816233,1515.6610866542906,1517.9786984808743,1518.4307735506443,1515.5940909316996,1,,-0.03323957513029441,-0.03323957513029441,-0.03323957513029441,-0.03323957513029452,-0.22844001216751608,-0.20977839865324666,-0.20917669923674698,-0.2112169632358516,-0.00859423595655584,-0.029262577697692027,-0.011590010751058921,-0.033876236016324945,-0.033863828320118916,-0.03368384189736484,-0.033803318781564284,False,False,False
lfm25,171,cap128_chunk-1_pollpm_mem0.9,128,-1,lpm,0.9,0,R_concurrent_decode,22.232298037092256,5691.468297495618,10137.92790491407,4446.459607418451,135.99208369851112,139.90188986063004,140.05655399058014,135.20859721757006,5.058163881995807,5.063472625744693,5.058513810931175,1424.8982991557568,1427.458488731645,1428.6255787545815,1425.1296190050198,1,,0.02744684989391777,0.02744684989391777,0.02744684989391777,0.027446849893917546,0.16969787052136565,0.16845685325007898,0.16861608441198317,0.17117037912186284,0.010052474260663025,0.010357647701095374,0.009965568692770876,0.02803568475250129,0.02778761032347632,0.027451759669813947,0.027903487723686227,False,False,True
lfm25,172,cap128_chunk-1_polfcfs_mem0.75,128,-1,fcfs,0.75,0,R_concurrent_decode,22.078788030835295,5652.169735893836,10067.927342060895,4415.75760616706,144.9517454020679,150.8820489514619,150.96395725850016,144.94999236194417,5.063262705088539,5.07069709235985,5.0595261186233484,1434.736501192674,1437.7834694227204,1437.9206431936473,1435.129152610898,1,,0.020352514792221665,0.020352514792221887,0.020352514792221887,0.020352514792221887,0.11499449375449577,0.1031934314957278,0.10386909914494036,0.11145556060818829,0.009054569206064289,0.008945644780653739,0.009767443411752064,0.02132476277881068,0.02075547998114069,0.021124070526903793,0.02108269639843774,False,False,False
lfm25,173,cap128_chunk-1_polfcfs_mem0.8,128,-1,fcfs,0.8,0,R_concurrent_decode,21.30848271363743,5454.971574691183,9716.668117418669,4261.696542727486,179.8645972739905,181.51371588464824,181.9303711457178,171.4876382611692,5.116525096088356,5.28982005858173,5.15104937418501,1484.9064981099218,1487.463347404264,1487.9820914566517,1485.0052286783466,1,,-0.015246493924332638,-0.015246493924332416,-0.015246493924332527,-0.015246493924332638,-0.09816655552904319,-0.07887382104240426,-0.07994934915849061,-0.05122038931132389,-0.001369563624607384,-0.033881360273539274,-0.008145164452551867,-0.012897642236714857,-0.013080455194943053,-0.012955659068172531,-0.012938321019644539,False,False,False
lfm25,174,cap128_chunk-1_polfcfs_mem0.85,128,-1,fcfs,0.85,0,R_concurrent_decode,21.71939719101251,5560.165680899203,9904.045119101704,4343.879438202503,149.15286260657012,151.86093614902347,152.06118085421622,147.9901439306559,5.135101372120428,5.138068562921356,5.137855258048969,1458.285248838365,1460.579925402999,1461.1976217618212,1458.143234733143,1,,0.003743571099555032,0.003743571099555032,0.003743571099555032,0.003743571099555032,0.08934449659127319,0.09737516169691063,0.09735591555380807,0.09281941080735312,-0.0050051790226883774,-0.00422193121557668,-0.005562858709485807,0.005261481354486119,0.005229286316178139,0.005278081988454253,0.005384539075811712,False,False,False
lfm25,175,cap128_chunk-1_polfcfs_mem0.9,128,-1,fcfs,0.9,0,R_concurrent_decode,21.768118793471896,5572.638411128805,9926.262169823183,4353.62375869438,130.3098953794688,135.5102168628946,135.69519888609648,130.23964321473613,5.209018920055208,5.216787382595094,5.205110434497542,1457.1091474499551,1460.466945101507,1460.8125193417072,1457.5428040116094,1,,0.005995198748894648,0.005995198748894648,0.005995198748894648,0.00599519874889487,0.2043905741926979,0.19455990009005786,0.19450534400549913,0.2016301009670841,-0.019471790898830665,-0.019607316627955562,-0.01872580396503576,0.006063734105664853,0.005306234857776371,0.005540243527907607,0.005794099443151346,False,False,False
lfm25,176,cap128_chunk2048_pollpm_mem0.75,128,2048,lpm,0.75,0,R_concurrent_decode,21.903816706650147,5607.377076902438,9988.140418232468,4380.76334133003,149.00072803720832,154.79930599685758,154.9517595069483,134.90842188184615,5.051811179146171,5.212173402017238,5.110658969794053,1437.420642003417,1446.8997105257586,1447.6039347751066,1438.1264591793297,1,,0.012266363034276306,0.012266363034276306,0.012266363034276528,0.012266363034276528,0.09027335695926686,0.07991019884317674,0.08019727120514619,0.17301045597218823,0.01129577966050177,-0.01870552630932809,-0.0002400973644560711,0.01949383274914651,0.0145465971186155,0.014532092664963137,0.019038200780257086,False,False,False
lfm25,177,cap128_chunk2048_pollpm_mem0.8,128,2048,lpm,0.8,0,R_concurrent_decode,21.486539123533632,5500.55401562461,9797.861840331336,4297.307824706727,164.3159855157137,170.97411148715764,171.15444620605558,150.77433758415282,5.07925310281708,5.237051481746284,5.143500433540812,1460.0799542386085,1468.5172910802066,1469.21698378399,1462.3669481370598,1,,-0.0070177675395904915,-0.0070177675395904915,-0.0070177675395904915,-0.0070177675395903805,-0.003234224894601123,-0.016228950305350986,-0.01598282695617015,0.07575228476827545,0.0059250433472241015,-0.023567881290483372,-0.006667712489981215,0.004037260926647801,-0.00017668892841982142,-0.00018116257444233952,0.0025034979311691075,False,False,False
lfm25,178,cap128_chunk2048_pollpm_mem0.85,128,2048,lpm,0.85,0,R_concurrent_decode,21.496065490464343,5502.992765558873,9802.205863651743,4299.21309809287,140.29277744702995,172.40009950473905,172.90524729061872,140.0435216637561,5.243753280271502,5.3891153732205135,5.245062171004475,1477.4159085936844,1479.7692256513983,1480.168306203559,1477.5343752698973,1,,-0.0065775145492085185,-0.0065775145492084075,-0.0065775145492081855,-0.0065775145492082965,0.14343990696558162,-0.024704679722220124,-0.026375684838406244,0.1415322593708055,-0.026269750545146353,-0.05328836728524067,-0.026545016526421827,-0.007788094618991437,-0.007840148345486408,-0.007636362528040674,-0.007842370135435539,False,False,False
lfm25,179,cap128_chunk2048_pollpm_mem0.9,128,2048,lpm,0.9,0,R_concurrent_decode,21.69596320142645,5554.1665795651725,9893.359219850465,4339.1926402852905,147.2541114781052,154.34073803480717,154.41788639873266,134.7649926901795,5.123145535003905,5.2530611846048165,5.175483312546824,1454.5628719497472,1457.2107791434971,1457.9878135258332,1454.5132373896197,1,,0.0026605890911062247,0.0026605890911062247,0.0026605890911064467,0.0026605890911062247,0.10093735598748277,0.08263581639231754,0.08336637327490948,0.1738896778929706,-0.00266526840536474,-0.026696935433280222,-0.012927288446828555,0.007800622222141174,0.007523942001073314,0.007463184508058274,0.007860599996975415,False,False,False
lfm25,180,cap128_chunk2048_polfcfs_mem0.75,128,2048,fcfs,0.75,0,R_concurrent_decode,21.492812652078957,5502.160038932212,9800.722569348003,4298.562530415791,142.34922151081264,173.4477172838524,173.61289060674608,142.88944799045566,5.222066584061466,5.379492112563229,5.220333799576004,1474.3244464043528,1476.8851958913729,1477.2914988920093,1474.0745668823365,1,,-0.006727841723965899,-0.0067278417239660104,-0.006727841723965899,-0.0067278417239660104,0.13088425049738706,-0.030931467548338087,-0.030576297049965007,0.12408671162497786,-0.022025386037503036,-0.05140752640437185,-0.021705267133737216,-0.005679318903736741,-0.005875895453352209,-0.005677953039771699,-0.005482396963984337,False,False,False
lfm25,181,cap128_chunk2048_polfcfs_mem0.8,128,2048,fcfs,0.8,0,R_concurrent_decode,19.653004908689653,5031.169256624551,8961.770238362482,3930.6009817379295,169.11046067252755,238.5291060432791,277.9232034040615,178.66163737198804,5.6535225352455,5.74389765331266,5.615404830257153,1610.6108429376036,1612.7581800566986,1613.4648191183803,1610.589869087562,1,,-0.09175300049081947,-0.09175300049081947,-0.09175300049081947,-0.0917530004908198,-0.03250697977980721,-0.41775957157024113,-0.6497684292187718,-0.09519705267121426,-0.10646684766361747,-0.12262962696524582,-0.09902717190765564,-0.09864420921378558,-0.09841616872268255,-0.09837902526999698,-0.09860097886441377,False,False,False
lfm25,182,cap128_chunk2048_polfcfs_mem0.85,128,2048,fcfs,0.85,0,R_concurrent_decode,21.42175545859476,5483.9693974002585,9768.32048911921,4284.351091718952,177.83755343407393,184.7279167966917,184.87596911843863,161.06093749112915,5.090579272740904,5.326226964757285,5.1626574591614816,1476.5478598419577,1482.3148411232978,1483.2915127789602,1477.538589577307,1,,-0.01001168982126266,-0.01001168982126266,-0.010011689821262548,-0.01001168982126266,-0.08579040266002358,-0.09797825732521392,-0.09743459141622512,0.012695357350376302,0.00370836667288732,-0.04099699393655376,-0.010417057786798134,-0.0071959734752764515,-0.009573914280306628,-0.009762510277503411,-0.007845244760648518,False,False,False
lfm25,183,cap128_chunk2048_polfcfs_mem0.9,128,2048,fcfs,0.9,0,R_concurrent_decode,21.75674985176154,5569.727962050954,9921.077932403265,4351.349970352308,147.13217550888658,154.30067917332053,154.51617338694632,131.08998707321007,5.14013745146347,5.300952617316415,5.204998049942101,1458.1911745481193,1461.2142267636957,1461.59631726332,1458.3644898084458,1,,0.005469792723505673,0.005469792723505673,0.005469792723506117,0.005469792723505895,0.10168183825548527,0.08287391661933385,0.08278293595059893,0.19641748732905573,-0.005990804320994192,-0.0360571894776478,-0.01870380845734454,0.005325652146994875,0.004797276806601469,0.005006666850592589,0.005233618567138554,False,False,False
lfm25,184,cap128_chunk8192_pollpm_mem0.75,128,8192,lpm,0.75,0,R_concurrent_decode,21.836006497669693,5590.0176634034415,9957.21896293738,4367.201299533938,130.1717977039516,136.12871144432577,136.2417245004326,130.2973339188611,5.1766346071792,5.184665294455401,5.172209259106632,1449.5095449965447,1450.844618328847,1451.1640775529668,1449.2106949910522,1,,0.009132571579547832,0.009132571579547832,0.009132571579548054,0.009132571579547832,0.20523373205115225,0.19088371722359754,0.19126113591762572,0.20127645655828108,-0.013133765648505324,-0.013329139334038898,-0.012286502287714995,0.011247642598754215,0.011859802180219758,0.012108497115910666,0.011477522207492319,False,False,False
lfm25,185,cap128_chunk8192_pollpm_mem0.8,128,8192,lpm,0.8,0,R_concurrent_decode,20.860746855886383,5340.351195106914,9512.50056628419,4172.149371177276,202.9955273028463,205.01877996139228,205.25745743419972,197.60586314077955,5.1509893983237305,5.390985437267113,5.172836602444066,1516.888401005417,1518.987207324244,1519.1116560716182,1516.6791967640163,1,,-0.03593822789908241,-0.03593822789908241,-0.03593822789908241,-0.03593822789908252,-0.23939286766025814,-0.2185822621964546,-0.2184203009647303,-0.21132528552693475,-0.008114669461466884,-0.05365386636439351,-0.012409283706828589,-0.03471342260963706,-0.034550702789928334,-0.034147358096075386,-0.03454348134711549,False,False,False
lfm25,186,cap128_chunk8192_pollpm_mem0.85,128,8192,lpm,0.85,0,R_concurrent_decode,21.77546393502013,5574.5187673651535,9929.61155436918,4355.092787004026,131.44494500011206,137.33436395414174,137.49572058673948,131.54457065684255,5.188517442301793,5.193835878836028,5.18288028194779,1452.697556000203,1456.2054019188508,1456.2977423565462,1453.1790425535291,1,,0.006334648253087716,0.006334648253087716,0.006334648253087716,0.006334648253087494,0.19746050818111038,0.1837176090109205,0.18381734163124075,0.1936308868684854,-0.0154593888396104,-0.015121505832132565,-0.014374997135190304,0.009073008146591621,0.008208683590279375,0.008613713916299615,0.008770668898473777,False,False,False
lfm25,187,cap128_chunk8192_pollpm_mem0.9,128,8192,lpm,0.9,0,R_concurrent_decode,21.804112539247924,5581.852810047469,9942.675317897054,4360.822507849584,134.67032765038311,140.9912487259135,141.14399473648518,134.83924831962213,5.178407139564847,5.188734835452016,5.173077718777052,1453.7094493862242,1456.798225035891,1457.1960526704788,1453.9740666077705,1,,0.0076586192667271735,0.0076586192667271735,0.0076586192667271735,0.0076586192667269515,0.1777678760067214,0.16198196645848428,0.16216097239086857,0.17343449037926562,-0.013480672963175344,-0.014124520374352967,-0.012456474142701346,0.008382766420125698,0.0078049240527356956,0.008002182015934722,0.00822837428891865,False,False,False
lfm25,188,cap128_chunk8192_polfcfs_mem0.75,128,8192,fcfs,0.75,0,R_concurrent_decode,21.546718811828924,5515.960015828205,9825.30377819399,4309.343762365785,145.47364343889058,151.13106938079,151.26826259307563,144.8354353196919,5.188312837123578,5.194574680051529,5.182906370279014,1465.9736100584269,1470.34157612361,1470.5684620747345,1466.4765597408405,1,,-0.00423661414449672,-0.00423661414449672,-0.004236614144496609,-0.004236614144496831,0.11180803584048016,0.10171331402472883,0.10206272483838208,0.1121577960566198,-0.015419344982856797,-0.01526590257856153,-0.014380103051103932,1.7027941172087502e-05,-0.001419171659440721,-0.0011011921840575756,-0.00029971312666754457,False,False,False
lfm25,189,cap128_chunk8192_polfcfs_mem0.8,128,8192,fcfs,0.8,0,R_concurrent_decode,21.63269393193955,5537.969646576525,9864.508432964434,4326.53878638791,150.03495197743177,153.01562873646617,153.15374560188502,148.93113414291292,5.170323682364588,5.175015596472019,5.173566045328592,1468.1374405045062,1471.0921801626682,1471.2690224638209,1468.1904757017037,1,,-0.00026334668561611707,-0.00026334668561611707,-0.00026334668561611707,-0.0002633466856162281,0.08395888396516926,0.09051194699232412,0.0908703871578187,0.08705113440389323,-0.011898636745784286,-0.011443131347603996,-0.012552047688176415,-0.0014589833496556626,-0.0019303925126383792,-0.0015781042482003738,-0.0014687939637167968,False,False,False
lfm25,190,cap128_chunk8192_polfcfs_mem0.85,128,8192,fcfs,0.85,0,R_concurrent_decode,22.05467703462233,5645.997320863316,10056.932727787782,4410.9354069244655,132.96533096581695,135.91268968302757,135.97002609167248,131.5216991933994,5.118313378782249,5.122141598942963,5.117299979639368,1435.8685603365302,1439.3003941047937,1439.827195466496,1436.433194001438,1,,0.019238245495116768,0.019238245495116768,0.01923824549511699,0.019238245495116768,0.1881777641373259,0.19216769855748317,0.19287395360089687,0.19377108909500518,-0.0017195534765461762,-0.0011090481683935227,-0.0015398523223855154,0.020552552515643252,0.019722334021549215,0.019826169883354505,0.02019319549220233,False,False,False
lfm25,191,cap128_chunk8192_polfcfs_mem0.9,128,8192,fcfs,0.9,0,R_concurrent_decode,21.593439967309195,5527.920631631154,9846.608625092991,4318.687993461839,146.0628060158342,148.04614142049104,148.21993401739746,144.91013930819463,5.186640013776281,5.190696580445064,5.19018931121465,1468.2170879095793,1470.8921123761684,1471.9121349602938,1468.4084136679303,1,,-0.002077435460335564,-0.002077435460335564,-0.002077435460335675,-0.002077435460335564,0.10821089305877296,0.12004938300963897,0.1201577819780616,0.11169986009882582,-0.015091952005426679,-0.014507938252364294,-0.015805494491545558,-0.0015133131467921501,-0.0017941304900677135,-0.0020159082019308716,-0.00161745183598061,False,False,False
lfm25,0,cap8_chunk-1_pollpm_mem0.75,8,-1,lpm,0.75,0,shared_prefix,6.531057732931282,1671.9507796304083,17013.09925095476,15341.148471324352,7572.756684850901,11252.174528851174,12564.21177398879,6690.464122591948,3.9714520632782406,4.283960287404411,3.927072601354404,8563.363283872604,12274.93636396248,13595.500787976198,7691.751832058799,1,,-0.5387324399966538,-0.5387324399966538,-0.5387324399966538,-0.5387324399966538,-1.7066064829507464,-1.3574041920722535,-1.547728639874138,-1.8858103946873959,0.37872134217196574,0.44205813097123836,0.3862124740501326,-0.9188527203835297,-0.8402145527290499,-1.0149886195292024,-0.9473206602823478,False,False,False
lfm25,1,cap8_chunk-1_pollpm_mem0.8,8,-1,lpm,0.8,0,shared_prefix,6.398486271388609,1638.0124854754838,16667.756807923353,15029.74432244787,7567.47985095717,11261.4432817325,12841.46461599041,6882.43057938962,3.971576168402737,4.2857316119012,3.95159215618418,8562.725523486733,12269.72832668107,13878.835492790678,7890.086579216586,1,,-0.548095535086677,-0.548095535086677,-0.548095535086677,-0.548095535086677,-1.7047204705749888,-1.3593460564507067,-1.6039490394312663,-1.9686116452893367,0.37870192764449606,0.44182743413137715,0.38238015455311847,-0.9187098129520901,-0.8394337824087617,-1.0569816446205444,-0.9975330643256615,False,False,False
lfm25,2,cap8_chunk-1_pollpm_mem0.85,8,-1,lpm,0.85,0,shared_prefix,6.511792752404687,1667.0189446155998,16962.91487972894,15295.89593511334,7591.379523510113,11277.71485375706,12599.122054846956,6712.881998926605,3.975441221001686,4.28422108283449,3.9319195496946655,8583.407244412228,12299.924947856924,13628.669388522394,7715.405491337151,1,,-0.5400930634858947,-0.5400930634858947,-0.5400930634858946,-0.5400930634858947,-1.7132625393835115,-1.362755057262412,-1.554807629306052,-1.8954799391865458,0.37809729370888523,0.4420241650425344,0.3854549132071907,-0.9233441108493705,-0.8439607518433399,-1.019904536468827,-0.9533090567373703,False,False,False
lfm25,3,cap8_chunk-1_pollpm_mem0.9,8,-1,lpm,0.9,0,shared_prefix,6.555784715869268,1678.2808872625326,17077.511882430885,15399.230995168353,7543.422907823697,11205.9258709196,12515.916546289807,6658.39889621202,3.963120908056404,4.275940924828105,3.9275591971984953,8536.31682950072,12231.022999319248,13541.331786974331,7659.838032090192,1,,-0.5369860528795198,-0.5369860528795198,-0.5369860528795198,-0.5369860528795198,-1.6961221911168236,-1.3477147956088356,-1.5379354959036844,-1.8719796406620155,0.38002463599294345,0.44310257065883274,0.38613642084470434,-0.9127922321351847,-0.8336312181780845,-1.0069602340910904,-0.9392410441709749,False,False,False
lfm25,4,cap8_chunk-1_polfcfs_mem0.75,8,-1,fcfs,0.75,0,shared_prefix,6.616164178704086,1693.738029748246,17234.797552828266,15541.05952308002,8605.543514015153,8718.960979627445,8720.093435118906,6578.117271878,3.9018389768898487,4.156969313272366,3.9126823631393854,9611.5294075571,9717.213770118542,9718.019562927077,7575.763807231851,1,,-0.5327216460047044,-0.5327216460047044,-0.5327216460047044,-0.5327216460047044,-2.075738576276038,-0.8266793775004375,-0.7682312417739348,-1.8373516175891185,0.3896113451707548,0.45859740227712276,0.38846161726912454,-1.1537226366970992,-0.45676993033134017,-0.4403072846701006,-0.9179559743145218,False,False,False
lfm25,5,cap8_chunk-1_polfcfs_mem0.8,8,-1,fcfs,0.8,0,shared_prefix,6.590800534232511,1687.244936763523,17168.726447900648,15481.481511137126,8635.33599092625,8744.91680637002,8746.272334381938,6608.5339859746455,3.908889391916056,4.163632898810594,3.918692820296391,9639.860776485875,9744.966211286372,9746.15670925472,7607.713557819807,1,,-0.5345129984741832,-0.5345129984741832,-0.5345129984741832,-0.5345129984741832,-2.0863868137021853,-0.8321172930442069,-0.7735397109889224,-1.8504713157302288,0.3885084054109842,0.4577295386368918,0.3875222041228146,-1.1600710447394809,-0.46093047704184964,-0.4444774899843742,-0.9260446920434895,False,False,False
lfm25,6,cap8_chunk-1_polfcfs_mem0.85,8,-1,fcfs,0.85,0,shared_prefix,6.601346187951473,1689.9446241155772,17196.19738151103,15506.252757395452,8629.54462855123,8738.663342641667,8740.044949152507,6597.639124418492,3.904697757360398,4.162665439550491,3.910393218066429,9630.653420696037,9737.97116484493,9739.46280177217,7594.675351047044,1,,-0.5337681929375457,-0.5337681929375458,-0.5337681929375457,-0.5337681929375457,-2.0843169018323495,-0.830807151473758,-0.7722769427400302,-1.845772014732371,0.38916412856950444,0.45785554027826514,0.38881940252890956,-1.1580078881129081,-0.4598818047003499,-0.4434853862282957,-0.9227438094908555,False,False,False
lfm25,7,cap8_chunk-1_polfcfs_mem0.9,8,-1,fcfs,0.9,0,shared_prefix,6.610754213772919,1692.3530787258671,17220.704847774683,15528.351769048815,8614.308569813147,8727.282579266466,8728.5840507783,6589.047054636467,3.898669147462237,4.160037632830734,3.8998981921786378,9617.345922160894,9725.101468432696,9726.270588887855,7583.409378577926,1,,-0.5331037343930707,-0.5331037343930707,-0.5331037343930707,-0.5331037343930707,-2.0788713267173313,-0.8284228070769584,-0.7699529402835368,-1.8420659812144389,0.3901072210723022,0.458197785139166,0.39045973786985166,-1.1550259838167598,-0.45795242584861695,-0.44153016889258634,-0.9198916034620743,False,False,False
lfm25,8,cap8_chunk2048_pollpm_mem0.75,8,2048,lpm,0.75,0,shared_prefix,7.386436784192665,1890.9278167533223,19241.321583597637,17350.39376684431,5422.787330346182,14510.144828981702,15278.079363894649,5827.865650400781,3.835640036884477,4.1246302738128335,3.80808154754554,6434.229889884591,15524.333975929749,16329.585757255554,6798.9005502458895,1,,-0.47831977424056205,-0.47831977424056216,-0.47831977424056205,-0.47831977424056216,-0.9381781238712974,-2.0399702883838393,-2.0980375894529377,-1.5137441834532552,0.3999672522649038,0.4628092303306407,0.4048103539320378,-0.44176290535635077,-1.327352619749946,-1.4202072417660543,-0.7212775187983516,False,False,True
lfm25,9,cap8_chunk2048_pollpm_mem0.8,8,2048,lpm,0.8,0,shared_prefix,7.218534153767154,1847.9447433643916,18803.943101774978,16955.998358410587,5110.949660418555,14910.71333375292,15672.509982050397,5982.787614371773,3.901755229076918,4.266416932748375,3.888726685889434,6086.68495924212,15871.112859924306,16670.126980189234,6974.3821378360735,1,,-0.4901781959268391,-0.4901781959268391,-0.4901781959268391,-0.4901781959268391,-0.8267230891753043,-2.1238920112418116,-2.1780189046675593,-1.5805669637269313,0.3896244463559094,0.4443429729000027,0.3922058046993824,-0.3638860813198461,-1.3793404696242177,-1.4706788425840824,-0.7657041888826939,False,False,False
lfm25,10,cap8_chunk2048_pollpm_mem0.85,8,2048,lpm,0.85,0,shared_prefix,7.383190336309979,1890.0967260953544,19232.86473904048,17342.768012945126,5313.209643121809,14511.927497293782,15281.771939089522,5823.1242650945205,3.8326843312996273,4.115413718802087,3.838817394940389,6333.835189463571,15523.86951474471,16330.668363766745,6801.995801539306,1,,-0.4785490603921718,-0.47854906039217193,-0.4785490603921718,-0.4785490603921718,-0.8990135645211277,-2.0403437690600583,-2.098786357441578,-1.511699072867306,0.4004296314575597,0.4640095920482368,0.40000644994412815,-0.41926676247078976,-1.327282989390444,-1.4203676948331019,-0.7220611435075255,False,False,True
lfm25,11,cap8_chunk2048_pollpm_mem0.9,8,2048,lpm,0.9,0,shared_prefix,7.379478585221278,1889.1465178166472,19223.195801442747,17334.0492836261,5303.137253969908,14526.1813220335,15303.295338451862,5836.22266013117,3.823901243580907,4.115777541061535,3.833983036461437,6322.709584841505,15537.940268800576,16352.632763232104,6813.86172436396,1,,-0.47881120940968724,-0.47881120940968735,-0.47881120940968724,-0.47881120940968735,-0.8954135553155136,-2.0433300386125186,-2.1031508000321124,-1.5173488280797804,0.40180362385694623,0.46396220793218246,0.40076204303637897,-0.4167737704082939,-1.329392426507975,-1.423623037585657,-0.7250652389560366,False,False,False
lfm25,12,cap8_chunk2048_polfcfs_mem0.75,8,2048,fcfs,0.75,0,shared_prefix,7.199092876192898,1842.967776305382,18753.29948500393,16910.331708698544,7569.186481647193,8183.721020002848,8215.238341013901,6022.327647828206,3.975334120731728,4.352867624211107,4.012486532459139,8544.083825545385,9209.101418196224,9223.377102180384,7045.38403704646,1,,-0.49155127070840277,-0.4915512707084029,-0.49155127070840277,-0.4915512707084029,-1.7053304436510897,-0.7145431036319201,-0.6658584224220263,-1.5976218402592721,0.37811404806243465,0.4330836574214342,0.3728625794145338,-0.9145326372768867,-0.38059554402869744,-0.3669963456554832,-0.7836797383115504,False,False,False
lfm25,13,cap8_chunk2048_polfcfs_mem0.8,8,2048,fcfs,0.8,0,shared_prefix,7.362758179943824,1884.8660940656189,19179.639929463978,17294.77383539836,7426.493100589141,7905.015030130744,7908.092851457186,5844.542256567365,3.899823807581675,4.125108603004585,3.894617701996687,8409.309254260734,8905.152966990136,8906.092131109908,6837.608566045674,1,,-0.4799921177494971,-0.47999211774949724,-0.4799921177494971,-0.4799921177494971,-1.6543298838392975,-0.6561523750491467,-0.6035764922517761,-1.5209373351601942,0.38992659049239786,0.4627469328616278,0.39128505976572503,-0.8843327562050276,-0.33502867943532855,-0.3199715529814189,-0.7310772263982883,False,False,True
lfm25,14,cap8_chunk2048_polfcfs_mem0.85,8,2048,fcfs,0.85,0,shared_prefix,7.227182174738453,1850.158636733044,18826.47079102923,16976.312154296185,7466.31083637476,8166.494679590687,8168.970411163755,5992.327513416967,3.9044946486897327,4.349008328281343,3.920680228432449,8448.592079104856,9167.976074875332,9169.047832749784,6992.1009716672415,1,,-0.4895674140756582,-0.4895674140756583,-0.4895674140756582,-0.4895674140756582,-1.6685612854673688,-0.7109340725955131,-0.6564763670963636,-1.584681826212469,0.38919590210731725,0.43358629111542957,0.38721157927659633,-0.8931351335908442,-0.37443017966173686,-0.358944206840059,-0.7701900656957927,False,False,False
lfm25,15,cap8_chunk2048_polfcfs_mem0.9,8,2048,fcfs,0.9,0,shared_prefix,7.354836990023395,1882.8382694459888,19159.00560102704,17276.167331581048,7428.823658032343,7935.894804424606,7939.315278441645,5853.319545756676,3.899900158684628,4.125202177092433,3.899748671728664,8412.206820445135,8936.085490719415,8936.950706783682,6847.574978059129,1,,-0.4805515658659173,-0.4805515658659174,-0.4805515658659172,-0.4805515658659173,-1.6551628568433396,-0.662621889824619,-0.609907671068689,-1.5247232597112514,0.3899146464200509,0.46273474579686436,0.3904831073861261,-0.8849820341313652,-0.33966597274842236,-0.3245451012285365,-0.7336004227320281,False,False,False
lfm25,16,cap8_chunk8192_pollpm_mem0.75,8,8192,lpm,0.75,0,shared_prefix,7.008461555915377,1794.1661583143366,18256.713831524125,16462.54767320979,4904.610364697874,15045.010133972391,16178.849469493143,6191.28418998298,3.8387743610085225,4.268080843247327,3.842221545232414,5865.047040395439,16038.71229402721,17162.941230782308,7171.050684017246,1,,-0.5050149465110607,-0.5050149465110607,-0.5050149465110607,-0.5050149465110607,-0.7529746117414116,-2.152028069655011,-2.2806927243119994,-1.670498181372031,0.3994769306762359,0.4441262656311674,0.39947439332134427,-0.3142221222630057,-1.4044663772884554,-1.543718822646095,-0.8154947608574763,False,False,False
lfm25,17,cap8_chunk8192_pollpm_mem0.8,8,8192,lpm,0.8,0,shared_prefix,7.067025803891411,1809.1586057962013,18409.27095230257,16600.11234650637,4754.589334828779,14902.896461170169,16037.882626261562,6122.512928151991,3.836556912089388,4.094385135024056,3.830638031256864,5714.230430545285,15895.711172302254,17021.312000323087,7099.198079464259,1,,-0.5008787424118187,-0.5008787424118188,-0.5008787424118186,-0.5008787424118187,-0.6993550503424659,-2.122254325286246,-2.2521079415787706,-1.6408349444707993,0.3998238198407862,0.4667483493076443,0.4012848554916658,-0.2804275893795294,-1.3830281606287405,-1.5227279601527912,-0.7973038383737387,False,False,False
lfm25,18,cap8_chunk8192_pollpm_mem0.85,8,8192,lpm,0.85,0,shared_prefix,7.103229718657058,1818.4268079762069,18503.58045320857,16685.153645232367,4552.62063886039,14187.947887298642,15590.002373415044,6015.434153297974,3.8592722778226816,4.167727282197744,3.8534170461621127,5513.3390529081225,15200.9294936899,16649.848071197048,6998.055500069313,1,,-0.4983217765864647,-0.4983217765864648,-0.4983217765864648,-0.4983217765864648,-0.6271686848469642,-1.9724679208148879,-2.16128828906595,-1.594648456379387,0.39627031555318704,0.4571962872138421,0.39772457621456625,-0.23541245295449387,-1.27886897657744,-1.4676733063060912,-0.7716975735344183,False,False,False
lfm25,19,cap8_chunk8192_pollpm_mem0.9,8,8192,lpm,0.9,0,shared_prefix,7.146622426238299,1829.5353411170045,18616.61642242454,16787.081081307533,4800.176533870399,14627.640274493024,16475.997681901794,5991.250000530272,3.752050892102952,4.237965958138161,3.814238516608975,5732.171428389847,15578.171478118747,17524.835908473473,6963.85123582877,1,,-0.4952570894919053,-0.4952570894919053,-0.49525708949190517,-0.4952570894919053,-0.7156485367966718,-2.064586353046504,-2.3409474402193053,-1.5842170605651447,0.4130436159856311,0.4480484204029558,0.4038480414941439,-0.2844477542819419,-1.3354237455035296,-1.5973552181263408,-0.7630380806282959,False,False,False
lfm25,20,cap8_chunk8192_polfcfs_mem0.75,8,8192,fcfs,0.75,0,shared_prefix,7.124245920235375,1823.806955580256,18558.32667318564,16734.519717605384,7489.802892087027,8444.523666822352,8445.437735146843,6140.671897876018,3.889414866217504,4.091255864785875,3.885004164248878,8485.717946430668,9444.617608841509,9445.92228794936,7131.316994986264,1,,-0.49683746999800993,-0.49683746999801004,-0.49683746999801004,-0.49683746999800993,-1.6769576664597574,-0.7691829646951673,-0.7125374819495289,-1.6486674868215547,0.3915549251712772,0.46715590464622203,0.39278762163530145,-0.9014541864154393,-0.41590328889824857,-0.3999797585983951,-0.805435383585738,False,False,False
lfm25,21,cap8_chunk8192_polfcfs_mem0.8,8,8192,fcfs,0.8,0,shared_prefix,7.143228129822964,1828.6664012346787,18607.774439370238,16779.108038135557,7475.048493361101,8402.513101836666,8403.414130238816,6126.693882346444,3.879358760976032,4.073999361043759,3.8702858272278697,8469.582664780319,9400.309467478655,9401.541222161612,7113.586259587464,1,,-0.49549681770890375,-0.49549681770890375,-0.49549681770890364,-0.49549681770890375,-1.6716842431998336,-0.7603814764357519,-0.7040160765720274,-1.6426383232578288,0.3931280635266833,0.4694033871868718,0.39508804553454524,-0.8978386409734704,-0.40926077083357826,-0.39340204264077605,-0.8009464936529955,False,False,True
lfm25,22,cap8_chunk8192_polfcfs_mem0.85,8,8192,fcfs,0.85,0,shared_prefix,6.994402303955851,1790.5669898126978,18220.090139196996,16429.523149384295,7868.911525933072,8381.103253294714,8382.373380926438,6201.085732322099,3.884064981385189,4.171959644220038,3.89917558947326,8843.754799338058,9376.779895927755,9377.925314814784,7195.346468935895,1,,-0.506007906168138,-0.506007906168138,-0.5060079061681377,-0.506007906168138,-1.8124562608042694,-0.7558959730714894,-0.6997495041366171,-1.674725898948557,0.3923918405400634,0.45664506548938577,0.39057267811104446,-0.9816820088754261,-0.4057333016310032,-0.389901929972194,-0.821645724248244,False,False,False
lfm25,23,cap8_chunk8192_polfcfs_mem0.9,8,8192,fcfs,0.9,0,shared_prefix,7.114863309130229,1821.4050071373383,18533.885411066636,16712.480403929294,7496.433228487149,8437.617228692397,8438.552008499391,6147.975298161327,3.883246070358391,4.075093538062099,3.879127127654729,8493.980235885829,9435.190630890427,9436.1769304052,7137.121477691835,1,,-0.49750013358297696,-0.4975001335829772,-0.49750013358297684,-0.49750013358297696,-1.6793274390843833,-0.7677360207148642,-0.7111412174403318,-1.651817676116904,0.3925199478256364,0.4692608818577595,0.39370618162061866,-0.9033055754167081,-0.4144900300837453,-0.3985353995526366,-0.806904904358327,False,False,False
lfm25,24,cap16_chunk-1_pollpm_mem0.75,16,-1,lpm,0.75,0,shared_prefix,10.048824081092098,2572.498964759577,26176.715692616115,23604.216727856536,5008.429283974692,6609.807518031448,6708.295132271014,3968.116496671428,4.694215174508738,5.117532455124984,4.750061659105282,6291.92023887299,7880.424631782807,7962.067881091498,5179.382219743275,1,,-0.2902839395498894,-0.2902839395498895,-0.2902839395498894,-0.2902839395498895,-0.7900809089145011,-0.3847979261115251,-0.36028554283029535,-0.7115751050449737,0.2656550660295718,0.33349390954374214,0.25758220185539227,-0.4098745862545887,-0.18140507283329743,-0.18005775723297646,-0.31126409486686435,False,False,False
lfm25,25,cap16_chunk-1_pollpm_mem0.8,16,-1,lpm,0.8,0,shared_prefix,10.003627105016694,2560.9285388842736,26058.979688547937,23498.051149663665,5023.307042429224,6644.588409666903,6739.426719914191,3990.5132583880913,4.6940686975551,5.111368752778599,4.754408837427892,6309.584434144199,7901.821077940986,7978.698375332169,5202.887511932204,1,,-0.2934760563135663,-0.2934760563135663,-0.2934760563135663,-0.2934760563135663,-0.7953984226232627,-0.3920847504969094,-0.3665983015508605,-0.7212355421364804,0.2656779803197883,0.3342966685276174,0.25690275329450296,-0.4138327260678767,-0.18461275150709966,-0.18252256210884665,-0.31721492922877115,False,False,False
lfm25,26,cap16_chunk-1_pollpm_mem0.85,16,-1,lpm,0.85,0,shared_prefix,10.000522760643197,2560.1338267246583,26050.893016971124,23490.759190246463,5011.666144011542,6625.963140511885,6722.03134637326,3988.044504309073,4.711752971999493,5.142811369424796,4.760870692281934,6294.073224999011,7893.31992501393,8009.165753857233,5202.066530840966,1,,-0.2936953061522797,-0.2936953061522798,-0.2936953061522797,-0.2936953061522798,-0.7912378068216619,-0.3881826347350241,-0.36307092616362846,-0.7201706898253979,0.26291152056743106,0.33020159034719787,0.2558927882883706,-0.4103570209181564,-0.1833382890685593,-0.1870381310424445,-0.31700708146202383,False,False,False
lfm25,27,cap16_chunk-1_pollpm_mem0.9,16,-1,lpm,0.9,0,shared_prefix,10.069382101717316,2577.761818039633,26230.26837268759,23652.50655464796,4996.84869707562,6608.035737182945,6704.82370254118,3956.6598631099614,4.700989007730694,5.131709087073949,4.743959498334923,6281.82159177959,7871.626359876245,7935.65410819836,5166.369535185368,1,,-0.2888319928055698,-0.2888319928055699,-0.2888319928055698,-0.2888319928055698,-0.7859418492719135,-0.38442672643016707,-0.3595816179758673,-0.7066334938780943,0.2645953936615226,0.33164754870109037,0.25853594795137613,-0.407611711750145,-0.1800860673801321,-0.17614297302542647,-0.3079696737728641,False,False,False
lfm25,28,cap16_chunk-1_polfcfs_mem0.75,16,-1,fcfs,0.75,0,shared_prefix,10.067371334275444,2577.2470615745133,26225.030417756232,23647.78335618172,4992.279167287052,5217.827054066584,5221.5657832007855,3946.808713568316,4.682412312603464,5.095320856472586,4.778500049053714,6230.008021229878,6376.21732482221,6386.4363850606605,5165.326226077013,1,,-0.2889740068298786,-0.28897400682987884,-0.2889740068298787,-0.2889740068298787,-0.7843086370264285,-0.09316891052706078,-0.05881156177170177,-0.7023843791341853,0.2675014602667932,0.33638674235142996,0.25313738232177174,-0.3960014825088678,0.044100306136887646,0.053466522790732385,-0.307705539226389,False,False,False
lfm25,29,cap16_chunk-1_polfcfs_mem0.8,16,-1,fcfs,0.8,0,shared_prefix,10.078971643674745,2580.2167407807347,26255.24867997691,23675.03193919617,4990.528371883556,5182.263817195781,5185.080284220167,3938.776338429306,4.681159208035645,5.0947894741251485,4.76119902163833,6225.091399857774,6350.739838578738,6365.744039802812,5152.882088947081,1,,-0.2881547143613832,-0.2881547143613833,-0.2881547143613833,-0.2881547143613834,-0.7836828788796097,-0.08571817969561768,-0.05141315490264042,-0.6989197597527121,0.26769749111687235,0.336455949449584,0.2558414715739076,-0.3948997807612933,0.04791979974256,0.056533334440863614,-0.3045550572735647,False,False,False
lfm25,30,cap16_chunk-1_polfcfs_mem0.85,16,-1,fcfs,0.85,0,shared_prefix,10.112893387301437,2588.900707149168,26343.613232042717,23754.712524893544,4987.106283893809,5142.930360557511,5145.143214259297,3923.736311709945,4.679210207370274,5.086863653405624,4.749813699520161,6223.682971438393,6318.72229273431,6329.086351664737,5134.938805087586,1,,-0.2857589309288089,-0.285758930928809,-0.2857589309288088,-0.2857589309288089,-0.7824597779767632,-0.0774775631525666,-0.04331485006965341,-0.6924325169175627,0.26800238527099896,0.3374882062701806,0.25762095705951915,-0.39458418435198483,0.052719755690076364,0.061966368910752134,-0.30001235645120183,False,False,False
lfm25,31,cap16_chunk-1_polfcfs_mem0.9,16,-1,fcfs,0.9,0,shared_prefix,10.117810921528454,2590.159595911284,26356.423178194676,23766.26358228339,4986.471461364999,5148.284114687704,5151.471365606412,3918.701611746656,4.682054797954419,5.097499020105484,4.753914001490807,6229.37457007356,6314.863921678625,6323.282292066142,5130.949682126811,1,,-0.2854116213341177,-0.2854116213341178,-0.2854116213341177,-0.2854116213341177,-0.782232883750063,-0.0785992096749768,-0.04459805133325201,-0.6902608903723833,0.2675573884809007,0.3361030588887324,0.25698009439725467,-0.39585954067664164,0.053298188877505814,0.06282658834809585,-0.2990024302695553,False,False,False
lfm25,32,cap16_chunk2048_pollpm_mem0.75,16,2048,lpm,0.75,0,shared_prefix,12.02134800909227,3077.465090327621,31315.04806299744,28237.58297266981,2769.875166937709,8942.836062191043,9420.475156717002,3161.2351419971674,4.590170849662494,4.938194098170189,4.579619996837506,3966.7374005075535,10139.840103127051,10626.858526729047,4329.005299801793,1,,-0.15097093137831874,-0.15097093137831885,-0.15097093137831863,-0.15097093137831896,0.010008852021436754,-0.8735826722176259,-0.9102522935564241,-0.3635414622464612,0.2819313593009404,0.3568508903173736,0.28422162944479823,0.11114539933790735,-0.5201285584584936,-0.5750062705776502,-0.09597418674380442,False,False,False
lfm25,33,cap16_chunk2048_pollpm_mem0.8,16,2048,lpm,0.8,0,shared_prefix,12.08881571729932,3094.7368236286256,31490.798280327977,28396.061456699357,2743.4190979693085,8897.524764412072,9369.807536248118,3141.8561812133703,4.5764685562793535,4.865981409709682,4.561999859016034,3933.4973581135273,10090.793476719398,10572.041197302751,4305.132957862952,1,,-0.14620590457618754,-0.14620590457618776,-0.14620590457618765,-0.14620590457618754,0.01946461176167913,-0.8640896588397675,-0.8999780837528217,-0.35518269887169307,0.2840748932795971,0.36625585200334154,0.2869755945221454,0.11859372818477099,-0.5127756636652783,-0.566881796410089,-0.08993042640392024,False,False,False
lfm25,34,cap16_chunk2048_pollpm_mem0.85,16,2048,lpm,0.85,0,shared_prefix,11.803144823649392,3021.6050748542443,30746.638993193057,27725.033918338813,2844.5929610170424,9132.758202962566,9618.70326373726,3244.619277997117,4.584921207096354,5.111154833918108,4.613722421318678,4068.5663574840873,10325.390514358867,10825.050310008228,4421.019666304346,1,,-0.16638191916161316,-0.16638191916161316,-0.16638191916161316,-0.16638191916161316,-0.016696306253549453,-0.913372603459284,-0.9504483229268532,-0.3995076974749163,0.28275259315586343,0.3343245292641406,0.27889154139295746,0.08832787255188079,-0.547945612403971,-0.6043802667267977,-0.11926946210440503,False,False,False
lfm25,35,cap16_chunk2048_pollpm_mem0.9,16,2048,lpm,0.9,0,shared_prefix,12.155408299739417,3111.7845247332903,31664.268836057123,28552.484311323835,2721.8183744698763,8841.344899823878,9307.370896153152,3115.362218948576,4.585902341732792,4.8088140707170846,4.563556861779931,3876.455939374864,10037.17079644556,10512.651364332996,4279.002465471422,1,,-0.14150268508670394,-0.14150268508670416,-0.14150268508670416,-0.14150268508670416,0.027185004835570736,-0.8523196095972252,-0.8873173917007524,-0.343755008609963,0.2825991082338847,0.3737013113038655,0.2867322405097903,0.13137539794381936,-0.5047367432448062,-0.5580796316780894,-0.08331497015827094,False,False,True
lfm25,36,cap16_chunk2048_polfcfs_mem0.75,16,2048,fcfs,0.75,0,shared_prefix,12.06888005588067,3089.633294305452,31438.86681681653,28349.23352251108,3853.825942380354,4378.21270856075,4394.167124968953,3171.961998923507,4.53494072745682,4.848166104479163,4.574316915686188,5026.379047892988,5530.857777199708,5548.454907690175,4338.412812423485,1,,-0.1476138960954274,-0.1476138960954274,-0.1476138960954273,-0.1476138960954274,-0.37740993325151373,0.0827357888485486,0.10896555756456716,-0.36816829749333535,0.29057134680397356,0.3685761127039038,0.2850504822290978,-0.12629591785419825,0.1708335856991774,0.17766372351254167,-0.09835588652950644,False,False,False
lfm25,37,cap16_chunk2048_polfcfs_mem0.8,16,2048,fcfs,0.8,0,shared_prefix,11.964694753518724,3062.961856900793,31167.4689878497,28104.50713094891,3871.586179593578,4442.127164429985,4444.779193550348,3202.331106094789,4.593984818305163,5.252100384757653,4.656993149789439,5048.197217751294,5620.833252533339,5635.107677155174,4389.864359291096,1,,-0.15497216824273807,-0.1549721682427383,-0.15497216824273818,-0.15497216824273818,-0.38375768416713707,0.06934529212155416,0.09870261238602074,-0.3812674612503497,0.28133471674261123,0.31596781753226066,0.2721284799295771,-0.13118486781446048,0.15734478427583443,0.16482092007001747,-0.11138187363964525,False,False,False
lfm25,38,cap16_chunk2048_polfcfs_mem0.85,16,2048,fcfs,0.85,0,shared_prefix,12.069085154070232,3089.6857994419797,31439.401087986356,28349.715288544376,3863.805837929249,4344.656935124658,4348.426017537713,3165.471025091392,4.599180272506441,4.897507494772035,4.595680950377804,5033.719453494996,5524.269858701155,5540.118815456517,4337.198836448806,1,,-0.1475994106712698,-0.1475994106712697,-0.1475994106712698,-0.1475994106712698,-0.3809768839823944,0.0897659429546408,0.11824078561057882,-0.3653685336184931,0.2805219599066865,0.3621499029182005,0.2817113593432231,-0.12794073389098348,0.17182122287575963,0.17889921540387543,-0.09804854425583542,False,False,False
lfm25,39,cap16_chunk2048_polfcfs_mem0.9,16,2048,fcfs,0.9,0,shared_prefix,12.136054865378226,3106.8300455368258,31613.854046738463,28507.02400120164,3832.1087749209255,4321.479427837767,4326.934947147965,3138.9138368685963,4.593542550562644,4.840175897595199,4.600163400926463,5006.620274856687,5497.106667049229,5510.271417321637,4311.955504104844,1,,-0.14286955578522176,-0.14286955578522176,-0.14286955578522176,-0.14286955578522165,-0.36964792151877135,0.09462178239259178,0.1225986726406959,-0.35391357198612683,0.28140390340408794,0.36961675516174186,0.28101076821294824,-0.121868431347401,0.17589343140656666,0.18332289706902816,-0.09165769030200832,False,False,True
lfm25,40,cap16_chunk8192_pollpm_mem0.75,16,8192,lpm,0.75,0,shared_prefix,10.900427121955428,2790.509343220589,28395.101695172547,25604.59235195196,3142.48551055789,8885.595670249313,9036.818091776222,3552.3344463435933,4.6840833883513415,5.176005409847869,4.728401496629208,4345.988256158307,10083.953327359632,10294.031213475391,4758.076827984041,1,,-0.23013796123924402,-0.23013796123924424,-0.23013796123924402,-0.23013796123924402,-0.12316716480139145,-0.8615904355549875,-0.8324556032568173,-0.5322350561672189,0.2672400436158483,0.3258784071914811,0.260967608464192,0.026164006869861756,-0.5117502129402027,-0.5256779479999549,-0.20460221710819138,False,False,False
lfm25,41,cap16_chunk8192_pollpm_mem0.8,16,8192,lpm,0.8,0,shared_prefix,11.152861852133332,2855.132634146133,29052.68233440801,26197.54970026188,3059.4652735162526,8582.823854195885,9054.613470612094,3530.609142173489,4.660041123519049,5.19248203620972,4.677574098890296,4239.563086535782,9721.816848940216,10152.367914766071,4723.3905373905145,1,,-0.21230930976949125,-0.21230930976949136,-0.21230930976949125,-0.21230930976949125,-0.09349460021965639,-0.7981577589131907,-0.8360640903734882,-0.5228642401142447,0.2710011228856365,0.3237324956771638,0.2689117505454657,0.0500114391786205,-0.45746000744325666,-0.5046820362526883,-0.19582068959974963,False,False,False
lfm25,42,cap16_chunk8192_pollpm_mem0.85,16,8192,lpm,0.85,0,shared_prefix,11.172159898953623,2860.072934132128,29102.95284177893,26242.8799076468,3139.932108577341,8614.631171245128,8801.99616015423,3484.416803810745,4.641334183842821,4.92674117615702,4.656120039013046,4311.475844588131,9815.638794377446,9966.527691953816,4671.727413759072,1,,-0.21094635091448954,-0.21094635091448954,-0.21094635091448943,-0.21094635091448954,-0.12225454412153258,-0.8048215999652644,-0.7848392011119194,-0.5029400124732959,0.2739275644462891,0.35834251588931354,0.27226494404871193,0.03389744437953146,-0.47152545790586164,-0.4771386643786162,-0.1827411376044663,False,False,False
lfm25,43,cap16_chunk8192_pollpm_mem0.9,16,8192,lpm,0.9,0,shared_prefix,10.908943467461054,2792.6895276700297,28417.286376011005,25624.596848340974,3137.803753837943,8886.583379213698,9025.305527746676,3545.8253128890647,4.686608327114406,5.182321593713231,4.728547085388152,4351.69907216914,10083.305929182095,10282.71429196,4751.604819663044,1,,-0.22953647920185238,-0.2295364792018525,-0.2295364792018525,-0.2295364792018526,-0.12149384112057704,-0.8617973670460712,-0.8301211242123634,-0.5294274594685,0.26684505192494523,0.32505578905439647,0.26094485345728735,0.024884344373394485,-0.5116531573211438,-0.5240006675218583,-0.20296369888865273,False,False,False
lfm25,44,cap16_chunk8192_polfcfs_mem0.75,16,8192,fcfs,0.75,0,shared_prefix,11.245509717461513,2878.8504876701472,29294.025680719235,26415.17519304909,4205.054228659719,4846.41809721943,4849.091206961311,3510.9010690357536,4.625518872019123,5.363895917566966,4.690175098506848,5344.80756893754,6057.326884730719,6074.907762943767,4706.895719155,1,,-0.20576588961811748,-0.2057658896181176,-0.20576588961811748,-0.20576588961811737,-0.5029437112667423,-0.015356303763836676,0.016717581049250585,-0.514363520092731,0.276401650887823,0.3014075965357942,0.26694225897648605,-0.19764842429343488,0.09190722025705977,0.09963816722021246,-0.19164469679096685,False,False,False
lfm25,45,cap16_chunk8192_polfcfs_mem0.8,16,8192,fcfs,0.8,0,shared_prefix,11.342785450097155,2903.753075224872,29547.42440443512,26643.671329210247,4225.3521422389895,4788.980159256607,4826.494125570171,3483.3644774953427,4.644754739003439,5.2253629300999,4.647194446771013,5342.040082672611,5997.52154215239,6013.301130542532,4668.399061421951,1,,-0.19889561811306955,-0.19889561811306955,-0.19889561811306933,-0.19889561811306944,-0.5101984623132045,-0.0033226799171428567,0.021299741273337558,-0.5024861105968421,0.27339246597717615,0.3194500966441095,0.27365998247453205,-0.19702829428469348,0.10087302329508552,0.1087688837059041,-0.18189849870863495,False,False,False
lfm25,46,cap16_chunk8192_polfcfs_mem0.85,16,8192,fcfs,0.85,0,shared_prefix,11.241097471766004,2877.720952772097,29282.53198750645,26404.81103473436,4210.902518592775,4866.842395346612,4868.350561335683,3513.013427131227,4.62283960397483,5.375595828244351,4.691579183689136,5351.29948053509,6063.515594950877,6073.210758538917,4709.366118971957,1,,-0.20607751231222415,-0.20607751231222426,-0.20607751231222426,-0.20607751231222404,-0.5050339698219457,-0.019635327867284058,0.01281223389276176,-0.515274647458116,0.276820785256814,0.2998838032247304,0.266722805440037,-0.1991031123425695,0.09097943095762251,0.09988968017412203,-0.19227012786411546,False,False,False
lfm25,47,cap16_chunk8192_polfcfs_mem0.9,16,8192,fcfs,0.9,0,shared_prefix,11.2763919231304,2886.7563323213826,29374.472378883296,26487.716046561916,4245.506970677525,4835.5718814069405,4869.021029565483,3510.3634763945597,4.64806522735778,5.231576678525729,4.652791379068695,5362.67141578719,6042.217010492459,6055.790579919703,4696.8252780570765,1,,-0.20358477895596805,-0.20358477895596816,-0.20358477895596816,-0.20358477895596805,-0.5174020727796056,-0.013083950579221293,0.01267627859831777,-0.5141316392540272,0.2728745859351236,0.3186408196719174,0.27278520179777077,-0.2016513014326684,0.09417243855544422,0.10247152413965843,-0.189095163415955,False,False,False
lfm25,48,cap24_chunk-1_pollpm_mem0.75,24,-1,lpm,0.75,0,shared_prefix,11.6495813023922,2982.292813412404,30346.61321860813,27364.32040519573,2654.455695068464,4531.677712243982,6224.938195566648,2942.51318402894,5.410430835121694,6.5286027164399325,5.544707527316824,3961.58830774948,5898.743149964139,7716.031529186293,4356.41360349473,1,,-0.17722761577805313,-0.1772276157780529,-0.17722761577805313,-0.17722761577805313,0.0512613448481225,0.05058386638310752,-0.2622720475887559,-0.26919971131774356,0.15361304783289842,0.14971648722641795,0.13338186970782018,0.11229919257530796,0.11568152652559183,-0.14359271951123853,-0.10291314645153893,False,False,False
lfm25,49,cap24_chunk-1_pollpm_mem0.8,24,-1,lpm,0.8,0,shared_prefix,11.624430921134056,2975.8543158103184,30281.09765435479,27305.24333854447,2676.887209294364,4544.259269954637,6231.317509529182,2952.558907625644,5.4064870054157925,6.4641935496097975,5.543806838307087,3993.823294294998,5925.746995513327,7720.946085276082,4366.229651393951,1,,-0.17900390615405182,-0.17900390615405193,-0.1790039061540517,-0.17900390615405182,0.04324401584193949,0.047947947715667016,-0.26356562343557055,-0.2735327520524864,0.15423000535557407,0.15810512029322088,0.13352264420706073,0.10507607362379923,0.1116332065925324,-0.14432110566967427,-0.10539827510543076,False,False,False
lfm25,50,cap24_chunk-1_pollpm_mem0.85,24,-1,lpm,0.85,0,shared_prefix,11.62000958094079,2974.7224527208423,30269.580270401653,27294.85781768081,2672.2505677025765,4553.581628808752,6232.800329942257,2953.418500517728,5.518926923875423,6.515123301879593,5.559679096953843,3967.7861931268126,5916.539079672657,7725.611452148296,4371.136670240958,1,,-0.17931617116322618,-0.1793161711632263,-0.17931617116322618,-0.17931617116322618,0.044901214760868946,0.0459948525351449,-0.2638663047757246,-0.2739035218612351,0.1366403377695502,0.15147204265846093,0.13104186644841442,0.11091038903834749,0.11301362439901919,-0.14501255950429526,-0.10664058497057027,False,False,False
lfm25,51,cap24_chunk-1_pollpm_mem0.9,24,-1,lpm,0.9,0,shared_prefix,11.64563279799184,2981.2819962859107,30336.327549731333,27355.045553445423,2645.077608060092,4536.222193646245,6235.136234262028,2940.225602087594,5.332226745382535,6.521091819284301,5.544470657075769,3950.4129784181714,5887.289926572703,7728.378330743872,4354.065619641915,1,,-0.17750648591898488,-0.1775064859189851,-0.177506485918985,-0.177506485918985,0.054613201001815326,0.049631767792650994,-0.2643399716035799,-0.26821300432341943,0.16584699429269845,0.150694704510415,0.13341889168678178,0.11480332680127825,0.11739855280871403,-0.14542263846855352,-0.10231870742562843,False,False,False
lfm25,52,cap24_chunk-1_polfcfs_mem0.75,24,-1,fcfs,0.75,0,shared_prefix,11.794649217358,3019.430199643648,30724.508337035528,27705.07813739188,2628.9718931075186,4398.607328557409,4466.366399745457,2893.718118790275,5.308178749264163,6.470774741131155,5.513707372658389,3928.577019367367,5791.337847686373,5807.628033296205,4299.713498818164,1,,-0.1669819364551397,-0.1669819364551398,-0.1669819364551397,-0.1669819364551397,0.06036960310442041,0.0784629825076435,0.09432523126036929,-0.2481528446288246,0.16960897014279663,0.1572479876282289,0.1382270839840477,0.11969626291035707,0.1317833452586059,0.13925168509422736,-0.08855838206397104,False,False,False
lfm25,53,cap24_chunk-1_polfcfs_mem0.8,24,-1,fcfs,0.8,0,shared_prefix,11.791636283592988,3018.658888599805,30716.65978580894,27698.00089720913,2616.7008185293525,4404.831738001667,4458.953610723838,2889.3374507460976,5.399055504148789,6.464976127460306,5.519260630906358,3917.546029901132,5785.1994884666055,5799.589531002566,4296.748911627219,1,,-0.16719473025716525,-0.16719473025716536,-0.16719473025716525,-0.16719473025716547,0.0647554524573355,0.07715892799982871,0.0958283717065389,-0.24626332289372188,0.15539256077843866,0.15800319755834924,0.13735912940643014,0.12216805389295737,0.13270358611616817,0.1404430711926392,-0.087807837583054,False,False,False
lfm25,54,cap24_chunk-1_polfcfs_mem0.85,24,-1,fcfs,0.85,0,shared_prefix,11.810033957609509,3023.368693148034,30764.584864231005,27741.21617108297,2611.2940867897123,4396.190189779736,4454.07795001287,2884.737999458593,5.422882133108728,6.46838904751063,5.522141161282871,3914.061389863491,5779.061977332458,5793.005941053852,4292.883995585726,1,,-0.16589536183165776,-0.16589536183165798,-0.16589536183165787,-0.16589536183165787,0.06668789209419324,0.07896938889804361,0.09681704180022188,-0.24427943297336197,0.15166521475362527,0.1575586997423163,0.13690891272018568,0.12294888156476447,0.1336236998317678,0.14141882479150902,-0.08682935686472293,False,False,False
lfm25,55,cap24_chunk-1_polfcfs_mem0.9,24,-1,fcfs,0.9,0,shared_prefix,11.631011765940148,2977.539012080678,30298.24044659756,27320.70143451688,2752.8242748230696,4443.78427087795,4591.677869264968,2947.1658696966188,5.588985082930794,6.552215463244448,5.583236825623317,4053.196822293103,5920.985744893551,5938.293775632046,4370.8912602305645,1,,-0.1785391222935202,-0.1785391222935203,-0.1785391222935201,-0.1785391222935202,0.01610307332791261,0.06899811747747753,0.06891499259656997,-0.27120656292280065,0.12568070931770992,0.14664116924932347,0.1273598769705404,0.09177183182753046,0.11234699625464639,0.11988572073034698,-0.10657845452305814,False,False,False
lfm25,56,cap24_chunk2048_pollpm_mem0.75,24,2048,lpm,0.75,0,shared_prefix,14.453026140207331,3699.974691893077,37649.45560963977,33949.480917746696,1725.8343638386575,6428.740727854892,6507.255366067402,2155.5182828888064,5.200289657302931,5.770079331545561,5.187897635197871,3163.7734083924443,7781.070727249607,7785.71295585949,3478.2025748936576,1,,0.020770658440627532,0.02077065844062731,0.02077065844062731,0.02077065844062731,0.38316326906298104,-0.34686324876424246,-0.3195193746596092,0.0702562703094809,0.18648672396683008,0.24850637477843507,0.18914999093954854,0.291071158594417,-0.16651029085062108,-0.15392020092797498,0.11942352241430154,False,False,False
lfm25,57,cap24_chunk2048_pollpm_mem0.8,24,2048,lpm,0.8,0,shared_prefix,14.384501271785789,3682.4323255771615,37470.95153950486,33788.5192139277,1715.6960766296834,6522.1083935583,6596.726780831814,2178.381979378173,5.349412188846983,5.96346913964725,5.235841179047914,3200.5814402364194,7891.00652707275,7894.792794799432,3513.331661975826,1,,0.01593096781946235,0.015930967819462127,0.01593096781946235,0.01593096781946235,0.38678683113261936,-0.3664243856777212,-0.33766208746529935,0.060394429369747926,0.16315856973672915,0.22331933667712123,0.18165658499771853,0.28282332538981725,-0.1829914727241495,-0.17008691942638077,0.1105298921275254,False,False,False
lfm25,58,cap24_chunk2048_pollpm_mem0.85,24,2048,lpm,0.85,0,shared_prefix,14.458732621339228,3701.435551062842,37664.32072549706,33962.88517443422,1736.9543095119298,6429.975927341729,6482.276195501909,2159.782884929882,5.31899725251338,5.891276206455978,5.266273422460597,3241.390207782388,7805.340775474906,7820.804546582513,3502.6826076573343,1,,0.021173688812667013,0.02117368881266679,0.021173688812667013,0.021173688812667013,0.3791888488746832,-0.3471220311392269,-0.3144541823980651,0.06841681154042711,0.16791656518076026,0.23272172544198344,0.17690013323593223,0.273679019347289,-0.17014876966756654,-0.15912112416359458,0.11322591300022655,False,False,False
lfm25,59,cap24_chunk2048_pollpm_mem0.9,24,2048,lpm,0.9,0,shared_prefix,14.4784099422777,3706.472945223091,37715.57922416736,34009.106278944266,1727.9144739732146,6416.647959081455,6490.627289591357,2150.9491766628344,5.245684747419813,5.644193880588693,5.188692518063095,3132.049744948745,7769.4563693366945,7772.43981111329,3474.065768768924,1,,0.02256343457634724,0.02256343457634702,0.02256343457634724,0.02256343457634702,0.38241980934154207,-0.34432973457752536,-0.316147589192594,0.07222707143773399,0.17938529098704514,0.26490166303470386,0.18902575356560802,0.2981797018012803,-0.16476910785641063,-0.15195298868430318,0.12047083753966747,False,False,True
lfm25,60,cap24_chunk2048_polfcfs_mem0.75,24,2048,fcfs,0.75,0,shared_prefix,14.13809458256827,3619.352213137477,36829.07366440679,33209.72145126931,2128.800645004958,3618.8407683046535,3620.370872849599,2241.5157300201827,5.37948532157815,5.9190562002214735,5.301377842574855,3470.3109425026923,5012.790415436029,5025.763764274307,3593.3670798767707,1,,-0.0014719425438570743,-0.0014719425438571854,-0.0014719425438570743,-0.0014719425438570743,0.23913762630106306,0.24182917926048464,0.265873361127152,0.03316283070634596,0.15845404473121238,0.22910366630901258,0.17141343681875776,0.22238314878700094,0.24850039146856495,0.2551317566462046,0.09026732694916795,False,False,False
lfm25,61,cap24_chunk2048_polfcfs_mem0.8,24,2048,fcfs,0.8,0,shared_prefix,14.285800306671767,3657.164878507973,37213.840151990575,33556.67527348261,2104.037062963471,3564.547461131588,3583.812963287346,2216.865060869168,5.3408430980554975,5.831713372951046,5.278494316079042,3443.813028745353,4973.704914352857,4987.153717637993,3562.8811114693235,1,,0.00896003673757062,0.00896003673757062,0.00896003673757062,0.00896003673757062,0.24798846813897057,0.2532039823799238,0.273286451170612,0.04379544990413631,0.16449908528140034,0.2404791733221845,0.1749900508869644,0.22832072170224982,0.25435994998368083,0.26085415008981117,0.0979854589722402,False,False,True
lfm25,62,cap24_chunk2048_polfcfs_mem0.85,24,2048,fcfs,0.85,0,shared_prefix,14.20089989892913,3635.430374125857,36992.67856952762,33357.248195401764,2106.023073429242,3587.6360319089144,3603.489981894381,2228.01858051389,5.368690147046365,5.951456902548671,5.310176359389694,3447.7379887830466,4990.949217043817,5000.658012628555,3582.113552158262,1,,0.0029637945476921335,0.0029637945476919114,0.0029637945476919114,0.0029637945476919114,0.2472786409220712,0.2483667757226803,0.26929641146463823,0.038984581429496123,0.16014280023858474,0.22488380729971402,0.17003825983172016,0.22744122844754822,0.2517747458064328,0.25885267907781184,0.09311638234068165,False,False,False
lfm25,63,cap24_chunk2048_polfcfs_mem0.9,24,2048,fcfs,0.9,0,shared_prefix,14.178771614851588,3629.7655334020064,36935.03542676894,33305.26989336693,2114.3462404143065,3593.947769352235,3600.905411345884,2228.0907518688764,5.367549166412038,5.980086555960131,5.3079609950894815,3454.717200482264,4993.984465161338,5006.0244317865,3581.6208056166943,1,,0.0014009451562309039,0.0014009451562309039,0.0014009451562309039,0.0014009451562309039,0.24430382756704505,0.2470444254276336,0.26982050199467944,0.038953451624059277,0.16032129085254865,0.22115508871635048,0.17038451341828142,0.22587734765547707,0.251319712265615,0.25805732231239986,0.09324113097293452,False,False,False
lfm25,64,cap24_chunk8192_pollpm_mem0.75,24,8192,lpm,0.75,0,shared_prefix,13.388740925379006,3427.517676897025,34877.042513381435,31449.52483648441,1761.761256726459,7074.725026334636,7208.702915264294,2433.028461437061,5.244586217746723,6.119556118295912,5.334643859960659,3260.381628992036,8530.97423017025,8532.695702877827,3793.362645727029,1,,-0.05439637640522177,-0.05439637640522199,-0.05439637640522166,-0.05439637640522177,0.3703225077327079,-0.48220118627528485,-0.46175655138073113,-0.04944271367907005,0.17955714073620677,0.2029906093417304,0.16621407623082374,0.26942347873269035,-0.27893314163366045,-0.26463048352071117,0.03963445347009431,False,False,False
lfm25,65,cap24_chunk8192_pollpm_mem0.8,24,8192,lpm,0.8,0,shared_prefix,13.22085569676624,3384.539058372158,34439.70936246528,31055.17030409312,1955.525540979579,7105.791119066998,7165.582659463398,2435.660209186608,5.194758086045291,5.90519573548626,5.264322016520572,3327.092053834349,8465.829752827995,8484.740046556108,3778.0623233993538,1,,-0.06625356905754543,-0.06625356905754543,-0.0662535690575452,-0.0662535690575452,0.30106851083974795,-0.4887097359827921,-0.45301277082061064,-0.05057787035470218,0.18735206165991303,0.23090884961631575,0.1772051310665398,0.2544752071315439,-0.2691669146096982,-0.25752297764525434,0.04350803577334528,False,False,False
lfm25,66,cap24_chunk8192_pollpm_mem0.85,24,8192,lpm,0.85,0,shared_prefix,13.763567884543308,3523.473378443087,35853.44917199073,32329.975793547645,2002.6713067200037,7023.957254760899,7072.52247213386,2397.798664245784,5.2174431025324495,5.877455703950688,5.224543172145929,3327.719781314954,8346.460405434482,8381.870922432281,3730.057173142996,1,,-0.027923556236230218,-0.02792355623623033,-0.027923556236230107,-0.027923556236230107,0.28421797139854543,-0.4715650059331449,-0.43414233877469743,-0.03424697941094745,0.1838033050914364,0.23452170407889794,0.18342242342457682,0.2543345478433776,-0.251271489027842,-0.24227674893746265,0.05566149872108872,False,False,False
lfm25,67,cap24_chunk8192_pollpm_mem0.9,24,8192,lpm,0.9,0,shared_prefix,13.182218290589285,3374.647882390857,34339.060730502715,30964.41284811186,1974.703174317256,7296.873183338903,7355.304434667341,2514.083280646446,5.295151356132884,6.113109925360072,5.318236793719538,3287.872895365581,8619.643274880946,8621.377879739739,3870.233663044928,1,,-0.06898240453885474,-0.06898240453885485,-0.06898240453885474,-0.06898240453885462,0.29421416322506144,-0.5287426787877061,-0.49148391481195364,-0.0844042403426839,0.17164692532660386,0.2038301598262009,0.16877844252055307,0.2632633183472245,-0.29222608765106295,-0.27777406535109606,0.020173019525208447,False,False,False
lfm25,68,cap24_chunk8192_polfcfs_mem0.75,24,8192,fcfs,0.75,0,shared_prefix,13.2122535223213,3382.3369017142527,34417.301101263125,31034.964199548875,2332.164961611852,3931.1494434019546,3975.88915807195,2494.4264329897123,5.335855502270016,6.189981810565962,5.383281651116775,3671.621464891359,5348.629412217997,5366.310039544478,3867.16325402449,1,,-0.06686111291631935,-0.06686111291631947,-0.06686111291631947,-0.06686111291631947,0.16645244696205397,0.17639846824483552,0.19378255801484723,-0.07592561550363297,0.16527932554768587,0.1938183855729141,0.1586121618961911,0.1772740916651555,0.19815261035366571,0.20465940702159025,0.02095035491662034,False,False,False
lfm25,69,cap24_chunk8192_polfcfs_mem0.8,24,8192,fcfs,0.8,0,shared_prefix,13.24757310266025,3391.378714281024,34509.30695244076,31117.928238159737,2327.698695007712,3928.3901460235934,3980.712513071485,2487.956986307836,5.346580502558864,6.203126762993632,5.389186387344357,3665.1904457248743,5352.091838116758,5365.377779230475,3861.9942466866632,1,,-0.06436660478157397,-0.06436660478157408,-0.06436660478157397,-0.06436660478157397,0.16804875153757726,0.17697655910098464,0.19280449429754865,-0.07313513697473795,0.16360154782848046,0.19210639040168154,0.15768927255636478,0.17871513512125747,0.19763353584788235,0.2047975772848596,0.02225899240283613,False,False,False
lfm25,70,cap24_chunk8192_polfcfs_mem0.85,24,8192,fcfs,0.85,0,shared_prefix,13.666584647707564,3498.6456698131365,35600.812386122845,32102.166716309708,2358.6809132248163,3912.555226171389,3951.158869983629,2410.707720577193,5.143919932272505,6.197129435764221,5.232101353641494,3673.8544809632,5263.8116795104,5278.007428939454,3744.893565755774,1,,-0.03477316970555899,-0.034773169705559104,-0.03477316970555899,-0.03477316970555899,0.1569752843482296,0.1802940784253605,0.19879728272407204,-0.03981506680580993,0.19530498654460626,0.19288748073377293,0.18224110645089953,0.17677372413173775,0.21086818145155262,0.21774673335245998,0.05190536949464819,False,False,False
lfm25,71,cap24_chunk8192_polfcfs_mem0.9,24,8192,fcfs,0.9,0,shared_prefix,13.669375413684726,3499.36010590329,35608.082200676195,32108.722094772904,2354.369336972013,3910.938505618833,3948.189940066077,2413.2886909574154,5.141460980453036,6.190840366259945,5.234417200214618,3668.010550085455,5260.249488800764,5272.553536603227,3748.065077012143,1,,-0.034576066898407976,-0.03457606689840809,-0.034576066898407976,-0.03457606689840809,0.15851630048320187,0.1806327919600852,0.19939931235528108,-0.040928321583826976,0.19568965549231676,0.19370656750355097,0.18187914784129633,0.17808321460770682,0.2114022123409276,0.2185550545140721,0.05110243805215098,False,False,False
lfm25,72,cap32_chunk-1_pollpm_mem0.75,32,-1,lpm,0.75,0,shared_prefix,14.171512185519068,3627.9071194928815,36916.12495364348,33288.21783415059,2752.4815385695547,4758.921866910532,5016.909023262561,2319.4730824252474,6.267545978520431,7.76031759987567,6.397237731703083,4470.250924816355,6664.993162918836,6773.012980567291,3950.768704009533,1,,0.0008882350574757059,0.0008882350574754838,0.0008882350574757059,0.0008882350574754838,0.01622557193764107,0.002974729014924793,-0.01731195176688516,-0.0004626598112966729,0.01952925746850176,-0.010701737516523924,0.0001344210186093875,-0.0016803986390894199,0.0008080654290592015,-0.003827978726350656,-0.00021603521436497353,False,False,False
lfm25,73,cap32_chunk-1_pollpm_mem0.8,32,-1,lpm,0.8,0,shared_prefix,14.139716908055716,3619.7675284622633,36833.29974625508,33213.53221779281,2790.3038198128343,4783.541374420746,4943.338363403454,2317.918660239229,6.408522928170129,7.700532134622335,6.412751720185328,4472.034314181656,6683.636258775368,6766.187550015748,3953.170348886488,1,,-0.0013573629229555184,-0.0013573629229556294,-0.0013573629229554074,-0.0013573629229556294,0.002707372968191013,-0.002183218905498885,-0.0023935406043535945,0.00020781201546293815,-0.0025246333169146595,-0.002915294135553692,-0.0022903603834070196,-0.0020800151707802694,-0.0019868408161440865,-0.0028163819415589764,-0.0008240596007034195,False,False,False
lfm25,74,cap32_chunk-1_pollpm_mem0.85,32,-1,lpm,0.85,1,shared_prefix,14.158935722433858,3624.687544943068,36883.36385682821,33258.676311885145,2797.878721030429,4773.120607272722,4931.534535251558,2318.400451709749,6.39238450128366,7.678148074568633,6.398097770522559,4462.751722894609,6670.38326903712,6747.184900306165,3949.9153831930016,1,,0.0,0.0,0.0,0.0,0.0,0.0,0.0,0.0,0.0,0.0,0.0,0.0,0.0,0.0,0.0,False,False,False
lfm25,75,cap32_chunk-1_pollpm_mem0.9,32,-1,lpm,0.9,0,shared_prefix,14.163075149087838,3625.747238166487,36894.146869226206,33268.39963105972,2749.102630186826,4754.582472564653,5013.322730548681,2321.129858442873,6.258979787611786,7.708419915471299,6.390600789583985,4461.651710094884,6663.850223366171,6767.114125709049,3950.5132135818712,1,,0.00029235436441887863,0.00029235436441887863,0.00029235436441887863,0.00029235436441887863,0.017433239860246474,0.0038838605250877123,-0.01658473538256411,-0.0011772801075460304,0.020869319366675354,-0.003942596653342845,0.0011717515435781811,0.0002464875637337993,0.0009794108385456912,-0.0029537096874252544,-0.00015135270781074794,False,False,False
lfm25,76,cap32_chunk-1_polfcfs_mem0.75,32,-1,fcfs,0.75,0,shared_prefix,14.34223265135624,3671.611558747197,37360.84376462747,33689.232205880275,2722.3046536091715,3090.4933435376734,3092.526737828739,2279.125919332728,6.250256817678318,7.6333483963218685,6.350518206040849,4398.117948090658,4475.100775947794,4476.59438024275,3898.508061873145,1,,0.012945671377825319,0.012945671377825096,0.012945671377825319,0.012945671377825319,0.027011202041461013,0.35252142197522895,0.3729078209383382,0.016940357455528243,0.02223390717138507,0.005834698394935778,0.0074365172568819915,0.014482942098788532,0.3291088989263158,0.33652412874595794,0.013014790529082276,False,False,False
lfm25,77,cap32_chunk-1_polfcfs_mem0.8,32,-1,fcfs,0.8,0,shared_prefix,14.373247878741893,3679.551456957925,37441.63697812832,33762.08552117039,2715.048264944926,3071.365236560814,3073.2329135155305,2266.52060552442,6.272306190986258,7.618758819595564,6.34442921292765,4390.75119048357,4445.823242911138,4447.206751704216,3884.3500548209695,1,,0.015136176935140133,0.015136176935140133,0.015136176935140355,0.015136176935140133,0.029604734280618716,0.35652888555109463,0.3768201577931838,0.022377431020197402,0.018784588172580774,0.007734841057543185,0.008388205294731832,0.016133663013710775,0.3334980819546073,0.34087966797791236,0.016599172896466174,False,False,False
lfm25,78,cap32_chunk-1_polfcfs_mem0.85,32,-1,fcfs,0.85,0,shared_prefix,14.35153113950686,3673.991971713756,37385.065890393205,33711.073918679445,2722.458550473675,3078.5071207676083,3080.0935878045857,2275.8413549781835,6.242694632679809,7.610686252569305,6.339267579545883,4393.8655206002295,4468.449499248527,4468.798480927944,3892.354587762384,1,,0.013602393629617904,0.013602393629617682,0.013602393629617682,0.013602393629617682,0.026956197203922172,0.355032614077059,0.3754289733170306,0.01835709473752889,0.023416906253650893,0.008786210078804424,0.0091949502940889,0.015435813276589494,0.33010603453771936,0.3376795586667316,0.014572665448870148,False,False,False
lfm25,79,cap32_chunk-1_polfcfs_mem0.9,32,-1,fcfs,0.9,0,shared_prefix,14.34882538302952,3673.299298055557,37378.01752160207,33704.71822354651,2711.847853846848,3082.648288924247,3084.619967387989,2274.4216007340583,6.260784652412815,7.632119016831412,6.349954847603073,4395.066230557859,4464.208902744576,4466.505713360384,3893.660086872842,1,,0.013411294769478666,0.013411294769478443,0.013411294769478666,0.013411294769478443,0.030748604840132865,0.35416501225062935,0.3745111292765909,0.018969479989213167,0.0205869732717765,0.005994812458707033,0.007524568183576386,0.015166761796205908,0.33074176959714763,0.3380193696547862,0.01424215226471115,False,False,False
lfm25,80,cap32_chunk2048_pollpm_mem0.75,32,2048,lpm,0.75,0,shared_prefix,17.923689687764696,4588.464560067762,46690.37146367291,42101.90690360515,422.5474391132593,5613.4112188592535,5709.600419108756,1612.4167515372392,5.9487867086906645,6.20421434542639,5.890762945446811,1900.8059240877628,7115.068663330749,7118.0333409504965,3114.516999212356,1,,0.2658924398792095,0.2658924398792095,0.2658924398792095,0.2658924398792093,0.8489757844265531,-0.17604638154464292,-0.1577735851377362,0.30451326890135333,0.06939472938524205,0.1919647439496731,0.0792946346354928,0.5740731185343936,-0.06666564369063899,-0.05496343232382794,0.21149779246798261,False,False,False
lfm25,81,cap32_chunk2048_pollpm_mem0.8,32,2048,lpm,0.8,0,shared_prefix,18.33954275844495,4694.922946161907,47773.649219682295,43078.726273520384,376.7286045476794,5489.934616186655,5562.41567265708,1595.9806747705445,5.750717561436343,6.406184926665588,5.754873334095179,1810.4561064392328,6955.380219221115,6959.403611836024,3063.473374964815,1,,0.2952628020895107,0.2952628020895105,0.2952628020895107,0.2952628020895107,0.8653520605750437,-0.15017722531916244,-0.12792795688560266,0.31160267261268093,0.1003799035740831,0.16566014819589225,0.10053369915521704,0.5943184342630328,-0.04272572334889757,-0.03145292661539911,0.2244205058164086,False,False,False
lfm25,82,cap32_chunk2048_pollpm_mem0.85,32,2048,lpm,0.85,0,shared_prefix,18.108161164956417,4635.689258228843,47170.911014656864,42535.221756428014,430.3975880611688,5573.275859607383,5641.324844136834,1623.7330563126309,5.840865458708768,6.448317586590408,5.814382974081216,1922.558632679284,7046.8262046109885,7050.89381203521,3106.400714703341,1,,0.2789210658160757,0.27892106581607545,0.2789210658160759,0.27892106581607545,0.8461700341669356,-0.16763776115681606,-0.14392889349381188,0.2996321860120509,0.08627751388611571,0.16017280157068592,0.09123255338964109,0.5691988369381473,-0.056434978379916734,-0.04501268547053816,0.21355259205775368,False,False,False
lfm25,83,cap32_chunk2048_pollpm_mem0.9,32,2048,lpm,0.9,0,shared_prefix,18.81165131824635,4815.782737471066,49003.46988787621,44187.68715040514,392.8594309836626,5310.307027795351,5383.386561442167,1541.5413663940851,5.609147478004589,6.074225744232535,5.609390077391735,1746.348143555224,6782.014135690406,6784.844192578457,2971.935836128978,1,,0.3286063082015822,0.3286063082015822,0.32860630820158243,0.3286063082015822,0.8595866832859086,-0.1125440701632654,-0.0916250353638779,0.33508408124349454,0.12252658192287846,0.20889442542122472,0.12327221643354269,0.6086835540063349,-0.016735300229517414,-0.005581482177935193,0.24759506272598997,False,False,True
lfm25,84,cap32_chunk2048_polfcfs_mem0.75,32,2048,fcfs,0.75,0,shared_prefix,18.317326508194864,4689.235586097885,47715.77692916754,43026.54134306966,1809.633651049808,2351.006337371655,2371.2838914757594,1615.7134495733771,5.61481079944939,6.765711852897177,5.780800893148362,3206.4604749903083,3831.7310467828074,3833.5105018038303,3089.8176773262094,1,,0.29369373993077197,0.29369373993077175,0.29369373993077175,0.29369373993077175,0.3532122613294192,0.5074487885788038,0.5191590214921206,0.3030912979757927,0.1216406337381809,0.11883545521785444,0.09648131358952017,0.2815059689427336,0.4255605874149532,0.4318355642469679,0.21775091930488732,False,False,True
lfm25,85,cap32_chunk2048_polfcfs_mem0.8,32,2048,fcfs,0.8,0,shared_prefix,17.636302490385624,4514.89343753872,45941.74128577532,41426.84784823659,1916.7911990080029,2463.139938469976,2485.443219700828,1695.7876246306114,5.9351988045462205,6.84800184432271,5.950805290283326,3385.867941658944,3949.9491637339815,3950.762647278607,3213.193378855067,1,,0.24559520829253567,0.24559520829253545,0.2455952082925359,0.24559520829253545,0.31491269274814415,0.48395606540573644,0.496010176561798,0.26855275438718096,0.07152036875216616,0.10811802822551864,0.06991022899024879,0.24130488275004947,0.4078377501831071,0.41445762852899815,0.1865158953715077,False,False,False
lfm25,86,cap32_chunk2048_polfcfs_mem0.85,32,2048,fcfs,0.85,0,shared_prefix,18.415201268474718,4714.291524729527,47970.736091817176,43256.444567087645,1798.3378896024078,2342.448839801364,2346.797163719312,1596.1581864285108,5.631211337030811,6.775768052001356,5.787914616381635,3202.3131484165788,3796.785776596517,3797.9841966414815,3072.076413605828,1,,0.30060631882784095,0.3006063188278405,0.30060631882784095,0.3006063188278407,0.3572495204723888,0.5092416403155171,0.524124357855764,0.31152610617747545,0.11907499683412304,0.11752573847281178,0.09536946386661538,0.282435289422843,0.4307994573234487,0.43710091649198146,0.22224247469259795,False,False,True
lfm25,87,cap32_chunk2048_polfcfs_mem0.9,32,2048,fcfs,0.9,0,shared_prefix,18.279697766033003,4679.602628104449,47617.75581968319,42938.15319157874,1785.3927784599364,2398.1648180633783,2401.607796261087,1620.6222297114437,5.623275703549678,6.821834813328643,5.798501832317675,3188.8537276536226,3861.8919955100864,3863.3154518250376,3099.240196952451,1,,0.291036143138222,0.2910361431382218,0.291036143138222,0.291036143138222,0.361876279682918,0.497568778293736,0.5130100419871477,0.3009739846641746,0.12031641675802462,0.11152601550838148,0.09371471954794963,0.28545123599542677,0.4210389658662663,0.42741817381501834,0.21536542019613814,False,False,False
lfm25,88,cap32_chunk8192_pollpm_mem0.75,32,8192,lpm,0.75,0,shared_prefix,16.938429874860773,4336.238047964358,44123.81583511193,39787.57778714757,1972.948356764391,5890.823642513714,6059.570707706735,1817.0444851130012,5.759274850909908,6.597284614108503,5.795857373011006,3491.377257741988,7518.80861367099,7533.841606299393,3294.988115230808,1,,0.1963067144957087,0.1963067144957087,0.1963067144957087,0.1963067144957087,0.2948413589429012,-0.2341660995404069,-0.2287393841393095,0.21625080612239067,0.09904123418211408,0.14077137481108748,0.09412803916285972,0.21766267215120194,-0.12719289288400093,-0.11659035844082655,0.1658079235694332,False,False,False
lfm25,89,cap32_chunk8192_pollpm_mem0.8,32,8192,lpm,0.8,0,shared_prefix,17.268488005764645,4420.732929475749,44983.60179464163,40562.86886516588,670.3099885489792,5806.734180217609,5921.615075250156,1754.4768776133424,5.664263945072889,6.600559840581434,5.747618989484823,2087.6560856122524,7389.493634481914,7394.199251583777,3220.119719931972,1,,0.21961765660140098,0.21961765660140076,0.21961765660140098,0.21961765660140076,0.760422071367657,-0.21654880695241352,-0.20076520460747305,0.24323820920606298,0.1139043741915956,0.14034481017061384,0.10166752750085095,0.5322042956361985,-0.10780645375848086,-0.09589397072077466,0.1847623537370775,False,False,False
lfm25,90,cap32_chunk8192_pollpm_mem0.85,32,8192,lpm,0.85,0,shared_prefix,16.62287321371064,4255.455542709924,43301.80552453433,39046.3499818244,739.9463970214128,6227.817195956595,6357.344686253928,1874.4203174464928,5.814726447102194,6.815991952887498,5.8887422800672935,2176.5993707813323,7678.483751905151,7681.263877139427,3376.009550425806,1,,0.17401996446476153,0.1740199644647613,0.17401996446476153,0.17401996446476153,0.7355330695860547,-0.30476845409424125,-0.2891209908012211,0.19150278112473396,0.09036660014200737,0.11228698812630966,0.07961045747096551,0.5122741514803435,-0.1511308184564859,-0.1384398072136539,0.14529572841210237,False,False,False
lfm25,91,cap32_chunk8192_pollpm_mem0.9,32,8192,lpm,0.9,0,shared_prefix,16.893469691270067,4324.728240965137,44006.69666436675,39681.96842340161,685.8179478440434,6037.503003329039,6130.87443432305,1832.2488623707611,5.624260515997223,6.504248078163786,5.824261881863611,2059.689791407436,7548.720941902138,7552.022073841654,3317.4356422459823,1,,0.19313132162211377,0.19313132162211355,0.19313132162211377,0.19313132162211377,0.7548793152865955,-0.26489638542336413,-0.2431981141971895,0.20969267366233746,0.12016235649344764,0.15288842895502486,0.08968851512440701,0.5384708988311162,-0.13167724213721343,-0.11928488479676425,0.16012488359579502,False,False,False
lfm25,92,cap32_chunk8192_polfcfs_mem0.75,32,8192,fcfs,0.75,0,shared_prefix,17.117788804382073,4382.153933921811,44591.0374390651,40208.88350514328,1987.2693817596885,2746.322920336388,2747.341467901133,1831.057052451797,5.66955364364035,7.286586714086725,5.821136666139972,3432.9433157108724,4111.709055211395,4113.769782660529,3315.4469023174897,1,,0.20897425766684674,0.20897425766684674,0.20897425766684696,0.20897425766684674,0.2897228293627401,0.4246273777050882,0.442903329934606,0.21020673926221478,0.1130768741301712,0.05099684932865889,0.09017697526298729,0.23075637434649554,0.3835872858614725,0.3902983476154833,0.16062837284443932,False,False,False
lfm25,93,cap32_chunk8192_polfcfs_mem0.8,32,8192,fcfs,0.8,0,shared_prefix,17.188597999893606,4400.281087972763,44775.4920741916,40375.21098621884,2015.3983044438064,2713.502278993837,2715.585207110271,1832.4979099161285,5.549564253648414,7.153135173881022,5.787198311322843,3458.5796629544348,4084.137428412214,4084.837253745645,3308.2334793034534,1,,0.2139752829486652,0.21397528294866497,0.2139752829486652,0.2139752829486652,0.27966916889751514,0.43150351682726806,0.4493427577767639,0.20958525151911633,0.13184755195279596,0.06837754307272936,0.0954814198079722,0.22501185866751572,0.38772072552859993,0.394586436550703,0.16245459500725568,False,False,False
lfm25,94,cap32_chunk8192_polfcfs_mem0.85,32,8192,fcfs,0.85,0,shared_prefix,16.585928929759223,4245.997806018361,43205.567396604194,38959.56959058584,2272.453476209193,2650.692548439838,2673.127787527628,1881.4803175228008,5.745233117840161,7.201957303172376,5.989271836491146,3695.718379225582,4034.684260748327,4035.534771108069,3408.744635828043,1,,0.17141070874980824,0.17141070874980802,0.17141070874980824,0.17141070874980824,0.18779414592628496,0.4446625663719824,0.45795213063609386,0.1884575780964558,0.1012378687974016,0.06201896170425314,0.06389804418353273,0.17187452748805787,0.395134567532768,0.40189355549972405,0.1370081874836243,False,False,False
lfm25,95,cap32_chunk8192_polfcfs_mem0.9,32,8192,fcfs,0.9,0,shared_prefix,16.905159687178134,4327.720879917602,44037.14855573871,39709.42767582111,2023.163482313976,2826.343020587228,2828.635513749905,1888.01250760298,5.546731958348378,7.501827215721057,5.816163501046557,3464.5214329939336,4206.1620752559975,4207.756760297343,3371.134200369852,1,,0.19395694835969013,0.1939569483596899,0.19395694835969035,0.19395694835969057,0.2768937884595418,0.4078626430933303,0.4264187965165256,0.18564003634030146,0.13229062531602498,0.022963982608199762,0.09095426333700318,0.22368044468608883,0.3694272269510589,0.37636854147773413,0.14653002069003285,False,False,False
lfm25,96,cap48_chunk-1_pollpm_mem0.75,48,-1,lpm,0.75,0,shared_prefix,15.191470611016497,3889.016476420223,39573.06884151308,35684.05236509286,1072.5890030153096,3703.063705493696,3866.842981278897,1564.431230770424,7.899671194015765,10.893544735496535,8.17144958243315,3140.350638423115,6191.00076018367,6207.791092377156,3648.150874290877,1,,0.07292461162505726,0.07292461162505703,0.07292461162505726,0.07292461162505726,0.616642067094214,0.22418392280903154,0.21589457528119105,0.32521095326016525,-0.23579412227619057,-0.4187724213834658,-0.27716860159293155,0.2963196625273531,0.07186731099525712,0.07994353436268409,0.07639771479311708,False,False,False
lfm25,97,cap48_chunk-1_pollpm_mem0.8,48,-1,lpm,0.8,0,shared_prefix,15.198891479872234,3890.916218847292,39592.39985702905,35701.48363818176,1082.413601689041,3702.749659214169,3844.695217506961,1557.8556464570283,7.910299722981804,10.892682774175032,8.18494085688144,3136.9167242664844,6188.813505577855,6204.039726275951,3645.015564961796,1,,0.07344872367706556,0.07344872367706534,0.07344872367706534,0.07344872367706534,0.6131306215837692,0.22424971755954526,0.22038562438844544,0.32804721233203793,-0.237456808393383,-0.41866015976606374,-0.27927723996204934,0.2970891236961235,0.07219521638203863,0.08049952418016115,0.07719148099439366,False,False,False
lfm25,98,cap48_chunk-1_pollpm_mem0.85,48,-1,lpm,0.85,0,shared_prefix,15.214431799024505,3894.894540550273,39632.881659968254,35737.98711941798,1083.4179313387722,3697.453993163072,3835.897287307308,1559.5276268868474,7.903190511370114,10.871026464464032,8.160552150394663,3138.9084779657423,6184.120100201108,6198.269026582129,3640.4684252374864,1,,0.07454628633692328,0.07454628633692328,0.07454628633692328,0.07454628633692328,0.6127716604743465,0.2253591942492874,0.22216963910775112,0.32732603388825965,-0.23634467072233645,-0.41583964764508385,-0.2754653715971829,0.296642817510404,0.07289883492799742,0.08135479934737344,0.07834268026910662,False,False,False
lfm25,99,cap48_chunk-1_pollpm_mem0.9,48,-1,lpm,0.9,0,shared_prefix,15.153071117898444,3879.1862061820016,39473.0399619168,35593.85375573479,1067.756915697828,3726.783906971104,3858.633775673807,1568.5964562362642,7.92317043204664,10.876126335203356,8.184081868496245,3164.753700140864,6210.922418837436,6228.104091929272,3655.5373327028074,1,,0.07021257917637458,0.07021257917637436,0.0702125791763748,0.07021257917637436,0.6183691209801315,0.21921438538706373,0.21755921040569615,0.32341435877504576,-0.23947025252557674,-0.41650385347828656,-0.2791429831225942,0.2908514977642188,0.06888072718886029,0.07693294552419028,0.0745276852620137,False,False,False
lfm25,100,cap48_chunk-1_polfcfs_mem0.75,48,-1,fcfs,0.75,0,shared_prefix,15.103456011345497,3866.484738904447,39343.79493505448,35477.31019615004,1093.5701441485437,3658.4218384930864,3805.2121646376327,1565.1201712462353,8.166696614238854,10.849650111414638,8.295051763602553,3261.9702324736863,6258.945604367182,6291.11534376163,3680.272805060668,1,,0.06670842409540079,0.06670842409540079,0.06670842409540056,0.06670842409540101,0.6091431212051274,0.23353668605842226,0.22839186516139265,0.324913791277082,-0.2775665501033131,-0.41305559700659766,-0.2964871843346437,0.2690675092366728,0.06168126299125387,0.06759405044966826,0.06826540621089516,False,False,False
lfm25,101,cap48_chunk-1_polfcfs_mem0.8,48,-1,fcfs,0.8,0,shared_prefix,15.383592493769028,3938.199678404871,40073.53734037017,36135.3376619653,1036.7527632042766,3600.300634466112,3638.410166581161,1524.372557312745,7.785517357143702,10.674217959555488,8.12556453734835,3089.5364489406347,6095.530794514343,6106.914184438065,3596.391514336574,1,,0.08649356105168171,0.08649356105168149,0.08649356105168149,0.08649356105168149,0.6294504277789241,0.24571345861648752,0.2622154137676407,0.3424895357535982,-0.21793633589786188,-0.39020735936447504,-0.2699969317106421,0.307705953461217,0.08617982675615543,0.09489449679066109,0.08950163093636931,False,False,False
lfm25,102,cap48_chunk-1_polfcfs_mem0.85,48,-1,fcfs,0.85,0,shared_prefix,15.275766107987035,3910.596123644681,39792.65465976991,35882.05853612524,1032.7350918669254,3623.264164174907,3662.8160934569314,1541.3293364690617,7.896558166134591,10.77115290131712,8.16470927832187,3124.5356902945787,6140.206067636609,6155.995516604744,3623.330202441138,1,,0.0788781309165516,0.07887813091655138,0.0788781309165516,0.0788781309165516,0.6308863982901375,0.24090244888130385,0.2572664619350392,0.33517553650734555,-0.235307132189698,-0.4028321408638964,-0.2761151159550077,0.2998634285960329,0.07948226961132965,0.08762015454394845,0.08268156379792146,False,False,False
lfm25,103,cap48_chunk-1_polfcfs_mem0.9,48,-1,fcfs,0.9,0,shared_prefix,15.35388265141476,3930.5939587621774,39996.14459368616,36065.55063492398,1049.2848213762045,3601.7309410497546,3641.059186873026,1528.5976836566988,7.884339559092826,10.744963586056496,8.13790233245099,3106.915589654818,6110.358592635021,6125.816385634244,3603.762778431701,1,,0.08439525063226272,0.08439525063226228,0.0843952506322625,0.0843952506322625,0.6249712993314578,0.2454138000280447,0.26167825433523084,0.3406671041107653,-0.23339570038528912,-0.399421251283977,-0.27192528534716875,0.3038116878167658,0.08395689630034409,0.09209300231919315,0.08763544815015267,False,False,False
lfm25,104,cap48_chunk2048_pollpm_mem0.75,48,2048,lpm,0.75,0,shared_prefix,19.6355593886175,5026.70320348608,51149.71179050225,46123.00858701617,452.2608905099332,4313.937785848958,5097.1730234334245,968.8765576574953,7.547940101985837,9.054845741621271,7.34143023052157,2753.190519055352,5863.147034659038,6493.681038268842,2840.9412664404954,1,,0.38679627999908983,0.38679627999908983,0.38679627999909005,0.38679627999908983,0.8383557917966615,0.09620180573776305,-0.03358761598400073,0.5820926635245527,-0.18077066554274523,-0.17930074461737733,-0.1474395193435698,0.3830733390497487,0.12101796880625248,0.03757179709508485,0.2807589553617329,False,False,False
lfm25,105,cap48_chunk2048_pollpm_mem0.8,48,2048,lpm,0.8,0,shared_prefix,19.89974847835293,5094.33561045835,51837.911985399456,46743.57637494111,365.7369990833104,4241.305878525584,4953.268553996459,941.1604275301216,7.628314011711992,8.504264200763668,7.285532025465121,2525.7169725373387,5828.974535525763,6409.814536701888,2798.971094023728,1,,0.405455104003555,0.405455104003555,0.405455104003555,0.4054551040035552,0.869280610222943,0.11141866558679048,-0.004407151281115906,0.5940475137347196,-0.1933440502804773,-0.10759314852643631,-0.13870282805479572,0.4340449280250078,0.12614098764265103,0.05000164788561945,0.29138454308833384,False,False,True
lfm25,106,cap48_chunk2048_pollpm_mem0.85,48,2048,lpm,0.85,0,shared_prefix,19.696576171648644,5042.323499942053,51308.65765013667,46266.33415019462,389.2466824036092,4244.063030160016,5030.031064385548,929.7997986614064,7.663247667654764,8.751095704478669,7.403220446947528,2615.84300827235,5859.31924874893,6479.722858099267,2817.621012633026,1,,0.39110569874547685,0.3911056987454766,0.39110569874547685,0.3911056987454766,0.860877928883117,0.11084102427803522,-0.01997279516749173,0.5989477150180387,-0.19880893680846334,-0.1397404191075482,-0.15709711112196345,0.4138497566753111,0.12159181677805886,0.03964053841102855,0.286662943560239,False,False,False
lfm25,107,cap48_chunk2048_pollpm_mem0.9,48,2048,lpm,0.9,0,shared_prefix,19.850883502517064,5081.826176644368,51710.62101389277,46628.7948372484,359.141833614558,4225.556534389017,4970.70695775561,918.5494866869705,7.857583572759348,8.531002187188351,7.40485572721571,2524.7405734844506,5842.292987182723,6427.79190717265,2806.723118730588,1,,0.4020039282376786,0.4020039282376786,0.4020039282376786,0.4020039282376786,0.871637812277192,0.1147182562387783,-0.007943252191390027,0.6038003331091621,-0.22921009698047112,-0.11107549689547147,-0.15735269963074128,0.43426371659168495,0.1241443330098082,0.04733722253839856,0.2894219631455216,False,False,True
lfm25,108,cap48_chunk2048_polfcfs_mem0.75,48,2048,fcfs,0.75,0,shared_prefix,19.28603195842515,4937.224181356838,50239.20921894946,45301.98503759262,498.0464039836079,3005.322529631667,3050.91451110784,1012.5672918475176,7.626743805503436,9.370601186528802,7.427427999758652,2816.577407065779,4992.1933418139815,5037.022891426459,2906.48999336554,1,,0.362110284028464,0.3621102840284638,0.362110284028464,0.3621102840284638,0.8219914250607037,0.37036526480128984,0.38134580842954335,0.5632474574870013,-0.1930984132715896,-0.22042465129916788,-0.16088066580952276,0.36886979559801647,0.2515882310710742,0.253463041868336,0.2641639854532746,False,False,False
lfm25,109,cap48_chunk2048_polfcfs_mem0.8,48,2048,fcfs,0.8,0,shared_prefix,19.44108536608356,4976.91785371739,50643.116077771134,45666.19822405374,479.693764122203,2963.497805339284,2977.188792368397,996.5655778833024,7.657144072593427,9.39015858797539,7.390532840052437,2751.5050400979817,4972.134544723667,4987.286094119772,2881.151452096674,1,,0.37306120651995744,0.373061206519957,0.37306120651995744,0.3730612065199572,0.8285509087593558,0.37912781821941544,0.3962956619107342,0.5701495066788975,-0.1978541139156742,-0.2229718021559437,-0.15511408314237474,0.38345101611135257,0.2545953741813396,0.26083453057682393,0.2705789434487502,False,False,False
lfm25,110,cap48_chunk2048_polfcfs_mem0.85,48,2048,fcfs,0.85,0,shared_prefix,19.52910154198732,4999.449994748754,50872.39409024219,45872.94409549343,490.1667789090425,2905.910996557213,2921.950681330636,997.7564933142276,7.503204312467692,9.109792766508226,7.314419903260012,2693.033891962841,4930.248412885703,4947.493661525659,2862.9335686455306,1,,0.37927750537385396,0.37927750537385396,0.3792775053738542,0.37927750537385396,0.8248077104898531,0.39119263147687355,0.4074966604321697,0.5696358269002179,-0.17377237100818443,-0.18645703078864173,-0.1432179009453638,0.39655305533866936,0.26087479324146967,0.26673216539520683,0.27519116464433857,False,False,True
lfm25,111,cap48_chunk2048_polfcfs_mem0.9,48,2048,fcfs,0.9,0,shared_prefix,19.20333500531862,4916.053761361567,50023.78753252664,45107.73377116507,486.0909373965114,3014.342624414712,3031.575550516136,1026.5397020120872,7.63830327081914,9.222849566288584,7.3965642755616035,2731.523313326761,5016.874305834062,5035.904655582272,2912.663592280296,1,,0.3562696647384491,0.3562696647384491,0.35626966473844957,0.35626966473844934,0.8262644718147436,0.3684754959215131,0.385267297867256,0.5572207116958394,-0.1949067314842039,-0.2011815188660233,-0.15605677513075822,0.3879284614213193,0.2478881492280044,0.2536287755573796,0.26260101553725435,False,False,False
lfm25,112,cap48_chunk8192_pollpm_mem0.75,48,8192,lpm,0.75,0,shared_prefix,19.106611306925068,4891.292494572817,49771.82683213479,44880.53433756197,497.2317239735276,3033.084337692708,5288.339018560946,1078.627526305354,7.301130143049008,9.175149584554283,7.1924600055710615,2732.930904021486,5002.773356763646,6677.725271303207,2912.7048277259746,1,,0.3494383816328763,0.3494383816328763,0.34943838163287655,0.3494383816328763,0.8222826028033114,0.36454898435391525,-0.07235161403795942,0.5347535730896277,-0.1421606665842554,-0.19496908570231675,-0.12415600128968074,0.3876130527268352,0.2500021130741107,0.010294608793040005,0.2625905759602817,False,False,False
lfm25,113,cap48_chunk8192_pollpm_mem0.8,48,8192,lpm,0.8,0,shared_prefix,18.435481673682983,4719.483308462844,48023.56559674072,43304.08228827788,564.4092799630016,3050.8061196887866,5505.5682121170685,1118.3146538714936,7.38615060371219,8.927452588253015,7.344679973360982,2653.706850949675,5071.615942940116,6923.387261121534,2991.208047078544,1,,0.3020386584899337,0.30203865848993394,0.30203865848993394,0.30203865848993394,0.7982724284220812,0.36083615506376987,-0.11640061988052763,0.5176352501800234,-0.15546093984630804,-0.16270909359280217,-0.14794744262889137,0.4053653405508205,0.23968147880171042,-0.02611494473900855,0.2427159174583292,False,False,True
lfm25,114,cap48_chunk8192_pollpm_mem0.85,48,8192,lpm,0.85,0,shared_prefix,18.778155018476163,4807.207684729898,48916.21359711392,44109.00591238402,477.1656962111592,4485.25895397177,5395.363760413602,1101.9686781874043,7.319789823582944,9.127856912639208,7.241792320450722,2726.8180353567004,6145.36375587339,6797.859352231026,2948.6257199023385,1,,0.3262405724975126,0.32624057249751237,0.3262405724975128,0.3262405724975126,0.8294544746973793,0.06030889998093525,-0.09405373152038243,0.5246857904229891,-0.14507971510678863,-0.18880970046309264,-0.1318664672201868,0.3889828059742376,0.07870904743971596,-0.007510458461359448,0.25349648439335637,False,False,False
lfm25,115,cap48_chunk8192_pollpm_mem0.9,48,8192,lpm,0.9,0,shared_prefix,18.053479318444555,4621.690705521806,47028.467367705016,42406.77666218321,583.8552955538034,3604.433021438308,5598.623712421395,1170.9910255558498,8.09093570227132,9.62530620560488,7.62017664410272,2848.543941276148,5411.735920747742,7067.529827342369,3114.1360698020435,1,,0.27505906322041285,0.27505906322041285,0.27505906322041285,0.27505906322041307,0.791322157331117,0.24484769650565807,-0.13527010150721952,0.49491425232759945,-0.26571480495996025,-0.2535973664646525,-0.1910065956182394,0.3617068306393395,0.18869190832434213,-0.04747830862344782,0.2115942323593113,False,False,False
lfm25,116,cap48_chunk8192_polfcfs_mem0.75,48,8192,fcfs,0.75,0,shared_prefix,17.819535118314676,4561.800990288557,46419.05369250106,41857.2527022125,673.0436170473695,3294.661682611332,3317.3797124484554,1221.3322691350186,7.606378930858245,10.051457451875592,7.583625876371885,2982.751477742568,5466.569645097479,5480.675773550756,3155.114129247522,1,,0.25853633829842515,0.25853633829842515,0.25853633829842515,0.25853633829842515,0.7594450352731892,0.3097468189696878,0.32731289039239475,0.47320046964521445,-0.18991261075281085,-0.3090991934849203,-0.18529384019595874,0.33163400902618223,0.18047143250786746,0.18770926623011897,0.20121981785416987,False,False,False
lfm25,117,cap48_chunk8192_polfcfs_mem0.8,48,8192,fcfs,0.8,0,shared_prefix,18.860029267338128,4828.167492438561,49129.49217754392,44301.32468510535,630.282023223117,3050.162795302458,3073.448206144385,1119.5028169531724,7.343807132622483,9.506714510658352,7.275506033229427,2807.210153667256,5137.153616640717,5150.686147059314,2974.7568554266763,1,,0.33202308683806736,0.33202308683806714,0.33202308683806736,0.3320230868380669,0.7747286118995926,0.3609709357322801,0.37677650147742336,0.5171227575772885,-0.14883689038851888,-0.23815201508632655,-0.1371358010109318,0.37096878160041213,0.22985630518615274,0.2366170153680548,0.2468808653257869,False,False,False
lfm25,118,cap48_chunk8192_polfcfs_mem0.85,48,8192,fcfs,0.85,0,shared_prefix,18.80630097082417,4814.413048530988,48989.53248363896,44175.11943510797,643.4719399549067,3058.6915092542768,3086.229285453446,1128.5721912317968,7.348115476505722,9.381200509949348,7.269239535840005,2823.011689586565,5153.0675129033625,5168.73677124735,2982.228272870998,1,,0.3282284304057461,0.3282284304057459,0.3282284304057461,0.3282284304057459,0.7700143558338645,0.3591841143519816,0.37418479716759856,0.5132108474187411,-0.1495108711045372,-0.22180510441333134,-0.13615636968396894,0.36742802089928583,0.22747055078182699,0.23394173309037236,0.24498932671812135,False,False,False
lfm25,119,cap48_chunk8192_polfcfs_mem0.9,48,8192,fcfs,0.9,0,shared_prefix,18.27221901422691,4677.688067642089,47598.27402179481,42920.58595415272,817.2099641524255,3216.8318873737007,3240.5634729983285,1201.350561404979,7.377030579008016,9.764880827244584,7.311679247390666,2983.859660802409,5301.924943109042,5325.283608203754,3065.828769489599,1,,0.29050794299996974,0.2905079429999695,0.29050794299996974,0.29050794299996974,0.7079180173143975,0.3260526703489811,0.3428894292772042,0.48181921698685837,-0.1540342383232156,-0.2717755287355781,-0.14278954614872852,0.33138569069510504,0.205154377302463,0.21073993274408265,0.22382419063082093,False,False,False
lfm25,120,cap64_chunk-1_pollpm_mem0.75,64,-1,lpm,0.75,0,shared_prefix,17.547453866135555,4492.148189730702,45710.29478438315,41218.14659465245,1094.3523314781487,1668.7264026841149,1695.9432826424018,1078.2471579950652,9.98753057884089,12.80466437778052,10.002294242725588,3625.627188012004,3647.6282205199823,3648.762699970976,3628.8321898900895,1,,0.23932011629467476,0.23932011629467476,0.23932011629467498,0.23932011629467498,0.6088635567895129,0.6503908993748231,0.6561023205820677,0.534917638063825,-0.5624107994184777,-0.6676761444848667,-0.5633231315733176,0.18758035106188553,0.4531606245998331,0.4592170284520576,0.08128862574351081,False,False,False
lfm25,121,cap64_chunk-1_pollpm_mem0.8,64,-1,lpm,0.8,0,shared_prefix,17.537618090866594,4489.630231261848,45684.67305085946,41195.04281959762,1098.1570780277252,1673.413214017637,1694.8326047835872,1084.1913186995953,9.963826853416714,12.814763058159574,9.98733294515713,3630.550319794565,3646.271765115671,3647.946099918336,3630.961219714664,1,,0.23862544718523204,0.23862544718523182,0.23862544718523182,0.23862544718523204,0.6075036885003773,0.649408981732436,0.6563275401057018,0.5323537321173151,-0.5587026799492225,-0.6689913939800545,-0.560984733801813,0.186477190481093,0.45336397954206076,0.45933805671268857,0.08074961930463032,False,False,False
lfm25,122,cap64_chunk-1_pollpm_mem0.85,64,-1,lpm,0.85,0,shared_prefix,17.53603350693209,4489.224577774615,45680.54528398745,41191.32070621284,1100.2358929254117,1672.3345540929586,1697.4770865263415,1083.9365108367929,9.96022535688883,12.810728938830104,9.984831695585266,3628.156237537041,3646.773987892084,3649.493951499462,3630.068593211036,1,,0.2385135331285848,0.2385135331285846,0.2385135331285846,0.2385135331285848,0.6067606917142547,0.6496349680448361,0.6557913009850284,0.5324636388690216,-0.5581392757098247,-0.6684659913321385,-0.5605937973607684,0.1870136492415574,0.4532886880998517,0.45910864969272447,0.08097560553902561,False,False,False
lfm25,123,cap64_chunk-1_pollpm_mem0.9,64,-1,lpm,0.9,0,shared_prefix,17.480667397877333,4475.050853856597,45536.31916518618,41061.26831132958,1111.5794570650903,1678.0109451618046,1715.166803477332,1091.755326688144,9.99777854109804,12.794662202233631,9.997696738148578,3632.0709756109854,3667.409977526404,3669.604733823799,3641.167994916032,1,,0.23460320327469386,0.23460320327469364,0.23460320327469386,0.23460320327469386,0.602706347237343,0.6484457269726124,0.6522042396302835,0.5290911344142433,-0.5640139511461455,-0.6663734637538166,-0.562604557906283,0.18613644649378602,0.4501950143479836,0.4561280314613455,0.0781655702273264,False,False,False
lfm25,124,cap64_chunk-1_polfcfs_mem0.75,64,-1,fcfs,0.75,0,shared_prefix,17.64474359804697,4517.054361100024,45963.7299755562,41446.67561445617,1081.5534780267626,1648.5324845649302,1649.3246755516157,1063.9017770845385,9.841196505608512,12.77850570476742,9.979901412032843,3595.917401602492,3636.4272142527625,3639.2763124452895,3608.776637152914,1,,0.2461913765234549,0.24619137652345469,0.24619137652345513,0.2461913765234549,0.6134380415072322,0.6546216573591102,0.6655554850600912,0.5411052580239347,-0.5395188608620607,-0.6642692457432622,-0.5598232115195927,0.19423763075259648,0.4548398393938634,0.4606230055618973,0.08636608963615833,False,False,False
lfm25,125,cap64_chunk-1_polfcfs_mem0.8,64,-1,fcfs,0.8,0,shared_prefix,17.6525859846217,4519.062012063156,45984.1590249715,41465.09701290834,1087.4328843783587,1656.8059812765568,1673.3269268274307,1069.6132957091322,9.892649566937312,12.783650996291316,9.95327860795192,3606.194268213585,3621.568977693096,3624.161233929917,3607.699340736872,1,,0.2467452590135284,0.2467452590135284,0.2467452590135284,0.2467452590135284,0.6113366615198144,0.6528883056606385,0.6606883892090448,0.5386416980205792,-0.5475679795154313,-0.6649393671675856,-0.5556621616207338,0.1919348213539981,0.457067333071571,0.46286321073467773,0.08663882874865336,False,False,False
lfm25,126,cap64_chunk-1_polfcfs_mem0.85,64,-1,fcfs,0.85,0,shared_prefix,17.503304761332075,4480.846018901011,45595.288435859366,41114.44241695836,1101.9607465714216,1680.3363147191703,1684.4928285339847,1070.4955837682064,9.795158245034662,12.742869131467945,10.05700670342657,3590.3838553931564,3701.020808564499,3702.786695668474,3634.934755882568,1,,0.23620200730195373,0.23620200730195373,0.23620200730195373,0.23620200730195373,0.6061442055052404,0.6479585468343559,0.6584242051854436,0.5382611390630343,-0.5323168127742768,-0.6596279477436169,-0.571874495222847,0.19547757116446118,0.4451561987833501,0.45121013424421597,0.07974363923102878,False,False,False
lfm25,127,cap64_chunk-1_polfcfs_mem0.9,64,-1,fcfs,0.9,0,shared_prefix,17.63210464183268,4513.818788309166,45930.806087069046,41416.98729875988,1086.0257921740413,1644.8096316307783,1682.2650877991691,1069.4613418672816,9.969538349804342,12.718063225586189,9.962181000089773,3600.3787473309785,3634.269411652349,3637.0439365226775,3609.817496890173,1,,0.24529872777766948,0.24529872777766926,0.24529872777766948,0.24529872777766926,0.6118395754573416,0.6554016194091953,0.6588759389650393,0.5387072405551911,-0.5595961644363463,-0.656397233039909,-0.5570535739525158,0.19323794580359988,0.45516332944134386,0.46095386590670717,0.08610257519691544,False,False,False
lfm25,128,cap64_chunk2048_pollpm_mem0.75,64,2048,lpm,0.75,0,shared_prefix,24.61401023987766,6301.186621408681,64118.34289315131,57817.15627174264,379.7663261648268,783.926816261373,840.5399025278166,460.7856419534073,7.980607639012091,9.366806600991564,8.29363109196671,2563.785882666707,2760.307066445239,2763.005827087909,2575.661570404918,1,,0.7384082195442456,0.7384082195442454,0.7384082195442456,0.7384082195442458,0.8642663374540541,0.835762202390839,0.829558143308239,0.801248467833246,-0.24845550786400583,-0.21993044546979545,-0.2962651383943036,0.42551456100188423,0.5861846381064557,0.5904950186021236,0.3479198107978645,False,False,False
lfm25,129,cap64_chunk2048_pollpm_mem0.8,64,2048,lpm,0.8,0,shared_prefix,24.185168641399667,6191.403172198315,63001.230631066064,56809.82745886775,386.16251200437546,922.474257601425,988.4369226964192,471.768133706064,8.002890282146195,9.93249685275277,8.444966606575512,2594.5845688693225,2917.3027168260887,2919.1974142286927,2625.2346183828195,1,,0.7081205194737861,0.7081205194737858,0.7081205194737858,0.7081205194737858,0.8619802534320873,0.8067356068489309,0.7995680825854747,0.7965113691389468,-0.251941318695571,-0.2936057961230174,-0.31991834283673004,0.4186132839165798,0.5626484117685181,0.5673458698165765,0.33536940321474606,False,False,False
lfm25,130,cap64_chunk2048_pollpm_mem0.85,64,2048,lpm,0.85,0,shared_prefix,23.88864371195196,6115.492790259701,62228.79708946085,56113.304299201154,374.8889877460897,812.1218933723865,892.4556975113228,453.1571660663758,8.223285870261344,9.96113583938602,8.654060223074383,2667.27264598012,2899.698207108304,2903.827356202528,2659.867625163315,1,,0.6871779193193208,0.6871779193193204,0.6871779193193206,0.6871779193193206,0.866009564700495,0.8298551492424118,0.8190308328712133,0.8045388725954629,-0.28641915526358286,-0.2973357302627493,-0.3525989338496105,0.40232555795192515,0.5652876168947816,0.5696238654922942,0.3266013655682031,False,False,False
lfm25,131,cap64_chunk2048_pollpm_mem0.9,64,2048,lpm,0.9,0,shared_prefix,24.055578562830416,6158.228112084586,62663.6545509281,56505.42643884351,380.1496105734259,916.441549360752,964.029550049454,466.1520448644296,8.119089453134174,9.992837227753126,8.524977137915581,2623.349491506815,2897.06679712981,2898.526049219072,2640.0212150329025,1,,0.6989679898550574,0.6989679898550571,0.6989679898550574,0.6989679898550571,0.8641293463808821,0.8079994987002035,0.8045173275867004,0.7989337672356573,-0.2701190692618338,-0.3014645108045191,-0.3324237052443966,0.41216772646154054,0.5656821084663092,0.5704095719849702,0.33162588083120326,False,False,False
lfm25,132,cap64_chunk2048_polfcfs_mem0.75,64,2048,fcfs,0.75,0,shared_prefix,23.469698776659992,6008.242886824958,61137.465171069125,55129.22228424417,481.9570288527757,931.070138933137,939.7483224235476,536.3116658445506,8.470361518180546,9.878729447612868,8.515334305768334,2694.9958107434213,2929.323254781775,2930.712867700495,2707.721913815476,1,,0.6575891886756624,0.6575891886756622,0.6575891886756624,0.6575891886756624,0.8277419870882481,0.8049347134630369,0.8094409933244823,0.7686716867877432,-0.3250707175827121,-0.2866031433195386,-0.33091656476403797,0.3961134344719034,0.5608463357151849,0.5656391649252848,0.3144860962498318,False,False,False
lfm25,133,cap64_chunk2048_polfcfs_mem0.8,64,2048,fcfs,0.8,0,shared_prefix,23.3879203798062,5987.307617230387,60924.43628062734,54937.12866339696,480.7785309385508,960.9160866355523,968.610721193254,542.9002990531444,8.464682153334804,10.160538512921216,8.529457898739743,2704.294803319499,2955.141916987486,2956.652567642741,2717.912063231779,1,,0.6518134440535421,0.6518134440535419,0.6518134440535421,0.6518134440535421,0.8281631983099378,0.798681792123287,0.8035883730977775,0.7658297993115157,-0.32418225963019043,-0.32330588238779767,-0.3331240322767226,0.3940297441495464,0.5569756942296262,0.5617946430505294,0.3119062563222065,False,False,False
lfm25,134,cap64_chunk2048_polfcfs_mem0.85,64,2048,fcfs,0.85,0,shared_prefix,23.331291449869315,5972.810611166545,60776.92057262285,54804.10996145631,482.4495310895145,955.659756064415,960.8732501696796,546.0179654837702,8.458676931503065,10.117611690497428,8.528022551934768,2702.771737007424,2953.114198590629,2956.6422796901315,2720.6637162271363,1,,0.647813925230446,0.6478139252304458,0.6478139252304458,0.647813925230446,0.8275659600742689,0.799783027772587,0.8051573514691679,0.7644850504229764,-0.323242825866384,-0.3177151042461299,-0.3328996926594714,0.3943710282734786,0.5572796825186155,0.5617961678275678,0.31120962038740496,False,False,False
lfm25,135,cap64_chunk2048_polfcfs_mem0.9,64,2048,fcfs,0.9,0,shared_prefix,23.31704301528717,5969.163011913515,60739.80406843174,54770.64105651822,497.9404921177775,933.4856998873876,938.8069236883894,541.8143134629645,8.493296993786798,10.099365540195768,8.554994053402504,2709.550227271393,2932.761045754887,2934.6002709539607,2723.337797080603,1,,0.6468076042144129,0.6468076042144126,0.6468076042144131,0.6468076042144129,0.8220292794055093,0.8044286376369683,0.8096318869963057,0.7662982195058696,-0.3286586550107009,-0.3153387303960222,-0.33711524272374205,0.3928521245376525,0.5603309543893367,0.5650630130469971,0.3105326233902427,False,False,False
lfm25,136,cap64_chunk8192_pollpm_mem0.75,64,8192,lpm,0.75,0,shared_prefix,21.76106084211132,5570.831575580498,56686.543443973016,51115.71186839252,620.0303954537958,1173.3179359231142,1232.2486909106374,676.6097865802294,8.775590407643833,10.713103313053791,8.781609786363369,2879.417066229508,3161.383726540953,3163.611027328297,2915.9202821028885,1,,0.536913597794813,0.5369135977948127,0.536913597794813,0.536913597794813,0.7783926834307366,0.7541822148521976,0.7501287515879111,0.7081566361491819,-0.37281954893070024,-0.3952717776487613,-0.3725344784229734,0.35478887354238164,0.5260566598600708,0.5311213381473001,0.2617765194388191,False,False,False
lfm25,137,cap64_chunk8192_pollpm_mem0.8,64,8192,lpm,0.8,0,shared_prefix,20.86838417277443,5342.306348230254,54361.16256456929,49018.85621633904,654.1331245098263,1371.4350121095777,1377.6602907571942,711.8823310665903,8.938873151098104,11.5242067809381,9.16008995039852,3030.407003359869,3366.862831148319,3368.6452539125457,3047.7052684182127,1,,0.47386672147327524,0.473866721473275,0.47386672147327524,0.47386672147327524,0.7662039031238224,0.712675391017787,0.7206426760454756,0.6929424636103746,-0.39836287214936483,-0.5009096814775276,-0.43168958633315446,0.3209555020026297,0.4952519674878696,0.5007332237538522,0.2284125170411796,False,False,False
lfm25,138,cap64_chunk8192_pollpm_mem0.85,64,8192,lpm,0.85,0,shared_prefix,21.83899119074545,5590.781744830835,56889.54834917983,51298.766604349,593.9838069025427,1243.6853480758143,1294.4372553005817,644.5946757085039,8.714240169444796,10.995947931272283,8.885820900810787,2891.0432138945907,3212.015873542987,3213.3753806119785,2910.4790054152545,1,,0.5424175671723033,0.542417567172303,0.5424175671723033,0.5424175671723035,0.7877020892872065,0.7394397815590847,0.7375183634936153,0.7219657737587417,-0.36322215406393066,-0.4321093868575916,-0.38882230617820746,0.35218372129843334,0.5184660694906897,0.5237457653685812,0.2631540873509791,False,False,False
lfm25,139,cap64_chunk8192_pollpm_mem0.9,64,8192,lpm,0.9,0,shared_prefix,21.420207963024893,5483.573238534373,55798.63767143158,50315.064432897205,590.783923631534,1323.862735973671,1361.6691860789433,668.5046998463804,8.847054558824382,11.468847494974147,9.030881731550656,2956.087575526908,3299.525800603442,3300.890077203512,2971.379541391798,1,,0.5128402574132778,0.5128402574132778,0.5128402574132778,0.5128402574132778,0.78884577119413,0.7226420941560696,0.7238852985119602,0.7116526183587574,-0.38399912537298064,-0.4936997025312617,-0.4114947997759444,0.3376087761365437,0.5053468942452937,0.5107752157416453,0.24773589985367805,False,False,False
lfm25,140,cap64_chunk8192_polfcfs_mem0.75,64,8192,fcfs,0.75,0,shared_prefix,21.931218385614866,5614.391906717405,57129.79586866489,51515.403961947486,688.7889679055661,1151.8727062968535,1180.5442913575098,699.1009234043304,8.366782810794664,10.788127305168729,8.62645274023902,2884.906917344779,3149.857242568396,3152.2649959288538,2898.8463721652806,1,,0.5489312767248715,0.5489312767248711,0.5489312767248713,0.5489312767248711,0.7538174322109672,0.7586751307851377,0.7606131959699862,0.6984554920661938,-0.30886726371270745,-0.40504288278848,-0.3482839821521613,0.35355872419593537,0.5277846691074646,0.5328029330001296,0.26609912088244936,False,False,False
lfm25,141,cap64_chunk8192_polfcfs_mem0.8,64,8192,fcfs,0.8,0,shared_prefix,20.6924849645231,5297.276150917914,53902.95337234996,48605.67722143205,789.7212377283722,1328.504106681794,1349.6676032664254,812.8037654059881,8.626713253119412,11.022342329059596,8.86218740574002,3052.947566146031,3359.2747683404014,3361.5777776157483,3072.6615538696933,1,,0.46144352726577353,0.4614435272657733,0.46144352726577353,0.46144352726577353,0.7177428629081084,0.7216696966220433,0.7263189391418144,0.649411832711398,-0.3495297805360542,-0.43554698633222744,-0.38512847468040623,0.3159046804051554,0.49638954272183555,0.5017806941287157,0.22209433474348528,False,False,False
lfm25,142,cap64_chunk8192_polfcfs_mem0.85,64,8192,fcfs,0.85,0,shared_prefix,21.41313851625407,5481.763460161042,55780.2220939739,50298.45863381286,731.2394615728408,1282.7593544265255,1287.3250807449222,722.8977097729512,8.634956949847002,11.215293552434323,8.81160130173906,2954.142205649987,3260.062996041961,3262.2181061981246,2969.856041716412,1,,0.5123409651705972,0.512340965170597,0.5123409651705972,0.5123409651705972,0.7386450470220765,0.7312535215489826,0.7389605463486315,0.6881911797248674,-0.3508193926871903,-0.46067690327324273,-0.37722204595497777,0.3380446887746905,0.5112630167482781,0.516506786993477,0.24812160423657903,False,False,False
lfm25,143,cap64_chunk8192_polfcfs_mem0.9,64,8192,fcfs,0.9,0,shared_prefix,21.167368481664724,5418.846331306169,55140.00267433903,49721.15634303285,786.4581034518778,1197.862667450681,1227.4788182694465,761.896020903805,8.678124263407845,10.804676701150392,8.77879112759176,2985.591126140207,3199.267498310656,3201.6142710717395,3000.487758439704,1,,0.4949830196719156,0.4949830196719154,0.4949830196719156,0.4949830196719154,0.7189091515867301,0.7490399329894328,0.7510959703323191,0.6713699652957149,-0.35757232088670254,-0.40719827179907697,-0.3720939320492378,0.33099770914351767,0.5203772603050927,0.5254888789357972,0.24036657311524656,False,False,False
lfm25,144,cap96_chunk-1_pollpm_mem0.75,96,-1,lpm,0.75,0,shared_prefix,17.1055250856579,4379.014421928422,44559.09102665044,40180.07660472202,1157.80964307487,1808.3551721414551,1848.9388387696815,1139.859802129649,10.064973621903096,12.970863027479863,10.128372060460284,3710.778242908418,3823.275207867846,3824.706972814165,3722.594677547022,1,,0.20810811073570834,0.20810811073570812,0.20810811073570834,0.20810811073570834,0.5861830484745025,0.6211377585167038,0.6250783958718913,0.5083421411132674,-0.5745256906686294,-0.6893218132171253,-0.5830286475339466,0.16849995847370358,0.4268282565388868,0.43314033492092197,0.05755077858458324,False,False,False
lfm25,145,cap96_chunk-1_pollpm_mem0.8,96,-1,lpm,0.8,0,shared_prefix,17.535350175638495,4489.049644963455,45678.76523799879,41189.71559303534,1079.7569840215149,1695.4407354583964,1699.337335950695,1085.2622662787326,9.902059768929202,12.73178861923881,9.981612046591607,3622.25616700016,3661.457697465085,3662.480046194978,3630.573338159593,1,,0.23846527164149367,0.23846527164149345,0.23846527164149345,0.23846527164149345,0.6140801329573529,0.6447940718541487,0.6554140858583662,0.5318917982963707,-0.549040075255292,-0.6581848247246906,-0.5600905776368541,0.18833571932370252,0.451087358883709,0.45718398112540437,0.08084781927031093,False,False,False
lfm25,146,cap96_chunk-1_pollpm_mem0.85,96,-1,lpm,0.85,0,shared_prefix,17.503141002876568,4480.804096736401,45594.86185275894,41114.05775602254,1111.1733529251069,1677.964784647338,1701.6217933315784,1088.7932384757733,9.916228451309545,12.904071646158163,9.995844309157167,3639.7277375217527,3649.611560278572,3652.2637684550136,3637.733537310851,1,,0.23619044156998648,0.23619044156998648,0.23619044156998648,0.23619044156998625,0.6028514943936263,0.6484553979024431,0.6549508512678845,0.530368777459122,-0.551256569331563,-0.6806229211570822,-0.5623150298218662,0.18442074228566552,0.45286328939755227,0.4586981352342536,0.07903507179178904,False,False,False
lfm25,147,cap96_chunk-1_pollpm_mem0.9,96,-1,lpm,0.9,0,shared_prefix,16.54714646217663,4236.0694943172175,43104.540886479714,38868.47139216249,1273.6268963199109,2011.6970306495205,2037.338165007532,1255.827599336044,10.16621991133719,12.957785300928736,10.151550608148396,3821.6304322704673,4036.227299459279,4038.948526270688,3844.473004413885,1,,0.1686716280489089,0.16867162804890867,0.16867162804890912,0.1686716280489089,0.5447883831609228,0.578536308597706,0.5868754136376321,0.45832153439673906,-0.5903642700616185,-0.6876185735264968,-0.5866513723686466,0.14366053288044012,0.3949032406886097,0.40138760298574094,0.026694844964977427,False,False,False
lfm25,148,cap96_chunk-1_polfcfs_mem0.75,96,-1,fcfs,0.75,0,shared_prefix,17.723520937113772,4537.221359901126,46168.941251137454,41631.71989123632,1072.7942795492709,1627.3609454743564,1663.6408991646022,1056.1393482421408,9.927083980109469,12.671012014661937,9.945001123360628,3588.2669361308217,3610.523845930584,3612.623440874741,3592.114634699101,1,,0.25175516610560456,0.25175516610560433,0.2517551661056048,0.25175516610560433,0.6165686984623222,0.6590572333339378,0.6626524893473671,0.544453440964752,-0.5529547664280838,-0.6502692956170695,-0.5543684201231547,0.19595192407355866,0.4587231797174125,0.4645732265747139,0.09058440847020488,False,False,False
lfm25,149,cap96_chunk-1_polfcfs_mem0.8,96,-1,fcfs,0.8,0,shared_prefix,17.631802219187893,4513.741368112101,45930.01829025544,41416.27692214333,1100.5834590177983,1647.4523068638518,1667.022607862018,1064.3317960166314,9.851394217534391,12.724393914618036,9.964833869390514,3605.593105079606,3619.711101357825,3622.268520197831,3605.364432711213,1,,0.24527736864088712,0.2452773686408869,0.24527736864088712,0.24527736864088667,0.6066364668542655,0.6548479616555976,0.6619667578223736,0.540919777154236,-0.541114151621531,-0.6572217403260885,-0.5574682080196853,0.19206952818317136,0.4573458592462055,0.46314372976002716,0.0872299573676597,False,False,False
lfm25,150,cap96_chunk-1_polfcfs_mem0.85,96,-1,fcfs,0.85,0,shared_prefix,17.68153753237892,4526.473608289003,46059.57644977525,41533.10284148625,1079.4418959412724,1633.893353235908,1654.1017808625477,1058.5612973482057,9.896144882648017,12.852465352591349,9.96632538554681,3602.824653033167,3613.7012710794806,3615.415517934598,3599.974270662642,1,,0.24879001352931773,0.2487900135293175,0.24879001352931773,0.24879001352931773,0.6141927497330101,0.6576886511632719,0.6645867996992194,0.5434087771301332,-0.5481147732369296,-0.6739017309604849,-0.5577013267074253,0.19268987460133224,0.45824683150461254,0.4641594129470882,0.08859458458765179,False,False,False
lfm25,151,cap96_chunk-1_polfcfs_mem0.9,96,-1,fcfs,0.9,0,shared_prefix,17.60318021454817,4506.414134924332,45855.45930982543,41349.0451749011,1080.8858606033027,1654.573249677196,1680.2197438292203,1071.8575723585673,9.926653391334648,12.82194137436283,9.966026339637155,3608.372531831265,3631.8489290308207,3634.111074367538,3613.194288966042,1,,0.24325588869346615,0.24325588869346615,0.24325588869346637,0.24325588869346615,0.6136766570763925,0.653356077540519,0.6592906869416231,0.537673669978754,-0.5528874067793119,-0.6699262960076711,-0.557654586891877,0.1914467225860328,0.4555261995379939,0.4613885452875859,0.08524767281337642,False,False,False
lfm25,152,cap96_chunk2048_pollpm_mem0.75,96,2048,lpm,0.75,0,shared_prefix,24.57218614029067,6290.479651914411,64009.39307423187,57718.913422317455,336.705693975091,859.2672426253553,916.2686785729602,425.0186278586625,8.133960001207159,9.803792684631167,8.478367440165682,2571.106912568212,2833.958912361413,2835.393650960177,2587.0023251009115,1,,0.7354543181771587,0.7354543181771585,0.7354543181771589,0.7354543181771587,0.8796567944692449,0.8199778900796882,0.8142021165981308,0.8166759208724169,-0.27244536050260626,-0.27684339887935216,-0.32513877471947716,0.4238740866138633,0.5751430168164087,0.579766422166448,0.3450486721541739,False,False,False
lfm25,153,cap96_chunk2048_pollpm_mem0.8,96,2048,lpm,0.8,0,shared_prefix,23.6626687103826,6057.643189857945,61640.14280295087,55582.49961309292,375.59141335077584,881.1197976348918,965.921889478341,457.9067643389863,8.357744957959536,10.180519138572407,8.742262971103557,2674.736328423023,2939.5392297767103,2941.0889687761664,2687.183821970393,1,,0.6712180332092852,0.6712180332092847,0.671218033209285,0.6712180332092847,0.8657585082128043,0.8153996368136299,0.8041336053567616,0.8024902194953878,-0.3074534168401808,-0.3259081538544515,-0.3663847106840228,0.40065311841095463,0.559314793286078,0.5641013234063426,0.31968572455895283,False,False,False
lfm25,154,cap96_chunk2048_pollpm_mem0.85,96,2048,lpm,0.85,0,shared_prefix,23.99047154821594,6141.560716343281,62494.0538297487,56352.49311340542,409.7059154883027,877.817691955715,940.1935994019732,459.14504883330665,8.389234694414863,9.898122587405584,8.58092763219782,2630.8826657477766,2866.5279808454216,2868.5040765069425,2647.2815950437507,1,,0.6943696912335502,0.69436969123355,0.6943696912335502,0.6943696912335502,0.8535655200460539,0.8160914495606503,0.8093507015552079,0.8019561079300596,-0.31237954987379357,-0.28912890078141285,-0.34116856915379423,0.41047971540721384,0.5702603785675409,0.5748591273411258,0.32978777056642616,False,False,False
lfm25,155,cap96_chunk2048_pollpm_mem0.9,96,2048,lpm,0.9,0,shared_prefix,25.288215643711176,6473.783204790061,65874.61636675932,59400.83316196925,340.5382614582777,761.8441926548254,810.1848391909152,407.9259678510425,7.991113281790533,9.328722832450532,8.256840228597296,2499.3075048550963,2714.098326931708,2715.707907611504,2513.420226143353,1,,0.7860251744517592,0.786025174451759,0.7860251744517592,0.7860251744517588,0.8782869825991382,0.8403886565334183,0.8357134410395876,0.8240485298602277,-0.25009897013952,-0.21497042540100142,-0.29051485687486234,0.43996268220944024,0.593112087047512,0.5975050413264539,0.3636774507023556,True,True,True
lfm25,156,cap96_chunk2048_polfcfs_mem0.75,96,2048,fcfs,0.75,0,shared_prefix,23.334364181145748,5973.597230373312,60784.92489356368,54811.32766319037,478.60842291265726,966.3490684702992,986.2250657053664,561.4785520556325,8.33611062764391,10.161918738729083,8.461571030855731,2692.561623174697,2995.86550493259,2998.12275162898,2719.179164923844,1,,0.6480309423379933,0.6480309423379933,0.6480309423379933,0.6480309423379933,0.8289388245047338,0.7975435468783484,0.8000165955128895,0.757816406720608,-0.30406902556783444,-0.32348564263655355,-0.3225135554883276,0.39665887991002546,0.5508705595915409,0.5556483487664707,0.31158546421170796,False,False,False
lfm25,157,cap96_chunk2048_polfcfs_mem0.8,96,2048,fcfs,0.8,0,shared_prefix,23.49679773849689,6015.180221055205,61208.05669639042,55192.876475335215,472.41354547441006,931.0239017708228,1001.0328517155722,532.3456957521557,8.425861940372222,10.182102265146872,8.519656830150565,2693.351987982169,2951.334185618907,2953.753085271456,2704.85818744055,1,,0.6595031010182377,0.659503101018238,0.6595031010182382,0.6595031010182382,0.8311529581595212,0.8049444004510933,0.7970139224292161,0.7703823360802198,-0.31810937509785564,-0.3261143398460591,-0.3315921600014451,0.396481777338216,0.5575465356963009,0.5622243752149991,0.31521110579993794,False,False,False
lfm25,158,cap96_chunk2048_polfcfs_mem0.85,96,2048,fcfs,0.85,0,shared_prefix,23.516330342239204,6020.180567613236,61258.93821354833,55238.7576459351,487.5536479521543,927.6256774319336,933.2514257822186,530.5118362339272,8.446500912381737,10.103090675639026,8.51877914970186,2688.220116076991,2919.499871204607,2921.20937211439,2702.800519407901,1,,0.660882625872734,0.6608826258727338,0.660882625872734,0.660882625872734,0.8257416791201753,0.805656350686273,0.8107584121917513,0.771173338133759,-0.32133805635214663,-0.31582389106329245,-0.3314549816587278,0.397631711778631,0.5623190222432239,0.5670476776200641,0.31573204557535806,False,False,False
lfm25,159,cap96_chunk2048_polfcfs_mem0.9,96,2048,fcfs,0.9,0,shared_prefix,23.267140023813724,5956.387846096313,60609.80911484613,54653.42126874982,494.8312451597303,956.9682307075708,966.2373598478734,549.419924562244,8.502715997690078,10.214128640169898,8.561571636742242,2719.1160034853965,2957.338517671451,2959.6520594740286,2732.6206919315155,1,,0.6432831167492725,0.6432831167492723,0.6432831167492725,0.6432831167492725,0.8231405666584829,0.79950889377288,0.8040696353354067,0.7630176770552889,-0.33013212768766365,-0.330285446565022,-0.33814329568192636,0.3907086541391247,0.556646387712239,0.5613500884880553,0.30818247308312186,False,False,False
lfm25,160,cap96_chunk8192_pollpm_mem0.75,96,8192,lpm,0.75,0,shared_prefix,21.75442996984998,5569.134072281595,56669.27033255436,51100.13626027276,631.6438529174775,1302.7499050367624,1339.2417666921392,689.0803417409188,8.474950299726107,11.1042158038118,8.746124910776773,2903.9168243762106,3264.869605517015,3267.881273771636,2919.342193988996,1,,0.5364452806563409,0.5364452806563407,0.5364452806563409,0.5364452806563407,0.774241875400214,0.7270653703885495,0.7284330552449787,0.7027776882838583,-0.3257885688860307,-0.44621016630180654,-0.3669883181642035,0.34929904133392264,0.5105424270488278,0.5156674491574478,0.260910194073808,False,False,False
lfm25,161,cap96_chunk8192_pollpm_mem0.8,96,8192,lpm,0.8,0,shared_prefix,21.75866620974608,5570.218549694996,56680.30553890995,51110.08698921496,597.9934625793248,1189.4068890949711,1230.5067314580083,654.6601691661635,8.795240647433435,10.865392607235004,8.898981308704927,2909.5379228238016,3166.41807933338,3167.81799999997,2923.90040288592,1,,0.5367444726280504,0.5367444726280499,0.5367444726280501,0.5367444726280499,0.7862689836823626,0.7508114738850947,0.7504819802716356,0.7176242056529225,-0.37589355672632885,-0.41510589555091815,-0.39087923127784774,0.3480394824795159,0.5253019276971086,0.530497822898521,0.2597561924168815,False,False,False
lfm25,162,cap96_chunk8192_pollpm_mem0.85,96,8192,lpm,0.85,0,shared_prefix,21.9161791764452,5610.541869169971,57090.619433740845,51480.07756457088,612.8944554366171,1231.8093687528744,1278.0143804010004,650.8189025480533,8.556854021826796,10.98545030060717,8.808563815103957,2883.572844788432,3214.7016366012394,3216.7018749564886,2897.0026753995626,1,,0.5478691058481553,0.5478691058481548,0.5478691058481551,0.5478691058481551,0.7809431656812864,0.7419278769373672,0.7408485388745617,0.7192810663627613,-0.33860127157690334,-0.43074217818133764,-0.37674729756193237,0.35385765916681944,0.5180634294998634,0.5232527457769054,0.26656588955642224,False,False,False
lfm25,163,cap96_chunk8192_pollpm_mem0.9,96,8192,lpm,0.9,0,shared_prefix,22.015491748178977,5635.965887533818,57349.32402783055,51713.358140296725,597.2391639370471,1207.9756740946325,1237.1655602520332,654.3019799391914,8.568985903562577,10.89090133770643,8.76740842035289,2880.4227029904723,3173.663564864546,3176.0772972088307,2889.9911271291785,1,,0.5548832327345725,0.5548832327345723,0.554883232734573,0.5548832327345725,0.7865385803009037,0.7469211919233592,0.749131725346637,0.7177787040816594,-0.3404991364086176,-0.4184281459456345,-0.37031485525999086,0.3545635334779085,0.524215710423088,0.5292737127946929,0.2683410030943524,False,False,False
lfm25,164,cap96_chunk8192_polfcfs_mem0.75,96,8192,fcfs,0.75,0,shared_prefix,21.877288165811777,5600.585770447815,56989.3101740569,51388.72440360909,674.4663389399648,1167.4215094419196,1169.2694615153596,706.5324861105182,8.360220867154354,10.790636571142455,8.586838702212164,2889.048599638045,3139.068609988317,3140.877272617072,2895.87931954884,1,,0.5451223591013781,0.5451223591013779,0.5451223591013779,0.5451223591013781,0.7589365350719827,0.7554175547831037,0.7628994680748565,0.6952500222343072,-0.30784073853435,-0.40536968893357606,-0.3420924484420378,0.35263066846923674,0.529402062313363,0.5344907070095931,0.2668502895350907,False,False,False
lfm25,165,cap96_chunk8192_polfcfs_mem0.8,96,8192,fcfs,0.8,0,shared_prefix,20.31348853742405,5200.253065580557,52915.68544521446,47715.4323796339,802.1884968038648,1437.7046649344263,1446.7992751579732,810.3471080430609,8.864939003708024,11.503941733024863,9.106412434573263,3117.438964545727,3489.3642232287675,3493.412019596435,3132.482278859243,1,,0.4346762310135166,0.4346762310135164,0.4346762310135166,0.4346762310135166,0.7132868945411517,0.6987914651174285,0.7066229051391664,0.65047146732332,-0.38679689901754943,-0.49827036692974525,-0.42329998089877674,0.301453641583335,0.47688699696974646,0.4822415464799378,0.20694952297255764,False,False,False
lfm25,166,cap96_chunk8192_polfcfs_mem0.85,96,8192,fcfs,0.85,0,shared_prefix,21.28200955879726,5448.194447052098,55438.63730646879,49990.44285941669,698.5978628508747,1303.990249405615,1313.5062034754085,734.621721017902,8.597686989963348,11.266463229651835,8.830327612026046,2975.2192990854383,3287.882698699832,3289.708560765721,2986.355262084544,1,,0.5030797494953934,0.5030797494953931,0.5030797494953931,0.5030797494953931,0.7503115994271587,0.7268055101271174,0.7336516262663856,0.6831342400420337,-0.34498902377302865,-0.4673412286705343,-0.3801489018672557,0.3333217969930746,0.5070923864357733,0.5124324278386909,0.243944496939968,False,False,False
lfm25,167,cap96_chunk8192_polfcfs_mem0.9,96,8192,fcfs,0.9,0,shared_prefix,21.33073617516491,5460.6684608422165,55565.56785804637,50104.89939720416,711.72751695849,1292.315855436027,1293.5091410996392,736.6852376217139,8.603006963818972,11.228748706589432,8.80416376108484,2968.0497196968645,3268.2303335517645,3270.107469581999,2981.746996698348,1,,0.5065211533779215,0.5065211533779213,0.5065211533779213,0.5065211533779213,0.7456188820449057,0.7292513720548046,0.737706563372235,0.6822441795685334,-0.3458212599838755,-0.4624292990364445,-0.37605958471712575,0.33492833480511386,0.5100385987230478,0.5153375047668233,0.24511117139730043,False,False,False
lfm25,168,cap128_chunk-1_pollpm_mem0.75,128,-1,lpm,0.75,0,shared_prefix,17.524940663342946,4486.384809815794,45651.64894641478,41165.26413659899,1111.5815022494644,1676.903106411919,1711.4741824613884,1088.2861387071898,9.90298946077625,12.895989664921574,9.981503720065994,3623.9961674436927,3658.2789530511945,3660.298232510686,3633.5695873240174,1,,0.2377300813348482,0.23773008133484796,0.2377300813348482,0.2377300813348482,0.6027056162605644,0.6486778264398242,0.652953016910367,0.5305875057500906,-0.5491855126655201,-0.6795703260315262,-0.5600736465849232,0.18794582525126147,0.45156390487599785,0.4575073476429268,0.08008925892818974,False,False,False
lfm25,169,cap128_chunk-1_pollpm_mem0.8,128,-1,lpm,0.8,0,shared_prefix,17.278377374259907,4423.264607810536,45009.36313600764,40586.0985281971,1104.6330414246768,1697.8531799046325,1705.0280482554808,1105.3874265890045,9.956155387757748,12.995043797327169,10.112376161323123,3667.803968070075,3743.21378939785,3744.50255880598,3684.0433477264014,1,,0.22031611082770208,0.22031611082770208,0.22031611082770208,0.22031611082770208,0.605189090891741,0.644288648956902,0.654260142341575,0.5232111752851777,-0.5575025854215192,-0.6924711103669676,-0.5805285452049609,0.17812950488514268,0.4388307780194183,0.44502742786312754,0.06731081799825211,False,False,False
lfm25,170,cap128_chunk-1_pollpm_mem0.85,128,-1,lpm,0.85,0,shared_prefix,17.470104214871018,4472.346679006981,45508.80256860393,41036.45588959695,1107.7667770441622,1680.9238302754238,1707.4361327197405,1096.175489416055,9.992329462193975,12.777693700684488,9.98853838993419,3641.792601440102,3660.0139821413904,3661.397648784332,3643.2527788492735,1,,0.23385715970098242,0.2338571597009822,0.23385715970098242,0.23385715970098242,0.6040690510573012,0.6478354584809298,0.653771839066591,0.527184577363389,-0.5631615182389933,-0.6641634905435647,-0.5611731405471139,0.1839580537816745,0.45130379552092525,0.4573444032016687,0.07763776551988577,False,False,False
lfm25,171,cap128_chunk-1_pollpm_mem0.9,128,-1,lpm,0.9,0,shared_prefix,17.561669822554645,4495.787474573989,45747.32668448192,41251.539209907925,1101.1752872727811,1661.7824672721326,1698.7790175201371,1079.6661116255564,9.901099889447876,12.911266387604616,9.97749199561761,3615.596864139661,3646.652204543352,3648.8923167530447,3623.926570508047,1,,0.2403241434827188,0.24032414348271858,0.2403241434827188,0.24032414348271858,0.6064249393671968,0.6518456992810735,0.6555272997934136,0.5343055981423159,-0.5488899154078777,-0.6815599624040833,-0.559446628275377,0.1898279159041969,0.4533069454238794,0.45919781795405223,0.08253058130613278,False,False,False
lfm25,172,cap128_chunk-1_polfcfs_mem0.75,128,-1,fcfs,0.75,0,shared_prefix,17.386353877936013,4450.906592751619,45290.63686668529,40839.73027393367,1123.4123066533357,1685.3699868544936,1690.968480054289,1107.0032216484833,9.941710766368343,12.73177528489089,9.988888730417695,3655.776296043769,3670.790988416411,3673.244041414,3654.169847904996,1,,0.22794214330590767,0.22794214330590767,0.22794214330590767,0.22794214330590767,0.5984771254704011,0.646903959584318,0.657111094332419,0.5225142313822004,-0.5552429245099291,-0.6581830880627,-0.5612278975227136,0.18082462950177824,0.4496881452890944,0.4555886498312325,0.07487389136142286,False,False,False
lfm25,173,cap128_chunk-1_polfcfs_mem0.8,128,-1,fcfs,0.8,0,shared_prefix,17.653570874977678,4519.314143994286,45986.72461818209,41467.4104741878,1087.8057356458155,1642.6003186730668,1667.0316922664645,1068.8585146563128,9.877910103429766,12.798774145707926,9.94580334917569,3602.138317655772,3622.7016715798527,3623.6178895179182,3605.038368696114,1,,0.2468148186453598,0.2468148186453598,0.2468148186453598,0.2468148186453598,0.6112033993935275,0.6558644849304112,0.6619649157173693,0.5389672591428014,-0.5452621946389762,-0.66690900219803,-0.5544938051741239,0.19284366657095364,0.45689752365566916,0.46294373978790915,0.08731250698795945,False,False,False
lfm25,174,cap128_chunk-1_polfcfs_mem0.85,128,-1,fcfs,0.85,0,shared_prefix,17.660941451498488,4521.201011583613,46005.924624523024,41484.72361293941,1072.262626606971,1643.8268836122006,1668.2938964478672,1070.9635528364745,9.972681582667956,12.598322249821146,9.923429571177158,3597.2040919587016,3618.9913164824247,3621.139031187631,3601.438093486649,1,,0.24733537871182953,0.2473353787118293,0.24733537871182953,0.24733537871182953,0.6167587184722332,0.6556075115496705,0.6617089701952645,0.5380592890901692,-0.5600878796739048,-0.6408021996279272,-0.5509968629889617,0.1939493130427834,0.4574537668200839,0.4633111312803484,0.0882239885920425,False,False,False
lfm25,175,cap128_chunk-1_polfcfs_mem0.9,128,-1,fcfs,0.9,0,shared_prefix,17.64680566140443,4517.582249319534,45969.101553943154,41451.51930462362,1102.9189040418714,1640.3599542565644,1663.3901223307478,1063.9223596699594,9.859735145251832,12.738482360454167,9.970989846952566,3605.9285735245794,3622.577084135264,3624.30914117489,3606.524770642864,1,,0.2463370134129701,0.24633701341296987,0.24633701341296987,0.2463370134129701,0.6058017469621849,0.656333855935428,0.6627033410309682,0.5410963800988957,-0.5424189742140655,-0.6590566158324356,-0.558430365489428,0.19199435742176596,0.45691620135971756,0.46284128940790836,0.08693619463628866,False,False,False
lfm25,176,cap128_chunk2048_pollpm_mem0.75,128,2048,lpm,0.75,0,shared_prefix,22.14718787230404,5669.680095309834,57692.38625792051,52022.70616261067,411.0718492884189,942.1736860414964,1083.2487775711345,504.6429586473096,9.270897972415767,10.773128738590316,9.27523970787628,2853.512431960553,3061.859683040529,3064.261334598996,2869.76904378389,1,,0.5641845055637442,0.5641845055637438,0.5641845055637442,0.564184505563744,0.8530773166833244,0.8026084476880968,0.7803424532814556,0.7823314094529481,-0.4503035558255406,-0.403089473394346,-0.44968708521606926,0.36059350617207964,0.540976948468133,0.5458459520710703,0.27346062753778566,False,False,False
lfm25,177,cap128_chunk2048_pollpm_mem0.8,128,2048,lpm,0.8,0,shared_prefix,23.82587936756537,6099.425118096736,62065.29891441245,55965.8737963157,376.9745191093534,884.4185997033486,911.66312310379,471.0617000055208,8.260192722082138,10.065338576267308,8.616532592656998,2654.896251158789,2915.899315290153,2918.3009866718203,2668.277511133056,1,,0.6827450759462736,0.6827450759462739,0.6827450759462741,0.6827450759462734,0.8652641673580055,0.8147085161946724,0.8151360156586056,0.7968160765073492,-0.2921927209515327,-0.310907067500491,-0.3467334982524426,0.4050988233249099,0.5628588047068744,0.5674787293083672,0.3244722349023854,False,False,False
lfm25,178,cap128_chunk2048_pollpm_mem0.85,128,2048,lpm,0.85,0,shared_prefix,24.116047069815885,6173.7080498728665,62821.17217716399,56647.46412729112,360.0695230998099,864.5853343419725,974.9492555717006,432.70776349527296,7.862464532110037,10.274743081673105,8.618587984286327,2615.867678076029,2938.8354539638385,2940.3387788683176,2630.447699488286,1,,0.7032386856312702,0.70323868563127,0.7032386856312707,0.7032386856312702,0.871306243407434,0.8188637150662779,0.802303066397979,0.8133593516270391,-0.22997365545379345,-0.3381798555962794,-0.3470547486776545,0.4138442287398105,0.5594203008385658,0.5642125090221116,0.3340496075736423,False,False,False
lfm25,179,cap128_chunk2048_pollpm_mem0.9,128,2048,lpm,0.9,0,shared_prefix,24.10049093602545,6169.7256796225165,62780.649177833686,56610.92349821117,372.5740103982389,836.8057382525873,908.1327392300592,454.40472797781695,8.359915386045387,9.692244079310958,8.555079521305736,2624.626556877047,2835.6489674421027,2837.056216276251,2635.8101069563418,1,,0.7021400060344849,0.7021400060344849,0.7021400060344851,0.7021400060344851,0.866836969166046,0.824683722221986,0.81585189503621,0.8040007593844681,-0.3077929502467547,-0.2623153376545788,-0.33712860105402975,0.4118815654896719,0.5748896498039711,0.5795200134284871,0.33269200698025425,False,False,False
lfm25,180,cap128_chunk2048_polfcfs_mem0.75,128,2048,fcfs,0.75,0,shared_prefix,23.40706605582371,5992.208910290869,60974.3098691994,54982.10095890853,479.9861954525113,935.2216240251436,958.0248089320958,540.9965022954566,8.436812088806548,10.129223904188942,8.518883518805595,2687.8397092223167,2952.3284442024305,2953.6817531846464,2713.3117995908838,1,,0.6531656414497895,0.6531656414497893,0.6531656414497897,0.6531656414497897,0.8284463898150176,0.8040649501711391,0.8057349488107708,0.7666509675252658,-0.31982237412539005,-0.31922747592465694,-0.3314712941796485,0.3977169522038876,0.5573974800058823,0.5622349473406876,0.3130709049778383,False,False,False
lfm25,181,cap128_chunk2048_polfcfs_mem0.8,128,2048,fcfs,0.8,0,shared_prefix,23.220557389517115,5944.462691716381,60488.463536064446,54544.00084434807,496.47473846562207,971.12156287767,976.8763502500952,551.9451906402537,8.49607908714782,10.153329005994488,8.56184516629654,2716.8215236160904,2973.0898728128523,2975.024682828225,2735.215708045871,1,,0.639993135411,0.6399931354109998,0.6399931354109998,0.639993135411,0.8225531597442595,0.7965436780713253,0.8019122966153446,0.7619284493180585,-0.3290938749760306,-0.3223669180885018,-0.338186047381589,0.3912227942956418,0.5542850008914072,0.5590717126051743,0.3075254929044078,False,False,False
lfm25,182,cap128_chunk2048_polfcfs_mem0.85,128,2048,fcfs,0.85,0,shared_prefix,23.395808935051956,5989.3270873733,60944.98559726651,54955.65850989321,492.46140103787184,932.5156047707424,939.5734757790342,536.13738553031,8.472041301794496,10.160616469277324,8.549512376011275,2701.499692397192,2931.406534370035,2932.8083819756284,2716.2630414131854,1,,0.6523705872880621,0.6523705872880616,0.6523705872880621,0.6523705872880621,0.8239875812570948,0.8046318789116947,0.8094764481394621,0.76874685944142,-0.3253334964586718,-0.32331603540325804,-0.33625847598027603,0.3946560642085287,0.5605340178911207,0.5653285888396882,0.31232373914363853,False,False,False
lfm25,183,cap128_chunk2048_polfcfs_mem0.9,128,2048,fcfs,0.9,0,shared_prefix,22.679865120062622,5806.045470736031,59079.985519085625,53273.94004834959,496.0851715877652,1005.2593645406888,1095.5308413365856,567.6258767853142,8.670879529752568,10.59239425258163,8.76191947877398,2785.719169536605,3093.2936403900385,3095.1043916260824,2801.915343872679,1,,0.6018057829112069,0.6018057829112069,0.6018057829112069,0.6018057829112067,0.8226923962575968,0.7893915852432071,0.7778519376665579,0.7551648696554094,-0.35643898266935636,-0.37955066113735025,-0.3694569531497418,0.3757844167656844,0.5362644820203022,0.541274703841948,0.29063914741189,False,False,False
lfm25,184,cap128_chunk8192_pollpm_mem0.75,128,8192,lpm,0.75,0,shared_prefix,21.8333244506764,5589.331059373159,56874.7867569284,51285.45569755524,597.4678806960583,1189.1619296977296,1287.38282521721,645.8625696031959,8.764082303855057,11.07080301525546,8.894865608282785,2899.066214449704,3223.8006182713434,3224.5981031330302,2914.053299715306,1,,0.542017343583459,0.542017343583459,0.542017343583459,0.5420173435834588,0.7864568338130049,0.7508627944817016,0.7389488371185987,0.7214188907154102,-0.37101926551745046,-0.44185849344634187,-0.39023596189220244,0.35038595143506535,0.5166993427145747,0.5220824461196093,0.2622491833332221,False,False,False
lfm25,185,cap128_chunk8192_pollpm_mem0.8,128,8192,lpm,0.8,0,shared_prefix,21.79918962492705,5580.5925439813245,56785.86713592129,51205.27459193997,648.5650120303035,1250.7241449551657,1288.769527003169,682.682509694132,8.531568741754572,10.875666293991255,8.765462475803718,2903.989734593779,3223.4454835765064,3225.794951072894,2917.87544102408,1,,0.5396065108472621,0.5396065108472619,0.5396065108472619,0.5396065108472619,0.7681940224373114,0.7379651075546974,0.7386676463906323,0.70553727713835,-0.33464573979261436,-0.41644393783096745,-0.3700107110254125,0.3492827038313916,0.5167525832377222,0.5219050613350587,0.26128153189313374,False,False,False
lfm25,186,cap128_chunk8192_pollpm_mem0.85,128,8192,lpm,0.85,0,shared_prefix,21.12986154367311,5409.244555180316,55042.29885900859,49633.05430382828,633.2828574813902,1220.5591453704983,1329.6436076611285,698.4158176128403,8.89172216457333,11.146810780662824,9.004269058912577,2976.539408322424,3277.688894281164,3279.1330733476207,2994.5044276355475,1,,0.492334025515371,0.492334025515371,0.4923340255153712,0.4923340255153712,0.7736560728235715,0.7442848723514857,0.7303793376774348,0.6987510000277217,-0.39098675350141665,-0.4517577249627429,-0.4073353333856857,0.33302599088084717,0.5086206051313895,0.5139998203993454,0.2418813728574425,False,False,False
lfm25,187,cap128_chunk8192_pollpm_mem0.9,128,8192,lpm,0.9,0,shared_prefix,21.62734983409421,5536.601557528118,56338.23253579194,50801.63097826383,532.6393954455853,1325.3089488251137,1360.0789245869964,643.921308532299,8.589485568889215,11.476134916073551,9.007638773290832,2928.30878472887,3298.733976669609,3300.717874513939,2940.869195721461,1,,0.5274700202097229,0.5274700202097227,0.5274700202097227,0.5274700202097227,0.809627418285872,0.7223391031004406,0.7242077663930182,0.7222562184813988,-0.34370602506222103,-0.4946488143520589,-0.40786200779722415,0.34383336413132926,0.5054656016571314,0.5108007378952719,0.2554602034679173,False,False,False
lfm25,188,cap128_chunk8192_polfcfs_mem0.75,128,8192,fcfs,0.75,0,shared_prefix,20.8129593609968,5328.11759641518,54216.78352792661,48888.66593151142,714.4834499340504,1338.739867391996,1362.0922972355038,763.6258593302045,8.60645535730702,11.565249381751258,8.966347183370232,3025.2290964126587,3419.240664993413,3420.523756146431,3050.044391089614,1,,0.4699522456352492,0.46995224563524873,0.46995224563524896,0.46995224563524873,0.7446338740262073,0.7195252377758523,0.7237995014535524,0.6706238308541331,-0.3463607133736637,-0.506255059088712,-0.40140827867310214,0.3221157518369745,0.48739966999122897,0.49304431304510143,0.22782032140039343,False,False,False
lfm25,189,cap128_chunk8192_polfcfs_mem0.8,128,8192,fcfs,0.8,0,shared_prefix,21.321075395504163,5458.195301249066,55540.40197987919,50082.20667863012,710.8998796902597,1292.6860748557374,1300.9423183603212,727.8502306653536,8.677301927487932,11.295245693558275,8.83853579718704,2963.80873513408,3288.5919178836048,3290.1788649801165,2981.676858948049,1,,0.5058388436443275,0.5058388436443275,0.505838843644328,0.5058388436443277,0.7459146908882301,0.7291738086638553,0.7361992886674654,0.6860549996319288,-0.35744367782404773,-0.4710898492528557,-0.3814318121095486,0.335878641886063,0.5069860628325907,0.5123627240701794,0.2451289281701664,False,False,False
lfm25,190,cap128_chunk8192_polfcfs_mem0.85,128,8192,fcfs,0.85,0,shared_prefix,21.63771276536956,5539.254467934607,56365.227486001815,50825.97301806721,720.4701188020408,1148.181759356521,1175.6494705518708,706.9773191542481,8.614385272284933,10.79764219055719,8.75487805125315,2927.122345659882,3139.07298380509,3141.186846513301,2939.4712222238013,1,,0.5282019206490285,0.5282019206490283,0.528201920649028,0.528201920649028,0.7424941569530579,0.7594484083207418,0.7616057512832766,0.695058151566148,-0.34760123871695625,-0.4062820989765572,-0.36835640299040073,0.3440992178338558,0.5294014066063972,0.534444825075008,0.25581412839086826,False,False,False
lfm25,191,cap128_chunk8192_polfcfs_mem0.9,128,8192,fcfs,0.9,0,shared_prefix,21.311013517868904,5455.61946057444,55514.191260289845,50058.571799715406,727.5533976498991,1292.0449063647538,1292.5648905755952,732.9036056689802,8.678182461025084,11.24280132554179,8.831548034404655,2973.8954161293805,3266.2348043639213,3268.0571917723864,2984.948354442168,1,,0.5051282056534145,0.5051282056534145,0.5051282056534143,0.5051282056534143,0.7399624965223837,0.7293081376581838,0.7378980353202249,0.6838753179466963,-0.3575814250976943,-0.46425950845880526,-0.38033964955858224,0.3336184487089354,0.5103377613209612,0.5156413763577026,0.24430068372016145,False,False,False
lfm25,0,cap8_chunk-1_pollpm_mem0.75,8,-1,lpm,0.75,0,tool_agent,5.230076874663045,1084.273387270769,15030.53487740351,13946.261490132742,230.2624995354563,1030.9474281501025,1752.989036445505,330.5509153800085,3.506584498126291,10.410530932963711,4.982556360638359,517.6332746632397,2382.506241463123,3650.13262990862,966.8398984079248,1,,-0.004388275714789391,-0.004388275714789502,-0.00438827571478928,-0.004388275714789502,0.2979840119390814,-0.9264216890858279,-2.1946117071296305,-0.011121178987888447,-0.04533461492861868,0.7248286026479709,0.3659196484608317,0.06871107144703559,-0.11407877471048011,-0.3864867511465242,-0.054396569945284856,False,False,True
lfm25,1,cap8_chunk-1_pollpm_mem0.8,8,-1,lpm,0.8,0,tool_agent,5.22346953244497,1082.9035861188288,15011.546267859962,13928.642681741134,225.39471904747188,1037.6042208401482,1731.3894259231158,324.7321723215282,3.487199544906616,10.80434923700016,5.036473108191126,515.294142300263,2412.0114270132017,3652.3033596063024,961.2028220575304,1,,-0.00564606743302376,-0.005646067433023871,-0.005646067433023649,-0.005646067433023871,0.3128247251938676,-0.9388605288051943,-2.1552490144888483,0.006677756267681634,-0.03955583999245915,0.7144191880155832,0.3590582006883217,0.07291947183141456,-0.12787563299071292,-0.387311293230693,-0.0482490019992754,False,False,False
lfm25,2,cap8_chunk-1_pollpm_mem0.85,8,-1,lpm,0.85,0,tool_agent,5.222977189486973,1082.801516038492,15010.13134066498,13927.329824626488,236.8096045684069,1045.5627053510389,1754.4572944147503,331.51017763186246,3.574094300415786,11.569252202957212,5.230285200736504,522.536450298503,2431.065048347225,3725.176614988595,972.8666203888132,1,,-0.005739791183763554,-0.005739791183763332,-0.005739791183763332,-0.005739791183763665,0.27802343469390256,-0.9537317014328262,-2.197287430708112,-0.014055463341444474,-0.06545970622982789,0.6942012549114553,0.3343936648800463,0.05988962698552547,-0.13678525712524214,-0.41499187729292064,-0.06096906968916849,False,False,False
lfm25,3,cap8_chunk-1_pollpm_mem0.9,8,-1,lpm,0.9,0,tool_agent,5.224622070598175,1083.1425245660607,15014.858506919623,13931.715982353564,226.85775556601584,1025.8815795183175,1710.1985183684149,325.0130807212554,3.459879825243004,10.70393725328714,4.963606920261099,514.0020542312413,2393.745888257398,3662.878445144742,957.8834922728128,1,,-0.005426667121036566,-0.005426667121036677,-0.005426667121036566,-0.005426667121036788,0.3083642723228751,-0.9169556771327185,-2.1166311338566817,0.00581848642722993,-0.031411661904128474,0.7170732799199367,0.36833115511448533,0.07524410467921228,-0.1193345225069915,-0.39132819274583586,-0.044629074909706024,False,False,True
lfm25,4,cap8_chunk-1_polfcfs_mem0.75,8,-1,fcfs,0.75,0,tool_agent,5.226380233325458,1083.5070180718674,15019.911229245869,13936.404211174,255.56172337383032,1437.1383551275353,1754.76008425001,355.5562130967155,3.5294071971149434,11.516042102716469,5.145986540228538,519.2093418445438,2368.609339953397,3633.69981097523,992.156193763949,1,,-0.005091978460347146,-0.005091978460347146,-0.005091978460346924,-0.005091978460347257,0.22085265248671138,-1.6854274252398889,-2.1978392287698285,-0.08760980731067991,-0.05213820322705631,0.6956077055267766,0.3451215162921122,0.0658755236017795,-0.10758047357834122,-0.3802448174840465,-0.08200549985298644,False,False,True
lfm25,5,cap8_chunk-1_polfcfs_mem0.8,8,-1,fcfs,0.8,0,tool_agent,5.225820228720235,1083.3909207171355,15018.30185161108,13934.910930893944,236.65325436741117,1378.2813291298214,1751.0728443460532,346.4602025761269,3.517846542668376,11.548470949198588,5.152592846401837,518.9078149851412,2356.639927159992,3623.318779971449,983.5094076907262,1,,-0.005198582467128454,-0.005198582467128676,-0.005198582467128232,-0.005198582467128565,0.27850010953699245,-1.575447567546722,-2.1911196774667236,-0.05978604868913573,-0.04869190034438442,0.6947505454973353,0.34428079746475837,0.06641800925633046,-0.10198348142494762,-0.37630162872645245,-0.07257566396012582,False,False,True
lfm25,6,cap8_chunk-1_polfcfs_mem0.85,8,-1,fcfs,0.85,0,tool_agent,5.22656377999109,1083.545070048853,15020.438717584097,13936.893647535242,236.026612110436,1418.8208907144135,1731.6307683056214,348.3019092469476,3.528252418618649,11.536637076029647,5.170923241189531,525.2082110382617,2400.968332216142,3663.949033529497,987.471630082,1,,-0.005057038015562898,-0.005057038015562787,-0.005057038015562565,-0.005057038015562898,0.2804105938063748,-1.6511995298390403,-2.155688831957497,-0.06541963956335639,-0.051793956586087875,0.695063338709992,0.34194807058129495,0.05508278531117905,-0.1227117944636984,-0.39173485101332783,-0.07689670377819602,False,False,False
lfm25,7,cap8_chunk-1_polfcfs_mem0.9,8,-1,fcfs,0.9,0,tool_agent,5.226653758278752,1083.5637238975596,15020.697303035766,13937.133579138206,238.76187577843663,1422.9633939918126,1732.9863270465278,349.10191123140976,3.603084944188595,12.109321402483864,5.234958238243884,526.5988414175808,2403.762624273075,3690.324340118095,987.9929977981374,1,,-0.005039909502871032,-0.005039909502870921,-0.00503990950287081,-0.005039909502871143,0.27207142077397695,-1.6589401846414003,-2.1581591747453692,-0.06786676317453177,-0.07410199717161903,0.6799261331854367,0.33379897391200364,0.05258086215561697,-0.12401842754477665,-0.4017533946801737,-0.07746528636615135,False,False,False
lfm25,8,cap8_chunk2048_pollpm_mem0.75,8,2048,lpm,0.75,0,tool_agent,5.22612272151079,1083.4536320100094,15019.171175054606,13935.717543044597,166.3213379215449,980.3048348519912,1938.6192935286083,287.4577616504393,4.055847921832042,20.19551792182028,7.147446617234022,461.1147611867637,2615.221037901935,3771.009918637571,957.8169508627616,1,,-0.005140999113000921,-0.005140999113001032,-0.005140999113000921,-0.005140999113001143,0.4929255149572096,-0.8317912671485128,-2.5329005270515226,0.12069633649306721,-0.20907345248425857,0.46619159747185146,0.09041561487072736,0.17039515636827018,-0.2228980553325255,-0.43240145516685446,-0.04455650753362561,False,False,True
lfm25,9,cap8_chunk2048_pollpm_mem0.8,8,2048,lpm,0.8,0,tool_agent,5.201433719700885,1078.335231599789,14948.218316868186,13869.883085268397,177.96987714245915,1031.7834816640216,1896.7432010779148,295.46806713333353,4.15731565133387,19.465290429070592,7.394032418445152,465.4150321148336,2662.107356963678,3845.686909859068,988.6871941806749,1,,-0.009840864956640827,-0.009840864956640938,-0.009840864956640716,-0.009840864956640938,0.4574118694998115,-0.9279839332686766,-2.4565863845152482,0.09619363767401856,-0.2393216127676201,0.4854929876563381,0.05903509447125743,0.16265841512478063,-0.24482246920474826,-0.4607671803176916,-0.07822234892203195,False,False,False
lfm25,10,cap8_chunk2048_pollpm_mem0.85,8,2048,lpm,0.85,0,tool_agent,5.197767775474638,1077.5752263725244,14937.68288806442,13860.107661691894,155.44050768949091,973.7667616689544,1890.660692038945,285.9486295329407,4.179173252175833,16.03509909473359,7.171924851802879,463.0663814023137,2744.8297217022623,3940.859853248112,982.000232974533,1,,-0.010538724116208709,-0.01053872411620893,-0.010538724116208598,-0.01053872411620893,0.5260985969904927,-0.8195742659312608,-2.4455017432650012,0.12531261608841926,-0.24583749931522947,0.5761598853133651,0.08730051361405222,0.1668839402458826,-0.2835041016576898,-0.4969182023368097,-0.07092981892743477,False,False,True
lfm25,11,cap8_chunk2048_pollpm_mem0.9,8,2048,lpm,0.9,0,tool_agent,5.206265909120765,1079.3370169493712,14962.105376915346,13882.768359965976,161.93473618477583,1025.6593014346408,1918.633413198403,296.1982104671188,4.173675925648284,15.675737013054244,7.171840680375524,469.8126974981278,2774.391585937701,4016.337858610786,996.2935101077892,1,,-0.008920996175417861,-0.008920996175418083,-0.00892099617541775,-0.008920996175417972,0.5062992278226581,-0.9165403297447614,-2.4964786636212604,0.09396020447466291,-0.24419871213873812,0.5856585522697186,0.08731122527376733,0.15474644871263876,-0.2973274633397771,-0.5255881891698455,-0.08651749006864384,False,False,True
lfm25,12,cap8_chunk2048_polfcfs_mem0.75,8,2048,fcfs,0.75,0,tool_agent,5.197586845965625,1077.5377169713636,14937.162921081,13859.625204109638,206.6450009588152,1544.606908713467,1886.362862102687,349.6618631435558,3.896747948601842,20.513646071776744,7.238180167010346,529.2323350440711,2510.719857038926,3750.938621135427,1030.2827419224195,1,,-0.01057316635190797,-0.01057316635190797,-0.010573166351907859,-0.010573166351908081,0.3699881881825302,-1.8862424686355626,-2.437669465056655,-0.06957959835738015,-0.1616447624468127,0.45778282676416815,0.07886885915451158,0.04784286794656867,-0.17403247609267303,-0.4247774614968658,-0.12358477442403215,False,False,False
lfm25,13,cap8_chunk2048_polfcfs_mem0.8,8,2048,fcfs,0.8,0,tool_agent,5.194581050008674,1076.9145703825482,14928.524669283175,13851.610098900628,213.3977208286524,1526.9837786676346,1894.4583526765923,353.7572281085886,3.89814400476032,33.97003747522829,7.854587683169452,520.6268944311887,2510.2815486025024,3764.3129359418513,1038.0365371191874,1,,-0.011145357883173501,-0.011145357883173612,-0.011145357883173501,-0.011145357883173723,0.3494007398525324,-1.8533120019377707,-2.452422523076228,-0.08210689766033075,-0.16206093545722244,0.10210317414634884,0.0004248103073699605,0.06332516392785237,-0.1738275195988357,-0.42985763588089454,-0.1320407505096206,False,False,False
lfm25,14,cap8_chunk2048_polfcfs_mem0.85,8,2048,fcfs,0.85,0,tool_agent,5.224450071637678,1083.1068666015651,15014.364205127016,13931.25733852545,224.7636758256704,1542.2894145129244,1876.470644255168,359.3617346417159,3.884189346525152,19.704166901133508,7.357093491081454,545.3698972705752,2513.7885562842675,3760.9821700863527,1035.7695001061074,1,,-0.005459409313119057,-0.005459409313119168,-0.005459409313118835,-0.005459409313119168,0.3147486269657839,-1.8819120139776886,-2.4196420876526075,-0.09925050546703207,-0.15790096517830432,0.4791789991541817,0.06373594406591265,0.018809315099420076,-0.17546742414683036,-0.4285924591878669,-0.12956841144452147,False,False,False
lfm25,15,cap8_chunk2048_polfcfs_mem0.9,8,2048,fcfs,0.9,0,tool_agent,5.1972284735724985,1077.4634209986823,14936.133007203429,13858.669586204744,198.34706839174032,1505.5602030828588,1872.261196202598,342.5650086114183,3.8820642262234895,18.27769692548934,7.384446143445549,526.9807241857052,2485.857523651789,3709.912975342011,1019.233806070406,1,,-0.010641387099863953,-0.010641387099864286,-0.010641387099863842,-0.010641387099864286,0.3952866251476903,-1.8132800473129485,-2.411970874798612,-0.04787105184377882,-0.1572674536192924,0.5168834869470031,0.060255044268457514,0.05189380587201409,-0.16240665222940587,-0.40919405121644914,-0.11153525093716299,False,False,False
lfm25,16,cap8_chunk8192_pollpm_mem0.75,8,8192,lpm,0.75,0,tool_agent,5.22914449992505,1084.0800920019617,15027.855358277102,13943.77526627514,207.6500109396875,1037.0292380219323,1702.2347117541349,309.80703781126067,3.6811781666563967,9.64366720492641,4.85661272391499,495.03096379339695,2439.748501894064,3678.127534086816,941.4643390313722,1,,-0.004565765117492515,-0.004565765117492515,-0.004565765117492404,-0.004565765117492626,0.3669241500688273,-0.9377861196339621,-2.1021180540174136,0.052332204343329636,-0.09738207175146574,0.7450983626613092,0.38194724146079195,0.10937553971656688,-0.14084570872841473,-0.39712049180149256,-0.026723009088789107,False,False,True
lfm25,17,cap8_chunk8192_pollpm_mem0.8,8,8192,lpm,0.8,0,tool_agent,5.223378333167439,1082.8846791406077,15011.284173448244,13928.399494307634,207.4256199412048,1033.452604920603,1698.125158455222,312.46382125420496,3.691488083097197,9.149775696232131,4.597783354743124,486.8745631538332,2431.5108201932157,3682.0537819666783,944.2926588468254,1,,-0.0056634283766832105,-0.0056634283766832105,-0.0056634283766828775,-0.0056634283766833216,0.3676082652366449,-0.9311028461787225,-2.094628887338767,0.04420537763629406,-0.10045552186748274,0.758152914582132,0.4148858788818709,0.1240499549527393,-0.13699370356846186,-0.39861185971030255,-0.029807460523853635,False,False,True
lfm25,18,cap8_chunk8192_pollpm_mem0.85,8,8192,lpm,0.85,0,tool_agent,5.225092583622587,1083.2400689737167,15016.210697832526,13932.97062885881,215.13576060533524,1041.8747250689194,1725.8578345039853,314.9415562301874,3.6521130241453648,8.972509453694023,4.540137300153222,490.057552466169,2429.1577325901007,3670.701360572129,945.7291898783296,1,,-0.00533709897610124,-0.00533709897610124,-0.005337098976101018,-0.005337098976101351,0.3441018669853537,-0.9468403653565103,-2.1451683543482445,0.036626241734477594,-0.08871757227317012,0.7628384200550665,0.42222191843939005,0.11832334723377214,-0.135893381181875,-0.39429969260492004,-0.03137408328604252,False,False,True
lfm25,19,cap8_chunk8192_pollpm_mem0.9,8,8192,lpm,0.9,0,tool_agent,5.225434175885312,1083.3108861736634,15017.19238788064,13933.881501706976,229.8923395574093,1085.6961401412254,1744.454969111829,334.3859633104876,3.851559323852905,13.97680907696485,5.73129060594721,529.8796140123159,2427.4880215059948,3690.185833335853,981.2540398817508,1,,-0.005272072539617811,-0.005272072539617811,-0.005272072539617811,-0.0052720725396180335,0.29911254230444073,-1.028724777826699,-2.179059395707949,-0.022852195314021495,-0.14817375278589484,0.6305646552518294,0.27063569397807197,0.04667832971783192,-0.1351126110641192,-0.40170078349093963,-0.07011605085803452,False,False,False
lfm25,20,cap8_chunk8192_polfcfs_mem0.75,8,8192,fcfs,0.75,0,tool_agent,5.227658758725742,1083.7720755652272,15023.585538645351,13939.813463080123,226.49799450300637,1447.8944924892855,1746.5052250912406,346.18230503518134,3.640945085680497,11.617044322576271,5.296256065089987,521.5994666796178,2410.710104508323,3701.5276647405694,988.1694572325796,1,,-0.004848594871764478,-0.004848594871764478,-0.004848594871764478,-0.004848594871764811,0.30946109885183204,-1.7055262738704564,-2.1827957406697642,-0.05893598875535622,-0.08538834046342547,0.6929380124867727,0.32599820964926196,0.06157538119263484,-0.1272671242881931,-0.4060089280354764,-0.07765772590315922,False,False,False
lfm25,21,cap8_chunk8192_polfcfs_mem0.8,8,8192,fcfs,0.8,0,tool_agent,5.228033267941117,1083.8497169432128,15024.6618275716,13940.812110628389,205.69883496500552,1417.6201586145903,1730.0492271501564,327.93055246351287,3.620024916848966,12.546539591515764,5.303923919119393,471.7132530640811,2398.221372044643,3647.555610802956,963.4587650024332,1,,-0.004777302274233675,-0.004777302274233564,-0.0047773022742334526,-0.004777302274233564,0.3728728248748009,-1.648955849611784,-2.1528066633953937,-0.0031057589172549527,-0.07915190821961815,0.6683695717767688,0.32502239819293277,0.15132710447163444,-0.12142729414685438,-0.3855078818259472,-0.05070924232139573,False,False,False
lfm25,22,cap8_chunk8192_polfcfs_mem0.85,8,8192,fcfs,0.85,0,tool_agent,5.228399294540036,1083.9255997475675,15025.7137386033,13941.788138855734,205.4961305111647,1412.3670613626011,1711.89595200587,325.6794870365411,3.622404647169895,11.3863892154768,5.14592647721049,468.3992783538997,2379.485315433701,3615.3648164588953,958.9805535716004,1,,-0.004707624450748904,-0.004707624450749126,-0.004707624450749015,-0.004707624450749015,0.3734908228889565,-1.639139946099354,-2.119724502530159,0.003780018197843682,-0.07986132060651241,0.6990346936777362,0.3451291599145506,0.15728937179130054,-0.11266616579018507,-0.3732803508312612,-0.04582548568295408,False,False,True
lfm25,23,cap8_chunk8192_polfcfs_mem0.9,8,8192,fcfs,0.9,0,tool_agent,5.228015332129004,1083.8459985803245,15024.61028246892,13940.764283888597,198.98261898197237,1411.9755533756684,1722.4412880279117,325.8801754238084,3.651094100994352,10.309262793069998,5.223005865014128,469.4067188538611,2396.196582424453,3630.3385306289415,960.3712317324243,1,,-0.0047807165844344635,-0.0047807165844345745,-0.0047807165844343524,-0.0047807165844345745,0.3933489814737765,-1.638408376809899,-2.1389421092642773,0.003166133106920266,-0.08841382495429762,0.7275053244925368,0.33532003347875994,0.15547685658079702,-0.1204804864953779,-0.37896804999652245,-0.0473421031550767,False,False,True
lfm25,24,cap16_chunk-1_pollpm_mem0.75,16,-1,lpm,0.75,0,tool_agent,5.248368816119208,1088.0655811137535,15083.103447736426,13995.037866622672,319.4527660962194,470.8426349097863,569.1830168943845,314.53537301858887,3.381881352868818,22.87837611511346,6.830401680027356,502.8929694090039,2109.2408656142643,2572.6901820814164,912.7645693183875,1,,-0.0009061717591246632,-0.0009061717591247742,-0.0009061717591245522,-0.0009061717591249963,0.02606395013401297,0.12018650100898243,-0.037267599207081004,0.0378687143118851,-0.008159832915590748,0.39527822689549996,0.13076276815650778,0.09523077904444943,0.0137022777788246,0.022775001918239335,0.0045758013899889205,False,False,True
lfm25,25,cap16_chunk-1_pollpm_mem0.8,16,-1,lpm,0.8,0,tool_agent,5.252480462117046,1088.9179870037954,15094.919763262003,14006.00177625821,322.188843972981,486.7787271272391,562.9730227310204,316.734058004804,3.3684228280825272,24.080884177237703,6.906042388508465,506.2691639177501,2116.238045296632,2552.1294607128875,910.1493793935516,1,,-0.00012346759250148054,-0.00012346759250159156,-0.00012346759250148054,-0.00012346759250159156,0.01772229477136622,0.09040842227410517,-0.025950631648792077,0.03114316356600666,-0.004147763098792501,0.3634935056442461,0.1211367281174488,0.08915657029370361,0.010430341180591718,0.03058490108132661,0.007427821968621573,False,False,False
lfm25,26,cap16_chunk-1_pollpm_mem0.85,16,-1,lpm,0.85,0,tool_agent,5.251389075531868,1088.6917261938893,15091.783265553391,14003.091539359502,325.1202383544296,484.6784443128854,573.4834952885278,318.0242074094713,3.374500063193195,25.849205581471303,7.038248206908214,497.61320487596095,2121.003380068578,2559.8039269726646,914.1018539224752,1,,-0.00033122692491105443,-0.00033122692491116545,-0.00033122692491105443,-0.0003312269249112765,0.008785165506980719,0.09433299714214216,-0.04510470391142363,0.027196729517811602,-0.005959424625168186,0.3167531928875039,0.10431220958943421,0.10472975543500007,0.008202032926274527,0.02766978898262773,0.0031174127757906955,False,False,False
lfm25,27,cap16_chunk-1_pollpm_mem0.9,16,-1,lpm,0.9,0,tool_agent,5.251122832248982,1088.6365299676977,15091.01811830122,14002.381588333525,322.4463404621929,477.7127516688778,557.825594483874,315.0893106823787,3.3262477178747454,22.6062283851206,6.788444374760612,487.8053027205169,2094.96855859179,2534.02567890472,901.9131131377072,1,,-0.0003819097237123259,-0.0003819097237124369,-0.0003819097237123259,-0.0003819097237123259,0.016937248779678393,0.10734904531542311,-0.016570062690250964,0.03617427609484647,0.008424899163354871,0.4024716420662092,0.13610225675383592,0.12237543459972944,0.02037612149984891,0.03746154260854151,0.016409961517908522,False,False,True
lfm25,28,cap16_chunk-1_polfcfs_mem0.75,16,-1,fcfs,0.75,0,tool_agent,5.254289489769049,1089.2930255714705,15100.11866451513,14010.82563894366,312.1820674277842,472.118347370997,571.3187690312036,316.6718865395524,3.311747032747572,24.80976707302031,6.946525107625212,502.2536010947079,2105.010375846177,2557.365726749405,907.497330151964,1,,0.0002209038542386743,0.0002209038542386743,0.00022090385423889636,0.0002209038542386743,0.04823059350804104,0.11780271296391875,-0.041159750634133685,0.031333339669958216,0.012747643449629531,0.3442276558782731,0.11598489542136659,0.0963810849878971,0.015680488276339055,0.028595928564102757,0.01032003983040053,False,False,True
lfm25,29,cap16_chunk-1_polfcfs_mem0.8,16,-1,fcfs,0.8,0,tool_agent,5.253322905471648,1089.0926381478546,15097.340831733278,14008.248193585425,312.89338739588857,472.0138969598338,564.8620967660092,315.2670356677845,3.3373013397471776,22.516000270843485,6.926557714571446,496.9910730142146,2111.559594911523,2549.467692282044,905.4803512967192,1,,3.69022263344565e-05,3.6902226334234456e-05,3.6902226334678545e-05,3.69022263344565e-05,0.046061946892792416,0.11799788832592517,-0.029393241900392164,0.03563063368329078,0.005129745839726252,0.40485655369520757,0.11852594677943507,0.1058490507803801,0.012618021607982755,0.031595962058603155,0.012519675561325938,False,False,True
lfm25,30,cap16_chunk-1_polfcfs_mem0.85,16,-1,fcfs,0.85,0,tool_agent,5.252709916336072,1088.9655563052129,15095.579183711165,14006.613627405952,326.7593621276319,478.8875964470208,566.1172874178731,321.79185699205846,3.363232921670984,25.06001857109365,7.00670987878614,515.2067195158452,2113.495636708103,2584.2942190403046,913.8822363852524,1,,-7.978806041741837e-05,-7.978806041741837e-05,-7.978806041741837e-05,-7.978806041764042e-05,0.003787864176889144,0.10515373796984384,-0.03168067591609747,0.01567187779087198,-0.0026006197679744325,0.3376130024222964,0.10832577867629567,0.07307675668000668,0.011712713141215692,0.01836725975252096,0.003356918797758568,False,False,False
lfm25,31,cap16_chunk-1_polfcfs_mem0.9,16,-1,fcfs,0.9,0,tool_agent,5.246909248092097,1087.762990768213,15078.908846268192,13991.14585549998,317.88304913789034,473.63267878536135,581.5101712383323,315.9944393974729,3.338518897416415,21.96348961442707,6.910882030215322,496.5838857460767,2106.8315136944875,2540.556070231825,907.8791116783397,1,,-0.0011840191168228653,-0.0011840191168229763,-0.0011840191168228653,-0.0011840191168229763,0.030849646474930603,0.11497304308799683,-0.05973235555411449,0.033405580650486044,0.004766784337442265,0.41946052830101666,0.12052083509132061,0.10658163311854463,0.014828909805183033,0.03498100231785628,0.00990368430706945,False,False,True
lfm25,32,cap16_chunk2048_pollpm_mem0.75,16,2048,lpm,0.75,0,tool_agent,5.273091974552411,1093.1910627043333,15154.154467447066,14060.963404742732,178.08880540542305,558.2715020515025,692.8444217890493,227.5150066264905,6.400108083405279,167.04186820425085,32.1596312620892,633.9366862084717,2265.99960133899,2827.966070934189,971.5322432806717,1,,0.0038001962326543737,0.0038001962326543737,0.0038001962326545957,0.0038001962326541516,0.45704928530915345,-0.043182514049546095,-0.26262563829535,0.30405504558004526,-0.9079119646034106,-3.415254571168318,-3.0926361530254676,-0.14053374496373094,-0.05959934770364095,-0.07419041651105807,-0.059513851872697865,False,False,False
lfm25,33,cap16_chunk2048_pollpm_mem0.8,16,2048,lpm,0.8,0,tool_agent,5.276222503682788,1093.8400683509972,15163.151185546334,14069.311117195335,175.15188409015536,547.7467708289622,683.5528174554921,222.4166308506392,6.121998751592455,165.8110267017036,31.80586240230231,625.4897164180875,2237.320291879587,2791.315631004972,961.9952275813556,1,,0.004396132311628387,0.004396132311628387,0.004396132311628387,0.004396132311628165,0.46600326488965105,-0.02351606943240281,-0.2456928067916313,0.31965045156909144,-0.8250058457193641,-3.3827209397564593,-3.047615511663662,-0.12533655840202096,-0.04618867561975448,-0.06026890884605507,-0.049113167480761,False,False,False
lfm25,34,cap16_chunk2048_pollpm_mem0.85,16,2048,lpm,0.85,0,tool_agent,5.275023983183246,1093.5915970736346,15159.70679943092,14066.115202357283,175.15017185360193,556.13826054614,707.7573358966029,215.3418150660582,5.852461179816409,158.74601085670292,29.207209621922868,612.9788942635059,2238.256816216744,2777.8905224380933,941.3441510265692,1,,0.004167978674552764,0.0041679786745525416,0.004167978674552764,0.0041679786745525416,0.4660084850945836,-0.03919635278489042,-0.2898026308520232,0.34129158382553626,-0.7446550217332708,-3.1959782755348547,-2.716910839353618,-0.10282797804223454,-0.046626601811874835,-0.055169440676552606,-0.026591936901737778,False,False,False
lfm25,35,cap16_chunk2048_pollpm_mem0.9,16,2048,lpm,0.9,0,tool_agent,5.235587904993595,1085.4159065237473,15046.37283458442,13960.956928060672,175.1475587952882,586.8208195082843,772.8929489664732,223.244016780518,6.211493220744711,164.12966218777,31.28144183733308,627.2738818079233,2255.1425436977297,3061.805592360902,974.0767201548442,1,,-0.0033391809229769143,-0.0033391809229770253,-0.0033391809229768032,-0.0033391809229770253,0.46601645169234773,-0.09652958379880361,-0.4085044525622141,0.31711956329145563,-0.8516847027380678,-3.338279073559966,-2.980877726454253,-0.1285465017259746,-0.05452250162305794,-0.163013325491409,-0.062288755652372796,False,False,False
lfm25,36,cap16_chunk2048_polfcfs_mem0.75,16,2048,fcfs,0.75,0,tool_agent,5.233575841695608,1084.9987756211249,15040.590436294548,13955.591660673424,196.34245545603332,570.493139885366,679.563052966259,236.43929385812956,4.08018748941166,110.6271111406386,18.51168995730125,577.976091299206,2209.941389830782,2689.662075252266,933.2883955375293,1,,-0.003722202790052087,-0.003722202790052309,-0.003722202790052087,-0.003722202790052198,0.4013982166294954,-0.06601978737351488,-0.23842194081300616,0.27675657079921523,-0.21632922872948068,-1.924098391677472,-1.3557985150830936,-0.03985342740079689,-0.03338608433306023,-0.021656254855564327,-0.017806655109014358,False,False,False
lfm25,37,cap16_chunk2048_polfcfs_mem0.8,16,2048,fcfs,0.8,0,tool_agent,5.242541146253948,1086.8574177356372,15066.355511279102,13979.498093543463,197.28526356630027,547.0374017255381,654.9443730246269,235.15644104685637,4.214075179673912,109.43205216899511,18.446275200194982,558.838153956458,2187.4845231883223,2818.69568901136,931.9515094324016,1,,-0.0020155429179358197,-0.0020155429179359308,-0.0020155429179357087,-0.002015542917936042,0.3985238173312329,-0.022190546918751552,-0.19355735722434542,0.28068068532030577,-0.25624198064484416,-1.8925105649602036,-1.347473830086158,-0.0054218132928423035,-0.022885075757525852,-0.07066910289939576,-0.016348701081697836,False,False,False
lfm25,38,cap16_chunk2048_polfcfs_mem0.85,16,2048,fcfs,0.85,0,tool_agent,5.2437269768693335,1087.103258209666,15069.763428380587,13982.66017017092,179.62555191479623,559.4158889958635,673.622617698274,237.24120788741857,4.153270999708603,114.70551495440304,19.032125730156384,577.6666500605643,2211.3365173107013,2686.7626615567065,933.267527197022,1,,-0.0017898049618813028,-0.0017898049618814138,-0.0017898049618811918,-0.0017898049618815248,0.4523641080816273,-0.04532090808412792,-0.22759621192480362,0.2743035984399964,-0.23811587700067127,-2.031898856766712,-1.422029195464853,-0.03929670275867991,-0.03403845698432306,-0.02055492537453496,-0.017783896939137955,False,False,False
lfm25,39,cap16_chunk2048_polfcfs_mem0.9,16,2048,fcfs,0.9,0,tool_agent,5.244488974326619,1087.261231712523,15071.95330620317,13984.692074490646,191.6289208456874,560.5207929620519,674.9754723953077,235.11591804912317,4.250054717837757,115.91789475642142,19.21018213363603,574.4014109950513,2201.107741612941,2792.861665259109,935.5249528004788,1,,-0.0016447490438652457,-0.0016447490438652457,-0.0016447490438651347,-0.0016447490438653567,0.4157686706262037,-0.04738552448134015,-0.23006162691790166,0.28080464099350977,-0.2669677044059309,-2.0639445080779653,-1.44468866155822,-0.03342211714057175,-0.029255400513020335,-0.06085616312624631,-0.020245754188834564,False,False,False
lfm25,40,cap16_chunk8192_pollpm_mem0.75,16,8192,lpm,0.75,0,tool_agent,5.257998116014765,1090.061879421601,15110.776755680772,14020.714876259171,231.93819704465568,461.54632836114615,582.4936245102429,248.3664438757114,3.867790234558608,64.36884012073278,11.53279645288069,466.67333669029176,2096.6710814274848,2578.6816163547264,866.6085915989242,1,,0.0009268880796549084,0.0009268880796549084,0.0009268880796551304,0.0009268880796549084,0.29287520592427185,0.13755751923425275,-0.06152458087357848,0.24027264827285166,-0.15301228806190292,-0.7013986890780934,-0.4676642068400738,0.16039456313297407,0.01958000834736351,0.020499182083024925,0.054911647759187776,False,False,False
lfm25,41,cap16_chunk8192_pollpm_mem0.8,16,8192,lpm,0.8,0,tool_agent,5.257894024278415,1090.0402996432797,15110.477610082888,14020.437310439607,233.86969859711823,461.9960308307782,576.2323667295269,253.5650539933704,4.002060201999389,69.87674189731477,11.966350825046398,471.6604824643582,2092.2531800810248,2591.121133812696,874.9731343053281,1,,0.0009070728923079585,0.0009070728923079585,0.0009070728923079585,0.0009070728923077365,0.2869865137858266,0.1367172081112219,-0.05011419153755048,0.2243706357637566,-0.19303899917814293,-0.8469836777880129,-0.5228383561755274,0.15142204557700867,0.02164585398218266,0.015774086341349802,0.045789615090370384,False,False,False
lfm25,42,cap16_chunk8192_pollpm_mem0.85,16,8192,lpm,0.85,0,tool_agent,5.245903380101614,1087.554459245766,15076.018117455726,13988.46365820996,227.60773915797472,444.03478282038105,570.6967898970463,251.57114406116307,3.784218145166199,66.21259483508763,11.648574544883887,504.29140077903867,2096.315783192404,2568.683316484087,874.2204705625772,1,,-0.0013754988958790682,-0.0013754988958791792,-0.0013754988958789571,-0.0013754988958792902,0.3060777494483268,0.17027947984836123,-0.040026268460395587,0.2304698007263809,-0.12809892922783672,-0.7501328568540091,-0.48239813215156113,0.09271482090187866,0.019746148614073755,0.024296992110815263,0.04661043978946022,True,False,True
lfm25,43,cap16_chunk8192_pollpm_mem0.9,16,8192,lpm,0.9,0,tool_agent,5.244348232557337,1087.2320538326244,15071.548833358393,13984.316779525769,232.7682543545961,462.41637901402976,592.6794647006311,253.8767329254188,3.942589863742653,65.77054657973349,11.972457676108212,513.9953950420022,2101.597339706495,2691.0532753774837,882.8052865923382,1,,-0.001671541031622148,-0.001671541031622148,-0.001671541031621926,-0.001671541031622148,0.29034455719180086,0.13593174821765908,-0.08008704968692948,0.22341724203657198,-0.1753105220305089,-0.7384486270192301,-0.5236155143224301,0.07525608541830908,0.017276450987523506,-0.022184696076029242,0.037248185924785515,False,False,False
lfm25,44,cap16_chunk8192_polfcfs_mem0.75,16,8192,fcfs,0.75,0,tool_agent,5.258081260872904,1090.0791165978662,15111.01570277851,14020.936586180644,222.81772084534168,451.4714719494804,542.4001889489584,249.06134941149503,3.5304902772867925,35.96065901219845,9.598694685773914,476.2404076755047,2082.807141612284,2565.170593769283,863.3044109260663,1,,0.0009427157620316429,0.0009427157620316429,0.0009427157620318649,0.0009427157620316429,0.32068138419283354,0.15638333069263533,0.01154088386135077,0.23814700386548715,-0.052461076152257924,0.049487019076610905,-0.22153032703334952,0.14318217026080882,0.026062896330269036,0.02563128431286299,0.058515053838806286,True,False,True
lfm25,45,cap16_chunk8192_polfcfs_mem0.8,16,8192,fcfs,0.8,0,tool_agent,5.258158083909861,1090.0950431657727,15111.236481815611,14021.14143864984,223.672210238874,467.6213158527389,553.0437040422105,252.66433471115303,3.516371635039552,26.456743478775014,9.684118633172949,475.49963369965553,2084.944667527452,2722.9181034769813,873.1073196325451,1,,0.0009573400052544923,0.0009573400052542702,0.0009573400052544923,0.0009573400052542702,0.3180762478067596,0.12620583694165632,-0.007855642423182374,0.22712584320744422,-0.048252221220993485,0.300694736962261,-0.23240138250691045,0.14451491804970873,0.025063372295016095,-0.034288410233018984,0.04782439726513954,True,False,True
lfm25,46,cap16_chunk8192_polfcfs_mem0.85,16,8192,fcfs,0.85,0,tool_agent,5.257006900134805,1089.8563855014472,15107.928135055912,14018.071749554463,227.27673850022256,456.5033643273636,572.2739793406793,254.3155180010945,3.554187444669585,32.29855243116612,9.637595374938362,489.9004807230085,2147.5140374852344,2571.749103134492,870.9164815815166,1,,0.0007381975163927024,0.0007381975163927024,0.0007381975163927024,0.0007381975163924803,0.3070868922929909,0.14698076917570757,-0.04290050655101574,0.22207504371735254,-0.05952534890947403,0.1462839059639014,-0.2264808305249646,0.11860593952942589,-0.0041945602987574215,0.023132466598016266,0.050213636817741714,False,False,True
lfm25,47,cap16_chunk8192_polfcfs_mem0.9,16,8192,fcfs,0.9,0,tool_agent,5.252675538346753,1088.958429232357,15095.480386010891,14006.521956778532,235.0682383403182,455.13808103278274,562.8872248344117,256.2236453965306,3.652505436411468,32.64029594138262,9.716038353806738,483.1651120912284,2093.623745534569,2715.8060339325984,875.6213594065048,1,,-8.633234839705572e-05,-8.633234839716675e-05,-8.63323483969447e-05,-8.633234839738879e-05,0.28333244912592637,0.1495319287000555,-0.025794275300146996,0.2162382786927739,-0.08883455280659214,0.13725093350094075,-0.23646348762234792,0.1307237351649181,0.02100496672884744,-0.03158692204168001,0.04508268695846507,False,False,True
lfm25,48,cap24_chunk-1_pollpm_mem0.75,24,-1,lpm,0.75,0,tool_agent,5.247858289223231,1087.9597412303142,15081.63626235852,13993.676521128207,315.38474606350064,540.5953421490267,545.7335652969778,323.42023723293096,3.304003970697522,36.26608857885003,7.552522596013234,551.2089931871742,2087.5082909595217,2639.026561346831,912.3464808380232,1,,-0.0010033570539833558,-0.0010033570539833558,-0.0010033570539832448,-0.0010033570539833558,0.03846638261208546,-0.010152956104986455,0.005466206333849533,0.01069083047748387,0.015055898331490347,0.04141389762014214,0.03886562718699782,0.008304029512002487,0.02386460168853699,-0.002422578634561079,0.005031751811931273,False,False,False
lfm25,49,cap24_chunk-1_pollpm_mem0.8,24,-1,lpm,0.8,0,tool_agent,5.254341987734429,1089.303909187163,15100.269536580405,14010.96562739324,328.45672545954585,536.9809162337333,550.010230219923,325.4689378547482,3.3621221082285047,40.18618520349264,7.708451916729753,547.3223563749343,2109.4087438657875,2641.318730921479,912.5907096895388,1,,0.00023089751037130846,0.00023089751037130846,0.0002308975103715305,0.00023089751037130846,-0.001386995815319425,-0.00339906324227357,-0.0023275011830063974,0.004424066442830776,-0.0022694793825732695,-0.062202188139932835,0.01902205466340945,0.015296589708021946,0.013623776579750002,-0.0032932491194062052,0.004765405683949009,False,False,False
lfm25,50,cap24_chunk-1_pollpm_mem0.85,24,-1,lpm,0.85,0,tool_agent,5.246493578683047,1087.676816264676,15077.714268501955,13990.03745223728,330.0003067124635,534.884006739594,557.1300917677581,327.3845094302669,3.356846682727337,38.48344245925546,7.6936333094145875,532.0271078962833,2131.869889725931,2630.584920863614,921.667956202291,1,,-0.0012631470812857204,-0.0012631470812857204,-0.0012631470812856094,-0.0012631470812858314,-0.0060930105619907415,0.000519208261452131,-0.015302592630227485,-0.001435469561319902,-0.0006968422800608387,-0.017195252059547084,0.0209078713116565,0.04281471163884509,0.00312076700815922,0.0007839412031070969,-0.005133872990166655,False,False,False
lfm25,51,cap24_chunk-1_pollpm_mem0.9,24,-1,lpm,0.9,0,tool_agent,5.242532093487878,1086.8555409614394,15066.32949485154,13979.4739538901,324.9712635297328,535.1448073517531,546.1653088219464,322.1355679212138,3.290912675622262,38.21403202600776,7.514509284547667,546.7074250336736,2096.67241461575,2621.4347085962017,909.0257749287412,1,,-0.0020172662272203157,-0.0020172662272204267,-0.0020172662272202047,-0.0020172662272205377,0.009239354569319125,3.187792619763208e-05,0.00467940568041314,0.014620501486198756,0.01895849469091826,-0.010074189180491855,0.04370320295185415,0.01640293038967311,0.019579384937979283,0.004259608902136169,0.008653179647408082,False,False,False
lfm25,52,cap24_chunk-1_polfcfs_mem0.75,24,-1,fcfs,0.75,0,tool_agent,5.253392592325351,1089.1070852779303,15097.541102343095,14008.434017065165,311.1963320989162,535.0567312678322,541.729175131768,317.49990795506164,3.3057070458712783,37.68733320757746,7.413171061120267,505.3815336432308,2092.656697053462,2534.055735468858,899.5401260233484,1,,5.016800621460149e-05,5.016800621460149e-05,5.016800621460149e-05,5.0168006214379446e-05,0.05123586775920186,0.00019645632633924492,0.012763725848080498,0.028800507507280915,0.014548201046025278,0.0038475263193600284,0.05659950992447971,0.09075353147794363,0.02145716625226024,0.03745012575546025,0.018997845487141007,False,False,False
lfm25,53,cap24_chunk-1_polfcfs_mem0.8,24,-1,fcfs,0.8,0,tool_agent,5.2491380881710965,1088.2250627491908,15085.314231761828,13997.089169012635,313.1772470660508,551.3919936027378,554.0575644001365,322.8981052734889,3.344961457736211,39.68653175979853,7.572670867911722,507.3888781480491,2134.317241190001,2555.81062688026,912.4064838490448,1,,-0.0007597310294031878,-0.0007597310294032988,-0.0007597310294030768,-0.0007597310294034099,0.04519652578765532,-0.03032750910547244,-0.009703281000199793,0.012287978323259341,0.0028462170975407375,-0.04899533661829558,0.036301557178833765,0.08714206018227566,0.0019763660941441996,0.02918662637809799,0.004966314949931938,False,False,False
lfm25,54,cap24_chunk-1_polfcfs_mem0.85,24,-1,fcfs,0.85,0,tool_agent,5.248178734288843,1088.0261742990915,15082.557178217008,13994.531003917917,316.17182842455804,534.6847463632002,557.1559501811862,320.2403971483,3.262221477925777,33.73583727516227,7.510387243178888,504.2807958088815,2098.313295119442,2570.5640827398684,909.3719273502938,1,,-0.0009423562557238085,-0.0009423562557239196,-0.0009423562557235865,-0.0009423562557238085,0.03606675435087148,0.0008915449106149387,-0.015349716479006625,0.02041763353797066,0.02751151889778447,0.1082935593176021,0.044227774125965125,0.09273390060903508,0.018812096227802777,0.023582591358832228,0.008275679787747348,False,False,False
lfm25,55,cap24_chunk-1_polfcfs_mem0.9,24,-1,fcfs,0.9,0,tool_agent,5.252747252949115,1088.9732967451455,15095.686484096608,14006.713187351465,312.0249605271965,543.4629294788465,619.0461601130664,322.147437511012,3.352047146662421,37.100871512666345,8.126346857084657,500.3079159650952,2124.67700021807,2685.2957132039533,922.6060675410554,1,,-7.268056074172247e-05,-7.268056074205553e-05,-7.268056074161144e-05,-7.268056074172247e-05,0.04870957534950349,-0.01551131122249716,-0.1281371812574501,0.014584193634450515,0.000733929226211294,0.01934889556952457,-0.0341592746598236,0.09988162312628723,0.0064842190697261826,-0.019997711524538664,-0.0061569393524969485,False,False,False
lfm25,56,cap24_chunk2048_pollpm_mem0.75,24,2048,lpm,0.75,0,tool_agent,5.274726114617546,1093.5298444519365,15158.850765385354,14065.320920933416,163.56212040409446,566.4393938612186,666.8125258572397,213.9574977988377,5.091633780726364,149.00561016984284,30.64268281129549,665.7269818242639,2198.0595759581765,2780.9702389221584,931.1703733494504,1,,0.004111275600503506,0.0041112756005032836,0.004111275600503728,0.0041112756005032836,0.5013377176202389,-0.05844498379989749,-0.21518563851579398,0.34552606765903626,-0.5178476492943904,-2.938519776536964,-2.899589223432314,-0.1977285811374181,-0.02783005412832873,-0.05633925737511758,-0.015496825597576258,False,False,False
lfm25,57,cap24_chunk2048_pollpm_mem0.8,24,2048,lpm,0.8,0,tool_agent,5.237248672594739,1085.7602085589783,15051.14565646648,13965.385447907502,179.8509401269257,595.7329058321192,698.3478329004718,223.40865834616125,6.039244082889386,163.1086126435548,32.05554649567528,707.2072431910783,2256.195622845553,2885.73196664452,977.193632486742,1,,-0.003023032664617342,-0.003023032664617342,-0.00302303266461712,-0.0030230326646174532,0.4516769526448776,-0.1131826505997433,-0.272654943214077,0.31661594171239493,-0.8003361650690068,-3.3112906681024015,-3.079390320866099,-0.2723569136949211,-0.05501492976711164,-0.09613253675464262,-0.0656879344378003,False,False,False
lfm25,58,cap24_chunk2048_pollpm_mem0.85,24,2048,lpm,0.85,0,tool_agent,5.273313370520748,1093.236961409509,15154.79072957161,14061.5537681621,169.97072705999017,569.6351891150695,680.6269509764386,212.698521851562,5.395251774014189,151.47828902117908,30.893003596620165,669.677997706458,2174.09795266576,2861.187777593727,935.6038667471148,1,,0.003842341774119351,0.003842341774119351,0.003842341774119573,0.003842341774119129,0.48179938922239385,-0.06441662611917942,-0.24036076699380393,0.34937714531423913,-0.6083580585739952,-3.003877681825979,-2.931445058081798,-0.2048369675718451,-0.01662540943396884,-0.08680953499363198,-0.020331814553938177,False,False,False
lfm25,59,cap24_chunk2048_pollpm_mem0.9,24,2048,lpm,0.9,0,tool_agent,5.24951859523585,1088.30394757132,15086.407757697476,13998.103810126157,163.70899905450642,574.5284828590227,649.0231592673806,210.75559478951615,5.97513688262552,156.02588923648,30.96151038617496,653.5658577922732,2295.149176823906,2755.7191975740648,953.3763763378374,1,,-0.0006872966648764356,-0.0006872966648768797,-0.0006872966648763246,-0.0006872966648765466,0.500889919298315,-0.07356020312614087,-0.18276665722791452,0.3553203589320407,-0.7812254105619394,-3.124079957185483,-2.9401632352702967,-0.17584915273876955,-0.07322991990294936,-0.04674776089224553,-0.03971379618568016,False,False,False
lfm25,60,cap24_chunk2048_polfcfs_mem0.75,24,2048,fcfs,0.75,0,tool_agent,5.233686086000929,1085.0216309192826,15040.90726354506,13955.885632625776,196.04587112553415,546.4169718790797,640.3752597142009,237.0637534395792,3.880238044075668,114.24774071201682,19.24992853392474,603.2429717015475,2177.0051988540213,2689.51110712252,931.115155403968,1,,-0.0037012163828648026,-0.0037012163828646916,-0.0037012163828645805,-0.0037012163828649136,0.40230243221926276,-0.02103121572480493,-0.16700690027547682,0.2748464133050218,-0.15672305738035885,-2.019798957274523,-1.449746790286392,-0.08531179943663836,-0.017984860760824617,-0.021598910278541883,-0.015436607134920788,False,False,False
lfm25,61,cap24_chunk2048_polfcfs_mem0.8,24,2048,fcfs,0.8,0,tool_agent,5.244057936591778,1087.1718711245244,15070.71456194333,13983.542690818806,187.7309854608029,536.6248524049295,630.6440856168047,234.649054761976,4.024180123346976,110.75950833037494,19.091828579036616,596.1640330497175,2193.930100183934,2673.4580541076075,925.5127848195845,1,,-0.0017268025648174978,-0.0017268025648176089,-0.0017268025648173868,-0.0017268025648176089,0.42765255517595835,-0.0027337246772050072,-0.1492730057391518,0.28223272766749075,-0.1996330850975001,-1.9275979172962732,-1.4296269827583252,-0.07257587708573499,-0.025899078573805356,-0.015501229022179874,-0.009326887896540681,False,False,False
lfm25,62,cap24_chunk2048_polfcfs_mem0.85,24,2048,fcfs,0.85,0,tool_agent,5.230816827834313,1084.4267906624705,15032.661402924055,13948.234612261587,200.6911605130881,565.2295113308354,641.1344616627318,241.27594258869067,3.9255330339074135,111.5303948055952,19.54236199285818,623.0557058006525,2194.4334849249567,2688.348842165427,936.5521311713384,1,,-0.004247416207292298,-0.00424741620729252,-0.004247416207292409,-0.004247416207292409,0.3881400417917653,-0.05618420513734401,-0.16839045452620427,0.2619617608644944,-0.17022577513299364,-1.9479740066573323,-1.4869618857155533,-0.12095745981823636,-0.02613446526271579,-0.021157429070125744,-0.021365953461474962,False,False,False
lfm25,63,cap24_chunk2048_polfcfs_mem0.9,24,2048,fcfs,0.9,0,tool_agent,5.24253221750342,1086.8555666717216,15066.329851255468,13979.474284583746,194.33013908565044,547.8158982004969,644.9078853568062,238.31496156286448,3.9021921499321857,113.94552034325898,19.443246486164703,606.1575748026371,2217.387759429402,2685.934072942466,933.3677938277832,1,,-0.002017242619282822,-0.002017242619282822,-0.0020172426192826,-0.002017242619282822,0.40753329406457717,-0.02364524039126814,-0.17526706542246706,0.2710190966227459,-0.16326771267210738,-2.0118106614119156,-1.474348441776681,-0.09055554579536462,-0.036868065691219254,-0.02024018965058283,-0.017893243679719006,False,False,False
lfm25,64,cap24_chunk8192_pollpm_mem0.75,24,8192,lpm,0.75,0,tool_agent,5.2571529231154726,1089.8866582556843,15108.34778538925,14018.461127133563,226.7245033290237,532.7143841888756,579.0222823247313,258.0251547694206,3.820322901640393,70.80388227477668,13.37879882075788,506.32942328229547,2075.9362827520818,2582.2440960723843,877.9375114780851,1,,0.0007659948499789682,0.0007659948499789682,0.0007659948499791902,0.0007659948499789682,0.3087705269279545,0.00457335091190092,-0.055198477198809215,0.21072764720963255,-0.13886198134484973,-0.8714898739513486,-0.7025865530502711,0.08904815593591475,0.029275764312298724,0.0191459899032973,0.04255678499293036,False,False,False
lfm25,65,cap24_chunk8192_pollpm_mem0.8,24,8192,lpm,0.8,0,tool_agent,5.209967984177863,1080.1045126398335,14972.744640849312,13892.64012820948,262.12249882519245,546.6356906108558,579.1567315068096,277.4255956313573,3.815361886824432,75.6751130335033,15.13112948395426,520.8357577212155,2182.975381729193,2565.516679454587,918.8757560029626,1,,-0.008216259052166941,-0.008216259052167274,-0.008216259052167052,-0.008216259052167274,0.20085039736385923,-0.021439912130846617,-0.05544349466449283,0.15138369829133957,-0.13738307202010103,-1.0002463594115372,-0.9255882338160195,0.06294939196900828,-0.020776565523908275,0.025499825194500003,-0.0020888121506001944,False,False,False
lfm25,66,cap24_chunk8192_pollpm_mem0.85,24,8192,lpm,0.85,0,tool_agent,5.224362987083463,1083.0888126672082,15014.11393587462,13931.02512320741,250.85447821766135,551.2117099016905,567.4042943958187,271.4986695931293,3.903842492339512,78.34172723814844,13.818758896465503,564.5625060424209,2196.144241467118,2757.3105238983344,923.0854084482417,1,,-0.005475986966805291,-0.005475986966805291,-0.005475986966804847,-0.005475986966805291,0.23520393142279394,-0.029990632148992447,-0.034026091359903976,0.16951355413112024,-0.16375968999242696,-1.0707303684996385,-0.7585758925129857,-0.015720659950767324,-0.02693442856151007,-0.0473522191651512,-0.006679689198881844,False,False,False
lfm25,67,cap24_chunk8192_pollpm_mem0.9,24,8192,lpm,0.9,0,tool_agent,5.254849133186649,1089.4090480465902,15101.727004145449,14012.31795609886,273.47451518289745,545.7258281996474,587.3061362700537,280.3625044086948,4.001321503892541,71.480232803151,16.134874043965635,510.6238678563386,2188.5237658862025,2576.391495899289,925.8971192711032,1,,0.0003274391043572855,0.0003274391043572855,0.0003274391043572855,0.00032743910435706347,0.16624078009697618,-0.019739749120419425,-0.07029480481049721,0.14239999705999518,-0.19281878868514535,-0.8893671869520947,-1.0533248126725003,0.08132189705371173,-0.023371033868078595,0.021369074218991813,-0.009746027536992496,False,False,False
lfm25,68,cap24_chunk8192_polfcfs_mem0.75,24,8192,fcfs,0.75,0,tool_agent,5.213939530979572,1080.92787386503,14984.158330198608,13903.230456333578,229.7527510672808,506.8479775683954,561.5919502032921,258.82468502037227,3.4518625546732675,36.444729939103055,10.759121861845305,554.9478519242257,2241.301806061528,2697.2009063698297,884.8160662385635,1,,-0.007460224551319672,-0.007460224551319672,-0.007460224551319561,-0.007460224551319783,0.29953811464912194,0.05290715084369646,-0.023433793052686447,0.20828196658264253,-0.02902166375970272,0.036692045003572704,-0.3692063428134664,0.0015773411059974984,-0.0480504631626848,-0.024519846544805324,0.035055310801006545,False,False,False
lfm25,69,cap24_chunk8192_polfcfs_mem0.8,24,8192,fcfs,0.8,0,tool_agent,5.25209339013553,1088.8377411759473,15093.807370641844,14004.969629465895,230.89828598313036,531.030760332942,562.5509546790272,264.3948562769219,3.377839432735192,30.313172191381437,10.371685444401049,553.2958114054054,2079.970899154431,2674.40889042336,877.4448933778331,1,,-0.00019715167252087884,-0.00019715167252098986,-0.00019715167252076782,-0.00019715167252110088,0.2960456491915211,0.0077193595480080646,-0.025181463381295677,0.19124338684792253,-0.006954911423262766,0.1987615229437234,-0.3199011665162421,0.004549574770263298,0.02738914575083129,-0.01586239999539263,0.04309401441018346,False,False,False
lfm25,70,cap24_chunk8192_polfcfs_mem0.85,24,8192,fcfs,0.85,0,tool_agent,5.255671321509364,1089.5795000187138,15104.089862389508,14014.510362370793,222.35288540832696,523.5164382727817,547.6564919296652,258.6647236836143,3.3471295186741785,53.378765657544,9.947062236683836,489.46715076453984,2071.6791967162862,2546.7194861546104,860.4738457105123,1,,0.0004839531199791747,0.0004839531199791747,0.0004839531199793967,0.00048395311997895263,0.32209855767640105,0.0217605730960585,0.001961903794005626,0.2087712718239524,0.0021999046681828727,-0.4109087835668497,-0.2658635975791346,0.11938555593448552,0.031266411435088015,0.03263985601299946,0.061601954016592964,False,False,False
lfm25,71,cap24_chunk8192_polfcfs_mem0.9,24,8192,fcfs,0.9,0,tool_agent,5.222643751553805,1082.732389353377,15009.173085059176,13926.440695705798,229.9762463662773,500.7438097381964,534.4189306208864,254.68915534904227,3.410571847449649,37.01947517693042,9.798689419341056,514.6196142304689,2133.436078415252,2652.033219691361,872.1654019225389,1,,-0.00580326533979203,-0.005803265339792252,-0.005803265339791919,-0.005803265339792141,0.2988567302575318,0.06431335932807636,0.026085767350288447,0.22093212558222486,-0.016712647519314006,0.02150036542135214,-0.24698166602231542,0.07413303470332655,0.0023884047815265763,-0.007363100336051254,0.048851614702314694,False,False,False
lfm25,72,cap32_chunk-1_pollpm_mem0.75,32,-1,lpm,0.75,0,tool_agent,5.2525509767895135,1088.9326057531182,15095.122412911196,14006.189807158078,322.4175185896456,541.7777522234246,547.6108009601012,328.4267504513264,3.334357161074877,38.00510894507169,7.691376321222617,570.1055498793721,2135.103392996825,2698.865319490427,923.6951951915398,1,,-0.00011004422677951542,-0.0001100442267794044,-0.00011004422677929337,-0.00011004422677962644,0.017025119863223748,-0.01236239991416399,0.002045170091309556,-0.004623577416933422,0.0060074237854125245,-0.004551929413870726,0.021195095732736702,-0.025693309717525148,0.0016087552873220723,-0.02515206651435742,-0.0073446980091207426,False,False,False
lfm25,73,cap32_chunk-1_pollpm_mem0.8,32,-1,lpm,0.8,0,tool_agent,5.249431230003952,1088.2858354482694,15086.156681815308,13997.87084636704,325.2906850539148,537.8979264292866,541.6146960947663,321.9862644583918,3.4001278690993786,37.59529497474431,7.5860554563786895,505.1135187968612,2150.0109335174784,2539.6669962629594,918.569442308508,1,,-0.000703927749133304,-0.000703927749133304,-0.000703927749133193,-0.000703927749133415,0.008265513768672461,-0.005112582556247247,0.012972350125941445,0.01507720538968671,-0.013599232715553633,0.006280283044409973,0.0345982338351406,0.09123572470494257,-0.0053621286449681005,0.03531871313650459,-0.0017547587987556401,False,False,False
lfm25,74,cap32_chunk-1_pollpm_mem0.85,32,-1,lpm,0.85,1,tool_agent,5.253129053314359,1089.0524496878663,15096.783726803267,14007.731277115405,328.0017883516848,535.1618672022596,548.7330533890054,326.9152325647883,3.3545091189444065,37.83289627172052,7.857925811048534,555.8245768770576,2138.5437866207208,2632.648762702005,916.9603979820386,1,,0.0,0.0,0.0,0.0,0.0,0.0,0.0,0.0,0.0,0.0,0.0,0.0,0.0,0.0,0.0,False,False,False
lfm25,75,cap32_chunk-1_pollpm_mem0.9,32,-1,lpm,0.9,0,tool_agent,5.253042631113631,1089.0345330693224,15096.535361065376,14007.500827996051,325.3541237208992,536.9053948670626,552.1278762212023,325.7257292140275,3.351912833750248,42.977646365761714,7.699483122128556,547.6691354997456,2157.795676169917,2620.98690440412,913.2770328456536,1,,-1.6451566266506568e-05,-1.6451566266728612e-05,-1.6451566266395545e-05,-1.6451566266839635e-05,0.008072104253122991,-0.003257944505496768,-0.006186656355454234,0.003638568143272569,0.0007739687394189287,-0.13598615493487376,0.020163423876718434,0.014672689399835348,-0.00900233592112576,0.004429705345849411,0.0040169293510285975,False,False,False
lfm25,76,cap32_chunk-1_polfcfs_mem0.75,32,-1,fcfs,0.75,0,tool_agent,5.253743373347521,1089.1798074455414,15098.549199645377,14009.369392199833,326.09768328256905,546.2625890271738,586.8408973468468,328.5069942707196,3.338043484836817,41.2055089138448,7.868613202953263,574.9881665688008,2108.9507388649504,2712.171938652167,919.7567483922468,1,,0.00011694364005299107,0.00011694364005299107,0.00011694364005321312,0.00011694364005276903,0.005805166729987987,-0.020742736927328087,-0.06944696282187723,-0.0048690349894167095,0.004908507779752602,-0.0891449763164247,-0.0013600779851727918,-0.034477765987634745,0.013837943342994485,-0.03020652700687032,-0.0030495868920425995,False,False,False
lfm25,77,cap32_chunk-1_polfcfs_mem0.8,32,-1,fcfs,0.8,0,tool_agent,5.250503684112744,1088.5081712718336,15089.238770142672,14000.73059887084,317.94715858995914,535.7932216487825,575.2467723982409,324.45632064249367,3.3329890220094534,39.66474286280572,7.538042322340873,509.7027823794633,2122.08029278554,2546.020485237232,913.6555646103808,1,,-0.00049977245465882,-0.00049977245465882,-0.000499772454658598,-0.00049977245465882,0.030654191894054716,-0.0011797448308930036,-0.04831806439485531,0.007521558120750282,0.006415274537016291,-0.04841941198285871,0.04070838748030592,0.08297904845577908,0.007698460016661968,0.03290536842288927,0.003604117886585656,False,False,False
lfm25,78,cap32_chunk-1_polfcfs_mem0.85,32,-1,fcfs,0.85,0,tool_agent,5.2546306713667335,1089.3637576343942,15101.099174367357,14011.73541673296,323.2438552659005,530.1405910169706,553.06671298109,322.1706219483167,3.32847011141982,37.63251113705336,7.500964443595736,555.2670701872557,2109.311823220923,2667.46428524609,912.508445638232,1,,0.0002858521154029958,0.0002858521154027738,0.0002858521154029958,0.00028585211540255173,0.014505814464288336,0.009382724168183865,-0.007897573447270378,0.014513274830444955,0.0077623898464108665,0.00529658457095028,0.04542692003415161,0.0010030263377956983,0.013669097440361266,-0.013224522403950445,0.004855119537990893,False,False,False
lfm25,79,cap32_chunk-1_polfcfs_mem0.9,32,-1,fcfs,0.9,0,tool_agent,5.253840973495231,1089.200041420164,15098.829689293874,14009.62964787371,308.66118147969246,533.9273952646181,562.1561155980453,317.1354181319475,3.353728362443772,34.94082591496406,7.448787395360498,498.9622237626463,2135.481869801878,2533.643023674369,910.2086547762156,1,,0.00013552307084929716,0.00013552307084929716,0.0001355230708495192,0.0001355230708490751,0.058964943359562594,0.002306726269745485,-0.024461916638952808,0.029915444306813144,0.00023274836136977228,0.07644327137909979,0.05206697359152612,0.10230269671394643,0.001431776537847318,0.037606892507005774,0.007363178628740807,False,False,False
lfm25,80,cap32_chunk2048_pollpm_mem0.75,32,2048,lpm,0.75,0,tool_agent,5.273864971436924,1093.351316553446,15156.375956138576,14063.02463958513,175.04563578404486,586.5592458983882,683.4877245454118,218.9774911548011,6.182038707525602,160.36294791847467,31.24482693254931,671.231581363827,2225.0528943724926,2748.107901634642,944.4170732982456,1,,0.00394734603169189,0.00394734603169189,0.00394734603169189,0.0039473460316916675,0.466327190886044,-0.09604080904498269,-0.24557418279098409,0.3301704254132485,-0.8429041294336859,-3.2387171938074273,-2.976218111988017,-0.20763206466182615,-0.04045234345585769,-0.0438566437606116,-0.029943141902999404,False,False,False
lfm25,81,cap32_chunk2048_pollpm_mem0.8,32,2048,lpm,0.8,0,tool_agent,5.232485679461388,1084.7727686375376,15037.457457205302,13952.684688567764,173.21981815621257,583.4005464101207,669.2073537781832,217.15192101430148,6.215995643287897,158.04000804200768,31.13755945461673,646.3591144420207,2240.0933905271813,2847.4966907594294,952.5773012591526,1,,-0.003929729051667996,-0.003929729051668107,-0.003929729051667774,-0.003929729051668107,0.4718936776939594,-0.09013848363308319,-0.2195499244033543,0.33575465630447143,-0.8530269028584248,-3.1773171926078536,-2.9625672478144516,-0.1628832932750801,-0.047485398494892195,-0.08160903615449122,-0.03884235715685924,False,False,False
lfm25,82,cap32_chunk2048_pollpm_mem0.85,32,2048,lpm,0.85,0,tool_agent,5.23782279015288,1085.8792317405444,15052.795592822707,13966.916361082163,174.9563121702522,572.8252200409767,661.8947795312849,215.00240413704887,5.925145196287256,153.5678489599377,30.88205138482908,648.9198608323932,2236.6750167682767,2911.6753122024197,958.1651411601342,1,,-0.0029137420775567913,-0.0029137420775569023,-0.0029137420775566802,-0.0029137420775569023,0.4665995174920713,-0.07037749725258835,-0.20622363723742643,0.3423298068729803,-0.7663225784140288,-3.0591089790481405,-2.930051279105712,-0.16749040583703323,-0.045886939870714905,-0.10598700193262278,-0.044936229818403506,False,False,False
lfm25,83,cap32_chunk2048_pollpm_mem0.9,32,2048,lpm,0.9,0,tool_agent,5.2715372873716735,1092.8687527314585,15149.686506372394,14056.817753640937,180.23711862042543,597.5320200435816,693.293164963834,220.9917762386613,5.190588174653905,154.5478102285415,30.16487608263532,663.0123767536134,2243.1938925758004,2759.84588716644,948.7888981122524,1,,0.0035042417329724795,0.0035042417329724795,0.0035042417329727016,0.0035042417329724795,0.4504995856084343,-0.11654446376641747,-0.26344341876622424,0.32400893496186367,-0.5473465686351371,-3.0850113382427846,-2.8387835171747726,-0.19284465699375608,-0.0489352177915634,-0.04831526569989042,-0.0347108775910705,False,False,False
lfm25,84,cap32_chunk2048_polfcfs_mem0.75,32,2048,fcfs,0.75,0,tool_agent,5.247103268712612,1087.803214153155,15079.46643533877,13991.663221185616,179.8049067147076,548.2941502705216,643.0096520110965,233.916210711468,3.903461987838933,116.57334086485204,19.62968687526921,605.5454378947616,2176.673690672032,2669.81185826938,925.3853375394827,1,,-0.0011470848213683826,-0.0011470848213686047,-0.0011470848213683826,-0.0011470848213686047,0.4518172976486333,-0.02453889911274043,-0.17180776342856263,0.2844744220809279,-0.16364625923785536,-2.0812692749613446,-1.4980748542661408,-0.08945423265927621,-0.01782984491122508,-0.014116237643958529,-0.009187899036845026,False,False,False
lfm25,85,cap32_chunk2048_polfcfs_mem0.8,32,2048,fcfs,0.8,0,tool_agent,5.242251913332558,1086.7974554125392,15065.52429490947,13978.72683949693,189.8306761868298,560.0041606463492,639.568252377212,237.8579344484024,3.9690546112357024,114.563144557178,19.623329653187778,623.8364311866462,2196.678904606959,2726.511119646015,934.4049581186846,1,,-0.0020706020871386066,-0.0020706020871386066,-0.0020706020871384956,-0.0020706020871387176,0.4212510939626567,-0.0464201486812974,-0.16553622645328825,0.2724170954583356,-0.18319982760538167,-2.028135719094076,-1.4972658338917695,-0.12236208533944004,-0.027184441277259053,-0.035653201548874414,-0.019024333193708776,False,False,False
lfm25,86,cap32_chunk2048_polfcfs_mem0.85,32,2048,fcfs,0.85,0,tool_agent,5.242544742271539,1086.858163244024,15066.365845748198,13979.507682504174,197.9125621728599,557.389398268424,641.7214132286607,239.29308887338263,3.9843515066119535,111.444339947775,19.727393362758605,617.4087857361883,2200.646912818773,2692.5517542753314,935.169393857941,1,,-0.0020148583702016554,-0.0020148583702018774,-0.0020148583702013223,-0.0020148583702015443,0.39661133200695453,-0.04153422063191159,-0.169460103169208,0.26802710599923074,-0.18775992711140543,-1.9456994026407077,-1.5105089863563181,-0.11079792333967364,-0.029039913321665667,-0.02275388666426026,-0.01985799595705018,False,False,False
lfm25,87,cap32_chunk2048_polfcfs_mem0.9,32,2048,fcfs,0.9,0,tool_agent,5.243556385361401,1087.0678920311989,15069.273171416644,13982.205279385444,187.0970230083913,540.2870157500729,622.154429629445,231.9985796418041,3.939901036210359,111.62192681804297,19.10876861577469,598.8108152523637,2196.7817340046163,2656.643342631862,921.616767765954,1,,-0.0018222792274478206,-0.0018222792274479316,-0.0018222792274475985,-0.0018222792274480426,0.42958535699267253,-0.009576819392246305,-0.13380162865529077,0.29034025786538886,-0.1745089658454,-1.9503933829533042,-1.4317827726124692,-0.0773377791547607,-0.027232525117440787,-0.00911423516490295,-0.005078048947547487,False,False,False
lfm25,88,cap32_chunk8192_pollpm_mem0.75,32,8192,lpm,0.75,0,tool_agent,5.247913580384901,1087.9712039174956,15081.795161692851,13993.823957775356,257.97248794697225,539.665603544563,587.9461864521727,264.6196948061697,3.9134480309887576,69.35731638222933,13.669849683793087,510.626420378685,2078.963080747053,2644.575585406268,887.9744700621814,1,,-0.0009928316773728518,-0.0009928316773729629,-0.0009928316773727408,-0.0009928316773730739,0.21350280056896176,-0.00841565256853638,-0.07146121929594895,0.19055562896192924,-0.16662316071456607,-0.8332542104124554,-0.7396256992618553,0.08131730473726406,0.027860409614439474,-0.004530350904851321,0.03161088306937432,False,False,False
lfm25,89,cap32_chunk8192_pollpm_mem0.8,32,8192,lpm,0.8,0,tool_agent,5.246918921521191,1087.764996215166,15078.936646397498,13991.171650182332,259.75192757323384,537.5222805421799,562.646309430711,281.5733316820115,3.583539693959449,80.03189414739609,14.967146784580716,572.0657468773425,2118.416798673569,2705.962441726581,914.5988337765448,1,,-0.0011821776564292508,-0.0011821776564290287,-0.0011821776564290287,-0.0011821776564293618,0.2080777093363686,-0.00441065308382349,-0.025355235949022115,0.13869620123556325,-0.06827543670148484,-1.1154048998151547,-0.9047197879542659,-0.029219956576114647,0.009411538857923563,-0.027847877036711433,0.0025754266058718445,False,False,False
lfm25,90,cap32_chunk8192_pollpm_mem0.85,32,8192,lpm,0.85,0,tool_agent,5.265668042868402,1091.651970307263,15132.819090018,14041.167119710735,263.5790803469717,540.7139292219653,592.2640760149807,279.57505783531815,4.02226936268179,82.29013201780609,16.458054651891416,518.3397463988513,2178.686527814716,2585.44302376452,923.804877998773,1,,0.0023869563124727655,0.0023869563124729876,0.0023869563124729876,0.0023869563124725435,0.19640962425375208,-0.010374547141654533,-0.07933005376134239,0.14480871496279468,-0.1990634754773044,-1.1750946960758228,-1.0944527916960967,0.06744003780620433,-0.01877106348962254,0.01793089135408843,-0.007464313651709631,False,False,False
lfm25,91,cap32_chunk8192_pollpm_mem0.9,32,8192,lpm,0.9,0,tool_agent,5.257507264520284,1089.9601185440226,15109.366114750586,14019.405996206564,235.1236802060157,511.0842530149966,542.9720304673538,251.43033631378785,3.619268264931937,48.30795344896615,11.42129636828177,506.3854607287794,2041.127682151273,2565.024132411921,857.8003470646217,1,,0.0008334482479852579,0.0008334482479852579,0.0008334482479854799,0.0008334482479852579,0.2831634199691766,0.04499127397311942,0.010498771462865597,0.23090051711200332,-0.07892634558431166,-0.27687695655158095,-0.45347470094754594,0.08894733735247118,0.04555254144381238,0.025686917012308852,0.06451756373297124,False,False,False
lfm25,92,cap32_chunk8192_polfcfs_mem0.75,32,8192,fcfs,0.75,0,tool_agent,5.256071775816984,1089.662520203498,15105.240714008274,14015.578193804777,231.94344760850072,530.5258755804971,540.5855047004297,259.6602898160927,3.3227638714015484,40.61951539479191,10.74019593926137,550.7230563089252,2053.221297636628,2703.379309922452,869.7112236614339,1,,0.0005601846961611479,0.0005601846961609258,0.0005601846961609258,0.0005601846961607038,0.29285919819495,0.008662783927410156,0.014847927673129813,0.20572593764154745,0.009463455431848011,-0.07365598190150568,-0.3667978290352727,0.009178292541138888,0.03989747112866804,-0.02686668583463181,0.051528042459179524,False,False,False
lfm25,93,cap32_chunk8192_polfcfs_mem0.8,32,8192,fcfs,0.8,0,tool_agent,5.255938604984399,1089.6349118923406,15104.85799901349,14015.223087121149,230.20661296322945,521.5502260020003,527.2937592631206,256.3326335628517,3.40306805446744,37.1896347496658,9.925126423162183,501.4368013944477,2116.481298487633,2571.5465295035333,867.5006378558464,1,,0.0005348339326001206,0.0005348339326001206,0.0005348339326003426,0.0005348339326001206,0.2981543969010284,0.025434624614453227,0.03907053528755833,0.215904895125829,-0.014475720232447697,0.017002703611025183,-0.26307204494182024,0.09785061284657781,0.010316594063266904,0.023209413296652603,0.05393881811585166,False,False,False
lfm25,94,cap32_chunk8192_polfcfs_mem0.85,32,8192,fcfs,0.85,0,tool_agent,5.26616354886399,1091.7546961327382,15134.243107356013,14042.488411223274,229.75894808769223,502.9883732553567,532.1109007624909,255.1269219792448,3.343115557182693,36.7802148219198,10.252663363372651,538.3265933487564,2049.167491262778,2606.11632933374,857.6432393467985,1,,0.0024812821876911695,0.0024812821876911695,0.0024812821876913915,0.0024812821876909474,0.29951922139722065,0.06011918247296055,0.0302918742070577,0.2195930425827327,0.003396491515664457,0.027824500726569723,-0.3047544110122582,0.03148112598153696,0.04179306307268693,0.01007822757982868,0.06468889906890174,False,False,False
lfm25,95,cap32_chunk8192_polfcfs_mem0.9,32,8192,fcfs,0.9,0,tool_agent,5.259371927795352,1090.3466912108936,15114.724905273592,14024.378214062695,223.38987584225836,515.1133571751416,524.3196417251602,252.81705038854847,3.3316851008038983,36.959749553352594,9.97328225995875,498.8611142616719,2087.438414013013,2554.926180038595,858.1258786842227,1,,0.0011884106439483677,0.0011884106439485898,0.0011884106439485898,0.0011884106439481457,0.3189370187130234,0.03746251602702644,0.04449050683764466,0.22665870169128632,0.006803981545797755,0.023079034502060836,-0.2692003589466252,0.10248460572837415,0.02389727670176145,0.02952257960292437,0.06416255208762933,False,False,False
lfm25,96,cap48_chunk-1_pollpm_mem0.75,48,-1,lpm,0.75,0,tool_agent,5.248617840599727,1088.1172076239325,15083.819110475137,13995.701902851204,329.4412735849619,793.7439674744383,832.3128865007311,351.31276769330725,3.290696460325485,38.19560520350933,7.610105951806328,576.9006120972335,2183.2085650879885,3056.2519326154124,941.0533679649234,1,,-0.00085876677858987,-0.00085876677858987,-0.000858766778589537,-0.00085876677858987,-0.004388650563495355,-0.48318483830696746,-0.5167901429671882,-0.07462954520996146,0.019022949813593648,-0.009587130976803637,0.0315375666812433,-0.03791850180248102,-0.020885603907996764,-0.16090379237625463,-0.026274820631192464,False,False,False
lfm25,97,cap48_chunk-1_pollpm_mem0.8,48,-1,lpm,0.8,0,tool_agent,5.2539160835425065,1089.2156128596148,15099.045545429886,14009.829932570272,324.168112128973,537.0058475527912,555.4585201432928,325.6423120899126,3.3746580593287945,39.818073622882345,7.867581076145444,547.4187687505037,2162.430626270361,2629.7320556594,913.5470405733212,1,,0.0001498212246757724,0.0001498212246757724,0.00014982122467599446,0.0001498212246757724,0.011687973538123897,-0.0034456497436405886,-0.012256354365297817,0.003893732527814997,-0.006006524254352996,-0.05247225422299251,-0.0012287294801553994,0.015123131427153824,-0.011169675271127222,0.001107898282493136,0.003722469821193175,False,False,False
lfm25,98,cap48_chunk-1_pollpm_mem0.85,48,-1,lpm,0.85,0,tool_agent,5.254178216042751,1089.269956858903,15099.798878847703,14010.5289219888,326.29394554533064,535.8145060716197,542.5912882294506,322.45838708011433,3.2729459965948835,38.03064050152896,7.398448260586077,513.6855544988066,2101.277922233566,2674.693710054266,907.6740621146746,1,,0.00019972148366131925,0.00019972148366131925,0.0001997214836615413,0.00019972148366131925,0.005206809435206572,-0.0012195167655946193,0.011192628403962401,0.013633030953339564,0.024314473282812,-0.005226780111895479,0.058473134197374876,0.07581352846074607,0.017425813125875322,-0.01597058747370017,0.010127303085062822,False,False,False
lfm25,99,cap48_chunk-1_pollpm_mem0.9,48,-1,lpm,0.9,0,tool_agent,5.253985402434186,1089.2299837056432,15099.24475856652,14010.014774860878,328.3535693772137,538.2003737380728,623.6066242866218,324.06794196693227,3.3888652881917856,39.77078879252076,7.856822374140484,505.9757351409644,2103.450776147656,2541.196355288841,913.1765219639057,1,,0.00016301695829978868,0.00016301695829956664,0.00016301695829978868,0.00016301695829956664,-0.0010724972790445708,-0.005677733639166016,-0.13644807877927745,0.008709568457602401,-0.010241787405899316,-0.051222420479839936,0.00014042343165143745,0.08968448645465199,0.016409769438725297,0.03473779286808565,0.0041265424618773805,False,False,False
lfm25,100,cap48_chunk-1_polfcfs_mem0.75,48,-1,fcfs,0.75,0,tool_agent,5.247934890964108,1087.975621920224,15081.856405420567,13993.880783500344,316.153796389699,542.0442951610312,555.7231950061396,323.21429919451475,3.308296639231905,37.53355601802468,7.459028985259827,509.5676565542817,2096.3974277023226,2570.225411844434,904.9212056281976,1,,-0.0009887749372868848,-0.0009887749372868848,-0.0009887749372866628,-0.0009887749372867738,0.03612172976716321,-0.012860460321569178,-0.012738692473439839,0.011320773710169929,0.01377622718373872,0.007912168593859126,0.050763628390057325,0.08322215721851278,0.01970797099506527,0.023711234002025905,0.01312945725937087,False,False,False
lfm25,101,cap48_chunk-1_polfcfs_mem0.8,48,-1,fcfs,0.8,0,tool_agent,5.253009558262164,1089.0276765711203,15096.440314155094,14007.412637583971,313.4673456661403,541.627010400407,545.1633567456156,327.21692404011264,3.28482105396688,38.32190800458192,7.580765005522712,557.761853095144,2092.2726344084367,2673.135318756098,913.1198919913732,1,,-2.274740463859004e-05,-2.2747404638923108e-05,-2.274740463847902e-05,-2.2747404638923108e-05,0.04431208365839945,-0.012080724719693015,0.006505342846295004,-0.0009228431265115855,0.02077444493561431,-0.012925569571762496,0.035271496854312856,-0.0034854094235472477,0.021636756984714678,-0.015378639424934004,0.004188300824241931,False,False,False
lfm25,102,cap48_chunk-1_polfcfs_mem0.85,48,-1,fcfs,0.85,0,tool_agent,5.254795969315888,1089.3980263787232,15101.574218358002,14012.17619197928,315.90588041581213,537.6979776658118,553.4180088853464,317.2585221193731,3.2723267460084062,38.6636679060757,7.540349268155541,504.2935030069202,2088.754934351891,2557.536155511619,901.4175948500632,1,,0.00031731868465656454,0.00031731868465656454,0.00031731868465656454,0.00031731868465656454,0.03687756702991929,-0.0047389595914419935,-0.008537767986467104,0.029538881898081848,0.024499075728213082,-0.021958975289348093,0.0404148054498642,0.092711038723168,0.023281661371781004,0.028531191951825186,0.01695035376247489,False,False,False
lfm25,103,cap48_chunk-1_polfcfs_mem0.9,48,-1,fcfs,0.9,0,tool_agent,5.254155506547684,1089.265248839933,15099.733614824658,14010.468365984723,316.8016897980124,529.9342408310622,532.4082799674943,313.7078646104783,3.320896739347113,33.773435233160804,7.586947321462326,503.21425683796406,2103.8761950330804,2561.607073908665,906.6355059784836,1,,0.00019539844212990154,0.00019539844212990154,0.00019539844212990154,0.0001953984421296795,0.034146455755490135,0.009768308789500635,0.02974993636830947,0.04039997723780764,0.010020059092243683,0.10729976921153928,0.03448473504359151,0.09465274158024561,0.016210840200948762,0.026984871586298143,0.011259910489348268,False,False,False
lfm25,104,cap48_chunk2048_pollpm_mem0.75,48,2048,lpm,0.75,0,tool_agent,5.276633557041751,1093.9252858781106,15164.332497407791,14070.40721152968,163.53712952695787,555.4895858280353,662.9521013563497,211.91363574936983,5.095012682991532,150.94863949343562,30.331885684705423,650.083500193432,2175.7892199326297,2786.5744143864085,927.1585011761636,1,,0.004474381552184159,0.004474381552184159,0.004474381552184159,0.004474381552183937,0.5014139089034091,-0.0379842434066644,-0.20815047911169415,0.3517780309996028,-0.5188549210427622,-2.9898779731084795,-2.8600371668128592,-0.16958394291590229,-0.017416259393389977,-0.05846797866283637,-0.01112163973119018,False,False,False
lfm25,105,cap48_chunk2048_pollpm_mem0.8,48,2048,lpm,0.8,0,tool_agent,5.273456002071242,1093.2665310693997,15155.200633392473,14061.93410232307,178.72263654135168,547.1466229762873,658.5891427937893,213.1826095446013,5.06970722760473,145.27590665966272,29.37698773532469,647.0159064047039,2175.181487947701,2756.1885836720407,927.3526224843226,1,,0.003869493505791244,0.003869493505791244,0.003869493505791688,0.003869493505791022,0.4551168838453876,-0.0223946370407182,-0.20019951181418127,0.3478963709580202,-0.5113112076440145,-2.839936166035856,-2.738516809871068,-0.16406494660601667,-0.017132079107379017,-0.04692605512755188,-0.01133334059481128,False,False,False
lfm25,106,cap48_chunk2048_pollpm_mem0.85,48,2048,lpm,0.85,0,tool_agent,5.274023949717342,1093.3842751356508,15156.832838254428,14063.448563118778,167.61818435043097,554.3096673442046,650.5576026067135,211.64698235224927,5.088315824312823,150.41741793975234,29.987138061609205,656.1342068016529,2217.6686894614245,2775.768352351146,928.9802529476584,1,,0.003977609571537144,0.003977609571537144,0.003977609571537366,0.003977609571537144,0.4889717364262963,-0.03577945536748839,-0.18556299568402923,0.35259369625639914,-0.516858545882865,-2.975836712564534,-2.8161645684470806,-0.18046994339147893,-0.03699943079759671,-0.054363343745958304,-0.013108368684266125,False,False,False
lfm25,107,cap48_chunk2048_pollpm_mem0.9,48,2048,lpm,0.9,0,tool_agent,5.251679790239172,1088.751995713434,15092.618740375698,14003.866744662264,178.84354759007692,585.5806303443385,660.9029181860385,218.61553781665864,5.86279896309688,156.2034161761403,30.73598544885079,661.5105627570301,2239.6109083900224,2852.542491066264,947.7697951276788,1,,-0.0002758856788930286,-0.0002758856788930286,-0.0002758856788930286,-0.00027588567889325066,0.45474825460914814,-0.09421217435700369,-0.20441608921544985,0.33127760336669765,-0.7477367791272482,-3.128772353410855,-2.911462921377402,-0.1901427001910878,-0.04725978602898073,-0.08352566110587878,-0.03359948500877752,False,False,False
lfm25,108,cap48_chunk2048_polfcfs_mem0.75,48,2048,fcfs,0.75,0,tool_agent,5.242822688434497,1086.915785652798,15067.164625497808,13980.24883984501,191.78687897510827,555.927203479223,641.2010561814532,236.28349878359583,3.856948111206293,115.5179664492607,19.751909690413825,614.9183043744415,2213.5939692612733,2675.215588863933,931.2316866219044,1,,-0.0019619477791733564,-0.0019619477791733564,-0.0019619477791731343,-0.0019619477791734674,0.4152870935890337,-0.0388019729161968,-0.16851181502801849,0.2772331318738138,-0.14978018376053592,-2.0533735936999493,-1.5136289353409151,-0.10631722661384746,-0.03509405938287813,-0.01616882083360016,-0.015563691377809441,False,False,False
lfm25,109,cap48_chunk2048_polfcfs_mem0.8,48,2048,fcfs,0.8,0,tool_agent,5.244940144429999,1087.3547660425054,15073.24990817232,13985.895142129815,186.5742146037519,548.1356156989932,623.9650566969067,229.716556686908,3.934107402241544,109.69125553965569,19.035920312301855,607.1914995554835,2153.2045884989197,2678.619016893202,917.9195609153248,1,,-0.0015588630702291217,-0.0015588630702291217,-0.0015588630702290107,-0.0015588630702292328,0.431179276365084,-0.02424266243885853,-0.13710127874248568,0.297320730867496,-0.1727818475805858,-1.8993618345219878,-1.4225120941631504,-0.09241570958778911,-0.006855506990280258,-0.017461597932272532,-0.0010460243816385884,False,False,False
lfm25,110,cap48_chunk2048_polfcfs_mem0.85,48,2048,fcfs,0.85,0,tool_agent,5.240627856491662,1086.460764068569,15060.85697479641,13974.396210727842,203.0528534669429,587.1112234424795,751.0520781204104,246.1942992825061,3.9844894210898105,116.5924227796495,20.561827947254283,661.5463609341532,2195.9526766091585,2891.97646560147,948.5173668083736,1,,-0.002379761984870443,-0.0023797619848705542,-0.002379761984870443,-0.0023797619848706653,0.380939797653698,-0.09707223070993987,-0.36870209199513626,0.2469170146921339,-0.18780104027370936,-2.081773648580018,-1.616699169944261,-0.1902071057222794,-0.02684485131779968,-0.09850448209175666,-0.03441475651051307,False,False,False
lfm25,111,cap48_chunk2048_polfcfs_mem0.9,48,2048,fcfs,0.9,0,tool_agent,5.243414900455205,1087.0385600878708,15068.8665628967,13981.828002808828,196.5241970028728,546.6362296836448,639.52993218787,237.51774791860956,3.9817161247214328,112.67959955148396,19.29885993324083,604.3416026514024,2187.1594632044425,2684.189195879729,929.7736912942491,1,,-0.0018492126807782006,-0.0018492126807783116,-0.0018492126807779785,-0.0018492126807783116,0.40084412956871207,-0.02144091943876969,-0.16546639251654005,0.2734576909886324,-0.186974303404009,-1.9783498134059099,-1.45597380241309,-0.08728837801117284,-0.022733075136396108,-0.01957740580814349,-0.013973660520573139,False,False,False
lfm25,112,cap48_chunk8192_pollpm_mem0.75,48,8192,lpm,0.75,0,tool_agent,5.258528223914128,1090.1717787407574,15112.300214218974,14022.128435478218,228.2732054591179,531.1962216161191,589.1043347585946,257.8120562178083,3.598630347329637,68.45498103648424,13.045027235400369,511.60646695643663,2078.258823812939,2714.2839225567827,879.3443250330165,1,,0.0010278008678203943,0.0010278008678203943,0.0010278008678206163,0.0010278008678203943,0.3040488998359897,0.007410179665588323,-0.07357180530725094,0.2113794937141239,-0.07277405418472993,-0.8094036614281956,-0.6601107657517686,0.07955407472095555,0.028189725730630277,-0.03100875476111442,0.041022570911245504,False,False,False
lfm25,113,cap48_chunk8192_pollpm_mem0.8,48,8192,lpm,0.8,0,tool_agent,5.257298438358812,1089.9168257483573,15108.765976554048,14018.84915080569,232.74337965995076,540.5680066440254,585.6766623584554,258.22603683918715,3.68333742708752,69.91572943516076,13.255770212507697,513.599329162389,2085.007302230224,2569.443167056882,875.5257294164039,1,,0.00079369552930042,0.00079369552930042,0.000793695529300642,0.0007936955293001979,0.29042039426198984,-0.010101877157332462,-0.0673252845646608,0.21011316966390758,-0.09802576069508162,-0.8480141973011364,-0.6869299267078335,0.07596865894616289,0.02503408381228145,0.024008366228183253,0.04518697716588438,False,False,False
lfm25,114,cap48_chunk8192_pollpm_mem0.85,48,8192,lpm,0.85,0,tool_agent,5.258413166665397,1090.147925647237,15111.969555218851,14021.821629571616,239.8445219732821,532.646312774159,605.3129626298323,261.448001335375,3.615420637652278,85.63675261102617,13.913732054068866,544.1536884754896,2094.454263406805,2654.713109517464,884.2877088510431,1,,0.0010058982555747331,0.0010058982555749552,0.0010058982555749552,0.0010058982555747331,0.26877068817649297,0.004700548716692898,-0.10311008037767433,0.2002575123703939,-0.07777934399831787,-1.2635526499470848,-0.7706621809161962,0.0209974313607032,0.020616609998706292,-0.008381044645246805,0.035631516042457734,False,False,False
lfm25,115,cap48_chunk8192_pollpm_mem0.9,48,8192,lpm,0.9,0,tool_agent,5.256079042336467,1089.6640266619847,15105.261597004292,14015.597570342306,239.23843167722225,509.8339250776917,558.8427501404658,258.721705195494,3.648406360298395,48.30057257786393,11.824107542276284,541.8820704799145,2046.6113794595003,2667.6540145603885,868.2208261266351,1,,0.0005615679706645338,0.0005615679706645338,0.0005615679706647558,0.0005615679706643117,0.27061851437008067,0.047327628661171905,-0.018423706552799013,0.20859697125241683,-0.08761259276185007,-0.27668186519380567,-0.5047364694702452,0.025084364702762985,0.04298832118209284,-0.013296590245656548,0.053153409855720035,False,False,False
lfm25,116,cap48_chunk8192_polfcfs_mem0.75,48,8192,fcfs,0.75,0,tool_agent,5.247830095941651,1087.9538963401433,15081.55523867335,13993.601342333208,224.8699066694826,520.5967413494363,531.9297950481996,253.49039694527164,3.335672803223133,30.662570055574147,10.060589004067168,499.944759067148,2124.850965035148,2562.8713290253586,865.542225590907,1,,-0.0010087240040990153,-0.0010087240040991263,-0.0010087240040989043,-0.0010087240040991263,0.3144247542078149,0.027216299862632964,0.030621917591856285,0.22459900397870047,0.005615222690824262,0.18952623041725936,-0.2803110192159881,0.10053498915768444,0.006402871744426553,0.026504649866407104,0.056074583487234375,False,False,False
lfm25,117,cap48_chunk8192_polfcfs_mem0.8,48,8192,fcfs,0.8,0,tool_agent,5.255821735782557,1089.6106831537606,15104.522132704737,14014.911449550977,228.61168859526515,494.0560512943189,529.3458900786936,253.314746664837,3.281412998476646,35.42864597402511,9.717370511259718,498.967859428376,2052.1667233202606,2561.8654895247832,858.5455833096057,1,,0.000512586392009462,0.0005125863920092399,0.000512586392009462,0.0005125863920092399,0.3030169446815735,0.07681006145455638,0.03533077366230364,0.22513630008159713,0.021790407441421022,0.06354920015712762,-0.23663301804106318,0.10229255742546561,0.04039059842536652,0.02688671355634009,0.06370483916315983,False,False,True
lfm25,118,cap48_chunk8192_polfcfs_mem0.85,48,8192,fcfs,0.85,0,tool_agent,5.256181659031877,1089.6853006421934,15105.556503533644,14015.87120289145,230.14473333023489,523.1034392723814,534.6707615954801,259.23313861945644,3.307782832517885,30.06348758935925,9.969266681473648,504.2247006203979,2056.129970983601,2563.8744216971045,862.6215550070629,1,,0.0005811023651878244,0.0005811023651876024,0.0005811023651880465,0.0005811023651878244,0.29834305329008515,0.022532300354129786,0.025626835683900784,0.2070325491239341,0.013929396155949458,0.2053611921900036,-0.2686893362439857,0.09283482307777291,0.038537352451103235,0.02612362954726799,0.059259748942876445,False,False,True
lfm25,119,cap48_chunk8192_polfcfs_mem0.9,48,8192,fcfs,0.9,0,tool_agent,5.250825373072394,1088.5748622185033,15090.163260784697,14001.588398566191,222.5023990031332,521.4282093802467,532.0065547013655,254.27798589225856,3.310879599303007,29.67479117214676,9.955081476263512,496.20538926683366,2052.9826432699338,2564.7588581126133,855.9970847750083,1,,-0.0004385348653315191,-0.00043853486533174113,-0.00043853486533140806,-0.00043853486533174113,0.32164272603122135,0.025662624083831465,0.030482032354960276,0.2221898505697022,0.013006230746252623,0.21563522498994647,-0.26688412637674697,0.10726259703232055,0.040009067799349984,0.025787680282770897,0.06648412880337329,False,False,True
lfm25,120,cap64_chunk-1_pollpm_mem0.75,64,-1,lpm,0.75,0,tool_agent,5.253762163359815,1089.1837028969398,15098.603199604053,14009.419496707113,323.6546078696847,540.8973538782448,555.3479960886762,323.3608244964853,3.2951470769556432,37.54387376829981,7.7112134284616864,551.9006564281881,2087.5155106419697,2663.176536513487,912.536205907818,1,,0.00012052055813405183,0.00012052055813405183,0.00012052055813427387,0.00012052055813382978,0.013253526768393864,-0.010717293266744532,-0.012054937567213209,0.010872567914370856,0.017696193357627066,0.007639449577027224,0.01867062455343682,0.007059638260179746,0.023861225707884515,-0.011595839993539414,0.0048248453084308585,False,False,False
lfm25,121,cap64_chunk-1_pollpm_mem0.8,64,-1,lpm,0.8,0,tool_agent,5.250814286577691,1088.572563821854,15090.131399695596,14001.558835873742,323.573716217652,533.8291233638301,547.772481860593,317.8797555458732,3.328330814838409,36.69637553393841,7.508119529920751,495.283126598224,2080.14432801865,2565.566831543104,901.7534231580794,1,,-0.00044064532075560603,-0.00044064532075560603,-0.000440645320755384,-0.00044064532075560603,0.013500146314095685,0.0024903565072691425,0.0017505260936622191,0.02763859287934667,0.007803915022367103,0.030040542749343868,0.04451636341945897,0.10892186635393186,0.02730804904133033,0.025480775145276913,0.016584112964338815,False,False,False
lfm25,122,cap64_chunk-1_pollpm_mem0.85,64,-1,lpm,0.85,0,tool_agent,5.252217262724114,1088.8634218216498,15094.16336373864,14005.299941916988,327.31992984190583,533.3782511297613,558.5124507872388,322.77123369043693,3.314480047955665,37.22012573853135,7.539321369736549,506.1125026550144,2090.006819344125,2581.21727838646,906.927156187594,1,,-0.000173570948094115,-0.000173570948094115,-0.0001735709480936709,-0.000173570948094115,0.0020788255856942772,0.003332853444552586,-0.017821775702840048,0.012676065418671278,0.011932914643957737,0.016196765079474096,0.04054561584992511,0.08943842408220626,0.022696270041443922,0.019536022064241765,0.010941848542777577,False,False,False
lfm25,123,cap64_chunk-1_pollpm_mem0.9,64,-1,lpm,0.9,0,tool_agent,5.252673139392729,1088.9579318932035,15095.473491740886,14006.515559847683,326.73112908378243,545.3946989029646,546.0425063176081,320.8603138872422,3.262434013025916,38.377508148550966,7.56205810225814,508.32207896746695,2092.164070042781,2568.687668358901,903.823500557337,1,,-8.678901983993903e-05,-8.678901984005005e-05,-8.678901983971699e-05,-8.678901983993903e-05,0.003873940060777903,-0.019121003060626585,0.004903198476527537,0.018521372130759106,0.027448160864581128,-0.014395193878866008,0.0376521382238546,0.08546311171860554,0.021687522541321447,0.02429533907039605,0.014326570104458258,False,False,False
lfm25,124,cap64_chunk-1_polfcfs_mem0.75,64,-1,fcfs,0.75,0,tool_agent,5.253212667117125,1089.0697840833866,15097.024021584555,14007.954237501168,314.63884259574115,534.6355139743537,552.917827158235,319.158690283075,3.2642713747918606,37.95315958559512,7.416856673975679,503.1396518461406,2087.712983554229,2561.024384126061,900.6985750491731,1,,1.5916951957128944e-05,1.59169519569069e-05,1.5916951957128944e-05,1.59169519569069e-05,0.04074046615140969,0.0009835402336448862,-0.00762624693989955,0.023726463342989446,0.026900431912059264,-0.003178802727944685,0.05613047866304555,0.09478696556912103,0.023768885811224494,0.027206203725571476,0.01773448773649655,False,False,False
lfm25,125,cap64_chunk-1_polfcfs_mem0.8,64,-1,fcfs,0.8,0,tool_agent,5.253716002623492,1089.174133083889,15098.47053987956,14009.296406795673,308.546079788357,537.6106287352741,575.4996974952519,321.132365076337,3.291679461571303,37.6323092728853,7.339330249340133,507.0637352764607,2088.408279698342,2531.470951926888,900.9049909841268,1,,0.00011173327424041091,0.00011173327423996682,0.00011173327424018886,0.00011173327424018886,0.05931586123691279,-0.004575739945404278,-0.04877898996777086,0.017689195584684958,0.018729911037736136,0.0053019202493665984,0.06599649502661842,0.08772703408432081,0.023443759831357824,0.03843194436286046,0.017509378849124735,False,False,False
lfm25,126,cap64_chunk-1_polfcfs_mem0.85,64,-1,fcfs,0.85,0,tool_agent,5.253710197331274,1089.1729295597331,15098.453856253442,14009.280926693707,306.5072998870164,537.7869684947655,542.5345453526825,315.85251696640626,3.2397299871913026,37.10844521410762,7.3629252706417905,503.0951860826463,2087.1449730126187,2531.9676077272684,896.3355783023871,1,,0.00011062816295148714,0.00011062816295148714,0.00011062816295170919,0.0001106281629512651,0.0655316197289203,-0.004905247278228941,0.01129603547306024,0.033839706738625686,0.034216371958834535,0.019148707315712943,0.06299379153093487,0.0948669652045171,0.02403449203596686,0.0382432918515887,0.022492595890771905,False,False,False
lfm25,127,cap64_chunk-1_polfcfs_mem0.9,64,-1,fcfs,0.9,0,tool_agent,5.247008021367882,1087.7834679498824,15079.192707328408,13991.409239378523,308.07451414875686,539.5655170781538,549.0384685387835,319.86904978519306,3.3090609258839065,38.579085143283,7.416763036496712,507.7820743899792,2090.893173031509,2542.93598945252,902.7146132732742,1,,-0.0011652163661608483,-0.0011652163661609594,-0.0011652163661607373,-0.0011652163661610704,0.060753553518927306,-0.00822863164544163,-0.000556582381709747,0.02155354684550781,0.013548388586524851,-0.01972328172295512,0.05614239497292417,0.08643464950220225,0.022281804042230235,0.03407700051768725,0.015535877819931154,False,False,False
lfm25,128,cap64_chunk2048_pollpm_mem0.75,64,2048,lpm,0.75,0,tool_agent,5.247023924124772,1087.786764829927,15079.238409704838,13991.451644874913,175.52951886318624,587.2269455809145,653.2240471150724,215.75277410680428,5.97462368064693,160.59706630185246,30.907967322470576,649.7991492506117,2246.6958597069606,3048.62813999876,952.243914171122,1,,-0.0011621890739073049,-0.0011621890739073049,-0.0011621890739070828,-0.0011621890739071938,0.4648519456394463,-0.09728846834854421,-0.19042227013795676,0.34003450247902955,-0.7810724218651159,-3.244905416398061,-2.9333493425215127,-0.169072358947417,-0.05057276533820221,-0.1580079284369924,-0.03847877865470761,False,False,False
lfm25,129,cap64_chunk2048_pollpm_mem0.8,64,2048,lpm,0.8,0,tool_agent,5.2733695699173975,1093.2486123874253,15154.95223905066,14061.703626663237,179.6629277523607,541.7045614682131,639.3506849510593,215.52674885373565,5.096089703818927,144.84289339743555,29.300313051744016,638.145828153938,2166.838194685987,2751.763417082832,927.3903720430098,1,,0.0038530400448222313,0.0038530400448220092,0.0038530400448222313,0.0038530400448220092,0.45225015797863455,-0.012225636142869645,-0.1651397359834521,0.34072589043087065,-0.519175987639753,-2.8284907493509364,-2.728759186113299,-0.14810653343076097,-0.013230689145709018,-0.04524517515149795,-0.011374508739880884,False,False,False
lfm25,130,cap64_chunk2048_pollpm_mem0.85,64,2048,lpm,0.85,0,tool_agent,5.2456073152116325,1087.4930805530996,15075.16726693068,13987.67418637758,176.58748221583664,583.1238514976575,656.5112953213974,216.15681318566203,5.886886424074571,156.361145619303,30.05616743378317,650.1864725723863,2232.8326949151237,2780.6543140765216,944.5894251391292,1,,-0.001431858617290338,-0.001431858617290338,-0.001431858617290005,-0.001431858617290227,0.4616264651993335,-0.08962145331119253,-0.19641288467452012,0.3387985885826721,-0.7549174008288433,-3.1329414617453013,-2.8249492495237214,-0.16976920348774094,-0.04409023976235549,-0.05621925471843481,-0.0301311018642616,False,False,False
lfm25,131,cap64_chunk2048_pollpm_mem0.9,64,2048,lpm,0.9,0,tool_agent,5.2742761782694245,1093.4365658979257,15157.55770906226,14064.121143164331,178.59855387359858,569.0691036870699,654.940392328426,214.463925473392,5.17696228164893,149.22583550214767,30.285964063613804,639.6623365581036,2167.729634582064,2769.8234343714958,928.748281484004,1,,0.0040256244878895675,0.0040256244878893455,0.0040256244878895675,0.004025624487889123,0.4554951825991128,-0.06335884255369661,-0.1935501028842319,0.34397695760203106,-0.5432846053129856,-2.944340777676373,-2.8541931792013893,-0.15083492736520365,-0.013647533496362163,-0.05210519291935545,-0.01285538996875668,False,False,False
lfm25,132,cap64_chunk2048_polfcfs_mem0.75,64,2048,fcfs,0.75,0,tool_agent,5.243826520544737,1087.1238951067323,15070.049503465303,13982.92560835857,188.4763145353645,534.227493451908,622.3054285999385,232.02039777999744,4.082670271219243,111.8761139921844,19.29797908642795,592.1636286657304,2213.586266245693,2662.8540186723626,924.8075413494372,1,,-0.0017708555558428873,-0.0017708555558427763,-0.0017708555558426653,-0.0017708555558429984,0.4253802228258602,0.0017459647400446254,-0.1340768061201092,0.2902735184295352,-0.21706936140450073,-1.957112064291255,-1.4558617058071839,-0.06537863437569902,-0.03509045739182759,-0.011473333016652099,-0.00855777783279188,False,False,False
lfm25,133,cap64_chunk2048_polfcfs_mem0.8,64,2048,fcfs,0.8,0,tool_agent,5.2493126471526885,1088.2612514444595,15085.81589070946,13997.554639265,192.7408946212381,537.7219760324804,630.9444159036502,232.24641516106203,3.815119971170441,114.31075423024596,19.53148004834642,594.024954829365,2159.8291561705983,2674.340811124997,920.8083615149372,1,,-0.0007265015047103196,-0.0007265015047104306,-0.0007265015047102086,-0.0007265015047105416,0.41237852516041595,-0.004783802784014801,-0.14982032156966496,0.28958215455734304,-0.1373109554613401,-2.0214645320636317,-1.4855770489566646,-0.06872739986946819,-0.009953207263299513,-0.01583654037472182,-0.004196433718802739,False,False,False
lfm25,134,cap64_chunk2048_polfcfs_mem0.85,64,2048,fcfs,0.85,0,tool_agent,5.270661798017609,1092.6872506560208,15147.170468159877,14054.483217503855,197.30234052985907,555.1918947137888,651.6200621472672,239.96723271673545,3.8219092326063313,113.45360232517122,19.293071516128972,600.2733954228461,2152.075134031474,2676.992061901832,912.985013970174,1,,0.0033375811873854744,0.0033375811873856964,0.0033375811873856964,0.0033375811873854744,0.39847175370181,-0.03742797971806722,-0.1874992004269216,0.26596496946902415,-0.13933487645697795,-1.998808272841008,-1.455237168185299,-0.07996914925123955,-0.006327365142303254,-0.01684360626759629,0.004335393350261563,False,False,False
lfm25,135,cap64_chunk2048_polfcfs_mem0.9,64,2048,fcfs,0.9,0,tool_agent,5.24289826335962,1086.9314534683997,15067.381817629992,13980.450364161594,191.2003164179623,554.8467885935679,628.0028305714949,234.75455937208608,3.954404965043068,113.73456530272958,19.316599281303617,613.4845290798694,2150.172479823232,2692.209356031375,922.0384332234972,1,,-0.0019475611299295537,-0.0019475611299295537,-0.0019475611299295537,-0.0019475611299297757,0.4170753843178544,-0.03678311665630796,-0.14445963605238465,0.2819099999399317,-0.1788326771004385,-2.006234692841751,-1.458231312663167,-0.10373768019899132,-0.005437668976087107,-0.02262382820420017,-0.00553790027642842,False,False,False
lfm25,136,cap64_chunk8192_pollpm_mem0.75,64,8192,lpm,0.75,0,tool_agent,5.276417538380813,1093.8805019694182,15163.711688938774,14069.831186969355,250.7172308396548,537.7293581375852,551.1478552501649,270.7081181765534,3.481722045839132,80.42308553121984,12.62026852332755,528.7437874358147,2062.089790240861,2587.5250969733984,875.3982831258327,1,,0.004433259649648358,0.004433259649648358,0.00443325964964858,0.004433259649648136,0.2356223662694339,-0.004797596937816229,-0.004400685991568398,0.17193176942923805,-0.03792296350494251,-1.1257448796309788,-0.6060559525241362,0.048721828015231505,0.035750493797777505,0.017140025045458085,0.045325964946438146,False,True,True
lfm25,137,cap64_chunk8192_pollpm_mem0.8,64,8192,lpm,0.8,0,tool_agent,5.254212909764318,1089.2771493877894,15099.89858391983,14010.62143453204,229.73536467179656,531.452049058862,589.5925716031343,256.3363939477131,3.646950359995428,69.25997859798372,13.136428712830414,508.8851267937571,2081.624160683714,2570.8187408372696,875.382189839147,1,,0.00020632587529445523,0.00020632587529423319,0.00020632587529445523,0.00020632587529423319,0.29959112166341784,0.006932142162504817,-0.07446155824180489,0.21589339249613537,-0.08717855002971242,-0.8306813758203977,-0.6717425219719064,0.08445011616260889,0.026616067575099822,0.02348586060575608,0.04534351563534589,False,False,False
lfm25,138,cap64_chunk8192_pollpm_mem0.85,64,8192,lpm,0.85,0,tool_agent,5.270673991919492,1092.6897786347895,15147.20551178771,14054.51573315292,248.86406701989472,528.7998023908585,556.4056624332443,268.08434223756194,3.5825435876507647,80.1258908584714,13.233267684035525,544.4390270859003,2080.012337025255,2665.761183183635,881.3519094907679,1,,0.003339902451866106,0.0033399024518658837,0.003339902451866106,0.0033399024518658837,0.24127222515914548,0.011888113113628473,-0.013982407286844634,0.17995762958389283,-0.0679784912250041,-1.1178894230829535,-0.6840662538998601,0.020484070451018632,0.027369769074476524,-0.012577606610782777,0.038833180331053097,False,False,False
lfm25,139,cap64_chunk8192_pollpm_mem0.9,64,8192,lpm,0.9,0,tool_agent,5.272203338970762,1093.0068352187234,15151.600648751208,14058.593813532483,254.9679244402796,533.2694323267788,551.7555791698396,273.05787139572203,3.62985050466297,81.99726841412485,14.257159293220656,560.9351645689458,2120.574343157932,2677.534624030808,895.7319037872367,1,,0.00363103313526425,0.003631033135264028,0.00363103313526425,0.003631033135263806,0.22266300521842886,0.0035361915552283296,-0.005508189751222359,0.16474411652994114,-0.08208097696428607,-1.1673537184467815,-0.8143667471604992,-0.00919460546455575,0.008402653981279262,-0.017049696094945332,0.023150938951692623,False,False,False
lfm25,140,cap64_chunk8192_polfcfs_mem0.75,64,8192,fcfs,0.75,0,tool_agent,5.215275323808211,1081.2048037552993,14987.997218456085,13906.792414700783,224.72621710039675,495.15483288560057,517.5863984925672,249.18505381559956,3.419035863455223,34.8709947895258,9.587922780330487,507.3567074723542,2134.8426304059103,2585.211263387459,861.0896220756695,1,,-0.007205939378600479,-0.007205939378600368,-0.007205939378600257,-0.00720593937860059,0.31486282977382907,0.07475688528745406,0.05676103289946666,0.23776860484402218,-0.019235823252470974,0.07828904932157399,-0.22015949385135625,0.08719993937120196,0.0017306899386235752,0.01801892450926834,0.060930413166505715,False,False,False
lfm25,141,cap64_chunk8192_polfcfs_mem0.8,64,8192,fcfs,0.8,0,tool_agent,5.258014315839909,1090.0652378883508,15110.82331179126,14020.758073902907,229.86838640645144,525.6931329146028,534.0717448852956,265.4656265024096,3.3240890758854102,67.38709220662713,10.943361492053294,498.052992625162,2088.5252483654763,2573.3677754644245,872.868042436894,1,,0.0009299719226329994,0.0009299719226329994,0.0009299719226332215,0.0009299719226327774,0.29918556980553523,0.017693215581965682,0.026718471601374638,0.18796801109657868,0.009068403745633224,-0.7811771988759395,-0.39265268662456987,0.10393852063269593,0.023389064356864386,0.022517621065689664,0.04808534331709302,False,False,False
lfm25,142,cap64_chunk8192_polfcfs_mem0.85,64,8192,fcfs,0.85,0,tool_agent,5.27205788289378,1092.976679992124,15151.182627622533,14058.20594763041,227.42373496294024,494.2545644240453,521.5704319113865,249.3192500737496,3.347962002906591,32.99159114249045,10.2237554698124,531.7608502227813,2037.086878204718,2661.7325099557597,854.8107382166199,1,,0.003603343719012164,0.003603343719012164,0.0036033437190123863,0.003603343719012164,0.30663873478916637,0.07643912110567797,0.04950061110746107,0.23735811232246784,0.0019517359487387642,0.1279654905207157,-0.30107559114867466,0.04329374348554382,0.04744205334992124,-0.01104733288610249,0.06777791047704118,True,True,True
lfm25,143,cap64_chunk8192_polfcfs_mem0.9,64,8192,fcfs,0.9,0,tool_agent,5.257449481804731,1089.9481393203478,15109.200055026751,14019.251915706403,221.8545640353113,517.7281202282757,528.1879056151956,251.0157699836418,3.3058366850139453,43.256216123700085,9.942351142835406,498.2061467599124,2047.7051856694743,2544.155591684389,849.4186156685464,1,,0.0008224485723695718,0.0008224485723695718,0.0008224485723697939,0.0008224485723695718,0.3236178218716357,0.03257658671594965,0.03744106108958045,0.23216863278496724,0.014509554812531689,-0.14334931729859157,-0.26526406355938015,0.10366297661913171,0.04247684874144553,0.03361373999879558,0.07365834169298024,False,False,False
lfm25,144,cap96_chunk-1_pollpm_mem0.75,96,-1,lpm,0.75,0,tool_agent,5.253983728292898,1089.229636631042,15099.239947310469,14010.010310679423,324.2501695640385,539.2834028229117,540.8381932089105,320.7843350968324,3.283681279862167,38.30268499441444,7.336009276581112,512.9072065465152,2095.328729529865,2540.1510624680604,900.1710219727829,1,,0.00016269826418979783,0.00016269826418957578,0.00016269826419001987,0.00016269826418935374,0.01143779979523707,-0.0077014747747234935,0.014387433254358872,0.018753783419195313,0.02111421867427432,-0.012417466516965625,0.06641912217262069,0.07721387667252289,0.020207702718653797,0.03513484272737166,0.0183098158286924,False,False,False
lfm25,145,cap96_chunk-1_pollpm_mem0.8,96,-1,lpm,0.8,0,tool_agent,5.253313682680863,1089.0907261249831,15097.31432667764,14008.223600552656,322.8645652998239,532.970998971723,546.6532497899607,322.13016727473587,3.3087762758920065,37.221811292693005,7.441562195883144,543.8797329552472,2090.195538336411,2629.6897061029395,906.1730748857372,1,,3.5146550680709154e-05,3.5146550680709154e-05,3.51465506809312e-05,3.514655068048711e-05,0.015662180007240623,0.004093842190195818,0.0037901919452449917,0.014637021507109327,0.013633244516798704,0.016152212472411054,0.05298645280920922,0.02149031262511525,0.02260802354704572,0.0011239845743906685,0.011764219174613344,False,False,False
lfm25,146,cap96_chunk-1_pollpm_mem0.85,96,-1,lpm,0.85,0,tool_agent,5.252410051018495,1088.9033897268994,15094.717411270269,14005.814021543369,328.81956454366446,542.0575635973364,544.9796837056056,325.05100801121444,3.3151539973914623,29.497450991007177,7.128062159388819,505.5940537713468,2104.475612472743,2542.249442534514,906.641764654778,1,,-0.00013687124160988162,-0.0001368712416097706,-0.00013687124160954856,-0.00013687124160988162,-0.0024932065038096862,-0.012885253635739113,0.006840064873473106,0.005702470756557387,0.011732006131892181,0.22032268480972617,0.09288248186735226,0.09037118039640268,0.015930547862109345,0.03433778233094431,0.011253085029592214,False,False,False
lfm25,147,cap96_chunk-1_pollpm_mem0.9,96,-1,lpm,0.9,0,tool_agent,5.252205463394705,1088.860975643673,15094.129454058822,14005.26847841515,326.3732953928411,537.5212707789615,540.831706142053,321.7346082581207,3.283054728355616,37.88287127390503,7.25032408319931,511.1119577195496,2095.081966486759,2545.823338641779,904.293363422621,1,,-0.00017581710068037548,-0.00017581710068059753,-0.00017581710068037548,-0.00017581710068059753,0.004964890487418994,-0.004408766246811302,0.01439925515358187,0.015846995767139438,0.02130099756928827,-0.0013209404277585435,0.07732342382196,0.0804437605273397,0.020323091070601373,0.03298025368606827,0.013814156628022323,False,False,False
lfm25,148,cap96_chunk-1_polfcfs_mem0.75,96,-1,fcfs,0.75,0,tool_agent,5.254228516775977,1089.2803849554116,15099.943436364392,14010.66305140898,325.4531226120889,552.5933132506907,579.2845396324992,331.37123440857977,3.329683095216751,37.091328203678096,7.6341024871538385,564.5211648661643,2106.9463294697925,2626.154806697735,918.9631504798308,1,,0.0002092968686777663,0.00020929686867754427,0.0002092968686777663,0.00020929686867732222,0.007770280010983344,-0.03257228722135963,-0.05567640960355158,-0.013630450342837275,0.007400791843865218,0.019601144536130488,0.02848376648962392,-0.01564628185023631,0.014775221039947883,0.002466700494298091,-0.0021841210396869037,False,False,False
lfm25,149,cap96_chunk-1_polfcfs_mem0.8,96,-1,fcfs,0.8,0,tool_agent,5.252893128233803,1089.003538879791,15096.105709971638,14007.102171091849,313.6206513736397,526.1541166342795,535.7798351021484,314.7844134946354,3.296057765646545,36.25156935304403,7.422362515598317,502.60078231804073,2087.854385212995,2522.139004720371,893.5940438089892,1,,-4.491134296547017e-05,-4.491134296547017e-05,-4.491134296535915e-05,-4.491134296558119e-05,0.04384469075706865,0.01683182438814479,0.023605682593489163,0.037106925165222626,0.01742471140345414,0.04179767013657121,0.05542980500500516,0.09575646125268289,0.02370276527647064,0.04197664327550221,0.025482402756402345,False,False,False
lfm25,150,cap96_chunk-1_polfcfs_mem0.85,96,-1,fcfs,0.85,0,tool_agent,5.254391625005719,1089.3141997380606,15100.41218739706,14011.097987659,314.6896809339524,534.7093083662912,545.4328153189272,316.82640250306576,3.27152934183214,36.72730620019137,7.355258668405044,504.7668660990894,2103.448428330012,2558.213626509526,900.1186418673024,1,,0.00024034659696092753,0.00024034659696070548,0.00024034659696092753,0.00024034659696070548,0.040585472062911854,0.000845648510672592,0.006014287001112395,0.03086069126412805,0.024736786865071414,0.02922298265479506,0.06396944368407265,0.09185939755460215,0.016410867296837273,0.028273857586715412,0.018366939457581832,False,False,False
lfm25,151,cap96_chunk-1_polfcfs_mem0.9,96,-1,fcfs,0.9,0,tool_agent,5.250546944018919,1088.5171396992823,15089.363093272932,14000.84595357365,307.7175235375762,536.7925921920687,549.288666783832,319.36265629483387,3.3061917790252227,39.22399790026248,7.484548170426359,503.908327780664,2098.3712319750334,2556.94169899448,904.3667247472332,1,,-0.0004915373807179435,-0.0004915373807179435,-0.0004915373807177215,-0.0004915373807180545,0.061841933594458776,-0.003047162157375327,-0.0010125385948507315,0.023102552336583648,0.01440369908262118,-0.036769630814170284,0.04751605571246198,0.09340401856299496,0.018785004495590507,0.028756993633219707,0.01373415172838477,False,False,False
lfm25,152,cap96_chunk2048_pollpm_mem0.75,96,2048,lpm,0.75,0,tool_agent,5.27436284929058,1093.4545341006765,15157.806789876471,14064.352255775795,169.0320319030434,588.6941772885618,691.8839784106236,215.55684027262032,5.210768036154467,153.88523479923606,31.85131048596908,669.6574003435671,2203.3474099123846,2880.405771397049,942.1970107359812,1,,0.004042123420292532,0.0040421234202923095,0.004042123420292532,0.0040421234202923095,0.4846612490971952,-0.10003012801745492,-0.26087534573962756,0.34063384388214124,-0.5533623106662431,-3.0674981289831305,-3.053399236880674,-0.20479991026321276,-0.030302687135560058,-0.09410940502399567,-0.02752203127799313,False,False,False
lfm25,153,cap96_chunk2048_pollpm_mem0.8,96,2048,lpm,0.8,0,tool_agent,5.247882771861255,1087.964816848416,15081.706622155045,13993.741805306629,172.9748109355569,576.7065417021512,645.1052726944906,214.97314541600645,5.975143260959732,155.06057059392333,30.53817995665636,649.7726005036384,2228.5982485860586,2805.006987941445,942.5146974204108,1,,-0.0009986964721139246,-0.0009986964721140357,-0.0009986964721137026,-0.0009986964721140357,0.472640646854972,-0.07763010977796392,-0.17562678010789612,0.34241930628483974,-0.7812273119829778,-3.0985646322253313,-2.8862901853461826,-0.16902459433232497,-0.04211017914561377,-0.06546951028231396,-0.02786848755367166,False,False,False
lfm25,154,cap96_chunk2048_pollpm_mem0.85,96,2048,lpm,0.85,0,tool_agent,5.274980973209996,1093.5826804610303,15159.583194574148,14066.000514113117,164.6265620365739,561.9501496199512,664.0185843175275,212.20950504299253,5.095719431455319,210.08553006686267,34.204030573798015,648.5763364471495,2182.644925802014,2776.7077408311825,947.341886155773,1,,0.004159791178526495,0.004159791178526273,0.004159791178526717,0.004159791178526273,0.49809248643467563,-0.0500564110775239,-0.2100940160548237,0.3508729973268019,-0.5190656071487547,-4.552985649261492,-3.352806503429427,-0.16687236122451576,-0.020622041716985784,-0.05472016630935728,-0.03313282475513146,False,False,False
lfm25,155,cap96_chunk2048_pollpm_mem0.9,96,2048,lpm,0.9,0,tool_agent,5.236181037778418,1085.5388718470326,15048.077418135072,13962.53854628804,174.39491976983845,583.8634091662241,686.4171041548246,217.6216118480079,5.8381312393716405,147.00306421145797,30.20777620588954,648.8574447575957,2224.6127497171983,2750.0253643281694,945.0807508267462,1,,-0.003226270545409027,-0.003226270545409249,-0.003226270545409027,-0.003226270545409138,0.46831107035656916,-0.09100338598220437,-0.25091262484640775,0.3343179204570118,-0.7403831774971528,-2.885588434881217,-2.8442429888325353,-0.16737811127973212,-0.04024652833154363,-0.04458498349232709,-0.03066692182845876,False,False,False
lfm25,156,cap96_chunk2048_polfcfs_mem0.75,96,2048,fcfs,0.75,0,tool_agent,5.240201843437294,1086.3724451722026,15059.63267078992,13973.260225617716,197.68593879416585,539.348290930502,633.8591567799448,235.67809633677825,3.7875433689457374,111.13791922107336,19.252033511063072,591.5371463634074,2150.341119850053,2654.041765802534,923.0730945034884,1,,-0.002460858993918791,-0.002460858993918902,-0.0024608589939185688,-0.002460858993918902,0.39730225317489365,-0.007822724272430692,-0.1551320862944121,0.27908499555746036,-0.1290901990862967,-1.9376000828185909,-1.4500146697737972,-0.0642515120274163,-0.005516526387319809,-0.008126037701501998,-0.006666260107745181,False,False,False
lfm25,157,cap96_chunk2048_polfcfs_mem0.8,96,2048,fcfs,0.8,0,tool_agent,5.242281211051454,1086.8035292691322,15065.608492598389,13978.804963329256,194.5076051633805,543.0652185808866,638.7074530869721,235.689533543773,3.831509623284403,113.0572209134698,19.333245705333148,600.1418023370206,2161.02033292409,2667.0126269292027,925.2774581243284,1,,-0.002065024893317724,-0.002065024893317724,-0.002065024893317502,-0.002065024893317724,0.40699224189952077,-0.01476815121365882,-0.16396752326523778,0.27905001032014054,-0.14219681253694083,-1.9883311100868122,-1.4603497373505219,-0.07973239634159901,-0.010510210940728903,-0.013052961987959355,-0.009070250100869481,False,False,False
lfm25,158,cap96_chunk2048_polfcfs_mem0.85,96,2048,fcfs,0.85,0,tool_agent,5.2436597501275095,1087.089321097685,15069.570227800194,13982.480906702507,189.2599572893232,551.7628232948482,631.2901115324348,233.4667248884216,3.836918944205514,111.75315747968853,18.996177410441263,610.4719643481076,2158.3092088578264,2680.718039292836,920.4737885389476,1,,-0.0018026024281422304,-0.0018026024281421194,-0.0018026024281422304,-0.0018026024281426745,0.4229910811144787,-0.031020439067110273,-0.15045031028029476,0.2858493528833871,-0.14380936469563443,-1.9538620748742992,-1.4174544106451012,-0.09831768824993392,-0.009242467870315796,-0.01825890231612015,-0.0038315619351074748,False,False,False
lfm25,159,cap96_chunk2048_polfcfs_mem0.9,96,2048,fcfs,0.9,0,tool_agent,5.24450152208658,1087.2638330513792,15071.989366771348,13984.72553371997,196.28557562828064,540.936966263689,630.6161767058074,235.78290725825357,3.893954260274768,113.39402012526988,18.975663188779286,591.2606716156006,2159.1130463406444,2662.3824814893246,921.5902456641196,1,,-0.0016423604179941487,-0.0016423604179943707,-0.0016423604179941487,-0.0016423604179942597,0.4015716297929983,-0.010791312713704038,-0.14922214510514253,0.27876438975193385,-0.1608119466075899,-1.9972333947382737,-1.4148437698532104,-0.0637540983481577,-0.009618348639204966,-0.011294221701189766,-0.005049125013762756,False,False,False
lfm25,160,cap96_chunk8192_pollpm_mem0.75,96,8192,lpm,0.75,0,tool_agent,5.257380058154905,1089.9337467563844,15109.000540829347,14019.066794072964,235.45847786590457,501.307664392516,546.4213930442929,253.90895508229733,3.70935434565524,45.84922296926379,11.463430643390442,497.3354991525412,2039.5174758974456,2554.821228822687,858.4078924986534,1,,0.0008092328966988749,0.0008092328966990969,0.0008092328966990969,0.0008092328966988749,0.28214270096160254,0.06325974417184832,0.0042127229814852285,0.22331867777994263,-0.10578156568627706,-0.21188773494815272,-0.45883671073509436,0.10522938379792712,0.04630548663198253,0.02956244485855397,0.0638549992041555,False,False,False
lfm25,161,cap96_chunk8192_pollpm_mem0.8,96,8192,lpm,0.8,0,tool_agent,5.269906320932174,1092.5306289240536,15144.999329005745,14052.46870008169,265.38290455937386,545.1536536216736,582.245552255772,274.1914921347052,3.7883067718492094,70.90786532498896,14.551870875952009,544.2253416404128,2165.313881076872,2608.906508074135,903.2047771010548,1,,0.003193766505170892,0.003193766505170892,0.003193766505171114,0.003193766505170892,0.19091019017606925,-0.01867058740872074,-0.06107249902259704,0.1612764875360596,-0.12931777423258572,-0.8742383563690164,-0.8518717567289247,0.020868518088595356,-0.01251790803799846,0.009018390513857333,0.015001324933176852,False,False,False
lfm25,162,cap96_chunk8192_pollpm_mem0.85,96,8192,lpm,0.85,0,tool_agent,5.258717263387131,1090.210969459103,15112.843488144055,14022.632518684954,263.78295198082924,516.4417596766722,553.6249430757016,268.50508138071746,3.9382545549674455,74.32221020571887,14.672117027966356,504.2774307075888,2090.961683681234,2564.88890291191,895.8653960190713,1,,0.0010637869384240162,0.0010637869384240162,0.0010637869384242382,0.0010637869384240162,0.19578806778333746,0.03498027171377727,-0.008914880662798774,0.17867063191218868,-0.17401813956216983,-0.9644864001933029,-0.8671742875628601,0.09273995485966147,0.022249767920195396,0.02573828334036865,0.023005357711621044,False,False,False
lfm25,163,cap96_chunk8192_pollpm_mem0.9,96,8192,lpm,0.9,0,tool_agent,5.25710494543832,1089.8767117635452,15108.209904022096,14018.333192258551,237.5077744945884,501.5714552253484,571.8461608234793,253.91400841530407,3.743907902389765,48.13936483114958,12.152812800961854,515.2544321026653,2063.533539976924,2744.951776526864,869.0048190602101,1,,0.0007568616882640544,0.0007568616882640544,0.0007568616882642765,0.0007568616882640544,0.27589487945129243,0.06276682632960462,-0.04212085875222216,0.2233032201551416,-0.11608219552787924,-0.2724208182584471,-0.5465675158035408,0.07299091559128001,0.03507538499472396,-0.04265780358394533,0.052298418805615365,False,False,False
lfm25,164,cap96_chunk8192_polfcfs_mem0.75,96,8192,fcfs,0.75,0,tool_agent,5.256430683492253,1089.7369271481964,15106.272166214463,14016.535239066268,224.55354896374047,522.7551286341622,531.2799790455028,254.57900806330144,3.3513454254716635,36.78350313566625,9.898490048110368,498.8605349790305,2111.1857402138407,2574.8517519468382,865.5089220544323,1,,0.0006285073418881293,0.0006285073418881293,0.0006285073418883513,0.0006285073418881293,0.31538925414951313,0.023183151357472065,0.03180612911088798,0.22126905477599979,0.0009431166708941952,0.0277375839406373,-0.25968229862805847,0.10248564793245352,0.012792839023469615,0.02195393915588162,0.056110902979927935,False,False,False
lfm25,165,cap96_chunk8192_polfcfs_mem0.8,96,8192,fcfs,0.8,0,tool_agent,5.256923559544515,1089.8391077469712,15107.6886254504,14017.849517703427,220.1628410257399,510.4394421214238,515.0461306702346,245.5366930924356,3.283733234998617,35.26351866312325,9.851672746927662,500.0440396834165,2043.057523900643,2574.141625496555,845.5238346848637,1,,0.0007223325739089681,0.0007223325739089681,0.0007223325739091901,0.0007223325739089681,0.32877548585289895,0.04619616343384236,0.06139036551692767,0.24892856424554965,0.02109873052545508,0.06791384910485532,-0.2537243267270157,0.10035637054238988,0.04465013216819047,0.022223677550286425,0.07790583263397832,False,False,False
lfm25,166,cap96_chunk8192_polfcfs_mem0.85,96,8192,fcfs,0.85,0,tool_agent,5.257533171739134,1089.9654894990986,15109.440568600086,14019.475079100988,229.27173366770148,509.4621686264872,519.5991608081385,254.31164223933592,3.320767246186733,36.83801018632944,10.248399344404282,538.8222329784185,2048.318247171119,2668.8752066343977,860.1284774625674,1,,0.000838380016953133,0.000838380016953133,0.0008383800169533551,0.000838380016953133,0.3010046231154221,0.04802229035885219,0.053093015631069274,0.22208689927308223,0.010058661807511027,0.026296852301385676,-0.30421177176229564,0.03058940645296404,0.042190176331238116,-0.013760454659060395,0.061978598688167574,False,False,False
lfm25,167,cap96_chunk8192_polfcfs_mem0.9,96,8192,fcfs,0.9,0,tool_agent,5.256938845888761,1089.8422768354285,15107.732556340105,14017.890279504674,227.09162556566295,517.5275621935725,521.0113574750721,251.89820619300008,3.294569725387788,35.30718372203406,9.706609549152992,487.0866846758872,2050.21695389878,2549.5018944377025,853.7398117291741,1,,0.00072524252416728,0.00072524252416728,0.000725242524167502,0.0007252425241670579,0.3076512579188305,0.03295134816102718,0.050519457034203574,0.2294693513766487,0.017868305445382093,0.06675969324543596,-0.2352635775086016,0.12366832101484138,0.04130232603818362,0.03158297052090053,0.06894581967988411,False,False,False
lfm25,168,cap128_chunk-1_pollpm_mem0.75,128,-1,lpm,0.75,0,tool_agent,5.246564768559491,1087.691574993911,15077.918858596222,13990.227283602311,324.8164451215416,538.3986039087176,542.0981833012775,319.62060135323554,3.2924912825581574,36.929867370054126,7.304288247671812,496.15555070340633,2083.2760710269213,2550.7934785308253,900.4103756463155,1,,-0.0012495951818899398,-0.0012495951818899398,-0.0012495951818897177,-0.0012495951818900508,0.009711359337857828,-0.0060481452525367185,0.012091252835510047,0.02231352499032635,0.018487902160112424,0.02386888107060936,0.07045594177006453,0.10735226302677392,0.025843621224670987,0.03109236801006754,0.018048786373048187,False,False,False
lfm25,169,cap128_chunk-1_pollpm_mem0.8,128,-1,lpm,0.8,0,tool_agent,5.25470538830234,1089.3792475758996,15101.313900753505,14011.934653177605,327.78451312333345,536.3185898633674,545.4549291078001,321.48326876107603,3.311069682240486,37.63913521543143,7.280776784186532,511.7293610237539,2094.201013562269,2553.8728271052178,903.7457393598744,1,,0.00030007543541832327,0.0003000754354181012,0.00030007543541832327,0.0003000754354181012,0.0006624208649691488,-0.002161444475023755,0.005973987280261994,0.01661581738206641,0.012949565842166999,0.005121496776177903,0.07344801169419402,0.07933297246598192,0.02073503163034185,0.029922691060366158,0.01441137332784026,False,False,False
lfm25,170,cap128_chunk-1_pollpm_mem0.85,128,-1,lpm,0.85,0,tool_agent,5.247841953206934,1087.9563545290955,15081.589314853043,13993.63296032395,325.8360819891095,533.1973209744319,555.5022539431229,322.20723705831915,3.2809946165120194,30.987668968737022,7.315723952171069,506.5141613595188,2089.4815149949864,2545.904619540082,901.0648057144136,1,,-0.0010064668226813511,-0.0010064668226814621,-0.0010064668226814621,-0.0010064668226814621,0.006602727300539013,0.0036709383613185986,-0.012336053956127913,0.014401272983008306,0.021915129703245717,0.18093320833330429,0.06900063348970653,0.08871578834205751,0.02294190651259076,0.032949379495992415,0.017335091354660936,False,False,False
lfm25,171,cap128_chunk-1_pollpm_mem0.9,128,-1,lpm,0.9,0,tool_agent,5.252848739058416,1088.9943363378957,15095.978141474116,14006.98380513622,320.560074178502,537.2953636338934,588.5114946728572,320.4116018395871,3.317044480987217,39.05174597166477,7.56520596098323,538.9988219831139,2105.9179921401665,2603.558826423244,911.1617814330384,1,,-5.336138767908505e-05,-5.336138767908505e-05,-5.3361387678974026e-05,-5.336138767919607e-05,0.022688029265266585,-0.003986637618235811,-0.07249142554504062,0.019893936034052317,0.011168441232015214,-0.03221666380470367,0.037251541577769776,0.030271700090126363,0.015256079713994897,0.01104968375990445,0.00632373716657908,False,False,False
lfm25,172,cap128_chunk-1_polfcfs_mem0.75,128,-1,fcfs,0.75,0,tool_agent,5.252533170990074,1088.9289143438073,15095.071241447393,14006.142327103584,313.25821042992175,533.9068353176117,544.4996613636613,317.40166511852294,3.3058098051697016,39.15031324140726,7.40929963923277,508.2720688078553,2087.8333612577985,2551.2236856436293,901.5551023301668,1,,-0.0001134337874125757,-0.0001134337874125757,-0.00011343378741224264,-0.0001134337874125757,0.04494968760949236,0.0023451444536005672,0.007714847864910612,0.029101022217984163,0.014517567861025649,-0.034821996186199744,0.05709218725188003,0.0855530864366949,0.023712596244313433,0.03092895573916421,0.016800393654703316,False,False,False
lfm25,173,cap128_chunk-1_polfcfs_mem0.8,128,-1,fcfs,0.8,0,tool_agent,5.244339557570979,1087.2302553778277,15071.52390261872,13984.293647240893,317.8212407510728,531.815486238338,554.4574045808986,320.4057120671496,3.2748075978209576,37.18755654990673,7.414083384842216,502.5543258525431,2086.728259478696,2550.2259583352075,900.1165229966864,1,,-0.001673192425728498,-0.001673192425728387,-0.001673192425728498,-0.001673192425728609,0.03103808565121713,0.006253025802110845,-0.010431941645467235,0.019911952240857067,0.023759518396697432,0.01705763463571175,0.05648340756567838,0.09584004241737087,0.02422935058248321,0.03130793804875187,0.01836925021235447,False,False,False
lfm25,174,cap128_chunk-1_polfcfs_mem0.85,128,-1,fcfs,0.85,0,tool_agent,5.2411685749681896,1086.5728631195302,15062.410926700955,13975.838063581426,313.8780943118036,532.1702152257785,599.873039573431,324.21670794487,3.329444676637649,39.34330577030776,7.445725508517392,509.1688269749284,2111.82346676942,2562.011966980056,909.0068708732724,1,,-0.002276829338244246,-0.002276829338244246,-0.002276829338244135,-0.002276829338244246,0.043059808029881075,0.005590181512970971,-0.09319647480424642,0.008254508664974902,0.0074718659028849554,-0.03992317922844957,0.05245662945195706,0.0839397029981438,0.012494633038832248,0.026831074742173833,0.008673795647303306,False,False,False
lfm25,175,cap128_chunk-1_polfcfs_mem0.9,128,-1,fcfs,0.9,0,tool_agent,5.252674439660998,1088.9582014583198,15095.477228536354,14006.519027078037,319.21456451527774,532.5718647567555,539.4615824287757,324.66506831813604,3.304330762475729,33.76761754043397,7.24251202416961,566.75840402022,2093.0740135489027,2717.9337725928003,913.2856193929912,1,,-8.654149721942783e-05,-8.654149721953885e-05,-8.654149721931681e-05,-8.654149721931681e-05,0.02679017050658694,0.004839661799978745,0.016896140852038166,0.006883020497389425,0.014958479673016223,0.10745354260189921,0.07831758681325673,-0.019671363228655814,0.02126202575616576,-0.03239513417022,0.00400756520906953,False,False,False
lfm25,176,cap128_chunk2048_pollpm_mem0.75,128,2048,lpm,0.75,0,tool_agent,5.274536499917342,1093.4905344803635,15158.30583833495,14064.815303854586,168.463567038998,566.0492422757663,670.1869543455539,216.16806951351464,5.092000854866845,150.5508540198207,30.7349089996028,667.580925161019,2196.2531885132184,2767.060677180992,932.698706893716,1,,0.0040751800280780515,0.004075180028077829,0.0040751800280780515,0.004075180028077829,0.4863943642332501,-0.05771594907346622,-0.22133512863211457,0.3387641566360041,-0.5179570763752137,-2.979363698156914,-2.9113259323966107,-0.20106406397477583,-0.026985373062521578,-0.05105577180794674,-0.0171635644748811,False,False,False
lfm25,177,cap128_chunk2048_pollpm_mem0.8,128,2048,lpm,0.8,0,tool_agent,5.274342030699791,1093.4502180945271,15157.746960057057,14064.296741962527,170.4702782444656,571.2307569105176,665.0247840676456,213.7522686086595,5.958755165338516,153.71963046491146,30.20070873280299,664.4030390307307,2239.03559311293,2784.6431587776106,939.2805425822736,1,,0.004038160336466312,0.00403816033646609,0.004038160336466534,0.00403816033646609,0.48027637562241987,-0.06739809377080697,-0.21192769409536405,0.34615384259802606,-0.7763419189075305,-3.063120871341124,-2.843343581882598,-0.19534663753756543,-0.04699076405211433,-0.05773439975320027,-0.0243414488230409,False,False,False
lfm25,178,cap128_chunk2048_pollpm_mem0.85,128,2048,lpm,0.85,0,tool_agent,5.274462982971879,1093.475293314815,15158.094560558478,14064.619267243665,164.9217561352998,540.8316748682402,651.0565599612889,203.8151711132377,5.022962404681103,151.19152013212442,28.683505959063176,626.7453061882406,2160.4025779059148,2758.410626174876,914.1072223009542,1,,0.004061185141465362,0.00406118514146514,0.004061185141465584,0.004061185141465362,0.4971925093333026,-0.010594565893906838,-0.18647228545889116,0.3765503995815017,-0.4973762856431656,-2.996297799836637,-2.65026428713963,-0.12759552610943659,-0.010221343805045358,-0.04777008815402928,0.0031115582388981933,False,False,False
lfm25,179,cap128_chunk2048_pollpm_mem0.9,128,2048,lpm,0.9,0,tool_agent,5.20955663505236,1080.01923379588,14971.56247899475,13891.54324519887,183.52537625469267,602.2967318771406,696.7030070070176,222.43351792218164,6.149119923689536,161.01538352668285,32.25600212125988,686.0357210971415,2275.992868980393,2861.5470949606915,968.4130478231236,1,,-0.008294564595649367,-0.00829456459564959,-0.008294564595649256,-0.008294564595649478,0.44047446455408945,-0.1254477734481556,-0.2696574458275143,0.31959879575785877,-0.833090835545123,-3.255962387078444,-3.1049003129943973,-0.2342666187085234,-0.06427227874387653,-0.08694602010780872,-0.05611218320258682,False,False,False
lfm25,180,cap128_chunk2048_polfcfs_mem0.75,128,2048,fcfs,0.75,0,tool_agent,5.241991270483595,1086.7434202403065,15064.775242548336,13978.03182230803,195.94200351275504,534.9648697301745,619.7248128382488,233.6766778375022,3.799778715388211,110.95676287077364,19.22407417877824,593.5014372225851,2153.9755843346934,2669.2655032640264,921.7952415719628,1,,-0.00212021877203572,-0.002120218772035831,-0.00212021877203572,-0.0021202187720359422,0.40261910004385326,0.00036810820082333606,-0.12937394423535165,0.2852071284528108,-0.13273763184281395,-1.932811753926226,-1.4464565638617355,-0.06778552426957773,-0.007216030745088364,-0.013908707109276497,-0.005272685276882516,False,False,False
lfm25,181,cap128_chunk2048_polfcfs_mem0.8,128,2048,fcfs,0.8,0,tool_agent,5.243764790124273,1087.1110974646135,15069.872098570491,13982.76100110588,199.3507461156696,590.2926859213035,655.1278608059511,244.86358762718737,3.970010904595256,112.32534898445006,19.576017883954677,656.3009237870574,2177.219217526726,2784.587672697375,936.4177460223436,1,,-0.0017826067273518653,-0.0017826067273520874,-0.0017826067273518653,-0.0017826067273519763,0.39222664877081415,-0.10301709089860789,-0.19389174163984757,0.25098752448416395,-0.1834849045944864,-1.968986254124336,-1.4912449359638993,-0.18076988872016742,-0.018084937586019256,-0.05771332361079118,-0.02121939844198839,False,False,False
lfm25,182,cap128_chunk2048_polfcfs_mem0.85,128,2048,fcfs,0.85,0,tool_agent,5.246287660763578,1087.634126391201,15077.12248820032,13989.48836180912,190.5283930245787,546.6269278898835,640.4938114667311,234.57469248445705,3.8470782106742254,112.19504969194531,19.174412484491278,589.8190659936517,2159.9681615596637,2658.821421628812,921.3452848559244,1,,-0.0013023461790767632,-0.0013023461790767632,-0.0013023461790765412,-0.0013023461790766522,0.41912392007968746,-0.02142353816717435,-0.16722294658761006,0.2824601942096141,-0.1468379051194293,-1.965542180174276,-1.440136614363468,-0.061160464165861184,-0.010018207283376324,-0.009941568847925186,-0.004781980643368877,False,False,False
lfm25,183,cap128_chunk2048_polfcfs_mem0.9,128,2048,fcfs,0.9,0,tool_agent,5.244438872836066,1087.250844922009,15071.80932128302,13984.558476361011,195.93056477606297,546.4140839641914,625.4264479409902,233.15536445006728,3.838276397436857,110.1386823225766,19.24469758824094,604.9426330719143,2162.919017998501,2674.668868337752,921.3842270616442,1,,-0.0016542865005019225,-0.0016542865005020335,-0.0016542865005018115,-0.0016542865005021445,0.40265397405094194,-0.021025819385743105,-0.13976448854014212,0.28680177237118987,-0.14421402993373933,-1.9111882297233342,-1.4490810998981671,-0.08836970914605868,-0.01139805110855252,-0.01596115145744692,-0.004824449441154899,False,False,False
lfm25,184,cap128_chunk8192_pollpm_mem0.75,128,8192,lpm,0.75,0,tool_agent,5.249724721566094,1088.3466806514746,15087.00013694354,13998.653456292066,260.2201602421701,531.8650167202577,628.5035723960027,278.41292436933145,3.665117242445166,74.74720892496407,15.29707145068983,499.11290337331593,2090.4227208578955,2558.543248311609,902.2775784763508,1,,-0.0006480578934411341,-0.0006480578934412451,-0.0006480578934411341,-0.0006480578934412451,0.20665017849487755,0.006160473464294602,-0.14537217780910083,0.14836356144966312,-0.09259421050508321,-0.9757199762904856,-0.9467060161323466,0.10203160468790429,0.02250179120197726,0.028148652201647306,0.016012490330008178,False,False,False
lfm25,185,cap128_chunk8192_pollpm_mem0.8,128,8192,lpm,0.8,0,tool_agent,5.256965720649744,1089.8478483765016,15107.809790775074,14017.961942398571,226.04871541261676,497.2978140693157,539.4117512740195,246.84435815550387,3.590825736700069,47.95652078464627,11.808251835464612,506.7836761008948,2040.6980117084456,2567.8965083835583,855.9873802214861,1,,0.0007303584770994576,0.0007303584770992355,0.0007303584770994576,0.0007303584770990135,0.31083084470793665,0.07075252452289083,0.01698695213896262,0.24492855160371252,-0.07044745128909535,-0.2675878801405167,-0.5027186714923897,0.08823089661076655,0.04575345874347925,0.024595857691243506,0.06649471219775271,False,False,False
lfm25,186,cap128_chunk8192_pollpm_mem0.85,128,8192,lpm,0.85,0,tool_agent,5.2772013028702816,1094.0429881045525,15165.9641222733,14071.921134168748,228.46382204443216,526.1729878839105,570.9423034405336,255.0103187165223,3.578996913426596,69.08329902216792,13.360112705255226,503.7374428939074,2079.022610024549,2568.385699288913,870.6486001354642,1,,0.004582459199386157,0.004582459199386157,0.004582459199386157,0.004582459199385935,0.30346775487860345,0.016796561693271372,-0.04047368736831625,0.21994971994465207,-0.06692120561378334,-0.8260113771360025,-0.7002085571322669,0.09371146248301154,0.02783257325314148,0.024410040687363077,0.05050577751066787,True,True,True
lfm25,187,cap128_chunk8192_pollpm_mem0.9,128,8192,lpm,0.9,0,tool_agent,5.272679545704709,1093.1055600177715,15152.969202616663,14059.863642598892,262.33144546858966,539.2183027230203,564.3070605536923,281.9602118432522,3.606062994471618,80.79741378314793,15.099128656199898,561.8696422316134,2082.7570867957547,2678.25269422959,902.962550073862,1,,0.0037216851503039106,0.0037216851503036885,0.0037216851503041326,0.0037216851503039106,0.20021336838774528,-0.007579829149575001,-0.028381755151254406,0.13751277469956036,-0.07498977245480565,-1.135639132749736,-0.9215158070046889,-0.010875851133680614,0.02608630235863396,-0.017322451887117563,0.015265487952349721,False,False,False
lfm25,188,cap128_chunk8192_polfcfs_mem0.75,128,8192,fcfs,0.75,0,tool_agent,5.218200330884768,1081.8112015973757,14996.403293918154,13914.592092320778,219.29387748241425,506.7270301980897,531.2769777141511,249.7393222991377,3.382317166529253,31.963811442255903,9.592111573300407,520.3913687728345,2143.7005628831685,2581.457710335957,860.3329621255398,1,,-0.006649127039350611,-0.006649127039350611,-0.006649127039350389,-0.006649127039350722,0.33142475050384024,0.053133152316742316,0.03181159867634098,0.23607315468347234,-0.008289751674187551,0.155131787619751,-0.22069255983729752,0.06374890492123819,-0.002411349393315998,0.01944469505058788,0.06175559596806923,False,False,False
lfm25,189,cap128_chunk8192_polfcfs_mem0.8,128,8192,fcfs,0.8,0,tool_agent,5.256329844962631,1089.7160218084275,15105.98236989353,14016.266348085102,228.73404808342457,506.5773973008613,537.9297477891669,252.88253139471635,3.3324573987296646,30.40111172012982,10.011766857080582,485.6987474486232,2100.051379599608,2548.4002718422503,862.6284746266901,1,,0.0006093114438627811,0.000609311443862337,0.0006093114438627811,0.0006093114438625591,0.3026438994955265,0.0534127553796635,0.0196877252666241,0.226458402042799,0.006573754738124271,0.19643710326100094,-0.27409791054576615,0.1261653988429976,0.017999354168912074,0.03200141699619918,0.0592522026849982,False,False,False
lfm25,190,cap128_chunk8192_polfcfs_mem0.85,128,8192,fcfs,0.85,0,tool_agent,5.2521255872916965,1088.844416129378,15093.899900922052,14005.055484792674,229.93606515228748,523.2661925256252,530.414441684261,255.9135773731396,3.292445391995338,34.54076917842028,9.83792630138357,501.2360191904008,2052.372179273516,2566.197117888363,857.465237530414,1,,-0.00019102253389891022,-0.00019102253389902124,-0.0001910225338987992,-0.00019102253389902124,0.298979233290798,0.022228180678909415,0.03338346686354621,0.2171867448164183,0.018501582421871277,0.08701758040557572,-0.2519749534350506,0.09821184589095844,0.040294525595555464,0.02524136366198715,0.06488302066540275,False,False,False
lfm25,191,cap128_chunk8192_polfcfs_mem0.9,128,8192,fcfs,0.9,0,tool_agent,5.247551091461696,1087.8960545263817,15080.753417463566,13992.857362937184,224.5004177093506,512.7384975086898,528.104035211727,251.868449493777,3.2838173184312334,34.1788197867572,9.583436189558476,489.723214879632,2068.2420070050284,2535.578462081026,851.5368416369893,1,,-0.0010618360592423715,-0.0010618360592421494,-0.0010618360592422604,-0.0010618360592425935,0.31555123879800206,0.04190016342306979,0.03759390481377489,0.22956037405243412,0.021073664732030428,0.0965846351999935,-0.21958853010342905,0.11892486361222288,0.0328736685475034,0.036871724780084825,0.07134828994690212,False,False,False
