model,regime,configuration,repeat,idx,ttft_ms,e2e_ms,output_tokens
qwen,C64_O512,baseline,1,25,92.698,4290.353,512
qwen,C64_O512,baseline,1,5,117.32,4315.026,512
qwen,C64_O512,baseline,1,1,123.459,4320.743,512
qwen,C64_O512,baseline,1,30,88.83,4286.909,512
qwen,C64_O512,baseline,1,18,101.874,4302.486,512
qwen,C64_O512,baseline,1,11,112.429,4311.384,512
qwen,C64_O512,baseline,1,29,90.054,4289.664,512
qwen,C64_O512,baseline,1,19,100.803,4303.147,512
qwen,C64_O512,baseline,1,21,99.199,4300.957,512
qwen,C64_O512,baseline,1,6,117.905,4319.505,512
qwen,C64_O512,baseline,1,16,105.212,4308.25,512
qwen,C64_O512,baseline,1,26,92.656,4295.824,512
qwen,C64_O512,baseline,1,13,108.928,4313.449,512
qwen,C64_O512,baseline,1,28,88.794,4294.135,512
qwen,C64_O512,baseline,1,23,96.823,4301.575,512
qwen,C64_O512,baseline,1,10,113.189,4316.903,512
qwen,C64_O512,baseline,1,3,111.661,4325.267,512
qwen,C64_O512,baseline,1,7,117.004,4320.752,512
qwen,C64_O512,baseline,1,9,114.046,4318.815,512
qwen,C64_O512,baseline,1,0,123.091,4328.969,512
qwen,C64_O512,baseline,1,17,102.624,4310.426,512
qwen,C64_O512,baseline,1,24,94.414,4302.302,512
qwen,C64_O512,baseline,1,20,100.204,4307.349,512
qwen,C64_O512,baseline,1,4,120.177,4327.017,512
qwen,C64_O512,baseline,1,14,106.485,4315.316,512
qwen,C64_O512,baseline,1,22,99.448,4305.509,512
qwen,C64_O512,baseline,1,8,114.301,4322.781,512
qwen,C64_O512,baseline,1,27,91.953,4299.386,512
qwen,C64_O512,baseline,1,12,110.655,4319.396,512
qwen,C64_O512,baseline,1,15,106.889,4315.262,512
qwen,C64_O512,baseline,1,32,87.82,4294.883,512
qwen,C64_O512,baseline,1,2,120.484,4330.212,512
qwen,C64_O512,baseline,1,60,4304.115,8552.181,512
qwen,C64_O512,baseline,1,50,4318.219,8566.276,512
qwen,C64_O512,baseline,1,58,4305.614,8556.34,512
qwen,C64_O512,baseline,1,35,4334.44,8586.624,512
qwen,C64_O512,baseline,1,39,4330.335,8582.593,512
qwen,C64_O512,baseline,1,40,4328.124,8582.113,512
qwen,C64_O512,baseline,1,56,4306.999,8561.064,512
qwen,C64_O512,baseline,1,47,4319.798,8573.521,512
qwen,C64_O512,baseline,1,48,4318.954,8572.961,512
qwen,C64_O512,baseline,1,33,4339.111,8592.442,512
qwen,C64_O512,baseline,1,54,4312.234,8564.668,512
qwen,C64_O512,baseline,1,51,4313.946,8569.25,512
qwen,C64_O512,baseline,1,34,4337.263,8592.427,512
qwen,C64_O512,baseline,1,44,4323.578,8580.214,512
qwen,C64_O512,baseline,1,53,4310.805,8567.546,512
qwen,C64_O512,baseline,1,42,4327.07,8582.771,512
qwen,C64_O512,baseline,1,41,4330.319,8584.139,512
qwen,C64_O512,baseline,1,43,4326.148,8582.364,512
qwen,C64_O512,baseline,1,52,4315.283,8569.749,512
qwen,C64_O512,baseline,1,62,4303.314,8558.83,512
qwen,C64_O512,baseline,1,37,4334.984,8590.819,512
qwen,C64_O512,baseline,1,49,4318.89,8575.842,512
qwen,C64_O512,baseline,1,36,4333.535,8592.241,512
qwen,C64_O512,baseline,1,63,4299.927,8556.973,512
qwen,C64_O512,baseline,1,38,4334.222,8590.352,512
qwen,C64_O512,baseline,1,59,4305.764,8562.878,512
qwen,C64_O512,baseline,1,57,4305.7,8565.326,512
qwen,C64_O512,baseline,1,46,4321.452,8580.549,512
qwen,C64_O512,baseline,1,31,4341.766,8600.806,512
qwen,C64_O512,baseline,1,45,4325.128,8582.973,512
qwen,C64_O512,baseline,1,55,4309.069,8568.737,512
qwen,C64_O512,baseline,1,61,4304.972,8561.995,512
qwen,C128_O256,baseline,1,17,108.54,2165.159,256
qwen,C128_O256,baseline,1,25,96.541,2155.836,256
qwen,C128_O256,baseline,1,21,101.618,2161.423,256
qwen,C128_O256,baseline,1,6,118.981,2180.477,256
qwen,C128_O256,baseline,1,3,121.856,2184.609,256
qwen,C128_O256,baseline,1,11,112.136,2175.295,256
qwen,C128_O256,baseline,1,30,91.103,2153.96,256
qwen,C128_O256,baseline,1,14,109.661,2172.743,256
qwen,C128_O256,baseline,1,15,110.632,2171.621,256
qwen,C128_O256,baseline,1,23,97.451,2161.976,256
qwen,C128_O256,baseline,1,20,104.214,2165.553,256
qwen,C128_O256,baseline,1,27,93.518,2157.552,256
qwen,C128_O256,baseline,1,22,102.714,2164.484,256
qwen,C128_O256,baseline,1,0,115.695,2190.421,256
qwen,C128_O256,baseline,1,13,110.821,2175.135,256
qwen,C128_O256,baseline,1,29,101.116,2156.845,256
qwen,C128_O256,baseline,1,19,103.294,2168.617,256
qwen,C128_O256,baseline,1,5,119.555,2185.596,256
qwen,C128_O256,baseline,1,12,114.257,2177.393,256
qwen,C128_O256,baseline,1,16,106.592,2172.947,256
qwen,C128_O256,baseline,1,1,124.636,2190.709,256
qwen,C128_O256,baseline,1,24,96.591,2164.08,256
qwen,C128_O256,baseline,1,9,116.601,2182.312,256
qwen,C128_O256,baseline,1,2,124.154,2190.399,256
qwen,C128_O256,baseline,1,10,113.702,2181.336,256
qwen,C128_O256,baseline,1,7,117.171,2185.117,256
qwen,C128_O256,baseline,1,31,87.879,2155.304,256
qwen,C128_O256,baseline,1,8,116.349,2184.171,256
qwen,C128_O256,baseline,1,4,120.363,2189.019,256
qwen,C128_O256,baseline,1,18,106.58,2172.305,256
qwen,C128_O256,baseline,1,26,95.197,2162.589,256
qwen,C128_O256,baseline,1,28,91.702,2160.665,256
qwen,C128_O256,baseline,1,33,2212.341,4288.78,256
qwen,C128_O256,baseline,1,74,2160.153,4236.78,256
qwen,C128_O256,baseline,1,40,2205.399,4282.375,256
qwen,C128_O256,baseline,1,56,2183.877,4260.521,256
qwen,C128_O256,baseline,1,79,2154.363,4231.851,256
qwen,C128_O256,baseline,1,50,2191.299,4270.26,256
qwen,C128_O256,baseline,1,57,2181.442,4259.827,256
qwen,C128_O256,baseline,1,62,2175.621,4254.234,256
qwen,C128_O256,baseline,1,124,2084.759,4163.148,256
qwen,C128_O256,baseline,1,107,2114.043,4193.581,256
qwen,C128_O256,baseline,1,119,2092.998,4172.718,256
qwen,C128_O256,baseline,1,76,2158.181,4238.091,256
qwen,C128_O256,baseline,1,102,2122.041,4202.357,256
qwen,C128_O256,baseline,1,73,2161.776,4241.537,256
qwen,C128_O256,baseline,1,120,2090.012,4170.416,256
qwen,C128_O256,baseline,1,52,2188.979,4268.508,256
qwen,C128_O256,baseline,1,32,2213.687,4295.063,256
qwen,C128_O256,baseline,1,80,2152.17,4233.535,256
qwen,C128_O256,baseline,1,67,2169.889,4250.358,256
qwen,C128_O256,baseline,1,127,2080.742,4162.119,256
qwen,C128_O256,baseline,1,95,2134.85,4216.044,256
qwen,C128_O256,baseline,1,69,2166.932,4248.905,256
qwen,C128_O256,baseline,1,54,2185.285,4268.042,256
qwen,C128_O256,baseline,1,92,2137.859,4220.219,256
qwen,C128_O256,baseline,1,49,2193.353,4276.542,256
qwen,C128_O256,baseline,1,65,2170.547,4254.662,256
qwen,C128_O256,baseline,1,84,2150.013,4231.894,256
qwen,C128_O256,baseline,1,104,2121.12,4202.829,256
qwen,C128_O256,baseline,1,39,2207.078,4290.493,256
qwen,C128_O256,baseline,1,96,2133.007,4216.449,256
qwen,C128_O256,baseline,1,109,2113.793,4196.449,256
qwen,C128_O256,baseline,1,122,2089.125,4172.484,256
qwen,C128_O256,baseline,1,72,4298.752,6384.371,256
qwen,C128_O256,baseline,1,78,4291.462,6377.237,256
qwen,C128_O256,baseline,1,37,4346.252,6431.021,256
qwen,C128_O256,baseline,1,35,4350.19,6434.052,256
qwen,C128_O256,baseline,1,34,4349.541,6436.092,256
qwen,C128_O256,baseline,1,51,4328.548,6415.17,256
qwen,C128_O256,baseline,1,42,4338.349,6426.767,256
qwen,C128_O256,baseline,1,55,4320.721,6409.709,256
qwen,C128_O256,baseline,1,66,4310.032,6396.02,256
qwen,C128_O256,baseline,1,36,4346.676,6435.563,256
qwen,C128_O256,baseline,1,63,4313.479,6401.098,256
qwen,C128_O256,baseline,1,77,4295.245,6383.124,256
qwen,C128_O256,baseline,1,68,4304.86,6394.593,256
qwen,C128_O256,baseline,1,53,4322.761,6413.888,256
qwen,C128_O256,baseline,1,46,4335.164,6424.644,256
qwen,C128_O256,baseline,1,71,4300.971,6391.369,256
qwen,C128_O256,baseline,1,81,4289.038,6379.027,256
qwen,C128_O256,baseline,1,59,4316.868,6406.82,256
qwen,C128_O256,baseline,1,61,4313.525,6404.752,256
qwen,C128_O256,baseline,1,45,4335.32,6427.268,256
qwen,C128_O256,baseline,1,70,4303.233,6393.801,256
qwen,C128_O256,baseline,1,47,4333.806,6424.798,256
qwen,C128_O256,baseline,1,44,4337.183,6428.813,256
qwen,C128_O256,baseline,1,58,4318.989,6409.567,256
qwen,C128_O256,baseline,1,38,4343.772,6436.746,256
qwen,C128_O256,baseline,1,82,4287.408,6380.269,256
qwen,C128_O256,baseline,1,64,4311.514,6402.662,256
qwen,C128_O256,baseline,1,43,4340.319,6430.982,256
qwen,C128_O256,baseline,1,48,4331.59,6425.233,256
qwen,C128_O256,baseline,1,41,4339.721,6433.448,256
qwen,C128_O256,baseline,1,75,4296.273,6389.692,256
qwen,C128_O256,baseline,1,60,4315.572,6408.727,256
qwen,C128_O256,baseline,1,106,6399.82,8469.589,256
qwen,C128_O256,baseline,1,97,6416.863,8487.064,256
qwen,C128_O256,baseline,1,108,6400.337,8469.705,256
qwen,C128_O256,baseline,1,88,6427.243,8500.042,256
qwen,C128_O256,baseline,1,98,6416.82,8488.306,256
qwen,C128_O256,baseline,1,105,6400.698,8474.275,256
qwen,C128_O256,baseline,1,116,6383.582,8457.473,256
qwen,C128_O256,baseline,1,126,6366.484,8440.088,256
qwen,C128_O256,baseline,1,90,6423.565,8498.582,256
qwen,C128_O256,baseline,1,94,6422.557,8494.726,256
qwen,C128_O256,baseline,1,113,6392.988,8465.568,256
qwen,C128_O256,baseline,1,111,6393.554,8468.084,256
qwen,C128_O256,baseline,1,123,6372.813,8446.979,256
qwen,C128_O256,baseline,1,117,6383.238,8456.981,256
qwen,C128_O256,baseline,1,110,6396.682,8469.762,256
qwen,C128_O256,baseline,1,99,6415.084,8490.75,256
qwen,C128_O256,baseline,1,125,6368.731,8443.382,256
qwen,C128_O256,baseline,1,89,6427.079,8502.294,256
qwen,C128_O256,baseline,1,83,6435.365,8510.451,256
qwen,C128_O256,baseline,1,101,6411.01,8485.442,256
qwen,C128_O256,baseline,1,91,6422.609,8500.253,256
qwen,C128_O256,baseline,1,112,6393.225,8468.795,256
qwen,C128_O256,baseline,1,100,6410.619,8488.578,256
qwen,C128_O256,baseline,1,87,6429.05,8506.379,256
qwen,C128_O256,baseline,1,103,6406.081,8483.808,256
qwen,C128_O256,baseline,1,115,6384.011,8462.571,256
qwen,C128_O256,baseline,1,85,6430.383,8509.555,256
qwen,C128_O256,baseline,1,93,6421.806,8499.602,256
qwen,C128_O256,baseline,1,118,6379.794,8457.909,256
qwen,C128_O256,baseline,1,86,6429.999,8508.724,256
qwen,C128_O256,baseline,1,121,6376.081,8452.794,256
qwen,C128_O256,baseline,1,114,6390.017,8469.103,256
qwen,C128_O256,baseline,2,18,120.263,2159.272,256
qwen,C128_O256,baseline,2,26,110.66,2150.439,256
qwen,C128_O256,baseline,2,30,103.053,2146.334,256
qwen,C128_O256,baseline,2,29,104.26,2148.476,256
qwen,C128_O256,baseline,2,16,115.895,2165.05,256
qwen,C128_O256,baseline,2,22,111.348,2158.685,256
qwen,C128_O256,baseline,2,11,124.087,2171.515,256
qwen,C128_O256,baseline,2,2,133.6,2183.147,256
qwen,C128_O256,baseline,2,8,128.224,2175.776,256
qwen,C128_O256,baseline,2,7,129.148,2177.444,256
qwen,C128_O256,baseline,2,10,125.446,2174.174,256
qwen,C128_O256,baseline,2,21,113.212,2161.074,256
qwen,C128_O256,baseline,2,15,120.406,2169.043,256
qwen,C128_O256,baseline,2,12,128.881,2172.188,256
qwen,C128_O256,baseline,2,19,112.338,2164.081,256
qwen,C128_O256,baseline,2,4,130.373,2182.145,256
qwen,C128_O256,baseline,2,17,117.117,2166.441,256
qwen,C128_O256,baseline,2,5,129.28,2181.22,256
qwen,C128_O256,baseline,2,31,101.74,2149.928,256
qwen,C128_O256,baseline,2,25,114.181,2157.363,256
qwen,C128_O256,baseline,2,6,127.873,2180.945,256
qwen,C128_O256,baseline,2,1,138.096,2186.57,256
qwen,C128_O256,baseline,2,27,108.954,2155.635,256
qwen,C128_O256,baseline,2,14,121.731,2172.067,256
qwen,C128_O256,baseline,2,20,113.911,2164.905,256
qwen,C128_O256,baseline,2,28,103.388,2155.25,256
qwen,C128_O256,baseline,2,3,136.45,2186.712,256
qwen,C128_O256,baseline,2,0,136.457,2189.175,256
qwen,C128_O256,baseline,2,13,121.68,2174.029,256
qwen,C128_O256,baseline,2,9,130.739,2179.169,256
qwen,C128_O256,baseline,2,23,107.175,2162.428,256
qwen,C128_O256,baseline,2,24,108.998,2161.492,256
qwen,C128_O256,baseline,2,69,2089.215,4166.092,256
qwen,C128_O256,baseline,2,50,2185.5,4263.217,256
qwen,C128_O256,baseline,2,109,2028.755,4105.601,256
qwen,C128_O256,baseline,2,127,1997.904,4075.918,256
qwen,C128_O256,baseline,2,52,2183.002,4261.216,256
qwen,C128_O256,baseline,2,32,2209.539,4288.304,256
qwen,C128_O256,baseline,2,80,2075.263,4152.831,256
qwen,C128_O256,baseline,2,107,2029.542,4110.798,256
qwen,C128_O256,baseline,2,54,2181.895,4260.896,256
qwen,C128_O256,baseline,2,104,2035.127,4116.471,256
qwen,C128_O256,baseline,2,92,2054.143,4135.839,256
qwen,C128_O256,baseline,2,62,2101.66,4181.686,256
qwen,C128_O256,baseline,2,122,2005.214,4087.478,256
qwen,C128_O256,baseline,2,76,2078.549,4160.856,256
qwen,C128_O256,baseline,2,119,2009.177,4091.925,256
qwen,C128_O256,baseline,2,84,2067.68,4150.651,256
qwen,C128_O256,baseline,2,102,2037.904,4120.866,256
qwen,C128_O256,baseline,2,65,2097.271,4179.449,256
qwen,C128_O256,baseline,2,40,2198.649,4281.931,256
qwen,C128_O256,baseline,2,124,2005.418,4087.881,256
qwen,C128_O256,baseline,2,67,2094.775,4177.9,256
qwen,C128_O256,baseline,2,96,2049.355,4133.4,256
qwen,C128_O256,baseline,2,39,2200.149,4284.444,256
qwen,C128_O256,baseline,2,57,2114.319,4196.474,256
qwen,C128_O256,baseline,2,73,2085.869,4169.276,256
qwen,C128_O256,baseline,2,79,2074.551,4158.574,256
qwen,C128_O256,baseline,2,49,2187.863,4272.822,256
qwen,C128_O256,baseline,2,120,2009.714,4093.357,256
qwen,C128_O256,baseline,2,74,2084.17,4167.715,256
qwen,C128_O256,baseline,2,95,2050.399,4136.014,256
qwen,C128_O256,baseline,2,56,2179.081,4263.053,256
qwen,C128_O256,baseline,2,33,2209.521,4293.231,256
qwen,C128_O256,baseline,2,48,4328.447,6405.949,256
qwen,C128_O256,baseline,2,66,4236.565,6313.547,256
qwen,C128_O256,baseline,2,83,4213.763,6288.784,256
qwen,C128_O256,baseline,2,46,4335.022,6411.173,256
qwen,C128_O256,baseline,2,63,4241.812,6319.425,256
qwen,C128_O256,baseline,2,61,4242.335,6322.669,256
qwen,C128_O256,baseline,2,58,4247.237,6327.174,256
qwen,C128_O256,baseline,2,47,4329.898,6410.889,256
qwen,C128_O256,baseline,2,41,4340.37,6418.639,256
qwen,C128_O256,baseline,2,75,4225.073,6302.751,256
qwen,C128_O256,baseline,2,81,4215.283,6293.772,256
qwen,C128_O256,baseline,2,68,4235.241,6315.289,256
qwen,C128_O256,baseline,2,35,4346.08,6427.908,256
qwen,C128_O256,baseline,2,42,4339.626,6418.814,256
qwen,C128_O256,baseline,2,44,4335.391,6416.728,256
qwen,C128_O256,baseline,2,78,4217.297,6299.78,256
qwen,C128_O256,baseline,2,71,4227.925,6310.449,256
qwen,C128_O256,baseline,2,37,4345.109,6426.555,256
qwen,C128_O256,baseline,2,51,4327.29,6408.302,256
qwen,C128_O256,baseline,2,34,4345.974,6430.435,256
qwen,C128_O256,baseline,2,64,4239.399,6323.089,256
qwen,C128_O256,baseline,2,60,4244.4,6327.101,256
qwen,C128_O256,baseline,2,36,4345.284,6428.588,256
qwen,C128_O256,baseline,2,70,4230.75,6312.93,256
qwen,C128_O256,baseline,2,59,4245.764,6329.036,256
qwen,C128_O256,baseline,2,72,4225.828,6310.869,256
qwen,C128_O256,baseline,2,45,4333.076,6417.934,256
qwen,C128_O256,baseline,2,43,4337.206,6420.587,256
qwen,C128_O256,baseline,2,53,4322.764,6406.716,256
qwen,C128_O256,baseline,2,55,4318.385,6404.064,256
qwen,C128_O256,baseline,2,77,4219.17,6304.521,256
qwen,C128_O256,baseline,2,38,4344.531,6427.453,256
qwen,C128_O256,baseline,2,89,6337.529,8416.671,256
qwen,C128_O256,baseline,2,94,6330.276,8409.314,256
qwen,C128_O256,baseline,2,90,6337.135,8417.128,256
qwen,C128_O256,baseline,2,93,6331.132,8412.976,256
qwen,C128_O256,baseline,2,111,6304.617,8386.612,256
qwen,C128_O256,baseline,2,97,6323.643,8407.455,256
qwen,C128_O256,baseline,2,99,6321.816,8404.248,256
qwen,C128_O256,baseline,2,101,6318.457,8401.634,256
qwen,C128_O256,baseline,2,91,6336.208,8418.306,256
qwen,C128_O256,baseline,2,82,6349.118,8432.367,256
qwen,C128_O256,baseline,2,88,6339.727,8422.721,256
qwen,C128_O256,baseline,2,108,6308.975,8391.373,256
qwen,C128_O256,baseline,2,114,6297.362,8381.591,256
qwen,C128_O256,baseline,2,103,6316.242,8399.534,256
qwen,C128_O256,baseline,2,85,6342.766,8428.736,256
qwen,C128_O256,baseline,2,112,6301.184,8386.457,256
qwen,C128_O256,baseline,2,121,6286.426,8370.824,256
qwen,C128_O256,baseline,2,106,6309.689,8395.467,256
qwen,C128_O256,baseline,2,98,6321.982,8408.35,256
qwen,C128_O256,baseline,2,87,6339.732,8426.089,256
qwen,C128_O256,baseline,2,110,6305.539,8391.664,256
qwen,C128_O256,baseline,2,113,6298.736,8385.136,256
qwen,C128_O256,baseline,2,123,6284.12,8369.998,256
qwen,C128_O256,baseline,2,105,6313.493,8399.583,256
qwen,C128_O256,baseline,2,126,6277.856,8365.417,256
qwen,C128_O256,baseline,2,100,6320.001,8407.626,256
qwen,C128_O256,baseline,2,116,6292.511,8380.671,256
qwen,C128_O256,baseline,2,118,6288.352,8376.991,256
qwen,C128_O256,baseline,2,117,6291.265,8379.463,256
qwen,C128_O256,baseline,2,86,6342.199,8429.311,256
qwen,C128_O256,baseline,2,115,6293.836,8382.714,256
qwen,C128_O256,baseline,2,125,6281.016,8369.838,256
qwen,C64_O512,baseline,2,9,109.168,4304.296,512
qwen,C64_O512,baseline,2,17,98.357,4294.382,512
qwen,C64_O512,baseline,2,7,108.801,4307.076,512
qwen,C64_O512,baseline,2,11,105.113,4303.227,512
qwen,C64_O512,baseline,2,6,111.754,4311.947,512
qwen,C64_O512,baseline,2,27,84.691,4285.845,512
qwen,C64_O512,baseline,2,28,83.977,4285.141,512
qwen,C64_O512,baseline,2,18,96.061,4298.21,512
qwen,C64_O512,baseline,2,14,100.417,4303.606,512
qwen,C64_O512,baseline,2,21,93.342,4295.963,512
qwen,C64_O512,baseline,2,2,115.488,4318.219,512
qwen,C64_O512,baseline,2,25,86.5,4290.225,512
qwen,C64_O512,baseline,2,22,90.173,4294.27,512
qwen,C64_O512,baseline,2,8,108.415,4312.734,512
qwen,C64_O512,baseline,2,5,112.816,4315.989,512
qwen,C64_O512,baseline,2,31,78.787,4283.919,512
qwen,C64_O512,baseline,2,19,94.772,4299.891,512
qwen,C64_O512,baseline,2,4,113.404,4318.068,512
qwen,C64_O512,baseline,2,23,91.9,4295.216,512
qwen,C64_O512,baseline,2,15,98.956,4305.71,512
qwen,C64_O512,baseline,2,16,98.991,4305.165,512
qwen,C64_O512,baseline,2,20,93.238,4300.136,512
qwen,C64_O512,baseline,2,10,107.407,4313.59,512
qwen,C64_O512,baseline,2,1,108.362,4324.239,512
qwen,C64_O512,baseline,2,26,84.703,4293.156,512
qwen,C64_O512,baseline,2,0,118.479,4324.874,512
qwen,C64_O512,baseline,2,30,79.55,4288.215,512
qwen,C64_O512,baseline,2,24,87.698,4295.863,512
qwen,C64_O512,baseline,2,3,115.472,4323.07,512
qwen,C64_O512,baseline,2,29,83.09,4290.297,512
qwen,C64_O512,baseline,2,12,106.117,4313.536,512
qwen,C64_O512,baseline,2,13,101.87,4311.921,512
qwen,C64_O512,baseline,2,40,4322.534,8569.08,512
qwen,C64_O512,baseline,2,42,4321.2,8567.432,512
qwen,C64_O512,baseline,2,49,4311.486,8557.592,512
qwen,C64_O512,baseline,2,60,4299.1,8545.602,512
qwen,C64_O512,baseline,2,58,4301.398,8548.789,512
qwen,C64_O512,baseline,2,47,4312.717,8562.584,512
qwen,C64_O512,baseline,2,34,4330.147,8581.375,512
qwen,C64_O512,baseline,2,33,4331.804,8583.029,512
qwen,C64_O512,baseline,2,48,4312.887,8564.013,512
qwen,C64_O512,baseline,2,52,4307.808,8559.764,512
qwen,C64_O512,baseline,2,59,4298.816,8551.809,512
qwen,C64_O512,baseline,2,63,4293.929,8547.399,512
qwen,C64_O512,baseline,2,43,4319.662,8573.453,512
qwen,C64_O512,baseline,2,44,4318.827,8572.413,512
qwen,C64_O512,baseline,2,45,4318.597,8571.798,512
qwen,C64_O512,baseline,2,62,4295.295,8549.547,512
qwen,C64_O512,baseline,2,41,4323.146,8576.768,512
qwen,C64_O512,baseline,2,56,4302.298,8557.845,512
qwen,C64_O512,baseline,2,54,4305.294,8560.192,512
qwen,C64_O512,baseline,2,38,4327.137,8582.4,512
qwen,C64_O512,baseline,2,35,4330.967,8585.474,512
qwen,C64_O512,baseline,2,51,4308.544,8564.238,512
qwen,C64_O512,baseline,2,32,4334.639,8590.307,512
qwen,C64_O512,baseline,2,53,4307.375,8563.164,512
qwen,C64_O512,baseline,2,39,4325.372,8581.739,512
qwen,C64_O512,baseline,2,37,4327.218,8584.388,512
qwen,C64_O512,baseline,2,61,4296.307,8553.753,512
qwen,C64_O512,baseline,2,46,4313.985,8572.013,512
qwen,C64_O512,baseline,2,55,4304.975,8561.685,512
qwen,C64_O512,baseline,2,36,4329.585,8586.284,512
qwen,C64_O512,baseline,2,57,4301.373,8558.935,512
qwen,C64_O512,baseline,2,50,4310.374,8568.022,512
qwen,C128_O256,baseline,3,18,431.631,2162.952,256
qwen,C128_O256,baseline,3,20,427.243,2160.345,256
qwen,C128_O256,baseline,3,0,447.005,2184.642,256
qwen,C128_O256,baseline,3,22,427.383,2160.74,256
qwen,C128_O256,baseline,3,4,448.489,2182.638,256
qwen,C128_O256,baseline,3,25,423.653,2157.803,256
qwen,C128_O256,baseline,3,2,451.859,2186.489,256
qwen,C128_O256,baseline,3,7,445.639,2180.704,256
qwen,C128_O256,baseline,3,28,418.862,2155.302,256
qwen,C128_O256,baseline,3,13,436.964,2174.244,256
qwen,C128_O256,baseline,3,3,450.07,2185.617,256
qwen,C128_O256,baseline,3,6,445.098,2182.401,256
qwen,C128_O256,baseline,3,15,434.692,2172.154,256
qwen,C128_O256,baseline,3,21,428.419,2164.613,256
qwen,C128_O256,baseline,3,10,441.133,2178.601,256
qwen,C128_O256,baseline,3,5,445.755,2184.362,256
qwen,C128_O256,baseline,3,9,441.433,2180.565,256
qwen,C128_O256,baseline,3,27,420.349,2158.872,256
qwen,C128_O256,baseline,3,26,420.33,2159.257,256
qwen,C128_O256,baseline,3,31,414.182,2153.498,256
qwen,C128_O256,baseline,3,19,431.482,2168.257,256
qwen,C128_O256,baseline,3,12,438.441,2177.283,256
qwen,C128_O256,baseline,3,16,435.355,2172.298,256
qwen,C128_O256,baseline,3,30,415.926,2155.287,256
qwen,C128_O256,baseline,3,29,419.161,2157.115,256
qwen,C128_O256,baseline,3,11,441.512,2179.069,256
qwen,C128_O256,baseline,3,23,423.704,2164.613,256
qwen,C128_O256,baseline,3,8,442.459,2183.403,256
qwen,C128_O256,baseline,3,24,424.014,2163.443,256
qwen,C128_O256,baseline,3,1,451.363,2190.862,256
qwen,C128_O256,baseline,3,14,436.488,2176.572,256
qwen,C128_O256,baseline,3,17,433.14,2173.443,256
qwen,C128_O256,baseline,3,65,2167.96,4243.317,256
qwen,C128_O256,baseline,3,96,2131.999,4207.389,256
qwen,C128_O256,baseline,3,73,2159.287,4234.7,256
qwen,C128_O256,baseline,3,124,2103.14,4178.764,256
qwen,C128_O256,baseline,3,56,2181.116,4256.856,256
qwen,C128_O256,baseline,3,95,2133.915,4210.283,256
qwen,C128_O256,baseline,3,107,2119.356,4197.599,256
qwen,C128_O256,baseline,3,102,2126.007,4204.565,256
qwen,C128_O256,baseline,3,49,2189.845,4267.952,256
qwen,C128_O256,baseline,3,122,2105.577,4184.789,256
qwen,C128_O256,baseline,3,127,2100.024,4179.469,256
qwen,C128_O256,baseline,3,54,2182.317,4262.178,256
qwen,C128_O256,baseline,3,104,2126.562,4203.827,256
qwen,C128_O256,baseline,3,84,2145.874,4225.547,256
qwen,C128_O256,baseline,3,120,2107.177,4187.103,256
qwen,C128_O256,baseline,3,50,2188.971,4268.773,256
qwen,C128_O256,baseline,3,57,2178.923,4259.384,256
qwen,C128_O256,baseline,3,67,2167.743,4246.516,256
qwen,C128_O256,baseline,3,92,2137.229,4217.355,256
qwen,C128_O256,baseline,3,33,2210.102,4290.982,256
qwen,C128_O256,baseline,3,76,2154.235,4236.138,256
qwen,C128_O256,baseline,3,40,2202.477,4283.432,256
qwen,C128_O256,baseline,3,79,2151.423,4232.718,256
qwen,C128_O256,baseline,3,119,2109.11,4189.916,256
qwen,C128_O256,baseline,3,69,2166.276,4245.768,256
qwen,C128_O256,baseline,3,80,2152.074,4232.215,256
qwen,C128_O256,baseline,3,39,2203.74,4285.256,256
qwen,C128_O256,baseline,3,109,2119.765,4200.883,256
qwen,C128_O256,baseline,3,62,2171.917,4254.919,256
qwen,C128_O256,baseline,3,32,2212.492,4294.172,256
qwen,C128_O256,baseline,3,52,2185.787,4268.648,256
qwen,C128_O256,baseline,3,74,2157.03,4240.986,256
qwen,C128_O256,baseline,3,82,4284.892,6368.063,256
qwen,C128_O256,baseline,3,81,4284.143,6369.931,256
qwen,C128_O256,baseline,3,68,4301.624,6386.695,256
qwen,C128_O256,baseline,3,59,4312.902,6398.371,256
qwen,C128_O256,baseline,3,77,4288.717,6375.986,256
qwen,C128_O256,baseline,3,45,4332.256,6417.824,256
qwen,C128_O256,baseline,3,38,4340.634,6427.257,256
qwen,C128_O256,baseline,3,34,4344.918,6432.4,256
qwen,C128_O256,baseline,3,41,4336.839,6424.356,256
qwen,C128_O256,baseline,3,46,4331.449,6417.071,256
qwen,C128_O256,baseline,3,60,4311.208,6399.646,256
qwen,C128_O256,baseline,3,36,4343.691,6430.876,256
qwen,C128_O256,baseline,3,43,4335.276,6422.764,256
qwen,C128_O256,baseline,3,35,4343.038,6432.683,256
qwen,C128_O256,baseline,3,72,4295.197,6385.157,256
qwen,C128_O256,baseline,3,63,4307.613,6396.585,256
qwen,C128_O256,baseline,3,58,4313.524,6402.565,256
qwen,C128_O256,baseline,3,64,4305.645,6395.763,256
qwen,C128_O256,baseline,3,47,4330.476,6417.545,256
qwen,C128_O256,baseline,3,51,4324.311,6412.553,256
qwen,C128_O256,baseline,3,78,4289.338,6378.729,256
qwen,C128_O256,baseline,3,44,4331.991,6423.321,256
qwen,C128_O256,baseline,3,37,4343.72,6431.569,256
qwen,C128_O256,baseline,3,55,4318.436,6408.969,256
qwen,C128_O256,baseline,3,42,4335.841,6426.404,256
qwen,C128_O256,baseline,3,66,4303.554,6393.886,256
qwen,C128_O256,baseline,3,53,4321.278,6411.339,256
qwen,C128_O256,baseline,3,75,4292.745,6383.347,256
qwen,C128_O256,baseline,3,48,4325.998,6418.459,256
qwen,C128_O256,baseline,3,71,4297.307,6389.197,256
qwen,C128_O256,baseline,3,70,4298.087,6390.466,256
qwen,C128_O256,baseline,3,61,4310.157,6401.587,256
qwen,C128_O256,baseline,3,93,6414.536,8484.982,256
qwen,C128_O256,baseline,3,111,6394.372,8466.865,256
qwen,C128_O256,baseline,3,85,6422.841,8495.106,256
qwen,C128_O256,baseline,3,112,6394.099,8466.151,256
qwen,C128_O256,baseline,3,126,6381.154,8452.681,256
qwen,C128_O256,baseline,3,123,6381.792,8455.815,256
qwen,C128_O256,baseline,3,114,6391.529,8465.465,256
qwen,C128_O256,baseline,3,91,6416.938,8489.984,256
qwen,C128_O256,baseline,3,110,6396.044,8469.894,256
qwen,C128_O256,baseline,3,97,6410.298,8484.714,256
qwen,C128_O256,baseline,3,117,6388.263,8464.003,256
qwen,C128_O256,baseline,3,90,6417.017,8492.165,256
qwen,C128_O256,baseline,3,113,6393.742,8468.335,256
qwen,C128_O256,baseline,3,108,6399.591,8473.67,256
qwen,C128_O256,baseline,3,125,6381.536,8456.753,256
qwen,C128_O256,baseline,3,103,6404.252,8479.99,256
qwen,C128_O256,baseline,3,88,6420.532,8495.859,256
qwen,C128_O256,baseline,3,118,6388.93,8465.116,256
qwen,C128_O256,baseline,3,101,6407.064,8483.255,256
qwen,C128_O256,baseline,3,86,6422.896,8498.917,256
qwen,C128_O256,baseline,3,106,6399.202,8477.699,256
qwen,C128_O256,baseline,3,100,6407.556,8484.99,256
qwen,C128_O256,baseline,3,89,6418.082,8496.275,256
qwen,C128_O256,baseline,3,94,6412.387,8491.593,256
qwen,C128_O256,baseline,3,87,6421.145,8498.619,256
qwen,C128_O256,baseline,3,105,6403.164,8480.548,256
qwen,C128_O256,baseline,3,121,6384.228,8463.32,256
qwen,C128_O256,baseline,3,98,6410.383,8487.873,256
qwen,C128_O256,baseline,3,115,6392.178,8469.954,256
qwen,C128_O256,baseline,3,116,6389.208,8469.134,256
qwen,C128_O256,baseline,3,83,6424.736,8504.557,256
qwen,C128_O256,baseline,3,99,6407.71,8487.469,256
qwen,C64_O512,baseline,3,31,74.654,4277.806,512
qwen,C64_O512,baseline,3,15,95.955,4298.2,512
qwen,C64_O512,baseline,3,16,93.426,4297.59,512
qwen,C64_O512,baseline,3,30,75.787,4281.969,512
qwen,C64_O512,baseline,3,8,103.212,4309.447,512
qwen,C64_O512,baseline,3,20,89.651,4295.364,512
qwen,C64_O512,baseline,3,10,101.469,4307.754,512
qwen,C64_O512,baseline,3,12,99.621,4305.576,512
qwen,C64_O512,baseline,3,19,89.035,4297.17,512
qwen,C64_O512,baseline,3,18,91.975,4298.771,512
qwen,C64_O512,baseline,3,9,102.024,4310.435,512
qwen,C64_O512,baseline,3,7,104.036,4313.448,512
qwen,C64_O512,baseline,3,29,77.564,4286.996,512
qwen,C64_O512,baseline,3,4,108.478,4316.717,512
qwen,C64_O512,baseline,3,28,77.565,4287.706,512
qwen,C64_O512,baseline,3,11,100.659,4308.885,512
qwen,C64_O512,baseline,3,1,111.069,4321.026,512
qwen,C64_O512,baseline,3,22,87.898,4296.745,512
qwen,C64_O512,baseline,3,2,110.643,4321.323,512
qwen,C64_O512,baseline,3,21,88.511,4298.212,512
qwen,C64_O512,baseline,3,24,83.721,4295.113,512
qwen,C64_O512,baseline,3,0,104.448,4324.165,512
qwen,C64_O512,baseline,3,14,95.112,4307.724,512
qwen,C64_O512,baseline,3,13,97.247,4309.367,512
qwen,C64_O512,baseline,3,6,107.059,4318.047,512
qwen,C64_O512,baseline,3,3,110.78,4322.468,512
qwen,C64_O512,baseline,3,23,84.912,4297.887,512
qwen,C64_O512,baseline,3,17,93.19,4305.225,512
qwen,C64_O512,baseline,3,27,80.056,4292.793,512
qwen,C64_O512,baseline,3,25,82.193,4295.271,512
qwen,C64_O512,baseline,3,26,81.054,4294.62,512
qwen,C64_O512,baseline,3,5,105.992,4320.693,512
qwen,C64_O512,baseline,3,41,4322.811,8568.779,512
qwen,C64_O512,baseline,3,33,4335.876,8581.121,512
qwen,C64_O512,baseline,3,49,4314.163,8561.197,512
qwen,C64_O512,baseline,3,42,4322.446,8570.123,512
qwen,C64_O512,baseline,3,40,4327.093,8573.181,512
qwen,C64_O512,baseline,3,44,4321.047,8569.117,512
qwen,C64_O512,baseline,3,60,4302.093,8550.111,512
qwen,C64_O512,baseline,3,54,4308.917,8557.692,512
qwen,C64_O512,baseline,3,57,4303.954,8554.129,512
qwen,C64_O512,baseline,3,39,4328.503,8576.848,512
qwen,C64_O512,baseline,3,43,4321.414,8572.343,512
qwen,C64_O512,baseline,3,47,4318.892,8569.117,512
qwen,C64_O512,baseline,3,55,4307.051,8558.905,512
qwen,C64_O512,baseline,3,62,4298.534,8550.756,512
qwen,C64_O512,baseline,3,50,4313.347,8566.687,512
qwen,C64_O512,baseline,3,51,4311.946,8566.341,512
qwen,C64_O512,baseline,3,63,4299.552,8550.742,512
qwen,C64_O512,baseline,3,32,4335.469,8590.374,512
qwen,C64_O512,baseline,3,35,4331.481,8586.255,512
qwen,C64_O512,baseline,3,37,4331.153,8583.517,512
qwen,C64_O512,baseline,3,36,4330.323,8585.326,512
qwen,C64_O512,baseline,3,58,4304.315,8559.031,512
qwen,C64_O512,baseline,3,52,4311.721,8567.264,512
qwen,C64_O512,baseline,3,59,4303.609,8559.091,512
qwen,C64_O512,baseline,3,38,4327.574,8584.18,512
qwen,C64_O512,baseline,3,61,4299.457,8556.512,512
qwen,C64_O512,baseline,3,46,4318.762,8575.616,512
qwen,C64_O512,baseline,3,53,4310.439,8567.328,512
qwen,C64_O512,baseline,3,48,4316.283,8573.37,512
qwen,C64_O512,baseline,3,34,4333.106,8591.802,512
qwen,C64_O512,baseline,3,45,4320.872,8577.457,512
qwen,C64_O512,baseline,3,56,4307.768,8563.78,512
qwen,C64_O512,baseline,4,28,87.334,4288.266,512
qwen,C64_O512,baseline,4,17,103.485,4304.709,512
qwen,C64_O512,baseline,4,14,105.866,4309.956,512
qwen,C64_O512,baseline,4,12,108.033,4312.384,512
qwen,C64_O512,baseline,4,22,95.589,4299.869,512
qwen,C64_O512,baseline,4,11,112.96,4314.387,512
qwen,C64_O512,baseline,4,7,117.303,4319.961,512
qwen,C64_O512,baseline,4,4,118.81,4324.076,512
qwen,C64_O512,baseline,4,27,89.392,4294.703,512
qwen,C64_O512,baseline,4,3,122.688,4325.77,512
qwen,C64_O512,baseline,4,8,114.707,4320.504,512
qwen,C64_O512,baseline,4,15,107.204,4311.849,512
qwen,C64_O512,baseline,4,10,111.591,4318.651,512
qwen,C64_O512,baseline,4,19,99.242,4306.658,512
qwen,C64_O512,baseline,4,31,84.487,4291.895,512
qwen,C64_O512,baseline,4,30,88.129,4293.59,512
qwen,C64_O512,baseline,4,29,86.783,4294.941,512
qwen,C64_O512,baseline,4,21,96.676,4305.137,512
qwen,C64_O512,baseline,4,25,92.354,4299.992,512
qwen,C64_O512,baseline,4,0,125.982,4332.37,512
qwen,C64_O512,baseline,4,13,108.767,4317.758,512
qwen,C64_O512,baseline,4,20,98.19,4308.782,512
qwen,C64_O512,baseline,4,16,104.95,4314.398,512
qwen,C64_O512,baseline,4,9,112.951,4323.797,512
qwen,C64_O512,baseline,4,23,96.312,4305.869,512
qwen,C64_O512,baseline,4,2,121.24,4332.124,512
qwen,C64_O512,baseline,4,24,93.933,4304.926,512
qwen,C64_O512,baseline,4,18,101.926,4312.591,512
qwen,C64_O512,baseline,4,5,118.77,4329.113,512
qwen,C64_O512,baseline,4,6,116.923,4328.575,512
qwen,C64_O512,baseline,4,1,114.647,4334.868,512
qwen,C64_O512,baseline,4,26,91.625,4302.887,512
qwen,C64_O512,baseline,4,44,4326.009,8573.31,512
qwen,C64_O512,baseline,4,34,4343.249,8589.19,512
qwen,C64_O512,baseline,4,41,4330.908,8579.651,512
qwen,C64_O512,baseline,4,46,4326.196,8573.675,512
qwen,C64_O512,baseline,4,45,4325.863,8575.223,512
qwen,C64_O512,baseline,4,57,4310.349,8560.979,512
qwen,C64_O512,baseline,4,50,4321.122,8570.624,512
qwen,C64_O512,baseline,4,62,4304.332,8556.029,512
qwen,C64_O512,baseline,4,32,4342.944,8595.481,512
qwen,C64_O512,baseline,4,54,4314.461,8566.835,512
qwen,C64_O512,baseline,4,38,4337.123,8586.871,512
qwen,C64_O512,baseline,4,58,4308.767,8562.384,512
qwen,C64_O512,baseline,4,42,4330.389,8581.575,512
qwen,C64_O512,baseline,4,59,4308.014,8561.903,512
qwen,C64_O512,baseline,4,63,4304.212,8556.73,512
qwen,C64_O512,baseline,4,60,4308.483,8560.654,512
qwen,C64_O512,baseline,4,56,4315.04,8565.855,512
qwen,C64_O512,baseline,4,35,4342.43,8593.862,512
qwen,C64_O512,baseline,4,40,4333.19,8586.531,512
qwen,C64_O512,baseline,4,47,4325.904,8578.33,512
qwen,C64_O512,baseline,4,61,4307.163,8560.936,512
qwen,C64_O512,baseline,4,52,4317.922,8572.772,512
qwen,C64_O512,baseline,4,43,4330.455,8583.222,512
qwen,C64_O512,baseline,4,48,4321.677,8577.616,512
qwen,C64_O512,baseline,4,37,4338.016,8591.772,512
qwen,C64_O512,baseline,4,51,4319.739,8575.475,512
qwen,C64_O512,baseline,4,53,4315.552,8572.576,512
qwen,C64_O512,baseline,4,33,4341.596,8599.175,512
qwen,C64_O512,baseline,4,49,4319.782,8577.65,512
qwen,C64_O512,baseline,4,36,4339.102,8593.641,512
qwen,C64_O512,baseline,4,55,4316.056,8570.745,512
qwen,C64_O512,baseline,4,39,4334.232,8590.541,512
qwen,C128_O256,baseline,4,22,108.07,2162.645,256
qwen,C128_O256,baseline,4,30,91.485,2152.748,256
qwen,C128_O256,baseline,4,7,124.725,2182.215,256
qwen,C128_O256,baseline,4,29,95.17,2155.13,256
qwen,C128_O256,baseline,4,1,131.515,2190.716,256
qwen,C128_O256,baseline,4,4,127.909,2188.388,256
qwen,C128_O256,baseline,4,28,94.689,2158.743,256
qwen,C128_O256,baseline,4,31,92.48,2154.716,256
qwen,C128_O256,baseline,4,17,109.267,2173.337,256
qwen,C128_O256,baseline,4,27,98.496,2160.993,256
qwen,C128_O256,baseline,4,8,120.049,2185.517,256
qwen,C128_O256,baseline,4,20,103.794,2170.183,256
qwen,C128_O256,baseline,4,13,113.57,2179.671,256
qwen,C128_O256,baseline,4,2,129.166,2192.833,256
qwen,C128_O256,baseline,4,5,122.883,2189.456,256
qwen,C128_O256,baseline,4,15,112.863,2177.656,256
qwen,C128_O256,baseline,4,3,128.233,2193.124,256
qwen,C128_O256,baseline,4,16,109.702,2176.576,256
qwen,C128_O256,baseline,4,9,119.055,2185.801,256
qwen,C128_O256,baseline,4,24,100.015,2167.003,256
qwen,C128_O256,baseline,4,14,112.858,2180.417,256
qwen,C128_O256,baseline,4,23,102.482,2168.814,256
qwen,C128_O256,baseline,4,0,120.941,2197.005,256
qwen,C128_O256,baseline,4,6,121.446,2190.273,256
qwen,C128_O256,baseline,4,25,99.861,2166.003,256
qwen,C128_O256,baseline,4,11,116.626,2184.941,256
qwen,C128_O256,baseline,4,19,107.755,2174.787,256
qwen,C128_O256,baseline,4,26,97.385,2165.769,256
qwen,C128_O256,baseline,4,10,120.225,2186.499,256
qwen,C128_O256,baseline,4,21,104.095,2172.693,256
qwen,C128_O256,baseline,4,18,107.64,2176.88,256
qwen,C128_O256,baseline,4,12,114.938,2184.584,256
qwen,C128_O256,baseline,4,56,2185.869,4431.309,256
qwen,C128_O256,baseline,4,96,2136.255,4381.633,256
qwen,C128_O256,baseline,4,102,2124.264,4372.165,256
qwen,C128_O256,baseline,4,54,2190.076,4436.329,256
qwen,C128_O256,baseline,4,76,2160.886,4408.935,256
qwen,C128_O256,baseline,4,39,2209.007,4456.276,256
qwen,C128_O256,baseline,4,127,2085.085,4333.419,256
qwen,C128_O256,baseline,4,122,2095.324,4341.449,256
qwen,C128_O256,baseline,4,92,2141.824,4389.759,256
qwen,C128_O256,baseline,4,49,2198.151,4445.24,256
qwen,C128_O256,baseline,4,69,2170.241,4419.158,256
qwen,C128_O256,baseline,4,119,2098.808,4347.667,256
qwen,C128_O256,baseline,4,65,2175.435,4424.716,256
qwen,C128_O256,baseline,4,67,2175.267,4422.289,256
qwen,C128_O256,baseline,4,40,2207.751,4457.566,256
qwen,C128_O256,baseline,4,62,2180.771,4428.765,256
qwen,C128_O256,baseline,4,74,2166.302,4414.542,256
qwen,C128_O256,baseline,4,95,2137.336,4386.874,256
qwen,C128_O256,baseline,4,50,2194.411,4445.52,256
qwen,C128_O256,baseline,4,33,2216.848,4468.141,256
qwen,C128_O256,baseline,4,32,2221.154,4469.863,256
qwen,C128_O256,baseline,4,79,2159.194,4409.498,256
qwen,C128_O256,baseline,4,109,2114.798,4366.095,256
qwen,C128_O256,baseline,4,124,2089.977,4341.891,256
qwen,C128_O256,baseline,4,73,2165.079,4417.792,256
qwen,C128_O256,baseline,4,57,2184.837,4438.051,256
qwen,C128_O256,baseline,4,120,2097.727,4348.425,256
qwen,C128_O256,baseline,4,84,2151.341,4405.093,256
qwen,C128_O256,baseline,4,80,2158.811,4409.714,256
qwen,C128_O256,baseline,4,104,2122.053,4375.405,256
qwen,C128_O256,baseline,4,107,2117.668,4369.829,256
qwen,C128_O256,baseline,4,52,2192.548,4445.656,256
qwen,C128_O256,baseline,4,59,4490.451,6575.523,256
qwen,C128_O256,baseline,4,82,4462.402,6548.062,256
qwen,C128_O256,baseline,4,66,4483.434,6568.088,256
qwen,C128_O256,baseline,4,43,4511.864,6597.939,256
qwen,C128_O256,baseline,4,47,4508.358,6593.166,256
qwen,C128_O256,baseline,4,72,4475.73,6561.977,256
qwen,C128_O256,baseline,4,77,4468.962,6556.129,256
qwen,C128_O256,baseline,4,63,4486.832,6573.357,256
qwen,C128_O256,baseline,4,44,4510.641,6597.921,256
qwen,C128_O256,baseline,4,68,4479.97,6567.932,256
qwen,C128_O256,baseline,4,48,4505.66,6593.529,256
qwen,C128_O256,baseline,4,75,4473.806,6560.269,256
qwen,C128_O256,baseline,4,41,4514.536,6603.227,256
qwen,C128_O256,baseline,4,64,4487.499,6574.715,256
qwen,C128_O256,baseline,4,60,4491.453,6579.663,256
qwen,C128_O256,baseline,4,71,4476.112,6566.445,256
qwen,C128_O256,baseline,4,55,4495.848,6586.509,256
qwen,C128_O256,baseline,4,46,4507.982,6598.862,256
qwen,C128_O256,baseline,4,61,4488.97,6578.66,256
qwen,C128_O256,baseline,4,34,4523.916,6615.027,256
qwen,C128_O256,baseline,4,45,4509.464,6600.492,256
qwen,C128_O256,baseline,4,81,4466.672,6555.764,256
qwen,C128_O256,baseline,4,58,4493.639,6584.847,256
qwen,C128_O256,baseline,4,78,4466.432,6559.095,256
qwen,C128_O256,baseline,4,37,4520.782,6612.299,256
qwen,C128_O256,baseline,4,53,4500.961,6591.629,256
qwen,C128_O256,baseline,4,35,4523.179,6615.659,256
qwen,C128_O256,baseline,4,38,4519.167,6611.537,256
qwen,C128_O256,baseline,4,70,4477.955,6570.127,256
qwen,C128_O256,baseline,4,51,4503.031,6594.653,256
qwen,C128_O256,baseline,4,36,4522.533,6614.479,256
qwen,C128_O256,baseline,4,42,4513.504,6605.728,256
qwen,C128_O256,baseline,4,103,6578.147,8648.795,256
qwen,C128_O256,baseline,4,110,6567.216,8638.429,256
qwen,C128_O256,baseline,4,113,6565.843,8635.229,256
qwen,C128_O256,baseline,4,111,6568.962,8638.383,256
qwen,C128_O256,baseline,4,98,6589.868,8661.782,256
qwen,C128_O256,baseline,4,114,6560.956,8633.515,256
qwen,C128_O256,baseline,4,91,6600.074,8671.268,256
qwen,C128_O256,baseline,4,125,6545.612,8617.789,256
qwen,C128_O256,baseline,4,115,6561.513,8632.983,256
qwen,C128_O256,baseline,4,106,6573.524,8647.364,256
qwen,C128_O256,baseline,4,99,6586.588,8660.929,256
qwen,C128_O256,baseline,4,85,6609.172,8681.739,256
qwen,C128_O256,baseline,4,94,6593.968,8668.239,256
qwen,C128_O256,baseline,4,123,6550.523,8622.862,256
qwen,C128_O256,baseline,4,100,6583.819,8659.125,256
qwen,C128_O256,baseline,4,108,6570.58,8646.54,256
qwen,C128_O256,baseline,4,97,6589.842,8665.765,256
qwen,C128_O256,baseline,4,86,6605.941,8680.901,256
qwen,C128_O256,baseline,4,105,6577.673,8652.459,256
qwen,C128_O256,baseline,4,118,6555.576,8631.799,256
qwen,C128_O256,baseline,4,116,6560.17,8634.225,256
qwen,C128_O256,baseline,4,126,6542.743,8619.43,256
qwen,C128_O256,baseline,4,89,6602.378,8678.533,256
qwen,C128_O256,baseline,4,90,6600.798,8676.781,256
qwen,C128_O256,baseline,4,112,6563.822,8641.588,256
qwen,C128_O256,baseline,4,93,6596.06,8672.69,256
qwen,C128_O256,baseline,4,87,6605.164,8681.308,256
qwen,C128_O256,baseline,4,101,6581.776,8659.388,256
qwen,C128_O256,baseline,4,83,6608.78,8686.39,256
qwen,C128_O256,baseline,4,117,6558.819,8634.954,256
qwen,C128_O256,baseline,4,121,6550.455,8628.243,256
qwen,C128_O256,baseline,4,88,6601.359,8680.557,256
qwen,C128_O256,baseline,5,26,91.757,2174.896,256
qwen,C128_O256,baseline,5,1,122.996,2206.528,256
qwen,C128_O256,baseline,5,16,104.579,2188.969,256
qwen,C128_O256,baseline,5,7,121.286,2200.658,256
qwen,C128_O256,baseline,5,20,100.303,2184.986,256
qwen,C128_O256,baseline,5,14,107.097,2192.778,256
qwen,C128_O256,baseline,5,15,106.97,2192.008,256
qwen,C128_O256,baseline,5,31,85.498,2171.535,256
qwen,C128_O256,baseline,5,0,117.797,2211.523,256
qwen,C128_O256,baseline,5,2,125.605,2209.898,256
qwen,C128_O256,baseline,5,17,107.268,2191.081,256
qwen,C128_O256,baseline,5,8,116.954,2203.733,256
qwen,C128_O256,baseline,5,11,111.411,2199.673,256
qwen,C128_O256,baseline,5,30,86.74,2175.003,256
qwen,C128_O256,baseline,5,28,92.73,2177.803,256
qwen,C128_O256,baseline,5,25,92.981,2181.896,256
qwen,C128_O256,baseline,5,19,102.072,2190.169,256
qwen,C128_O256,baseline,5,24,99.842,2183.86,256
qwen,C128_O256,baseline,5,12,111.212,2199.643,256
qwen,C128_O256,baseline,5,18,102.481,2191.93,256
qwen,C128_O256,baseline,5,23,96.659,2185.478,256
qwen,C128_O256,baseline,5,3,122.36,2211.939,256
qwen,C128_O256,baseline,5,29,89.162,2178.165,256
qwen,C128_O256,baseline,5,6,121.393,2207.312,256
qwen,C128_O256,baseline,5,10,115.771,2202.537,256
qwen,C128_O256,baseline,5,27,94.343,2181.192,256
qwen,C128_O256,baseline,5,4,119.942,2210.698,256
qwen,C128_O256,baseline,5,13,112.224,2199.729,256
qwen,C128_O256,baseline,5,5,118.492,2209.308,256
qwen,C128_O256,baseline,5,9,119.115,2204.906,256
qwen,C128_O256,baseline,5,21,98.274,2189.687,256
qwen,C128_O256,baseline,5,22,97.417,2188.43,256
qwen,C128_O256,baseline,5,74,2178.182,4258.221,256
qwen,C128_O256,baseline,5,124,2104.251,4182.278,256
qwen,C128_O256,baseline,5,69,2186.218,4267.438,256
qwen,C128_O256,baseline,5,54,2203.151,4285.875,256
qwen,C128_O256,baseline,5,122,2106.208,4189.196,256
qwen,C128_O256,baseline,5,67,2187.742,4270.894,256
qwen,C128_O256,baseline,5,49,2210.028,4293.13,256
qwen,C128_O256,baseline,5,127,2099.273,4182.588,256
qwen,C128_O256,baseline,5,57,2200.52,4283.592,256
qwen,C128_O256,baseline,5,32,2231.305,4316.44,256
qwen,C128_O256,baseline,5,92,2155.177,4239.979,256
qwen,C128_O256,baseline,5,96,2150.089,4235.166,256
qwen,C128_O256,baseline,5,79,2172.841,4257.517,256
qwen,C128_O256,baseline,5,104,2137.537,4220.309,256
qwen,C128_O256,baseline,5,119,2111.136,4196.638,256
qwen,C128_O256,baseline,5,107,2131.85,4217.364,256
qwen,C128_O256,baseline,5,65,2192.194,4275.732,256
qwen,C128_O256,baseline,5,40,2222.74,4308.159,256
qwen,C128_O256,baseline,5,39,2225.61,4309.263,256
qwen,C128_O256,baseline,5,33,2230.603,4317.29,256
qwen,C128_O256,baseline,5,76,2176.584,4262.753,256
qwen,C128_O256,baseline,5,84,2168.183,4252.622,256
qwen,C128_O256,baseline,5,56,2202.605,4288.421,256
qwen,C128_O256,baseline,5,62,2194.761,4280.362,256
qwen,C128_O256,baseline,5,95,2152.546,4238.7,256
qwen,C128_O256,baseline,5,80,2173.534,4258.438,256
qwen,C128_O256,baseline,5,52,2206.603,4293.31,256
qwen,C128_O256,baseline,5,50,2210.314,4296.208,256
qwen,C128_O256,baseline,5,73,2183.305,4268.235,256
qwen,C128_O256,baseline,5,120,2108.966,4197.492,256
qwen,C128_O256,baseline,5,109,2131.181,4216.699,256
qwen,C128_O256,baseline,5,102,2139.006,4226.917,256
qwen,C128_O256,baseline,5,68,4329.917,6414.341,256
qwen,C128_O256,baseline,5,38,4368.907,6453.697,256
qwen,C128_O256,baseline,5,47,4354.619,6442.026,256
qwen,C128_O256,baseline,5,37,4367.893,6455.455,256
qwen,C128_O256,baseline,5,44,4358.449,6446.529,256
qwen,C128_O256,baseline,5,35,4371.322,6459.135,256
qwen,C128_O256,baseline,5,70,4327.3,6415.687,256
qwen,C128_O256,baseline,5,48,4355.531,6442.682,256
qwen,C128_O256,baseline,5,81,4313.727,6402.227,256
qwen,C128_O256,baseline,5,46,4356.702,6445.369,256
qwen,C128_O256,baseline,5,72,4326.07,6414.663,256
qwen,C128_O256,baseline,5,42,4361.891,6450.829,256
qwen,C128_O256,baseline,5,58,4342.677,6431.643,256
qwen,C128_O256,baseline,5,60,4340.245,6429.457,256
qwen,C128_O256,baseline,5,75,4321.233,6411.114,256
qwen,C128_O256,baseline,5,45,4358.534,6448.421,256
qwen,C128_O256,baseline,5,53,4350.225,6438.596,256
qwen,C128_O256,baseline,5,43,4361.662,6451.193,256
qwen,C128_O256,baseline,5,55,4347.083,6436.971,256
qwen,C128_O256,baseline,5,63,4335.366,6426.23,256
qwen,C128_O256,baseline,5,64,4334.059,6425.523,256
qwen,C128_O256,baseline,5,66,4335.204,6423.854,256
qwen,C128_O256,baseline,5,41,4365.5,6455.092,256
qwen,C128_O256,baseline,5,78,4318.143,6408.548,256
qwen,C128_O256,baseline,5,59,4341.07,6432.666,256
qwen,C128_O256,baseline,5,71,4327.603,6417.887,256
qwen,C128_O256,baseline,5,82,4313.669,6404.695,256
qwen,C128_O256,baseline,5,61,4338.3,6431.094,256
qwen,C128_O256,baseline,5,77,4319.512,6411.298,256
qwen,C128_O256,baseline,5,36,4371.151,6462.497,256
qwen,C128_O256,baseline,5,51,4350.552,6443.67,256
qwen,C128_O256,baseline,5,34,4374.077,6466.555,256
qwen,C128_O256,baseline,5,110,6415.356,8484.489,256
qwen,C128_O256,baseline,5,106,6422.191,8491.114,256
qwen,C128_O256,baseline,5,94,6441.562,8511.672,256
qwen,C128_O256,baseline,5,101,6430.494,8500.371,256
qwen,C128_O256,baseline,5,88,6451.067,8521.818,256
qwen,C128_O256,baseline,5,123,6395.8,8465.956,256
qwen,C128_O256,baseline,5,100,6430.366,8502.795,256
qwen,C128_O256,baseline,5,126,6391.51,8461.128,256
qwen,C128_O256,baseline,5,117,6404.549,8476.534,256
qwen,C128_O256,baseline,5,121,6398.482,8469.975,256
qwen,C128_O256,baseline,5,91,6446.493,8518.471,256
qwen,C128_O256,baseline,5,125,6389.755,8463.077,256
qwen,C128_O256,baseline,5,114,6412.002,8482.363,256
qwen,C128_O256,baseline,5,98,6438.475,8509.201,256
qwen,C128_O256,baseline,5,85,6454.893,8527.684,256
qwen,C128_O256,baseline,5,99,6432.579,8506.522,256
qwen,C128_O256,baseline,5,116,6406.58,8478.596,256
qwen,C128_O256,baseline,5,115,6407.046,8480.961,256
qwen,C128_O256,baseline,5,97,6439.997,8513.242,256
qwen,C128_O256,baseline,5,112,6412.037,8487.037,256
qwen,C128_O256,baseline,5,111,6415.116,8489.773,256
qwen,C128_O256,baseline,5,87,6453.402,8526.847,256
qwen,C128_O256,baseline,5,108,6419.81,8495.459,256
qwen,C128_O256,baseline,5,83,6459.355,8532.577,256
qwen,C128_O256,baseline,5,105,6422.594,8499.039,256
qwen,C128_O256,baseline,5,89,6449.536,8525.114,256
qwen,C128_O256,baseline,5,86,6453.132,8528.788,256
qwen,C128_O256,baseline,5,93,6445.44,8519.773,256
qwen,C128_O256,baseline,5,103,6426.386,8502.591,256
qwen,C128_O256,baseline,5,113,6411.468,8487.168,256
qwen,C128_O256,baseline,5,118,6403.74,8479.297,256
qwen,C128_O256,baseline,5,90,6447.502,8524.654,256
qwen,C64_O512,baseline,5,17,112.633,4295.779,512
qwen,C64_O512,baseline,5,31,96.738,4279.278,512
qwen,C64_O512,baseline,5,0,128.952,4318.271,512
qwen,C64_O512,baseline,5,18,107.731,4296.942,512
qwen,C64_O512,baseline,5,19,110.203,4296.055,512
qwen,C64_O512,baseline,5,28,95.756,4285.411,512
qwen,C64_O512,baseline,5,15,116.521,4302.096,512
qwen,C64_O512,baseline,5,3,126.624,4317.205,512
qwen,C64_O512,baseline,5,5,128.105,4315.656,512
qwen,C64_O512,baseline,5,23,109.897,4294.371,512
qwen,C64_O512,baseline,5,4,128.771,4318.513,512
qwen,C64_O512,baseline,5,9,125.692,4313.081,512
qwen,C64_O512,baseline,5,8,120.813,4314.679,512
qwen,C64_O512,baseline,5,25,103.129,4293.419,512
qwen,C64_O512,baseline,5,7,125.654,4316.243,512
qwen,C64_O512,baseline,5,30,96.882,4287.863,512
qwen,C64_O512,baseline,5,27,104.793,4292.153,512
qwen,C64_O512,baseline,5,1,130.267,4324.936,512
qwen,C64_O512,baseline,5,11,117.588,4312.302,512
qwen,C64_O512,baseline,5,26,102.471,4293.956,512
qwen,C64_O512,baseline,5,20,109.611,4301.172,512
qwen,C64_O512,baseline,5,22,106.199,4298.901,512
qwen,C64_O512,baseline,5,16,115.72,4307.068,512
qwen,C64_O512,baseline,5,21,103.568,4300.763,512
qwen,C64_O512,baseline,5,10,124.685,4315.23,512
qwen,C64_O512,baseline,5,2,128.061,4324.865,512
qwen,C64_O512,baseline,5,29,95.146,4292.012,512
qwen,C64_O512,baseline,5,12,116.123,4313.037,512
qwen,C64_O512,baseline,5,24,101.628,4298.35,512
qwen,C64_O512,baseline,5,13,114.267,4312.446,512
qwen,C64_O512,baseline,5,6,126.23,4320.674,512
qwen,C64_O512,baseline,5,14,120.676,4311.172,512
qwen,C64_O512,baseline,5,46,4236.646,8482.395,512
qwen,C64_O512,baseline,5,48,4235.815,8482.851,512
qwen,C64_O512,baseline,5,61,4215.048,8462.779,512
qwen,C64_O512,baseline,5,53,4228.7,8474.917,512
qwen,C64_O512,baseline,5,51,4230.921,8479.673,512
qwen,C64_O512,baseline,5,62,4212.344,8461.037,512
qwen,C64_O512,baseline,5,39,4330.882,8579.983,512
qwen,C64_O512,baseline,5,54,4225.019,8475.455,512
qwen,C64_O512,baseline,5,33,4338.6,8590.025,512
qwen,C64_O512,baseline,5,63,4210.146,8461.231,512
qwen,C64_O512,baseline,5,34,4338.702,8589.729,512
qwen,C64_O512,baseline,5,37,4334.363,8585.035,512
qwen,C64_O512,baseline,5,60,4218.304,8468.514,512
qwen,C64_O512,baseline,5,35,4336.597,8588.221,512
qwen,C64_O512,baseline,5,57,4223.877,8474.934,512
qwen,C64_O512,baseline,5,42,4244.373,8496.28,512
qwen,C64_O512,baseline,5,44,4241.576,8493.834,512
qwen,C64_O512,baseline,5,36,4337.535,8588.611,512
qwen,C64_O512,baseline,5,59,4216.575,8470.743,512
qwen,C64_O512,baseline,5,58,4218.538,8472.641,512
qwen,C64_O512,baseline,5,50,4235.678,8487.244,512
qwen,C64_O512,baseline,5,41,4247.558,8501.878,512
qwen,C64_O512,baseline,5,43,4242.424,8496.173,512
qwen,C64_O512,baseline,5,56,4225.045,8477.93,512
qwen,C64_O512,baseline,5,40,4331.928,8584.522,512
qwen,C64_O512,baseline,5,32,4342.192,8595.985,512
qwen,C64_O512,baseline,5,49,4234.513,8490.073,512
qwen,C64_O512,baseline,5,55,4223.27,8480.029,512
qwen,C64_O512,baseline,5,45,4238.083,8495.357,512
qwen,C64_O512,baseline,5,47,4235.966,8493.049,512
qwen,C64_O512,baseline,5,38,4332.282,8589.136,512
qwen,C64_O512,baseline,5,52,4228.964,8485.472,512
qwen,C64_O512,cap_only,1,4,145.244,5432.189,512
qwen,C64_O512,cap_only,1,44,94.667,5377.636,512
qwen,C64_O512,cap_only,1,41,98.974,5384.684,512
qwen,C64_O512,cap_only,1,11,136.804,5426.855,512
qwen,C64_O512,cap_only,1,58,77.463,5365.358,512
qwen,C64_O512,cap_only,1,54,80.929,5370.553,512
qwen,C64_O512,cap_only,1,43,96.09,5385.407,512
qwen,C64_O512,cap_only,1,47,91.08,5381.29,512
qwen,C64_O512,cap_only,1,48,89.246,5380.491,512
qwen,C64_O512,cap_only,1,1,149.026,5443.425,512
qwen,C64_O512,cap_only,1,34,103.396,5399.342,512
qwen,C64_O512,cap_only,1,36,104.048,5396.595,512
qwen,C64_O512,cap_only,1,18,128.837,5423.219,512
qwen,C64_O512,cap_only,1,8,140.843,5436.547,512
qwen,C64_O512,cap_only,1,12,133.865,5431.459,512
qwen,C64_O512,cap_only,1,40,100.054,5394.014,512
qwen,C64_O512,cap_only,1,25,118.333,5415.519,512
qwen,C64_O512,cap_only,1,9,139.102,5436.528,512
qwen,C64_O512,cap_only,1,21,122.607,5420.637,512
qwen,C64_O512,cap_only,1,56,78.829,5374.469,512
qwen,C64_O512,cap_only,1,0,97.338,5448.758,512
qwen,C64_O512,cap_only,1,22,121.157,5420.254,512
qwen,C64_O512,cap_only,1,20,123.567,5422.766,512
qwen,C64_O512,cap_only,1,39,101.083,5397.057,512
qwen,C64_O512,cap_only,1,53,82.953,5379.854,512
qwen,C64_O512,cap_only,1,51,84.849,5382.512,512
qwen,C64_O512,cap_only,1,63,70.458,5367.259,512
qwen,C64_O512,cap_only,1,27,113.942,5415.138,512
qwen,C64_O512,cap_only,1,42,97.142,5395.634,512
qwen,C64_O512,cap_only,1,55,80.514,5379.122,512
qwen,C64_O512,cap_only,1,33,106.836,5407.363,512
qwen,C64_O512,cap_only,1,35,103.204,5405.231,512
qwen,C64_O512,cap_only,1,57,77.711,5377.514,512
qwen,C64_O512,cap_only,1,29,112.231,5414.065,512
qwen,C64_O512,cap_only,1,59,75.439,5374.821,512
qwen,C64_O512,cap_only,1,28,113.236,5415.983,512
qwen,C64_O512,cap_only,1,60,73.643,5374.751,512
qwen,C64_O512,cap_only,1,7,142.826,5445.813,512
qwen,C64_O512,cap_only,1,24,119.199,5423.608,512
qwen,C64_O512,cap_only,1,45,93.303,5394.617,512
qwen,C64_O512,cap_only,1,49,87.325,5389.52,512
qwen,C64_O512,cap_only,1,30,111.411,5415.174,512
qwen,C64_O512,cap_only,1,37,103.007,5405.4,512
qwen,C64_O512,cap_only,1,46,92.59,5394.904,512
qwen,C64_O512,cap_only,1,10,136.981,5443.573,512
qwen,C64_O512,cap_only,1,5,145.038,5450.931,512
qwen,C64_O512,cap_only,1,17,128.945,5435.666,512
qwen,C64_O512,cap_only,1,19,126.249,5432.85,512
qwen,C64_O512,cap_only,1,32,106.201,5413.98,512
qwen,C64_O512,cap_only,1,52,84.797,5388.987,512
qwen,C64_O512,cap_only,1,2,149.0,5455.837,512
qwen,C64_O512,cap_only,1,23,122.215,5428.655,512
qwen,C64_O512,cap_only,1,6,142.861,5451.135,512
qwen,C64_O512,cap_only,1,14,131.364,5440.629,512
qwen,C64_O512,cap_only,1,61,72.523,5378.201,512
qwen,C64_O512,cap_only,1,3,147.976,5456.087,512
qwen,C64_O512,cap_only,1,50,86.712,5392.707,512
qwen,C64_O512,cap_only,1,38,101.901,5408.59,512
qwen,C64_O512,cap_only,1,26,116.938,5425.398,512
qwen,C64_O512,cap_only,1,15,133.032,5441.789,512
qwen,C64_O512,cap_only,1,16,129.923,5439.844,512
qwen,C64_O512,cap_only,1,13,133.843,5443.877,512
qwen,C64_O512,cap_only,1,62,71.236,5378.97,512
qwen,C64_O512,cap_only,1,31,109.243,5418.99,512
qwen,C128_O256,cap_only,1,55,127.864,3367.967,256
qwen,C128_O256,cap_only,1,67,113.813,3353.073,256
qwen,C128_O256,cap_only,1,48,137.796,3377.91,256
qwen,C128_O256,cap_only,1,41,145.232,3387.535,256
qwen,C128_O256,cap_only,1,86,152.602,3332.526,256
qwen,C128_O256,cap_only,1,75,164.327,3346.262,256
qwen,C128_O256,cap_only,1,12,146.144,3426.127,256
qwen,C128_O256,cap_only,1,68,174.089,3356.185,256
qwen,C128_O256,cap_only,1,100,129.924,3314.835,256
qwen,C128_O256,cap_only,1,19,137.555,3420.333,256
qwen,C128_O256,cap_only,1,59,123.216,3369.547,256
qwen,C128_O256,cap_only,1,122,103.052,3286.625,256
qwen,C128_O256,cap_only,1,52,132.228,3378.194,256
qwen,C128_O256,cap_only,1,27,127.121,3410.823,256
qwen,C128_O256,cap_only,1,77,162.428,3348.918,256
qwen,C128_O256,cap_only,1,35,117.37,3401.052,256
qwen,C128_O256,cap_only,1,101,128.628,3315.406,256
qwen,C128_O256,cap_only,1,116,110.917,3296.95,256
qwen,C128_O256,cap_only,1,42,145.203,3392.893,256
qwen,C128_O256,cap_only,1,99,129.666,3319.116,256
qwen,C128_O256,cap_only,1,96,135.164,3324.088,256
qwen,C128_O256,cap_only,1,83,155.407,3344.027,256
qwen,C128_O256,cap_only,1,53,131.236,3381.283,256
qwen,C128_O256,cap_only,1,6,155.876,3442.414,256
qwen,C128_O256,cap_only,1,20,140.696,3424.617,256
qwen,C128_O256,cap_only,1,78,160.687,3352.023,256
qwen,C128_O256,cap_only,1,85,152.074,3343.476,256
qwen,C128_O256,cap_only,1,21,135.206,3423.981,256
qwen,C128_O256,cap_only,1,106,120.987,3313.435,256
qwen,C128_O256,cap_only,1,30,123.867,3412.599,256
qwen,C128_O256,cap_only,1,74,163.929,3357.387,256
qwen,C128_O256,cap_only,1,91,143.187,3334.624,256
qwen,C128_O256,cap_only,1,76,163.901,3355.835,256
qwen,C128_O256,cap_only,1,95,136.098,3329.76,256
qwen,C128_O256,cap_only,1,81,158.143,3350.153,256
qwen,C128_O256,cap_only,1,25,133.111,3420.642,256
qwen,C128_O256,cap_only,1,120,105.911,3296.965,256
qwen,C128_O256,cap_only,1,61,120.925,3375.589,256
qwen,C128_O256,cap_only,1,31,121.496,3413.086,256
qwen,C128_O256,cap_only,1,43,143.22,3397.602,256
qwen,C128_O256,cap_only,1,90,143.324,3337.847,256
qwen,C128_O256,cap_only,1,107,119.666,3315.658,256
qwen,C128_O256,cap_only,1,110,118.198,3311.283,256
qwen,C128_O256,cap_only,1,73,166.822,3361.56,256
qwen,C128_O256,cap_only,1,72,166.961,3362.855,256
qwen,C128_O256,cap_only,1,63,118.145,3374.538,256
qwen,C128_O256,cap_only,1,32,120.279,3413.494,256
qwen,C128_O256,cap_only,1,127,94.05,3287.526,256
qwen,C128_O256,cap_only,1,118,108.097,3302.057,256
qwen,C128_O256,cap_only,1,115,112.526,3306.32,256
qwen,C128_O256,cap_only,1,62,118.997,3377.013,256
qwen,C128_O256,cap_only,1,125,97.854,3292.326,256
qwen,C128_O256,cap_only,1,79,160.619,3356.693,256
qwen,C128_O256,cap_only,1,93,138.262,3336.184,256
qwen,C128_O256,cap_only,1,89,146.557,3343.394,256
qwen,C128_O256,cap_only,1,84,153.75,3350.432,256
qwen,C128_O256,cap_only,1,82,155.761,3353.653,256
qwen,C128_O256,cap_only,1,1,159.734,3455.026,256
qwen,C128_O256,cap_only,1,50,135.332,3393.23,256
qwen,C128_O256,cap_only,1,57,126.819,3385.401,256
qwen,C128_O256,cap_only,1,80,159.842,3357.445,256
qwen,C128_O256,cap_only,1,39,148.874,3407.92,256
qwen,C128_O256,cap_only,1,24,133.758,3428.836,256
qwen,C128_O256,cap_only,1,18,140.427,3436.029,256
qwen,C128_O256,cap_only,1,111,116.919,3314.881,256
qwen,C128_O256,cap_only,1,26,128.288,3426.159,256
qwen,C128_O256,cap_only,1,47,137.682,3399.27,256
qwen,C128_O256,cap_only,1,3,158.227,3455.985,256
qwen,C128_O256,cap_only,1,46,139.715,3400.916,256
qwen,C128_O256,cap_only,1,44,141.768,3402.926,256
qwen,C128_O256,cap_only,1,94,137.789,3339.238,256
qwen,C128_O256,cap_only,1,29,126.679,3423.145,256
qwen,C128_O256,cap_only,1,114,113.448,3312.519,256
qwen,C128_O256,cap_only,1,92,142.035,3342.787,256
qwen,C128_O256,cap_only,1,123,101.34,3301.211,256
qwen,C128_O256,cap_only,1,71,169.824,3370.546,256
qwen,C128_O256,cap_only,1,103,125.74,3327.669,256
qwen,C128_O256,cap_only,1,17,141.257,3439.398,256
qwen,C128_O256,cap_only,1,38,150.241,3413.063,256
qwen,C128_O256,cap_only,1,87,148.755,3352.009,256
qwen,C128_O256,cap_only,1,121,104.452,3305.06,256
qwen,C128_O256,cap_only,1,40,147.499,3410.794,256
qwen,C128_O256,cap_only,1,23,136.088,3433.718,256
qwen,C128_O256,cap_only,1,70,170.147,3374.115,256
qwen,C128_O256,cap_only,1,69,172.525,3375.861,256
qwen,C128_O256,cap_only,1,10,148.823,3450.5,256
qwen,C128_O256,cap_only,1,7,156.611,3455.536,256
qwen,C128_O256,cap_only,1,37,151.141,3416.437,256
qwen,C128_O256,cap_only,1,98,133.465,3337.236,256
qwen,C128_O256,cap_only,1,88,148.562,3353.318,256
qwen,C128_O256,cap_only,1,105,123.676,3328.748,256
qwen,C128_O256,cap_only,1,45,140.053,3407.089,256
qwen,C128_O256,cap_only,1,5,157.251,3459.249,256
qwen,C128_O256,cap_only,1,124,100.462,3304.897,256
qwen,C128_O256,cap_only,1,9,152.002,3454.014,256
qwen,C128_O256,cap_only,1,15,145.167,3447.731,256
qwen,C128_O256,cap_only,1,102,125.92,3334.338,256
qwen,C128_O256,cap_only,1,0,160.593,3466.322,256
qwen,C128_O256,cap_only,1,112,114.802,3321.291,256
qwen,C128_O256,cap_only,1,14,145.694,3450.175,256
qwen,C128_O256,cap_only,1,28,126.872,3431.734,256
qwen,C128_O256,cap_only,1,113,114.439,3320.771,256
qwen,C128_O256,cap_only,1,16,144.141,3448.377,256
qwen,C128_O256,cap_only,1,64,116.252,3386.726,256
qwen,C128_O256,cap_only,1,58,124.852,3394.088,256
qwen,C128_O256,cap_only,1,22,136.143,3440.929,256
qwen,C128_O256,cap_only,1,104,126.054,3333.802,256
qwen,C128_O256,cap_only,1,65,115.655,3385.983,256
qwen,C128_O256,cap_only,1,11,148.894,3454.869,256
qwen,C128_O256,cap_only,1,54,129.497,3400.155,256
qwen,C128_O256,cap_only,1,66,114.441,3385.181,256
qwen,C128_O256,cap_only,1,36,152.184,3423.292,256
qwen,C128_O256,cap_only,1,108,121.967,3330.527,256
qwen,C128_O256,cap_only,1,117,109.703,3318.507,256
qwen,C128_O256,cap_only,1,60,122.79,3394.049,256
qwen,C128_O256,cap_only,1,2,103.02,3467.163,256
qwen,C128_O256,cap_only,1,109,117.964,3329.222,256
qwen,C128_O256,cap_only,1,33,120.701,3428.213,256
qwen,C128_O256,cap_only,1,97,135.065,3345.994,256
qwen,C128_O256,cap_only,1,13,148.5,3454.504,256
qwen,C128_O256,cap_only,1,49,135.077,3408.623,256
qwen,C128_O256,cap_only,1,126,95.841,3306.258,256
qwen,C128_O256,cap_only,1,56,126.652,3400.339,256
qwen,C128_O256,cap_only,1,34,119.697,3428.422,256
qwen,C128_O256,cap_only,1,4,157.63,3467.366,256
qwen,C128_O256,cap_only,1,119,107.145,3317.815,256
qwen,C128_O256,cap_only,1,51,133.975,3407.062,256
qwen,C128_O256,cap_only,1,8,153.204,3462.564,256
qwen,C128_O256,cap_only,2,11,203.66,3501.879,256
qwen,C128_O256,cap_only,2,16,187.791,3496.45,256
qwen,C128_O256,cap_only,2,66,133.233,3431.998,256
qwen,C128_O256,cap_only,2,2,205.271,3515.401,256
qwen,C128_O256,cap_only,2,24,193.039,3488.784,256
qwen,C128_O256,cap_only,2,49,146.344,3456.044,256
qwen,C128_O256,cap_only,2,72,117.045,3427.674,256
qwen,C128_O256,cap_only,2,61,132.135,3442.328,256
qwen,C128_O256,cap_only,2,88,98.953,3407.262,256
qwen,C128_O256,cap_only,2,48,148.568,3459.025,256
qwen,C128_O256,cap_only,2,8,197.429,3511.375,256
qwen,C128_O256,cap_only,2,10,198.59,3509.04,256
qwen,C128_O256,cap_only,2,13,200.439,3505.499,256
qwen,C128_O256,cap_only,2,82,103.826,3416.886,256
qwen,C128_O256,cap_only,2,64,127.666,3440.076,256
qwen,C128_O256,cap_only,2,52,143.358,3455.724,256
qwen,C128_O256,cap_only,2,67,123.766,3437.373,256
qwen,C128_O256,cap_only,2,74,122.142,3427.607,256
qwen,C128_O256,cap_only,2,56,138.882,3451.833,256
qwen,C128_O256,cap_only,2,45,159.672,3465.487,256
qwen,C128_O256,cap_only,2,35,167.202,3478.201,256
qwen,C128_O256,cap_only,2,5,200.684,3517.224,256
qwen,C128_O256,cap_only,2,34,163.239,3480.142,256
qwen,C128_O256,cap_only,2,40,160.115,3472.584,256
qwen,C128_O256,cap_only,2,37,171.392,3477.446,256
qwen,C128_O256,cap_only,2,20,182.681,3501.063,256
qwen,C128_O256,cap_only,2,84,107.182,3418.484,256
qwen,C128_O256,cap_only,2,68,127.419,3439.952,256
qwen,C128_O256,cap_only,2,69,131.868,3438.193,256
qwen,C128_O256,cap_only,2,73,118.653,3434.168,256
qwen,C128_O256,cap_only,2,31,171.074,3487.712,256
qwen,C128_O256,cap_only,2,71,128.236,3438.351,256
qwen,C128_O256,cap_only,2,59,142.268,3453.979,256
qwen,C128_O256,cap_only,2,58,138.458,3455.904,256
qwen,C128_O256,cap_only,2,17,195.961,3509.066,256
qwen,C128_O256,cap_only,2,70,119.874,3441.767,256
qwen,C128_O256,cap_only,2,60,133.027,3454.136,256
qwen,C128_O256,cap_only,2,80,109.068,3429.276,256
qwen,C128_O256,cap_only,2,54,140.338,3463.14,256
qwen,C128_O256,cap_only,2,50,145.794,3468.684,256
qwen,C128_O256,cap_only,2,4,210.324,3527.081,256
qwen,C128_O256,cap_only,2,26,185.162,3498.928,256
qwen,C128_O256,cap_only,2,46,155.997,3474.674,256
qwen,C128_O256,cap_only,2,83,102.464,3427.635,256
qwen,C128_O256,cap_only,2,0,106.565,3533.764,256
qwen,C128_O256,cap_only,2,89,98.083,3419.329,256
qwen,C128_O256,cap_only,2,44,155.464,3478.629,256
qwen,C128_O256,cap_only,2,29,175.15,3497.523,256
qwen,C128_O256,cap_only,2,53,142.405,3468.274,256
qwen,C128_O256,cap_only,2,81,113.246,3432.803,256
qwen,C128_O256,cap_only,2,19,195.561,3513.075,256
qwen,C128_O256,cap_only,2,57,136.669,3464.396,256
qwen,C128_O256,cap_only,2,55,144.465,3468.029,256
qwen,C128_O256,cap_only,2,65,135.554,3455.013,256
qwen,C128_O256,cap_only,2,38,160.442,3489.159,256
qwen,C128_O256,cap_only,2,6,203.206,3531.206,256
qwen,C128_O256,cap_only,2,78,114.62,3440.419,256
qwen,C128_O256,cap_only,2,22,180.212,3512.97,256
qwen,C128_O256,cap_only,2,76,111.538,3443.118,256
qwen,C128_O256,cap_only,2,79,113.106,3439.747,256
qwen,C128_O256,cap_only,2,7,204.302,3532.545,256
qwen,C128_O256,cap_only,2,9,202.015,3530.226,256
qwen,C128_O256,cap_only,2,36,165.837,3495.538,256
qwen,C128_O256,cap_only,2,1,205.891,3540.096,256
qwen,C128_O256,cap_only,2,28,171.017,3505.29,256
qwen,C128_O256,cap_only,2,43,162.131,3486.468,256
qwen,C128_O256,cap_only,2,42,160.219,3488.403,256
qwen,C128_O256,cap_only,2,27,189.43,3507.938,256
qwen,C128_O256,cap_only,2,25,178.473,3510.985,256
qwen,C128_O256,cap_only,2,32,179.049,3502.761,256
qwen,C128_O256,cap_only,2,14,201.946,3528.36,256
qwen,C128_O256,cap_only,2,75,112.458,3449.638,256
qwen,C128_O256,cap_only,2,63,128.816,3465.439,256
qwen,C128_O256,cap_only,2,15,188.403,3528.041,256
qwen,C128_O256,cap_only,2,47,148.676,3486.21,256
qwen,C128_O256,cap_only,2,115,124.782,3294.711,256
qwen,C128_O256,cap_only,2,41,156.631,3494.687,256
qwen,C128_O256,cap_only,2,77,110.46,3449.469,256
qwen,C128_O256,cap_only,2,98,150.827,3321.778,256
qwen,C128_O256,cap_only,2,93,257.002,3428.848,256
qwen,C128_O256,cap_only,2,91,208.259,3431.792,256
qwen,C128_O256,cap_only,2,21,181.75,3524.414,256
qwen,C128_O256,cap_only,2,124,114.122,3286.267,256
qwen,C128_O256,cap_only,2,39,164.652,3500.759,256
qwen,C128_O256,cap_only,2,51,146.995,3486.406,256
qwen,C128_O256,cap_only,2,112,129.35,3302.675,256
qwen,C128_O256,cap_only,2,95,165.851,3339.483,256
qwen,C128_O256,cap_only,2,123,116.103,3289.692,256
qwen,C128_O256,cap_only,2,127,111.087,3285.048,256
qwen,C128_O256,cap_only,2,86,98.076,3442.753,256
qwen,C128_O256,cap_only,2,62,130.778,3474.03,256
qwen,C128_O256,cap_only,2,85,99.234,3444.126,256
qwen,C128_O256,cap_only,2,94,170.899,3347.859,256
qwen,C128_O256,cap_only,2,12,192.26,3539.627,256
qwen,C128_O256,cap_only,2,96,158.346,3336.714,256
qwen,C128_O256,cap_only,2,117,122.671,3301.552,256
qwen,C128_O256,cap_only,2,125,112.983,3290.814,256
qwen,C128_O256,cap_only,2,120,119.443,3297.495,256
qwen,C128_O256,cap_only,2,105,139.225,3317.38,256
qwen,C128_O256,cap_only,2,110,132.053,3310.708,256
qwen,C128_O256,cap_only,2,102,147.635,3326.415,256
qwen,C128_O256,cap_only,2,104,139.884,3319.128,256
qwen,C128_O256,cap_only,2,3,210.127,3554.195,256
qwen,C128_O256,cap_only,2,90,98.84,3441.246,256
qwen,C128_O256,cap_only,2,92,206.991,3438.901,256
qwen,C128_O256,cap_only,2,114,127.025,3307.481,256
qwen,C128_O256,cap_only,2,30,178.056,3520.326,256
qwen,C128_O256,cap_only,2,23,185.122,3530.67,256
qwen,C128_O256,cap_only,2,121,117.874,3299.537,256
qwen,C128_O256,cap_only,2,87,99.54,3448.927,256
qwen,C128_O256,cap_only,2,106,136.855,3319.196,256
qwen,C128_O256,cap_only,2,116,124.196,3306.957,256
qwen,C128_O256,cap_only,2,99,150.281,3332.671,256
qwen,C128_O256,cap_only,2,118,121.683,3305.084,256
qwen,C128_O256,cap_only,2,119,120.071,3303.108,256
qwen,C128_O256,cap_only,2,109,132.576,3316.017,256
qwen,C128_O256,cap_only,2,107,136.152,3319.322,256
qwen,C128_O256,cap_only,2,122,117.145,3299.864,256
qwen,C128_O256,cap_only,2,100,149.309,3332.846,256
qwen,C128_O256,cap_only,2,18,190.905,3539.703,256
qwen,C128_O256,cap_only,2,111,130.201,3314.69,256
qwen,C128_O256,cap_only,2,103,141.444,3326.373,256
qwen,C128_O256,cap_only,2,33,165.55,3521.34,256
qwen,C128_O256,cap_only,2,126,112.025,3297.085,256
qwen,C128_O256,cap_only,2,113,128.073,3313.609,256
qwen,C128_O256,cap_only,2,101,148.679,3333.771,256
qwen,C128_O256,cap_only,2,97,152.959,3338.993,256
qwen,C128_O256,cap_only,2,108,135.917,3321.405,256
qwen,C64_O512,cap_only,2,42,408.04,5469.8,512
qwen,C64_O512,cap_only,2,2,458.276,5523.299,512
qwen,C64_O512,cap_only,2,26,427.065,5492.028,512
qwen,C64_O512,cap_only,2,46,403.092,5466.912,512
qwen,C64_O512,cap_only,2,10,451.004,5516.521,512
qwen,C64_O512,cap_only,2,23,432.964,5500.944,512
qwen,C64_O512,cap_only,2,52,396.03,5462.847,512
qwen,C64_O512,cap_only,2,25,430.786,5498.542,512
qwen,C64_O512,cap_only,2,58,387.882,5455.515,512
qwen,C64_O512,cap_only,2,17,438.711,5508.771,512
qwen,C64_O512,cap_only,2,39,412.479,5481.292,512
qwen,C64_O512,cap_only,2,34,416.748,5486.487,512
qwen,C64_O512,cap_only,2,37,414.725,5484.375,512
qwen,C64_O512,cap_only,2,14,442.98,5515.444,512
qwen,C64_O512,cap_only,2,54,393.494,5465.495,512
qwen,C64_O512,cap_only,2,33,419.088,5492.761,512
qwen,C64_O512,cap_only,2,43,405.978,5480.494,512
qwen,C64_O512,cap_only,2,24,430.904,5506.627,512
qwen,C64_O512,cap_only,2,40,410.804,5485.016,512
qwen,C64_O512,cap_only,2,3,457.749,5533.907,512
qwen,C64_O512,cap_only,2,13,444.481,5521.035,512
qwen,C64_O512,cap_only,2,1,458.23,5536.584,512
qwen,C64_O512,cap_only,2,60,385.982,5460.676,512
qwen,C64_O512,cap_only,2,6,453.761,5530.862,512
qwen,C64_O512,cap_only,2,29,423.734,5500.411,512
qwen,C64_O512,cap_only,2,35,417.61,5492.995,512
qwen,C64_O512,cap_only,2,9,450.491,5528.099,512
qwen,C64_O512,cap_only,2,49,399.494,5475.981,512
qwen,C64_O512,cap_only,2,47,401.494,5478.259,512
qwen,C64_O512,cap_only,2,11,447.862,5525.513,512
qwen,C64_O512,cap_only,2,51,397.404,5474.379,512
qwen,C64_O512,cap_only,2,4,456.019,5534.81,512
qwen,C64_O512,cap_only,2,0,461.519,5540.614,512
qwen,C64_O512,cap_only,2,36,415.579,5493.875,512
qwen,C64_O512,cap_only,2,38,414.656,5491.894,512
qwen,C64_O512,cap_only,2,30,421.735,5502.344,512
qwen,C64_O512,cap_only,2,44,405.058,5484.562,512
qwen,C64_O512,cap_only,2,57,389.53,5468.63,512
qwen,C64_O512,cap_only,2,22,433.519,5514.731,512
qwen,C64_O512,cap_only,2,8,452.828,5533.07,512
qwen,C64_O512,cap_only,2,50,398.385,5479.421,512
qwen,C64_O512,cap_only,2,20,436.393,5518.269,512
qwen,C64_O512,cap_only,2,12,445.39,5528.595,512
qwen,C64_O512,cap_only,2,53,393.779,5476.143,512
qwen,C64_O512,cap_only,2,56,391.372,5471.705,512
qwen,C64_O512,cap_only,2,31,420.665,5504.144,512
qwen,C64_O512,cap_only,2,5,454.295,5537.985,512
qwen,C64_O512,cap_only,2,19,437.106,5521.304,512
qwen,C64_O512,cap_only,2,27,424.754,5509.207,512
qwen,C64_O512,cap_only,2,41,408.926,5492.156,512
qwen,C64_O512,cap_only,2,7,453.238,5536.58,512
qwen,C64_O512,cap_only,2,28,423.303,5508.562,512
qwen,C64_O512,cap_only,2,32,420.636,5505.172,512
qwen,C64_O512,cap_only,2,16,439.999,5526.568,512
qwen,C64_O512,cap_only,2,48,400.552,5485.502,512
qwen,C64_O512,cap_only,2,15,442.059,5528.198,512
qwen,C64_O512,cap_only,2,18,439.554,5525.101,512
qwen,C64_O512,cap_only,2,59,386.238,5472.026,512
qwen,C64_O512,cap_only,2,55,391.817,5478.174,512
qwen,C64_O512,cap_only,2,45,403.672,5490.574,512
qwen,C64_O512,cap_only,2,21,435.73,5522.423,512
qwen,C64_O512,cap_only,2,61,449.053,5620.969,512
qwen,C64_O512,cap_only,2,62,449.539,5620.135,512
qwen,C64_O512,cap_only,2,63,448.475,5619.149,512
qwen,C128_O256,cap_only,3,34,115.467,3396.257,256
qwen,C128_O256,cap_only,3,113,125.021,3299.596,256
qwen,C128_O256,cap_only,3,18,136.697,3418.81,256
qwen,C128_O256,cap_only,3,23,132.016,3413.822,256
qwen,C128_O256,cap_only,3,114,123.836,3300.644,256
qwen,C128_O256,cap_only,3,105,132.971,3312.613,256
qwen,C128_O256,cap_only,3,39,151.013,3394.782,256
qwen,C128_O256,cap_only,3,57,130.26,3373.48,256
qwen,C128_O256,cap_only,3,24,129.318,3416.109,256
qwen,C128_O256,cap_only,3,52,135.872,3381.091,256
qwen,C128_O256,cap_only,3,69,177.852,3360.98,256
qwen,C128_O256,cap_only,3,82,161.762,3346.096,256
qwen,C128_O256,cap_only,3,70,177.142,3360.886,256
qwen,C128_O256,cap_only,3,84,160.628,3344.354,256
qwen,C128_O256,cap_only,3,71,176.147,3360.284,256
qwen,C128_O256,cap_only,3,51,137.006,3385.465,256
qwen,C128_O256,cap_only,3,32,120.598,3408.097,256
qwen,C128_O256,cap_only,3,45,144.154,3392.395,256
qwen,C128_O256,cap_only,3,104,134.341,3321.107,256
qwen,C128_O256,cap_only,3,102,136.669,3324.182,256
qwen,C128_O256,cap_only,3,96,143.219,3332.096,256
qwen,C128_O256,cap_only,3,126,108.59,3294.746,256
qwen,C128_O256,cap_only,3,64,184.058,3371.979,256
qwen,C128_O256,cap_only,3,99,139.983,3329.061,256
qwen,C128_O256,cap_only,3,59,127.494,3377.919,256
qwen,C128_O256,cap_only,3,103,135.63,3324.594,256
qwen,C128_O256,cap_only,3,31,119.764,3412.778,256
qwen,C128_O256,cap_only,3,60,125.803,3377.348,256
qwen,C128_O256,cap_only,3,77,168.484,3357.33,256
qwen,C128_O256,cap_only,3,76,170.155,3359.079,256
qwen,C128_O256,cap_only,3,14,143.872,3436.36,256
qwen,C128_O256,cap_only,3,79,166.087,3355.681,256
qwen,C128_O256,cap_only,3,98,141.578,3331.99,256
qwen,C128_O256,cap_only,3,117,120.002,3308.52,256
qwen,C128_O256,cap_only,3,26,126.384,3420.055,256
qwen,C128_O256,cap_only,3,38,152.517,3405.834,256
qwen,C128_O256,cap_only,3,48,140.961,3393.702,256
qwen,C128_O256,cap_only,3,6,155.886,3447.295,256
qwen,C128_O256,cap_only,3,10,150.418,3443.322,256
qwen,C128_O256,cap_only,3,115,122.423,3312.105,256
qwen,C128_O256,cap_only,3,0,100.829,3454.67,256
qwen,C128_O256,cap_only,3,81,164.216,3355.692,256
qwen,C128_O256,cap_only,3,56,131.295,3385.971,256
qwen,C128_O256,cap_only,3,36,155.074,3410.559,256
qwen,C128_O256,cap_only,3,93,148.119,3340.665,256
qwen,C128_O256,cap_only,3,55,132.026,3387.736,256
qwen,C128_O256,cap_only,3,95,145.129,3338.853,256
qwen,C128_O256,cap_only,3,5,153.597,3450.782,256
qwen,C128_O256,cap_only,3,124,110.734,3302.876,256
qwen,C128_O256,cap_only,3,28,126.658,3421.529,256
qwen,C128_O256,cap_only,3,22,135.942,3430.47,256
qwen,C128_O256,cap_only,3,106,132.925,3325.969,256
qwen,C128_O256,cap_only,3,46,143.472,3399.55,256
qwen,C128_O256,cap_only,3,16,142.65,3438.62,256
qwen,C128_O256,cap_only,3,87,156.555,3350.743,256
qwen,C128_O256,cap_only,3,3,155.62,3454.32,256
qwen,C128_O256,cap_only,3,33,117.286,3416.628,256
qwen,C128_O256,cap_only,3,74,170.784,3366.598,256
qwen,C128_O256,cap_only,3,9,151.52,3448.785,256
qwen,C128_O256,cap_only,3,29,122.871,3423.129,256
qwen,C128_O256,cap_only,3,63,121.934,3381.888,256
qwen,C128_O256,cap_only,3,101,138.157,3335.756,256
qwen,C128_O256,cap_only,3,118,119.229,3315.085,256
qwen,C128_O256,cap_only,3,58,128.572,3389.528,256
qwen,C128_O256,cap_only,3,35,156.289,3417.278,256
qwen,C128_O256,cap_only,3,97,142.874,3341.298,256
qwen,C128_O256,cap_only,3,13,144.946,3446.203,256
qwen,C128_O256,cap_only,3,73,173.287,3371.157,256
qwen,C128_O256,cap_only,3,83,161.816,3360.694,256
qwen,C128_O256,cap_only,3,7,152.67,3454.342,256
qwen,C128_O256,cap_only,3,107,133.104,3330.161,256
qwen,C128_O256,cap_only,3,119,117.148,3314.958,256
qwen,C128_O256,cap_only,3,86,156.755,3356.407,256
qwen,C128_O256,cap_only,3,94,147.126,3346.976,256
qwen,C128_O256,cap_only,3,120,116.178,3314.479,256
qwen,C128_O256,cap_only,3,25,127.177,3431.844,256
qwen,C128_O256,cap_only,3,72,174.973,3375.428,256
qwen,C128_O256,cap_only,3,78,167.057,3368.48,256
qwen,C128_O256,cap_only,3,21,134.365,3439.639,256
qwen,C128_O256,cap_only,3,110,128.942,3329.654,256
qwen,C128_O256,cap_only,3,108,132.18,3332.995,256
qwen,C128_O256,cap_only,3,112,125.977,3327.305,256
qwen,C128_O256,cap_only,3,27,128.184,3431.812,256
qwen,C128_O256,cap_only,3,61,125.033,3390.634,256
qwen,C128_O256,cap_only,3,47,142.01,3407.03,256
qwen,C128_O256,cap_only,3,88,155.399,3358.342,256
qwen,C128_O256,cap_only,3,12,144.992,3452.317,256
qwen,C128_O256,cap_only,3,42,148.167,3414.142,256
qwen,C128_O256,cap_only,3,19,136.588,3443.975,256
qwen,C128_O256,cap_only,3,41,149.244,3415.905,256
qwen,C128_O256,cap_only,3,100,138.224,3343.471,256
qwen,C128_O256,cap_only,3,50,139.429,3406.192,256
qwen,C128_O256,cap_only,3,91,150.695,3354.915,256
qwen,C128_O256,cap_only,3,44,145.874,3413.408,256
qwen,C128_O256,cap_only,3,49,140.28,3407.538,256
qwen,C128_O256,cap_only,3,65,183.053,3387.743,256
qwen,C128_O256,cap_only,3,1,157.948,3467.702,256
qwen,C128_O256,cap_only,3,54,133.488,3401.837,256
qwen,C128_O256,cap_only,3,43,146.582,3415.657,256
qwen,C128_O256,cap_only,3,66,181.893,3388.669,256
qwen,C128_O256,cap_only,3,2,157.512,3468.307,256
qwen,C128_O256,cap_only,3,8,151.26,3462.305,256
qwen,C128_O256,cap_only,3,62,124.036,3394.241,256
qwen,C128_O256,cap_only,3,111,127.331,3334.205,256
qwen,C128_O256,cap_only,3,17,140.272,3451.06,256
qwen,C128_O256,cap_only,3,53,134.758,3405.493,256
qwen,C128_O256,cap_only,3,116,120.86,3328.161,256
qwen,C128_O256,cap_only,3,30,123.42,3434.062,256
qwen,C128_O256,cap_only,3,40,150.091,3421.63,256
qwen,C128_O256,cap_only,3,85,159.266,3367.375,256
qwen,C128_O256,cap_only,3,20,136.537,3447.802,256
qwen,C128_O256,cap_only,3,92,149.43,3357.959,256
qwen,C128_O256,cap_only,3,4,156.017,3468.019,256
qwen,C128_O256,cap_only,3,15,141.624,3455.126,256
qwen,C128_O256,cap_only,3,80,164.123,3374.356,256
qwen,C128_O256,cap_only,3,11,147.497,3460.343,256
qwen,C128_O256,cap_only,3,125,109.733,3318.012,256
qwen,C128_O256,cap_only,3,68,178.255,3389.393,256
qwen,C128_O256,cap_only,3,127,107.513,3316.432,256
qwen,C128_O256,cap_only,3,67,180.39,3390.924,256
qwen,C128_O256,cap_only,3,75,169.438,3381.133,256
qwen,C128_O256,cap_only,3,123,111.511,3321.083,256
qwen,C128_O256,cap_only,3,89,152.33,3363.08,256
qwen,C128_O256,cap_only,3,90,151.177,3361.877,256
qwen,C128_O256,cap_only,3,37,154.469,3427.852,256
qwen,C128_O256,cap_only,3,121,114.873,3324.872,256
qwen,C128_O256,cap_only,3,109,130.535,3340.467,256
qwen,C128_O256,cap_only,3,122,113.67,3323.822,256
qwen,C64_O512,cap_only,3,11,138.776,5453.075,512
qwen,C64_O512,cap_only,3,35,113.465,5424.385,512
qwen,C64_O512,cap_only,3,40,105.34,5418.246,512
qwen,C64_O512,cap_only,3,61,79.795,5392.516,512
qwen,C64_O512,cap_only,3,10,142.57,5457.776,512
qwen,C64_O512,cap_only,3,33,115.587,5428.733,512
qwen,C64_O512,cap_only,3,62,78.959,5394.116,512
qwen,C64_O512,cap_only,3,57,83.789,5401.192,512
qwen,C64_O512,cap_only,3,32,111.601,5432.57,512
qwen,C64_O512,cap_only,3,22,125.712,5446.409,512
qwen,C64_O512,cap_only,3,36,110.238,5428.4,512
qwen,C64_O512,cap_only,3,50,94.279,5412.317,512
qwen,C64_O512,cap_only,3,51,92.581,5411.364,512
qwen,C64_O512,cap_only,3,54,88.056,5407.54,512
qwen,C64_O512,cap_only,3,24,125.684,5446.704,512
qwen,C64_O512,cap_only,3,19,130.448,5453.204,512
qwen,C64_O512,cap_only,3,6,146.676,5468.979,512
qwen,C64_O512,cap_only,3,60,81.693,5401.672,512
qwen,C64_O512,cap_only,3,47,96.782,5418.594,512
qwen,C64_O512,cap_only,3,38,109.256,5430.808,512
qwen,C64_O512,cap_only,3,37,110.552,5432.134,512
qwen,C64_O512,cap_only,3,13,138.349,5463.296,512
qwen,C64_O512,cap_only,3,16,136.183,5460.561,512
qwen,C64_O512,cap_only,3,0,93.184,5478.484,512
qwen,C64_O512,cap_only,3,26,119.537,5446.78,512
qwen,C64_O512,cap_only,3,7,144.224,5471.364,512
qwen,C64_O512,cap_only,3,15,133.666,5462.143,512
qwen,C64_O512,cap_only,3,42,103.2,5428.152,512
qwen,C64_O512,cap_only,3,1,152.052,5478.83,512
qwen,C64_O512,cap_only,3,43,102.681,5427.601,512
qwen,C64_O512,cap_only,3,30,115.099,5443.789,512
qwen,C64_O512,cap_only,3,31,114.14,5442.874,512
qwen,C64_O512,cap_only,3,44,100.434,5427.461,512
qwen,C64_O512,cap_only,3,12,139.348,5468.212,512
qwen,C64_O512,cap_only,3,39,107.783,5434.143,512
qwen,C64_O512,cap_only,3,2,148.883,5479.951,512
qwen,C64_O512,cap_only,3,53,91.124,5418.112,512
qwen,C64_O512,cap_only,3,45,100.704,5427.488,512
qwen,C64_O512,cap_only,3,55,87.091,5415.176,512
qwen,C64_O512,cap_only,3,17,131.657,5463.872,512
qwen,C64_O512,cap_only,3,23,125.473,5456.613,512
qwen,C64_O512,cap_only,3,28,117.657,5449.335,512
qwen,C64_O512,cap_only,3,52,91.162,5420.385,512
qwen,C64_O512,cap_only,3,14,135.569,5468.874,512
qwen,C64_O512,cap_only,3,25,119.773,5454.478,512
qwen,C64_O512,cap_only,3,4,148.979,5481.181,512
qwen,C64_O512,cap_only,3,21,126.961,5461.546,512
qwen,C64_O512,cap_only,3,8,143.341,5478.182,512
qwen,C64_O512,cap_only,3,48,95.538,5427.065,512
qwen,C64_O512,cap_only,3,3,149.584,5483.292,512
qwen,C64_O512,cap_only,3,34,110.938,5446.5,512
qwen,C64_O512,cap_only,3,18,131.478,5466.679,512
qwen,C64_O512,cap_only,3,29,117.453,5452.458,512
qwen,C64_O512,cap_only,3,27,120.133,5454.72,512
qwen,C64_O512,cap_only,3,5,148.02,5482.835,512
qwen,C64_O512,cap_only,3,49,94.11,5428.326,512
qwen,C64_O512,cap_only,3,20,129.856,5465.327,512
qwen,C64_O512,cap_only,3,9,144.589,5479.834,512
qwen,C64_O512,cap_only,3,59,83.039,5416.501,512
qwen,C64_O512,cap_only,3,63,76.572,5411.232,512
qwen,C64_O512,cap_only,3,58,83.48,5417.805,512
qwen,C64_O512,cap_only,3,41,104.418,5439.348,512
qwen,C64_O512,cap_only,3,56,86.22,5420.686,512
qwen,C64_O512,cap_only,3,46,98.677,5433.601,512
qwen,C64_O512,cap_only,4,46,95.219,5381.846,512
qwen,C64_O512,cap_only,4,12,135.721,5426.13,512
qwen,C64_O512,cap_only,4,0,94.747,5441.058,512
qwen,C64_O512,cap_only,4,19,126.87,5420.056,512
qwen,C64_O512,cap_only,4,13,133.967,5427.046,512
qwen,C64_O512,cap_only,4,20,126.99,5419.168,512
qwen,C64_O512,cap_only,4,1,149.268,5444.114,512
qwen,C64_O512,cap_only,4,63,75.91,5367.133,512
qwen,C64_O512,cap_only,4,7,140.227,5437.026,512
qwen,C64_O512,cap_only,4,24,121.314,5416.225,512
qwen,C64_O512,cap_only,4,41,101.539,5394.139,512
qwen,C64_O512,cap_only,4,15,132.682,5428.054,512
qwen,C64_O512,cap_only,4,5,145.326,5440.838,512
qwen,C64_O512,cap_only,4,25,118.457,5416.525,512
qwen,C64_O512,cap_only,4,37,105.719,5400.01,512
qwen,C64_O512,cap_only,4,11,138.108,5434.659,512
qwen,C64_O512,cap_only,4,28,115.979,5413.946,512
qwen,C64_O512,cap_only,4,47,94.886,5390.293,512
qwen,C64_O512,cap_only,4,9,140.518,5438.902,512
qwen,C64_O512,cap_only,4,35,109.368,5405.364,512
qwen,C64_O512,cap_only,4,38,105.195,5401.652,512
qwen,C64_O512,cap_only,4,14,131.945,5433.812,512
qwen,C64_O512,cap_only,4,8,139.972,5441.52,512
qwen,C64_O512,cap_only,4,33,108.272,5409.78,512
qwen,C64_O512,cap_only,4,26,117.232,5420.062,512
qwen,C64_O512,cap_only,4,6,144.373,5445.216,512
qwen,C64_O512,cap_only,4,53,86.419,5386.391,512
qwen,C64_O512,cap_only,4,34,106.003,5409.458,512
qwen,C64_O512,cap_only,4,61,78.342,5377.497,512
qwen,C64_O512,cap_only,4,57,82.631,5382.338,512
qwen,C64_O512,cap_only,4,42,100.529,5400.555,512
qwen,C64_O512,cap_only,4,58,81.536,5381.511,512
qwen,C64_O512,cap_only,4,10,138.905,5441.989,512
qwen,C64_O512,cap_only,4,23,121.836,5426.341,512
qwen,C64_O512,cap_only,4,52,89.471,5390.397,512
qwen,C64_O512,cap_only,4,16,129.624,5435.712,512
qwen,C64_O512,cap_only,4,45,96.326,5399.033,512
qwen,C64_O512,cap_only,4,22,121.482,5428.619,512
qwen,C64_O512,cap_only,4,17,129.902,5435.206,512
qwen,C64_O512,cap_only,4,44,97.297,5400.392,512
qwen,C64_O512,cap_only,4,54,85.342,5388.622,512
qwen,C64_O512,cap_only,4,2,148.111,5454.81,512
qwen,C64_O512,cap_only,4,29,114.349,5420.926,512
qwen,C64_O512,cap_only,4,62,77.218,5381.113,512
qwen,C64_O512,cap_only,4,36,107.826,5412.573,512
qwen,C64_O512,cap_only,4,32,109.318,5417.837,512
qwen,C64_O512,cap_only,4,48,92.33,5398.093,512
qwen,C64_O512,cap_only,4,55,84.98,5390.027,512
qwen,C64_O512,cap_only,4,3,148.116,5456.033,512
qwen,C64_O512,cap_only,4,4,145.864,5455.391,512
qwen,C64_O512,cap_only,4,51,89.937,5397.188,512
qwen,C64_O512,cap_only,4,50,90.33,5398.494,512
qwen,C64_O512,cap_only,4,21,125.457,5435.259,512
qwen,C64_O512,cap_only,4,31,108.81,5421.871,512
qwen,C64_O512,cap_only,4,59,80.351,5388.84,512
qwen,C64_O512,cap_only,4,43,99.435,5407.396,512
qwen,C64_O512,cap_only,4,30,112.386,5424.417,512
qwen,C64_O512,cap_only,4,60,79.361,5388.1,512
qwen,C64_O512,cap_only,4,27,116.037,5428.469,512
qwen,C64_O512,cap_only,4,56,83.794,5393.185,512
qwen,C64_O512,cap_only,4,49,92.608,5402.207,512
qwen,C64_O512,cap_only,4,40,103.423,5413.296,512
qwen,C64_O512,cap_only,4,18,129.316,5442.899,512
qwen,C64_O512,cap_only,4,39,104.234,5414.82,512
qwen,C128_O256,cap_only,4,46,134.714,3441.584,256
qwen,C128_O256,cap_only,4,88,133.675,3387.39,256
qwen,C128_O256,cap_only,4,60,116.52,3423.613,256
qwen,C128_O256,cap_only,4,2,153.969,3500.17,256
qwen,C128_O256,cap_only,4,84,138.421,3395.408,256
qwen,C128_O256,cap_only,4,79,145.068,3401.862,256
qwen,C128_O256,cap_only,4,94,124.447,3381.746,256
qwen,C128_O256,cap_only,4,20,132.273,3481.826,256
qwen,C128_O256,cap_only,4,115,99.554,3356.306,256
qwen,C128_O256,cap_only,4,111,106.044,3362.069,256
qwen,C128_O256,cap_only,4,121,90.41,3346.679,256
qwen,C128_O256,cap_only,4,12,146.42,3493.473,256
qwen,C128_O256,cap_only,4,57,119.343,3434.525,256
qwen,C128_O256,cap_only,4,40,142.006,3457.956,256
qwen,C128_O256,cap_only,4,103,115.806,3374.364,256
qwen,C128_O256,cap_only,4,6,148.069,3502.38,256
qwen,C128_O256,cap_only,4,43,139.202,3454.434,256
qwen,C128_O256,cap_only,4,22,129.831,3482.915,256
qwen,C128_O256,cap_only,4,73,152.753,3415.269,256
qwen,C128_O256,cap_only,4,34,147.913,3465.853,256
qwen,C128_O256,cap_only,4,89,129.952,3393.575,256
qwen,C128_O256,cap_only,4,109,107.754,3368.206,256
qwen,C128_O256,cap_only,4,25,124.946,3479.295,256
qwen,C128_O256,cap_only,4,23,128.386,3482.477,256
qwen,C128_O256,cap_only,4,92,127.833,3391.443,256
qwen,C128_O256,cap_only,4,122,88.833,3349.618,256
qwen,C128_O256,cap_only,4,52,125.011,3444.495,256
qwen,C128_O256,cap_only,4,93,126.332,3391.015,256
qwen,C128_O256,cap_only,4,95,123.18,3388.098,256
qwen,C128_O256,cap_only,4,31,115.335,3472.471,256
qwen,C128_O256,cap_only,4,120,91.273,3353.303,256
qwen,C128_O256,cap_only,4,113,102.727,3365.216,256
qwen,C128_O256,cap_only,4,77,146.67,3413.611,256
qwen,C128_O256,cap_only,4,96,122.828,3387.795,256
qwen,C128_O256,cap_only,4,83,140.305,3406.872,256
qwen,C128_O256,cap_only,4,123,87.25,3350.041,256
qwen,C128_O256,cap_only,4,114,101.611,3364.193,256
qwen,C128_O256,cap_only,4,105,113.311,3376.061,256
qwen,C128_O256,cap_only,4,59,116.5,3437.619,256
qwen,C128_O256,cap_only,4,39,143.605,3464.553,256
qwen,C128_O256,cap_only,4,64,110.351,3431.874,256
qwen,C128_O256,cap_only,4,68,159.293,3427.242,256
qwen,C128_O256,cap_only,4,42,139.003,3461.698,256
qwen,C128_O256,cap_only,4,37,144.74,3468.526,256
qwen,C128_O256,cap_only,4,75,148.705,3419.221,256
qwen,C128_O256,cap_only,4,24,126.059,3486.51,256
qwen,C128_O256,cap_only,4,78,146.265,3415.68,256
qwen,C128_O256,cap_only,4,87,135.955,3404.937,256
qwen,C128_O256,cap_only,4,119,93.386,3359.528,256
qwen,C128_O256,cap_only,4,30,117.527,3478.395,256
qwen,C128_O256,cap_only,4,41,140.293,3464.753,256
qwen,C128_O256,cap_only,4,118,96.941,3363.619,256
qwen,C128_O256,cap_only,4,76,149.428,3419.5,256
qwen,C128_O256,cap_only,4,44,137.731,3461.742,256
qwen,C128_O256,cap_only,4,48,131.609,3456.296,256
qwen,C128_O256,cap_only,4,85,138.156,3409.199,256
qwen,C128_O256,cap_only,4,21,130.32,3492.524,256
qwen,C128_O256,cap_only,4,35,147.573,3473.99,256
qwen,C128_O256,cap_only,4,27,123.315,3484.382,256
qwen,C128_O256,cap_only,4,56,120.858,3447.59,256
qwen,C128_O256,cap_only,4,16,136.271,3500.589,256
qwen,C128_O256,cap_only,4,15,140.895,3502.338,256
qwen,C128_O256,cap_only,4,33,112.4,3477.561,256
qwen,C128_O256,cap_only,4,127,82.178,3352.074,256
qwen,C128_O256,cap_only,4,107,110.893,3380.803,256
qwen,C128_O256,cap_only,4,3,154.129,3518.011,256
qwen,C128_O256,cap_only,4,62,113.565,3440.968,256
qwen,C128_O256,cap_only,4,74,150.265,3425.724,256
qwen,C128_O256,cap_only,4,0,110.029,3521.52,256
qwen,C128_O256,cap_only,4,13,140.824,3507.16,256
qwen,C128_O256,cap_only,4,82,141.889,3416.179,256
qwen,C128_O256,cap_only,4,63,110.862,3440.29,256
qwen,C128_O256,cap_only,4,112,104.907,3376.274,256
qwen,C128_O256,cap_only,4,80,143.952,3419.211,256
qwen,C128_O256,cap_only,4,97,119.779,3396.451,256
qwen,C128_O256,cap_only,4,70,156.834,3433.381,256
qwen,C128_O256,cap_only,4,49,131.275,3460.387,256
qwen,C128_O256,cap_only,4,91,129.153,3404.62,256
qwen,C128_O256,cap_only,4,26,123.106,3490.172,256
qwen,C128_O256,cap_only,4,116,98.171,3371.829,256
qwen,C128_O256,cap_only,4,104,114.174,3388.166,256
qwen,C128_O256,cap_only,4,14,141.632,3507.893,256
qwen,C128_O256,cap_only,4,98,118.744,3397.264,256
qwen,C128_O256,cap_only,4,126,83.201,3358.149,256
qwen,C128_O256,cap_only,4,36,146.011,3479.377,256
qwen,C128_O256,cap_only,4,4,156.149,3521.437,256
qwen,C128_O256,cap_only,4,81,143.149,3421.459,256
qwen,C128_O256,cap_only,4,7,147.745,3518.189,256
qwen,C128_O256,cap_only,4,47,133.066,3466.974,256
qwen,C128_O256,cap_only,4,106,112.002,3388.446,256
qwen,C128_O256,cap_only,4,29,117.199,3489.077,256
qwen,C128_O256,cap_only,4,51,128.061,3461.481,256
qwen,C128_O256,cap_only,4,117,98.864,3374.865,256
qwen,C128_O256,cap_only,4,11,143.801,3514.417,256
qwen,C128_O256,cap_only,4,5,149.902,3521.974,256
qwen,C128_O256,cap_only,4,17,135.517,3507.408,256
qwen,C128_O256,cap_only,4,55,122.675,3457.484,256
qwen,C128_O256,cap_only,4,19,136.065,3505.186,256
qwen,C128_O256,cap_only,4,54,122.507,3458.595,256
qwen,C128_O256,cap_only,4,8,145.678,3519.521,256
qwen,C128_O256,cap_only,4,45,135.244,3471.64,256
qwen,C128_O256,cap_only,4,90,130.024,3411.61,256
qwen,C128_O256,cap_only,4,124,86.48,3364.745,256
qwen,C128_O256,cap_only,4,61,113.736,3450.05,256
qwen,C128_O256,cap_only,4,110,107.093,3385.957,256
qwen,C128_O256,cap_only,4,32,115.152,3488.437,256
qwen,C128_O256,cap_only,4,101,118.313,3397.697,256
qwen,C128_O256,cap_only,4,38,144.987,3481.515,256
qwen,C128_O256,cap_only,4,66,108.354,3444.919,256
qwen,C128_O256,cap_only,4,69,158.779,3441.141,256
qwen,C128_O256,cap_only,4,67,160.05,3443.997,256
qwen,C128_O256,cap_only,4,86,136.581,3420.141,256
qwen,C128_O256,cap_only,4,28,122.183,3494.591,256
qwen,C128_O256,cap_only,4,100,120.839,3400.34,256
qwen,C128_O256,cap_only,4,58,118.717,3455.859,256
qwen,C128_O256,cap_only,4,65,108.794,3446.711,256
qwen,C128_O256,cap_only,4,72,154.644,3437.87,256
qwen,C128_O256,cap_only,4,50,128.475,3467.508,256
qwen,C128_O256,cap_only,4,10,145.668,3520.476,256
qwen,C128_O256,cap_only,4,125,85.518,3366.667,256
qwen,C128_O256,cap_only,4,108,110.328,3391.284,256
qwen,C128_O256,cap_only,4,102,117.731,3398.846,256
qwen,C128_O256,cap_only,4,9,146.444,3522.736,256
qwen,C128_O256,cap_only,4,71,154.751,3441.861,256
qwen,C128_O256,cap_only,4,99,117.423,3404.153,256
qwen,C128_O256,cap_only,4,18,134.805,3511.631,256
qwen,C128_O256,cap_only,4,1,154.855,3532.607,256
qwen,C128_O256,cap_only,4,53,125.741,3465.892,256
qwen,C64_O512,cap_only,5,16,134.457,5425.717,512
qwen,C64_O512,cap_only,5,4,149.661,5442.898,512
qwen,C64_O512,cap_only,5,58,85.738,5375.594,512
qwen,C64_O512,cap_only,5,27,121.153,5414.643,512
qwen,C64_O512,cap_only,5,59,84.933,5375.729,512
qwen,C64_O512,cap_only,5,42,105.718,5397.307,512
qwen,C64_O512,cap_only,5,25,123.979,5418.872,512
qwen,C64_O512,cap_only,5,63,79.181,5372.332,512
qwen,C64_O512,cap_only,5,23,126.794,5423.423,512
qwen,C64_O512,cap_only,5,24,125.082,5422.789,512
qwen,C64_O512,cap_only,5,10,143.335,5440.488,512
qwen,C64_O512,cap_only,5,2,97.667,5451.365,512
qwen,C64_O512,cap_only,5,21,130.483,5428.417,512
qwen,C64_O512,cap_only,5,22,129.032,5428.051,512
qwen,C64_O512,cap_only,5,32,115.715,5415.562,512
qwen,C64_O512,cap_only,5,11,143.379,5443.046,512
qwen,C64_O512,cap_only,5,40,108.072,5406.203,512
qwen,C64_O512,cap_only,5,30,117.015,5419.001,512
qwen,C64_O512,cap_only,5,26,121.381,5423.35,512
qwen,C64_O512,cap_only,5,56,87.192,5386.254,512
qwen,C64_O512,cap_only,5,0,153.649,5456.712,512
qwen,C64_O512,cap_only,5,53,91.875,5390.998,512
qwen,C64_O512,cap_only,5,19,132.265,5434.371,512
qwen,C64_O512,cap_only,5,8,147.158,5449.008,512
qwen,C64_O512,cap_only,5,37,111.945,5412.833,512
qwen,C64_O512,cap_only,5,51,95.328,5394.816,512
qwen,C64_O512,cap_only,5,28,119.261,5424.252,512
qwen,C64_O512,cap_only,5,36,114.064,5414.438,512
qwen,C64_O512,cap_only,5,3,152.505,5456.161,512
qwen,C64_O512,cap_only,5,44,103.993,5404.54,512
qwen,C64_O512,cap_only,5,38,111.478,5412.792,512
qwen,C64_O512,cap_only,5,5,150.476,5454.788,512
qwen,C64_O512,cap_only,5,41,107.246,5409.385,512
qwen,C64_O512,cap_only,5,61,81.462,5384.496,512
qwen,C64_O512,cap_only,5,43,103.99,5407.258,512
qwen,C64_O512,cap_only,5,31,117.601,5422.924,512
qwen,C64_O512,cap_only,5,47,100.016,5402.651,512
qwen,C64_O512,cap_only,5,55,89.506,5393.035,512
qwen,C64_O512,cap_only,5,60,83.812,5387.19,512
qwen,C64_O512,cap_only,5,50,96.645,5400.665,512
qwen,C64_O512,cap_only,5,39,110.13,5414.271,512
qwen,C64_O512,cap_only,5,49,97.356,5402.315,512
qwen,C64_O512,cap_only,5,48,98.32,5403.605,512
qwen,C64_O512,cap_only,5,35,114.819,5420.537,512
qwen,C64_O512,cap_only,5,17,134.252,5444.415,512
qwen,C64_O512,cap_only,5,45,102.82,5409.062,512
qwen,C64_O512,cap_only,5,1,154.786,5463.739,512
qwen,C64_O512,cap_only,5,13,140.074,5450.623,512
qwen,C64_O512,cap_only,5,62,80.251,5387.867,512
qwen,C64_O512,cap_only,5,20,130.763,5441.329,512
qwen,C64_O512,cap_only,5,29,119.159,5430.485,512
qwen,C64_O512,cap_only,5,52,93.414,5401.263,512
qwen,C64_O512,cap_only,5,9,144.411,5456.172,512
qwen,C64_O512,cap_only,5,33,114.665,5425.584,512
qwen,C64_O512,cap_only,5,14,138.549,5450.134,512
qwen,C64_O512,cap_only,5,15,137.682,5448.78,512
qwen,C64_O512,cap_only,5,12,141.772,5453.906,512
qwen,C64_O512,cap_only,5,54,90.383,5400.555,512
qwen,C64_O512,cap_only,5,46,101.382,5410.663,512
qwen,C64_O512,cap_only,5,7,146.511,5460.724,512
qwen,C64_O512,cap_only,5,34,113.21,5427.805,512
qwen,C64_O512,cap_only,5,6,148.069,5462.51,512
qwen,C64_O512,cap_only,5,57,87.656,5398.205,512
qwen,C64_O512,cap_only,5,18,134.212,5448.707,512
qwen,C128_O256,cap_only,5,123,82.163,3260.217,256
qwen,C128_O256,cap_only,5,35,106.472,3373.264,256
qwen,C128_O256,cap_only,5,105,106.698,3286.451,256
qwen,C128_O256,cap_only,5,36,107.251,3373.585,256
qwen,C128_O256,cap_only,5,43,133.169,3365.713,256
qwen,C128_O256,cap_only,5,40,134.807,3368.954,256
qwen,C128_O256,cap_only,5,80,138.011,3321.236,256
qwen,C128_O256,cap_only,5,3,152.814,3416.607,256
qwen,C128_O256,cap_only,5,76,142.322,3326.887,256
qwen,C128_O256,cap_only,5,121,84.936,3268.561,256
qwen,C128_O256,cap_only,5,71,98.194,3333.967,256
qwen,C128_O256,cap_only,5,31,110.65,3381.993,256
qwen,C128_O256,cap_only,5,41,135.371,3371.015,256
qwen,C128_O256,cap_only,5,46,127.34,3364.93,256
qwen,C128_O256,cap_only,5,83,133.055,3320.735,256
qwen,C128_O256,cap_only,5,20,127.223,3398.699,256
qwen,C128_O256,cap_only,5,57,115.847,3353.412,256
qwen,C128_O256,cap_only,5,113,97.374,3283.05,256
qwen,C128_O256,cap_only,5,110,101.425,3287.575,256
qwen,C128_O256,cap_only,5,51,123.363,3361.148,256
qwen,C128_O256,cap_only,5,24,121.403,3395.689,256
qwen,C128_O256,cap_only,5,108,103.51,3290.603,256
qwen,C128_O256,cap_only,5,27,118.136,3392.09,256
qwen,C128_O256,cap_only,5,0,104.869,3424.898,256
qwen,C128_O256,cap_only,5,52,120.73,3361.503,256
qwen,C128_O256,cap_only,5,49,125.778,3365.149,256
qwen,C128_O256,cap_only,5,70,98.027,3339.555,256
qwen,C128_O256,cap_only,5,86,129.273,3320.659,256
qwen,C128_O256,cap_only,5,63,109.33,3349.075,256
qwen,C128_O256,cap_only,5,117,91.911,3280.971,256
qwen,C128_O256,cap_only,5,109,102.604,3291.324,256
qwen,C128_O256,cap_only,5,30,115.524,3388.958,256
qwen,C128_O256,cap_only,5,5,144.561,3420.987,256
qwen,C128_O256,cap_only,5,28,116.196,3392.859,256
qwen,C128_O256,cap_only,5,72,146.68,3339.094,256
qwen,C128_O256,cap_only,5,100,112.185,3303.721,256
qwen,C128_O256,cap_only,5,14,132.832,3410.723,256
qwen,C128_O256,cap_only,5,6,148.484,3420.9,256
qwen,C128_O256,cap_only,5,64,107.529,3349.648,256
qwen,C128_O256,cap_only,5,66,104.214,3347.546,256
qwen,C128_O256,cap_only,5,47,125.814,3370.433,256
qwen,C128_O256,cap_only,5,58,114.444,3357.43,256
qwen,C128_O256,cap_only,5,118,91.005,3282.246,256
qwen,C128_O256,cap_only,5,10,138.074,3417.415,256
qwen,C128_O256,cap_only,5,85,131.07,3324.995,256
qwen,C128_O256,cap_only,5,81,137.016,3330.169,256
qwen,C128_O256,cap_only,5,2,147.446,3427.365,256
qwen,C128_O256,cap_only,5,103,107.285,3302.08,256
qwen,C128_O256,cap_only,5,7,142.769,3422.076,256
qwen,C128_O256,cap_only,5,54,118.064,3364.572,256
qwen,C128_O256,cap_only,5,97,116.718,3311.142,256
qwen,C128_O256,cap_only,5,39,137.17,3382.151,256
qwen,C128_O256,cap_only,5,74,143.795,3340.148,256
qwen,C128_O256,cap_only,5,69,100.001,3346.199,256
qwen,C128_O256,cap_only,5,125,80.178,3273.726,256
qwen,C128_O256,cap_only,5,107,104.336,3298.796,256
qwen,C128_O256,cap_only,5,98,113.167,3310.309,256
qwen,C128_O256,cap_only,5,77,140.472,3337.19,256
qwen,C128_O256,cap_only,5,116,93.768,3288.088,256
qwen,C128_O256,cap_only,5,127,76.776,3271.529,256
qwen,C128_O256,cap_only,5,17,132.823,3411.823,256
qwen,C128_O256,cap_only,5,79,137.786,3335.466,256
qwen,C128_O256,cap_only,5,9,144.084,3422.06,256
qwen,C128_O256,cap_only,5,45,129.522,3377.583,256
qwen,C128_O256,cap_only,5,89,127.391,3324.586,256
qwen,C128_O256,cap_only,5,23,124.292,3405.944,256
qwen,C128_O256,cap_only,5,4,145.149,3429.402,256
qwen,C128_O256,cap_only,5,12,139.365,3420.362,256
qwen,C128_O256,cap_only,5,32,113.003,3395.323,256
qwen,C128_O256,cap_only,5,94,120.298,3319.893,256
qwen,C128_O256,cap_only,5,18,133.923,3414.149,256
qwen,C128_O256,cap_only,5,42,132.657,3383.789,256
qwen,C128_O256,cap_only,5,50,124.997,3375.055,256
qwen,C128_O256,cap_only,5,92,121.497,3323.879,256
qwen,C128_O256,cap_only,5,67,102.687,3354.869,256
qwen,C128_O256,cap_only,5,114,95.031,3295.173,256
qwen,C128_O256,cap_only,5,124,80.707,3280.97,256
qwen,C128_O256,cap_only,5,56,117.315,3369.415,256
qwen,C128_O256,cap_only,5,48,124.939,3378.728,256
qwen,C128_O256,cap_only,5,65,104.205,3358.6,256
qwen,C128_O256,cap_only,5,120,88.953,3289.523,256
qwen,C128_O256,cap_only,5,59,111.589,3366.231,256
qwen,C128_O256,cap_only,5,29,114.333,3402.031,256
qwen,C128_O256,cap_only,5,90,125.289,3327.548,256
qwen,C128_O256,cap_only,5,8,140.214,3429.341,256
qwen,C128_O256,cap_only,5,111,100.322,3301.472,256
qwen,C128_O256,cap_only,5,101,108.721,3313.801,256
qwen,C128_O256,cap_only,5,55,117.342,3372.215,256
qwen,C128_O256,cap_only,5,11,136.731,3426.766,256
qwen,C128_O256,cap_only,5,88,127.884,3332.905,256
qwen,C128_O256,cap_only,5,61,109.279,3365.955,256
qwen,C128_O256,cap_only,5,1,152.093,3439.062,256
qwen,C128_O256,cap_only,5,33,111.104,3399.71,256
qwen,C128_O256,cap_only,5,62,111.475,3365.983,256
qwen,C128_O256,cap_only,5,96,115.485,3322.493,256
qwen,C128_O256,cap_only,5,84,133.347,3338.658,256
qwen,C128_O256,cap_only,5,37,103.468,3394.866,256
qwen,C128_O256,cap_only,5,91,122.471,3328.932,256
qwen,C128_O256,cap_only,5,25,121.682,3412.057,256
qwen,C128_O256,cap_only,5,87,128.605,3335.791,256
qwen,C128_O256,cap_only,5,112,98.124,3303.009,256
qwen,C128_O256,cap_only,5,82,133.832,3341.663,256
qwen,C128_O256,cap_only,5,60,111.42,3369.728,256
qwen,C128_O256,cap_only,5,119,89.964,3295.131,256
qwen,C128_O256,cap_only,5,106,102.275,3311.185,256
qwen,C128_O256,cap_only,5,53,120.975,3378.249,256
qwen,C128_O256,cap_only,5,26,117.535,3410.576,256
qwen,C128_O256,cap_only,5,13,134.041,3428.166,256
qwen,C128_O256,cap_only,5,104,105.897,3314.198,256
qwen,C128_O256,cap_only,5,22,124.661,3418.222,256
qwen,C128_O256,cap_only,5,73,96.612,3354.729,256
qwen,C128_O256,cap_only,5,15,133.344,3427.171,256
qwen,C128_O256,cap_only,5,78,139.674,3348.451,256
qwen,C128_O256,cap_only,5,126,78.306,3285.549,256
qwen,C128_O256,cap_only,5,19,127.903,3422.187,256
qwen,C128_O256,cap_only,5,75,143.66,3352.546,256
qwen,C128_O256,cap_only,5,68,100.714,3361.219,256
qwen,C128_O256,cap_only,5,99,113.404,3322.918,256
qwen,C128_O256,cap_only,5,122,83.078,3291.203,256
qwen,C128_O256,cap_only,5,115,94.518,3302.553,256
qwen,C128_O256,cap_only,5,21,126.041,3420.124,256
qwen,C128_O256,cap_only,5,95,116.784,3328.476,256
qwen,C128_O256,cap_only,5,93,121.566,3331.189,256
qwen,C128_O256,cap_only,5,44,129.916,3392.491,256
qwen,C128_O256,cap_only,5,38,136.446,3398.458,256
qwen,C128_O256,cap_only,5,34,109.031,3404.06,256
qwen,C128_O256,cap_only,5,16,131.606,3427.572,256
qwen,C128_O256,cap_only,5,102,108.154,3319.987,256
qwen,C64_O512,full_high_concurrency,1,26,132.229,5414.972,512
qwen,C64_O512,full_high_concurrency,1,62,92.327,5371.496,512
qwen,C64_O512,full_high_concurrency,1,10,154.96,5437.099,512
qwen,C64_O512,full_high_concurrency,1,34,123.296,5408.279,512
qwen,C64_O512,full_high_concurrency,1,4,160.367,5445.972,512
qwen,C64_O512,full_high_concurrency,1,38,119.454,5406.413,512
qwen,C64_O512,full_high_concurrency,1,37,122.212,5407.146,512
qwen,C64_O512,full_high_concurrency,1,53,102.644,5387.566,512
qwen,C64_O512,full_high_concurrency,1,8,155.847,5444.12,512
qwen,C64_O512,full_high_concurrency,1,15,146.702,5435.824,512
qwen,C64_O512,full_high_concurrency,1,19,142.532,5432.32,512
qwen,C64_O512,full_high_concurrency,1,16,146.679,5435.79,512
qwen,C64_O512,full_high_concurrency,1,44,113.047,5401.172,512
qwen,C64_O512,full_high_concurrency,1,9,154.416,5445.311,512
qwen,C64_O512,full_high_concurrency,1,41,118.095,5405.08,512
qwen,C64_O512,full_high_concurrency,1,5,158.905,5450.104,512
qwen,C64_O512,full_high_concurrency,1,13,151.602,5441.533,512
qwen,C64_O512,full_high_concurrency,1,63,90.675,5379.224,512
qwen,C64_O512,full_high_concurrency,1,22,141.237,5430.414,512
qwen,C64_O512,full_high_concurrency,1,33,125.399,5417.198,512
qwen,C64_O512,full_high_concurrency,1,3,160.519,5454.236,512
qwen,C64_O512,full_high_concurrency,1,21,141.617,5432.863,512
qwen,C64_O512,full_high_concurrency,1,28,132.547,5424.735,512
qwen,C64_O512,full_high_concurrency,1,49,107.9,5399.039,512
qwen,C64_O512,full_high_concurrency,1,2,162.157,5456.801,512
qwen,C64_O512,full_high_concurrency,1,35,124.647,5417.343,512
qwen,C64_O512,full_high_concurrency,1,51,105.893,5397.901,512
qwen,C64_O512,full_high_concurrency,1,46,110.612,5404.554,512
qwen,C64_O512,full_high_concurrency,1,6,159.094,5454.565,512
qwen,C64_O512,full_high_concurrency,1,56,98.967,5393.661,512
qwen,C64_O512,full_high_concurrency,1,42,116.636,5410.842,512
qwen,C64_O512,full_high_concurrency,1,17,145.518,5442.543,512
qwen,C64_O512,full_high_concurrency,1,39,120.834,5415.617,512
qwen,C64_O512,full_high_concurrency,1,58,96.769,5392.239,512
qwen,C64_O512,full_high_concurrency,1,24,137.387,5434.723,512
qwen,C64_O512,full_high_concurrency,1,11,153.012,5450.973,512
qwen,C64_O512,full_high_concurrency,1,23,136.631,5436.152,512
qwen,C64_O512,full_high_concurrency,1,32,127.756,5425.119,512
qwen,C64_O512,full_high_concurrency,1,30,127.184,5427.655,512
qwen,C64_O512,full_high_concurrency,1,0,165.964,5463.903,512
qwen,C64_O512,full_high_concurrency,1,29,130.811,5429.653,512
qwen,C64_O512,full_high_concurrency,1,45,112.715,5410.033,512
qwen,C64_O512,full_high_concurrency,1,54,101.001,5399.115,512
qwen,C64_O512,full_high_concurrency,1,36,121.984,5422.379,512
qwen,C64_O512,full_high_concurrency,1,50,106.428,5405.131,512
qwen,C64_O512,full_high_concurrency,1,40,119.406,5417.811,512
qwen,C64_O512,full_high_concurrency,1,27,133.324,5434.339,512
qwen,C64_O512,full_high_concurrency,1,12,150.573,5453.985,512
qwen,C64_O512,full_high_concurrency,1,1,106.16,5466.736,512
qwen,C64_O512,full_high_concurrency,1,52,103.562,5404.297,512
qwen,C64_O512,full_high_concurrency,1,20,143.229,5444.676,512
qwen,C64_O512,full_high_concurrency,1,25,137.117,5438.465,512
qwen,C64_O512,full_high_concurrency,1,57,98.217,5399.546,512
qwen,C64_O512,full_high_concurrency,1,59,95.184,5397.021,512
qwen,C64_O512,full_high_concurrency,1,47,109.976,5412.257,512
qwen,C64_O512,full_high_concurrency,1,18,143.146,5449.094,512
qwen,C64_O512,full_high_concurrency,1,48,108.469,5411.417,512
qwen,C64_O512,full_high_concurrency,1,14,148.809,5454.385,512
qwen,C64_O512,full_high_concurrency,1,7,158.554,5462.914,512
qwen,C64_O512,full_high_concurrency,1,43,115.685,5418.274,512
qwen,C64_O512,full_high_concurrency,1,61,93.028,5396.143,512
qwen,C64_O512,full_high_concurrency,1,31,127.058,5433.554,512
qwen,C64_O512,full_high_concurrency,1,60,93.914,5397.98,512
qwen,C64_O512,full_high_concurrency,1,55,99.687,5404.24,512
qwen,C128_O256,full_high_concurrency,1,92,148.774,3324.95,256
qwen,C128_O256,full_high_concurrency,1,89,154.209,3330.931,256
qwen,C128_O256,full_high_concurrency,1,66,124.375,3360.104,256
qwen,C128_O256,full_high_concurrency,1,74,172.441,3351.598,256
qwen,C128_O256,full_high_concurrency,1,61,131.22,3368.133,256
qwen,C128_O256,full_high_concurrency,1,112,126.418,3305.583,256
qwen,C128_O256,full_high_concurrency,1,32,121.271,3408.368,256
qwen,C128_O256,full_high_concurrency,1,105,133.146,3315.547,256
qwen,C128_O256,full_high_concurrency,1,120,115.991,3296.825,256
qwen,C128_O256,full_high_concurrency,1,36,116.286,3403.828,256
qwen,C128_O256,full_high_concurrency,1,127,105.903,3287.028,256
qwen,C128_O256,full_high_concurrency,1,35,120.396,3406.014,256
qwen,C128_O256,full_high_concurrency,1,27,130.056,3416.622,256
qwen,C128_O256,full_high_concurrency,1,108,129.53,3312.995,256
qwen,C128_O256,full_high_concurrency,1,69,120.246,3363.052,256
qwen,C128_O256,full_high_concurrency,1,0,163.211,3450.528,256
qwen,C128_O256,full_high_concurrency,1,19,138.35,3427.129,256
qwen,C128_O256,full_high_concurrency,1,8,151.487,3442.041,256
qwen,C128_O256,full_high_concurrency,1,33,119.157,3410.554,256
qwen,C128_O256,full_high_concurrency,1,88,155.565,3341.877,256
qwen,C128_O256,full_high_concurrency,1,72,116.649,3361.173,256
qwen,C128_O256,full_high_concurrency,1,63,127.02,3372.368,256
qwen,C128_O256,full_high_concurrency,1,95,143.945,3332.443,256
qwen,C128_O256,full_high_concurrency,1,97,142.069,3331.027,256
qwen,C128_O256,full_high_concurrency,1,4,159.557,3449.297,256
qwen,C128_O256,full_high_concurrency,1,70,117.934,3363.946,256
qwen,C128_O256,full_high_concurrency,1,40,158.194,3404.576,256
qwen,C128_O256,full_high_concurrency,1,119,117.189,3303.376,256
qwen,C128_O256,full_high_concurrency,1,55,137.066,3383.451,256
qwen,C128_O256,full_high_concurrency,1,31,124.558,3415.729,256
qwen,C128_O256,full_high_concurrency,1,64,127.935,3372.34,256
qwen,C128_O256,full_high_concurrency,1,121,114.929,3301.764,256
qwen,C128_O256,full_high_concurrency,1,82,161.434,3351.148,256
qwen,C128_O256,full_high_concurrency,1,109,129.698,3316.725,256
qwen,C128_O256,full_high_concurrency,1,17,144.58,3434.454,256
qwen,C128_O256,full_high_concurrency,1,58,134.855,3380.52,256
qwen,C128_O256,full_high_concurrency,1,11,148.062,3442.443,256
qwen,C128_O256,full_high_concurrency,1,45,152.239,3399.204,256
qwen,C128_O256,full_high_concurrency,1,81,161.923,3353.506,256
qwen,C128_O256,full_high_concurrency,1,87,155.326,3346.304,256
qwen,C128_O256,full_high_concurrency,1,57,134.518,3383.434,256
qwen,C128_O256,full_high_concurrency,1,59,133.232,3381.294,256
qwen,C128_O256,full_high_concurrency,1,103,134.732,3326.154,256
qwen,C128_O256,full_high_concurrency,1,25,130.305,3426.53,256
qwen,C128_O256,full_high_concurrency,1,1,110.241,3457.233,256
qwen,C128_O256,full_high_concurrency,1,44,155.11,3403.434,256
qwen,C128_O256,full_high_concurrency,1,47,147.816,3398.559,256
qwen,C128_O256,full_high_concurrency,1,29,125.456,3422.225,256
qwen,C128_O256,full_high_concurrency,1,68,123.38,3371.961,256
qwen,C128_O256,full_high_concurrency,1,9,150.815,3448.371,256
qwen,C128_O256,full_high_concurrency,1,3,161.493,3455.864,256
qwen,C128_O256,full_high_concurrency,1,46,149.938,3400.903,256
qwen,C128_O256,full_high_concurrency,1,111,128.069,3318.742,256
qwen,C128_O256,full_high_concurrency,1,122,113.573,3305.246,256
qwen,C128_O256,full_high_concurrency,1,107,129.774,3324.132,256
qwen,C128_O256,full_high_concurrency,1,115,122.472,3314.192,256
qwen,C128_O256,full_high_concurrency,1,91,149.888,3344.793,256
qwen,C128_O256,full_high_concurrency,1,56,135.743,3388.754,256
qwen,C128_O256,full_high_concurrency,1,28,126.126,3426.277,256
qwen,C128_O256,full_high_concurrency,1,22,133.534,3435.083,256
qwen,C128_O256,full_high_concurrency,1,83,159.995,3357.924,256
qwen,C128_O256,full_high_concurrency,1,53,141.491,3395.24,256
qwen,C128_O256,full_high_concurrency,1,48,148.238,3402.212,256
qwen,C128_O256,full_high_concurrency,1,110,128.089,3324.194,256
qwen,C128_O256,full_high_concurrency,1,38,114.419,3416.848,256
qwen,C128_O256,full_high_concurrency,1,23,135.626,3436.129,256
qwen,C128_O256,full_high_concurrency,1,116,120.493,3317.324,256
qwen,C128_O256,full_high_concurrency,1,51,145.231,3400.054,256
qwen,C128_O256,full_high_concurrency,1,13,146.409,3449.529,256
qwen,C128_O256,full_high_concurrency,1,14,143.713,3448.593,256
qwen,C128_O256,full_high_concurrency,1,117,119.73,3316.567,256
qwen,C128_O256,full_high_concurrency,1,41,158.689,3414.789,256
qwen,C128_O256,full_high_concurrency,1,123,111.967,3309.792,256
qwen,C128_O256,full_high_concurrency,1,118,118.483,3316.395,256
qwen,C128_O256,full_high_concurrency,1,124,110.577,3309.136,256
qwen,C128_O256,full_high_concurrency,1,34,121.23,3423.702,256
qwen,C128_O256,full_high_concurrency,1,78,166.279,3367.733,256
qwen,C128_O256,full_high_concurrency,1,42,157.129,3414.727,256
qwen,C128_O256,full_high_concurrency,1,73,116.482,3374.569,256
qwen,C128_O256,full_high_concurrency,1,10,149.016,3455.632,256
qwen,C128_O256,full_high_concurrency,1,60,130.856,3390.746,256
qwen,C128_O256,full_high_concurrency,1,62,130.353,3388.758,256
qwen,C128_O256,full_high_concurrency,1,65,123.823,3385.005,256
qwen,C128_O256,full_high_concurrency,1,76,170.476,3371.79,256
qwen,C128_O256,full_high_concurrency,1,77,168.784,3370.706,256
qwen,C128_O256,full_high_concurrency,1,80,165.094,3367.348,256
qwen,C128_O256,full_high_concurrency,1,94,145.19,3349.246,256
qwen,C128_O256,full_high_concurrency,1,24,132.047,3439.498,256
qwen,C128_O256,full_high_concurrency,1,98,140.88,3344.676,256
qwen,C128_O256,full_high_concurrency,1,75,169.606,3373.608,256
qwen,C128_O256,full_high_concurrency,1,106,132.607,3334.958,256
qwen,C128_O256,full_high_concurrency,1,52,142.015,3403.042,256
qwen,C128_O256,full_high_concurrency,1,100,138.735,3342.504,256
qwen,C128_O256,full_high_concurrency,1,49,144.804,3407.699,256
qwen,C128_O256,full_high_concurrency,1,101,136.811,3341.708,256
qwen,C128_O256,full_high_concurrency,1,39,112.939,3421.829,256
qwen,C128_O256,full_high_concurrency,1,15,145.53,3452.013,256
qwen,C128_O256,full_high_concurrency,1,125,110.05,3312.365,256
qwen,C128_O256,full_high_concurrency,1,79,165.002,3370.686,256
qwen,C128_O256,full_high_concurrency,1,93,148.58,3353.079,256
qwen,C128_O256,full_high_concurrency,1,96,142.58,3349.486,256
qwen,C128_O256,full_high_concurrency,1,90,151.234,3358.547,256
qwen,C128_O256,full_high_concurrency,1,54,139.809,3402.961,256
qwen,C128_O256,full_high_concurrency,1,113,126.03,3329.847,256
qwen,C128_O256,full_high_concurrency,1,12,146.773,3459.291,256
qwen,C128_O256,full_high_concurrency,1,2,158.455,3470.809,256
qwen,C128_O256,full_high_concurrency,1,30,122.585,3435.474,256
qwen,C128_O256,full_high_concurrency,1,21,134.213,3447.164,256
qwen,C128_O256,full_high_concurrency,1,7,153.401,3464.914,256
qwen,C128_O256,full_high_concurrency,1,84,159.329,3367.518,256
qwen,C128_O256,full_high_concurrency,1,6,156.355,3466.557,256
qwen,C128_O256,full_high_concurrency,1,37,113.653,3427.487,256
qwen,C128_O256,full_high_concurrency,1,26,127.26,3441.029,256
qwen,C128_O256,full_high_concurrency,1,99,141.196,3348.66,256
qwen,C128_O256,full_high_concurrency,1,126,109.172,3315.422,256
qwen,C128_O256,full_high_concurrency,1,104,132.715,3342.714,256
qwen,C128_O256,full_high_concurrency,1,114,124.111,3330.417,256
qwen,C128_O256,full_high_concurrency,1,5,156.185,3469.467,256
qwen,C128_O256,full_high_concurrency,1,43,153.68,3421.618,256
qwen,C128_O256,full_high_concurrency,1,102,137.205,3345.793,256
qwen,C128_O256,full_high_concurrency,1,50,146.637,3412.283,256
qwen,C128_O256,full_high_concurrency,1,18,138.006,3453.641,256
qwen,C128_O256,full_high_concurrency,1,85,158.829,3368.235,256
qwen,C128_O256,full_high_concurrency,1,86,158.141,3366.974,256
qwen,C128_O256,full_high_concurrency,1,71,116.487,3385.043,256
qwen,C128_O256,full_high_concurrency,1,20,140.035,3451.422,256
qwen,C128_O256,full_high_concurrency,1,67,123.743,3390.775,256
qwen,C128_O256,full_high_concurrency,1,16,145.954,3457.873,256
qwen,C64_O512,full_high_concurrency,2,18,131.527,5415.736,512
qwen,C64_O512,full_high_concurrency,2,46,97.647,5381.445,512
qwen,C64_O512,full_high_concurrency,2,36,111.127,5394.713,512
qwen,C64_O512,full_high_concurrency,2,47,97.055,5382.579,512
qwen,C64_O512,full_high_concurrency,2,26,121.063,5409.604,512
qwen,C64_O512,full_high_concurrency,2,13,136.978,5427.319,512
qwen,C64_O512,full_high_concurrency,2,3,147.358,5439.781,512
qwen,C64_O512,full_high_concurrency,2,30,112.916,5405.751,512
qwen,C64_O512,full_high_concurrency,2,54,88.646,5377.1,512
qwen,C64_O512,full_high_concurrency,2,37,108.931,5397.469,512
qwen,C64_O512,full_high_concurrency,2,35,111.907,5400.233,512
qwen,C64_O512,full_high_concurrency,2,60,81.659,5371.309,512
qwen,C64_O512,full_high_concurrency,2,23,123.343,5416.878,512
qwen,C64_O512,full_high_concurrency,2,11,139.406,5432.751,512
qwen,C64_O512,full_high_concurrency,2,34,110.524,5404.019,512
qwen,C64_O512,full_high_concurrency,2,4,146.919,5442.779,512
qwen,C64_O512,full_high_concurrency,2,43,102.944,5394.085,512
qwen,C64_O512,full_high_concurrency,2,59,82.302,5375.066,512
qwen,C64_O512,full_high_concurrency,2,19,129.162,5425.958,512
qwen,C64_O512,full_high_concurrency,2,55,87.005,5381.811,512
qwen,C64_O512,full_high_concurrency,2,2,149.409,5446.894,512
qwen,C64_O512,full_high_concurrency,2,6,146.151,5443.135,512
qwen,C64_O512,full_high_concurrency,2,15,134.877,5431.805,512
qwen,C64_O512,full_high_concurrency,2,25,119.27,5419.218,512
qwen,C64_O512,full_high_concurrency,2,33,112.07,5410.211,512
qwen,C64_O512,full_high_concurrency,2,42,103.811,5398.713,512
qwen,C64_O512,full_high_concurrency,2,61,79.702,5375.888,512
qwen,C64_O512,full_high_concurrency,2,38,108.214,5404.167,512
qwen,C64_O512,full_high_concurrency,2,8,143.233,5442.594,512
qwen,C64_O512,full_high_concurrency,2,27,118.309,5419.394,512
qwen,C64_O512,full_high_concurrency,2,21,127.378,5427.804,512
qwen,C64_O512,full_high_concurrency,2,14,133.519,5436.713,512
qwen,C64_O512,full_high_concurrency,2,51,92.441,5391.262,512
qwen,C64_O512,full_high_concurrency,2,53,89.948,5389.379,512
qwen,C64_O512,full_high_concurrency,2,12,137.826,5439.884,512
qwen,C64_O512,full_high_concurrency,2,17,130.014,5433.579,512
qwen,C64_O512,full_high_concurrency,2,28,116.745,5419.504,512
qwen,C64_O512,full_high_concurrency,2,24,122.272,5425.518,512
qwen,C64_O512,full_high_concurrency,2,7,142.538,5446.223,512
qwen,C64_O512,full_high_concurrency,2,49,94.728,5394.716,512
qwen,C64_O512,full_high_concurrency,2,32,112.496,5415.203,512
qwen,C64_O512,full_high_concurrency,2,56,85.944,5386.865,512
qwen,C64_O512,full_high_concurrency,2,0,96.048,5455.462,512
qwen,C64_O512,full_high_concurrency,2,29,116.366,5420.046,512
qwen,C64_O512,full_high_concurrency,2,39,107.089,5408.659,512
qwen,C64_O512,full_high_concurrency,2,48,96.257,5397.906,512
qwen,C64_O512,full_high_concurrency,2,50,93.564,5396.167,512
qwen,C64_O512,full_high_concurrency,2,1,149.119,5456.256,512
qwen,C64_O512,full_high_concurrency,2,31,111.864,5419.622,512
qwen,C64_O512,full_high_concurrency,2,45,99.205,5402.857,512
qwen,C64_O512,full_high_concurrency,2,9,140.035,5447.996,512
qwen,C64_O512,full_high_concurrency,2,10,140.328,5447.5,512
qwen,C64_O512,full_high_concurrency,2,22,126.831,5433.695,512
qwen,C64_O512,full_high_concurrency,2,20,127.562,5435.969,512
qwen,C64_O512,full_high_concurrency,2,41,104.716,5409.59,512
qwen,C64_O512,full_high_concurrency,2,44,100.76,5406.313,512
qwen,C64_O512,full_high_concurrency,2,58,84.867,5390.151,512
qwen,C64_O512,full_high_concurrency,2,5,148.081,5456.916,512
qwen,C64_O512,full_high_concurrency,2,63,78.573,5384.45,512
qwen,C64_O512,full_high_concurrency,2,40,105.731,5412.253,512
qwen,C64_O512,full_high_concurrency,2,62,78.276,5385.945,512
qwen,C64_O512,full_high_concurrency,2,16,131.749,5442.503,512
qwen,C64_O512,full_high_concurrency,2,57,84.327,5392.057,512
qwen,C64_O512,full_high_concurrency,2,52,91.927,5398.742,512
qwen,C128_O256,full_high_concurrency,2,26,135.389,3453.343,256
qwen,C128_O256,full_high_concurrency,2,127,153.118,3328.098,256
qwen,C128_O256,full_high_concurrency,2,47,150.176,3429.097,256
qwen,C128_O256,full_high_concurrency,2,117,164.058,3341.564,256
qwen,C128_O256,full_high_concurrency,2,125,155.095,3332.664,256
qwen,C128_O256,full_high_concurrency,2,22,138.738,3462.377,256
qwen,C128_O256,full_high_concurrency,2,29,130.193,3453.741,256
qwen,C128_O256,full_high_concurrency,2,51,145.204,3427.77,256
qwen,C128_O256,full_high_concurrency,2,114,168.464,3349.52,256
qwen,C128_O256,full_high_concurrency,2,102,181.288,3364.9,256
qwen,C128_O256,full_high_concurrency,2,45,152.111,3436.606,256
qwen,C128_O256,full_high_concurrency,2,100,184.277,3367.524,256
qwen,C128_O256,full_high_concurrency,2,23,137.721,3464.686,256
qwen,C128_O256,full_high_concurrency,2,38,161.828,3445.755,256
qwen,C128_O256,full_high_concurrency,2,12,151.935,3477.952,256
qwen,C128_O256,full_high_concurrency,2,95,189.234,3374.509,256
qwen,C128_O256,full_high_concurrency,2,59,134.856,3420.3,256
qwen,C128_O256,full_high_concurrency,2,120,160.942,3344.114,256
qwen,C128_O256,full_high_concurrency,2,119,162.261,3346.015,256
qwen,C128_O256,full_high_concurrency,2,113,170.387,3353.778,256
qwen,C128_O256,full_high_concurrency,2,80,210.503,3396.784,256
qwen,C128_O256,full_high_concurrency,2,66,128.31,3414.566,256
qwen,C128_O256,full_high_concurrency,2,72,221.666,3407.821,256
qwen,C128_O256,full_high_concurrency,2,104,180.183,3367.533,256
qwen,C128_O256,full_high_concurrency,2,75,217.164,3404.262,256
qwen,C128_O256,full_high_concurrency,2,83,209.449,3394.605,256
qwen,C128_O256,full_high_concurrency,2,55,139.113,3428.875,256
qwen,C128_O256,full_high_concurrency,2,40,159.106,3448.262,256
qwen,C128_O256,full_high_concurrency,2,24,137.862,3468.834,256
qwen,C128_O256,full_high_concurrency,2,123,156.975,3345.131,256
qwen,C128_O256,full_high_concurrency,2,103,180.996,3369.773,256
qwen,C128_O256,full_high_concurrency,2,14,149.178,3481.339,256
qwen,C128_O256,full_high_concurrency,2,42,156.633,3446.668,256
qwen,C128_O256,full_high_concurrency,2,54,142.308,3431.892,256
qwen,C128_O256,full_high_concurrency,2,99,186.658,3375.741,256
qwen,C128_O256,full_high_concurrency,2,94,190.374,3381.744,256
qwen,C128_O256,full_high_concurrency,2,82,208.14,3398.41,256
qwen,C128_O256,full_high_concurrency,2,2,164.631,3496.363,256
qwen,C128_O256,full_high_concurrency,2,93,192.241,3383.786,256
qwen,C128_O256,full_high_concurrency,2,116,165.691,3355.509,256
qwen,C128_O256,full_high_concurrency,2,33,125.385,3459.13,256
qwen,C128_O256,full_high_concurrency,2,73,219.293,3410.551,256
qwen,C128_O256,full_high_concurrency,2,64,128.236,3422.099,256
qwen,C128_O256,full_high_concurrency,2,32,126.077,3461.302,256
qwen,C128_O256,full_high_concurrency,2,0,109.995,3500.47,256
qwen,C128_O256,full_high_concurrency,2,121,160.37,3350.56,256
qwen,C128_O256,full_high_concurrency,2,35,122.248,3458.07,256
qwen,C128_O256,full_high_concurrency,2,86,205.542,3396.658,256
qwen,C128_O256,full_high_concurrency,2,106,177.375,3369.733,256
qwen,C128_O256,full_high_concurrency,2,110,174.682,3364.971,256
qwen,C128_O256,full_high_concurrency,2,19,144.14,3479.336,256
qwen,C128_O256,full_high_concurrency,2,76,217.58,3409.035,256
qwen,C128_O256,full_high_concurrency,2,124,156.44,3348.542,256
qwen,C128_O256,full_high_concurrency,2,48,150.12,3443.241,256
qwen,C128_O256,full_high_concurrency,2,92,195.864,3388.634,256
qwen,C128_O256,full_high_concurrency,2,85,206.775,3398.721,256
qwen,C128_O256,full_high_concurrency,2,44,152.47,3448.693,256
qwen,C128_O256,full_high_concurrency,2,97,188.075,3382.454,256
qwen,C128_O256,full_high_concurrency,2,69,225.146,3418.776,256
qwen,C128_O256,full_high_concurrency,2,122,158.775,3352.357,256
qwen,C128_O256,full_high_concurrency,2,126,154.46,3346.947,256
qwen,C128_O256,full_high_concurrency,2,96,190.085,3385.234,256
qwen,C128_O256,full_high_concurrency,2,52,145.364,3441.772,256
qwen,C128_O256,full_high_concurrency,2,65,127.658,3425.829,256
qwen,C128_O256,full_high_concurrency,2,11,153.504,3493.013,256
qwen,C128_O256,full_high_concurrency,2,58,137.233,3434.768,256
qwen,C128_O256,full_high_concurrency,2,28,130.312,3471.529,256
qwen,C128_O256,full_high_concurrency,2,49,148.164,3446.322,256
qwen,C128_O256,full_high_concurrency,2,109,176.022,3371.479,256
qwen,C128_O256,full_high_concurrency,2,91,197.894,3394.771,256
qwen,C128_O256,full_high_concurrency,2,84,207.923,3405.018,256
qwen,C128_O256,full_high_concurrency,2,27,131.104,3474.873,256
qwen,C128_O256,full_high_concurrency,2,18,146.167,3487.157,256
qwen,C128_O256,full_high_concurrency,2,8,157.481,3498.853,256
qwen,C128_O256,full_high_concurrency,2,79,210.634,3411.957,256
qwen,C128_O256,full_high_concurrency,2,34,122.651,3467.472,256
qwen,C128_O256,full_high_concurrency,2,5,158.922,3503.919,256
qwen,C128_O256,full_high_concurrency,2,21,140.641,3484.931,256
qwen,C128_O256,full_high_concurrency,2,25,137.595,3481.389,256
qwen,C128_O256,full_high_concurrency,2,57,137.236,3440.354,256
qwen,C128_O256,full_high_concurrency,2,30,128.694,3474.26,256
qwen,C128_O256,full_high_concurrency,2,37,162.12,3465.795,256
qwen,C128_O256,full_high_concurrency,2,70,225.61,3425.912,256
qwen,C128_O256,full_high_concurrency,2,112,172.234,3372.414,256
qwen,C128_O256,full_high_concurrency,2,87,204.563,3405.245,256
qwen,C128_O256,full_high_concurrency,2,81,212.071,3413.222,256
qwen,C128_O256,full_high_concurrency,2,107,174.851,3379.113,256
qwen,C128_O256,full_high_concurrency,2,62,132.49,3436.255,256
qwen,C128_O256,full_high_concurrency,2,13,151.938,3497.118,256
qwen,C128_O256,full_high_concurrency,2,31,125.931,3474.289,256
qwen,C128_O256,full_high_concurrency,2,53,142.33,3448.53,256
qwen,C128_O256,full_high_concurrency,2,105,178.869,3382.407,256
qwen,C128_O256,full_high_concurrency,2,63,129.328,3435.777,256
qwen,C128_O256,full_high_concurrency,2,71,220.336,3426.517,256
qwen,C128_O256,full_high_concurrency,2,60,135.777,3440.696,256
qwen,C128_O256,full_high_concurrency,2,101,183.845,3388.935,256
qwen,C128_O256,full_high_concurrency,2,7,156.655,3505.848,256
qwen,C128_O256,full_high_concurrency,2,77,213.686,3419.883,256
qwen,C128_O256,full_high_concurrency,2,78,214.329,3418.892,256
qwen,C128_O256,full_high_concurrency,2,89,198.482,3405.068,256
qwen,C128_O256,full_high_concurrency,2,4,160.686,3511.24,256
qwen,C128_O256,full_high_concurrency,2,67,126.674,3433.566,256
qwen,C128_O256,full_high_concurrency,2,118,163.961,3368.786,256
qwen,C128_O256,full_high_concurrency,2,43,156.66,3463.319,256
qwen,C128_O256,full_high_concurrency,2,50,145.774,3454.637,256
qwen,C128_O256,full_high_concurrency,2,115,167.332,3373.238,256
qwen,C128_O256,full_high_concurrency,2,16,146.974,3497.594,256
qwen,C128_O256,full_high_concurrency,2,6,158.763,3509.258,256
qwen,C128_O256,full_high_concurrency,2,46,152.83,3460.508,256
qwen,C128_O256,full_high_concurrency,2,36,119.789,3472.319,256
qwen,C128_O256,full_high_concurrency,2,88,200.409,3409.234,256
qwen,C128_O256,full_high_concurrency,2,39,160.542,3469.596,256
qwen,C128_O256,full_high_concurrency,2,108,173.927,3383.034,256
qwen,C128_O256,full_high_concurrency,2,9,155.613,3506.824,256
qwen,C128_O256,full_high_concurrency,2,111,173.433,3379.932,256
qwen,C128_O256,full_high_concurrency,2,20,141.317,3494.252,256
qwen,C128_O256,full_high_concurrency,2,56,138.392,3449.369,256
qwen,C128_O256,full_high_concurrency,2,90,197.335,3407.453,256
qwen,C128_O256,full_high_concurrency,2,3,163.979,3515.16,256
qwen,C128_O256,full_high_concurrency,2,17,146.085,3498.833,256
qwen,C128_O256,full_high_concurrency,2,15,148.736,3501.099,256
qwen,C128_O256,full_high_concurrency,2,98,186.099,3397.53,256
qwen,C128_O256,full_high_concurrency,2,74,217.415,3428.513,256
qwen,C128_O256,full_high_concurrency,2,10,153.743,3507.997,256
qwen,C128_O256,full_high_concurrency,2,61,131.814,3444.934,256
qwen,C128_O256,full_high_concurrency,2,1,163.524,3518.422,256
qwen,C128_O256,full_high_concurrency,2,41,156.512,3469.483,256
qwen,C128_O256,full_high_concurrency,2,68,125.597,3436.864,256
qwen,C128_O256,full_high_concurrency,3,0,349.41,3224.247,256
qwen,C128_O256,full_high_concurrency,3,1,351.353,3223.736,256
qwen,C128_O256,full_high_concurrency,3,2,351.014,3225.775,256
qwen,C128_O256,full_high_concurrency,3,33,469.02,3754.404,256
qwen,C128_O256,full_high_concurrency,3,119,475.03,3669.189,256
qwen,C128_O256,full_high_concurrency,3,5,471.867,3784.588,256
qwen,C128_O256,full_high_concurrency,3,108,483.064,3681.046,256
qwen,C128_O256,full_high_concurrency,3,126,465.675,3663.308,256
qwen,C128_O256,full_high_concurrency,3,32,472.153,3758.419,256
qwen,C128_O256,full_high_concurrency,3,74,518.245,3717.339,256
qwen,C128_O256,full_high_concurrency,3,24,479.382,3767.197,256
qwen,C128_O256,full_high_concurrency,3,127,464.795,3664.29,256
qwen,C128_O256,full_high_concurrency,3,107,485.81,3685.442,256
qwen,C128_O256,full_high_concurrency,3,66,473.591,3727.834,256
qwen,C128_O256,full_high_concurrency,3,59,479.107,3735.041,256
qwen,C128_O256,full_high_concurrency,3,112,480.394,3682.277,256
qwen,C128_O256,full_high_concurrency,3,115,478.332,3680.18,256
qwen,C128_O256,full_high_concurrency,3,68,471.456,3727.535,256
qwen,C128_O256,full_high_concurrency,3,114,479.283,3681.072,256
qwen,C128_O256,full_high_concurrency,3,70,467.794,3726.528,256
qwen,C128_O256,full_high_concurrency,3,11,493.308,3785.932,256
qwen,C128_O256,full_high_concurrency,3,41,463.872,3755.685,256
qwen,C128_O256,full_high_concurrency,3,13,489.849,3784.743,256
qwen,C128_O256,full_high_concurrency,3,116,476.987,3681.432,256
qwen,C128_O256,full_high_concurrency,3,53,485.079,3745.037,256
qwen,C128_O256,full_high_concurrency,3,51,488.195,3747.324,256
qwen,C128_O256,full_high_concurrency,3,67,470.426,3731.804,256
qwen,C128_O256,full_high_concurrency,3,95,496.558,3703.393,256
qwen,C128_O256,full_high_concurrency,3,3,473.871,3797.388,256
qwen,C128_O256,full_high_concurrency,3,40,464.156,3759.074,256
qwen,C128_O256,full_high_concurrency,3,38,465.516,3762.309,256
qwen,C128_O256,full_high_concurrency,3,92,501.431,3707.783,256
qwen,C128_O256,full_high_concurrency,3,17,486.555,3784.281,256
qwen,C128_O256,full_high_concurrency,3,77,516.407,3723.358,256
qwen,C128_O256,full_high_concurrency,3,60,478.851,3741.121,256
qwen,C128_O256,full_high_concurrency,3,65,473.692,3736.616,256
qwen,C128_O256,full_high_concurrency,3,49,489.297,3752.244,256
qwen,C128_O256,full_high_concurrency,3,72,465.786,3730.467,256
qwen,C128_O256,full_high_concurrency,3,39,466.072,3763.066,256
qwen,C128_O256,full_high_concurrency,3,6,470.377,3796.944,256
qwen,C128_O256,full_high_concurrency,3,27,478.127,3774.823,256
qwen,C128_O256,full_high_concurrency,3,43,494.144,3759.302,256
qwen,C128_O256,full_high_concurrency,3,120,472.238,3682.888,256
qwen,C128_O256,full_high_concurrency,3,19,483.946,3784.512,256
qwen,C128_O256,full_high_concurrency,3,106,484.464,3697.113,256
qwen,C128_O256,full_high_concurrency,3,75,516.186,3729.322,256
qwen,C128_O256,full_high_concurrency,3,102,488.984,3701.979,256
qwen,C128_O256,full_high_concurrency,3,34,471.566,3770.232,256
qwen,C128_O256,full_high_concurrency,3,22,482.34,3782.976,256
qwen,C128_O256,full_high_concurrency,3,62,476.174,3742.826,256
qwen,C128_O256,full_high_concurrency,3,113,480.652,3691.5,256
qwen,C128_O256,full_high_concurrency,3,31,471.623,3773.729,256
qwen,C128_O256,full_high_concurrency,3,71,466.718,3734.276,256
qwen,C128_O256,full_high_concurrency,3,73,521.068,3732.583,256
qwen,C128_O256,full_high_concurrency,3,15,489.053,3790.596,256
qwen,C128_O256,full_high_concurrency,3,56,482.05,3749.392,256
qwen,C128_O256,full_high_concurrency,3,21,483.852,3785.092,256
qwen,C128_O256,full_high_concurrency,3,37,466.132,3768.633,256
qwen,C128_O256,full_high_concurrency,3,69,470.19,3737.223,256
qwen,C128_O256,full_high_concurrency,3,23,479.724,3782.971,256
qwen,C128_O256,full_high_concurrency,3,28,476.098,3777.879,256
qwen,C128_O256,full_high_concurrency,3,64,475.019,3742.88,256
qwen,C128_O256,full_high_concurrency,3,55,483.711,3752.009,256
qwen,C128_O256,full_high_concurrency,3,80,511.138,3726.79,256
qwen,C128_O256,full_high_concurrency,3,88,502.304,3719.42,256
qwen,C128_O256,full_high_concurrency,3,100,493.526,3708.401,256
qwen,C128_O256,full_high_concurrency,3,29,473.513,3778.823,256
qwen,C128_O256,full_high_concurrency,3,16,488.539,3793.15,256
qwen,C128_O256,full_high_concurrency,3,10,492.771,3799.176,256
qwen,C128_O256,full_high_concurrency,3,117,476.049,3692.079,256
qwen,C128_O256,full_high_concurrency,3,48,489.468,3761.098,256
qwen,C128_O256,full_high_concurrency,3,30,474.354,3779.065,256
qwen,C128_O256,full_high_concurrency,3,63,474.994,3746.868,256
qwen,C128_O256,full_high_concurrency,3,110,481.585,3699.316,256
qwen,C128_O256,full_high_concurrency,3,82,507.896,3727.531,256
qwen,C128_O256,full_high_concurrency,3,98,491.507,3711.748,256
qwen,C128_O256,full_high_concurrency,3,93,499.034,3716.86,256
qwen,C128_O256,full_high_concurrency,3,8,497.959,3802.997,256
qwen,C128_O256,full_high_concurrency,3,86,503.617,3724.501,256
qwen,C128_O256,full_high_concurrency,3,78,511.899,3733.219,256
qwen,C128_O256,full_high_concurrency,3,46,492.792,3765.935,256
qwen,C128_O256,full_high_concurrency,3,99,491.458,3712.963,256
qwen,C128_O256,full_high_concurrency,3,35,467.566,3777.519,256
qwen,C128_O256,full_high_concurrency,3,91,501.968,3721.497,256
qwen,C128_O256,full_high_concurrency,3,105,485.9,3708.501,256
qwen,C128_O256,full_high_concurrency,3,111,480.739,3702.595,256
qwen,C128_O256,full_high_concurrency,3,58,479.463,3755.922,256
qwen,C128_O256,full_high_concurrency,3,84,506.637,3730.142,256
qwen,C128_O256,full_high_concurrency,3,76,516.653,3738.25,256
qwen,C128_O256,full_high_concurrency,3,36,467.196,3778.87,256
qwen,C128_O256,full_high_concurrency,3,54,485.346,3761.179,256
qwen,C128_O256,full_high_concurrency,3,103,486.173,3711.624,256
qwen,C128_O256,full_high_concurrency,3,79,511.604,3735.829,256
qwen,C128_O256,full_high_concurrency,3,87,506.666,3728.31,256
qwen,C128_O256,full_high_concurrency,3,4,472.35,3812.615,256
qwen,C128_O256,full_high_concurrency,3,123,470.632,3692.951,256
qwen,C128_O256,full_high_concurrency,3,45,492.93,3771.452,256
qwen,C128_O256,full_high_concurrency,3,118,475.511,3699.194,256
qwen,C128_O256,full_high_concurrency,3,9,495.489,3808.535,256
qwen,C128_O256,full_high_concurrency,3,94,496.543,3723.037,256
qwen,C128_O256,full_high_concurrency,3,81,509.634,3736.285,256
qwen,C128_O256,full_high_concurrency,3,122,471.781,3696.126,256
qwen,C128_O256,full_high_concurrency,3,101,490.401,3716.811,256
qwen,C128_O256,full_high_concurrency,3,44,459.049,3774.147,256
qwen,C128_O256,full_high_concurrency,3,125,467.47,3692.894,256
qwen,C128_O256,full_high_concurrency,3,25,478.447,3793.203,256
qwen,C128_O256,full_high_concurrency,3,14,491.227,3805.014,256
qwen,C128_O256,full_high_concurrency,3,12,491.265,3807.357,256
qwen,C128_O256,full_high_concurrency,3,42,462.27,3776.864,256
qwen,C128_O256,full_high_concurrency,3,61,477.733,3758.397,256
qwen,C128_O256,full_high_concurrency,3,96,493.643,3722.959,256
qwen,C128_O256,full_high_concurrency,3,90,502.478,3729.618,256
qwen,C128_O256,full_high_concurrency,3,26,477.637,3793.683,256
qwen,C128_O256,full_high_concurrency,3,109,481.058,3710.859,256
qwen,C128_O256,full_high_concurrency,3,20,483.082,3800.782,256
qwen,C128_O256,full_high_concurrency,3,7,469.259,3814.073,256
qwen,C128_O256,full_high_concurrency,3,52,485.844,3768.581,256
qwen,C128_O256,full_high_concurrency,3,50,488.958,3770.715,256
qwen,C128_O256,full_high_concurrency,3,18,485.919,3803.288,256
qwen,C128_O256,full_high_concurrency,3,47,492.252,3773.987,256
qwen,C128_O256,full_high_concurrency,3,121,472.727,3700.172,256
qwen,C128_O256,full_high_concurrency,3,97,494.905,3723.803,256
qwen,C128_O256,full_high_concurrency,3,124,469.523,3697.605,256
qwen,C128_O256,full_high_concurrency,3,57,480.695,3764.275,256
qwen,C128_O256,full_high_concurrency,3,89,502.566,3732.316,256
qwen,C128_O256,full_high_concurrency,3,83,507.153,3738.494,256
qwen,C128_O256,full_high_concurrency,3,85,505.55,3736.792,256
qwen,C128_O256,full_high_concurrency,3,104,486.065,3717.479,256
qwen,C64_O512,full_high_concurrency,3,39,112.642,5398.951,512
qwen,C64_O512,full_high_concurrency,3,22,129.068,5421.185,512
qwen,C64_O512,full_high_concurrency,3,6,150.274,5442.201,512
qwen,C64_O512,full_high_concurrency,3,49,99.154,5391.195,512
qwen,C64_O512,full_high_concurrency,3,4,152.451,5446.475,512
qwen,C64_O512,full_high_concurrency,3,40,110.851,5403.247,512
qwen,C64_O512,full_high_concurrency,3,61,83.162,5375.848,512
qwen,C64_O512,full_high_concurrency,3,35,113.287,5410.438,512
qwen,C64_O512,full_high_concurrency,3,33,115.804,5413.214,512
qwen,C64_O512,full_high_concurrency,3,32,117.973,5415.202,512
qwen,C64_O512,full_high_concurrency,3,54,92.822,5386.921,512
qwen,C64_O512,full_high_concurrency,3,59,85.815,5380.216,512
qwen,C64_O512,full_high_concurrency,3,63,81.484,5375.438,512
qwen,C64_O512,full_high_concurrency,3,26,124.985,5422.957,512
qwen,C64_O512,full_high_concurrency,3,44,106.615,5400.895,512
qwen,C64_O512,full_high_concurrency,3,56,91.109,5385.412,512
qwen,C64_O512,full_high_concurrency,3,17,137.153,5434.327,512
qwen,C64_O512,full_high_concurrency,3,15,139.506,5438.675,512
qwen,C64_O512,full_high_concurrency,3,5,151.159,5450.03,512
qwen,C64_O512,full_high_concurrency,3,9,144.165,5445.894,512
qwen,C64_O512,full_high_concurrency,3,7,146.813,5449.053,512
qwen,C64_O512,full_high_concurrency,3,34,116.115,5416.076,512
qwen,C64_O512,full_high_concurrency,3,13,140.463,5442.303,512
qwen,C64_O512,full_high_concurrency,3,45,104.585,5403.118,512
qwen,C64_O512,full_high_concurrency,3,30,119.823,5421.993,512
qwen,C64_O512,full_high_concurrency,3,38,113.364,5413.177,512
qwen,C64_O512,full_high_concurrency,3,10,145.249,5447.497,512
qwen,C64_O512,full_high_concurrency,3,27,125.259,5426.963,512
qwen,C64_O512,full_high_concurrency,3,46,104.092,5404.088,512
qwen,C64_O512,full_high_concurrency,3,21,132.128,5435.244,512
qwen,C64_O512,full_high_concurrency,3,42,109.139,5410.164,512
qwen,C64_O512,full_high_concurrency,3,47,101.851,5404.47,512
qwen,C64_O512,full_high_concurrency,3,2,207.414,5511.393,512
qwen,C64_O512,full_high_concurrency,3,25,126.361,5431.81,512
qwen,C64_O512,full_high_concurrency,3,11,142.752,5450.561,512
qwen,C64_O512,full_high_concurrency,3,36,116.915,5419.934,512
qwen,C64_O512,full_high_concurrency,3,52,95.37,5399.401,512
qwen,C64_O512,full_high_concurrency,3,29,121.983,5428.969,512
qwen,C64_O512,full_high_concurrency,3,28,122.23,5430.819,512
qwen,C64_O512,full_high_concurrency,3,12,142.332,5450.73,512
qwen,C64_O512,full_high_concurrency,3,19,134.902,5442.599,512
qwen,C64_O512,full_high_concurrency,3,31,118.968,5429.274,512
qwen,C64_O512,full_high_concurrency,3,0,207.025,5518.14,512
qwen,C64_O512,full_high_concurrency,3,58,87.73,5394.195,512
qwen,C64_O512,full_high_concurrency,3,23,127.813,5439.753,512
qwen,C64_O512,full_high_concurrency,3,37,110.102,5422.557,512
qwen,C64_O512,full_high_concurrency,3,62,81.983,5390.097,512
qwen,C64_O512,full_high_concurrency,3,3,151.812,5516.422,512
qwen,C64_O512,full_high_concurrency,3,8,145.976,5458.451,512
qwen,C64_O512,full_high_concurrency,3,60,85.065,5393.538,512
qwen,C64_O512,full_high_concurrency,3,16,138.236,5449.184,512
qwen,C64_O512,full_high_concurrency,3,51,97.405,5406.335,512
qwen,C64_O512,full_high_concurrency,3,20,132.09,5445.173,512
qwen,C64_O512,full_high_concurrency,3,55,91.838,5401.143,512
qwen,C64_O512,full_high_concurrency,3,24,126.189,5440.824,512
qwen,C64_O512,full_high_concurrency,3,50,99.118,5408.708,512
qwen,C64_O512,full_high_concurrency,3,18,135.169,5447.986,512
qwen,C64_O512,full_high_concurrency,3,57,88.606,5398.801,512
qwen,C64_O512,full_high_concurrency,3,48,101.668,5411.872,512
qwen,C64_O512,full_high_concurrency,3,14,140.244,5454.034,512
qwen,C64_O512,full_high_concurrency,3,53,94.517,5405.343,512
qwen,C64_O512,full_high_concurrency,3,43,107.326,5418.783,512
qwen,C64_O512,full_high_concurrency,3,1,207.641,5521.769,512
qwen,C64_O512,full_high_concurrency,3,41,110.212,5421.44,512
qwen,C64_O512,full_high_concurrency,4,27,118.231,5407.955,512
qwen,C64_O512,full_high_concurrency,4,3,148.717,5437.554,512
qwen,C64_O512,full_high_concurrency,4,55,87.339,5375.3,512
qwen,C64_O512,full_high_concurrency,4,49,95.326,5382.868,512
qwen,C64_O512,full_high_concurrency,4,14,136.287,5426.367,512
qwen,C64_O512,full_high_concurrency,4,43,101.929,5391.244,512
qwen,C64_O512,full_high_concurrency,4,33,111.854,5404.495,512
qwen,C64_O512,full_high_concurrency,4,15,134.63,5427.603,512
qwen,C64_O512,full_high_concurrency,4,59,81.215,5372.672,512
qwen,C64_O512,full_high_concurrency,4,6,146.223,5439.806,512
qwen,C64_O512,full_high_concurrency,4,9,140.89,5436.184,512
qwen,C64_O512,full_high_concurrency,4,30,113.706,5410.864,512
qwen,C64_O512,full_high_concurrency,4,18,129.037,5425.918,512
qwen,C64_O512,full_high_concurrency,4,12,136.832,5433.59,512
qwen,C64_O512,full_high_concurrency,4,31,111.849,5410.488,512
qwen,C64_O512,full_high_concurrency,4,58,83.107,5377.294,512
qwen,C64_O512,full_high_concurrency,4,38,107.861,5403.243,512
qwen,C64_O512,full_high_concurrency,4,2,148.708,5447.24,512
qwen,C64_O512,full_high_concurrency,4,63,75.874,5373.03,512
qwen,C64_O512,full_high_concurrency,4,1,96.844,5449.188,512
qwen,C64_O512,full_high_concurrency,4,51,92.035,5390.065,512
qwen,C64_O512,full_high_concurrency,4,25,120.142,5421.859,512
qwen,C64_O512,full_high_concurrency,4,39,107.551,5405.517,512
qwen,C64_O512,full_high_concurrency,4,21,127.075,5428.034,512
qwen,C64_O512,full_high_concurrency,4,4,147.055,5449.003,512
qwen,C64_O512,full_high_concurrency,4,61,78.387,5378.488,512
qwen,C64_O512,full_high_concurrency,4,50,93.919,5394.032,512
qwen,C64_O512,full_high_concurrency,4,40,104.543,5406.628,512
qwen,C64_O512,full_high_concurrency,4,36,108.064,5411.868,512
qwen,C64_O512,full_high_concurrency,4,23,121.892,5428.31,512
qwen,C64_O512,full_high_concurrency,4,16,130.249,5436.743,512
qwen,C64_O512,full_high_concurrency,4,57,85.419,5386.953,512
qwen,C64_O512,full_high_concurrency,4,11,136.247,5443.492,512
qwen,C64_O512,full_high_concurrency,4,46,97.75,5400.878,512
qwen,C64_O512,full_high_concurrency,4,41,104.884,5407.333,512
qwen,C64_O512,full_high_concurrency,4,24,121.819,5428.547,512
qwen,C64_O512,full_high_concurrency,4,17,131.533,5437.365,512
qwen,C64_O512,full_high_concurrency,4,28,118.521,5424.562,512
qwen,C64_O512,full_high_concurrency,4,37,105.095,5413.754,512
qwen,C64_O512,full_high_concurrency,4,54,89.393,5393.41,512
qwen,C64_O512,full_high_concurrency,4,42,102.696,5407.526,512
qwen,C64_O512,full_high_concurrency,4,53,90.049,5394.853,512
qwen,C64_O512,full_high_concurrency,4,34,109.264,5417.719,512
qwen,C64_O512,full_high_concurrency,4,48,96.16,5401.566,512
qwen,C64_O512,full_high_concurrency,4,52,91.212,5396.9,512
qwen,C64_O512,full_high_concurrency,4,44,100.856,5406.548,512
qwen,C64_O512,full_high_concurrency,4,32,112.286,5421.726,512
qwen,C64_O512,full_high_concurrency,4,56,86.017,5393.28,512
qwen,C64_O512,full_high_concurrency,4,13,136.046,5445.813,512
qwen,C64_O512,full_high_concurrency,4,22,124.778,5435.438,512
qwen,C64_O512,full_high_concurrency,4,35,110.204,5420.252,512
qwen,C64_O512,full_high_concurrency,4,10,140.544,5450.325,512
qwen,C64_O512,full_high_concurrency,4,7,144.859,5454.774,512
qwen,C64_O512,full_high_concurrency,4,60,80.612,5388.606,512
qwen,C64_O512,full_high_concurrency,4,5,146.282,5457.682,512
qwen,C64_O512,full_high_concurrency,4,47,96.734,5405.81,512
qwen,C64_O512,full_high_concurrency,4,8,141.338,5454.186,512
qwen,C64_O512,full_high_concurrency,4,0,151.739,5463.038,512
qwen,C64_O512,full_high_concurrency,4,20,126.701,5439.594,512
qwen,C64_O512,full_high_concurrency,4,62,78.2,5388.488,512
qwen,C64_O512,full_high_concurrency,4,29,115.703,5428.84,512
qwen,C64_O512,full_high_concurrency,4,45,99.695,5409.909,512
qwen,C64_O512,full_high_concurrency,4,19,126.199,5441.443,512
qwen,C64_O512,full_high_concurrency,4,26,119.375,5433.546,512
qwen,C128_O256,full_high_concurrency,4,110,118.725,3298.677,256
qwen,C128_O256,full_high_concurrency,4,55,132.04,3369.571,256
qwen,C128_O256,full_high_concurrency,4,88,143.993,3328.629,256
qwen,C128_O256,full_high_concurrency,4,64,119.656,3359.31,256
qwen,C128_O256,full_high_concurrency,4,107,123.353,3305.541,256
qwen,C128_O256,full_high_concurrency,4,82,151.185,3337.765,256
qwen,C128_O256,full_high_concurrency,4,106,123.829,3307.438,256
qwen,C128_O256,full_high_concurrency,4,43,149.235,3388.674,256
qwen,C128_O256,full_high_concurrency,4,109,120.513,3304.576,256
qwen,C128_O256,full_high_concurrency,4,75,160.911,3348.733,256
qwen,C128_O256,full_high_concurrency,4,52,138.102,3379.255,256
qwen,C128_O256,full_high_concurrency,4,117,108.701,3294.749,256
qwen,C128_O256,full_high_concurrency,4,16,143.752,3425.528,256
qwen,C128_O256,full_high_concurrency,4,28,128.061,3410.788,256
qwen,C128_O256,full_high_concurrency,4,10,152.737,3433.961,256
qwen,C128_O256,full_high_concurrency,4,104,125.239,3314.316,256
qwen,C128_O256,full_high_concurrency,4,60,126.227,3369.643,256
qwen,C128_O256,full_high_concurrency,4,2,160.064,3443.611,256
qwen,C128_O256,full_high_concurrency,4,50,140.479,3384.985,256
qwen,C128_O256,full_high_concurrency,4,77,157.399,3350.384,256
qwen,C128_O256,full_high_concurrency,4,4,157.53,3442.567,256
qwen,C128_O256,full_high_concurrency,4,83,149.582,3343.357,256
qwen,C128_O256,full_high_concurrency,4,35,120.937,3404.866,256
qwen,C128_O256,full_high_concurrency,4,7,154.517,3439.734,256
qwen,C128_O256,full_high_concurrency,4,100,127.555,3322.515,256
qwen,C128_O256,full_high_concurrency,4,92,140.584,3333.101,256
qwen,C128_O256,full_high_concurrency,4,59,125.032,3374.254,256
qwen,C128_O256,full_high_concurrency,4,46,144.308,3392.963,256
qwen,C128_O256,full_high_concurrency,4,25,132.471,3419.023,256
qwen,C128_O256,full_high_concurrency,4,36,120.215,3405.434,256
qwen,C128_O256,full_high_concurrency,4,57,129.139,3377.948,256
qwen,C128_O256,full_high_concurrency,4,38,154.023,3403.121,256
qwen,C128_O256,full_high_concurrency,4,30,127.255,3413.827,256
qwen,C128_O256,full_high_concurrency,4,48,142.609,3391.212,256
qwen,C128_O256,full_high_concurrency,4,45,144.74,3395.02,256
qwen,C128_O256,full_high_concurrency,4,51,139.203,3387.966,256
qwen,C128_O256,full_high_concurrency,4,54,135.433,3384.209,256
qwen,C128_O256,full_high_concurrency,4,40,153.001,3402.537,256
qwen,C128_O256,full_high_concurrency,4,41,149.216,3401.164,256
qwen,C128_O256,full_high_concurrency,4,68,115.619,3367.389,256
qwen,C128_O256,full_high_concurrency,4,49,141.746,3393.933,256
qwen,C128_O256,full_high_concurrency,4,85,148.991,3347.156,256
qwen,C128_O256,full_high_concurrency,4,67,115.647,3369.359,256
qwen,C128_O256,full_high_concurrency,4,122,102.847,3299.39,256
qwen,C128_O256,full_high_concurrency,4,120,105.075,3302.286,256
qwen,C128_O256,full_high_concurrency,4,84,150.54,3349.618,256
qwen,C128_O256,full_high_concurrency,4,27,131.347,3422.263,256
qwen,C128_O256,full_high_concurrency,4,58,126.907,3381.994,256
qwen,C128_O256,full_high_concurrency,4,17,141.745,3434.723,256
qwen,C128_O256,full_high_concurrency,4,44,146.29,3401.101,256
qwen,C128_O256,full_high_concurrency,4,91,140.823,3340.862,256
qwen,C128_O256,full_high_concurrency,4,81,152.944,3354.547,256
qwen,C128_O256,full_high_concurrency,4,87,146.129,3346.841,256
qwen,C128_O256,full_high_concurrency,4,34,121.681,3414.701,256
qwen,C128_O256,full_high_concurrency,4,11,151.689,3443.208,256
qwen,C128_O256,full_high_concurrency,4,108,121.761,3320.454,256
qwen,C128_O256,full_high_concurrency,4,96,134.337,3335.545,256
qwen,C128_O256,full_high_concurrency,4,89,142.944,3344.491,256
qwen,C128_O256,full_high_concurrency,4,71,166.364,3367.247,256
qwen,C128_O256,full_high_concurrency,4,3,160.533,3453.717,256
qwen,C128_O256,full_high_concurrency,4,111,117.261,3317.238,256
qwen,C128_O256,full_high_concurrency,4,21,139.839,3433.385,256
qwen,C128_O256,full_high_concurrency,4,73,162.846,3366.706,256
qwen,C128_O256,full_high_concurrency,4,119,106.546,3307.922,256
qwen,C128_O256,full_high_concurrency,4,102,128.144,3331.156,256
qwen,C128_O256,full_high_concurrency,4,98,131.186,3336.217,256
qwen,C128_O256,full_high_concurrency,4,56,131.557,3390.848,256
qwen,C128_O256,full_high_concurrency,4,113,113.958,3315.583,256
qwen,C128_O256,full_high_concurrency,4,29,128.524,3424.47,256
qwen,C128_O256,full_high_concurrency,4,78,159.044,3362.493,256
qwen,C128_O256,full_high_concurrency,4,90,141.919,3346.564,256
qwen,C128_O256,full_high_concurrency,4,8,153.631,3451.194,256
qwen,C128_O256,full_high_concurrency,4,65,120.408,3379.279,256
qwen,C128_O256,full_high_concurrency,4,116,110.27,3313.328,256
qwen,C128_O256,full_high_concurrency,4,74,161.752,3368.647,256
qwen,C128_O256,full_high_concurrency,4,105,124.062,3327.731,256
qwen,C128_O256,full_high_concurrency,4,123,101.515,3304.986,256
qwen,C128_O256,full_high_concurrency,4,94,136.155,3342.919,256
qwen,C128_O256,full_high_concurrency,4,80,155.29,3360.808,256
qwen,C128_O256,full_high_concurrency,4,95,137.332,3342.11,256
qwen,C128_O256,full_high_concurrency,4,26,133.829,3429.864,256
qwen,C128_O256,full_high_concurrency,4,124,99.376,3304.242,256
qwen,C128_O256,full_high_concurrency,4,39,152.325,3414.107,256
qwen,C128_O256,full_high_concurrency,4,121,103.83,3308.737,256
qwen,C128_O256,full_high_concurrency,4,93,136.969,3345.785,256
qwen,C128_O256,full_high_concurrency,4,47,143.411,3405.428,256
qwen,C128_O256,full_high_concurrency,4,42,149.081,3411.332,256
qwen,C128_O256,full_high_concurrency,4,115,110.946,3317.329,256
qwen,C128_O256,full_high_concurrency,4,32,125.31,3424.898,256
qwen,C128_O256,full_high_concurrency,4,97,133.937,3342.193,256
qwen,C128_O256,full_high_concurrency,4,86,147.695,3355.988,256
qwen,C128_O256,full_high_concurrency,4,101,127.634,3337.416,256
qwen,C128_O256,full_high_concurrency,4,19,140.461,3441.863,256
qwen,C128_O256,full_high_concurrency,4,126,97.562,3305.182,256
qwen,C128_O256,full_high_concurrency,4,0,111.526,3464.551,256
qwen,C128_O256,full_high_concurrency,4,53,134.164,3400.116,256
qwen,C128_O256,full_high_concurrency,4,24,133.663,3436.905,256
qwen,C128_O256,full_high_concurrency,4,13,148.191,3450.807,256
qwen,C128_O256,full_high_concurrency,4,118,107.056,3316.159,256
qwen,C128_O256,full_high_concurrency,4,12,151.419,3452.348,256
qwen,C128_O256,full_high_concurrency,4,37,156.816,3421.402,256
qwen,C128_O256,full_high_concurrency,4,70,166.39,3378.946,256
qwen,C128_O256,full_high_concurrency,4,23,136.842,3439.773,256
qwen,C128_O256,full_high_concurrency,4,18,141.609,3446.363,256
qwen,C128_O256,full_high_concurrency,4,6,158.333,3461.702,256
qwen,C128_O256,full_high_concurrency,4,31,124.935,3431.442,256
qwen,C128_O256,full_high_concurrency,4,9,152.338,3458.788,256
qwen,C128_O256,full_high_concurrency,4,125,99.27,3310.241,256
qwen,C128_O256,full_high_concurrency,4,69,113.639,3382.585,256
qwen,C128_O256,full_high_concurrency,4,76,161.215,3374.603,256
qwen,C128_O256,full_high_concurrency,4,99,131.808,3345.313,256
qwen,C128_O256,full_high_concurrency,4,20,141.052,3446.174,256
qwen,C128_O256,full_high_concurrency,4,66,116.451,3386.851,256
qwen,C128_O256,full_high_concurrency,4,127,97.023,3309.443,256
qwen,C128_O256,full_high_concurrency,4,62,121.707,3392.259,256
qwen,C128_O256,full_high_concurrency,4,1,163.717,3469.738,256
qwen,C128_O256,full_high_concurrency,4,103,124.516,3341.219,256
qwen,C128_O256,full_high_concurrency,4,63,122.408,3391.627,256
qwen,C128_O256,full_high_concurrency,4,5,158.106,3465.046,256
qwen,C128_O256,full_high_concurrency,4,112,116.402,3329.696,256
qwen,C128_O256,full_high_concurrency,4,72,164.078,3380.543,256
qwen,C128_O256,full_high_concurrency,4,61,124.687,3394.305,256
qwen,C128_O256,full_high_concurrency,4,14,147.039,3455.108,256
qwen,C128_O256,full_high_concurrency,4,114,112.922,3326.938,256
qwen,C128_O256,full_high_concurrency,4,79,156.222,3372.519,256
qwen,C128_O256,full_high_concurrency,4,33,122.877,3431.617,256
qwen,C128_O256,full_high_concurrency,4,15,147.19,3454.78,256
qwen,C128_O256,full_high_concurrency,4,22,136.109,3446.011,256
qwen,C64_O512,full_high_concurrency,5,10,141.592,5428.061,512
qwen,C64_O512,full_high_concurrency,5,24,124.131,5412.503,512
qwen,C64_O512,full_high_concurrency,5,43,103.478,5390.206,512
qwen,C64_O512,full_high_concurrency,5,60,80.323,5367.256,512
qwen,C64_O512,full_high_concurrency,5,63,76.913,5364.451,512
qwen,C64_O512,full_high_concurrency,5,26,120.484,5412.589,512
qwen,C64_O512,full_high_concurrency,5,8,142.946,5434.637,512
qwen,C64_O512,full_high_concurrency,5,47,96.668,5385.612,512
qwen,C64_O512,full_high_concurrency,5,35,113.43,5402.374,512
qwen,C64_O512,full_high_concurrency,5,51,91.231,5381.318,512
qwen,C64_O512,full_high_concurrency,5,17,133.827,5425.937,512
qwen,C64_O512,full_high_concurrency,5,25,123.275,5415.861,512
qwen,C64_O512,full_high_concurrency,5,28,120.873,5413.889,512
qwen,C64_O512,full_high_concurrency,5,19,131.771,5426.3,512
qwen,C64_O512,full_high_concurrency,5,9,141.568,5438.261,512
qwen,C64_O512,full_high_concurrency,5,57,83.673,5377.573,512
qwen,C64_O512,full_high_concurrency,5,12,139.586,5435.265,512
qwen,C64_O512,full_high_concurrency,5,48,94.774,5389.67,512
qwen,C64_O512,full_high_concurrency,5,37,111.05,5405.149,512
qwen,C64_O512,full_high_concurrency,5,45,99.895,5393.724,512
qwen,C64_O512,full_high_concurrency,5,31,114.948,5413.516,512
qwen,C64_O512,full_high_concurrency,5,30,117.457,5414.698,512
qwen,C64_O512,full_high_concurrency,5,23,124.815,5423.636,512
qwen,C64_O512,full_high_concurrency,5,18,132.848,5430.623,512
qwen,C64_O512,full_high_concurrency,5,33,114.376,5412.056,512
qwen,C64_O512,full_high_concurrency,5,54,88.364,5384.123,512
qwen,C64_O512,full_high_concurrency,5,46,97.609,5393.858,512
qwen,C64_O512,full_high_concurrency,5,5,147.452,5447.756,512
qwen,C64_O512,full_high_concurrency,5,61,79.238,5376.832,512
qwen,C64_O512,full_high_concurrency,5,4,148.644,5448.62,512
qwen,C64_O512,full_high_concurrency,5,39,110.038,5407.401,512
qwen,C64_O512,full_high_concurrency,5,3,149.106,5450.395,512
qwen,C64_O512,full_high_concurrency,5,53,88.757,5387.843,512
qwen,C64_O512,full_high_concurrency,5,38,111.036,5409.126,512
qwen,C64_O512,full_high_concurrency,5,1,149.944,5453.298,512
qwen,C64_O512,full_high_concurrency,5,32,115.673,5416.97,512
qwen,C64_O512,full_high_concurrency,5,20,129.273,5432.005,512
qwen,C64_O512,full_high_concurrency,5,56,85.802,5386.621,512
qwen,C64_O512,full_high_concurrency,5,15,134.329,5439.37,512
qwen,C64_O512,full_high_concurrency,5,34,109.734,5415.029,512
qwen,C64_O512,full_high_concurrency,5,11,139.118,5443.875,512
qwen,C64_O512,full_high_concurrency,5,14,135.792,5441.098,512
qwen,C64_O512,full_high_concurrency,5,42,104.846,5405.622,512
qwen,C64_O512,full_high_concurrency,5,62,77.794,5379.38,512
qwen,C64_O512,full_high_concurrency,5,27,119.469,5425.846,512
qwen,C64_O512,full_high_concurrency,5,6,147.096,5451.669,512
qwen,C64_O512,full_high_concurrency,5,13,136.759,5444.098,512
qwen,C64_O512,full_high_concurrency,5,59,81.258,5384.779,512
qwen,C64_O512,full_high_concurrency,5,58,82.823,5386.451,512
qwen,C64_O512,full_high_concurrency,5,36,112.638,5415.58,512
qwen,C64_O512,full_high_concurrency,5,50,92.578,5396.689,512
qwen,C64_O512,full_high_concurrency,5,22,126.356,5434.07,512
qwen,C64_O512,full_high_concurrency,5,16,134.184,5441.75,512
qwen,C64_O512,full_high_concurrency,5,55,86.881,5391.808,512
qwen,C64_O512,full_high_concurrency,5,29,116.745,5426.573,512
qwen,C64_O512,full_high_concurrency,5,7,144.999,5453.488,512
qwen,C64_O512,full_high_concurrency,5,52,90.305,5396.433,512
qwen,C64_O512,full_high_concurrency,5,49,94.439,5400.001,512
qwen,C64_O512,full_high_concurrency,5,40,107.12,5413.725,512
qwen,C64_O512,full_high_concurrency,5,41,106.592,5412.37,512
qwen,C64_O512,full_high_concurrency,5,0,100.352,5461.488,512
qwen,C64_O512,full_high_concurrency,5,21,127.926,5437.281,512
qwen,C64_O512,full_high_concurrency,5,44,101.776,5409.048,512
qwen,C64_O512,full_high_concurrency,5,2,149.606,5459.999,512
qwen,C128_O256,full_high_concurrency,5,111,121.813,3291.075,256
qwen,C128_O256,full_high_concurrency,5,112,119.437,3291.314,256
qwen,C128_O256,full_high_concurrency,5,102,134.069,3306.064,256
qwen,C128_O256,full_high_concurrency,5,27,121.963,3401.743,256
qwen,C128_O256,full_high_concurrency,5,85,152.255,3330.266,256
qwen,C128_O256,full_high_concurrency,5,96,137.023,3316.754,256
qwen,C128_O256,full_high_concurrency,5,10,144.206,3425.76,256
qwen,C128_O256,full_high_concurrency,5,63,122.168,3359.527,256
qwen,C128_O256,full_high_concurrency,5,7,149.532,3431.549,256
qwen,C128_O256,full_high_concurrency,5,106,128.059,3306.358,256
qwen,C128_O256,full_high_concurrency,5,49,138.467,3377.513,256
qwen,C128_O256,full_high_concurrency,5,79,158.466,3340.851,256
qwen,C128_O256,full_high_concurrency,5,45,147.376,3385.055,256
qwen,C128_O256,full_high_concurrency,5,42,149.262,3388.934,256
qwen,C128_O256,full_high_concurrency,5,6,150.462,3434.038,256
qwen,C128_O256,full_high_concurrency,5,47,141.595,3381.147,256
qwen,C128_O256,full_high_concurrency,5,86,149.573,3333.973,256
qwen,C128_O256,full_high_concurrency,5,26,122.648,3410.298,256
qwen,C128_O256,full_high_concurrency,5,36,158.584,3398.114,256
qwen,C128_O256,full_high_concurrency,5,72,167.516,3352.488,256
qwen,C128_O256,full_high_concurrency,5,126,99.415,3280.38,256
qwen,C128_O256,full_high_concurrency,5,4,149.465,3439.674,256
qwen,C128_O256,full_high_concurrency,5,125,100.522,3282.028,256
qwen,C128_O256,full_high_concurrency,5,117,112.664,3294.92,256
qwen,C128_O256,full_high_concurrency,5,11,142.059,3430.945,256
qwen,C128_O256,full_high_concurrency,5,44,149.093,3390.123,256
qwen,C128_O256,full_high_concurrency,5,105,129.028,3312.187,256
qwen,C128_O256,full_high_concurrency,5,122,104.751,3287.286,256
qwen,C128_O256,full_high_concurrency,5,55,132.122,3375.563,256
qwen,C128_O256,full_high_concurrency,5,56,131.219,3374.293,256
qwen,C128_O256,full_high_concurrency,5,76,164.075,3349.765,256
qwen,C128_O256,full_high_concurrency,5,62,123.758,3367.445,256
qwen,C128_O256,full_high_concurrency,5,43,150.081,3392.554,256
qwen,C128_O256,full_high_concurrency,5,61,126.726,3369.175,256
qwen,C128_O256,full_high_concurrency,5,124,101.3,3285.83,256
qwen,C128_O256,full_high_concurrency,5,82,156.207,3343.445,256
qwen,C128_O256,full_high_concurrency,5,93,142.43,3329.551,256
qwen,C128_O256,full_high_concurrency,5,28,119.527,3412.507,256
qwen,C128_O256,full_high_concurrency,5,109,125.637,3310.13,256
qwen,C128_O256,full_high_concurrency,5,97,137.505,3324.765,256
qwen,C128_O256,full_high_concurrency,5,114,117.021,3302.455,256
qwen,C128_O256,full_high_concurrency,5,89,146.946,3335.95,256
qwen,C128_O256,full_high_concurrency,5,31,115.874,3410.401,256
qwen,C128_O256,full_high_concurrency,5,69,172.538,3361.309,256
qwen,C128_O256,full_high_concurrency,5,98,136.223,3325.231,256
qwen,C128_O256,full_high_concurrency,5,107,127.811,3314.596,256
qwen,C128_O256,full_high_concurrency,5,52,137.899,3383.406,256
qwen,C128_O256,full_high_concurrency,5,108,127.077,3314.337,256
qwen,C128_O256,full_high_concurrency,5,15,136.923,3431.749,256
qwen,C128_O256,full_high_concurrency,5,50,138.856,3386.155,256
qwen,C128_O256,full_high_concurrency,5,51,138.729,3385.41,256
qwen,C128_O256,full_high_concurrency,5,110,123.518,3311.193,256
qwen,C128_O256,full_high_concurrency,5,54,134.133,3382.122,256
qwen,C128_O256,full_high_concurrency,5,59,125.745,3375.904,256
qwen,C128_O256,full_high_concurrency,5,120,109.883,3298.708,256
qwen,C128_O256,full_high_concurrency,5,94,139.225,3332.388,256
qwen,C128_O256,full_high_concurrency,5,22,129.637,3424.253,256
qwen,C128_O256,full_high_concurrency,5,116,113.844,3304.163,256
qwen,C128_O256,full_high_concurrency,5,78,161.327,3353.822,256
qwen,C128_O256,full_high_concurrency,5,17,135.036,3431.505,256
qwen,C128_O256,full_high_concurrency,5,92,142.104,3336.881,256
qwen,C128_O256,full_high_concurrency,5,30,118.925,3416.557,256
qwen,C128_O256,full_high_concurrency,5,3,150.477,3450.358,256
qwen,C128_O256,full_high_concurrency,5,88,149.294,3343.831,256
qwen,C128_O256,full_high_concurrency,5,29,118.393,3418.19,256
qwen,C128_O256,full_high_concurrency,5,77,161.258,3356.804,256
qwen,C128_O256,full_high_concurrency,5,53,135.225,3386.716,256
qwen,C128_O256,full_high_concurrency,5,46,146.229,3397.45,256
qwen,C128_O256,full_high_concurrency,5,25,123.939,3424.702,256
qwen,C128_O256,full_high_concurrency,5,95,139.024,3335.325,256
qwen,C128_O256,full_high_concurrency,5,32,115.023,3416.538,256
qwen,C128_O256,full_high_concurrency,5,113,117.477,3311.311,256
qwen,C128_O256,full_high_concurrency,5,33,114.245,3415.671,256
qwen,C128_O256,full_high_concurrency,5,13,141.718,3441.187,256
qwen,C128_O256,full_high_concurrency,5,87,151.361,3347.267,256
qwen,C128_O256,full_high_concurrency,5,121,106.385,3300.853,256
qwen,C128_O256,full_high_concurrency,5,23,127.379,3428.694,256
qwen,C128_O256,full_high_concurrency,5,80,157.829,3357.718,256
qwen,C128_O256,full_high_concurrency,5,127,98.126,3293.753,256
qwen,C128_O256,full_high_concurrency,5,57,130.617,3385.73,256
qwen,C128_O256,full_high_concurrency,5,8,145.462,3449.409,256
qwen,C128_O256,full_high_concurrency,5,38,153.941,3411.885,256
qwen,C128_O256,full_high_concurrency,5,81,156.585,3356.955,256
qwen,C128_O256,full_high_concurrency,5,48,140.97,3397.804,256
qwen,C128_O256,full_high_concurrency,5,60,125.05,3383.186,256
qwen,C128_O256,full_high_concurrency,5,0,154.31,3459.611,256
qwen,C128_O256,full_high_concurrency,5,66,119.085,3377.297,256
qwen,C128_O256,full_high_concurrency,5,115,115.942,3313.749,256
qwen,C128_O256,full_high_concurrency,5,83,156.648,3356.472,256
qwen,C128_O256,full_high_concurrency,5,5,148.998,3454.265,256
qwen,C128_O256,full_high_concurrency,5,19,132.772,3437.6,256
qwen,C128_O256,full_high_concurrency,5,21,129.664,3434.532,256
qwen,C128_O256,full_high_concurrency,5,39,155.333,3413.107,256
qwen,C128_O256,full_high_concurrency,5,9,143.199,3450.756,256
qwen,C128_O256,full_high_concurrency,5,101,135.699,3335.917,256
qwen,C128_O256,full_high_concurrency,5,35,157.638,3419.778,256
qwen,C128_O256,full_high_concurrency,5,103,133.138,3333.455,256
qwen,C128_O256,full_high_concurrency,5,104,130.981,3332.404,256
qwen,C128_O256,full_high_concurrency,5,118,112.038,3313.838,256
qwen,C128_O256,full_high_concurrency,5,91,144.656,3349.802,256
qwen,C128_O256,full_high_concurrency,5,24,126.405,3435.07,256
qwen,C128_O256,full_high_concurrency,5,65,121.623,3382.312,256
qwen,C128_O256,full_high_concurrency,5,34,112.704,3421.954,256
qwen,C128_O256,full_high_concurrency,5,40,152.288,3414.978,256
qwen,C128_O256,full_high_concurrency,5,14,137.703,3447.745,256
qwen,C128_O256,full_high_concurrency,5,100,132.655,3339.265,256
qwen,C128_O256,full_high_concurrency,5,12,140.772,3450.456,256
qwen,C128_O256,full_high_concurrency,5,90,145.547,3352.446,256
qwen,C128_O256,full_high_concurrency,5,75,166.113,3371.762,256
qwen,C128_O256,full_high_concurrency,5,16,137.775,3445.683,256
qwen,C128_O256,full_high_concurrency,5,84,153.536,3360.161,256
qwen,C128_O256,full_high_concurrency,5,67,119.376,3382.611,256
qwen,C128_O256,full_high_concurrency,5,64,122.274,3385.035,256
qwen,C128_O256,full_high_concurrency,5,18,132.353,3444.017,256
qwen,C128_O256,full_high_concurrency,5,71,170.345,3376.585,256
qwen,C128_O256,full_high_concurrency,5,99,137.945,3341.587,256
qwen,C128_O256,full_high_concurrency,5,37,155.494,3420.441,256
qwen,C128_O256,full_high_concurrency,5,58,128.673,3393.247,256
qwen,C128_O256,full_high_concurrency,5,73,167.395,3375.08,256
qwen,C128_O256,full_high_concurrency,5,41,151.871,3416.252,256
qwen,C128_O256,full_high_concurrency,5,68,173.903,3381.961,256
qwen,C128_O256,full_high_concurrency,5,74,165.098,3374.216,256
qwen,C128_O256,full_high_concurrency,5,70,170.11,3379.121,256
qwen,C128_O256,full_high_concurrency,5,2,152.836,3465.679,256
qwen,C128_O256,full_high_concurrency,5,119,111.496,3317.268,256
qwen,C128_O256,full_high_concurrency,5,123,102.443,3308.955,256
qwen,C128_O256,full_high_concurrency,5,1,106.77,3467.19,256
qwen,C128_O256,full_high_concurrency,5,20,132.979,3443.391,256
lfm25,C128_O256,baseline,1,50,83.694,1300.496,256
lfm25,C128_O256,baseline,1,14,120.91,1347.868,256
lfm25,C128_O256,baseline,1,42,93.636,1311.974,256
lfm25,C128_O256,baseline,1,4,133.471,1360.834,256
lfm25,C128_O256,baseline,1,36,101.626,1319.977,256
lfm25,C128_O256,baseline,1,48,86.921,1304.831,256
lfm25,C128_O256,baseline,1,18,129.301,1344.606,256
lfm25,C128_O256,baseline,1,9,127.703,1355.615,256
lfm25,C128_O256,baseline,1,21,121.152,1340.857,256
lfm25,C128_O256,baseline,1,38,99.482,1318.334,256
lfm25,C128_O256,baseline,1,3,133.601,1363.86,256
lfm25,C128_O256,baseline,1,33,106.138,1325.896,256
lfm25,C128_O256,baseline,1,28,112.25,1332.26,256
lfm25,C128_O256,baseline,1,43,90.544,1310.935,256
lfm25,C128_O256,baseline,1,6,129.448,1360.318,256
lfm25,C128_O256,baseline,1,37,102.023,1320.862,256
lfm25,C128_O256,baseline,1,2,134.542,1365.613,256
lfm25,C128_O256,baseline,1,5,131.132,1361.99,256
lfm25,C128_O256,baseline,1,20,123.944,1343.458,256
lfm25,C128_O256,baseline,1,12,123.178,1354.179,256
lfm25,C128_O256,baseline,1,31,109.945,1329.523,256
lfm25,C128_O256,baseline,1,1,135.397,1367.375,256
lfm25,C128_O256,baseline,1,7,129.759,1360.445,256
lfm25,C128_O256,baseline,1,13,123.079,1353.519,256
lfm25,C128_O256,baseline,1,0,82.201,1369.326,256
lfm25,C128_O256,baseline,1,10,125.623,1357.356,256
lfm25,C128_O256,baseline,1,34,105.104,1326.662,256
lfm25,C128_O256,baseline,1,15,118.316,1351.353,256
lfm25,C128_O256,baseline,1,27,112.009,1335.629,256
lfm25,C128_O256,baseline,1,11,126.948,1357.583,256
lfm25,C128_O256,baseline,1,8,128.547,1360.698,256
lfm25,C128_O256,baseline,1,45,88.779,1311.586,256
lfm25,C128_O256,baseline,1,71,1373.847,2654.934,256
lfm25,C128_O256,baseline,1,70,1374.228,2656.056,256
lfm25,C128_O256,baseline,1,84,1357.526,2639.433,256
lfm25,C128_O256,baseline,1,103,1331.436,2615.693,256
lfm25,C128_O256,baseline,1,122,1300.036,2586.481,256
lfm25,C128_O256,baseline,1,106,1327.979,2613.742,256
lfm25,C128_O256,baseline,1,92,1348.379,2633.013,256
lfm25,C128_O256,baseline,1,85,1356.76,2640.9,256
lfm25,C128_O256,baseline,1,56,1392.596,2676.83,256
lfm25,C128_O256,baseline,1,64,1379.096,2667.072,256
lfm25,C128_O256,baseline,1,89,1349.043,2637.011,256
lfm25,C128_O256,baseline,1,81,1358.731,2647.395,256
lfm25,C128_O256,baseline,1,55,1391.028,2679.176,256
lfm25,C128_O256,baseline,1,54,1394.838,2680.83,256
lfm25,C128_O256,baseline,1,65,1380.013,2666.721,256
lfm25,C128_O256,baseline,1,118,1306.974,2593.704,256
lfm25,C128_O256,baseline,1,108,1324.854,2610.95,256
lfm25,C128_O256,baseline,1,76,1368.396,2654.016,256
lfm25,C128_O256,baseline,1,60,1385.846,2673.996,256
lfm25,C128_O256,baseline,1,61,1385.917,2672.58,256
lfm25,C128_O256,baseline,1,114,1317.56,2604.837,256
lfm25,C128_O256,baseline,1,57,1389.23,2677.627,256
lfm25,C128_O256,baseline,1,79,1360.306,2650.649,256
lfm25,C128_O256,baseline,1,41,1411.597,2698.514,256
lfm25,C128_O256,baseline,1,111,1320.455,2609.262,256
lfm25,C128_O256,baseline,1,66,1377.503,2666.989,256
lfm25,C128_O256,baseline,1,124,1300.298,2589.259,256
lfm25,C128_O256,baseline,1,91,1346.772,2637.544,256
lfm25,C128_O256,baseline,1,53,1393.534,2684.379,256
lfm25,C128_O256,baseline,1,49,1399.98,2689.214,256
lfm25,C128_O256,baseline,1,95,1344.922,2632.866,256
lfm25,C128_O256,baseline,1,80,1362.017,2651.777,256
lfm25,C128_O256,baseline,1,115,2696.544,3922.849,256
lfm25,C128_O256,baseline,1,26,2815.124,4039.426,256
lfm25,C128_O256,baseline,1,51,2781.007,4007.954,256
lfm25,C128_O256,baseline,1,25,2814.02,4042.281,256
lfm25,C128_O256,baseline,1,126,2681.727,3908.384,256
lfm25,C128_O256,baseline,1,47,2786.924,4013.99,256
lfm25,C128_O256,baseline,1,77,2747.547,3976.837,256
lfm25,C128_O256,baseline,1,105,2713.255,3941.736,256
lfm25,C128_O256,baseline,1,119,2688.72,3917.596,256
lfm25,C128_O256,baseline,1,23,2819.199,4047.433,256
lfm25,C128_O256,baseline,1,116,2697.161,3924.604,256
lfm25,C128_O256,baseline,1,59,2773.107,4000.252,256
lfm25,C128_O256,baseline,1,104,2714.428,3943.53,256
lfm25,C128_O256,baseline,1,86,2736.417,3966.465,256
lfm25,C128_O256,baseline,1,40,2793.695,4024.676,256
lfm25,C128_O256,baseline,1,83,2743.82,3970.957,256
lfm25,C128_O256,baseline,1,63,2767.049,3995.83,256
lfm25,C128_O256,baseline,1,101,2718.145,3948.265,256
lfm25,C128_O256,baseline,1,87,2736.414,3966.13,256
lfm25,C128_O256,baseline,1,100,2719.186,3949.835,256
lfm25,C128_O256,baseline,1,125,2681.682,3912.512,256
lfm25,C128_O256,baseline,1,35,2803.696,4032.363,256
lfm25,C128_O256,baseline,1,110,2708.094,3935.954,256
lfm25,C128_O256,baseline,1,74,2753.831,3983.705,256
lfm25,C128_O256,baseline,1,88,2734.014,3965.967,256
lfm25,C128_O256,baseline,1,94,2726.031,3958.29,256
lfm25,C128_O256,baseline,1,112,2702.163,3934.412,256
lfm25,C128_O256,baseline,1,72,2754.845,3986.84,256
lfm25,C128_O256,baseline,1,52,2782.391,4011.715,256
lfm25,C128_O256,baseline,1,120,2689.415,3919.539,256
lfm25,C128_O256,baseline,1,93,2729.536,3961.085,256
lfm25,C128_O256,baseline,1,16,2825.643,4058.717,256
lfm25,C128_O256,baseline,1,82,4061.706,5265.593,256
lfm25,C128_O256,baseline,1,73,4072.76,5276.518,256
lfm25,C128_O256,baseline,1,117,4009.628,5214.286,256
lfm25,C128_O256,baseline,1,69,4077.547,5281.866,256
lfm25,C128_O256,baseline,1,99,4041.703,5244.13,256
lfm25,C128_O256,baseline,1,90,4053.858,5257.494,256
lfm25,C128_O256,baseline,1,24,4134.338,5341.062,256
lfm25,C128_O256,baseline,1,97,4044.577,5248.532,256
lfm25,C128_O256,baseline,1,44,4109.357,5313.53,256
lfm25,C128_O256,baseline,1,39,4113.712,5322.209,256
lfm25,C128_O256,baseline,1,123,4002.77,5211.411,256
lfm25,C128_O256,baseline,1,32,4123.244,5331.78,256
lfm25,C128_O256,baseline,1,58,4091.511,5299.051,256
lfm25,C128_O256,baseline,1,30,4126.406,5334.984,256
lfm25,C128_O256,baseline,1,78,4065.111,5274.52,256
lfm25,C128_O256,baseline,1,107,4029.821,5237.477,256
lfm25,C128_O256,baseline,1,46,4105.509,5313.78,256
lfm25,C128_O256,baseline,1,75,4072.108,5278.709,256
lfm25,C128_O256,baseline,1,98,4041.359,5249.27,256
lfm25,C128_O256,baseline,1,68,4081.005,5287.746,256
lfm25,C128_O256,baseline,1,17,4146.291,5353.563,256
lfm25,C128_O256,baseline,1,121,4008.84,5215.123,256
lfm25,C128_O256,baseline,1,22,4139.292,5347.497,256
lfm25,C128_O256,baseline,1,102,4034.247,5245.271,256
lfm25,C128_O256,baseline,1,67,4081.055,5289.834,256
lfm25,C128_O256,baseline,1,113,4019.046,5230.493,256
lfm25,C128_O256,baseline,1,29,4129.233,5338.168,256
lfm25,C128_O256,baseline,1,19,4142.757,5351.566,256
lfm25,C128_O256,baseline,1,96,4045.079,5254.185,256
lfm25,C128_O256,baseline,1,127,3998.951,5209.288,256
lfm25,C128_O256,baseline,1,109,4026.926,5235.761,256
lfm25,C128_O256,baseline,1,62,4085.991,5296.923,256
lfm25,C64_O512,baseline,1,34,320.65,2521.642,512
lfm25,C64_O512,baseline,1,10,346.457,2554.221,512
lfm25,C64_O512,baseline,1,3,354.724,2563.838,512
lfm25,C64_O512,baseline,1,28,327.029,2533.662,512
lfm25,C64_O512,baseline,1,31,323.18,2530.043,512
lfm25,C64_O512,baseline,1,26,329.367,2536.844,512
lfm25,C64_O512,baseline,1,21,337.82,2543.268,512
lfm25,C64_O512,baseline,1,33,323.048,2529.42,512
lfm25,C64_O512,baseline,1,36,319.89,2526.363,512
lfm25,C64_O512,baseline,1,11,345.235,2556.939,512
lfm25,C64_O512,baseline,1,12,344.303,2555.953,512
lfm25,C64_O512,baseline,1,35,318.566,2527.91,512
lfm25,C64_O512,baseline,1,37,315.412,2525.41,512
lfm25,C64_O512,baseline,1,5,351.073,2564.847,512
lfm25,C64_O512,baseline,1,0,354.009,2570.664,512
lfm25,C64_O512,baseline,1,2,354.626,2568.561,512
lfm25,C64_O512,baseline,1,15,345.711,2553.785,512
lfm25,C64_O512,baseline,1,7,349.329,2563.212,512
lfm25,C64_O512,baseline,1,13,342.865,2556.748,512
lfm25,C64_O512,baseline,1,14,346.379,2555.41,512
lfm25,C64_O512,baseline,1,23,333.716,2544.558,512
lfm25,C64_O512,baseline,1,27,328.627,2539.871,512
lfm25,C64_O512,baseline,1,9,347.756,2561.828,512
lfm25,C64_O512,baseline,1,8,348.519,2563.281,512
lfm25,C64_O512,baseline,1,4,352.937,2567.508,512
lfm25,C64_O512,baseline,1,18,342.106,2551.792,512
lfm25,C64_O512,baseline,1,20,338.626,2548.872,512
lfm25,C64_O512,baseline,1,38,315.712,2526.819,512
lfm25,C64_O512,baseline,1,16,342.958,2554.329,512
lfm25,C64_O512,baseline,1,1,356.919,2572.078,512
lfm25,C64_O512,baseline,1,6,350.006,2566.613,512
lfm25,C64_O512,baseline,1,25,332.801,2543.969,512
lfm25,C64_O512,baseline,1,63,2586.572,5073.322,512
lfm25,C64_O512,baseline,1,39,2607.676,5100.017,512
lfm25,C64_O512,baseline,1,42,2603.38,5097.092,512
lfm25,C64_O512,baseline,1,55,2593.628,5084.465,512
lfm25,C64_O512,baseline,1,60,2587.106,5080.001,512
lfm25,C64_O512,baseline,1,40,2608.789,5101.585,512
lfm25,C64_O512,baseline,1,56,2592.529,5084.337,512
lfm25,C64_O512,baseline,1,61,2588.128,5079.815,512
lfm25,C64_O512,baseline,1,22,2633.254,5125.051,512
lfm25,C64_O512,baseline,1,50,2597.857,5091.247,512
lfm25,C64_O512,baseline,1,19,2633.928,5129.742,512
lfm25,C64_O512,baseline,1,59,2590.604,5083.236,512
lfm25,C64_O512,baseline,1,29,2621.35,5117.895,512
lfm25,C64_O512,baseline,1,32,2617.571,5113.854,512
lfm25,C64_O512,baseline,1,49,2598.667,5094.702,512
lfm25,C64_O512,baseline,1,44,2604.364,5099.478,512
lfm25,C64_O512,baseline,1,30,2621.85,5117.86,512
lfm25,C64_O512,baseline,1,54,2591.348,5090.307,512
lfm25,C64_O512,baseline,1,47,2599.493,5097.246,512
lfm25,C64_O512,baseline,1,51,2598.021,5093.487,512
lfm25,C64_O512,baseline,1,58,2590.496,5087.313,512
lfm25,C64_O512,baseline,1,45,2603.73,5099.895,512
lfm25,C64_O512,baseline,1,53,2592.463,5092.265,512
lfm25,C64_O512,baseline,1,48,2597.16,5097.435,512
lfm25,C64_O512,baseline,1,62,2587.141,5083.979,512
lfm25,C64_O512,baseline,1,52,2595.055,5094.139,512
lfm25,C64_O512,baseline,1,41,2604.415,5105.617,512
lfm25,C64_O512,baseline,1,43,2603.754,5103.31,512
lfm25,C64_O512,baseline,1,17,2638.196,5137.19,512
lfm25,C64_O512,baseline,1,57,2590.102,5090.167,512
lfm25,C64_O512,baseline,1,24,2628.341,5128.954,512
lfm25,C64_O512,baseline,1,46,2602.179,5101.122,512
lfm25,C64_O512,baseline,2,28,113.661,2543.035,512
lfm25,C64_O512,baseline,2,35,107.888,2535.775,512
lfm25,C64_O512,baseline,2,27,115.558,2546.452,512
lfm25,C64_O512,baseline,2,23,119.503,2551.678,512
lfm25,C64_O512,baseline,2,11,136.697,2566.255,512
lfm25,C64_O512,baseline,2,33,107.611,2540.768,512
lfm25,C64_O512,baseline,2,20,126.776,2556.957,512
lfm25,C64_O512,baseline,2,10,121.206,2568.39,512
lfm25,C64_O512,baseline,2,42,97.513,2528.784,512
lfm25,C64_O512,baseline,2,0,76.269,2579.023,512
lfm25,C64_O512,baseline,2,37,104.3,2537.084,512
lfm25,C64_O512,baseline,2,5,126.036,2574.229,512
lfm25,C64_O512,baseline,2,41,98.657,2531.989,512
lfm25,C64_O512,baseline,2,31,110.79,2545.633,512
lfm25,C64_O512,baseline,2,25,117.639,2553.289,512
lfm25,C64_O512,baseline,2,2,129.535,2578.405,512
lfm25,C64_O512,baseline,2,26,115.997,2552.708,512
lfm25,C64_O512,baseline,2,9,122.23,2571.848,512
lfm25,C64_O512,baseline,2,6,125.313,2575.037,512
lfm25,C64_O512,baseline,2,21,122.091,2559.242,512
lfm25,C64_O512,baseline,2,43,95.565,2530.271,512
lfm25,C64_O512,baseline,2,13,134.338,2568.701,512
lfm25,C64_O512,baseline,2,36,103.883,2541.306,512
lfm25,C64_O512,baseline,2,8,123.522,2574.037,512
lfm25,C64_O512,baseline,2,16,128.578,2566.544,512
lfm25,C64_O512,baseline,2,3,128.051,2579.867,512
lfm25,C64_O512,baseline,2,1,129.909,2581.769,512
lfm25,C64_O512,baseline,2,7,123.802,2576.096,512
lfm25,C64_O512,baseline,2,38,102.438,2539.658,512
lfm25,C64_O512,baseline,2,34,107.697,2545.157,512
lfm25,C64_O512,baseline,2,18,127.61,2565.915,512
lfm25,C64_O512,baseline,2,4,127.399,2580.2,512
lfm25,C64_O512,baseline,2,63,2589.457,5091.129,512
lfm25,C64_O512,baseline,2,61,2591.455,5094.79,512
lfm25,C64_O512,baseline,2,17,2650.965,5153.654,512
lfm25,C64_O512,baseline,2,40,2623.091,5125.06,512
lfm25,C64_O512,baseline,2,55,2601.636,5105.147,512
lfm25,C64_O512,baseline,2,14,2654.751,5158.565,512
lfm25,C64_O512,baseline,2,22,2643.674,5149.73,512
lfm25,C64_O512,baseline,2,49,2610.098,5113.979,512
lfm25,C64_O512,baseline,2,60,2593.572,5099.767,512
lfm25,C64_O512,baseline,2,52,2603.919,5110.478,512
lfm25,C64_O512,baseline,2,50,2610.037,5114.035,512
lfm25,C64_O512,baseline,2,57,2597.589,5104.903,512
lfm25,C64_O512,baseline,2,32,2632.066,5138.793,512
lfm25,C64_O512,baseline,2,58,2596.51,5104.643,512
lfm25,C64_O512,baseline,2,24,2642.985,5148.852,512
lfm25,C64_O512,baseline,2,51,2607.375,5113.244,512
lfm25,C64_O512,baseline,2,46,2611.814,5120.574,512
lfm25,C64_O512,baseline,2,54,2601.861,5110.721,512
lfm25,C64_O512,baseline,2,48,2611.521,5119.384,512
lfm25,C64_O512,baseline,2,45,2615.984,5123.016,512
lfm25,C64_O512,baseline,2,12,2656.241,5165.412,512
lfm25,C64_O512,baseline,2,47,2613.554,5120.59,512
lfm25,C64_O512,baseline,2,53,2602.444,5113.114,512
lfm25,C64_O512,baseline,2,59,2598.19,5105.829,512
lfm25,C64_O512,baseline,2,15,2651.848,5162.714,512
lfm25,C64_O512,baseline,2,19,2648.477,5158.721,512
lfm25,C64_O512,baseline,2,30,2636.832,5144.728,512
lfm25,C64_O512,baseline,2,39,2624.647,5133.477,512
lfm25,C64_O512,baseline,2,29,2637.418,5146.403,512
lfm25,C64_O512,baseline,2,62,2590.899,5102.485,512
lfm25,C64_O512,baseline,2,56,2600.442,5111.181,512
lfm25,C64_O512,baseline,2,44,2616.954,5127.137,512
lfm25,C128_O256,baseline,2,45,92.744,1289.882,256
lfm25,C128_O256,baseline,2,31,113.835,1309.243,256
lfm25,C128_O256,baseline,2,33,111.203,1308.494,256
lfm25,C128_O256,baseline,2,10,128.154,1339.055,256
lfm25,C128_O256,baseline,2,11,127.114,1338.082,256
lfm25,C128_O256,baseline,2,14,124.031,1335.542,256
lfm25,C128_O256,baseline,2,15,124.075,1333.92,256
lfm25,C128_O256,baseline,2,18,130.745,1329.451,256
lfm25,C128_O256,baseline,2,12,127.587,1338.054,256
lfm25,C128_O256,baseline,2,28,118.51,1317.292,256
lfm25,C128_O256,baseline,2,37,105.412,1306.348,256
lfm25,C128_O256,baseline,2,34,108.849,1310.749,256
lfm25,C128_O256,baseline,2,7,133.711,1345.356,256
lfm25,C128_O256,baseline,2,4,136.185,1348.849,256
lfm25,C128_O256,baseline,2,21,126.531,1327.277,256
lfm25,C128_O256,baseline,2,38,103.347,1305.869,256
lfm25,C128_O256,baseline,2,48,88.535,1291.096,256
lfm25,C128_O256,baseline,2,6,134.057,1347.105,256
lfm25,C128_O256,baseline,2,1,139.883,1352.821,256
lfm25,C128_O256,baseline,2,2,137.324,1351.87,256
lfm25,C128_O256,baseline,2,43,97.567,1298.353,256
lfm25,C128_O256,baseline,2,36,106.643,1309.387,256
lfm25,C128_O256,baseline,2,13,124.222,1339.373,256
lfm25,C128_O256,baseline,2,0,81.204,1354.667,256
lfm25,C128_O256,baseline,2,20,126.825,1329.929,256
lfm25,C128_O256,baseline,2,42,96.617,1300.332,256
lfm25,C128_O256,baseline,2,8,132.428,1346.599,256
lfm25,C128_O256,baseline,2,3,139.506,1351.934,256
lfm25,C128_O256,baseline,2,9,129.8,1345.52,256
lfm25,C128_O256,baseline,2,27,119.064,1321.872,256
lfm25,C128_O256,baseline,2,41,99.382,1304.148,256
lfm25,C128_O256,baseline,2,5,135.458,1350.09,256
lfm25,C128_O256,baseline,2,64,1368.08,2651.419,256
lfm25,C128_O256,baseline,2,124,1283.676,2569.539,256
lfm25,C128_O256,baseline,2,55,1376.874,2665.191,256
lfm25,C128_O256,baseline,2,95,1326.131,2614.417,256
lfm25,C128_O256,baseline,2,108,1309.418,2597.323,256
lfm25,C128_O256,baseline,2,80,1347.855,2634.434,256
lfm25,C128_O256,baseline,2,57,1378.235,2664.503,256
lfm25,C128_O256,baseline,2,50,1385.55,2673.808,256
lfm25,C128_O256,baseline,2,66,1363.695,2653.48,256
lfm25,C128_O256,baseline,2,84,1341.046,2631.379,256
lfm25,C128_O256,baseline,2,92,1333.547,2621.085,256
lfm25,C128_O256,baseline,2,111,1303.907,2593.708,256
lfm25,C128_O256,baseline,2,114,1302.695,2590.652,256
lfm25,C128_O256,baseline,2,70,1361.3,2649.503,256
lfm25,C128_O256,baseline,2,54,1379.792,2669.53,256
lfm25,C128_O256,baseline,2,89,1336.031,2625.169,256
lfm25,C128_O256,baseline,2,71,1358.347,2648.749,256
lfm25,C128_O256,baseline,2,60,1374.463,2662.492,256
lfm25,C128_O256,baseline,2,91,1334.308,2622.754,256
lfm25,C128_O256,baseline,2,103,1317.202,2607.708,256
lfm25,C128_O256,baseline,2,118,1292.292,2584.316,256
lfm25,C128_O256,baseline,2,61,1370.746,2661.785,256
lfm25,C128_O256,baseline,2,76,1352.284,2643.981,256
lfm25,C128_O256,baseline,2,65,1365.534,2657.729,256
lfm25,C128_O256,baseline,2,53,1382.144,2672.183,256
lfm25,C128_O256,baseline,2,56,1377.715,2668.699,256
lfm25,C128_O256,baseline,2,122,1287.027,2579.157,256
lfm25,C128_O256,baseline,2,106,1313.791,2604.155,256
lfm25,C128_O256,baseline,2,49,1388.65,2678.176,256
lfm25,C128_O256,baseline,2,85,1338.98,2632.058,256
lfm25,C128_O256,baseline,2,79,1350.22,2640.224,256
lfm25,C128_O256,baseline,2,81,1346.452,2638.128,256
lfm25,C128_O256,baseline,2,104,2699.909,3921.955,256
lfm25,C128_O256,baseline,2,16,2811.977,4037.921,256
lfm25,C128_O256,baseline,2,88,2718.345,3943.827,256
lfm25,C128_O256,baseline,2,112,2684.209,3911.053,256
lfm25,C128_O256,baseline,2,25,2801.435,4026.81,256
lfm25,C128_O256,baseline,2,100,2704.326,3929.504,256
lfm25,C128_O256,baseline,2,47,2768.856,3996.986,256
lfm25,C128_O256,baseline,2,105,2696.745,3923.706,256
lfm25,C128_O256,baseline,2,52,2764.147,3991.614,256
lfm25,C128_O256,baseline,2,86,2721.347,3947.996,256
lfm25,C128_O256,baseline,2,101,2702.035,3929.412,256
lfm25,C128_O256,baseline,2,26,2799.549,4027.09,256
lfm25,C128_O256,baseline,2,87,2721.398,3948.065,256
lfm25,C128_O256,baseline,2,51,2766.521,3994.203,256
lfm25,C128_O256,baseline,2,120,2671.708,3900.702,256
lfm25,C128_O256,baseline,2,63,2749.246,3979.011,256
lfm25,C128_O256,baseline,2,115,2681.896,3911.05,256
lfm25,C128_O256,baseline,2,93,2713.592,3941.482,256
lfm25,C128_O256,baseline,2,83,2723.518,3953.876,256
lfm25,C128_O256,baseline,2,59,2754.971,3984.747,256
lfm25,C128_O256,baseline,2,40,2782.848,4011.053,256
lfm25,C128_O256,baseline,2,94,2712.536,3940.587,256
lfm25,C128_O256,baseline,2,126,2661.967,3892.642,256
lfm25,C128_O256,baseline,2,74,2734.964,3966.473,256
lfm25,C128_O256,baseline,2,116,2681.583,3910.151,256
lfm25,C128_O256,baseline,2,23,2802.547,4034.16,256
lfm25,C128_O256,baseline,2,35,2789.722,4019.374,256
lfm25,C128_O256,baseline,2,77,2733.156,3963.832,256
lfm25,C128_O256,baseline,2,125,2662.244,3894.603,256
lfm25,C128_O256,baseline,2,72,2741.616,3970.788,256
lfm25,C128_O256,baseline,2,110,2688.706,3919.323,256
lfm25,C128_O256,baseline,2,119,2674.356,3905.422,256
lfm25,C128_O256,baseline,2,69,4058.468,5263.752,256
lfm25,C128_O256,baseline,2,121,3986.806,5192.547,256
lfm25,C128_O256,baseline,2,32,4109.263,5313.877,256
lfm25,C128_O256,baseline,2,44,4091.292,5297.166,256
lfm25,C128_O256,baseline,2,24,4121.244,5324.997,256
lfm25,C128_O256,baseline,2,102,4021.355,5223.388,256
lfm25,C128_O256,baseline,2,29,4113.658,5318.644,256
lfm25,C128_O256,baseline,2,127,3977.051,5184.627,256
lfm25,C128_O256,baseline,2,99,4021.011,5228.055,256
lfm25,C128_O256,baseline,2,90,4032.615,5240.612,256
lfm25,C128_O256,baseline,2,67,4062.267,5269.454,256
lfm25,C128_O256,baseline,2,30,4111.134,5318.32,256
lfm25,C128_O256,baseline,2,46,4091.598,5297.26,256
lfm25,C128_O256,baseline,2,78,4046.921,5256.237,256
lfm25,C128_O256,baseline,2,82,4044.262,5251.044,256
lfm25,C128_O256,baseline,2,123,3985.237,5192.142,256
lfm25,C128_O256,baseline,2,109,4006.196,5215.453,256
lfm25,C128_O256,baseline,2,19,4126.859,5334.121,256
lfm25,C128_O256,baseline,2,96,4025.446,5234.081,256
lfm25,C128_O256,baseline,2,98,4021.35,5231.797,256
lfm25,C128_O256,baseline,2,113,4000.679,5210.249,256
lfm25,C128_O256,baseline,2,75,4054.21,5261.664,256
lfm25,C128_O256,baseline,2,22,4125.15,5331.192,256
lfm25,C128_O256,baseline,2,73,4054.236,5265.124,256
lfm25,C128_O256,baseline,2,58,4074.4,5284.007,256
lfm25,C128_O256,baseline,2,68,4062.233,5271.573,256
lfm25,C128_O256,baseline,2,39,4099.071,5310.024,256
lfm25,C128_O256,baseline,2,17,4130.797,5339.107,256
lfm25,C128_O256,baseline,2,107,4009.457,5220.937,256
lfm25,C128_O256,baseline,2,117,3993.725,5204.399,256
lfm25,C128_O256,baseline,2,97,4026.122,5234.925,256
lfm25,C128_O256,baseline,2,62,4069.016,5280.267,256
lfm25,C128_O256,baseline,3,33,96.324,1315.685,256
lfm25,C128_O256,baseline,3,6,121.948,1350.417,256
lfm25,C128_O256,baseline,3,0,76.759,1356.925,256
lfm25,C128_O256,baseline,3,21,111.352,1331.412,256
lfm25,C128_O256,baseline,3,37,91.958,1311.486,256
lfm25,C128_O256,baseline,3,42,84.809,1303.941,256
lfm25,C128_O256,baseline,3,28,102.079,1323.589,256
lfm25,C128_O256,baseline,3,36,94.286,1314.454,256
lfm25,C128_O256,baseline,3,27,103.0,1325.63,256
lfm25,C128_O256,baseline,3,50,74.653,1296.227,256
lfm25,C128_O256,baseline,3,31,98.861,1320.874,256
lfm25,C128_O256,baseline,3,8,118.67,1350.785,256
lfm25,C128_O256,baseline,3,11,113.594,1347.2,256
lfm25,C128_O256,baseline,3,20,113.923,1335.926,256
lfm25,C128_O256,baseline,3,10,117.249,1348.879,256
lfm25,C128_O256,baseline,3,38,91.517,1313.594,256
lfm25,C128_O256,baseline,3,43,82.917,1305.917,256
lfm25,C128_O256,baseline,3,7,120.533,1352.91,256
lfm25,C128_O256,baseline,3,13,112.791,1345.668,256
lfm25,C128_O256,baseline,3,34,95.377,1319.048,256
lfm25,C128_O256,baseline,3,2,124.236,1358.996,256
lfm25,C128_O256,baseline,3,3,124.22,1358.047,256
lfm25,C128_O256,baseline,3,14,110.552,1344.451,256
lfm25,C128_O256,baseline,3,48,75.154,1300.182,256
lfm25,C128_O256,baseline,3,18,115.171,1340.091,256
lfm25,C128_O256,baseline,3,12,113.904,1348.091,256
lfm25,C128_O256,baseline,3,4,123.505,1357.595,256
lfm25,C128_O256,baseline,3,9,118.223,1352.136,256
lfm25,C128_O256,baseline,3,5,121.838,1357.047,256
lfm25,C128_O256,baseline,3,15,109.748,1344.572,256
lfm25,C128_O256,baseline,3,45,79.612,1305.186,256
lfm25,C128_O256,baseline,3,1,127.365,1361.906,256
lfm25,C128_O256,baseline,3,89,1344.816,2625.165,256
lfm25,C128_O256,baseline,3,124,1284.667,2568.412,256
lfm25,C128_O256,baseline,3,111,1312.624,2594.632,256
lfm25,C128_O256,baseline,3,81,1352.783,2637.567,256
lfm25,C128_O256,baseline,3,54,1385.568,2670.096,256
lfm25,C128_O256,baseline,3,70,1366.469,2650.936,256
lfm25,C128_O256,baseline,3,95,1337.609,2620.841,256
lfm25,C128_O256,baseline,3,64,1373.978,2658.871,256
lfm25,C128_O256,baseline,3,80,1354.929,2640.74,256
lfm25,C128_O256,baseline,3,53,1385.925,2673.075,256
lfm25,C128_O256,baseline,3,49,1391.059,2678.128,256
lfm25,C128_O256,baseline,3,57,1381.798,2668.726,256
lfm25,C128_O256,baseline,3,65,1373.149,2659.11,256
lfm25,C128_O256,baseline,3,84,1351.351,2636.782,256
lfm25,C128_O256,baseline,3,60,1379.017,2665.763,256
lfm25,C128_O256,baseline,3,92,1341.433,2627.73,256
lfm25,C128_O256,baseline,3,55,1385.556,2672.056,256
lfm25,C128_O256,baseline,3,114,1302.762,2591.345,256
lfm25,C128_O256,baseline,3,108,1314.146,2602.714,256
lfm25,C128_O256,baseline,3,106,1319.453,2607.505,256
lfm25,C128_O256,baseline,3,122,1290.614,2577.973,256
lfm25,C128_O256,baseline,3,103,1324.835,2613.02,256
lfm25,C128_O256,baseline,3,85,1350.097,2636.741,256
lfm25,C128_O256,baseline,3,91,1341.36,2629.62,256
lfm25,C128_O256,baseline,3,61,1377.051,2665.501,256
lfm25,C128_O256,baseline,3,118,1299.619,2586.891,256
lfm25,C128_O256,baseline,3,66,1370.036,2659.97,256
lfm25,C128_O256,baseline,3,41,1402.057,2690.172,256
lfm25,C128_O256,baseline,3,56,1384.37,2672.241,256
lfm25,C128_O256,baseline,3,71,1365.458,2654.069,256
lfm25,C128_O256,baseline,3,76,1360.874,2648.918,256
lfm25,C128_O256,baseline,3,79,1357.025,2645.333,256
lfm25,C128_O256,baseline,3,104,2700.484,3925.972,256
lfm25,C128_O256,baseline,3,119,2673.676,3899.602,256
lfm25,C128_O256,baseline,3,63,2751.215,3977.915,256
lfm25,C128_O256,baseline,3,16,2813.522,4038.306,256
lfm25,C128_O256,baseline,3,105,2702.019,3926.759,256
lfm25,C128_O256,baseline,3,74,2739.19,3966.959,256
lfm25,C128_O256,baseline,3,93,2716.759,3943.463,256
lfm25,C128_O256,baseline,3,112,2686.749,3913.758,256
lfm25,C128_O256,baseline,3,86,2724.545,3953.119,256
lfm25,C128_O256,baseline,3,52,2765.78,3993.792,256
lfm25,C128_O256,baseline,3,23,2804.497,4031.665,256
lfm25,C128_O256,baseline,3,101,2706.828,3934.799,256
lfm25,C128_O256,baseline,3,25,2803.283,4029.638,256
lfm25,C128_O256,baseline,3,100,2710.069,3936.209,256
lfm25,C128_O256,baseline,3,77,2735.688,3964.828,256
lfm25,C128_O256,baseline,3,126,2661.29,3889.027,256
lfm25,C128_O256,baseline,3,59,2761.361,3986.532,256
lfm25,C128_O256,baseline,3,94,2717.698,3944.658,256
lfm25,C128_O256,baseline,3,125,2660.29,3890.719,256
lfm25,C128_O256,baseline,3,115,2680.293,3909.136,256
lfm25,C128_O256,baseline,3,87,2725.193,3954.062,256
lfm25,C128_O256,baseline,3,51,2768.95,3997.242,256
lfm25,C128_O256,baseline,3,110,2690.389,3920.385,256
lfm25,C128_O256,baseline,3,72,2743.761,3971.519,256
lfm25,C128_O256,baseline,3,47,2773.618,4001.771,256
lfm25,C128_O256,baseline,3,120,2671.588,3902.548,256
lfm25,C128_O256,baseline,3,35,2790.485,4019.421,256
lfm25,C128_O256,baseline,3,26,2799.516,4030.459,256
lfm25,C128_O256,baseline,3,88,2723.301,3953.339,256
lfm25,C128_O256,baseline,3,40,2783.527,4013.295,256
lfm25,C128_O256,baseline,3,83,2728.47,3960.373,256
lfm25,C128_O256,baseline,3,116,2677.738,3909.645,256
lfm25,C128_O256,baseline,3,19,4124.569,5328.184,256
lfm25,C128_O256,baseline,3,102,4020.823,5225.301,256
lfm25,C128_O256,baseline,3,69,4059.76,5265.702,256
lfm25,C128_O256,baseline,3,121,3987.131,5190.541,256
lfm25,C128_O256,baseline,3,109,4009.429,5213.591,256
lfm25,C128_O256,baseline,3,67,4062.473,5269.719,256
lfm25,C128_O256,baseline,3,98,4024.697,5232.282,256
lfm25,C128_O256,baseline,3,32,4109.103,5314.466,256
lfm25,C128_O256,baseline,3,75,4053.573,5261.578,256
lfm25,C128_O256,baseline,3,73,4057.549,5264.074,256
lfm25,C128_O256,baseline,3,22,4121.042,5329.303,256
lfm25,C128_O256,baseline,3,44,4091.388,5299.155,256
lfm25,C128_O256,baseline,3,24,4116.778,5326.168,256
lfm25,C128_O256,baseline,3,17,4126.252,5335.163,256
lfm25,C128_O256,baseline,3,62,4068.111,5277.886,256
lfm25,C128_O256,baseline,3,90,4035.881,5244.796,256
lfm25,C128_O256,baseline,3,113,3999.289,5209.069,256
lfm25,C128_O256,baseline,3,58,4075.949,5283.468,256
lfm25,C128_O256,baseline,3,68,4062.734,5271.824,256
lfm25,C128_O256,baseline,3,127,3974.148,5183.825,256
lfm25,C128_O256,baseline,3,99,4025.721,5234.358,256
lfm25,C128_O256,baseline,3,97,4029.67,5237.226,256
lfm25,C128_O256,baseline,3,107,4012.944,5222.209,256
lfm25,C128_O256,baseline,3,82,4045.491,5256.207,256
lfm25,C128_O256,baseline,3,30,4108.728,5320.791,256
lfm25,C128_O256,baseline,3,39,4099.092,5310.185,256
lfm25,C128_O256,baseline,3,117,3994.541,5204.453,256
lfm25,C128_O256,baseline,3,96,4029.032,5239.443,256
lfm25,C128_O256,baseline,3,123,3983.027,5191.691,256
lfm25,C128_O256,baseline,3,46,4090.559,5300.799,256
lfm25,C128_O256,baseline,3,78,4050.31,5262.116,256
lfm25,C128_O256,baseline,3,29,4113.079,5323.329,256
lfm25,C64_O512,baseline,3,37,107.731,2532.498,512
lfm25,C64_O512,baseline,3,14,126.848,2564.669,512
lfm25,C64_O512,baseline,3,2,140.183,2579.044,512
lfm25,C64_O512,baseline,3,13,128.109,2567.994,512
lfm25,C64_O512,baseline,3,27,119.453,2549.006,512
lfm25,C64_O512,baseline,3,23,125.206,2554.867,512
lfm25,C64_O512,baseline,3,28,120.271,2548.742,512
lfm25,C64_O512,baseline,3,8,133.672,2573.723,512
lfm25,C64_O512,baseline,3,12,128.944,2569.88,512
lfm25,C64_O512,baseline,3,16,134.376,2565.271,512
lfm25,C64_O512,baseline,3,20,129.076,2560.9,512
lfm25,C64_O512,baseline,3,11,131.623,2572.583,512
lfm25,C64_O512,baseline,3,41,100.154,2532.317,512
lfm25,C64_O512,baseline,3,0,119.457,2584.408,512
lfm25,C64_O512,baseline,3,4,137.599,2579.997,512
lfm25,C64_O512,baseline,3,6,135.463,2578.548,512
lfm25,C64_O512,baseline,3,43,97.194,2531.06,512
lfm25,C64_O512,baseline,3,31,114.249,2547.895,512
lfm25,C64_O512,baseline,3,18,132.946,2565.796,512
lfm25,C64_O512,baseline,3,5,137.757,2580.557,512
lfm25,C64_O512,baseline,3,21,127.561,2561.67,512
lfm25,C64_O512,baseline,3,9,132.388,2576.764,512
lfm25,C64_O512,baseline,3,42,99.071,2533.421,512
lfm25,C64_O512,baseline,3,25,123.653,2557.232,512
lfm25,C64_O512,baseline,3,10,130.678,2576.877,512
lfm25,C64_O512,baseline,3,7,134.212,2580.471,512
lfm25,C64_O512,baseline,3,3,139.462,2585.073,512
lfm25,C64_O512,baseline,3,36,108.707,2544.637,512
lfm25,C64_O512,baseline,3,34,112.77,2547.537,512
lfm25,C64_O512,baseline,3,38,107.14,2542.258,512
lfm25,C64_O512,baseline,3,1,141.867,2587.957,512
lfm25,C64_O512,baseline,3,33,112.052,2549.452,512
lfm25,C64_O512,baseline,3,61,2534.159,5029.977,512
lfm25,C64_O512,baseline,3,53,2543.575,5041.699,512
lfm25,C64_O512,baseline,3,55,2541.623,5039.978,512
lfm25,C64_O512,baseline,3,17,2653.47,5153.348,512
lfm25,C64_O512,baseline,3,49,2547.446,5048.631,512
lfm25,C64_O512,baseline,3,62,2533.112,5033.021,512
lfm25,C64_O512,baseline,3,48,2548.973,5050.02,512
lfm25,C64_O512,baseline,3,45,2614.992,5117.725,512
lfm25,C64_O512,baseline,3,51,2547.486,5047.334,512
lfm25,C64_O512,baseline,3,40,2626.856,5125.481,512
lfm25,C64_O512,baseline,3,35,2631.547,5132.223,512
lfm25,C64_O512,baseline,3,57,2539.361,5042.059,512
lfm25,C64_O512,baseline,3,60,2533.099,5038.11,512
lfm25,C64_O512,baseline,3,24,2644.304,5148.031,512
lfm25,C64_O512,baseline,3,29,2638.047,5142.439,512
lfm25,C64_O512,baseline,3,19,2650.628,5156.345,512
lfm25,C64_O512,baseline,3,58,2537.478,5042.386,512
lfm25,C64_O512,baseline,3,56,2540.518,5045.278,512
lfm25,C64_O512,baseline,3,44,2619.932,5123.315,512
lfm25,C64_O512,baseline,3,30,2640.209,5143.419,512
lfm25,C64_O512,baseline,3,46,2551.682,5057.886,512
lfm25,C64_O512,baseline,3,54,2542.796,5049.513,512
lfm25,C64_O512,baseline,3,39,2627.474,5131.923,512
lfm25,C64_O512,baseline,3,26,2642.786,5148.449,512
lfm25,C64_O512,baseline,3,22,2646.219,5154.52,512
lfm25,C64_O512,baseline,3,32,2634.837,5141.735,512
lfm25,C64_O512,baseline,3,50,2548.534,5054.596,512
lfm25,C64_O512,baseline,3,63,2531.184,5037.643,512
lfm25,C64_O512,baseline,3,47,2549.6,5057.902,512
lfm25,C64_O512,baseline,3,52,2544.503,5052.697,512
lfm25,C64_O512,baseline,3,59,2535.69,5044.771,512
lfm25,C64_O512,baseline,3,15,2659.037,5164.945,512
lfm25,C64_O512,baseline,4,15,107.651,2581.1,512
lfm25,C64_O512,baseline,4,4,123.123,2596.036,512
lfm25,C64_O512,baseline,4,16,107.809,2580.755,512
lfm25,C64_O512,baseline,4,50,71.801,2538.574,512
lfm25,C64_O512,baseline,4,1,126.491,2601.096,512
lfm25,C64_O512,baseline,4,12,112.51,2588.3,512
lfm25,C64_O512,baseline,4,20,111.816,2578.619,512
lfm25,C64_O512,baseline,4,0,78.629,2603.598,512
lfm25,C64_O512,baseline,4,31,97.369,2565.118,512
lfm25,C64_O512,baseline,4,37,89.632,2557.98,512
lfm25,C64_O512,baseline,4,9,117.233,2593.9,512
lfm25,C64_O512,baseline,4,38,87.693,2556.894,512
lfm25,C64_O512,baseline,4,10,115.456,2592.923,512
lfm25,C64_O512,baseline,4,13,111.964,2589.351,512
lfm25,C64_O512,baseline,4,7,119.428,2597.502,512
lfm25,C64_O512,baseline,4,6,120.724,2598.649,512
lfm25,C64_O512,baseline,4,36,90.683,2560.374,512
lfm25,C64_O512,baseline,4,48,74.726,2544.184,512
lfm25,C64_O512,baseline,4,27,102.611,2572.703,512
lfm25,C64_O512,baseline,4,14,110.674,2589.539,512
lfm25,C64_O512,baseline,4,28,101.926,2572.702,512
lfm25,C64_O512,baseline,4,21,110.646,2581.137,512
lfm25,C64_O512,baseline,4,11,114.187,2594.518,512
lfm25,C64_O512,baseline,4,2,124.02,2604.735,512
lfm25,C64_O512,baseline,4,3,123.204,2604.332,512
lfm25,C64_O512,baseline,4,8,117.264,2598.357,512
lfm25,C64_O512,baseline,4,45,77.936,2550.368,512
lfm25,C64_O512,baseline,4,42,81.673,2553.883,512
lfm25,C64_O512,baseline,4,5,121.45,2602.507,512
lfm25,C64_O512,baseline,4,43,80.301,2553.193,512
lfm25,C64_O512,baseline,4,18,114.682,2587.688,512
lfm25,C64_O512,baseline,4,33,94.685,2567.479,512
lfm25,C64_O512,baseline,4,34,2646.684,5117.015,512
lfm25,C64_O512,baseline,4,54,2624.108,5091.463,512
lfm25,C64_O512,baseline,4,58,2618.969,5086.558,512
lfm25,C64_O512,baseline,4,62,2610.699,5082.104,512
lfm25,C64_O512,baseline,4,46,2636.247,5103.886,512
lfm25,C64_O512,baseline,4,47,2630.496,5103.136,512
lfm25,C64_O512,baseline,4,59,2615.547,5089.511,512
lfm25,C64_O512,baseline,4,30,2654.516,5128.38,512
lfm25,C64_O512,baseline,4,63,2612.595,5085.009,512
lfm25,C64_O512,baseline,4,61,2613.784,5087.548,512
lfm25,C64_O512,baseline,4,60,2614.057,5088.689,512
lfm25,C64_O512,baseline,4,23,2661.117,5137.277,512
lfm25,C64_O512,baseline,4,25,2659.191,5135.268,512
lfm25,C64_O512,baseline,4,22,2663.133,5139.324,512
lfm25,C64_O512,baseline,4,26,2660.172,5134.349,512
lfm25,C64_O512,baseline,4,56,2620.397,5095.311,512
lfm25,C64_O512,baseline,4,19,2672.055,5144.164,512
lfm25,C64_O512,baseline,4,35,2648.343,5123.308,512
lfm25,C64_O512,baseline,4,53,2622.781,5099.887,512
lfm25,C64_O512,baseline,4,40,2639.989,5117.364,512
lfm25,C64_O512,baseline,4,17,2669.057,5147.233,512
lfm25,C64_O512,baseline,4,55,2624.492,5098.15,512
lfm25,C64_O512,baseline,4,44,2637.375,5111.976,512
lfm25,C64_O512,baseline,4,57,2618.873,5096.356,512
lfm25,C64_O512,baseline,4,41,2638.917,5117.538,512
lfm25,C64_O512,baseline,4,24,2661.145,5139.523,512
lfm25,C64_O512,baseline,4,39,2642.502,5120.548,512
lfm25,C64_O512,baseline,4,51,2628.261,5104.216,512
lfm25,C64_O512,baseline,4,52,2626.278,5103.398,512
lfm25,C64_O512,baseline,4,29,2655.522,5134.142,512
lfm25,C64_O512,baseline,4,49,2630.111,5107.759,512
lfm25,C64_O512,baseline,4,32,2651.407,5130.114,512
lfm25,C128_O256,baseline,4,21,122.753,1315.376,256
lfm25,C128_O256,baseline,4,11,119.632,1330.057,256
lfm25,C128_O256,baseline,4,33,108.681,1304.161,256
lfm25,C128_O256,baseline,4,9,120.487,1333.907,256
lfm25,C128_O256,baseline,4,1,135.509,1343.984,256
lfm25,C128_O256,baseline,4,42,94.178,1290.527,256
lfm25,C128_O256,baseline,4,8,123.718,1336.3,256
lfm25,C128_O256,baseline,4,6,124.245,1338.675,256
lfm25,C128_O256,baseline,4,37,103.943,1300.443,256
lfm25,C128_O256,baseline,4,45,90.381,1287.525,256
lfm25,C128_O256,baseline,4,43,92.668,1289.959,256
lfm25,C128_O256,baseline,4,13,119.404,1330.916,256
lfm25,C128_O256,baseline,4,15,112.39,1328.682,256
lfm25,C128_O256,baseline,4,18,127.097,1324.819,256
lfm25,C128_O256,baseline,4,14,118.133,1330.417,256
lfm25,C128_O256,baseline,4,27,118.581,1314.221,256
lfm25,C128_O256,baseline,4,0,74.958,1347.323,256
lfm25,C128_O256,baseline,4,48,89.479,1285.687,256
lfm25,C128_O256,baseline,4,7,125.99,1340.498,256
lfm25,C128_O256,baseline,4,3,131.935,1344.874,256
lfm25,C128_O256,baseline,4,41,99.01,1296.835,256
lfm25,C128_O256,baseline,4,36,104.941,1303.748,256
lfm25,C128_O256,baseline,4,4,128.031,1344.099,256
lfm25,C128_O256,baseline,4,28,114.925,1314.248,256
lfm25,C128_O256,baseline,4,12,118.136,1334.618,256
lfm25,C128_O256,baseline,4,38,108.08,1302.32,256
lfm25,C128_O256,baseline,4,34,107.497,1308.151,256
lfm25,C128_O256,baseline,4,10,118.776,1337.461,256
lfm25,C128_O256,baseline,4,31,114.826,1311.502,256
lfm25,C128_O256,baseline,4,20,123.935,1324.789,256
lfm25,C128_O256,baseline,4,2,130.322,1347.475,256
lfm25,C128_O256,baseline,4,5,124.902,1344.267,256
lfm25,C128_O256,baseline,4,89,1328.441,2611.043,256
lfm25,C128_O256,baseline,4,61,1363.094,2646.653,256
lfm25,C128_O256,baseline,4,76,1342.492,2629.253,256
lfm25,C128_O256,baseline,4,85,1331.434,2618.277,256
lfm25,C128_O256,baseline,4,71,1351.94,2636.179,256
lfm25,C128_O256,baseline,4,91,1323.4,2610.607,256
lfm25,C128_O256,baseline,4,114,1294.501,2580.226,256
lfm25,C128_O256,baseline,4,111,1296.813,2584.388,256
lfm25,C128_O256,baseline,4,56,1365.996,2654.528,256
lfm25,C128_O256,baseline,4,92,1322.428,2609.862,256
lfm25,C128_O256,baseline,4,53,1370.425,2658.218,256
lfm25,C128_O256,baseline,4,64,1358.262,2646.469,256
lfm25,C128_O256,baseline,4,66,1354.568,2643.876,256
lfm25,C128_O256,baseline,4,95,1319.805,2608.034,256
lfm25,C128_O256,baseline,4,55,1370.45,2657.139,256
lfm25,C128_O256,baseline,4,108,1299.863,2589.44,256
lfm25,C128_O256,baseline,4,106,1302.136,2591.577,256
lfm25,C128_O256,baseline,4,122,1278.368,2568.252,256
lfm25,C128_O256,baseline,4,118,1285.154,2575.588,256
lfm25,C128_O256,baseline,4,81,1337.416,2626.707,256
lfm25,C128_O256,baseline,4,80,1339.987,2627.906,256
lfm25,C128_O256,baseline,4,124,1273.874,2563.41,256
lfm25,C128_O256,baseline,4,65,1357.988,2647.123,256
lfm25,C128_O256,baseline,4,79,1339.399,2629.985,256
lfm25,C128_O256,baseline,4,70,1352.392,2641.17,256
lfm25,C128_O256,baseline,4,50,1375.692,2665.508,256
lfm25,C128_O256,baseline,4,84,1333.734,2624.251,256
lfm25,C128_O256,baseline,4,54,1371.564,2660.647,256
lfm25,C128_O256,baseline,4,49,1375.972,2667.608,256
lfm25,C128_O256,baseline,4,57,1368.122,2657.322,256
lfm25,C128_O256,baseline,4,103,1306.928,2597.786,256
lfm25,C128_O256,baseline,4,60,1363.474,2653.691,256
lfm25,C128_O256,baseline,4,112,2674.905,3903.061,256
lfm25,C128_O256,baseline,4,126,2651.386,3878.36,256
lfm25,C128_O256,baseline,4,26,2788.601,4017.727,256
lfm25,C128_O256,baseline,4,104,2682.463,3913.575,256
lfm25,C128_O256,baseline,4,116,2668.149,3899.682,256
lfm25,C128_O256,baseline,4,101,2690.086,3920.44,256
lfm25,C128_O256,baseline,4,52,2750.068,3982.78,256
lfm25,C128_O256,baseline,4,120,2659.724,3892.363,256
lfm25,C128_O256,baseline,4,35,2776.025,4008.083,256
lfm25,C128_O256,baseline,4,105,2681.839,3914.35,256
lfm25,C128_O256,baseline,4,25,2790.411,4021.463,256
lfm25,C128_O256,baseline,4,72,2727.561,3959.798,256
lfm25,C128_O256,baseline,4,86,2711.853,3942.444,256
lfm25,C128_O256,baseline,4,93,2702.526,3932.983,256
lfm25,C128_O256,baseline,4,110,2676.409,3909.7,256
lfm25,C128_O256,baseline,4,47,2758.328,3990.611,256
lfm25,C128_O256,baseline,4,87,2710.168,3941.302,256
lfm25,C128_O256,baseline,4,59,2743.274,3975.579,256
lfm25,C128_O256,baseline,4,100,2690.485,3924.767,256
lfm25,C128_O256,baseline,4,16,2798.524,4032.846,256
lfm25,C128_O256,baseline,4,90,2705.131,3938.592,256
lfm25,C128_O256,baseline,4,115,2671.412,3905.07,256
lfm25,C128_O256,baseline,4,51,2755.169,3986.739,256
lfm25,C128_O256,baseline,4,125,2650.439,3885.278,256
lfm25,C128_O256,baseline,4,74,2724.061,3959.437,256
lfm25,C128_O256,baseline,4,40,2768.933,4003.764,256
lfm25,C128_O256,baseline,4,94,2701.077,3934.017,256
lfm25,C128_O256,baseline,4,23,2790.279,4025.283,256
lfm25,C128_O256,baseline,4,83,2713.875,3948.847,256
lfm25,C128_O256,baseline,4,77,2722.575,3956.408,256
lfm25,C128_O256,baseline,4,63,2739.523,3973.386,256
lfm25,C128_O256,baseline,4,119,2662.579,3897.59,256
lfm25,C128_O256,baseline,4,24,4110.471,5309.442,256
lfm25,C128_O256,baseline,4,69,4051.762,5250.655,256
lfm25,C128_O256,baseline,4,107,3999.706,5200.725,256
lfm25,C128_O256,baseline,4,30,4101.399,5303.137,256
lfm25,C128_O256,baseline,4,68,4053.033,5253.118,256
lfm25,C128_O256,baseline,4,75,4046.102,5245.427,256
lfm25,C128_O256,baseline,4,109,3998.597,5199.854,256
lfm25,C128_O256,baseline,4,123,3975.127,5177.402,256
lfm25,C128_O256,baseline,4,99,4015.739,5215.687,256
lfm25,C128_O256,baseline,4,29,4105.957,5306.439,256
lfm25,C128_O256,baseline,4,32,4101.6,5302.814,256
lfm25,C128_O256,baseline,4,82,4034.31,5237.749,256
lfm25,C128_O256,baseline,4,96,4019.552,5220.515,256
lfm25,C128_O256,baseline,4,73,4046.672,5249.297,256
lfm25,C128_O256,baseline,4,113,3994.084,5197.428,256
lfm25,C128_O256,baseline,4,22,4112.731,5315.213,256
lfm25,C128_O256,baseline,4,62,4061.627,5262.876,256
lfm25,C128_O256,baseline,4,127,3968.607,5171.158,256
lfm25,C128_O256,baseline,4,17,4117.985,5322.325,256
lfm25,C128_O256,baseline,4,19,4117.41,5319.587,256
lfm25,C128_O256,baseline,4,98,4013.424,5218.559,256
lfm25,C128_O256,baseline,4,88,4027.273,5231.061,256
lfm25,C128_O256,baseline,4,78,4039.598,5244.94,256
lfm25,C128_O256,baseline,4,117,3987.425,5193.408,256
lfm25,C128_O256,baseline,4,44,4083.347,5286.821,256
lfm25,C128_O256,baseline,4,46,4080.32,5284.221,256
lfm25,C128_O256,baseline,4,121,3979.747,5185.175,256
lfm25,C128_O256,baseline,4,39,4091.599,5296.834,256
lfm25,C128_O256,baseline,4,102,4007.355,5213.53,256
lfm25,C128_O256,baseline,4,67,4054.77,5259.422,256
lfm25,C128_O256,baseline,4,97,4014.811,5221.753,256
lfm25,C128_O256,baseline,4,58,4062.592,5269.767,256
lfm25,C128_O256,baseline,5,20,127.78,1326.743,256
lfm25,C128_O256,baseline,5,27,122.788,1319.048,256
lfm25,C128_O256,baseline,5,41,100.053,1300.916,256
lfm25,C128_O256,baseline,5,31,115.454,1314.349,256
lfm25,C128_O256,baseline,5,36,107.811,1307.944,256
lfm25,C128_O256,baseline,5,14,126.384,1337.194,256
lfm25,C128_O256,baseline,5,11,126.62,1340.945,256
lfm25,C128_O256,baseline,5,48,91.759,1294.273,256
lfm25,C128_O256,baseline,5,16,133.305,1336.181,256
lfm25,C128_O256,baseline,5,13,125.56,1340.047,256
lfm25,C128_O256,baseline,5,28,119.298,1321.527,256
lfm25,C128_O256,baseline,5,43,99.402,1301.808,256
lfm25,C128_O256,baseline,5,21,129.444,1331.034,256
lfm25,C128_O256,baseline,5,12,125.482,1341.473,256
lfm25,C128_O256,baseline,5,6,135.329,1347.932,256
lfm25,C128_O256,baseline,5,18,130.6,1334.564,256
lfm25,C128_O256,baseline,5,9,128.479,1345.213,256
lfm25,C128_O256,baseline,5,10,129.695,1344.319,256
lfm25,C128_O256,baseline,5,37,105.417,1310.154,256
lfm25,C128_O256,baseline,5,33,113.403,1315.231,256
lfm25,C128_O256,baseline,5,45,95.065,1300.251,256
lfm25,C128_O256,baseline,5,5,135.3,1349.951,256
lfm25,C128_O256,baseline,5,8,132.03,1347.258,256
lfm25,C128_O256,baseline,5,2,138.951,1353.525,256
lfm25,C128_O256,baseline,5,38,106.432,1309.928,256
lfm25,C128_O256,baseline,5,34,108.933,1314.688,256
lfm25,C128_O256,baseline,5,4,133.634,1351.66,256
lfm25,C128_O256,baseline,5,7,132.933,1348.95,256
lfm25,C128_O256,baseline,5,0,83.631,1356.133,256
lfm25,C128_O256,baseline,5,1,139.468,1355.119,256
lfm25,C128_O256,baseline,5,42,99.091,1305.149,256
lfm25,C128_O256,baseline,5,3,136.19,1353.746,256
lfm25,C128_O256,baseline,5,95,1324.813,2610.635,256
lfm25,C128_O256,baseline,5,71,1361.203,2645.541,256
lfm25,C128_O256,baseline,5,111,1304.342,2590.211,256
lfm25,C128_O256,baseline,5,55,1380.552,2666.07,256
lfm25,C128_O256,baseline,5,66,1366.024,2652.031,256
lfm25,C128_O256,baseline,5,118,1293.372,2580.936,256
lfm25,C128_O256,baseline,5,61,1373.209,2659.333,256
lfm25,C128_O256,baseline,5,122,1286.069,2574.175,256
lfm25,C128_O256,baseline,5,49,1388.842,2675.673,256
lfm25,C128_O256,baseline,5,108,1309.585,2597.222,256
lfm25,C128_O256,baseline,5,84,1344.056,2630.37,256
lfm25,C128_O256,baseline,5,114,1301.814,2589.305,256
lfm25,C128_O256,baseline,5,70,1359.812,2649.51,256
lfm25,C128_O256,baseline,5,92,1329.802,2619.708,256
lfm25,C128_O256,baseline,5,64,1369.642,2657.344,256
lfm25,C128_O256,baseline,5,80,1347.056,2635.998,256
lfm25,C128_O256,baseline,5,79,1349.008,2637.941,256
lfm25,C128_O256,baseline,5,106,1313.873,2601.926,256
lfm25,C128_O256,baseline,5,56,1378.611,2668.42,256
lfm25,C128_O256,baseline,5,57,1377.895,2667.276,256
lfm25,C128_O256,baseline,5,53,1383.713,2671.993,256
lfm25,C128_O256,baseline,5,89,1336.301,2625.73,256
lfm25,C128_O256,baseline,5,85,1342.091,2630.61,256
lfm25,C128_O256,baseline,5,65,1368.254,2657.891,256
lfm25,C128_O256,baseline,5,81,1345.216,2636.596,256
lfm25,C128_O256,baseline,5,60,1373.622,2663.788,256
lfm25,C128_O256,baseline,5,54,1382.322,2671.712,256
lfm25,C128_O256,baseline,5,91,1333.318,2623.412,256
lfm25,C128_O256,baseline,5,103,1315.38,2607.334,256
lfm25,C128_O256,baseline,5,76,1353.61,2644.151,256
lfm25,C128_O256,baseline,5,124,1283.784,2575.805,256
lfm25,C128_O256,baseline,5,50,1386.338,2678.15,256
lfm25,C128_O256,baseline,5,115,2681.765,3908.426,256
lfm25,C128_O256,baseline,5,120,2672.878,3900.354,256
lfm25,C128_O256,baseline,5,74,2734.509,3964.817,256
lfm25,C128_O256,baseline,5,112,2682.846,3913.172,256
lfm25,C128_O256,baseline,5,47,2771.455,4000.288,256
lfm25,C128_O256,baseline,5,63,2749.319,3980.286,256
lfm25,C128_O256,baseline,5,105,2695.243,3924.826,256
lfm25,C128_O256,baseline,5,93,2710.68,3941.246,256
lfm25,C128_O256,baseline,5,100,2701.697,3931.734,256
lfm25,C128_O256,baseline,5,116,2680.271,3910.29,256
lfm25,C128_O256,baseline,5,88,2718.735,3948.866,256
lfm25,C128_O256,baseline,5,25,2798.948,4031.117,256
lfm25,C128_O256,baseline,5,86,2719.434,3951.67,256
lfm25,C128_O256,baseline,5,77,2732.873,3963.98,256
lfm25,C128_O256,baseline,5,72,2738.665,3970.574,256
lfm25,C128_O256,baseline,5,26,2796.733,4030.125,256
lfm25,C128_O256,baseline,5,35,2785.525,4017.803,256
lfm25,C128_O256,baseline,5,110,2685.764,3918.58,256
lfm25,C128_O256,baseline,5,126,2660.068,3891.913,256
lfm25,C128_O256,baseline,5,90,2713.537,3946.844,256
lfm25,C128_O256,baseline,5,51,2765.814,3997.608,256
lfm25,C128_O256,baseline,5,101,2698.92,3931.979,256
lfm25,C128_O256,baseline,5,125,2664.083,3896.278,256
lfm25,C128_O256,baseline,5,59,2755.388,3988.096,256
lfm25,C128_O256,baseline,5,87,2718.141,3952.502,256
lfm25,C128_O256,baseline,5,83,2723.537,3956.872,256
lfm25,C128_O256,baseline,5,23,2802.322,4036.215,256
lfm25,C128_O256,baseline,5,104,2695.804,3929.296,256
lfm25,C128_O256,baseline,5,40,2779.705,4013.245,256
lfm25,C128_O256,baseline,5,52,2763.438,3997.655,256
lfm25,C128_O256,baseline,5,119,2674.532,3907.894,256
lfm25,C128_O256,baseline,5,94,2709.686,3943.636,256
lfm25,C128_O256,baseline,5,107,4014.684,5212.565,256
lfm25,C128_O256,baseline,5,62,4074.116,5272.647,256
lfm25,C128_O256,baseline,5,78,4051.97,5252.937,256
lfm25,C128_O256,baseline,5,96,4028.803,5227.265,256
lfm25,C128_O256,baseline,5,69,4067.4,5265.042,256
lfm25,C128_O256,baseline,5,109,4011.84,5211.499,256
lfm25,C128_O256,baseline,5,82,4047.059,5248.442,256
lfm25,C128_O256,baseline,5,24,4122.194,5324.579,256
lfm25,C128_O256,baseline,5,32,4114.057,5313.311,256
lfm25,C128_O256,baseline,5,73,4057.531,5260.314,256
lfm25,C128_O256,baseline,5,58,4078.023,5279.881,256
lfm25,C128_O256,baseline,5,29,4117.685,5317.949,256
lfm25,C128_O256,baseline,5,17,4130.851,5333.827,256
lfm25,C128_O256,baseline,5,68,4064.02,5267.671,256
lfm25,C128_O256,baseline,5,19,4129.05,5331.785,256
lfm25,C128_O256,baseline,5,113,4006.797,5207.197,256
lfm25,C128_O256,baseline,5,99,4025.035,5226.519,256
lfm25,C128_O256,baseline,5,30,4113.48,5317.307,256
lfm25,C128_O256,baseline,5,117,3998.211,5202.215,256
lfm25,C128_O256,baseline,5,98,4025.223,5228.074,256
lfm25,C128_O256,baseline,5,22,4127.294,5330.137,256
lfm25,C128_O256,baseline,5,75,4055.783,5259.892,256
lfm25,C128_O256,baseline,5,97,4025.78,5229.688,256
lfm25,C128_O256,baseline,5,15,4136.317,5337.679,256
lfm25,C128_O256,baseline,5,123,3987.342,5191.664,256
lfm25,C128_O256,baseline,5,102,4020.789,5223.595,256
lfm25,C128_O256,baseline,5,39,4103.191,5307.396,256
lfm25,C128_O256,baseline,5,127,3982.071,5185.197,256
lfm25,C128_O256,baseline,5,121,3990.623,5196.292,256
lfm25,C128_O256,baseline,5,46,4093.315,5298.698,256
lfm25,C128_O256,baseline,5,44,4098.378,5301.172,256
lfm25,C128_O256,baseline,5,67,4067.848,5272.116,256
lfm25,C64_O512,baseline,5,57,89.497,2537.728,512
lfm25,C64_O512,baseline,5,13,141.455,2596.774,512
lfm25,C64_O512,baseline,5,27,128.621,2578.582,512
lfm25,C64_O512,baseline,5,15,138.576,2595.233,512
lfm25,C64_O512,baseline,5,5,150.641,2608.089,512
lfm25,C64_O512,baseline,5,37,116.507,2567.509,512
lfm25,C64_O512,baseline,5,42,109.533,2561.165,512
lfm25,C64_O512,baseline,5,36,117.448,2569.694,512
lfm25,C64_O512,baseline,5,14,139.845,2598.463,512
lfm25,C64_O512,baseline,5,54,92.807,2546.455,512
lfm25,C64_O512,baseline,5,18,136.185,2595.84,512
lfm25,C64_O512,baseline,5,31,124.051,2577.748,512
lfm25,C64_O512,baseline,5,16,137.576,2598.103,512
lfm25,C64_O512,baseline,5,45,105.873,2559.889,512
lfm25,C64_O512,baseline,5,7,149.549,2609.845,512
lfm25,C64_O512,baseline,5,60,86.622,2540.919,512
lfm25,C64_O512,baseline,5,11,144.243,2604.966,512
lfm25,C64_O512,baseline,5,0,156.675,2618.27,512
lfm25,C64_O512,baseline,5,12,142.345,2604.316,512
lfm25,C64_O512,baseline,5,19,134.553,2595.647,512
lfm25,C64_O512,baseline,5,4,153.304,2614.347,512
lfm25,C64_O512,baseline,5,17,137.615,2599.547,512
lfm25,C64_O512,baseline,5,1,94.513,2618.408,512
lfm25,C64_O512,baseline,5,21,137.752,2594.497,512
lfm25,C64_O512,baseline,5,3,154.085,2617.426,512
lfm25,C64_O512,baseline,5,10,144.788,2608.365,512
lfm25,C64_O512,baseline,5,9,145.707,2609.91,512
lfm25,C64_O512,baseline,5,28,127.561,2585.479,512
lfm25,C64_O512,baseline,5,6,150.688,2614.036,512
lfm25,C64_O512,baseline,5,8,149.188,2612.293,512
lfm25,C64_O512,baseline,5,2,155.301,2618.774,512
lfm25,C64_O512,baseline,5,20,133.611,2597.119,512
lfm25,C64_O512,baseline,5,44,2646.865,5133.701,512
lfm25,C64_O512,baseline,5,32,2662.29,5150.342,512
lfm25,C64_O512,baseline,5,55,2635.516,5120.177,512
lfm25,C64_O512,baseline,5,48,2643.968,5129.909,512
lfm25,C64_O512,baseline,5,41,2652.169,5138.959,512
lfm25,C64_O512,baseline,5,49,2640.703,5129.705,512
lfm25,C64_O512,baseline,5,58,2630.278,5119.172,512
lfm25,C64_O512,baseline,5,50,2637.295,5128.808,512
lfm25,C64_O512,baseline,5,51,2638.933,5127.574,512
lfm25,C64_O512,baseline,5,23,2679.435,5166.175,512
lfm25,C64_O512,baseline,5,40,2651.241,5142.832,512
lfm25,C64_O512,baseline,5,46,2645.82,5134.916,512
lfm25,C64_O512,baseline,5,52,2638.422,5128.209,512
lfm25,C64_O512,baseline,5,33,2662.895,5153.639,512
lfm25,C64_O512,baseline,5,39,2653.304,5145.562,512
lfm25,C64_O512,baseline,5,38,2653.095,5147.042,512
lfm25,C64_O512,baseline,5,56,2633.067,5124.768,512
lfm25,C64_O512,baseline,5,63,2623.783,5115.431,512
lfm25,C64_O512,baseline,5,59,2626.919,5121.31,512
lfm25,C64_O512,baseline,5,43,2647.011,5141.84,512
lfm25,C64_O512,baseline,5,34,2661.084,5153.905,512
lfm25,C64_O512,baseline,5,26,2671.384,5164.225,512
lfm25,C64_O512,baseline,5,61,2623.769,5118.972,512
lfm25,C64_O512,baseline,5,47,2642.211,5136.809,512
lfm25,C64_O512,baseline,5,53,2637.14,5129.489,512
lfm25,C64_O512,baseline,5,62,2621.765,5118.116,512
lfm25,C64_O512,baseline,5,30,2664.32,5159.91,512
lfm25,C64_O512,baseline,5,24,2674.318,5168.658,512
lfm25,C64_O512,baseline,5,25,2674.021,5167.731,512
lfm25,C64_O512,baseline,5,22,2678.714,5172.484,512
lfm25,C64_O512,baseline,5,29,2665.876,5162.575,512
lfm25,C64_O512,baseline,5,35,2659.16,5155.286,512
lfm25,C64_O512,cap_only,1,15,203.792,3606.387,512
lfm25,C64_O512,cap_only,1,62,153.069,3548.819,512
lfm25,C64_O512,cap_only,1,39,174.355,3577.153,512
lfm25,C64_O512,cap_only,1,3,152.232,3623.728,512
lfm25,C64_O512,cap_only,1,48,171.543,3567.865,512
lfm25,C64_O512,cap_only,1,35,178.755,3583.636,512
lfm25,C64_O512,cap_only,1,59,157.847,3554.828,512
lfm25,C64_O512,cap_only,1,28,187.364,3593.665,512
lfm25,C64_O512,cap_only,1,63,152.51,3551.834,512
lfm25,C64_O512,cap_only,1,36,178.7,3584.591,512
lfm25,C64_O512,cap_only,1,19,199.848,3607.132,512
lfm25,C64_O512,cap_only,1,10,142.055,3618.114,512
lfm25,C64_O512,cap_only,1,54,163.797,3567.678,512
lfm25,C64_O512,cap_only,1,33,181.834,3593.571,512
lfm25,C64_O512,cap_only,1,7,145.759,3626.833,512
lfm25,C64_O512,cap_only,1,31,183.149,3596.695,512
lfm25,C64_O512,cap_only,1,46,174.518,3580.143,512
lfm25,C64_O512,cap_only,1,51,167.779,3576.561,512
lfm25,C64_O512,cap_only,1,61,154.607,3564.034,512
lfm25,C64_O512,cap_only,1,57,159.975,3569.336,512
lfm25,C64_O512,cap_only,1,20,197.876,3615.308,512
lfm25,C64_O512,cap_only,1,37,177.483,3594.106,512
lfm25,C64_O512,cap_only,1,43,170.653,3588.677,512
lfm25,C64_O512,cap_only,1,53,164.109,3577.37,512
lfm25,C64_O512,cap_only,1,9,143.807,3632.892,512
lfm25,C64_O512,cap_only,1,21,197.148,3618.838,512
lfm25,C64_O512,cap_only,1,29,187.777,3608.261,512
lfm25,C64_O512,cap_only,1,32,183.992,3604.819,512
lfm25,C64_O512,cap_only,1,17,202.388,3625.021,512
lfm25,C64_O512,cap_only,1,45,168.184,3591.511,512
lfm25,C64_O512,cap_only,1,38,173.837,3599.576,512
lfm25,C64_O512,cap_only,1,23,192.9,3619.735,512
lfm25,C64_O512,cap_only,1,0,75.557,3650.392,512
lfm25,C64_O512,cap_only,1,58,159.186,3578.747,512
lfm25,C64_O512,cap_only,1,22,195.419,3622.373,512
lfm25,C64_O512,cap_only,1,18,201.286,3628.476,512
lfm25,C64_O512,cap_only,1,1,152.996,3650.441,512
lfm25,C64_O512,cap_only,1,30,184.405,3615.641,512
lfm25,C64_O512,cap_only,1,5,149.235,3647.764,512
lfm25,C64_O512,cap_only,1,60,156.254,3579.242,512
lfm25,C64_O512,cap_only,1,27,189.314,3620.163,512
lfm25,C64_O512,cap_only,1,47,165.484,3600.71,512
lfm25,C64_O512,cap_only,1,44,169.153,3603.905,512
lfm25,C64_O512,cap_only,1,34,178.625,3616.697,512
lfm25,C64_O512,cap_only,1,11,140.271,3646.83,512
lfm25,C64_O512,cap_only,1,26,190.09,3628.95,512
lfm25,C64_O512,cap_only,1,24,193.196,3632.575,512
lfm25,C64_O512,cap_only,1,12,140.273,3648.534,512
lfm25,C64_O512,cap_only,1,55,162.075,3594.99,512
lfm25,C64_O512,cap_only,1,41,172.914,3613.197,512
lfm25,C64_O512,cap_only,1,14,137.581,3646.787,512
lfm25,C64_O512,cap_only,1,13,137.704,3649.133,512
lfm25,C64_O512,cap_only,1,25,190.147,3633.673,512
lfm25,C64_O512,cap_only,1,2,151.73,3664.091,512
lfm25,C64_O512,cap_only,1,50,169.008,3604.519,512
lfm25,C64_O512,cap_only,1,8,144.051,3657.87,512
lfm25,C64_O512,cap_only,1,16,203.145,3649.844,512
lfm25,C64_O512,cap_only,1,42,170.314,3618.228,512
lfm25,C64_O512,cap_only,1,56,160.984,3601.458,512
lfm25,C64_O512,cap_only,1,6,146.654,3664.471,512
lfm25,C64_O512,cap_only,1,49,169.859,3611.839,512
lfm25,C64_O512,cap_only,1,4,150.895,3669.515,512
lfm25,C64_O512,cap_only,1,52,166.054,3610.634,512
lfm25,C64_O512,cap_only,1,40,172.354,3626.208,512
lfm25,C128_O256,cap_only,1,22,412.294,2382.433,256
lfm25,C128_O256,cap_only,1,63,365.491,2331.939,256
lfm25,C128_O256,cap_only,1,71,355.629,2322.966,256
lfm25,C128_O256,cap_only,1,15,421.867,2392.777,256
lfm25,C128_O256,cap_only,1,33,405.355,2371.838,256
lfm25,C128_O256,cap_only,1,78,351.723,2316.881,256
lfm25,C128_O256,cap_only,1,38,398.83,2368.32,256
lfm25,C128_O256,cap_only,1,43,392.422,2362.822,256
lfm25,C128_O256,cap_only,1,80,348.967,2317.539,256
lfm25,C128_O256,cap_only,1,27,409.821,2383.29,256
lfm25,C128_O256,cap_only,1,81,347.947,2317.16,256
lfm25,C128_O256,cap_only,1,65,364.086,2336.811,256
lfm25,C128_O256,cap_only,1,46,389.691,2361.696,256
lfm25,C128_O256,cap_only,1,85,340.936,2311.21,256
lfm25,C128_O256,cap_only,1,51,382.317,2354.893,256
lfm25,C128_O256,cap_only,1,34,402.467,2377.145,256
lfm25,C128_O256,cap_only,1,56,375.321,2350.048,256
lfm25,C128_O256,cap_only,1,23,411.282,2390.13,256
lfm25,C128_O256,cap_only,1,4,433.677,2413.101,256
lfm25,C128_O256,cap_only,1,67,359.864,2336.052,256
lfm25,C128_O256,cap_only,1,42,391.762,2367.715,256
lfm25,C128_O256,cap_only,1,54,377.494,2352.557,256
lfm25,C128_O256,cap_only,1,30,408.117,2382.558,256
lfm25,C128_O256,cap_only,1,72,356.255,2331.766,256
lfm25,C128_O256,cap_only,1,58,372.44,2348.69,256
lfm25,C128_O256,cap_only,1,24,410.278,2391.241,256
lfm25,C128_O256,cap_only,1,36,398.943,2377.058,256
lfm25,C128_O256,cap_only,1,14,422.661,2404.162,256
lfm25,C128_O256,cap_only,1,41,393.401,2371.061,256
lfm25,C128_O256,cap_only,1,8,428.794,2411.545,256
lfm25,C128_O256,cap_only,1,2,108.707,2418.206,256
lfm25,C128_O256,cap_only,1,16,419.532,2403.008,256
lfm25,C128_O256,cap_only,1,3,435.342,2417.696,256
lfm25,C128_O256,cap_only,1,0,110.338,2420.831,256
lfm25,C128_O256,cap_only,1,86,339.411,2315.105,256
lfm25,C128_O256,cap_only,1,7,429.729,2413.72,256
lfm25,C128_O256,cap_only,1,20,415.085,2398.391,256
lfm25,C128_O256,cap_only,1,64,364.3,2344.675,256
lfm25,C128_O256,cap_only,1,37,399.22,2380.433,256
lfm25,C128_O256,cap_only,1,35,400.729,2383.147,256
lfm25,C128_O256,cap_only,1,82,346.717,2325.267,256
lfm25,C128_O256,cap_only,1,5,432.563,2419.012,256
lfm25,C128_O256,cap_only,1,49,384.632,2365.891,256
lfm25,C128_O256,cap_only,1,61,367.625,2351.526,256
lfm25,C128_O256,cap_only,1,73,353.929,2337.225,256
lfm25,C128_O256,cap_only,1,60,371.025,2353.145,256
lfm25,C128_O256,cap_only,1,32,406.256,2388.516,256
lfm25,C128_O256,cap_only,1,21,412.903,2401.405,256
lfm25,C128_O256,cap_only,1,55,376.805,2359.826,256
lfm25,C128_O256,cap_only,1,45,388.934,2374.132,256
lfm25,C128_O256,cap_only,1,69,359.341,2343.19,256
lfm25,C128_O256,cap_only,1,59,370.981,2355.394,256
lfm25,C128_O256,cap_only,1,50,383.841,2367.761,256
lfm25,C128_O256,cap_only,1,10,427.724,2417.468,256
lfm25,C128_O256,cap_only,1,26,411.74,2398.038,256
lfm25,C128_O256,cap_only,1,12,424.96,2416.619,256
lfm25,C128_O256,cap_only,1,87,338.48,2322.057,256
lfm25,C128_O256,cap_only,1,31,406.446,2393.191,256
lfm25,C128_O256,cap_only,1,13,423.435,2415.977,256
lfm25,C128_O256,cap_only,1,75,351.69,2339.719,256
lfm25,C128_O256,cap_only,1,83,345.15,2330.239,256
lfm25,C128_O256,cap_only,1,11,427.182,2419.212,256
lfm25,C128_O256,cap_only,1,6,431.644,2424.204,256
lfm25,C128_O256,cap_only,1,9,428.789,2421.685,256
lfm25,C128_O256,cap_only,1,62,366.351,2356.728,256
lfm25,C128_O256,cap_only,1,47,388.199,2378.408,256
lfm25,C128_O256,cap_only,1,1,436.354,2432.425,256
lfm25,C128_O256,cap_only,1,77,352.256,2341.013,256
lfm25,C128_O256,cap_only,1,84,342.525,2331.061,256
lfm25,C128_O256,cap_only,1,53,378.423,2370.922,256
lfm25,C128_O256,cap_only,1,88,337.616,2327.209,256
lfm25,C128_O256,cap_only,1,39,396.483,2390.281,256
lfm25,C128_O256,cap_only,1,52,379.793,2373.948,256
lfm25,C128_O256,cap_only,1,90,333.973,2326.251,256
lfm25,C128_O256,cap_only,1,68,360.53,2355.985,256
lfm25,C128_O256,cap_only,1,89,336.605,2328.894,256
lfm25,C128_O256,cap_only,1,79,349.944,2343.084,256
lfm25,C128_O256,cap_only,1,25,409.075,2409.371,256
lfm25,C128_O256,cap_only,1,57,375.15,2371.635,256
lfm25,C128_O256,cap_only,1,19,415.515,2417.52,256
lfm25,C128_O256,cap_only,1,48,386.455,2382.658,256
lfm25,C128_O256,cap_only,1,44,390.901,2387.962,256
lfm25,C128_O256,cap_only,1,76,350.98,2350.066,256
lfm25,C128_O256,cap_only,1,66,362.707,2362.241,256
lfm25,C128_O256,cap_only,1,17,418.631,2423.873,256
lfm25,C128_O256,cap_only,1,74,351.902,2353.23,256
lfm25,C128_O256,cap_only,1,18,417.172,2423.194,256
lfm25,C128_O256,cap_only,1,70,357.557,2361.057,256
lfm25,C128_O256,cap_only,1,40,395.979,2400.137,256
lfm25,C128_O256,cap_only,1,28,409.645,2417.771,256
lfm25,C128_O256,cap_only,1,29,408.281,2418.314,256
lfm25,C128_O256,cap_only,1,106,442.709,2392.699,256
lfm25,C128_O256,cap_only,1,91,402.988,2409.66,256
lfm25,C128_O256,cap_only,1,118,445.59,2382.606,256
lfm25,C128_O256,cap_only,1,107,441.878,2392.743,256
lfm25,C128_O256,cap_only,1,92,401.823,2410.076,256
lfm25,C128_O256,cap_only,1,109,453.808,2392.245,256
lfm25,C128_O256,cap_only,1,102,446.616,2399.265,256
lfm25,C128_O256,cap_only,1,97,452.442,2404.602,256
lfm25,C128_O256,cap_only,1,111,451.973,2391.706,256
lfm25,C128_O256,cap_only,1,104,444.918,2398.168,256
lfm25,C128_O256,cap_only,1,105,443.838,2397.295,256
lfm25,C128_O256,cap_only,1,127,437.566,2377.39,256
lfm25,C128_O256,cap_only,1,110,453.285,2393.901,256
lfm25,C128_O256,cap_only,1,115,448.713,2389.359,256
lfm25,C128_O256,cap_only,1,125,439.05,2380.219,256
lfm25,C128_O256,cap_only,1,100,448.406,2403.842,256
lfm25,C128_O256,cap_only,1,98,450.392,2405.892,256
lfm25,C128_O256,cap_only,1,113,450.415,2392.051,256
lfm25,C128_O256,cap_only,1,120,444.006,2386.135,256
lfm25,C128_O256,cap_only,1,103,446.347,2401.703,256
lfm25,C128_O256,cap_only,1,116,447.807,2390.054,256
lfm25,C128_O256,cap_only,1,122,442.374,2384.812,256
lfm25,C128_O256,cap_only,1,108,455.228,2398.096,256
lfm25,C128_O256,cap_only,1,114,449.809,2392.225,256
lfm25,C128_O256,cap_only,1,117,447.238,2389.895,256
lfm25,C128_O256,cap_only,1,112,451.743,2394.464,256
lfm25,C128_O256,cap_only,1,96,453.377,2409.991,256
lfm25,C128_O256,cap_only,1,119,445.203,2388.332,256
lfm25,C128_O256,cap_only,1,93,457.514,2414.278,256
lfm25,C128_O256,cap_only,1,123,441.697,2384.721,256
lfm25,C128_O256,cap_only,1,99,449.948,2407.153,256
lfm25,C128_O256,cap_only,1,124,439.753,2383.955,256
lfm25,C128_O256,cap_only,1,101,448.603,2405.633,256
lfm25,C128_O256,cap_only,1,94,455.362,2413.615,256
lfm25,C128_O256,cap_only,1,126,438.096,2382.622,256
lfm25,C128_O256,cap_only,1,121,443.706,2387.756,256
lfm25,C128_O256,cap_only,1,95,454.951,2412.708,256
lfm25,C128_O256,cap_only,2,45,306.092,2288.998,256
lfm25,C128_O256,cap_only,2,3,162.735,2344.741,256
lfm25,C128_O256,cap_only,2,56,351.512,2278.296,256
lfm25,C128_O256,cap_only,2,110,281.447,2209.752,256
lfm25,C128_O256,cap_only,2,25,331.581,2318.285,256
lfm25,C128_O256,cap_only,2,113,280.059,2207.775,256
lfm25,C128_O256,cap_only,2,27,329.668,2316.977,256
lfm25,C128_O256,cap_only,2,120,268.928,2201.045,256
lfm25,C128_O256,cap_only,2,47,303.789,2293.32,256
lfm25,C128_O256,cap_only,2,91,307.981,2238.225,256
lfm25,C128_O256,cap_only,2,114,277.547,2209.345,256
lfm25,C128_O256,cap_only,2,95,302.096,2233.94,256
lfm25,C128_O256,cap_only,2,111,281.696,2215.061,256
lfm25,C128_O256,cap_only,2,102,290.938,2226.845,256
lfm25,C128_O256,cap_only,2,63,342.082,2276.174,256
lfm25,C128_O256,cap_only,2,7,157.979,2348.428,256
lfm25,C128_O256,cap_only,2,81,320.116,2253.17,256
lfm25,C128_O256,cap_only,2,60,346.117,2282.428,256
lfm25,C128_O256,cap_only,2,32,323.503,2317.667,256
lfm25,C128_O256,cap_only,2,121,267.66,2205.567,256
lfm25,C128_O256,cap_only,2,37,317.487,2311.592,256
lfm25,C128_O256,cap_only,2,116,273.945,2212.039,256
lfm25,C128_O256,cap_only,2,98,298.528,2235.143,256
lfm25,C128_O256,cap_only,2,33,321.413,2317.993,256
lfm25,C128_O256,cap_only,2,87,313.223,2250.474,256
lfm25,C128_O256,cap_only,2,39,315.447,2311.529,256
lfm25,C128_O256,cap_only,2,58,349.304,2287.61,256
lfm25,C128_O256,cap_only,2,16,344.169,2341.064,256
lfm25,C128_O256,cap_only,2,8,155.965,2351.945,256
lfm25,C128_O256,cap_only,2,2,164.322,2359.875,256
lfm25,C128_O256,cap_only,2,34,321.475,2319.753,256
lfm25,C128_O256,cap_only,2,82,316.303,2257.553,256
lfm25,C128_O256,cap_only,2,112,280.867,2220.373,256
lfm25,C128_O256,cap_only,2,85,312.206,2254.689,256
lfm25,C128_O256,cap_only,2,77,325.506,2265.662,256
lfm25,C128_O256,cap_only,2,73,329.628,2271.134,256
lfm25,C128_O256,cap_only,2,76,325.537,2266.885,256
lfm25,C128_O256,cap_only,2,103,292.758,2232.593,256
lfm25,C128_O256,cap_only,2,30,325.332,2325.603,256
lfm25,C128_O256,cap_only,2,101,295.117,2235.809,256
lfm25,C128_O256,cap_only,2,52,357.717,2298.843,256
lfm25,C128_O256,cap_only,2,17,341.027,2343.035,256
lfm25,C128_O256,cap_only,2,94,302.031,2246.298,256
lfm25,C128_O256,cap_only,2,100,293.482,2239.295,256
lfm25,C128_O256,cap_only,2,42,311.65,2312.791,256
lfm25,C128_O256,cap_only,2,59,345.779,2291.65,256
lfm25,C128_O256,cap_only,2,70,331.862,2278.174,256
lfm25,C128_O256,cap_only,2,20,339.231,2341.64,256
lfm25,C128_O256,cap_only,2,41,310.147,2315.031,256
lfm25,C128_O256,cap_only,2,78,323.137,2268.62,256
lfm25,C128_O256,cap_only,2,21,337.554,2341.603,256
lfm25,C128_O256,cap_only,2,35,320.224,2324.013,256
lfm25,C128_O256,cap_only,2,92,306.519,2251.658,256
lfm25,C128_O256,cap_only,2,13,150.509,2352.175,256
lfm25,C128_O256,cap_only,2,84,316.305,2262.067,256
lfm25,C128_O256,cap_only,2,44,307.0,2313.493,256
lfm25,C128_O256,cap_only,2,6,159.975,2362.751,256
lfm25,C128_O256,cap_only,2,118,271.804,2220.276,256
lfm25,C128_O256,cap_only,2,104,288.836,2238.042,256
lfm25,C128_O256,cap_only,2,1,76.165,2369.587,256
lfm25,C128_O256,cap_only,2,71,330.976,2280.319,256
lfm25,C128_O256,cap_only,2,46,306.217,2312.291,256
lfm25,C128_O256,cap_only,2,99,296.332,2245.685,256
lfm25,C128_O256,cap_only,2,86,314.987,2262.322,256
lfm25,C128_O256,cap_only,2,93,302.618,2253.649,256
lfm25,C128_O256,cap_only,2,10,154.68,2359.59,256
lfm25,C128_O256,cap_only,2,96,299.338,2249.728,256
lfm25,C128_O256,cap_only,2,67,335.202,2286.559,256
lfm25,C128_O256,cap_only,2,108,285.049,2234.289,256
lfm25,C128_O256,cap_only,2,83,315.224,2266.123,256
lfm25,C128_O256,cap_only,2,97,300.26,2249.312,256
lfm25,C128_O256,cap_only,2,75,328.885,2277.824,256
lfm25,C128_O256,cap_only,2,69,336.458,2286.056,256
lfm25,C128_O256,cap_only,2,12,151.768,2359.247,256
lfm25,C128_O256,cap_only,2,64,340.387,2292.757,256
lfm25,C128_O256,cap_only,2,124,264.856,2217.217,256
lfm25,C128_O256,cap_only,2,36,318.171,2329.751,256
lfm25,C128_O256,cap_only,2,106,287.657,2241.084,256
lfm25,C128_O256,cap_only,2,88,311.652,2264.612,256
lfm25,C128_O256,cap_only,2,38,314.048,2327.716,256
lfm25,C128_O256,cap_only,2,18,342.013,2353.545,256
lfm25,C128_O256,cap_only,2,57,349.199,2304.309,256
lfm25,C128_O256,cap_only,2,109,282.672,2238.041,256
lfm25,C128_O256,cap_only,2,26,329.396,2343.554,256
lfm25,C128_O256,cap_only,2,24,334.566,2347.593,256
lfm25,C128_O256,cap_only,2,126,263.979,2218.137,256
lfm25,C128_O256,cap_only,2,79,323.292,2277.475,256
lfm25,C128_O256,cap_only,2,119,270.198,2227.092,256
lfm25,C128_O256,cap_only,2,22,336.864,2350.935,256
lfm25,C128_O256,cap_only,2,50,359.239,2314.189,256
lfm25,C128_O256,cap_only,2,62,344.154,2299.401,256
lfm25,C128_O256,cap_only,2,123,265.819,2222.815,256
lfm25,C128_O256,cap_only,2,23,335.657,2350.95,256
lfm25,C128_O256,cap_only,2,90,309.355,2264.705,256
lfm25,C128_O256,cap_only,2,72,331.212,2288.046,256
lfm25,C128_O256,cap_only,2,43,308.929,2324.962,256
lfm25,C128_O256,cap_only,2,49,302.075,2317.119,256
lfm25,C128_O256,cap_only,2,54,354.862,2311.86,256
lfm25,C128_O256,cap_only,2,55,351.865,2310.708,256
lfm25,C128_O256,cap_only,2,125,262.517,2222.669,256
lfm25,C128_O256,cap_only,2,31,326.194,2342.153,256
lfm25,C128_O256,cap_only,2,19,339.756,2357.176,256
lfm25,C128_O256,cap_only,2,127,260.974,2220.815,256
lfm25,C128_O256,cap_only,2,51,356.457,2316.563,256
lfm25,C128_O256,cap_only,2,61,344.169,2303.92,256
lfm25,C128_O256,cap_only,2,80,320.465,2279.421,256
lfm25,C128_O256,cap_only,2,122,268.739,2227.567,256
lfm25,C128_O256,cap_only,2,105,289.096,2248.968,256
lfm25,C128_O256,cap_only,2,11,153.821,2369.392,256
lfm25,C128_O256,cap_only,2,53,356.493,2315.746,256
lfm25,C128_O256,cap_only,2,117,273.887,2234.21,256
lfm25,C128_O256,cap_only,2,66,339.201,2298.932,256
lfm25,C128_O256,cap_only,2,68,336.675,2297.135,256
lfm25,C128_O256,cap_only,2,0,165.776,2383.21,256
lfm25,C128_O256,cap_only,2,5,160.085,2378.128,256
lfm25,C128_O256,cap_only,2,107,285.537,2247.809,256
lfm25,C128_O256,cap_only,2,4,160.77,2378.686,256
lfm25,C128_O256,cap_only,2,15,344.856,2364.818,256
lfm25,C128_O256,cap_only,2,65,339.223,2301.49,256
lfm25,C128_O256,cap_only,2,89,310.008,2272.278,256
lfm25,C128_O256,cap_only,2,48,360.981,2323.712,256
lfm25,C128_O256,cap_only,2,28,329.685,2349.451,256
lfm25,C128_O256,cap_only,2,9,155.254,2374.034,256
lfm25,C128_O256,cap_only,2,14,345.102,2367.503,256
lfm25,C128_O256,cap_only,2,74,327.047,2291.782,256
lfm25,C128_O256,cap_only,2,115,276.137,2240.297,256
lfm25,C128_O256,cap_only,2,29,327.734,2349.779,256
lfm25,C128_O256,cap_only,2,40,312.998,2335.693,256
lfm25,C64_O512,cap_only,2,60,159.679,3559.249,512
lfm25,C64_O512,cap_only,2,40,186.462,3585.842,512
lfm25,C64_O512,cap_only,2,50,171.995,3573.696,512
lfm25,C64_O512,cap_only,2,62,158.876,3558.016,512
lfm25,C64_O512,cap_only,2,34,194.478,3595.4,512
lfm25,C64_O512,cap_only,2,48,176.476,3579.585,512
lfm25,C64_O512,cap_only,2,10,173.966,3627.689,512
lfm25,C64_O512,cap_only,2,58,161.393,3567.596,512
lfm25,C64_O512,cap_only,2,53,169.215,3575.273,512
lfm25,C64_O512,cap_only,2,17,164.588,3623.26,512
lfm25,C64_O512,cap_only,2,63,157.796,3564.79,512
lfm25,C64_O512,cap_only,2,14,168.222,3627.607,512
lfm25,C64_O512,cap_only,2,20,212.097,3619.981,512
lfm25,C64_O512,cap_only,2,28,200.512,3610.267,512
lfm25,C64_O512,cap_only,2,9,176.041,3635.164,512
lfm25,C64_O512,cap_only,2,5,180.408,3640.125,512
lfm25,C64_O512,cap_only,2,22,208.985,3618.915,512
lfm25,C64_O512,cap_only,2,33,194.437,3607.91,512
lfm25,C64_O512,cap_only,2,8,177.536,3640.48,512
lfm25,C64_O512,cap_only,2,57,164.921,3579.454,512
lfm25,C64_O512,cap_only,2,56,165.598,3581.205,512
lfm25,C64_O512,cap_only,2,19,214.282,3628.984,512
lfm25,C64_O512,cap_only,2,6,179.904,3648.407,512
lfm25,C64_O512,cap_only,2,23,206.22,3626.576,512
lfm25,C64_O512,cap_only,2,4,182.036,3652.678,512
lfm25,C64_O512,cap_only,2,15,168.213,3639.71,512
lfm25,C64_O512,cap_only,2,46,179.5,3601.289,512
lfm25,C64_O512,cap_only,2,3,182.579,3656.85,512
lfm25,C64_O512,cap_only,2,42,184.094,3609.108,512
lfm25,C64_O512,cap_only,2,31,196.355,3623.828,512
lfm25,C64_O512,cap_only,2,21,208.028,3636.25,512
lfm25,C64_O512,cap_only,2,35,191.952,3621.354,512
lfm25,C64_O512,cap_only,2,54,169.105,3598.137,512
lfm25,C64_O512,cap_only,2,16,213.676,3647.844,512
lfm25,C64_O512,cap_only,2,18,211.078,3645.687,512
lfm25,C64_O512,cap_only,2,36,188.998,3623.765,512
lfm25,C64_O512,cap_only,2,44,179.621,3614.638,512
lfm25,C64_O512,cap_only,2,12,172.176,3655.665,512
lfm25,C64_O512,cap_only,2,11,173.554,3657.107,512
lfm25,C64_O512,cap_only,2,30,197.937,3633.731,512
lfm25,C64_O512,cap_only,2,26,202.73,3639.021,512
lfm25,C64_O512,cap_only,2,2,75.946,3671.352,512
lfm25,C64_O512,cap_only,2,0,79.127,3673.571,512
lfm25,C64_O512,cap_only,2,32,198.101,3636.093,512
lfm25,C64_O512,cap_only,2,29,197.659,3639.291,512
lfm25,C64_O512,cap_only,2,1,184.69,3674.349,512
lfm25,C64_O512,cap_only,2,39,184.836,3627.275,512
lfm25,C64_O512,cap_only,2,61,160.631,3601.608,512
lfm25,C64_O512,cap_only,2,25,203.745,3646.838,512
lfm25,C64_O512,cap_only,2,45,180.493,3622.121,512
lfm25,C64_O512,cap_only,2,7,178.149,3670.726,512
lfm25,C64_O512,cap_only,2,59,163.142,3605.12,512
lfm25,C64_O512,cap_only,2,41,184.135,3630.006,512
lfm25,C64_O512,cap_only,2,37,190.338,3634.644,512
lfm25,C64_O512,cap_only,2,13,170.808,3666.344,512
lfm25,C64_O512,cap_only,2,51,173.083,3621.96,512
lfm25,C64_O512,cap_only,2,27,202.173,3653.337,512
lfm25,C64_O512,cap_only,2,24,205.049,3656.911,512
lfm25,C64_O512,cap_only,2,52,169.24,3622.001,512
lfm25,C64_O512,cap_only,2,38,189.677,3641.558,512
lfm25,C64_O512,cap_only,2,43,180.561,3636.461,512
lfm25,C64_O512,cap_only,2,47,176.983,3633.821,512
lfm25,C64_O512,cap_only,2,55,166.698,3624.289,512
lfm25,C64_O512,cap_only,2,49,174.751,3632.152,512
lfm25,C64_O512,cap_only,3,24,199.468,3592.851,512
lfm25,C64_O512,cap_only,3,22,179.063,3595.698,512
lfm25,C64_O512,cap_only,3,45,174.175,3569.536,512
lfm25,C64_O512,cap_only,3,4,204.666,3621.912,512
lfm25,C64_O512,cap_only,3,42,177.287,3576.196,512
lfm25,C64_O512,cap_only,3,2,206.612,3627.387,512
lfm25,C64_O512,cap_only,3,54,161.333,3561.161,512
lfm25,C64_O512,cap_only,3,41,180.657,3582.631,512
lfm25,C64_O512,cap_only,3,26,196.098,3600.741,512
lfm25,C64_O512,cap_only,3,60,153.34,3560.836,512
lfm25,C64_O512,cap_only,3,49,167.119,3575.318,512
lfm25,C64_O512,cap_only,3,16,188.008,3618.333,512
lfm25,C64_O512,cap_only,3,20,183.333,3613.017,512
lfm25,C64_O512,cap_only,3,53,162.516,3572.212,512
lfm25,C64_O512,cap_only,3,29,191.441,3602.577,512
lfm25,C64_O512,cap_only,3,44,175.086,3585.361,512
lfm25,C64_O512,cap_only,3,28,193.712,3607.111,512
lfm25,C64_O512,cap_only,3,38,181.677,3594.79,512
lfm25,C64_O512,cap_only,3,12,194.424,3631.634,512
lfm25,C64_O512,cap_only,3,6,201.721,3639.891,512
lfm25,C64_O512,cap_only,3,17,187.259,3626.034,512
lfm25,C64_O512,cap_only,3,3,204.726,3644.174,512
lfm25,C64_O512,cap_only,3,21,180.478,3620.519,512
lfm25,C64_O512,cap_only,3,32,188.718,3606.649,512
lfm25,C64_O512,cap_only,3,15,188.969,3629.573,512
lfm25,C64_O512,cap_only,3,37,181.932,3601.479,512
lfm25,C64_O512,cap_only,3,58,155.064,3576.819,512
lfm25,C64_O512,cap_only,3,10,195.438,3639.531,512
lfm25,C64_O512,cap_only,3,55,159.761,3582.098,512
lfm25,C64_O512,cap_only,3,35,186.182,3608.793,512
lfm25,C64_O512,cap_only,3,43,176.296,3601.034,512
lfm25,C64_O512,cap_only,3,7,200.264,3647.301,512
lfm25,C64_O512,cap_only,3,13,192.688,3641.349,512
lfm25,C64_O512,cap_only,3,47,169.36,3597.02,512
lfm25,C64_O512,cap_only,3,18,185.97,3634.753,512
lfm25,C64_O512,cap_only,3,33,188.596,3615.764,512
lfm25,C64_O512,cap_only,3,48,167.553,3597.762,512
lfm25,C64_O512,cap_only,3,63,150.016,3579.713,512
lfm25,C64_O512,cap_only,3,31,189.865,3620.315,512
lfm25,C64_O512,cap_only,3,46,171.611,3602.708,512
lfm25,C64_O512,cap_only,3,51,167.871,3596.413,512
lfm25,C64_O512,cap_only,3,5,203.27,3655.932,512
lfm25,C64_O512,cap_only,3,40,178.332,3611.33,512
lfm25,C64_O512,cap_only,3,27,194.344,3627.341,512
lfm25,C64_O512,cap_only,3,19,185.082,3638.444,512
lfm25,C64_O512,cap_only,3,0,97.854,3663.415,512
lfm25,C64_O512,cap_only,3,34,185.194,3620.696,512
lfm25,C64_O512,cap_only,3,9,199.157,3655.169,512
lfm25,C64_O512,cap_only,3,57,157.808,3593.265,512
lfm25,C64_O512,cap_only,3,30,190.791,3627.066,512
lfm25,C64_O512,cap_only,3,25,197.934,3634.544,512
lfm25,C64_O512,cap_only,3,61,152.065,3590.215,512
lfm25,C64_O512,cap_only,3,56,159.661,3596.868,512
lfm25,C64_O512,cap_only,3,62,150.478,3589.404,512
lfm25,C64_O512,cap_only,3,1,96.848,3667.157,512
lfm25,C64_O512,cap_only,3,8,199.805,3659.824,512
lfm25,C64_O512,cap_only,3,23,178.663,3639.977,512
lfm25,C64_O512,cap_only,3,36,184.067,3623.633,512
lfm25,C64_O512,cap_only,3,52,167.166,3607.127,512
lfm25,C64_O512,cap_only,3,59,155.946,3598.634,512
lfm25,C64_O512,cap_only,3,14,191.674,3657.376,512
lfm25,C64_O512,cap_only,3,11,194.372,3662.702,512
lfm25,C64_O512,cap_only,3,50,166.43,3612.692,512
lfm25,C64_O512,cap_only,3,39,180.499,3627.466,512
lfm25,C128_O256,cap_only,3,19,339.281,2297.31,256
lfm25,C128_O256,cap_only,3,83,296.875,2219.722,256
lfm25,C128_O256,cap_only,3,60,328.241,2250.99,256
lfm25,C128_O256,cap_only,3,14,148.607,2308.535,256
lfm25,C128_O256,cap_only,3,118,254.938,2180.527,256
lfm25,C128_O256,cap_only,3,26,329.317,2294.31,256
lfm25,C128_O256,cap_only,3,108,265.901,2192.821,256
lfm25,C128_O256,cap_only,3,38,314.278,2279.453,256
lfm25,C128_O256,cap_only,3,77,304.889,2231.396,256
lfm25,C128_O256,cap_only,3,50,300.87,2265.802,256
lfm25,C128_O256,cap_only,3,36,316.801,2281.992,256
lfm25,C128_O256,cap_only,3,5,159.818,2322.621,256
lfm25,C128_O256,cap_only,3,18,340.026,2306.821,256
lfm25,C128_O256,cap_only,3,37,315.846,2282.952,256
lfm25,C128_O256,cap_only,3,34,319.866,2286.933,256
lfm25,C128_O256,cap_only,3,47,304.877,2272.572,256
lfm25,C128_O256,cap_only,3,32,320.578,2289.761,256
lfm25,C128_O256,cap_only,3,42,309.851,2278.359,256
lfm25,C128_O256,cap_only,3,68,316.026,2246.477,256
lfm25,C128_O256,cap_only,3,17,341.408,2310.122,256
lfm25,C128_O256,cap_only,3,54,336.441,2265.116,256
lfm25,C128_O256,cap_only,3,104,274.917,2203.774,256
lfm25,C128_O256,cap_only,3,123,249.597,2180.136,256
lfm25,C128_O256,cap_only,3,61,325.126,2256.257,256
lfm25,C128_O256,cap_only,3,29,326.712,2296.093,256
lfm25,C128_O256,cap_only,3,125,248.207,2178.24,256
lfm25,C128_O256,cap_only,3,87,293.876,2225.171,256
lfm25,C128_O256,cap_only,3,92,286.271,2218.881,256
lfm25,C128_O256,cap_only,3,86,295.145,2226.515,256
lfm25,C128_O256,cap_only,3,58,330.751,2261.929,256
lfm25,C128_O256,cap_only,3,72,313.48,2244.424,256
lfm25,C128_O256,cap_only,3,43,308.836,2280.446,256
lfm25,C128_O256,cap_only,3,103,274.534,2206.839,256
lfm25,C128_O256,cap_only,3,39,313.229,2285.34,256
lfm25,C128_O256,cap_only,3,51,299.845,2272.532,256
lfm25,C128_O256,cap_only,3,90,290.114,2223.663,256
lfm25,C128_O256,cap_only,3,64,321.742,2256.213,256
lfm25,C128_O256,cap_only,3,52,338.113,2271.586,256
lfm25,C128_O256,cap_only,3,35,317.2,2291.417,256
lfm25,C128_O256,cap_only,3,27,328.506,2302.701,256
lfm25,C128_O256,cap_only,3,48,302.095,2277.445,256
lfm25,C128_O256,cap_only,3,31,322.831,2297.7,256
lfm25,C128_O256,cap_only,3,102,274.944,2211.041,256
lfm25,C128_O256,cap_only,3,10,153.753,2326.066,256
lfm25,C128_O256,cap_only,3,115,260.224,2195.984,256
lfm25,C128_O256,cap_only,3,33,320.814,2296.176,256
lfm25,C128_O256,cap_only,3,1,164.601,2337.394,256
lfm25,C128_O256,cap_only,3,41,311.415,2287.868,256
lfm25,C128_O256,cap_only,3,106,271.408,2208.109,256
lfm25,C128_O256,cap_only,3,114,261.136,2198.984,256
lfm25,C128_O256,cap_only,3,23,333.396,2311.085,256
lfm25,C128_O256,cap_only,3,46,306.815,2283.645,256
lfm25,C128_O256,cap_only,3,4,161.809,2336.292,256
lfm25,C128_O256,cap_only,3,49,302.081,2279.696,256
lfm25,C128_O256,cap_only,3,65,320.043,2259.828,256
lfm25,C128_O256,cap_only,3,0,79.332,2341.084,256
lfm25,C128_O256,cap_only,3,62,325.43,2264.342,256
lfm25,C128_O256,cap_only,3,122,249.784,2190.895,256
lfm25,C128_O256,cap_only,3,20,337.551,2317.161,256
lfm25,C128_O256,cap_only,3,109,267.138,2206.185,256
lfm25,C128_O256,cap_only,3,70,313.309,2254.524,256
lfm25,C128_O256,cap_only,3,21,336.368,2316.131,256
lfm25,C128_O256,cap_only,3,3,162.807,2339.103,256
lfm25,C128_O256,cap_only,3,67,318.102,2259.176,256
lfm25,C128_O256,cap_only,3,73,311.222,2252.065,256
lfm25,C128_O256,cap_only,3,81,299.449,2241.974,256
lfm25,C128_O256,cap_only,3,15,147.513,2326.267,256
lfm25,C128_O256,cap_only,3,7,157.583,2336.889,256
lfm25,C128_O256,cap_only,3,44,306.961,2290.835,256
lfm25,C128_O256,cap_only,3,113,261.13,2206.202,256
lfm25,C128_O256,cap_only,3,82,298.019,2243.717,256
lfm25,C128_O256,cap_only,3,96,280.663,2226.575,256
lfm25,C128_O256,cap_only,3,56,330.861,2276.39,256
lfm25,C128_O256,cap_only,3,59,329.923,2272.962,256
lfm25,C128_O256,cap_only,3,124,248.88,2192.816,256
lfm25,C128_O256,cap_only,3,66,318.118,2264.56,256
lfm25,C128_O256,cap_only,3,80,300.962,2245.76,256
lfm25,C128_O256,cap_only,3,112,262.789,2208.121,256
lfm25,C128_O256,cap_only,3,126,246.704,2191.421,256
lfm25,C128_O256,cap_only,3,78,302.976,2250.303,256
lfm25,C128_O256,cap_only,3,98,279.512,2226.699,256
lfm25,C128_O256,cap_only,3,99,277.408,2225.343,256
lfm25,C128_O256,cap_only,3,69,316.811,2262.497,256
lfm25,C128_O256,cap_only,3,127,244.628,2191.823,256
lfm25,C128_O256,cap_only,3,121,250.299,2199.974,256
lfm25,C128_O256,cap_only,3,8,156.358,2340.517,256
lfm25,C128_O256,cap_only,3,101,276.057,2225.26,256
lfm25,C128_O256,cap_only,3,88,291.652,2241.626,256
lfm25,C128_O256,cap_only,3,71,312.593,2262.205,256
lfm25,C128_O256,cap_only,3,91,288.713,2237.778,256
lfm25,C128_O256,cap_only,3,24,332.608,2321.633,256
lfm25,C128_O256,cap_only,3,84,296.815,2246.0,256
lfm25,C128_O256,cap_only,3,13,150.005,2336.216,256
lfm25,C128_O256,cap_only,3,63,322.946,2273.566,256
lfm25,C128_O256,cap_only,3,25,330.402,2320.881,256
lfm25,C128_O256,cap_only,3,16,145.484,2332.315,256
lfm25,C128_O256,cap_only,3,12,151.521,2337.938,256
lfm25,C128_O256,cap_only,3,117,256.937,2208.221,256
lfm25,C128_O256,cap_only,3,111,264.816,2215.462,256
lfm25,C128_O256,cap_only,3,110,266.427,2216.666,256
lfm25,C128_O256,cap_only,3,6,159.258,2346.639,256
lfm25,C128_O256,cap_only,3,120,251.356,2205.062,256
lfm25,C128_O256,cap_only,3,55,332.911,2285.034,256
lfm25,C128_O256,cap_only,3,2,163.899,2351.773,256
lfm25,C128_O256,cap_only,3,89,290.317,2243.514,256
lfm25,C128_O256,cap_only,3,76,305.747,2259.749,256
lfm25,C128_O256,cap_only,3,85,293.433,2248.197,256
lfm25,C128_O256,cap_only,3,93,285.955,2239.23,256
lfm25,C128_O256,cap_only,3,97,281.386,2234.357,256
lfm25,C128_O256,cap_only,3,22,335.501,2327.132,256
lfm25,C128_O256,cap_only,3,116,256.528,2211.901,256
lfm25,C128_O256,cap_only,3,57,328.774,2284.384,256
lfm25,C128_O256,cap_only,3,107,268.821,2222.689,256
lfm25,C128_O256,cap_only,3,105,272.731,2225.375,256
lfm25,C128_O256,cap_only,3,119,256.184,2208.815,256
lfm25,C128_O256,cap_only,3,45,306.181,2300.112,256
lfm25,C128_O256,cap_only,3,9,155.481,2346.029,256
lfm25,C128_O256,cap_only,3,74,309.934,2264.598,256
lfm25,C128_O256,cap_only,3,94,285.888,2240.094,256
lfm25,C128_O256,cap_only,3,28,327.482,2322.094,256
lfm25,C128_O256,cap_only,3,40,311.984,2307.32,256
lfm25,C128_O256,cap_only,3,11,152.947,2344.239,256
lfm25,C128_O256,cap_only,3,79,302.582,2259.184,256
lfm25,C128_O256,cap_only,3,95,283.716,2239.947,256
lfm25,C128_O256,cap_only,3,75,308.745,2264.993,256
lfm25,C128_O256,cap_only,3,53,336.036,2292.81,256
lfm25,C128_O256,cap_only,3,100,279.046,2234.768,256
lfm25,C128_O256,cap_only,3,30,323.872,2320.54,256
lfm25,C128_O256,cap_only,4,18,335.14,2309.323,256
lfm25,C128_O256,cap_only,4,70,321.982,2244.631,256
lfm25,C128_O256,cap_only,4,2,168.521,2332.356,256
lfm25,C128_O256,cap_only,4,5,165.144,2329.56,256
lfm25,C128_O256,cap_only,4,82,306.481,2231.583,256
lfm25,C128_O256,cap_only,4,66,326.477,2252.956,256
lfm25,C128_O256,cap_only,4,86,302.227,2226.983,256
lfm25,C128_O256,cap_only,4,49,296.419,2274.498,256
lfm25,C128_O256,cap_only,4,88,296.748,2225.789,256
lfm25,C128_O256,cap_only,4,26,324.901,2304.43,256
lfm25,C128_O256,cap_only,4,62,331.203,2259.892,256
lfm25,C128_O256,cap_only,4,14,154.646,2321.616,256
lfm25,C128_O256,cap_only,4,124,252.835,2181.731,256
lfm25,C128_O256,cap_only,4,34,316.295,2296.071,256
lfm25,C128_O256,cap_only,4,125,253.45,2181.248,256
lfm25,C128_O256,cap_only,4,102,278.141,2209.458,256
lfm25,C128_O256,cap_only,4,74,312.511,2245.406,256
lfm25,C128_O256,cap_only,4,50,295.114,2276.481,256
lfm25,C128_O256,cap_only,4,98,282.296,2216.923,256
lfm25,C128_O256,cap_only,4,109,269.201,2203.014,256
lfm25,C128_O256,cap_only,4,60,332.15,2265.892,256
lfm25,C128_O256,cap_only,4,54,342.364,2273.549,256
lfm25,C128_O256,cap_only,4,48,298.32,2280.954,256
lfm25,C128_O256,cap_only,4,52,293.028,2276.351,256
lfm25,C128_O256,cap_only,4,67,322.438,2257.533,256
lfm25,C128_O256,cap_only,4,104,276.709,2210.413,256
lfm25,C128_O256,cap_only,4,10,159.117,2330.739,256
lfm25,C128_O256,cap_only,4,101,276.434,2213.618,256
lfm25,C128_O256,cap_only,4,47,298.236,2283.629,256
lfm25,C128_O256,cap_only,4,105,276.992,2210.888,256
lfm25,C128_O256,cap_only,4,103,276.949,2213.302,256
lfm25,C128_O256,cap_only,4,77,309.693,2246.062,256
lfm25,C128_O256,cap_only,4,31,317.096,2304.937,256
lfm25,C128_O256,cap_only,4,106,274.432,2210.596,256
lfm25,C128_O256,cap_only,4,7,161.995,2336.652,256
lfm25,C128_O256,cap_only,4,3,166.955,2342.24,256
lfm25,C128_O256,cap_only,4,115,266.53,2201.116,256
lfm25,C128_O256,cap_only,4,121,257.704,2193.97,256
lfm25,C128_O256,cap_only,4,117,264.72,2199.955,256
lfm25,C128_O256,cap_only,4,122,255.052,2192.797,256
lfm25,C128_O256,cap_only,4,6,163.211,2339.441,256
lfm25,C128_O256,cap_only,4,46,298.363,2288.757,256
lfm25,C128_O256,cap_only,4,126,252.074,2188.158,256
lfm25,C128_O256,cap_only,4,68,323.33,2261.528,256
lfm25,C128_O256,cap_only,4,119,259.632,2197.153,256
lfm25,C128_O256,cap_only,4,23,328.489,2319.438,256
lfm25,C128_O256,cap_only,4,44,302.875,2292.44,256
lfm25,C128_O256,cap_only,4,57,335.673,2276.53,256
lfm25,C128_O256,cap_only,4,12,157.592,2335.207,256
lfm25,C128_O256,cap_only,4,80,303.628,2246.589,256
lfm25,C128_O256,cap_only,4,92,293.734,2232.339,256
lfm25,C128_O256,cap_only,4,59,333.516,2274.992,256
lfm25,C128_O256,cap_only,4,28,322.958,2314.643,256
lfm25,C128_O256,cap_only,4,114,262.618,2206.214,256
lfm25,C128_O256,cap_only,4,35,314.56,2306.57,256
lfm25,C128_O256,cap_only,4,37,310.899,2303.632,256
lfm25,C128_O256,cap_only,4,96,284.349,2228.733,256
lfm25,C128_O256,cap_only,4,100,283.315,2223.258,256
lfm25,C128_O256,cap_only,4,20,332.378,2325.974,256
lfm25,C128_O256,cap_only,4,72,316.841,2259.955,256
lfm25,C128_O256,cap_only,4,11,158.796,2338.931,256
lfm25,C128_O256,cap_only,4,75,313.317,2255.956,256
lfm25,C128_O256,cap_only,4,99,281.0,2226.064,256
lfm25,C128_O256,cap_only,4,76,312.02,2254.747,256
lfm25,C128_O256,cap_only,4,1,81.48,2350.479,256
lfm25,C128_O256,cap_only,4,15,152.26,2333.57,256
lfm25,C128_O256,cap_only,4,40,307.89,2302.197,256
lfm25,C128_O256,cap_only,4,19,335.966,2329.488,256
lfm25,C128_O256,cap_only,4,83,304.554,2247.382,256
lfm25,C128_O256,cap_only,4,65,327.592,2270.911,256
lfm25,C128_O256,cap_only,4,55,340.479,2284.017,256
lfm25,C128_O256,cap_only,4,8,161.421,2344.099,256
lfm25,C128_O256,cap_only,4,39,309.553,2304.353,256
lfm25,C128_O256,cap_only,4,29,320.717,2317.838,256
lfm25,C128_O256,cap_only,4,111,265.542,2214.067,256
lfm25,C128_O256,cap_only,4,41,304.536,2302.773,256
lfm25,C128_O256,cap_only,4,79,310.498,2253.761,256
lfm25,C128_O256,cap_only,4,113,268.528,2212.236,256
lfm25,C128_O256,cap_only,4,89,293.396,2241.999,256
lfm25,C128_O256,cap_only,4,118,257.465,2205.731,256
lfm25,C128_O256,cap_only,4,9,159.888,2345.057,256
lfm25,C128_O256,cap_only,4,27,324.855,2321.837,256
lfm25,C128_O256,cap_only,4,93,289.04,2238.084,256
lfm25,C128_O256,cap_only,4,33,315.822,2314.454,256
lfm25,C128_O256,cap_only,4,90,293.577,2241.675,256
lfm25,C128_O256,cap_only,4,73,315.631,2263.621,256
lfm25,C128_O256,cap_only,4,42,303.976,2303.301,256
lfm25,C128_O256,cap_only,4,120,257.62,2205.022,256
lfm25,C128_O256,cap_only,4,17,335.703,2335.895,256
lfm25,C128_O256,cap_only,4,63,330.456,2277.909,256
lfm25,C128_O256,cap_only,4,108,270.988,2220.577,256
lfm25,C128_O256,cap_only,4,94,287.997,2238.6,256
lfm25,C128_O256,cap_only,4,24,327.523,2327.718,256
lfm25,C128_O256,cap_only,4,61,331.823,2281.408,256
lfm25,C128_O256,cap_only,4,116,265.362,2212.143,256
lfm25,C128_O256,cap_only,4,69,323.137,2271.085,256
lfm25,C128_O256,cap_only,4,30,319.695,2321.18,256
lfm25,C128_O256,cap_only,4,58,337.221,2285.904,256
lfm25,C128_O256,cap_only,4,38,311.177,2311.561,256
lfm25,C128_O256,cap_only,4,81,306.736,2256.398,256
lfm25,C128_O256,cap_only,4,53,344.738,2293.505,256
lfm25,C128_O256,cap_only,4,25,326.917,2328.538,256
lfm25,C128_O256,cap_only,4,85,303.584,2252.392,256
lfm25,C128_O256,cap_only,4,78,307.031,2261.463,256
lfm25,C128_O256,cap_only,4,16,151.029,2340.76,256
lfm25,C128_O256,cap_only,4,22,330.958,2333.465,256
lfm25,C128_O256,cap_only,4,127,248.695,2200.878,256
lfm25,C128_O256,cap_only,4,91,293.389,2245.876,256
lfm25,C128_O256,cap_only,4,112,265.609,2220.183,256
lfm25,C128_O256,cap_only,4,43,302.384,2307.727,256
lfm25,C128_O256,cap_only,4,84,300.65,2255.48,256
lfm25,C128_O256,cap_only,4,0,81.737,2362.106,256
lfm25,C128_O256,cap_only,4,36,313.719,2317.485,256
lfm25,C128_O256,cap_only,4,56,339.723,2292.298,256
lfm25,C128_O256,cap_only,4,64,328.502,2282.632,256
lfm25,C128_O256,cap_only,4,71,320.202,2273.09,256
lfm25,C128_O256,cap_only,4,95,285.942,2242.966,256
lfm25,C128_O256,cap_only,4,32,316.524,2322.749,256
lfm25,C128_O256,cap_only,4,123,254.723,2208.592,256
lfm25,C128_O256,cap_only,4,51,292.654,2299.371,256
lfm25,C128_O256,cap_only,4,13,156.005,2348.614,256
lfm25,C128_O256,cap_only,4,107,274.798,2228.423,256
lfm25,C128_O256,cap_only,4,45,301.101,2307.356,256
lfm25,C128_O256,cap_only,4,4,165.835,2359.45,256
lfm25,C128_O256,cap_only,4,110,269.279,2225.397,256
lfm25,C128_O256,cap_only,4,97,287.404,2241.964,256
lfm25,C128_O256,cap_only,4,87,297.643,2254.207,256
lfm25,C128_O256,cap_only,4,21,331.064,2338.533,256
lfm25,C64_O512,cap_only,4,6,79.56,3620.73,512
lfm25,C64_O512,cap_only,4,57,120.307,3509.528,512
lfm25,C64_O512,cap_only,4,60,116.695,3506.66,512
lfm25,C64_O512,cap_only,4,62,113.904,3504.807,512
lfm25,C64_O512,cap_only,4,56,122.143,3515.47,512
lfm25,C64_O512,cap_only,4,31,142.526,3549.346,512
lfm25,C64_O512,cap_only,4,11,72.836,3629.846,512
lfm25,C64_O512,cap_only,4,14,70.646,3627.516,512
lfm25,C64_O512,cap_only,4,2,83.443,3643.124,512
lfm25,C64_O512,cap_only,4,55,123.946,3521.582,512
lfm25,C64_O512,cap_only,4,43,139.913,3538.667,512
lfm25,C64_O512,cap_only,4,7,78.228,3639.037,512
lfm25,C64_O512,cap_only,4,21,89.362,3568.758,512
lfm25,C64_O512,cap_only,4,36,135.86,3550.249,512
lfm25,C64_O512,cap_only,4,13,72.763,3636.249,512
lfm25,C64_O512,cap_only,4,33,139.854,3557.527,512
lfm25,C64_O512,cap_only,4,28,145.365,3565.374,512
lfm25,C64_O512,cap_only,4,22,155.902,3574.174,512
lfm25,C64_O512,cap_only,4,59,117.491,3525.229,512
lfm25,C64_O512,cap_only,4,37,134.78,3556.252,512
lfm25,C64_O512,cap_only,4,32,142.682,3563.318,512
lfm25,C64_O512,cap_only,4,38,133.268,3554.922,512
lfm25,C64_O512,cap_only,4,9,77.213,3645.832,512
lfm25,C64_O512,cap_only,4,12,72.607,3644.294,512
lfm25,C64_O512,cap_only,4,53,125.083,3537.743,512
lfm25,C64_O512,cap_only,4,0,75.222,3660.312,512
lfm25,C64_O512,cap_only,4,49,131.727,3546.969,512
lfm25,C64_O512,cap_only,4,18,145.959,3641.497,512
lfm25,C64_O512,cap_only,4,61,115.795,3532.402,512
lfm25,C64_O512,cap_only,4,39,132.821,3561.58,512
lfm25,C64_O512,cap_only,4,16,68.334,3644.349,512
lfm25,C64_O512,cap_only,4,47,135.053,3553.76,512
lfm25,C64_O512,cap_only,4,5,80.325,3661.295,512
lfm25,C64_O512,cap_only,4,50,131.47,3551.099,512
lfm25,C64_O512,cap_only,4,48,132.709,3554.068,512
lfm25,C64_O512,cap_only,4,4,82.006,3664.446,512
lfm25,C64_O512,cap_only,4,46,135.928,3559.663,512
lfm25,C64_O512,cap_only,4,58,119.791,3543.242,512
lfm25,C64_O512,cap_only,4,30,144.293,3581.185,512
lfm25,C64_O512,cap_only,4,63,112.522,3537.932,512
lfm25,C64_O512,cap_only,4,45,137.246,3562.539,512
lfm25,C64_O512,cap_only,4,42,129.407,3567.243,512
lfm25,C64_O512,cap_only,4,1,85.069,3672.663,512
lfm25,C64_O512,cap_only,4,20,91.396,3600.163,512
lfm25,C64_O512,cap_only,4,54,123.781,3554.606,512
lfm25,C64_O512,cap_only,4,23,154.693,3597.293,512
lfm25,C64_O512,cap_only,4,26,150.024,3593.758,512
lfm25,C64_O512,cap_only,4,24,153.182,3598.178,512
lfm25,C64_O512,cap_only,4,17,146.854,3660.73,512
lfm25,C64_O512,cap_only,4,34,140.507,3587.308,512
lfm25,C64_O512,cap_only,4,40,132.061,3580.35,512
lfm25,C64_O512,cap_only,4,15,66.774,3671.339,512
lfm25,C64_O512,cap_only,4,8,78.66,3683.552,512
lfm25,C64_O512,cap_only,4,10,74.952,3681.775,512
lfm25,C64_O512,cap_only,4,44,137.492,3584.827,512
lfm25,C64_O512,cap_only,4,35,138.389,3597.343,512
lfm25,C64_O512,cap_only,4,41,141.138,3589.643,512
lfm25,C64_O512,cap_only,4,25,152.682,3612.016,512
lfm25,C64_O512,cap_only,4,19,144.433,3672.939,512
lfm25,C64_O512,cap_only,4,52,127.873,3577.571,512
lfm25,C64_O512,cap_only,4,27,148.487,3611.842,512
lfm25,C64_O512,cap_only,4,3,83.041,3696.085,512
lfm25,C64_O512,cap_only,4,29,145.204,3612.498,512
lfm25,C64_O512,cap_only,4,51,129.745,3584.102,512
lfm25,C64_O512,cap_only,5,7,139.634,3607.474,512
lfm25,C64_O512,cap_only,5,25,180.662,3586.537,512
lfm25,C64_O512,cap_only,5,0,72.828,3617.612,512
lfm25,C64_O512,cap_only,5,13,131.513,3602.371,512
lfm25,C64_O512,cap_only,5,43,158.872,3568.647,512
lfm25,C64_O512,cap_only,5,36,168.248,3578.651,512
lfm25,C64_O512,cap_only,5,56,152.654,3555.575,512
lfm25,C64_O512,cap_only,5,19,187.473,3602.844,512
lfm25,C64_O512,cap_only,5,62,144.056,3549.81,512
lfm25,C64_O512,cap_only,5,48,162.6,3568.33,512
lfm25,C64_O512,cap_only,5,40,162.673,3578.772,512
lfm25,C64_O512,cap_only,5,42,161.602,3577.323,512
lfm25,C64_O512,cap_only,5,20,187.226,3605.38,512
lfm25,C64_O512,cap_only,5,29,174.803,3594.737,512
lfm25,C64_O512,cap_only,5,4,143.839,3626.631,512
lfm25,C64_O512,cap_only,5,9,136.639,3622.615,512
lfm25,C64_O512,cap_only,5,50,160.429,3572.399,512
lfm25,C64_O512,cap_only,5,10,135.783,3622.65,512
lfm25,C64_O512,cap_only,5,16,191.358,3614.116,512
lfm25,C64_O512,cap_only,5,32,172.7,3595.76,512
lfm25,C64_O512,cap_only,5,14,129.905,3618.629,512
lfm25,C64_O512,cap_only,5,61,146.172,3561.248,512
lfm25,C64_O512,cap_only,5,27,177.352,3602.934,512
lfm25,C64_O512,cap_only,5,30,174.221,3600.11,512
lfm25,C64_O512,cap_only,5,55,153.478,3569.847,512
lfm25,C64_O512,cap_only,5,38,165.398,3592.576,512
lfm25,C64_O512,cap_only,5,18,189.161,3616.65,512
lfm25,C64_O512,cap_only,5,12,132.804,3625.482,512
lfm25,C64_O512,cap_only,5,21,185.095,3613.624,512
lfm25,C64_O512,cap_only,5,15,193.323,3621.246,512
lfm25,C64_O512,cap_only,5,37,166.399,3595.615,512
lfm25,C64_O512,cap_only,5,22,184.362,3613.197,512
lfm25,C64_O512,cap_only,5,35,168.27,3599.09,512
lfm25,C64_O512,cap_only,5,23,182.039,3613.256,512
lfm25,C64_O512,cap_only,5,6,141.029,3636.755,512
lfm25,C64_O512,cap_only,5,54,154.494,3577.289,512
lfm25,C64_O512,cap_only,5,24,182.033,3614.275,512
lfm25,C64_O512,cap_only,5,44,158.469,3592.571,512
lfm25,C64_O512,cap_only,5,47,163.209,3588.599,512
lfm25,C64_O512,cap_only,5,52,156.511,3582.476,512
lfm25,C64_O512,cap_only,5,63,142.696,3568.717,512
lfm25,C64_O512,cap_only,5,11,134.596,3635.218,512
lfm25,C64_O512,cap_only,5,1,146.472,3647.107,512
lfm25,C64_O512,cap_only,5,3,144.357,3645.494,512
lfm25,C64_O512,cap_only,5,8,137.963,3641.753,512
lfm25,C64_O512,cap_only,5,28,176.616,3617.976,512
lfm25,C64_O512,cap_only,5,2,144.536,3650.802,512
lfm25,C64_O512,cap_only,5,33,171.183,3613.041,512
lfm25,C64_O512,cap_only,5,26,178.962,3621.268,512
lfm25,C64_O512,cap_only,5,31,173.118,3616.012,512
lfm25,C64_O512,cap_only,5,59,147.85,3581.016,512
lfm25,C64_O512,cap_only,5,60,146.895,3582.528,512
lfm25,C64_O512,cap_only,5,39,162.882,3609.684,512
lfm25,C64_O512,cap_only,5,34,170.372,3617.535,512
lfm25,C64_O512,cap_only,5,46,165.024,3602.708,512
lfm25,C64_O512,cap_only,5,49,161.696,3601.528,512
lfm25,C64_O512,cap_only,5,57,151.718,3591.659,512
lfm25,C64_O512,cap_only,5,45,166.747,3609.745,512
lfm25,C64_O512,cap_only,5,41,161.458,3619.442,512
lfm25,C64_O512,cap_only,5,58,150.457,3598.943,512
lfm25,C64_O512,cap_only,5,51,159.001,3608.04,512
lfm25,C64_O512,cap_only,5,17,190.051,3650.308,512
lfm25,C64_O512,cap_only,5,53,155.836,3606.325,512
lfm25,C64_O512,cap_only,5,5,141.533,3666.461,512
lfm25,C128_O256,cap_only,5,28,323.297,2316.318,256
lfm25,C128_O256,cap_only,5,17,336.818,2330.988,256
lfm25,C128_O256,cap_only,5,69,332.548,2265.921,256
lfm25,C128_O256,cap_only,5,92,302.358,2236.039,256
lfm25,C128_O256,cap_only,5,66,336.414,2270.134,256
lfm25,C128_O256,cap_only,5,0,82.385,2352.23,256
lfm25,C128_O256,cap_only,5,5,164.426,2347.176,256
lfm25,C128_O256,cap_only,5,49,360.469,2293.316,256
lfm25,C128_O256,cap_only,5,121,267.46,2199.532,256
lfm25,C128_O256,cap_only,5,115,272.81,2208.01,256
lfm25,C128_O256,cap_only,5,20,333.156,2331.049,256
lfm25,C128_O256,cap_only,5,57,347.599,2283.158,256
lfm25,C128_O256,cap_only,5,125,262.818,2196.055,256
lfm25,C128_O256,cap_only,5,117,272.278,2206.525,256
lfm25,C128_O256,cap_only,5,79,319.65,2255.353,256
lfm25,C128_O256,cap_only,5,98,296.265,2233.492,256
lfm25,C128_O256,cap_only,5,123,265.025,2200.797,256
lfm25,C128_O256,cap_only,5,64,339.765,2278.451,256
lfm25,C128_O256,cap_only,5,91,303.915,2242.691,256
lfm25,C128_O256,cap_only,5,99,294.151,2232.65,256
lfm25,C128_O256,cap_only,5,71,332.4,2270.026,256
lfm25,C128_O256,cap_only,5,29,321.97,2324.079,256
lfm25,C128_O256,cap_only,5,116,271.742,2211.404,256
lfm25,C128_O256,cap_only,5,90,305.352,2245.47,256
lfm25,C128_O256,cap_only,5,74,326.87,2267.432,256
lfm25,C128_O256,cap_only,5,100,293.55,2233.153,256
lfm25,C128_O256,cap_only,5,13,156.352,2345.754,256
lfm25,C128_O256,cap_only,5,70,333.795,2273.421,256
lfm25,C128_O256,cap_only,5,26,326.598,2329.988,256
lfm25,C128_O256,cap_only,5,52,356.484,2296.127,256
lfm25,C128_O256,cap_only,5,83,313.338,2255.633,256
lfm25,C128_O256,cap_only,5,23,329.081,2333.894,256
lfm25,C128_O256,cap_only,5,73,327.495,2270.24,256
lfm25,C128_O256,cap_only,5,10,158.867,2350.261,256
lfm25,C128_O256,cap_only,5,85,310.254,2254.528,256
lfm25,C128_O256,cap_only,5,35,314.217,2319.811,256
lfm25,C128_O256,cap_only,5,124,263.786,2204.86,256
lfm25,C128_O256,cap_only,5,40,306.674,2313.632,256
lfm25,C128_O256,cap_only,5,102,291.271,2234.363,256
lfm25,C128_O256,cap_only,5,8,160.874,2354.459,256
lfm25,C128_O256,cap_only,5,107,283.48,2229.053,256
lfm25,C128_O256,cap_only,5,7,161.417,2355.572,256
lfm25,C128_O256,cap_only,5,82,316.978,2259.71,256
lfm25,C128_O256,cap_only,5,9,160.485,2353.955,256
lfm25,C128_O256,cap_only,5,30,320.179,2328.205,256
lfm25,C128_O256,cap_only,5,126,261.403,2204.257,256
lfm25,C128_O256,cap_only,5,46,300.348,2307.844,256
lfm25,C128_O256,cap_only,5,65,339.487,2284.413,256
lfm25,C128_O256,cap_only,5,105,287.571,2232.421,256
lfm25,C128_O256,cap_only,5,1,81.612,2363.514,256
lfm25,C128_O256,cap_only,5,106,285.462,2232.258,256
lfm25,C128_O256,cap_only,5,94,300.599,2247.463,256
lfm25,C128_O256,cap_only,5,88,310.498,2255.515,256
lfm25,C128_O256,cap_only,5,80,318.153,2265.418,256
lfm25,C128_O256,cap_only,5,42,304.869,2315.821,256
lfm25,C128_O256,cap_only,5,93,302.409,2249.788,256
lfm25,C128_O256,cap_only,5,47,361.638,2309.351,256
lfm25,C128_O256,cap_only,5,59,344.474,2294.363,256
lfm25,C128_O256,cap_only,5,77,322.073,2270.409,256
lfm25,C128_O256,cap_only,5,16,337.846,2349.434,256
lfm25,C128_O256,cap_only,5,51,356.032,2306.506,256
lfm25,C128_O256,cap_only,5,24,327.403,2340.591,256
lfm25,C128_O256,cap_only,5,110,278.294,2229.473,256
lfm25,C128_O256,cap_only,5,31,318.651,2332.246,256
lfm25,C128_O256,cap_only,5,109,280.698,2231.149,256
lfm25,C128_O256,cap_only,5,6,163.351,2362.737,256
lfm25,C128_O256,cap_only,5,61,343.156,2293.997,256
lfm25,C128_O256,cap_only,5,118,267.573,2220.597,256
lfm25,C128_O256,cap_only,5,76,325.063,2275.458,256
lfm25,C128_O256,cap_only,5,14,339.919,2355.579,256
lfm25,C128_O256,cap_only,5,34,313.677,2330.005,256
lfm25,C128_O256,cap_only,5,103,290.246,2242.246,256
lfm25,C128_O256,cap_only,5,62,343.638,2295.107,256
lfm25,C128_O256,cap_only,5,32,318.326,2333.946,256
lfm25,C128_O256,cap_only,5,60,346.403,2298.124,256
lfm25,C128_O256,cap_only,5,4,165.48,2368.241,256
lfm25,C128_O256,cap_only,5,36,312.118,2328.958,256
lfm25,C128_O256,cap_only,5,11,158.091,2360.967,256
lfm25,C128_O256,cap_only,5,27,324.947,2341.541,256
lfm25,C128_O256,cap_only,5,78,320.785,2274.896,256
lfm25,C128_O256,cap_only,5,21,332.749,2349.809,256
lfm25,C128_O256,cap_only,5,84,312.372,2268.009,256
lfm25,C128_O256,cap_only,5,114,275.376,2229.656,256
lfm25,C128_O256,cap_only,5,86,310.787,2265.389,256
lfm25,C128_O256,cap_only,5,39,308.798,2326.946,256
lfm25,C128_O256,cap_only,5,104,290.184,2243.91,256
lfm25,C128_O256,cap_only,5,15,339.043,2358.469,256
lfm25,C128_O256,cap_only,5,37,312.018,2331.143,256
lfm25,C128_O256,cap_only,5,68,335.978,2291.381,256
lfm25,C128_O256,cap_only,5,38,309.952,2330.146,256
lfm25,C128_O256,cap_only,5,67,336.294,2292.987,256
lfm25,C128_O256,cap_only,5,45,300.197,2321.494,256
lfm25,C128_O256,cap_only,5,119,269.499,2225.306,256
lfm25,C128_O256,cap_only,5,113,277.225,2233.952,256
lfm25,C128_O256,cap_only,5,41,306.837,2326.931,256
lfm25,C128_O256,cap_only,5,25,326.504,2347.888,256
lfm25,C128_O256,cap_only,5,108,284.579,2240.933,256
lfm25,C128_O256,cap_only,5,33,316.846,2337.247,256
lfm25,C128_O256,cap_only,5,111,279.813,2237.167,256
lfm25,C128_O256,cap_only,5,127,259.879,2216.114,256
lfm25,C128_O256,cap_only,5,12,157.061,2364.708,256
lfm25,C128_O256,cap_only,5,19,335.12,2355.988,256
lfm25,C128_O256,cap_only,5,50,359.73,2316.683,256
lfm25,C128_O256,cap_only,5,2,166.721,2375.928,256
lfm25,C128_O256,cap_only,5,44,302.946,2325.116,256
lfm25,C128_O256,cap_only,5,3,165.848,2375.476,256
lfm25,C128_O256,cap_only,5,89,307.14,2267.227,256
lfm25,C128_O256,cap_only,5,48,361.947,2320.739,256
lfm25,C128_O256,cap_only,5,122,267.211,2225.369,256
lfm25,C128_O256,cap_only,5,56,351.797,2310.739,256
lfm25,C128_O256,cap_only,5,18,335.767,2359.758,256
lfm25,C128_O256,cap_only,5,72,330.58,2290.949,256
lfm25,C128_O256,cap_only,5,55,352.907,2312.528,256
lfm25,C128_O256,cap_only,5,97,295.066,2258.33,256
lfm25,C128_O256,cap_only,5,75,325.574,2287.933,256
lfm25,C128_O256,cap_only,5,54,351.006,2314.142,256
lfm25,C128_O256,cap_only,5,81,317.653,2278.96,256
lfm25,C128_O256,cap_only,5,120,267.98,2229.232,256
lfm25,C128_O256,cap_only,5,101,292.561,2254.754,256
lfm25,C128_O256,cap_only,5,112,278.929,2240.42,256
lfm25,C128_O256,cap_only,5,58,348.951,2311.437,256
lfm25,C128_O256,cap_only,5,63,340.973,2304.958,256
lfm25,C128_O256,cap_only,5,96,299.234,2261.921,256
lfm25,C128_O256,cap_only,5,43,303.297,2330.796,256
lfm25,C128_O256,cap_only,5,87,309.484,2273.446,256
lfm25,C128_O256,cap_only,5,53,353.824,2317.744,256
lfm25,C128_O256,cap_only,5,95,299.684,2263.929,256
lfm25,C128_O256,cap_only,5,22,331.71,2358.348,256
lfm25,C128_O256,full_high_concurrency,1,69,214.131,2458.412,256
lfm25,C128_O256,full_high_concurrency,1,89,400.683,2435.591,256
lfm25,C128_O256,full_high_concurrency,1,25,156.106,2519.426,256
lfm25,C128_O256,full_high_concurrency,1,120,470.858,2397.219,256
lfm25,C128_O256,full_high_concurrency,1,56,193.962,2482.182,256
lfm25,C128_O256,full_high_concurrency,1,5,108.007,2546.47,256
lfm25,C128_O256,full_high_concurrency,1,53,196.929,2485.299,256
lfm25,C128_O256,full_high_concurrency,1,70,252.588,2464.425,256
lfm25,C128_O256,full_high_concurrency,1,66,218.802,2470.077,256
lfm25,C128_O256,full_high_concurrency,1,48,168.479,2495.101,256
lfm25,C128_O256,full_high_concurrency,1,92,395.156,2436.319,256
lfm25,C128_O256,full_high_concurrency,1,21,124.393,2528.267,256
lfm25,C128_O256,full_high_concurrency,1,52,198.842,2489.022,256
lfm25,C128_O256,full_high_concurrency,1,1,74.814,2555.364,256
lfm25,C128_O256,full_high_concurrency,1,28,152.639,2521.037,256
lfm25,C128_O256,full_high_concurrency,1,68,216.65,2470.795,256
lfm25,C128_O256,full_high_concurrency,1,95,430.125,2436.03,256
lfm25,C128_O256,full_high_concurrency,1,84,407.163,2450.91,256
lfm25,C128_O256,full_high_concurrency,1,6,107.19,2550.278,256
lfm25,C128_O256,full_high_concurrency,1,124,468.886,2397.523,256
lfm25,C128_O256,full_high_concurrency,1,90,398.847,2443.226,256
lfm25,C128_O256,full_high_concurrency,1,101,421.135,2428.585,256
lfm25,C128_O256,full_high_concurrency,1,112,443.526,2413.581,256
lfm25,C128_O256,full_high_concurrency,1,126,466.621,2396.003,256
lfm25,C128_O256,full_high_concurrency,1,16,131.275,2539.488,256
lfm25,C128_O256,full_high_concurrency,1,60,189.296,2483.755,256
lfm25,C128_O256,full_high_concurrency,1,47,169.569,2501.398,256
lfm25,C128_O256,full_high_concurrency,1,116,474.494,2408.843,256
lfm25,C128_O256,full_high_concurrency,1,105,452.741,2424.837,256
lfm25,C128_O256,full_high_concurrency,1,34,145.966,2518.656,256
lfm25,C128_O256,full_high_concurrency,1,32,147.577,2520.958,256
lfm25,C128_O256,full_high_concurrency,1,94,431.354,2440.898,256
lfm25,C128_O256,full_high_concurrency,1,40,177.544,2510.889,256
lfm25,C128_O256,full_high_concurrency,1,45,171.637,2505.97,256
lfm25,C128_O256,full_high_concurrency,1,107,449.186,2423.814,256
lfm25,C128_O256,full_high_concurrency,1,110,446.757,2421.186,256
lfm25,C128_O256,full_high_concurrency,1,27,153.077,2528.599,256
lfm25,C128_O256,full_high_concurrency,1,127,465.604,2399.2,256
lfm25,C128_O256,full_high_concurrency,1,38,180.017,2516.222,256
lfm25,C128_O256,full_high_concurrency,1,122,468.283,2406.839,256
lfm25,C128_O256,full_high_concurrency,1,65,220.207,2482.388,256
lfm25,C128_O256,full_high_concurrency,1,91,397.212,2447.65,256
lfm25,C128_O256,full_high_concurrency,1,7,107.734,2556.052,256
lfm25,C128_O256,full_high_concurrency,1,115,476.186,2415.939,256
lfm25,C128_O256,full_high_concurrency,1,2,112.519,2562.719,256
lfm25,C128_O256,full_high_concurrency,1,81,238.639,2462.915,256
lfm25,C128_O256,full_high_concurrency,1,12,99.702,2551.563,256
lfm25,C128_O256,full_high_concurrency,1,22,122.678,2539.626,256
lfm25,C128_O256,full_high_concurrency,1,98,424.92,2441.613,256
lfm25,C128_O256,full_high_concurrency,1,3,111.128,2564.144,256
lfm25,C128_O256,full_high_concurrency,1,50,201.999,2505.03,256
lfm25,C128_O256,full_high_concurrency,1,96,427.072,2444.489,256
lfm25,C128_O256,full_high_concurrency,1,20,125.924,2543.813,256
lfm25,C128_O256,full_high_concurrency,1,24,121.022,2538.344,256
lfm25,C128_O256,full_high_concurrency,1,39,179.179,2519.913,256
lfm25,C128_O256,full_high_concurrency,1,23,122.011,2539.793,256
lfm25,C128_O256,full_high_concurrency,1,87,403.102,2458.399,256
lfm25,C128_O256,full_high_concurrency,1,33,146.595,2528.387,256
lfm25,C128_O256,full_high_concurrency,1,75,245.607,2474.088,256
lfm25,C128_O256,full_high_concurrency,1,123,470.416,2410.396,256
lfm25,C128_O256,full_high_concurrency,1,71,211.331,2479.276,256
lfm25,C128_O256,full_high_concurrency,1,117,473.011,2418.566,256
lfm25,C128_O256,full_high_concurrency,1,11,100.021,2556.603,256
lfm25,C128_O256,full_high_concurrency,1,97,425.748,2446.139,256
lfm25,C128_O256,full_high_concurrency,1,59,190.176,2497.296,256
lfm25,C128_O256,full_high_concurrency,1,99,423.976,2444.873,256
lfm25,C128_O256,full_high_concurrency,1,31,148.667,2532.954,256
lfm25,C128_O256,full_high_concurrency,1,63,222.836,2492.366,256
lfm25,C128_O256,full_high_concurrency,1,86,403.849,2462.384,256
lfm25,C128_O256,full_high_concurrency,1,0,74.929,2571.9,256
lfm25,C128_O256,full_high_concurrency,1,55,195.382,2502.969,256
lfm25,C128_O256,full_high_concurrency,1,49,204.015,2511.572,256
lfm25,C128_O256,full_high_concurrency,1,41,175.935,2521.303,256
lfm25,C128_O256,full_high_concurrency,1,83,408.789,2467.659,256
lfm25,C128_O256,full_high_concurrency,1,19,126.063,2549.133,256
lfm25,C128_O256,full_high_concurrency,1,10,101.867,2560.311,256
lfm25,C128_O256,full_high_concurrency,1,121,469.519,2417.717,256
lfm25,C128_O256,full_high_concurrency,1,85,405.08,2465.022,256
lfm25,C128_O256,full_high_concurrency,1,14,133.256,2556.353,256
lfm25,C128_O256,full_high_concurrency,1,114,477.951,2426.757,256
lfm25,C128_O256,full_high_concurrency,1,29,151.034,2538.034,256
lfm25,C128_O256,full_high_concurrency,1,26,154.199,2541.426,256
lfm25,C128_O256,full_high_concurrency,1,37,181.47,2528.256,256
lfm25,C128_O256,full_high_concurrency,1,76,244.543,2478.034,256
lfm25,C128_O256,full_high_concurrency,1,80,240.003,2473.501,256
lfm25,C128_O256,full_high_concurrency,1,18,127.468,2552.464,256
lfm25,C128_O256,full_high_concurrency,1,9,102.447,2563.34,256
lfm25,C128_O256,full_high_concurrency,1,72,249.489,2483.542,256
lfm25,C128_O256,full_high_concurrency,1,57,193.556,2504.379,256
lfm25,C128_O256,full_high_concurrency,1,88,401.812,2464.026,256
lfm25,C128_O256,full_high_concurrency,1,43,173.182,2522.431,256
lfm25,C128_O256,full_high_concurrency,1,58,191.215,2503.444,256
lfm25,C128_O256,full_high_concurrency,1,51,200.468,2512.901,256
lfm25,C128_O256,full_high_concurrency,1,118,472.123,2424.02,256
lfm25,C128_O256,full_high_concurrency,1,106,451.418,2440.93,256
lfm25,C128_O256,full_high_concurrency,1,74,247.251,2484.074,256
lfm25,C128_O256,full_high_concurrency,1,13,133.5,2565.372,256
lfm25,C128_O256,full_high_concurrency,1,15,130.976,2562.861,256
lfm25,C128_O256,full_high_concurrency,1,125,468.505,2421.347,256
lfm25,C128_O256,full_high_concurrency,1,77,243.262,2484.581,256
lfm25,C128_O256,full_high_concurrency,1,113,478.723,2436.44,256
lfm25,C128_O256,full_high_concurrency,1,17,128.272,2561.56,256
lfm25,C128_O256,full_high_concurrency,1,44,172.825,2528.451,256
lfm25,C128_O256,full_high_concurrency,1,103,455.14,2450.726,256
lfm25,C128_O256,full_high_concurrency,1,4,109.854,2579.214,256
lfm25,C128_O256,full_high_concurrency,1,108,448.876,2444.419,256
lfm25,C128_O256,full_high_concurrency,1,36,142.525,2538.82,256
lfm25,C128_O256,full_high_concurrency,1,35,143.754,2540.513,256
lfm25,C128_O256,full_high_concurrency,1,109,447.614,2444.039,256
lfm25,C128_O256,full_high_concurrency,1,8,107.135,2574.189,256
lfm25,C128_O256,full_high_concurrency,1,62,223.904,2506.668,256
lfm25,C128_O256,full_high_concurrency,1,46,170.616,2527.946,256
lfm25,C128_O256,full_high_concurrency,1,119,471.082,2431.377,256
lfm25,C128_O256,full_high_concurrency,1,42,174.812,2532.605,256
lfm25,C128_O256,full_high_concurrency,1,79,241.637,2485.589,256
lfm25,C128_O256,full_high_concurrency,1,54,196.111,2517.134,256
lfm25,C128_O256,full_high_concurrency,1,100,423.016,2458.019,256
lfm25,C128_O256,full_high_concurrency,1,73,248.562,2493.343,256
lfm25,C128_O256,full_high_concurrency,1,93,431.869,2466.975,256
lfm25,C128_O256,full_high_concurrency,1,111,444.742,2442.889,256
lfm25,C128_O256,full_high_concurrency,1,82,408.843,2482.256,256
lfm25,C128_O256,full_high_concurrency,1,61,225.488,2509.69,256
lfm25,C128_O256,full_high_concurrency,1,78,242.269,2488.005,256
lfm25,C128_O256,full_high_concurrency,1,104,453.728,2453.148,256
lfm25,C128_O256,full_high_concurrency,1,67,217.907,2502.602,256
lfm25,C128_O256,full_high_concurrency,1,30,150.283,2550.084,256
lfm25,C128_O256,full_high_concurrency,1,102,456.339,2456.025,256
lfm25,C128_O256,full_high_concurrency,1,64,222.128,2507.453,256
lfm25,C64_O512,full_high_concurrency,1,14,352.84,3511.556,512
lfm25,C64_O512,full_high_concurrency,1,10,356.356,3523.092,512
lfm25,C64_O512,full_high_concurrency,1,7,358.311,3530.863,512
lfm25,C64_O512,full_high_concurrency,1,5,361.468,3537.901,512
lfm25,C64_O512,full_high_concurrency,1,11,353.62,3531.175,512
lfm25,C64_O512,full_high_concurrency,1,8,357.266,3534.676,512
lfm25,C64_O512,full_high_concurrency,1,6,359.986,3545.836,512
lfm25,C64_O512,full_high_concurrency,1,4,361.518,3547.639,512
lfm25,C64_O512,full_high_concurrency,1,15,351.954,3536.667,512
lfm25,C64_O512,full_high_concurrency,1,3,364.425,3558.483,512
lfm25,C64_O512,full_high_concurrency,1,1,365.727,3560.468,512
lfm25,C64_O512,full_high_concurrency,1,9,356.528,3553.461,512
lfm25,C64_O512,full_high_concurrency,1,17,348.852,3547.667,512
lfm25,C64_O512,full_high_concurrency,1,0,363.581,3569.04,512
lfm25,C64_O512,full_high_concurrency,1,12,352.798,3557.809,512
lfm25,C64_O512,full_high_concurrency,1,2,361.566,3584.803,512
lfm25,C64_O512,full_high_concurrency,1,13,350.997,3572.252,512
lfm25,C64_O512,full_high_concurrency,1,16,350.944,3623.063,512
lfm25,C64_O512,full_high_concurrency,1,43,451.07,3839.552,512
lfm25,C64_O512,full_high_concurrency,1,27,424.412,3855.844,512
lfm25,C64_O512,full_high_concurrency,1,45,484.283,3838.608,512
lfm25,C64_O512,full_high_concurrency,1,39,454.575,3845.009,512
lfm25,C64_O512,full_high_concurrency,1,62,473.763,3822.484,512
lfm25,C64_O512,full_high_concurrency,1,58,479.023,3827.898,512
lfm25,C64_O512,full_high_concurrency,1,48,481.876,3837.809,512
lfm25,C64_O512,full_high_concurrency,1,37,456.545,3851.616,512
lfm25,C64_O512,full_high_concurrency,1,31,462.6,3858.564,512
lfm25,C64_O512,full_high_concurrency,1,40,453.563,3850.598,512
lfm25,C64_O512,full_high_concurrency,1,19,434.782,3873.65,512
lfm25,C64_O512,full_high_concurrency,1,29,422.627,3862.044,512
lfm25,C64_O512,full_high_concurrency,1,36,457.578,3855.062,512
lfm25,C64_O512,full_high_concurrency,1,51,480.078,3841.45,512
lfm25,C64_O512,full_high_concurrency,1,35,457.794,3856.479,512
lfm25,C64_O512,full_high_concurrency,1,24,427.678,3867.961,512
lfm25,C64_O512,full_high_concurrency,1,47,483.012,3845.599,512
lfm25,C64_O512,full_high_concurrency,1,52,478.895,3841.254,512
lfm25,C64_O512,full_high_concurrency,1,59,478.076,3834.692,512
lfm25,C64_O512,full_high_concurrency,1,44,485.227,3848.815,512
lfm25,C64_O512,full_high_concurrency,1,23,428.381,3870.25,512
lfm25,C64_O512,full_high_concurrency,1,55,475.734,3839.391,512
lfm25,C64_O512,full_high_concurrency,1,57,479.973,3837.476,512
lfm25,C64_O512,full_high_concurrency,1,18,416.129,3878.023,512
lfm25,C64_O512,full_high_concurrency,1,49,481.324,3845.857,512
lfm25,C64_O512,full_high_concurrency,1,25,425.562,3869.566,512
lfm25,C64_O512,full_high_concurrency,1,34,459.749,3860.861,512
lfm25,C64_O512,full_high_concurrency,1,30,420.817,3865.096,512
lfm25,C64_O512,full_high_concurrency,1,53,478.021,3843.15,512
lfm25,C64_O512,full_high_concurrency,1,22,430.487,3875.226,512
lfm25,C64_O512,full_high_concurrency,1,60,476.987,3837.319,512
lfm25,C64_O512,full_high_concurrency,1,54,476.875,3843.411,512
lfm25,C64_O512,full_high_concurrency,1,33,460.206,3863.434,512
lfm25,C64_O512,full_high_concurrency,1,20,433.428,3878.62,512
lfm25,C64_O512,full_high_concurrency,1,56,474.952,3842.197,512
lfm25,C64_O512,full_high_concurrency,1,50,480.749,3848.094,512
lfm25,C64_O512,full_high_concurrency,1,63,472.828,3834.547,512
lfm25,C64_O512,full_high_concurrency,1,28,422.852,3869.686,512
lfm25,C64_O512,full_high_concurrency,1,26,424.952,3871.792,512
lfm25,C64_O512,full_high_concurrency,1,61,474.76,3837.486,512
lfm25,C64_O512,full_high_concurrency,1,38,455.03,3860.585,512
lfm25,C64_O512,full_high_concurrency,1,42,451.618,3857.108,512
lfm25,C64_O512,full_high_concurrency,1,46,484.023,3853.39,512
lfm25,C64_O512,full_high_concurrency,1,21,432.476,3880.099,512
lfm25,C64_O512,full_high_concurrency,1,32,461.116,3867.074,512
lfm25,C64_O512,full_high_concurrency,1,41,452.396,3858.994,512
lfm25,C128_O256,full_high_concurrency,2,37,149.021,2332.769,256
lfm25,C128_O256,full_high_concurrency,2,112,228.968,2155.218,256
lfm25,C128_O256,full_high_concurrency,2,45,173.654,2323.596,256
lfm25,C128_O256,full_high_concurrency,2,9,156.082,2367.544,256
lfm25,C128_O256,full_high_concurrency,2,39,182.281,2332.929,256
lfm25,C128_O256,full_high_concurrency,2,20,139.931,2356.143,256
lfm25,C128_O256,full_high_concurrency,2,23,139.432,2351.984,256
lfm25,C128_O256,full_high_concurrency,2,61,187.876,2306.705,256
lfm25,C128_O256,full_high_concurrency,2,62,184.956,2304.393,256
lfm25,C128_O256,full_high_concurrency,2,92,182.142,2183.631,256
lfm25,C128_O256,full_high_concurrency,2,51,199.916,2320.67,256
lfm25,C128_O256,full_high_concurrency,2,102,209.949,2173.346,256
lfm25,C128_O256,full_high_concurrency,2,18,146.653,2360.866,256
lfm25,C128_O256,full_high_concurrency,2,6,159.763,2375.584,256
lfm25,C128_O256,full_high_concurrency,2,43,177.192,2331.479,256
lfm25,C128_O256,full_high_concurrency,2,107,235.688,2168.226,256
lfm25,C128_O256,full_high_concurrency,2,1,164.432,2382.294,256
lfm25,C128_O256,full_high_concurrency,2,0,67.177,2384.054,256
lfm25,C128_O256,full_high_concurrency,2,76,165.67,2207.593,256
lfm25,C128_O256,full_high_concurrency,2,86,153.26,2195.599,256
lfm25,C128_O256,full_high_concurrency,2,33,153.719,2345.731,256
lfm25,C128_O256,full_high_concurrency,2,111,230.641,2164.791,256
lfm25,C128_O256,full_high_concurrency,2,7,155.613,2377.288,256
lfm25,C128_O256,full_high_concurrency,2,32,153.208,2346.923,256
lfm25,C128_O256,full_high_concurrency,2,110,231.546,2167.222,256
lfm25,C128_O256,full_high_concurrency,2,91,183.017,2189.876,256
lfm25,C128_O256,full_high_concurrency,2,29,154.707,2351.404,256
lfm25,C128_O256,full_high_concurrency,2,104,207.701,2176.147,256
lfm25,C128_O256,full_high_concurrency,2,77,164.192,2209.533,256
lfm25,C128_O256,full_high_concurrency,2,42,177.477,2337.964,256
lfm25,C128_O256,full_high_concurrency,2,13,148.723,2372.815,256
lfm25,C128_O256,full_high_concurrency,2,66,221.154,2305.72,256
lfm25,C128_O256,full_high_concurrency,2,120,225.11,2156.197,256
lfm25,C128_O256,full_high_concurrency,2,53,198.513,2325.963,256
lfm25,C128_O256,full_high_concurrency,2,16,146.397,2369.501,256
lfm25,C128_O256,full_high_concurrency,2,60,189.199,2316.554,256
lfm25,C128_O256,full_high_concurrency,2,80,160.334,2208.102,256
lfm25,C128_O256,full_high_concurrency,2,94,218.65,2190.1,256
lfm25,C128_O256,full_high_concurrency,2,96,178.187,2188.369,256
lfm25,C128_O256,full_high_concurrency,2,117,222.797,2163.008,256
lfm25,C128_O256,full_high_concurrency,2,2,161.636,2388.486,256
lfm25,C128_O256,full_high_concurrency,2,11,153.114,2378.906,256
lfm25,C128_O256,full_high_concurrency,2,67,219.455,2307.856,256
lfm25,C128_O256,full_high_concurrency,2,28,155.822,2356.98,256
lfm25,C128_O256,full_high_concurrency,2,25,159.539,2360.683,256
lfm25,C128_O256,full_high_concurrency,2,108,202.625,2175.32,256
lfm25,C128_O256,full_high_concurrency,2,5,159.603,2386.153,256
lfm25,C128_O256,full_high_concurrency,2,75,127.437,2216.419,256
lfm25,C128_O256,full_high_concurrency,2,3,162.431,2388.981,256
lfm25,C128_O256,full_high_concurrency,2,98,214.415,2188.991,256
lfm25,C128_O256,full_high_concurrency,2,82,158.619,2209.821,256
lfm25,C128_O256,full_high_concurrency,2,17,144.159,2373.484,256
lfm25,C128_O256,full_high_concurrency,2,105,205.973,2181.435,256
lfm25,C128_O256,full_high_concurrency,2,27,157.573,2361.097,256
lfm25,C128_O256,full_high_concurrency,2,88,187.001,2201.631,256
lfm25,C128_O256,full_high_concurrency,2,10,151.503,2382.754,256
lfm25,C128_O256,full_high_concurrency,2,68,136.307,2227.891,256
lfm25,C128_O256,full_high_concurrency,2,127,215.184,2153.255,256
lfm25,C128_O256,full_high_concurrency,2,93,181.784,2196.886,256
lfm25,C128_O256,full_high_concurrency,2,123,220.414,2158.724,256
lfm25,C128_O256,full_high_concurrency,2,34,149.601,2355.131,256
lfm25,C128_O256,full_high_concurrency,2,24,134.496,2366.246,256
lfm25,C128_O256,full_high_concurrency,2,125,218.268,2157.084,256
lfm25,C128_O256,full_high_concurrency,2,95,178.936,2195.298,256
lfm25,C128_O256,full_high_concurrency,2,40,182.241,2349.614,256
lfm25,C128_O256,full_high_concurrency,2,79,161.62,2216.345,256
lfm25,C128_O256,full_high_concurrency,2,36,149.052,2354.452,256
lfm25,C128_O256,full_high_concurrency,2,115,225.922,2172.401,256
lfm25,C128_O256,full_high_concurrency,2,124,219.393,2159.317,256
lfm25,C128_O256,full_high_concurrency,2,41,178.257,2348.602,256
lfm25,C128_O256,full_high_concurrency,2,101,211.344,2190.236,256
lfm25,C128_O256,full_high_concurrency,2,97,176.912,2195.121,256
lfm25,C128_O256,full_high_concurrency,2,100,211.941,2191.315,256
lfm25,C128_O256,full_high_concurrency,2,56,194.299,2330.361,256
lfm25,C128_O256,full_high_concurrency,2,65,221.942,2317.084,256
lfm25,C128_O256,full_high_concurrency,2,126,216.999,2158.386,256
lfm25,C128_O256,full_high_concurrency,2,71,132.497,2228.26,256
lfm25,C128_O256,full_high_concurrency,2,119,220.094,2168.607,256
lfm25,C128_O256,full_high_concurrency,2,8,155.838,2389.949,256
lfm25,C128_O256,full_high_concurrency,2,84,156.428,2214.099,256
lfm25,C128_O256,full_high_concurrency,2,113,227.99,2177.226,256
lfm25,C128_O256,full_high_concurrency,2,26,158.139,2367.954,256
lfm25,C128_O256,full_high_concurrency,2,50,168.61,2340.678,256
lfm25,C128_O256,full_high_concurrency,2,4,163.656,2396.754,256
lfm25,C128_O256,full_high_concurrency,2,12,153.849,2386.938,256
lfm25,C128_O256,full_high_concurrency,2,114,226.553,2177.563,256
lfm25,C128_O256,full_high_concurrency,2,103,209.468,2191.786,256
lfm25,C128_O256,full_high_concurrency,2,47,172.901,2345.46,256
lfm25,C128_O256,full_high_concurrency,2,55,195.615,2335.877,256
lfm25,C128_O256,full_high_concurrency,2,85,154.175,2214.244,256
lfm25,C128_O256,full_high_concurrency,2,59,190.196,2330.161,256
lfm25,C128_O256,full_high_concurrency,2,89,185.214,2207.693,256
lfm25,C128_O256,full_high_concurrency,2,121,224.137,2168.808,256
lfm25,C128_O256,full_high_concurrency,2,72,131.542,2230.131,256
lfm25,C128_O256,full_high_concurrency,2,22,138.44,2374.681,256
lfm25,C128_O256,full_high_concurrency,2,21,142.183,2376.418,256
lfm25,C128_O256,full_high_concurrency,2,74,127.935,2228.597,256
lfm25,C128_O256,full_high_concurrency,2,58,191.129,2332.959,256
lfm25,C128_O256,full_high_concurrency,2,35,149.027,2362.334,256
lfm25,C128_O256,full_high_concurrency,2,38,145.144,2359.789,256
lfm25,C128_O256,full_high_concurrency,2,81,159.28,2221.863,256
lfm25,C128_O256,full_high_concurrency,2,14,147.449,2388.083,256
lfm25,C128_O256,full_high_concurrency,2,64,181.812,2325.071,256
lfm25,C128_O256,full_high_concurrency,2,44,176.421,2352.434,256
lfm25,C128_O256,full_high_concurrency,2,118,220.576,2175.433,256
lfm25,C128_O256,full_high_concurrency,2,70,133.873,2235.947,256
lfm25,C128_O256,full_high_concurrency,2,87,189.315,2214.887,256
lfm25,C128_O256,full_high_concurrency,2,19,141.402,2383.048,256
lfm25,C128_O256,full_high_concurrency,2,31,153.201,2368.522,256
lfm25,C128_O256,full_high_concurrency,2,122,221.659,2170.627,256
lfm25,C128_O256,full_high_concurrency,2,48,171.158,2348.888,256
lfm25,C128_O256,full_high_concurrency,2,49,168.447,2347.615,256
lfm25,C128_O256,full_high_concurrency,2,30,154.192,2370.406,256
lfm25,C128_O256,full_high_concurrency,2,83,157.646,2222.128,256
lfm25,C128_O256,full_high_concurrency,2,90,183.945,2211.343,256
lfm25,C128_O256,full_high_concurrency,2,57,192.004,2337.815,256
lfm25,C128_O256,full_high_concurrency,2,78,162.659,2227.795,256
lfm25,C128_O256,full_high_concurrency,2,63,225.201,2328.705,256
lfm25,C128_O256,full_high_concurrency,2,15,147.867,2389.243,256
lfm25,C128_O256,full_high_concurrency,2,54,197.243,2343.104,256
lfm25,C128_O256,full_high_concurrency,2,106,205.174,2193.761,256
lfm25,C128_O256,full_high_concurrency,2,46,172.057,2352.682,256
lfm25,C128_O256,full_high_concurrency,2,52,199.461,2345.436,256
lfm25,C128_O256,full_high_concurrency,2,99,213.267,2203.083,256
lfm25,C128_O256,full_high_concurrency,2,69,134.199,2239.612,256
lfm25,C128_O256,full_high_concurrency,2,116,224.081,2182.525,256
lfm25,C128_O256,full_high_concurrency,2,73,129.875,2235.675,256
lfm25,C128_O256,full_high_concurrency,2,109,200.745,2191.223,256
lfm25,C64_O512,full_high_concurrency,2,31,147.91,3560.234,512
lfm25,C64_O512,full_high_concurrency,2,5,101.629,3597.051,512
lfm25,C64_O512,full_high_concurrency,2,54,154.803,3538.117,512
lfm25,C64_O512,full_high_concurrency,2,55,159.872,3537.731,512
lfm25,C64_O512,full_high_concurrency,2,45,165.605,3552.385,512
lfm25,C64_O512,full_high_concurrency,2,63,147.996,3528.471,512
lfm25,C64_O512,full_high_concurrency,2,19,124.554,3585.602,512
lfm25,C64_O512,full_high_concurrency,2,36,142.193,3564.835,512
lfm25,C64_O512,full_high_concurrency,2,2,105.107,3607.477,512
lfm25,C64_O512,full_high_concurrency,2,46,164.831,3553.782,512
lfm25,C64_O512,full_high_concurrency,2,62,149.149,3533.674,512
lfm25,C64_O512,full_high_concurrency,2,30,149.621,3576.754,512
lfm25,C64_O512,full_high_concurrency,2,26,154.823,3583.879,512
lfm25,C64_O512,full_high_concurrency,2,24,117.07,3587.762,512
lfm25,C64_O512,full_high_concurrency,2,49,162.534,3558.329,512
lfm25,C64_O512,full_high_concurrency,2,53,157.029,3552.851,512
lfm25,C64_O512,full_high_concurrency,2,13,91.327,3602.599,512
lfm25,C64_O512,full_high_concurrency,2,48,163.031,3559.6,512
lfm25,C64_O512,full_high_concurrency,2,37,140.443,3572.408,512
lfm25,C64_O512,full_high_concurrency,2,10,95.411,3607.541,512
lfm25,C64_O512,full_high_concurrency,2,34,144.752,3577.043,512
lfm25,C64_O512,full_high_concurrency,2,9,96.818,3610.285,512
lfm25,C64_O512,full_high_concurrency,2,50,160.011,3561.052,512
lfm25,C64_O512,full_high_concurrency,2,51,159.471,3560.255,512
lfm25,C64_O512,full_high_concurrency,2,42,169.498,3570.364,512
lfm25,C64_O512,full_high_concurrency,2,40,138.147,3573.739,512
lfm25,C64_O512,full_high_concurrency,2,44,167.023,3569.45,512
lfm25,C64_O512,full_high_concurrency,2,25,116.023,3593.965,512
lfm25,C64_O512,full_high_concurrency,2,14,130.169,3610.078,512
lfm25,C64_O512,full_high_concurrency,2,57,156.454,3555.947,512
lfm25,C64_O512,full_high_concurrency,2,52,157.511,3564.366,512
lfm25,C64_O512,full_high_concurrency,2,58,154.707,3556.626,512
lfm25,C64_O512,full_high_concurrency,2,16,128.388,3610.532,512
lfm25,C64_O512,full_high_concurrency,2,17,125.937,3610.633,512
lfm25,C64_O512,full_high_concurrency,2,1,70.695,3630.187,512
lfm25,C64_O512,full_high_concurrency,2,12,93.235,3618.048,512
lfm25,C64_O512,full_high_concurrency,2,7,99.68,3625.26,512
lfm25,C64_O512,full_high_concurrency,2,27,112.873,3601.422,512
lfm25,C64_O512,full_high_concurrency,2,38,140.354,3587.98,512
lfm25,C64_O512,full_high_concurrency,2,4,102.42,3630.609,512
lfm25,C64_O512,full_high_concurrency,2,15,129.333,3618.042,512
lfm25,C64_O512,full_high_concurrency,2,61,150.339,3559.152,512
lfm25,C64_O512,full_high_concurrency,2,32,146.033,3595.994,512
lfm25,C64_O512,full_high_concurrency,2,3,104.539,3634.906,512
lfm25,C64_O512,full_high_concurrency,2,23,118.341,3610.679,512
lfm25,C64_O512,full_high_concurrency,2,18,125.327,3617.585,512
lfm25,C64_O512,full_high_concurrency,2,47,164.205,3583.851,512
lfm25,C64_O512,full_high_concurrency,2,59,153.269,3567.494,512
lfm25,C64_O512,full_high_concurrency,2,60,152.294,3567.255,512
lfm25,C64_O512,full_high_concurrency,2,6,100.898,3636.082,512
lfm25,C64_O512,full_high_concurrency,2,11,94.833,3630.45,512
lfm25,C64_O512,full_high_concurrency,2,41,169.525,3592.682,512
lfm25,C64_O512,full_high_concurrency,2,22,120.335,3617.858,512
lfm25,C64_O512,full_high_concurrency,2,8,98.48,3636.678,512
lfm25,C64_O512,full_high_concurrency,2,0,72.027,3645.618,512
lfm25,C64_O512,full_high_concurrency,2,39,138.554,3598.679,512
lfm25,C64_O512,full_high_concurrency,2,43,168.111,3594.251,512
lfm25,C64_O512,full_high_concurrency,2,28,151.798,3614.006,512
lfm25,C64_O512,full_high_concurrency,2,35,143.52,3605.388,512
lfm25,C64_O512,full_high_concurrency,2,29,151.086,3612.965,512
lfm25,C64_O512,full_high_concurrency,2,33,144.962,3608.285,512
lfm25,C64_O512,full_high_concurrency,2,20,123.166,3625.986,512
lfm25,C64_O512,full_high_concurrency,2,21,122.313,3626.216,512
lfm25,C64_O512,full_high_concurrency,2,56,157.007,3581.179,512
lfm25,C128_O256,full_high_concurrency,3,37,142.822,2303.578,256
lfm25,C128_O256,full_high_concurrency,3,31,151.512,2313.129,256
lfm25,C128_O256,full_high_concurrency,3,23,123.921,2323.563,256
lfm25,C128_O256,full_high_concurrency,3,39,140.06,2303.363,256
lfm25,C128_O256,full_high_concurrency,3,77,214.421,2256.975,256
lfm25,C128_O256,full_high_concurrency,3,88,239.29,2243.387,256
lfm25,C128_O256,full_high_concurrency,3,8,103.076,2345.288,256
lfm25,C128_O256,full_high_concurrency,3,18,132.619,2333.278,256
lfm25,C128_O256,full_high_concurrency,3,65,189.628,2274.167,256
lfm25,C128_O256,full_high_concurrency,3,127,277.076,2195.951,256
lfm25,C128_O256,full_high_concurrency,3,34,147.211,2313.682,256
lfm25,C128_O256,full_high_concurrency,3,105,296.978,2225.66,256
lfm25,C128_O256,full_high_concurrency,3,9,98.948,2346.821,256
lfm25,C128_O256,full_high_concurrency,3,113,288.158,2216.995,256
lfm25,C128_O256,full_high_concurrency,3,41,179.493,2306.941,256
lfm25,C128_O256,full_high_concurrency,3,82,247.536,2256.083,256
lfm25,C128_O256,full_high_concurrency,3,62,194.38,2281.397,256
lfm25,C128_O256,full_high_concurrency,3,124,281.384,2203.96,256
lfm25,C128_O256,full_high_concurrency,3,110,291.269,2221.907,256
lfm25,C128_O256,full_high_concurrency,3,85,243.172,2253.496,256
lfm25,C128_O256,full_high_concurrency,3,56,203.465,2291.926,256
lfm25,C128_O256,full_high_concurrency,3,66,188.471,2277.805,256
lfm25,C128_O256,full_high_concurrency,3,86,242.925,2253.02,256
lfm25,C128_O256,full_high_concurrency,3,16,134.206,2341.599,256
lfm25,C128_O256,full_high_concurrency,3,69,223.551,2274.649,256
lfm25,C128_O256,full_high_concurrency,3,94,272.0,2244.28,256
lfm25,C128_O256,full_high_concurrency,3,102,262.659,2234.521,256
lfm25,C128_O256,full_high_concurrency,3,40,180.691,2311.737,256
lfm25,C128_O256,full_high_concurrency,3,75,216.431,2267.881,256
lfm25,C128_O256,full_high_concurrency,3,43,178.004,2309.086,256
lfm25,C128_O256,full_high_concurrency,3,36,144.01,2317.114,256
lfm25,C128_O256,full_high_concurrency,3,11,96.46,2349.779,256
lfm25,C128_O256,full_high_concurrency,3,46,174.139,2306.206,256
lfm25,C128_O256,full_high_concurrency,3,32,149.11,2323.886,256
lfm25,C128_O256,full_high_concurrency,3,68,225.088,2278.396,256
lfm25,C128_O256,full_high_concurrency,3,53,166.058,2299.655,256
lfm25,C128_O256,full_high_concurrency,3,58,199.001,2292.662,256
lfm25,C128_O256,full_high_concurrency,3,26,156.791,2332.613,256
lfm25,C128_O256,full_high_concurrency,3,95,270.633,2246.859,256
lfm25,C128_O256,full_high_concurrency,3,63,191.887,2286.518,256
lfm25,C128_O256,full_high_concurrency,3,7,101.983,2357.185,256
lfm25,C128_O256,full_high_concurrency,3,27,155.97,2332.063,256
lfm25,C128_O256,full_high_concurrency,3,121,287.3,2216.29,256
lfm25,C128_O256,full_high_concurrency,3,90,237.878,2253.218,256
lfm25,C128_O256,full_high_concurrency,3,107,294.116,2232.389,256
lfm25,C128_O256,full_high_concurrency,3,100,265.751,2242.266,256
lfm25,C128_O256,full_high_concurrency,3,54,164.237,2300.015,256
lfm25,C128_O256,full_high_concurrency,3,21,127.948,2341.059,256
lfm25,C128_O256,full_high_concurrency,3,3,105.837,2363.424,256
lfm25,C128_O256,full_high_concurrency,3,80,211.151,2267.211,256
lfm25,C128_O256,full_high_concurrency,3,12,139.086,2353.088,256
lfm25,C128_O256,full_high_concurrency,3,60,196.174,2292.03,256
lfm25,C128_O256,full_high_concurrency,3,84,245.375,2262.133,256
lfm25,C128_O256,full_high_concurrency,3,33,148.618,2327.696,256
lfm25,C128_O256,full_high_concurrency,3,22,126.535,2341.142,256
lfm25,C128_O256,full_high_concurrency,3,89,238.591,2256.67,256
lfm25,C128_O256,full_high_concurrency,3,51,169.096,2306.464,256
lfm25,C128_O256,full_high_concurrency,3,48,171.969,2309.63,256
lfm25,C128_O256,full_high_concurrency,3,97,269.165,2248.287,256
lfm25,C128_O256,full_high_concurrency,3,118,290.281,2222.804,256
lfm25,C128_O256,full_high_concurrency,3,25,124.303,2338.913,256
lfm25,C128_O256,full_high_concurrency,3,73,219.28,2278.404,256
lfm25,C128_O256,full_high_concurrency,3,15,134.995,2351.805,256
lfm25,C128_O256,full_high_concurrency,3,67,187.14,2285.866,256
lfm25,C128_O256,full_high_concurrency,3,10,100.543,2358.519,256
lfm25,C128_O256,full_high_concurrency,3,81,249.157,2268.835,256
lfm25,C128_O256,full_high_concurrency,3,35,146.355,2327.317,256
lfm25,C128_O256,full_high_concurrency,3,74,217.365,2277.845,256
lfm25,C128_O256,full_high_concurrency,3,45,175.204,2314.75,256
lfm25,C128_O256,full_high_concurrency,3,70,222.32,2283.046,256
lfm25,C128_O256,full_high_concurrency,3,98,267.739,2249.959,256
lfm25,C128_O256,full_high_concurrency,3,111,289.622,2233.692,256
lfm25,C128_O256,full_high_concurrency,3,61,194.844,2296.293,256
lfm25,C128_O256,full_high_concurrency,3,106,295.879,2239.964,256
lfm25,C128_O256,full_high_concurrency,3,104,259.841,2243.887,256
lfm25,C128_O256,full_high_concurrency,3,0,71.005,2373.769,256
lfm25,C128_O256,full_high_concurrency,3,72,220.636,2284.283,256
lfm25,C128_O256,full_high_concurrency,3,6,102.408,2368.054,256
lfm25,C128_O256,full_high_concurrency,3,103,260.85,2246.43,256
lfm25,C128_O256,full_high_concurrency,3,52,167.452,2311.296,256
lfm25,C128_O256,full_high_concurrency,3,96,270.448,2255.711,256
lfm25,C128_O256,full_high_concurrency,3,64,191.284,2295.753,256
lfm25,C128_O256,full_high_concurrency,3,125,279.622,2218.89,256
lfm25,C128_O256,full_high_concurrency,3,117,291.169,2231.162,256
lfm25,C128_O256,full_high_concurrency,3,115,285.457,2234.228,256
lfm25,C128_O256,full_high_concurrency,3,19,130.608,2354.28,256
lfm25,C128_O256,full_high_concurrency,3,114,286.995,2235.947,256
lfm25,C128_O256,full_high_concurrency,3,42,137.807,2325.476,256
lfm25,C128_O256,full_high_concurrency,3,44,176.24,2323.693,256
lfm25,C128_O256,full_high_concurrency,3,116,284.578,2234.195,256
lfm25,C128_O256,full_high_concurrency,3,2,106.385,2376.117,256
lfm25,C128_O256,full_high_concurrency,3,71,221.271,2289.543,256
lfm25,C128_O256,full_high_concurrency,3,47,172.778,2321.19,256
lfm25,C128_O256,full_high_concurrency,3,4,106.293,2374.902,256
lfm25,C128_O256,full_high_concurrency,3,122,284.486,2227.048,256
lfm25,C128_O256,full_high_concurrency,3,20,130.046,2356.045,256
lfm25,C128_O256,full_high_concurrency,3,57,202.003,2309.884,256
lfm25,C128_O256,full_high_concurrency,3,59,197.48,2305.405,256
lfm25,C128_O256,full_high_concurrency,3,78,212.78,2281.802,256
lfm25,C128_O256,full_high_concurrency,3,28,153.662,2345.125,256
lfm25,C128_O256,full_high_concurrency,3,120,287.928,2231.835,256
lfm25,C128_O256,full_high_concurrency,3,93,273.489,2264.879,256
lfm25,C128_O256,full_high_concurrency,3,101,263.519,2254.713,256
lfm25,C128_O256,full_high_concurrency,3,126,278.61,2222.925,256
lfm25,C128_O256,full_high_concurrency,3,17,133.28,2360.599,256
lfm25,C128_O256,full_high_concurrency,3,55,203.692,2314.473,256
lfm25,C128_O256,full_high_concurrency,3,13,139.373,2366.164,256
lfm25,C128_O256,full_high_concurrency,3,87,240.29,2272.526,256
lfm25,C128_O256,full_high_concurrency,3,99,266.391,2259.435,256
lfm25,C128_O256,full_high_concurrency,3,1,110.894,2380.992,256
lfm25,C128_O256,full_high_concurrency,3,50,169.921,2321.888,256
lfm25,C128_O256,full_high_concurrency,3,79,250.978,2283.49,256
lfm25,C128_O256,full_high_concurrency,3,14,136.66,2366.069,256
lfm25,C128_O256,full_high_concurrency,3,83,246.464,2279.884,256
lfm25,C128_O256,full_high_concurrency,3,30,152.491,2346.437,256
lfm25,C128_O256,full_high_concurrency,3,24,123.749,2355.348,256
lfm25,C128_O256,full_high_concurrency,3,109,292.237,2247.994,256
lfm25,C128_O256,full_high_concurrency,3,29,152.486,2347.99,256
lfm25,C128_O256,full_high_concurrency,3,49,170.789,2324.176,256
lfm25,C128_O256,full_high_concurrency,3,108,293.439,2249.345,256
lfm25,C128_O256,full_high_concurrency,3,91,236.272,2270.343,256
lfm25,C128_O256,full_high_concurrency,3,5,103.423,2378.717,256
lfm25,C128_O256,full_high_concurrency,3,76,215.274,2289.003,256
lfm25,C128_O256,full_high_concurrency,3,92,235.437,2269.737,256
lfm25,C128_O256,full_high_concurrency,3,119,288.795,2237.071,256
lfm25,C128_O256,full_high_concurrency,3,38,141.992,2337.777,256
lfm25,C128_O256,full_high_concurrency,3,123,282.218,2230.952,256
lfm25,C128_O256,full_high_concurrency,3,112,288.444,2245.694,256
lfm25,C64_O512,full_high_concurrency,3,4,108.335,3606.675,512
lfm25,C64_O512,full_high_concurrency,3,24,125.703,3583.582,512
lfm25,C64_O512,full_high_concurrency,3,22,128.539,3586.329,512
lfm25,C64_O512,full_high_concurrency,3,61,163.615,3535.638,512
lfm25,C64_O512,full_high_concurrency,3,56,165.769,3542.395,512
lfm25,C64_O512,full_high_concurrency,3,47,179.331,3557.666,512
lfm25,C64_O512,full_high_concurrency,3,38,148.578,3569.221,512
lfm25,C64_O512,full_high_concurrency,3,33,155.053,3576.15,512
lfm25,C64_O512,full_high_concurrency,3,60,164.472,3540.838,512
lfm25,C64_O512,full_high_concurrency,3,28,121.332,3584.311,512
lfm25,C64_O512,full_high_concurrency,3,49,177.491,3559.43,512
lfm25,C64_O512,full_high_concurrency,3,5,107.577,3615.47,512
lfm25,C64_O512,full_high_concurrency,3,10,101.46,3613.396,512
lfm25,C64_O512,full_high_concurrency,3,58,166.765,3550.979,512
lfm25,C64_O512,full_high_concurrency,3,54,170.403,3558.79,512
lfm25,C64_O512,full_high_concurrency,3,36,151.642,3581.178,512
lfm25,C64_O512,full_high_concurrency,3,30,160.102,3589.107,512
lfm25,C64_O512,full_high_concurrency,3,44,183.789,3572.615,512
lfm25,C64_O512,full_high_concurrency,3,39,148.326,3578.35,512
lfm25,C64_O512,full_high_concurrency,3,50,175.346,3565.498,512
lfm25,C64_O512,full_high_concurrency,3,31,158.805,3589.301,512
lfm25,C64_O512,full_high_concurrency,3,11,100.777,3614.495,512
lfm25,C64_O512,full_high_concurrency,3,59,165.642,3555.65,512
lfm25,C64_O512,full_high_concurrency,3,25,125.955,3602.221,512
lfm25,C64_O512,full_high_concurrency,3,23,128.406,3606.483,512
lfm25,C64_O512,full_high_concurrency,3,57,164.244,3560.416,512
lfm25,C64_O512,full_high_concurrency,3,26,122.858,3602.26,512
lfm25,C64_O512,full_high_concurrency,3,13,139.028,3621.454,512
lfm25,C64_O512,full_high_concurrency,3,48,178.914,3578.516,512
lfm25,C64_O512,full_high_concurrency,3,18,133.123,3616.002,512
lfm25,C64_O512,full_high_concurrency,3,15,137.145,3619.62,512
lfm25,C64_O512,full_high_concurrency,3,42,185.145,3586.249,512
lfm25,C64_O512,full_high_concurrency,3,34,153.57,3598.152,512
lfm25,C64_O512,full_high_concurrency,3,0,112.976,3641.9,512
lfm25,C64_O512,full_high_concurrency,3,51,173.996,3580.125,512
lfm25,C64_O512,full_high_concurrency,3,7,105.325,3635.528,512
lfm25,C64_O512,full_high_concurrency,3,53,171.859,3578.368,512
lfm25,C64_O512,full_high_concurrency,3,27,163.809,3610.884,512
lfm25,C64_O512,full_high_concurrency,3,20,130.051,3620.367,512
lfm25,C64_O512,full_high_concurrency,3,63,160.966,3564.834,512
lfm25,C64_O512,full_high_concurrency,3,37,149.927,3599.957,512
lfm25,C64_O512,full_high_concurrency,3,3,109.163,3643.204,512
lfm25,C64_O512,full_high_concurrency,3,8,103.918,3639.421,512
lfm25,C64_O512,full_high_concurrency,3,17,135.01,3628.491,512
lfm25,C64_O512,full_high_concurrency,3,55,169.708,3581.904,512
lfm25,C64_O512,full_high_concurrency,3,46,180.609,3594.167,512
lfm25,C64_O512,full_high_concurrency,3,14,138.353,3633.577,512
lfm25,C64_O512,full_high_concurrency,3,35,152.915,3607.134,512
lfm25,C64_O512,full_high_concurrency,3,16,135.58,3631.218,512
lfm25,C64_O512,full_high_concurrency,3,43,144.083,3600.293,512
lfm25,C64_O512,full_high_concurrency,3,52,172.753,3589.015,512
lfm25,C64_O512,full_high_concurrency,3,21,129.669,3627.349,512
lfm25,C64_O512,full_high_concurrency,3,6,106.146,3646.611,512
lfm25,C64_O512,full_high_concurrency,3,41,145.343,3603.097,512
lfm25,C64_O512,full_high_concurrency,3,62,161.691,3574.409,512
lfm25,C64_O512,full_high_concurrency,3,45,182.201,3599.47,512
lfm25,C64_O512,full_high_concurrency,3,19,132.453,3632.607,512
lfm25,C64_O512,full_high_concurrency,3,29,161.073,3620.428,512
lfm25,C64_O512,full_high_concurrency,3,12,98.952,3643.728,512
lfm25,C64_O512,full_high_concurrency,3,40,147.642,3609.585,512
lfm25,C64_O512,full_high_concurrency,3,9,103.371,3649.42,512
lfm25,C64_O512,full_high_concurrency,3,32,156.629,3620.401,512
lfm25,C64_O512,full_high_concurrency,3,1,80.14,3659.324,512
lfm25,C64_O512,full_high_concurrency,3,2,110.221,3660.199,512
lfm25,C64_O512,full_high_concurrency,4,28,157.05,3560.423,512
lfm25,C64_O512,full_high_concurrency,4,63,153.958,3518.31,512
lfm25,C64_O512,full_high_concurrency,4,29,154.658,3561.701,512
lfm25,C64_O512,full_high_concurrency,4,34,148.958,3555.451,512
lfm25,C64_O512,full_high_concurrency,4,41,139.333,3547.43,512
lfm25,C64_O512,full_high_concurrency,4,18,127.059,3578.06,512
lfm25,C64_O512,full_high_concurrency,4,27,115.95,3568.792,512
lfm25,C64_O512,full_high_concurrency,4,22,123.102,3575.985,512
lfm25,C64_O512,full_high_concurrency,4,47,170.468,3543.983,512
lfm25,C64_O512,full_high_concurrency,4,4,101.492,3600.959,512
lfm25,C64_O512,full_high_concurrency,4,45,172.739,3548.989,512
lfm25,C64_O512,full_high_concurrency,4,13,90.035,3592.791,512
lfm25,C64_O512,full_high_concurrency,4,24,120.247,3578.986,512
lfm25,C64_O512,full_high_concurrency,4,11,92.273,3595.757,512
lfm25,C64_O512,full_high_concurrency,4,59,158.476,3534.209,512
lfm25,C64_O512,full_high_concurrency,4,50,167.768,3547.244,512
lfm25,C64_O512,full_high_concurrency,4,40,141.226,3559.064,512
lfm25,C64_O512,full_high_concurrency,4,7,98.328,3603.287,512
lfm25,C64_O512,full_high_concurrency,4,51,166.028,3548.682,512
lfm25,C64_O512,full_high_concurrency,4,19,126.55,3589.163,512
lfm25,C64_O512,full_high_concurrency,4,0,74.125,3612.523,512
lfm25,C64_O512,full_high_concurrency,4,5,99.937,3607.451,512
lfm25,C64_O512,full_high_concurrency,4,14,133.662,3597.09,512
lfm25,C64_O512,full_high_concurrency,4,25,118.44,3585.778,512
lfm25,C64_O512,full_high_concurrency,4,10,93.312,3604.814,512
lfm25,C64_O512,full_high_concurrency,4,39,141.922,3567.578,512
lfm25,C64_O512,full_high_concurrency,4,38,143.195,3569.114,512
lfm25,C64_O512,full_high_concurrency,4,61,155.961,3540.265,512
lfm25,C64_O512,full_high_concurrency,4,23,121.142,3591.832,512
lfm25,C64_O512,full_high_concurrency,4,49,167.876,3559.146,512
lfm25,C64_O512,full_high_concurrency,4,26,116.622,3588.224,512
lfm25,C64_O512,full_high_concurrency,4,21,123.228,3595.721,512
lfm25,C64_O512,full_high_concurrency,4,2,103.015,3620.583,512
lfm25,C64_O512,full_high_concurrency,4,35,146.505,3579.383,512
lfm25,C64_O512,full_high_concurrency,4,42,138.235,3570.825,512
lfm25,C64_O512,full_high_concurrency,4,16,131.317,3605.799,512
lfm25,C64_O512,full_high_concurrency,4,55,160.401,3556.268,512
lfm25,C64_O512,full_high_concurrency,4,15,132.303,3608.898,512
lfm25,C64_O512,full_high_concurrency,4,33,149.705,3585.065,512
lfm25,C64_O512,full_high_concurrency,4,43,174.104,3573.549,512
lfm25,C64_O512,full_high_concurrency,4,6,99.104,3622.16,512
lfm25,C64_O512,full_high_concurrency,4,30,154.465,3591.937,512
lfm25,C64_O512,full_high_concurrency,4,58,160.044,3556.707,512
lfm25,C64_O512,full_high_concurrency,4,31,151.748,3591.446,512
lfm25,C64_O512,full_high_concurrency,4,46,171.525,3574.113,512
lfm25,C64_O512,full_high_concurrency,4,52,163.871,3568.189,512
lfm25,C64_O512,full_high_concurrency,4,12,136.129,3619.723,512
lfm25,C64_O512,full_high_concurrency,4,9,94.235,3622.886,512
lfm25,C64_O512,full_high_concurrency,4,1,103.958,3632.509,512
lfm25,C64_O512,full_high_concurrency,4,36,145.098,3589.493,512
lfm25,C64_O512,full_high_concurrency,4,8,96.448,3626.355,512
lfm25,C64_O512,full_high_concurrency,4,54,161.745,3568.772,512
lfm25,C64_O512,full_high_concurrency,4,56,159.458,3567.576,512
lfm25,C64_O512,full_high_concurrency,4,17,128.755,3619.123,512
lfm25,C64_O512,full_high_concurrency,4,32,151.045,3601.421,512
lfm25,C64_O512,full_high_concurrency,4,44,173.74,3586.804,512
lfm25,C64_O512,full_high_concurrency,4,62,155.062,3564.037,512
lfm25,C64_O512,full_high_concurrency,4,48,168.6,3583.517,512
lfm25,C64_O512,full_high_concurrency,4,20,125.474,3620.329,512
lfm25,C64_O512,full_high_concurrency,4,60,157.158,3568.451,512
lfm25,C64_O512,full_high_concurrency,4,37,144.931,3599.446,512
lfm25,C64_O512,full_high_concurrency,4,57,159.013,3576.503,512
lfm25,C64_O512,full_high_concurrency,4,53,162.629,3584.076,512
lfm25,C64_O512,full_high_concurrency,4,3,101.569,3647.289,512
lfm25,C128_O256,full_high_concurrency,4,127,289.057,2208.959,256
lfm25,C128_O256,full_high_concurrency,4,65,213.366,2287.529,256
lfm25,C128_O256,full_high_concurrency,4,6,122.5,2364.84,256
lfm25,C128_O256,full_high_concurrency,4,86,227.884,2265.655,256
lfm25,C128_O256,full_high_concurrency,4,100,290.775,2249.385,256
lfm25,C128_O256,full_high_concurrency,4,80,233.99,2274.256,256
lfm25,C128_O256,full_high_concurrency,4,88,265.003,2265.784,256
lfm25,C128_O256,full_high_concurrency,4,125,290.406,2217.964,256
lfm25,C128_O256,full_high_concurrency,4,26,137.189,2342.92,256
lfm25,C128_O256,full_high_concurrency,4,31,173.731,2337.444,256
lfm25,C128_O256,full_high_concurrency,4,24,140.908,2346.647,256
lfm25,C128_O256,full_high_concurrency,4,79,235.676,2278.06,256
lfm25,C128_O256,full_high_concurrency,4,50,193.615,2315.468,256
lfm25,C128_O256,full_high_concurrency,4,99,291.796,2254.146,256
lfm25,C128_O256,full_high_concurrency,4,102,288.686,2251.051,256
lfm25,C128_O256,full_high_concurrency,4,58,181.857,2304.443,256
lfm25,C128_O256,full_high_concurrency,4,42,160.357,2327.262,256
lfm25,C128_O256,full_high_concurrency,4,64,215.375,2299.229,256
lfm25,C128_O256,full_high_concurrency,4,46,197.874,2323.472,256
lfm25,C128_O256,full_high_concurrency,4,22,143.236,2353.761,256
lfm25,C128_O256,full_high_concurrency,4,33,171.109,2339.912,256
lfm25,C128_O256,full_high_concurrency,4,34,170.008,2339.043,256
lfm25,C128_O256,full_high_concurrency,4,13,114.223,2365.118,256
lfm25,C128_O256,full_high_concurrency,4,126,289.869,2223.228,256
lfm25,C128_O256,full_high_concurrency,4,45,200.336,2327.219,256
lfm25,C128_O256,full_high_concurrency,4,52,190.925,2317.494,256
lfm25,C128_O256,full_high_concurrency,4,62,216.64,2302.92,256
lfm25,C128_O256,full_high_concurrency,4,23,142.911,2354.61,256
lfm25,C128_O256,full_high_concurrency,4,55,186.05,2314.066,256
lfm25,C128_O256,full_high_concurrency,4,28,178.343,2348.326,256
lfm25,C128_O256,full_high_concurrency,4,30,175.675,2346.474,256
lfm25,C128_O256,full_high_concurrency,4,40,162.479,2333.06,256
lfm25,C128_O256,full_high_concurrency,4,106,281.991,2250.414,256
lfm25,C128_O256,full_high_concurrency,4,114,305.971,2241.357,256
lfm25,C128_O256,full_high_concurrency,4,87,225.958,2275.322,256
lfm25,C128_O256,full_high_concurrency,4,11,116.024,2370.802,256
lfm25,C128_O256,full_high_concurrency,4,95,256.095,2266.322,256
lfm25,C128_O256,full_high_concurrency,4,120,297.983,2235.2,256
lfm25,C128_O256,full_high_concurrency,4,38,164.03,2337.455,256
lfm25,C128_O256,full_high_concurrency,4,9,119.228,2374.406,256
lfm25,C128_O256,full_high_concurrency,4,2,127.271,2383.186,256
lfm25,C128_O256,full_high_concurrency,4,83,230.698,2282.07,256
lfm25,C128_O256,full_high_concurrency,4,5,123.062,2380.447,256
lfm25,C128_O256,full_high_concurrency,4,48,195.339,2326.675,256
lfm25,C128_O256,full_high_concurrency,4,97,253.273,2265.799,256
lfm25,C128_O256,full_high_concurrency,4,101,289.561,2261.961,256
lfm25,C128_O256,full_high_concurrency,4,25,138.62,2356.652,256
lfm25,C128_O256,full_high_concurrency,4,92,259.76,2273.57,256
lfm25,C128_O256,full_high_concurrency,4,89,263.38,2277.987,256
lfm25,C128_O256,full_high_concurrency,4,103,285.815,2260.293,256
lfm25,C128_O256,full_high_concurrency,4,0,69.218,2388.869,256
lfm25,C128_O256,full_high_concurrency,4,59,178.89,2314.247,256
lfm25,C128_O256,full_high_concurrency,4,32,172.364,2349.9,256
lfm25,C128_O256,full_high_concurrency,4,75,240.798,2295.971,256
lfm25,C128_O256,full_high_concurrency,4,113,274.452,2248.994,256
lfm25,C128_O256,full_high_concurrency,4,73,203.819,2298.68,256
lfm25,C128_O256,full_high_concurrency,4,123,292.768,2235.346,256
lfm25,C128_O256,full_high_concurrency,4,115,303.88,2247.158,256
lfm25,C128_O256,full_high_concurrency,4,61,217.675,2312.991,256
lfm25,C128_O256,full_high_concurrency,4,27,136.336,2357.357,256
lfm25,C128_O256,full_high_concurrency,4,54,188.367,2323.665,256
lfm25,C128_O256,full_high_concurrency,4,108,279.942,2256.036,256
lfm25,C128_O256,full_high_concurrency,4,7,121.642,2383.393,256
lfm25,C128_O256,full_high_concurrency,4,107,280.773,2257.59,256
lfm25,C128_O256,full_high_concurrency,4,72,205.035,2301.505,256
lfm25,C128_O256,full_high_concurrency,4,91,260.547,2278.493,256
lfm25,C128_O256,full_high_concurrency,4,10,119.364,2379.607,256
lfm25,C128_O256,full_high_concurrency,4,47,196.581,2333.296,256
lfm25,C128_O256,full_high_concurrency,4,105,282.86,2260.325,256
lfm25,C128_O256,full_high_concurrency,4,18,147.238,2370.479,256
lfm25,C128_O256,full_high_concurrency,4,8,119.333,2383.549,256
lfm25,C128_O256,full_high_concurrency,4,98,292.972,2270.658,256
lfm25,C128_O256,full_high_concurrency,4,19,146.21,2369.677,256
lfm25,C128_O256,full_high_concurrency,4,104,284.884,2262.436,256
lfm25,C128_O256,full_high_concurrency,4,3,126.179,2390.537,256
lfm25,C128_O256,full_high_concurrency,4,1,128.167,2392.38,256
lfm25,C128_O256,full_high_concurrency,4,74,241.195,2301.405,256
lfm25,C128_O256,full_high_concurrency,4,39,163.831,2345.657,256
lfm25,C128_O256,full_high_concurrency,4,14,152.198,2377.337,256
lfm25,C128_O256,full_high_concurrency,4,109,279.187,2259.191,256
lfm25,C128_O256,full_high_concurrency,4,63,215.066,2315.324,256
lfm25,C128_O256,full_high_concurrency,4,117,302.375,2249.885,256
lfm25,C128_O256,full_high_concurrency,4,85,228.851,2289.29,256
lfm25,C128_O256,full_high_concurrency,4,121,297.718,2245.113,256
lfm25,C128_O256,full_high_concurrency,4,119,299.481,2248.236,256
lfm25,C128_O256,full_high_concurrency,4,110,278.252,2258.792,256
lfm25,C128_O256,full_high_concurrency,4,90,262.13,2284.507,256
lfm25,C128_O256,full_high_concurrency,4,81,233.52,2295.066,256
lfm25,C128_O256,full_high_concurrency,4,37,166.429,2350.172,256
lfm25,C128_O256,full_high_concurrency,4,56,184.46,2327.585,256
lfm25,C128_O256,full_high_concurrency,4,94,257.259,2281.365,256
lfm25,C128_O256,full_high_concurrency,4,124,292.088,2243.054,256
lfm25,C128_O256,full_high_concurrency,4,20,145.942,2374.258,256
lfm25,C128_O256,full_high_concurrency,4,96,253.724,2278.706,256
lfm25,C128_O256,full_high_concurrency,4,66,212.33,2316.489,256
lfm25,C128_O256,full_high_concurrency,4,70,207.35,2311.63,256
lfm25,C128_O256,full_high_concurrency,4,69,208.875,2313.211,256
lfm25,C128_O256,full_high_concurrency,4,111,276.756,2261.561,256
lfm25,C128_O256,full_high_concurrency,4,60,178.312,2324.268,256
lfm25,C128_O256,full_high_concurrency,4,68,210.31,2315.669,256
lfm25,C128_O256,full_high_concurrency,4,82,231.475,2298.632,256
lfm25,C128_O256,full_high_concurrency,4,57,183.357,2330.565,256
lfm25,C128_O256,full_high_concurrency,4,36,167.278,2357.02,256
lfm25,C128_O256,full_high_concurrency,4,84,230.478,2297.807,256
lfm25,C128_O256,full_high_concurrency,4,12,113.726,2387.745,256
lfm25,C128_O256,full_high_concurrency,4,118,300.868,2255.524,256
lfm25,C128_O256,full_high_concurrency,4,17,149.285,2381.626,256
lfm25,C128_O256,full_high_concurrency,4,116,303.785,2258.468,256
lfm25,C128_O256,full_high_concurrency,4,49,194.674,2342.175,256
lfm25,C128_O256,full_high_concurrency,4,43,159.725,2350.195,256
lfm25,C128_O256,full_high_concurrency,4,76,239.289,2307.761,256
lfm25,C128_O256,full_high_concurrency,4,41,161.785,2352.305,256
lfm25,C128_O256,full_high_concurrency,4,29,176.522,2368.082,256
lfm25,C128_O256,full_high_concurrency,4,4,124.381,2399.643,256
lfm25,C128_O256,full_high_concurrency,4,78,237.665,2306.416,256
lfm25,C128_O256,full_high_concurrency,4,67,211.169,2319.673,256
lfm25,C128_O256,full_high_concurrency,4,51,191.826,2341.162,256
lfm25,C128_O256,full_high_concurrency,4,53,187.935,2338.4,256
lfm25,C128_O256,full_high_concurrency,4,16,150.388,2384.258,256
lfm25,C128_O256,full_high_concurrency,4,21,144.702,2378.944,256
lfm25,C128_O256,full_high_concurrency,4,93,258.432,2289.158,256
lfm25,C128_O256,full_high_concurrency,4,122,294.72,2252.277,256
lfm25,C128_O256,full_high_concurrency,4,44,201.333,2351.247,256
lfm25,C128_O256,full_high_concurrency,4,77,237.527,2308.924,256
lfm25,C128_O256,full_high_concurrency,4,35,169.544,2362.969,256
lfm25,C128_O256,full_high_concurrency,4,15,151.367,2387.467,256
lfm25,C128_O256,full_high_concurrency,4,112,274.626,2266.105,256
lfm25,C128_O256,full_high_concurrency,4,71,206.669,2317.663,256
lfm25,C64_O512,full_high_concurrency,5,1,66.254,3635.519,512
lfm25,C64_O512,full_high_concurrency,5,58,137.785,3563.892,512
lfm25,C64_O512,full_high_concurrency,5,57,140.461,3569.679,512
lfm25,C64_O512,full_high_concurrency,5,59,136.835,3567.226,512
lfm25,C64_O512,full_high_concurrency,5,16,132.315,3624.97,512
lfm25,C64_O512,full_high_concurrency,5,45,145.371,3588.438,512
lfm25,C64_O512,full_high_concurrency,5,21,125.571,3619.85,512
lfm25,C64_O512,full_high_concurrency,5,60,135.157,3569.673,512
lfm25,C64_O512,full_high_concurrency,5,36,157.131,3601.272,512
lfm25,C64_O512,full_high_concurrency,5,11,95.255,3633.167,512
lfm25,C64_O512,full_high_concurrency,5,20,127.194,3622.17,512
lfm25,C64_O512,full_high_concurrency,5,5,102.81,3640.737,512
lfm25,C64_O512,full_high_concurrency,5,44,145.997,3591.83,512
lfm25,C64_O512,full_high_concurrency,5,3,104.364,3643.677,512
lfm25,C64_O512,full_high_concurrency,5,47,153.016,3588.867,512
lfm25,C64_O512,full_high_concurrency,5,15,89.935,3632.47,512
lfm25,C64_O512,full_high_concurrency,5,9,97.84,3640.064,512
lfm25,C64_O512,full_high_concurrency,5,55,142.619,3582.17,512
lfm25,C64_O512,full_high_concurrency,5,28,116.004,3621.79,512
lfm25,C64_O512,full_high_concurrency,5,18,128.761,3635.803,512
lfm25,C64_O512,full_high_concurrency,5,10,97.13,3646.926,512
lfm25,C64_O512,full_high_concurrency,5,19,128.309,3637.122,512
lfm25,C64_O512,full_high_concurrency,5,43,147.771,3606.904,512
lfm25,C64_O512,full_high_concurrency,5,25,119.884,3631.206,512
lfm25,C64_O512,full_high_concurrency,5,41,150.767,3611.709,512
lfm25,C64_O512,full_high_concurrency,5,27,118.376,3629.282,512
lfm25,C64_O512,full_high_concurrency,5,63,131.935,3583.519,512
lfm25,C64_O512,full_high_concurrency,5,48,151.971,3602.787,512
lfm25,C64_O512,full_high_concurrency,5,32,161.362,3623.725,512
lfm25,C64_O512,full_high_concurrency,5,8,98.565,3654.299,512
lfm25,C64_O512,full_high_concurrency,5,31,162.593,3627.207,512
lfm25,C64_O512,full_high_concurrency,5,54,144.252,3598.668,512
lfm25,C64_O512,full_high_concurrency,5,46,144.204,3609.173,512
lfm25,C64_O512,full_high_concurrency,5,30,163.973,3629.999,512
lfm25,C64_O512,full_high_concurrency,5,56,141.865,3598.876,512
lfm25,C64_O512,full_high_concurrency,5,2,106.411,3666.792,512
lfm25,C64_O512,full_high_concurrency,5,0,67.7,3670.079,512
lfm25,C64_O512,full_high_concurrency,5,53,145.867,3604.491,512
lfm25,C64_O512,full_high_concurrency,5,14,92.193,3654.304,512
lfm25,C64_O512,full_high_concurrency,5,26,118.904,3640.495,512
lfm25,C64_O512,full_high_concurrency,5,34,160.297,3630.773,512
lfm25,C64_O512,full_high_concurrency,5,23,123.058,3646.625,512
lfm25,C64_O512,full_high_concurrency,5,52,146.691,3609.668,512
lfm25,C64_O512,full_high_concurrency,5,38,155.05,3629.219,512
lfm25,C64_O512,full_high_concurrency,5,37,155.417,3631.193,512
lfm25,C64_O512,full_high_concurrency,5,40,152.671,3628.279,512
lfm25,C64_O512,full_high_concurrency,5,12,94.843,3663.538,512
lfm25,C64_O512,full_high_concurrency,5,51,147.571,3614.184,512
lfm25,C64_O512,full_high_concurrency,5,13,93.502,3663.56,512
lfm25,C64_O512,full_high_concurrency,5,22,125.095,3652.091,512
lfm25,C64_O512,full_high_concurrency,5,61,134.434,3601.88,512
lfm25,C64_O512,full_high_concurrency,5,50,148.978,3617.244,512
lfm25,C64_O512,full_high_concurrency,5,39,154.574,3632.932,512
lfm25,C64_O512,full_high_concurrency,5,49,150.886,3619.038,512
lfm25,C64_O512,full_high_concurrency,5,4,103.542,3676.01,512
lfm25,C64_O512,full_high_concurrency,5,62,133.26,3603.324,512
lfm25,C64_O512,full_high_concurrency,5,7,99.756,3672.978,512
lfm25,C64_O512,full_high_concurrency,5,42,148.739,3629.788,512
lfm25,C64_O512,full_high_concurrency,5,29,115.189,3646.564,512
lfm25,C64_O512,full_high_concurrency,5,33,160.832,3642.339,512
lfm25,C64_O512,full_high_concurrency,5,6,101.238,3676.499,512
lfm25,C64_O512,full_high_concurrency,5,35,158.924,3642.732,512
lfm25,C64_O512,full_high_concurrency,5,17,130.618,3667.225,512
lfm25,C64_O512,full_high_concurrency,5,24,121.748,3658.206,512
lfm25,C128_O256,full_high_concurrency,5,45,251.471,2386.778,256
lfm25,C128_O256,full_high_concurrency,5,6,209.9,2436.33,256
lfm25,C128_O256,full_high_concurrency,5,37,259.832,2399.276,256
lfm25,C128_O256,full_high_concurrency,5,75,295.217,2353.722,256
lfm25,C128_O256,full_high_concurrency,5,125,361.255,2291.094,256
lfm25,C128_O256,full_high_concurrency,5,77,291.867,2352.003,256
lfm25,C128_O256,full_high_concurrency,5,112,369.704,2308.878,256
lfm25,C128_O256,full_high_concurrency,5,74,295.522,2355.998,256
lfm25,C128_O256,full_high_concurrency,5,29,226.576,2411.221,256
lfm25,C128_O256,full_high_concurrency,5,118,371.13,2301.992,256
lfm25,C128_O256,full_high_concurrency,5,99,347.759,2326.558,256
lfm25,C128_O256,full_high_concurrency,5,61,272.191,2372.92,256
lfm25,C128_O256,full_high_concurrency,5,27,230.323,2416.508,256
lfm25,C128_O256,full_high_concurrency,5,78,333.476,2353.309,256
lfm25,C128_O256,full_high_concurrency,5,31,268.355,2411.17,256
lfm25,C128_O256,full_high_concurrency,5,43,253.76,2397.41,256
lfm25,C128_O256,full_high_concurrency,5,56,279.479,2381.976,256
lfm25,C128_O256,full_high_concurrency,5,40,257.961,2401.923,256
lfm25,C128_O256,full_high_concurrency,5,93,354.641,2336.427,256
lfm25,C128_O256,full_high_concurrency,5,101,345.405,2327.363,256
lfm25,C128_O256,full_high_concurrency,5,115,365.665,2308.787,256
lfm25,C128_O256,full_high_concurrency,5,18,241.372,2430.069,256
lfm25,C128_O256,full_high_concurrency,5,26,231.384,2420.375,256
lfm25,C128_O256,full_high_concurrency,5,33,265.332,2411.037,256
lfm25,C128_O256,full_high_concurrency,5,49,287.892,2393.522,256
lfm25,C128_O256,full_high_concurrency,5,91,356.438,2341.442,256
lfm25,C128_O256,full_high_concurrency,5,3,213.763,2450.369,256
lfm25,C128_O256,full_high_concurrency,5,13,201.799,2438.869,256
lfm25,C128_O256,full_high_concurrency,5,62,271.4,2377.249,256
lfm25,C128_O256,full_high_concurrency,5,72,298.849,2365.625,256
lfm25,C128_O256,full_high_concurrency,5,111,371.279,2317.134,256
lfm25,C128_O256,full_high_concurrency,5,70,300.687,2368.254,256
lfm25,C128_O256,full_high_concurrency,5,60,273.742,2381.099,256
lfm25,C128_O256,full_high_concurrency,5,44,251.937,2401.83,256
lfm25,C128_O256,full_high_concurrency,5,21,236.4,2430.06,256
lfm25,C128_O256,full_high_concurrency,5,87,321.557,2349.3,256
lfm25,C128_O256,full_high_concurrency,5,36,262.38,2412.325,256
lfm25,C128_O256,full_high_concurrency,5,28,227.543,2421.763,256
lfm25,C128_O256,full_high_concurrency,5,34,264.01,2414.458,256
lfm25,C128_O256,full_high_concurrency,5,51,285.459,2395.206,256
lfm25,C128_O256,full_high_concurrency,5,14,247.101,2441.417,256
lfm25,C128_O256,full_high_concurrency,5,24,233.264,2427.933,256
lfm25,C128_O256,full_high_concurrency,5,54,281.51,2391.931,256
lfm25,C128_O256,full_high_concurrency,5,94,353.274,2342.569,256
lfm25,C128_O256,full_high_concurrency,5,76,293.756,2364.61,256
lfm25,C128_O256,full_high_concurrency,5,122,365.588,2307.343,256
lfm25,C128_O256,full_high_concurrency,5,79,332.431,2361.578,256
lfm25,C128_O256,full_high_concurrency,5,7,208.863,2451.41,256
lfm25,C128_O256,full_high_concurrency,5,88,320.971,2350.883,256
lfm25,C128_O256,full_high_concurrency,5,12,203.783,2445.823,256
lfm25,C128_O256,full_high_concurrency,5,63,270.381,2382.251,256
lfm25,C128_O256,full_high_concurrency,5,59,274.44,2387.777,256
lfm25,C128_O256,full_high_concurrency,5,32,264.464,2420.286,256
lfm25,C128_O256,full_high_concurrency,5,107,376.275,2328.846,256
lfm25,C128_O256,full_high_concurrency,5,0,73.881,2460.958,256
lfm25,C128_O256,full_high_concurrency,5,126,359.854,2304.292,256
lfm25,C128_O256,full_high_concurrency,5,53,282.058,2396.353,256
lfm25,C128_O256,full_high_concurrency,5,121,367.133,2311.68,256
lfm25,C128_O256,full_high_concurrency,5,92,355.75,2348.641,256
lfm25,C128_O256,full_high_concurrency,5,108,375.237,2328.675,256
lfm25,C128_O256,full_high_concurrency,5,95,351.396,2344.754,256
lfm25,C128_O256,full_high_concurrency,5,50,286.783,2401.711,256
lfm25,C128_O256,full_high_concurrency,5,106,377.704,2331.763,256
lfm25,C128_O256,full_high_concurrency,5,4,212.78,2458.692,256
lfm25,C128_O256,full_high_concurrency,5,85,324.337,2358.761,256
lfm25,C128_O256,full_high_concurrency,5,9,206.148,2453.511,256
lfm25,C128_O256,full_high_concurrency,5,81,329.438,2364.205,256
lfm25,C128_O256,full_high_concurrency,5,68,304.269,2381.538,256
lfm25,C128_O256,full_high_concurrency,5,67,304.949,2382.086,256
lfm25,C128_O256,full_high_concurrency,5,58,275.961,2393.725,256
lfm25,C128_O256,full_high_concurrency,5,11,204.183,2453.822,256
lfm25,C128_O256,full_high_concurrency,5,114,367.668,2325.682,256
lfm25,C128_O256,full_high_concurrency,5,113,368.255,2327.139,256
lfm25,C128_O256,full_high_concurrency,5,2,72.409,2465.676,256
lfm25,C128_O256,full_high_concurrency,5,64,307.63,2387.984,256
lfm25,C128_O256,full_high_concurrency,5,42,255.079,2417.246,256
lfm25,C128_O256,full_high_concurrency,5,47,249.145,2411.013,256
lfm25,C128_O256,full_high_concurrency,5,65,267.078,2388.411,256
lfm25,C128_O256,full_high_concurrency,5,120,368.504,2320.27,256
lfm25,C128_O256,full_high_concurrency,5,22,235.807,2442.377,256
lfm25,C128_O256,full_high_concurrency,5,97,349.718,2349.789,256
lfm25,C128_O256,full_high_concurrency,5,41,257.008,2419.921,256
lfm25,C128_O256,full_high_concurrency,5,103,341.79,2343.04,256
lfm25,C128_O256,full_high_concurrency,5,17,242.909,2449.884,256
lfm25,C128_O256,full_high_concurrency,5,52,285.468,2407.988,256
lfm25,C128_O256,full_high_concurrency,5,5,211.852,2465.291,256
lfm25,C128_O256,full_high_concurrency,5,25,231.6,2439.875,256
lfm25,C128_O256,full_high_concurrency,5,80,330.45,2372.247,256
lfm25,C128_O256,full_high_concurrency,5,127,358.923,2313.284,256
lfm25,C128_O256,full_high_concurrency,5,8,208.433,2463.078,256
lfm25,C128_O256,full_high_concurrency,5,23,235.059,2443.645,256
lfm25,C128_O256,full_high_concurrency,5,20,240.007,2449.095,256
lfm25,C128_O256,full_high_concurrency,5,15,199.313,2454.991,256
lfm25,C128_O256,full_high_concurrency,5,100,345.958,2349.284,256
lfm25,C128_O256,full_high_concurrency,5,39,257.548,2425.589,256
lfm25,C128_O256,full_high_concurrency,5,124,362.273,2318.952,256
lfm25,C128_O256,full_high_concurrency,5,46,249.735,2418.233,256
lfm25,C128_O256,full_high_concurrency,5,123,363.628,2320.402,256
lfm25,C128_O256,full_high_concurrency,5,98,347.923,2353.194,256
lfm25,C128_O256,full_high_concurrency,5,30,224.881,2437.143,256
lfm25,C128_O256,full_high_concurrency,5,84,326.287,2371.456,256
lfm25,C128_O256,full_high_concurrency,5,82,327.21,2373.523,256
lfm25,C128_O256,full_high_concurrency,5,105,339.876,2345.882,256
lfm25,C128_O256,full_high_concurrency,5,19,240.149,2453.247,256
lfm25,C128_O256,full_high_concurrency,5,102,343.152,2349.436,256
lfm25,C128_O256,full_high_concurrency,5,83,326.436,2373.033,256
lfm25,C128_O256,full_high_concurrency,5,73,296.904,2385.879,256
lfm25,C128_O256,full_high_concurrency,5,96,350.932,2357.538,256
lfm25,C128_O256,full_high_concurrency,5,1,216.676,2475.502,256
lfm25,C128_O256,full_high_concurrency,5,48,289.299,2417.895,256
lfm25,C128_O256,full_high_concurrency,5,69,301.407,2391.282,256
lfm25,C128_O256,full_high_concurrency,5,90,317.752,2365.277,256
lfm25,C128_O256,full_high_concurrency,5,57,277.501,2406.954,256
lfm25,C128_O256,full_high_concurrency,5,55,279.893,2409.605,256
lfm25,C128_O256,full_high_concurrency,5,119,369.239,2329.069,256
lfm25,C128_O256,full_high_concurrency,5,109,373.228,2341.998,256
lfm25,C128_O256,full_high_concurrency,5,86,322.755,2370.987,256
lfm25,C128_O256,full_high_concurrency,5,117,371.982,2332.408,256
lfm25,C128_O256,full_high_concurrency,5,71,300.453,2390.148,256
lfm25,C128_O256,full_high_concurrency,5,110,372.704,2342.651,256
lfm25,C128_O256,full_high_concurrency,5,116,364.919,2334.752,256
lfm25,C128_O256,full_high_concurrency,5,38,260.127,2432.29,256
lfm25,C128_O256,full_high_concurrency,5,66,305.143,2397.412,256
lfm25,C128_O256,full_high_concurrency,5,104,341.237,2350.65,256
lfm25,C128_O256,full_high_concurrency,5,89,319.93,2369.448,256
lfm25,C128_O256,full_high_concurrency,5,35,261.958,2435.417,256
lfm25,C128_O256,full_high_concurrency,5,10,205.852,2467.975,256
lfm25,C128_O256,full_high_concurrency,5,16,244.258,2460.552,256
